artist,title,spotify_uri,original_lang,lyrics_in_en,length,translation_review_required
The Killers,Mr. Brightside,003vvx7Niy0yvhvHt4a68B,en,,1462,False
back number,怪盗,014Dp0tBp4d9uuFAvH1mlc,ja,"Then close your eyes for a moment
Hold on to my arm
Your smile from someone who steals it
I'm stealing you

Let's start the story without telling the name.
If you give me the signal to take you away

take you away from here
Through the night sky
Jumping over the city like a jewel
More than you could ever imagine
I'll show you the dazzling world
Just cross the sea
riding the spring breeze
Kick off the rainbow and scatter it in the sky
You can remain yourself today and tomorrow.
If I have you, nothing is impossible for me

I have to go now
Would you like to go back to the moon in a glass slipper?
No matter how you deny it
It remains wonderful

Me who met you
Comparing me to the person I was before I could meet you
I would like to write a paper on it
all your cells
I'm sure I can't convey how precious you are.
I'll prove you to yourself

I'll take you from now
Through the night sky
Jumping over the city like a jewel
More than you could ever imagine
I'll show you the dazzling world
Just cross the sea
riding the spring breeze
Kick off the rainbow and scatter it in the sky
You can remain yourself today and tomorrow.
If I have you, nothing is impossible for me
None",456,False
"TURY, CARABIN3",CHUCHA,01dFxiEOMTTzim5J3kytjA,es,"But I love you (Prr)
When I see her so we can hit the stuffed animal, my love
And I'm going to get him pregnant, so he knows, my love
Sabelona (Hey)
Hahaha
Hey, ah

Your cock wants to fuck and, maní (Manito)
And I don't drink, baby, I'm going to volley
I give him chimbo all night, his vice is me and blowing
He got tired of the little boyfriend who started to chatter (Prr-prr)
I-I-I am a killer fucking and fingering (Haha)
Ask around to see if I have an ugly chin (Never)
When I fuck them, they tell me: ""Tury, I piss myself"" (Hey)
He leaks milk from a nipple if his tits lick (Haha, filthy)
Haha, the kings of chirreo, my love, listen then
Ah, I put a finger in her ass so I leave her with dementia
The kings of chirreo, I say this from experience (Ah)
To volley your finger and hit songs, mommy, I have the science
After so much webcam browsing, I'm going to set up an agency
Oh, I have so many jokes that it already stresses me out
From fucking so many groupies, I feel like I'm lazy
Now to pick it up, it has to be gomela and strawberry
Or that he sucks my balls while he grabs my head (Hey)

The chimbitas wet the cuckoo when I ride the dragon
The car during rush hour so that it sucks in the traffic, hey
I didn't come down before he had a jolt
Your boyfriend is a mere lambón, I saw him on the street and what a shit (Pirobito)
The chimbitas wet the cuckoo when I ride the dragon
The car during rush hour so that it sucks in the traffic, hey (Yeah)
I'm not going to take him down before he has a blast
Your boyfriend is a mere lambón, I saw him on the street and what a shit (Gas, pyrobo)

He recorded it and shoots deep throat (Yeah)
I spit on it and it wants me to sink it (Let it sink it)
If I have a girlfriend, what are you asking?
Stop being picked on, sapa, bitch, bad-ass, slut, filthy (Ah)
I'm a Pinocchio liar (Yeah)
If I see a baboon, I'll put it in and pick it up (Pirobita)
I made the broken ones alone, armholes, a blunt and an 8 (Grr-paw)
When I have it stopped it seems that I got stuck in a 38
The coolest thing, I even put it in the shower with Roxy (Mommy)
If she takes it with both hands, it's because she sucks like a whore (Rude)
I ended up having a threesome with the sister and the cucha
Make it soft, my queen, dad suddenly hears us (Sh, sh)
I put it in the BodyTech bathrooms
I got him dressed up with some TN and black Nike Tech
With me she always throws the stream, I got her wrong
The boyfriend puts it in and says he doesn't feel anything with him

The chimbitas wet the cuckoo when I ride the dragon
The car during rush hour so that it sucks in the traffic
I'm not going to take him down before he has a blast
Your boyfriend is a mere lambón, I saw him on the street and what a shit (Hey)
The chimbitas wet the cuckoo when I ride the dragon
The car during rush hour so that it sucks in the traffic, hey
I didn't come down before he had a jolt
Your boyfriend is a mere lambón, I saw him on the street and what a shit, hahaha

(The chimbitas wet the cuckoo when I ride the dragon)
Hey
Pedre's baby, gas
(The car during rush hour so that it sucks in the traffic, hey)
you already know
With CARABIN3
(I didn't get off before he had a jolt)
Hey, tell me, Svnti, ah
(Your boyfriend is a mere lambón, I saw him on the street and what a creep)
Noah
Tell me, Jota
Tell me, Guelo
Grr-paw, haha
The new dawn in bed disrupts you
Tell me, Svnti
Tell me, Gordo
The new dawn, my love, CARABIN3
With Pedre's baby, gas
Directly from 24
Tell me, Jara, does he know?
Rude",3344,False
"Jung Kook, Jack Harlow",3D (feat. Jack Harlow),01qFKNWq73UfEslI0GvumE,tr,"One, two, 3D

I can't touch you through the phone
Or I can't kiss through the universe
In another time zone
It's the only time I can't take back
But when there are only two dimensions
There's only one thing missing
And if you feel lonely
You don't have to feel this way anymore

I just want to see you like this
Seeing it like that, uh-uh

If you're ready (If you're ready)
And if you let me (And if you let me)
I want to see it in action
in 3D
You won't regret me
Champagne confetti (Champagne confetti)
I want to see it in action
in 3D

'Cause you know how I love, girl (Girl)
3D (Woo)
You know how I love, girl (Girl)
3D (Woo)

Body to body, body to body, body to body
You and me, baby, you know we can handle it
So don't even get me started
Because you know my heart gets hot easily
Baby, oh, baby, oh, baby, you're driving me crazy
Rain, rain, rain, you can't hide
You gave me a brand new feeling
You made me drink that potion

I just want to see you like this
Seeing it like that, uh-uh

If you're ready (If you're ready)
And if you let me (And if you let me)
I want to see it in action
In 3D (Hey, show me now, girl)
You won't regret me (You won't regret me)
Champagne confetti (Champagne confetti, hey)
I want to see it in action
In 3D (Come on, come on, come on)

'Cause you know how I love, girl (You know how I love)
3D (Hey, woo)
You know how I love, girl (You know how I love)
3D (Woo)
'Cause you know how I love, girl (Oh, you know how I love)
3D (Woo)
'Cause you know how I love, girl (Girl)
3D (Woo)

I'm in Jung Kook mode, I grab chicks with just one look
And once they're taken they can't be taken back (Woo)
When I see that body, you think it's a dead body
I said to our children, ""Come and see.""
I used to take the girls to Stony Brook
And I'd steal their hearts like a thief, a true story
Now when I hold someone's hand, it's a new story
All my ABGs are cute to me
I had a girl (A girl), so boring
Two girls (Two girls), that suited me
Three girls, wow, the guy is horny
Four girls, okay, you're bitching now
(Hey, hey, hey) I'm loose
I made good use of these mushrooms.
I carried my city on my back
And the world knows my name, I'm real

If you're ready
And if you let me
I want to see it in action
In 3D (Ooh)
You won't regret me (You won't regret me)
Champagne confetti (Champagne confetti)
I want to see it in action
In 3D (Show me, girl, now; why?)

'Cause you know how I love, girl (You love it, right?)
3D (Woo)
You know how I love, girl (Okay, okay)
3D (Woo, woo)
'Cause you know how I love, girl (You know how I love, Spy Kids)
3D (OK)
'Cause you know how I love, girl (Girl)
3D (Woo)

I made you play with yourself on camera
You're my lover, like Tampa
If we talk about money, I've got it
And the ones I care about, well, I don't have any
And bitches, well, are you sure you want to know? I thought so too
I'll fly you from Korea to Kentucky
And you don't need to guarantee me anything, I just want to try my luck
I just want to meet you physically and see if you'll touch me",3257,False
"Omar Courtz, Dei V, Clarent, Tito ""El Bambino""",$UELTA GATITA $UELTA,01xWRzLhSgANX9CGgBzssk,es,"Te-Te-Te-I'm going to give you more heat
I'm going to give you more candle
Te-Te-Te-I'm going to give you more heat
I'm going to give you more candle (Oh, daddy)
Mommy, tell him
Come on!

Let go, kitten, let go
Let me see you, take a look
You see that you're an expert
Devil, mommy, damn, I want to grab your ass and your tits'
Sue-Sue-Let go, kitten, let go
I notice you were losing, tell me what you invented
Let me look at you, turn around, hey
You tempt me, mommy, you tempt me, hey (I'm going to give you more heat)

He goes out for the disco and hits it to the floor
She does what she wants, she doesn't ask permission.
And it is not for commitment
With her 'friend' she does a threesome
The bellaquera gives him for season
Baby, you ask, what's there
I'll climb on top of you, I'll give you a ride
She is in her prime
Everything you wear is design
Mommy, you are one of a kind (Eh)
If I'm with you and someone else calls me, I decline (Ah, hey)

Woh-oh-oh
Wrapped in the note of alcohol, you and me, baby, bellaqueándono
You just tell me and we'll go'
That in the suite I'm going to do everything for you
Woh-oh-oh
Wrapped in the note of alcohol, you and me, baby, bellaqueándono
You just tell me and we'll go' (Eh)
underwater

Let go, kitten, let go (Hard)
Let me see you, take a look (Hard)
You see that you're an expert
Devil, mommy, damn, I want to grab your ass and your tits'
Sue-Sue-Let go, kitten, let go
I notice you were losing, tell me what you invented
Let me look at you, take a look, hey
You tempt me, mommy, you tempt me, hey (I'm going to give you more heat), hey

Let go, sata, sata face
He has a cat and he has a cat, looking at me he gives himself away
I made it for the fat ones and the skinny ones
Dance for me there, the chorus covers us
I know you 'e ante', as if it were ante'
Mommy, dance for me, steal a kiss from you, touch you so delicious (Oh, daddy)
Wadding- Wadding- Wadding- Wadding- Wadding uh (Hard)
The babies move their cu
And if they turn on me, I'll take them to Cancún (Hard)
'You're listening to those of the moment (Hey-yeah)
'We are in the corner, it seems that we are' in the center
Wadding- Wadding- Wadding- Wadding- Wadding uh (Hard)
The babies move their cu (Hard)
We arrive at the disco and they put us in the trunk
'You are listening to those of the moment
Your ga—, your cat has seen how many I come in with (Gra-gra, boom, boom, boom, boom)

My 27 are going down (Brr)
I don't miss a bullet from afar, 'I don't see the 30th floor (I see)
I'm a surprise, I'm Santa on the sleigh (Eh)
I fuck them and then, baby, I don't see them
Baby, what do you want? (What do you want, girl?)
There's so much crazy in your DM (Crazy, baby)
You walk with those who have it, with those who carry it
Today you—, today you—, today you—, today you—
Today you get older'
Try this tussi, baby, so that you dare'
Bastard, what happened?
I have the Glock in my bag 'e tu girl
From the front you look better, put me in your cave (Hard)
Come on, test me
Baby clap that ass (Eh)
'Toy in my Birkin bag (Dale)
6 a.m. m. with my perky dance (Da-Dale)
Expensive gifts, not Vans gifts (Haha, come on)
I don't care if he tells me he's a fan (Yeah)

Let go, kitten, let go (Yah)
I notice you were losing, tell me what you invent (Invent)
Let me look at you, take a look (What did you do?)
You tempt me, mommy, you tempt me, ah (El Patron!)
Let go, kitten, let go
I notice you were losing, tell me what you invented
Let me look at you, take a look, hey
Let go, kitten, let go (I'm going to give you more heat)

I present to you (I'm going to give you more candle)
To the stars that are not shooting
Omar Courtz (I'm going to give you more heat)
Dei V
Clarent
Hahahaha! (I'm going to give you more candle)
The Money Society
The Pattern! (I'm going to give you more candle)
Tito ""El Bambino"" (I'll give you more light)
Don't worry, there's no one for anyone (I'm going to give you more heat)
Your mission has been unique (I'm going to give you more fire)
Break every stage in the world (I'll give you more candle)
Sincerely, El Patrón, haha (I'll give you more heat)
And you don't break a track like this (I'm going to give you more heat)
The platform breaks them (I'm going to give you more candle)
Don't invent, you're not in this league' (I'm going to give you more heat)
(I'm going to give you more candle)",3883,False
"Saja Boys, Andrew Choi, Neckwav, Danny Chung, KEVIN WOO, samUIL Lee, KPop Demon Hunters Cast",Soda Pop,02sy7FAs8dkDNYsHp4Ul3f,ko,"Hey, hey
Hey, hey
Hey

Don't want you, need you
Yeah, I need you to fill me up
Even if I drink and drink
I'm not satisfied
Got a feeling that, oh, yeah (Yeah)
You could be everything that
That I need (Need), taste so sweet (Sweet)
Every sip makes me want more, yeah

Lookin' like snacks 'cause you got it like that (Woo)
Take a big bite, want another bite, yeah
I want everything about you, I want it, I want it
Everyone but you is obvious, obvious, obvious
When you're in my arms
I hold you so tight (So tight)
Can't let go, no
No, not tonight

look at me right now
There's no time
you're mine already
You know
'Cause I need you to need me
I'm empty, you feed me
So refreshing
My little soda pop

You're all I can think of
Every drop I drink up
You're my soda pop
My little soda pop
Cool me down, you're so hot
Pour me up, I won't stop
You're my soda pop
My little soda pop

My little soda pop
[Verse 3: Baby, 
[Abby]
Uh, make me wanna flip the top
In one sip you hit the spot
Every little drip and drop, fizz and pop, ah
It gives me goosebumps, it’s gettin’ hot
Yes, I'm sippin' when it's drippin' now
Is it done? I need a second round
And pour a lot and don't you stop
'Til my soda pop fizzles out

You, who I pictured in my dreams
i can never miss
I really want you
I waited so long for a taste of soda
So, the wait is over, baby
Come and fill me up
Just can't get enough
Oh

You're all I can think of
Every drop I drink up
You're my soda pop
My little soda pop (Yeah, yeah)
Cool me down, you're so hot
Pour me up, I won't stop (Oh, oh)
You're my soda pop
My little soda pop

Ooh, ooh
Ooh, ooh
You're my soda pop
Gotta drink every drop",1537,False
Don Toliver,ATM,03auLpFLdCv4HozP4pQseu,en,,2650,False
"Waka Flocka Flame, Roscoe Dash, Wale",No Hands (feat. Roscoe Dash & Wale),03tqyYWC9Um2ZqU0ZN849H,en,,4170,False
a-ha,Take on Me,04aigH9HRGebQZu1JAN6X1,en,,933,False
Vaundy,Tokyo Flash,04e72JtsOIIlHUQ7CvWwvX,ja,"Vaundy “Tokyo Flash” lyrics

I got better at aitsu
It's done It's done
Ah, you're good too
They attacked me without a signal.
Not bad Not bad
Ah, are you okay?

Stay, stay here for you
Show me your fake smile. Show me your smile.
Looks like you have stage 4 cancer
Is it okay to have sexual love beyond your age?

Tokyo flash when you wake up
Where should I go? Where should I go? It doesn't change.
Tokyo Flash If I hold hands with you
It doesn't matter where I go, where I go
tokyo flash

I loved you on the cliff
It's done. It's done.
Ah, it's deep today too.
It's a fragmented and simple story.
Not bad Not bad
Ah, that's enough

Stay, stay here for you
Show me your fake smile. Show me your smile.
Looks like you have stage 4 cancer
Is it okay to have sexual love beyond your age?

Tokyo Flash When You Wake Up
Where should I go? Where should I go? It doesn't change.
Tokyo Flash If I hold hands with you
Where should I go? Where should I go? It doesn't change.
tokyo flash

I think I should just stop, but
Your smile and gestures have become a habit.

Tokyo flash when you wake up
Where should I go? Where should I go? It doesn't change.
Tokyo Flash If I hold hands with you
Where should I go? Where should I go? It doesn't change.
Tokyo flash when you wake up
Where should I go? Where should I go? It doesn't change.
Tokyo Flash If I hold hands with you
Where should I go? Where should I go? It doesn't change.
tokyo flash",676,False
"Morgan Wallen, Tate McRae",What I Want (feat. Tate McRae),04emojnbYkrRmv5qtJcgVP,es,"She said, ""You don't want this heart, boy, it's already broken.""
He told me that everything he touches turns into smoke
He only stays a couple of nights, then he leaves
And I said, ""Baby, you should know that's what I want.""

That's what I want, that's what I want
That's what I want, that's what I want, that's what I want
what i want

Nah, you don't have to worry about trust issues with me
I have them too, I have them too
Nah, you don't have to worry about crazy ex-girlfriends
I have them too, you know it well

If you are in a hurry
Nah, you're not going to hurt me tonight
And it won't be the worst
If this is all there is, and in the middle of a kiss

She said, ""You don't want this heart, boy, it's already broken.""
He told me that everything he touches turns into smoke
He only stays a couple of nights, then he leaves
And I said, ""Baby, you should know that's what I want.""

That's what I want, that's what I want (That's what I want)
That's what I want, that's what I want, that's what I want (That's what I want)
That's what I want (Oh)

No hard feelings if you just want to act like lovers do
For a night or two (Oh, oh, yeah)
And sometimes in the morning, we become like two strangers again (Hey, yeah)
that they never met

Baby don't worry
You're not going to hurt me tonight
And it won't be the worst
If that's how things are (I said), and he (she) kissed me again

And said, “You don't want this heart, boy, it's already broken.”
He told me that everything he touches turns into smoke
He only stays a couple of nights, then he leaves
And I said, ""Baby, you should know that's what I want"" (What I want)
She said: “You don't want this heart, no, it can't be fixed” (Ah, yeah)
And I'm not ready to try on a night like this
But if you still want to stay, there's nothing wrong (No, there's nothing wrong)
And I said, ""Baby, you should know that's what I want.""

That's what I want, that's what I want
That's what I want, that's what I want, that's what I want (Ooh)
That's what I want, yeah, yeah (Oh, yeah, yeah)
That's what I want, that's what I want (Ooh) (Mm, yeah)
That's what I want, mm-mm

Hey, yeah, uh
That's what I want, that's what I want",2214,False
Kenshi Yonezu,Lemon,04TshWXkhV1qkqHzf31Hn6,ja,"​

How good would it have been if it were a dream?
I still dream about you
Like going home to get something you forgot
dust off old memories

That there is happiness that will never return
finally you told me
The dark past that I hid without being able to talk about it
Without you I'll be in a dark place forever

I'm sure I won't get hurt any more
I know it won't happen

Even the sadness of that day, even the pain of that day
I loved all of it with you
The bitter lemon smell that stays in my heart
I can't go home until the rain stops
You are still my light

I traced your back in the dark
I remember its outline clearly
Every time I encounter something I can't accept
The only thing that doesn't stop overflowing is tears

What were you doing? What were you looking at?
With a profile that I don't know

Somewhere, you're just like me right now
If you're in tears, feeling lonely
Please forget about me
The more I sincerely wish for that
You are still my light

than I think
To you who was in love
As I have thought since then
I can't breathe
Even though I was by your side like that
It's like a lie
so unforgettable
That's all for sure

Even the sadness of that day, even the pain of that day
I loved all of it with you
The bitter lemon smell that stays in my heart
I can't go home until the rain stops
Like one half of a cut fruit
You are still my light",581,False
"Bizarrap, J Balvin","J Balvin: Bzrp Music Sessions, Vol. 62/66",04YMLAsyIAe1sLb6RO5YcC,es,"For fun, I just did it for fun
For fun, for fun
For fun, I just did it for fun
For fun, for fun

When I thought that I had finally forgotten you, your photo appeared
My eyes watered, my look changed (For fun, for fun)
And at the end of the day, it may be the reason why I'm still alone (For fun, for fun)
Because after everything (For fun, I just did it for fun), I haven't forgotten you anything (Nothing; for fun, for fun)

And the one who forgot me, forgot that she forgot me
And the one who forgot me, forgot that she forgot me

I feel like your name is in all my thoughts
I can't see you but you are like the wind that takes everything away
And you as if nothing happened (For fun, for fun)
I'm lying if I say that I no longer have feelings.
I lack memory and I have plenty of memories
I should hate you but I don't feel like it (For fun, for fun)

And the one who forgot me, forgot that she forgot me
And the one who forgot me, forgot (J Balvin, man)

I want you to at least remember me as something good (Ah)
Don't forget the way we do it' (Ah)
If I say it, it's going to sound kind of obscene
But, ma, if you want, we'll see you and we'll solve the problem.
And if not in this life, hopefully in another we won't find each other
And if not (
Fly, fly
)
I'm going to let you fly in another direction (
In another direction
)
I'm going to drink listening to Omar Geles
I'm going to download the photos that one day I uploaded to the networks (For fun, for fun)
Look how bad you have me
You kill me with this

I feel like your name is in all my thoughts
I can't see you but you are like the wind that takes everything away
And you as if nothing happened (For fun, for fun)
I'm lying if I say that I no longer have feelings.
I lack memory and I have plenty of memories
I should hate you but I don't feel like it (For fun, for fun)

And the one who forgot me, forgot that she forgot me
And the one who forgot me, forgot that she forgot me

J Balvin, man
Bizarre
(For fun, for fun)",1811,False
Ella Langley,Be Her,05CjWFAcAlY6O9po6Qwakk,en,,1637,False
sombr,12 to 12,05od2qm2MTSKCHxy1GBp5W,en,,1730,False
C. Tangana,Mala Mujer,067QpM2xLhK24hTiovC3Zo,es,"(Your-your-your-your, your gel nails)

Bad woman, bad woman
Your gel nails have left scars all over my body.
Bad woman (Bad woman), bad woman (Bad woman)
Your gel nails have left scars all over my body.
(Let's go)

I have sworn to myself thousands of times, thousands of times
I was going to erase that trace, forget your pain
(Ma-ma-bad woman)
I'm a dog lost in the street, lost in the street
Feeling that any breeze drags me to your smell

Just because you're gone (That's what), I want to lose my senses (That's what)
And I dance drunk, lost, desperate
(I'm desperate)
Just because you're gone (That's what), I want to lose my senses (That's what)
And I dance drunk, lost, desperate

Bad woman, bad woman
Your gel nails have left scars all over my body.
(Your-your-your-your, your gel nails)
Bad woman, bad woman
Your gel nails have left scars all over my body.

And now I am, desperate (Desespera'o!), desperate (Desespera'o!)
Lost drunk dance, desperate
And now I am, desperate, desperate
Lost drunk dance, desperate

Bad woman, bad woman, bad woman (Ay, ay)
Bad woman (Bad woman), bad woman (Bad woman)
Your gel nails have left scars all over my body.
(Let's go)

The first time I saw that body move
A Dellafuente song was playing
A burst of sweat soaking my forehead
Her nails shined, people looked at her (That's it!)
Hair down to the ass and chin high
I did it slowly to the rhythm of the song
I was in the booth preparing the show
But I wanted to get off and rip off the crop
When I saw her dancing, she felt like she was losing inside herself
When I saw her dancing, I should have run away from there
But I saw her dancing, and I couldn't contain myself
And now I'm crying and she's dancing, bad woman

What you are is a thief
that you have led me to ruin
You have taken my heart, my pride, my money, my peace, my life
What you are is a thief (Thief!)
That you have led me to ruin (To ruin!)
You have taken my heart, my pride, my money, my peace, my life

Bad woman, bad woman
Your gel nails have left scars all over my body.
(Your-your-your-your, your gel nails)
Bad woman (Bad woman), bad woman (Bad woman)
Your gel nails have left scars all over my body.",2290,False
"Anuel AA, Bad Bunny",Hasta Que Dios Diga,06s3QtMJVXw1AJX3UfvZG1,es,"Brr
Today the night is ending, you naked in my bed (Bed)
Last night I dreamed of you (I dreamed), and I was left with the winnings (Winning; uah)
Baby, turn off the cell phone I want to enjoy you
I'm not going to answer him, no, yeah (Yeah-yeah)
And that suit looks good with your buttocks' tight'
But it's time to remove it

Hey, today the night is yours and mine (Yours and mine, yeah-yeah)
The light is off, but you are on
The note tells me to continue (It tells me that—)
I'm going to give you until Dio says, hey (Brr)
Today the night is yours and mine (Uah)
The light is off, but you're on (Uah)
The note tells me to continue (To continue)
I'm going to give you until God says (Uah)

'You're so hard that even Ricky Martin wants to give you (Give you)
You arrive' and these whores start to envy you (Envy you)
Your cat says it's real, but he lies to you (Brr)
I'm real, I'm real to death, yah
Why is that boy of yours jealous? ('You're jealous)
And that lip' down there 'so juicy' (Juicy')
Baby, tonight is about us' (Of us')
And that totito in my mouth is chewy, hey (Chicloso)
May the Virgin and Jesus Christ not forgive
It was that I saw you, I tripped over your little ass
Baby, don't compare me 'cause I never compete
Mayweather is not going to climb into the ring with Margarito (Brr)
I just want to twerk you, tie you in bed
Bite you and lick all your parts
Talking rude things in your ear (Russian words)
Your love is his, but in sex you are mine, yah-yah (Brr)

Today the night is yours and mine
The light is off, but you are on (Eh)
The note tells me to continue (It tells me to continue)
I'm going to give you until Dio says (Until—; uah-uah)
Today the night is yours and mine (Yours and mine, baby)
The light is off, but you are on (Uah)
The note tells me to continue (Uah)
I'm going to give you until Dio says (Yeh-yeh-yeh), hey (Brr)

That ass is bastard, mommy, you're blessed (Amen)
I touched you and it was wet (Hey)
To fuck you don't have to be together for life (No)
Let's let the moon decide today (Wuh)
Because we're 'arrebatao' (Arrebatao'; hey)
And you're a badass, I've already noticed it' (I've noticed it'; hehe)
Your cat always takes everything (haha; hey)
And I at 40 thousand feet in the jet trepao' (Wuh!)
You are my Lady Gaga, I'm your Bradley Cooper
She swallows it (Swallows), and spits it out at me
You want to eat me, I always knew it
If you want, I'll buy you the Range or the Mini Cooper (Wuh!)

And I bought you a Gucci babydoll (Gucci)
So I can put it on you with the Prada heels (Ah-ah)
I see you typin', but you don't send' anything
Give me the location and wait for me at the entrance, hey
I bought you a Gucci babydoll (Gucci)
So I can put it on you with the Prada heels (Ah-ah)
I see you typin', but you don't send' anything
Send me the location and wait for me at the entrance, hey

Today the night is yours and mine
The light is off, but you are on
The note tells me to continue
I'm going to give you until God says (Uah; brr)
Today the night is yours and mine (Uah)
The light is off, but you are on (Uah)
The note tells me to continue (To continue)
I'm going to give you until God says

Hey; brr
Real, real (Yeh-yeh-yeh-yeh)
Real until death, baby (Yeh-yeh-yeh-yeh)
Real until death, baby
Bad Bunny, baby, eh, eh, eh
Bad Bunny, baby, yeah-yeah
Anuel
Chris Jeday
Ga-Gaby Music
Mera, tell me Nino
Yeah-yeh
Sweet Like Candy
Yeah-yeh (Real to death, baby)
The king and the god, did you hear? (Real to death, baby)
Brr
Mera, tell me Frabian
Real until death
(Yeh-yeh-yeh
Tell him that you are mine
The light is off, but you're on, it's on
The note tells me to continue
I'm going to give you until Dio says)
Yeah-yeah-yeah-yeah",3498,False
"Ulises Bueno, DesaKTa2",No Puedo Fingirlo,06WyITrA2pZJT5Nt79AOrb,unknown,,0,False
tuki.,晩餐歌 - Bansanka,075HUD50Nuea3rNaABIsNZ,ja,"I'll make you cry, so I can't be with you
I want you to forget quickly because I'll make you cry
I'm human, so I want to eat different things sometimes.
Because I'll make you cry Yes, I'll make you cry

But it's bland, isn't it?
I want to see you.
I don't want to see anyone but you
How selfish
It's mostly vague
Proof of the existence of love
can you tell me

Something I can't get no matter how many nights I spend
Please line up the words ``I love you''.
Something I can't get no matter how many nights I spend
Enjoy the best full course

I'm sure it won't last forever because I'll make you cry
My heart hurts so much because I make you cry
Because we're human, sometimes we don't understand each other.
I'll make you cry, I'll make you cry again

But I'm not confident
You don't want to change, right?
I don't want to see anyone but you
How selfish
It was all vague
Proof of the existence of love
Even though you're there

Something I can't get no matter how many hundreds of nights I spend
Please line up the words ``I love you''.
Something I can't get no matter how many hundreds of nights I spend
Enjoy the best full course

The one who stayed by my side without leaving me
In the end you were the only one
The spice of tears is in your heart
It will probably remain though

Even if I spend a thousand nights, I can't get it
I'll line up the words ""I love you""
Even if I spend a thousand nights, I can't get it
The best full course
No matter how many tens of thousands of nights I spend, I'll never forget it
I'll line up the words ""I love you""
No matter how many tens of thousands of nights I spend, I'll never forget it
Enjoy the best full course",615,False
Laufey,Promise,08PdFBcXzpkn1cWNgmKqhn,en,,823,False
李浩瑋 Howard Lee,無垢,08VBl78Lgs7VIEzCL1Btyv,unknown,,0,False
Justin Bieber,Sorry,09CtPGIpYB4BrO8qb1RGsF,en,,1681,False
"Midnvght, ROA, Mora, Eladio Carrion, Clarent, Finesse",Falsas Promesas (Remix),09djeJtz8wrtQFs5YtwgD4,es,,6118,False
Ñengo Flow,En Las Noches Frias,0a0JiZejbYYem1W31fldde,es,"Real G4 Life
You know, Lester
Gotay
Pain Digital, Pain Digital
Hey, John Jay, the supreme lyrical killer
The Dream Team is very heavy, baby

I have the key at your exit in case you are lost
He sends me from above, but it keeps turning on'
Daring, you want to do it
Put your body together and don't pretend anymore
I know you well, I also know very well what you give
Mommy-mommy-mommy, if you turn me on, don't back away
And let it devour you (Haha), you're going to make me fall in love
And if I put it on, I take it on my shoulder
I make it ready, inside I hide it
I'm not here to play, stop crying
Don't eat shit to hurt us (Ah)
She is a warrior of the same battle
Whenever he pulls me, he never and never fails
I do it in the sand, on the shore, on the beach
So that you never forget your little boy 'e Baya
How do you feel? I don't want to ask you anything else for today
And I just hope that you tell me the truth of the situation
You get badass (Bellaca) when my song plays

Bri-bi-ba, let's hit it hard
Hard for it to turn on
I'll make it very clear to you so that you understand me clearly.
I'm going to give you a hard time so that you don't regret it
On cold nights, I know my name lies
Seeking refuge, you're stuck up
You're not going to convince me, today you have to see me (Haha)
Just, mommy, it's a ""solve""
You're going to have a good time when you start getting to know me
I'm going to give you a hard time so that you don't regret it
On cold nights, I know my name lies
Seeking refuge, you're stuck up
You're not going to convince me, today you have to see me (Haha)
Just, mommy, it's a ""solve""
You're going to have a good time when you start getting to know me

So let's go away, let the breeze follow us
It was that I found you when you were lost
A-a-a-friend, I'm going to give you whatever you ask for'
To treat you well, something special in your life
Today you're lucky, I want to enlighten you
I'm going to hit you hard, you are apart
You will never forget these times
Just by kissing me you steal my breath, and I'm not lying

I took her by surprise, my anesthesia is her lips
She gets really crazy when she hears me on the radio
Your body is my soul, give me calm
In my mind I have a bomb, why don't you disarm it?
But do it quickly, before the alarm goes off.
Before I burst, let's see if it saves me

I'm going to give you a hard time so that you don't regret it
On cold nights, I know my name lies
Seeking refuge, you're stuck up
You're not going to convince me, today you have to see me
Just, mommy, it's a ""solve""
You're going to have a good time when you start getting to know me
I'm going to give you a hard time so that you don't regret it
On cold nights, I know my name lies
Seeking refuge, you're stuck up
You're not going to convince me, today you have to see me
Just, mommy, it's a ""solve""
You're going to have a good time when you start getting to know me

Ñengo Flow, hahahahaha
Kevin (Oh shit)
Yeah-yeah
You know what there is
Real G4 Life
Millions Records, haha
Full Records (What's up, W?)
The ""L"" lit up
John Jay
oh shit
Hey, pa' Chile
For Mexico, for the whole world, yo-yo
Shadow, what's up, baby? Hey-yo
Giving it hard, very hard (Sounding humble, too much, too much)
Giving it hard, mai, as it's supposed to (What happened?)
Giving it hard, very hard
Giving it hard, mai, as it's supposed to (He says, he says, he says, he says)
I'm going to hit you hard, mommy, so that you feel it'
On cold nights I know that my name lies",3273,False
Arcángel,Hace Mucho Tiempo,0a6ogDrZBvYgDjILgsQVaJ,es,"Uh, uh-uh-uh
Uh, uh-uh-uh, uh, uh

I have wanted to meet you for a long time (Yes)
Look, they have spoken to me well about you
I saw you so much in my dreams that I already want to have you
Alone, exclusive for me (-siva for me)
I have wanted to meet you for a long time
Look, they've spoken to me well about you (Aha)
I saw you so much in my dreams that I already want to have you (Baby; have you)

Red wine, sea water
On the coast of Norway, an aurora borealis
Phenomenon in the sky difficult not to look at
That's how she is, wonderfully beautiful
A history of beauty as a monument in Greece
Classic as Venice canal
Fine, distinguished by its elegance
In her eyes you can see glamor in abundance
She has what others lack
She is one of those women who stands out
And if I don't have her
I want someone like her who gives me affection

I have wanted to meet you for a long time (Yes)
Look, they have spoken to me well about you
I saw you so much in my dreams that I already want to have you
Alone, exclusive for me (-siva for me)
I have wanted to meet you for a long time
Look, they've spoken to me well about you (Aha)
I saw you so much in my dreams that I already want to have you (Baby; have you)

And I gently feel that your body consumes
Slowly like smoke
You arrived precisely, mom, at the right time.
Like hot chocolate for breakfast (Aha)
Like the sun when it rises in the morning
And its rays penetrating your window
From afar I feel your immense affection
From afar I feel your intense heat, prra
You are valuable like gold in a mine
Hard as the Great Wall of China
I've never seen you, mommy, but I know you
I know because when I dream I see your face, baby

I have wanted to meet you for a long time (Yes)
Look, they have spoken to me well about you
I saw you so much in my dreams that I already want to have you
Alone, exclusive for me (-siva for me)
I have wanted to meet you for a long time
Look, they've spoken to me well about you (Aha)
I saw you so much in my dreams that I already want to have you (Baby; have you)

Yep, now yes, well done
I am and will continue to be ""The Wonder""
The Marash (Ark)
Sentiment, Elegance and Evil",2053,False
"Kendrick Lamar, Lefty Gunplay",tv off (feat. lefty gunplay),0aB0v4027ukVziUGwVGYpG,tr,"A black Grand National was all I wanted
Give 'em what they want, fuck being sensible

It's not enough (Ayy)
A few solid dudes left, but not enough
A few truly loyal women, but not enough
You say I'm older than you, but it's not enough (Huh)
I'm shitting in their mouth, yeah, someone's gotta do it
I'm gonna make them crazy, yeah, someone's gotta do it
I get that G-pass, fuck, watch a man do it
Huh, we survived the streets, it's all thanks to music, what the hell?

They say, ""What is he after?""
This is Alpha and Omega, bastard, welcome home
This is not a song
It's a revelation, showing how to destroy the guy
You need a man, baby, I don't understand, baby
I can pay your bills and make you feel safe, baby
If you need fixing I'll teach you right, that's the plan, baby
Don't leave your life in the hands of these corrupt bastards, baby (Woah)

It's not enough (Ayy)
A few solid dudes left, but not enough
A few truly loyal women, but not enough
You say I'm older than you, but it's not enough (Huh)
I'm shitting in their mouth, yeah, someone's gotta do it
I'm gonna make them crazy, yeah, someone's gotta do it
I get that G-pass, fuck, watch a man do it
Huh, we survived the streets, it's all thanks to music, what the hell?

Hey, turn off the TV
This isn't your type of work, is it? Don't get involved then
Hey, what, huh, how many should I send? Send them all
Take a risk or take a pill, you know I'd do anything for my dog
Who are you with? A few sergeants and lieutenants for revenge
This revolution was televised, I dealt with nonsense
Hey, young man, pull yourself together, yeah, I'm serious
Hey, if they cross the line, you'll be scared, I did it
Hey, what the hell, though?
I hate a whore who hates a whore and they're both bad
I hate these men who hate these men and they're both poor
If you didn't come for money, what did you come for?
This guy thinks he's something because he's known me since childhood.
Bastard, I'll even erase my grandma if she crosses me, hm
Big mouth but small thoughts
Send it to the moon, that's just what I feel, I'm screaming

It's not enough (Ayy)
A few solid dudes left, but not enough
A few truly loyal women, but not enough
You say you're older than you, but it's not enough


huh
Huh, huh
Hey
Hey (Mustard on the beat, ho)

Mustard
Guys are raving, but someone's gotta do it
My foot's on the gas, but someone's gotta do it
Huh, turn that TV off, turn that TV off
Huh, turn that TV off, turn that TV off
Huh, turn that TV off, turn that TV off
Huh, turn that TV off, turn that TV off

There ain't no more kings in this rap business, like brothers
There's nothing but my children, one shot, they're gone
I'm in a city with a flag, I'm thrown around like pass interference
Padlock around the building
Bump, I'm coming in a civilian car to play tag
As if we were creditors
So when I made it I got fifty grand from a show
I teach guys how to hold the end of the rope without hanging from it.
I'm a seer, what I see is what they talk about
It's only good for not blushing, we've seen the cosmetics.
How many heads do I need to buy to level up?
Hurry up and muscle-up, our exercise is plyometric
By Nikarana luxury, when I reach the highest metric 
The city couldn't be sweeter, you could die, I bet
Their mouths are full of lies, let these cowards tell them
L.A. I came to New Orleans with manners, I'm shouting

Mustard (Oh, man)
Guys are raving, but someone's gotta do it
My foot's on the gas, but someone's gotta do it
Huh, turn that TV off, turn that TV off
Huh, turn that TV off, turn that TV off
Huh, turn that TV off, turn that TV off
Huh, turn that TV off, turn that TV off

Things get crazy, scary, scary, funny
Crazy, scary, spooky, funny
Things get crazy, scary, scary, funny
Crazy, scary, spooky, funny
Things get crazy, scary, scary, funny
Crazy, scary, spooky, funny
Things get crazy, scary, scary, funny
Crazy, scary, spooky, funny",4112,False
"王赫野, 姚晓棠",最后一页 - Live,0ahuxmprOO8tfKpG5Sgkt2,unknown,,0,False
Plan B,Fronteo,0AXKoQuC2NQ8S2QRF0Gu02,es,"Your guille mommy, that's what kills me
You stand out above the rest
Your shine when it comes out dull
They want to compete with you and they don't give it
(They want to compete with you and they don't give it)

That border looks good on you
You look skinny everything he puts on you
All your women get jealous
You cause envy on the street when they see you
Well around here no one has your bearing
And your way of wrapping men'
They throw me looking for someone to fall in love with
But no one can surprise this kitten

That border looks good on you
A- You have left—
A- A- That border looks good on you
A- You have left—

On Instagram he puts a photo
And the men are crazy
Picu'a, I like your message very frontu'a
With little clothing posing almost naked
You enjoy seeing how they make advances to you
Piquetu'a, I just want to see if you act'
You fall in love but it almost never lasts
You suit me because you also make a bill' (Ha, ha, ha)
I know that you are looking for someone who is at your level
May it have foundation, may it always be attentive
Ghetto style, numbers expert
Let him live producing at a high volume
Owner of your dreams, owner of your actions

That border looks good on you
You look skinny everything he puts on you
All your women get jealous
You cause envy on the street when they see you
Well around here no one has your bearing
And your way of wrapping men'
They throw me looking for someone to fall in love with
But no one can surprise this kitten

They are pulling you, searching
But you send them away and pay no attention
Ignore, you flee from failure
They got no movie, no money, no rank
They have no style, no fronteo, no side
They envy me because what's yours and mine is from a while ago
You like to see, mommy, how I kill him
You are good but you like bad kids'
Today everything is priced, always looking very expensive
Your clothes, your garment, your life in the stores
Time for your body, someone fixes your hair
With a picket on your bus and the guards stop you
But they don't give you a fine because by talking you'll earn them'
On the way to the beach with the girls
They are the most who drink and do not get drunk
They are the most they pretend, they are the heaviest'
Showing off the new

That border looks good on you
You look skinny everything he puts on you
All your women get jealous
You cause envy on the street when they see you
Well around here no one has your bearing
And your way of wrapping men'
They throw me looking for someone to fall in love with
But no one can surprise this kitten

Chencho and Maldy (Aha)
On the Tainy track (Su)
Plan B is Plan B
Because nothing has changed
The street remains the same (So)
The Society (Hey)
Pina Records (Uh-huh)
Duran the Coach
Love & Sex",2567,False
SPITZ,楓,0b7IBgZjedM53ufZV4f4CL,ja,"I won't forget you, even if time passes
naughty interactions
Even the thorns in my heart, as long as you smile
It was small and rounded

From the hole we looked into one after the other
What were you looking at?
I can't make it come true alone
I had a dream too

Goodbye, I'll hold your voice and walk away
Ah, just as I am, how far will I reach?

I was looking for you until the day I met you
Words that are nostalgic now
On the other side of the glass is a cloud of polka dots
Until that day when it was a mess

I feel like I'll be blown away by the wind
With light energy
Have the same happiness as others
I believed it

Even if I get hurt or hurt someone from now on,
Ah, I wonder how far I'll reach just the way I am

The season is so long that it blinks
The names we call each other begin to echo
Can you hear it?


Goodbye, I'll hold your voice and walk away
Ah, just as I am, how far will I reach?
Ah, I'll walk holding your voice
Ah, just as I am, how far will I reach?
Oh your voice...",398,False
Bruno Mars,When I Was Your Man,0B7wvvmu9EISAwZnOpjhNI,en,,1525,False
"Don Omar, Plan B",Hooka,0BenZn1xELuxhb7Pjwyjxv,es,"Hookah!
Plo-plo-plo-plo-plo
The Orphanage!
Okay, Chencho and Maldy
Plan B
Pina Records
The King
Don
The King
House of Pleasure

Mari lets herself be kissed around the neck (Hahaha)
As he likes it, he brought his half-sister (Eliel)
His half-sister Juana is crazy in the head
Juana dances, smokes, kisses, the dembow turns Mari and Juana on (""He Who Talks with The Hands""; hookah!)
Mari lets herself be kissed around the neck
As he likes it, he brought his half-sister (The Orphanage)
His half-sister Juana is crazy in the head
Juana dances, smokes, kisses, the dembow turns Mari and Juana on

Mari and her tight skirt (So?), she is alone in the flow
Dancing on top of a dembow table
I eat it alone, tame, it steals the show
While the DJ puts a d-d-d-bow, d-d-bow (D-D-D-D)
Quiet kitten, the show started
With what makes you rich, waist in action
Let the rhythm 'the DJ raise your pressure
To lower the tension, give yourself two shots of a blunt (Don!)
Give it a light, it goes on top, it doesn't go away
I have the B12 that your body needs
I have the puree that your mouth requests
She has me crazy, crazy, because I make her crazy
If I caress it upstairs, downstairs it touches itself (Okay)
I confess the vice I have for her little skirt (Chencho)
Addicted to her kisses, the touch of her waist
For her I am her priest, she is my band-aid
We're going to fire where the body allows it
I hit the wall, the dark and it excites me (Haha)
I hit it harder because ""hard, da!"" yells at me
I just run it or it deserves it (Hey)

Mari lets herself be kissed around the neck
Because he likes it, he brought his half-sister
His half-sister Juana is crazy in the head
Juana dances, smokes, kisses, the dembow turns Mari and Juana on (Plan B!)
Mari lets herself be kissed around the neck (Don, Don!)
Because he likes it, he brought his half-sister (Plan B!)
His half-sister Juana is crazy in the head
Juana dances, smokes, kisses, the dembow turns Mari and Juana on (D-D-D-D)

Come on, let the smoke reach your head
And combine it with beer (Don!)
Juana alone searches for her prey
And seduces him with skill

I want to kiss her neck, dance, make love to her
I want to fall into your game of seduction
Juana catches fire when I hit her
When I caress her dancing reggaeton (Maldy)
I want to take her home and have a threesome
In my crazy room, in my bed freedom
A little 'e whiskey, a picky, a zeta of krippy
And give him all night so he can wake up happy (Don, Don)

She is my mom because she says: ""I am her daddy""
I want a little song of that' that she gives for free
I want to see your body dancing to a DJ slow dance
Mari snatches me away and she is all guille (Plan B!)
And I'll make a story on her Victoria when I catch her
María is a gun, she likes to be hammered
You have another pink thing, look for it to be raked
They drink, smoke weed and live like hell

Mari lets herself be kissed around the neck
Because he likes it, he brought his half-sister
His half-sister Juana is crazy in the head
Juana dances, smokes, kisses, the dembow turns Mari and Juana on
Mari lets herself be kissed around the neck (The King)
Because he likes it, he brought his half-sister (Plan B)
His half-sister Juana is crazy in the head (Pina Records)
Juana dances, smokes, kisses, the dembow turns Mari and Juana on

You know'
'I've been killing
That's how it is
Pina Records
Chen-Chen-Chencho, Maldy
Don, Don, Don, Don Omar
Chencho, Maldy
Don Omar
Chencho, Maldy
The King
Don, Don!
Raphy, they tell me that they are looking for the formula
And we have it'
Simple, don't you realize?
D-D-D, D-D-D
DJ Eliel, they are not going to remix this one
DO! (Hahahaha)
""He Who Talks with His Hands""
Do you know who I am?
Chencho and Maldy
The Orphanage, idiot
Hahahahaha",3686,False
Richael Liu,两三句,0BkBM5rY934yzHViRhd8Em,unknown,,0,False
Crowd Lu,太陽與地球,0bQSWXtpau3VkNI1ZcXTQA,zh,"想守護你所有
回應你包容的溫柔
想用盡一生 陪在你左右是我
曙光和暮暉的夢

短暫如煙火 在懷裡墜落
Running towards the starry sky but unable to reach my heart
有什麼理由 必須要我放手

誰要我們的心 遙遠得像太陽與地球
怎會走到最後 你愛著我卻不屬於我
誰要時間奔走 只能照耀再不能觸碰
最靠近的我們 怎麼繞著繞著就錯過

在偌大銀河中
沒想過像流星交錯
該怎麼原諒讓你哭的人是我
抱歉沒有機會說

最渴望的夢 是你在等我
轟烈在星空 消散在心中
最難忘的人 是永恆地錯過

誰要我們的心 遙遠得像太陽與地球
怎會走到最後 你愛著我卻不屬於我
誰要時間奔走 只能照耀再不能觸碰
最靠近的我們  怎麼繞著繞著各自走

人總要狠狠痛過
才懂我要什麼
捨不得你不再快樂
如果悲傷請你留給我

原來我們的心  頑固地像太陽與地球
以為徹底分開 徹底放手 不曾離開過
我們只是錯過  誰都沒錯都努力愛過
最遙遠的我們  別回頭往幸福一直走",434,False
Number_i,GOD_i,0burgYTcpItZGiRjvWhJjM,ja,"There's no way to know
I'm back to square one
Every year overlap
Don't forget
I knew it from the beginning
Your God is only you
my god too

this is destiny
I set my aim
Late 20s
Archive this song that you will never forget
In my head you and me
The test I put myself through in front of you
I'm no one's manager
big wheel
From the star I prayed to in the sky
A stage that was worth tens of times more

The world I see from you is sparkling
It's so bright that I sometimes lose myself
The day I danced with all my might
From the boy who cries and gets eaten

I am my own God
We are, we are wishing
We are, we are wishing
Believers forever
I am my own God
We are, we are wishing
We are, we are wishing
Believers forever
Yeah, we go
(Numbers, blows, bounces)
Glowing, glowing, glowing, glowing numbers
Glowing, glowing, glowing, glowing numbers
Glowing, glowing, glowing, glowing numbers
Chu Ma Baby
believe i for believers (Number_i)

I have to confess my true feelings
Who is this music for?
Those who asked for money, the gears of a crazy era
Those who are lost
We're the same
Please contact me anytime
Telephone Number is i

I'm not confident, my shadow clone
The person who worried about my future is probably an alien.
I just want to look back
I have to love myself
From now on, imagination

this race is painful
I can see through everything behind the smile
I wish I could do it we know
Destroying the ideal image
The wall that is defeated and broken
crying my babe
My name critical point
Eyes I want to change


I am my own God
We are, we are wishing
We are, we are wishing
Believers forever
I am my own God
We are, we are wishing
We are, we are wishing
Believers forever

Hey, I have a wish for my future self.
A wish to the faded sky
La-la-la
I want to surpass my entertainer
La-la-la
The flavor of the star I swallowed
La-la-la-la-la
Endless okay?
Let's pry it open
just pray to me

(Yeah, woo)
I am my own God
We are, we are wishing
We are, we are wishing
Believers forever
I am my own God
We are, we are wishing
We are, we are wishing
Believers forever
Yeah, we go
(Numbers, blows, bounces)
Glowing, glowing, glowing, glowing numbers
Glowing, glowing, glowing, glowing numbers
Glowing, glowing, glowing, glowing numbers
Chu ma, baby
believe i for believers",1467,False
Kehlani,Folded,0bxPRWprUVpQK0UFcddkrA,en,,2038,False
RADWIMPS,me me she,0BYa5V0RyOYthDeCMUBJQZ,ja,"It made me shine and made you cloudy
I wonder if it's too much of a burden to put our dreams on this love
I forgot how to hate you
I can't find it no matter where I look
Whatever happens that day
I wanted you to tell me ""goodbye"" with me.
How to break that promise, how to love someone else
But I don't really want to know
You promised, ""I'll look after you until you're 100 years old.""
I never thought the 101st year would come so soon.
I'm really sorry for saying this.
Even if I understand it in my head, my heart is confused
But that's me
The one who created me, the one who saved me
I'm sure it's not daddy, maybe mommy, or God.
All that's left is, you know, you.
For example, if I am tied to another person
As if life was born between the two of us
I'm sure your genes are among them too.
It's probably mixed in.
But without you, I'm sure it'll be boring
I'm waiting until 2085 to kill time.
Thank you so much for everything. I'm so sorry for everything.
Now it's my turn to wait, whether you're alive or not.
After all, it was the first time I was able to smile and say the promise.
My words along with “Goodbye”
Say ""I'm sorry"" with ""Thank you""
""The sky is beautiful, the people are sad.""
Wash me again with your transparent truth
If there is a next time
You I like, I like you
That's how, before I knew it, I started to think that I was important.
If I were to give this love a name, it would be “Thank you.”",596,False
陈村长,爱怎么了,0c9gjnRGBRke9VmLaZWmhM,zh,"You haven't spoken yet but you are smiling
Maybe something has changed long ago
Please don't talk about it at this moment.
Packed the luggage and sorted the parcels
From inseparable to easy separation
Or what happened to our love
Counting our past in detail, I feel confused at the same time
You were the only faith in my heart
But why did you leave from my world
I still think of it in a daze
But memories (but memories) of precious bits and pieces no longer have any meaning
How does love rise with the wind and dissipate in the wind and rain?
I found a reason but couldn’t deceive myself until the end
I just regret that I don’t have enough time to hug you and try to forget something
The books you bought are still piled in the room
This balcony also makes me feel very sad. I used to hug each other and watch the sunset here.
I held the yellowed photo in my hand and my vision was blurred by tears.
I remember the vow I made once, how to face all this, let you be free, smile bitterly and remain silent.
Why am I more fragile than I thought? It’s like living in the old days. All I can see is still you.
It seems like centuries have passed since you left
Maybe there should be results
What happened to love
But why did you leave from my world
I still think of it in a daze
But memories (but memories) of precious bits and pieces no longer have any meaning
How does love rise with the wind and dissipate in the wind and rain?
I found a reason but couldn’t deceive myself until the end
I just regret that I don’t have enough time to hug you
Everything about you is ideal
I was so passionate and so crazy that I realized she was just the bride in my dreams, Huye
But why did you leave from my world
I still think of it in a daze
But memories (but memories) precious bits and pieces no longer have any meaning
How does love rise with the wind and dissipate in the wind and rain?
I found a reason but couldn’t deceive myself until the end
I just regret that I don’t have enough time to hug you, but why did you leave my world?
I still think of it in a daze
But memories (but memories) of precious bits and pieces no longer have any meaning
How does love rise with the wind and dissipate in the wind and rain?
I found a reason but couldn’t deceive myself until the end
I just regret that I don’t have enough time to hug you",667,False
Los Tipitos,Campanas en la Noche,0C9V5jMElp7laZZdsCHufD,es,"A man facing a window
Super lucid look
Walk the landscape and not
It is not its interior, it is the moon
They are distant shadows of the forest
It's a rare thing in the stars
Fear-inducing sounds
And also melancholy of waiting
To wait

Wait for her to come back
And tell him: ""Here I am, my love
There is no such thing as oblivion
Here I am, my love, back
I have come
Can you believe it?
There is no such thing as oblivion, my love
""It doesn't exist""

His restless mind is filled with stories
Your body is just memory
That's what you have to feel
With infinite patience
Walking in other people's streets
Of men who finally feel sorry for him
Bells in the night
Noises of melancholy waiting
What to expect?

Wait for her to come back
And tell him: ""Here I am, my love
There is no such thing as oblivion
Here I am, my love, back
I have won
Can you believe it?
There is no such thing as oblivion, my love
""It doesn't exist""

Delirium, tremendous, literary fiction
Secrets that were prayer
Cursed mirror that at last
He doubled his entire life
Walking in other people's streets
Of men who finally feel sorry for him
Bells in the night
Noises of melancholy waiting
What to expect?

Wait for her to come back
And tell him: ""Here I am, my love
There is no such thing as oblivion
Here I am, my love, back
I have won
Can you believe it?
There is no such thing as oblivion, my love
""It doesn't exist""",1252,False
No Te Va Gustar,A las Nueve,0CgpCtEPvyDizcg2p47VrU,es,"How do you have to leave if I just saw you arrive?
You only give me in a moment what you have to give
I hope it's a joke, although I really understand it
You don't want sincerity or for me to continue lying to you, oh

I know you leave at 9
I know I'm dying at 10

You know I'm on your side, don't ask me for more than that
When the night fades, you are going to give me just one kiss
My mind is tired and my skin goes with you
You already explained to me a thousand times, what I see is what you are

I know you leave at 9
I know I'm dying at 10

I can't give guarantees
Oh-oh-oh
If it goes off every day
I don't think I can wait

I wanted to make it easy for you, distance is not the end
But I don't want to give myself up, or for something to die in me
I know, you have no idea, you go and I stay
I'm only going to forgive you because I don't want anything else

I know you leave at 9
I know I'm dying at 10
I know you leave at 9
I know I'll die at 10

At 9
I die at 10",900,False
Jay Chou,擱淺,0cOMncRq4cmDLO4tPQnkBF,zh,"The sky that has not cleared up for a long time
依舊留著你的笑容
哭過 卻無法掩埋歉疚
風箏在陰天擱淺
想念還在等待救援
我拉著線 複習你給的溫柔

曝曬在一旁的寂寞
笑我給不起承諾
怎麼會 怎麼會
你竟原諒了我

我只能永遠讀著對白
讀著我給你的傷害
我原諒不了我
就請你當作我已不在
我睜開雙眼看著空白
忘記你對我的期待
讀完了依賴 我很快就離開

The sky that has not cleared up for a long time
依舊留著你的笑容
哭過 卻無法埋歉
風箏在陰天擱淺
想念還在等待救援
我拉著線 複習你給的溫柔

曝曬在一旁的寂寞
笑我給不起承諾
怎麼會 怎麼會
你竟原諒了我

我只能永遠讀著對白
讀著我給你的傷害
我原諒不了我
就請你當作我已不在
我睜開雙眼看著空白
忘記你對我的期待
讀完了依賴 我很快就
我只能永遠讀著對白
讀著我給你的傷害
我原諒不了我
就請你當作我已不在
我睜開雙眼看著空白
忘記你對我的期待
讀完了依賴 我很快就離開",429,False
Evanescence,Bring Me To Life,0COqiPhxzoWICwFCS4eZcp,en,,1796,False
The Neighbourhood,Sweater Weather,0cQVqPuHQP4KEwc7ZUQmj6,en,,1766,False
natori,セレナーデ,0CWAQlHsvfqcKJVVz9up2R,ja,"Burning my convenient thoughts
I've already let go of my disappointed wishes
Betrayal and secrets are in the air
I can't move from here
Born or broken
A future that remained frozen in that place on that day
Still, I felt you somewhere in my heart
I can't forgive you, who am I now?

Hey, I've always been by your side. It's not a lie, it's just a misunderstanding.
Even if it's not what I wanted
Only the pain of meeting you
So that I can believe that it's love

Don't touch me! pray, serenade
Be happy without me
More than anyone else, no matter what I let go of
I believed this was love, please punish me

No one, just you
Even if the world hasn't forgotten yet
I'm sure you're still the only one
I'll sing a serenade even if I'm tired of wishing
I'll sing a serenade even if I'm tired of wishing

A comedy that follows the scenario. Is it Haumeny to brag about your misfortune?
It's reflected in the egoistically shining eyes
“Who are you?” On the stage illuminated by darkness
I wish I could just dance without knowing anything

Both hope and unhappiness are selfish. We were all accomplices.
beyond any doubt
Since that night when my fate was decided
I forgot how to love

Hope this much, pray this much
Sorry for such a sad ending.
Even if I lose everything and everything disappears
I just want the pain that you lived in all this time

How many times should I count, how many times should I hurt you?
How many times do I have to lose it, how many times do I have to break it?
How many more times should I count, how many more times should I hurt you?
How many more times do I have to lose this feeling to be satisfied?

Hope this much, pray this much
Sorry for such a sad ending.
Even if I lose everything and everything is different
But I've always loved you
You, don't disappear! pray, serenade
Be happy without me
More than anyone else, no matter what I let go of
I believed this was love, please punish me

No one, just you
Even if the world hasn't forgotten yet
I'm sure you're still the only one
I'll sing a serenade even if I'm tired of wishing
Even if the rain falls, it's not me
I'll sing a serenade even if I'm tired of wishing",874,False
Sam Lee,痴心絕對,0D0n4q2o54VTOmDJdL6ikY,unknown,,0,False
"Gorillaz, De La Soul",Feel Good Inc.,0d28khcov6AiegSCpG5TuT,en,,2691,False
"JC Reyes, David Marley",CELOSA,0dLdgRj8l4N0rmAwDxIV1Z,es,"He loves me for her only and says that he won't die for me
He loves me for her only and says that he won't die for me

She tells me that she loves me, that she is real for me
How you like it, I'm the only one who gives it
She says she's not jealous, she knows it's not true
If when we kill each other he confesses to me

She wants me for her nothing more (Uh, uh, uh, uh)
She wants me for her nothing more (Uh, uh, uh, uh)
She wants me for her nothing more (Uh, uh, uh, uh)
She loves me for her nothing more (Uh, uh, uh, uh, uh, uh, uh)

He loves me for her only and says that he won't die for me
He lies but the truth is that I know he really loves me
Call early and they will give you what you are looking for
Fight to later end up giving him

Give-give-give, give
Doing everything he likes
He pulls and doesn't get scared, it makes me crazy
The scratches are from the pu—
It always loads all the time
When the daughter of a bitch goes crazy
He wants to check me even on WhatsApp
Machine every time you run
He does not hurt him, knowing that he is dying
If he saw me with another man he kills all the women
She says she is not jealous, she lives in despair
Because she plays tough and deep down she loves me

She tells me that she loves me, that she is real for me
How you like it, I'm the only one who gives it
She says she's not jealous, she knows it's not true
Yes when we kill each other (He confesses to me)

She wants me for her nothing more (Uh, uh, uh, uh)
She wants me for her nothing more (Uh, uh, uh, uh)
She wants me for her nothing more (Uh, uh, uh, uh)
She loves me for her nothing more (Uh, uh, uh, uh, uh, uh, uh)

He loves me for her only and says that he won't die for me
He loves me for her only and says that he won't die for me
He loves me for her only and says that he won't die for me
She loves me for her nothing more",1673,False
d4vd,Here With Me,0dS2u2UFd88TIzDDaZDLvS,en,,844,False
"Blessd, J Alvarez",FANÁTICO,0e3d2UZRjtvviXWWMRYGQo,es,"Money Makers
Always Blessed
How pretty you are (How pretty you are)
What a twist that I have to find you here, in this place (This place)
But falling in love with her has a price and I'm willing to pay (Willing to pay)
And that's why I want to take her from here (Take her from here), let her dance only for me (Only for me)

And caress her to'a, to'a, to'a, to'a, to'a
Caress her to'a, to'a, to'a, to'a

And if he dances to you
She hypnotizes you, but you can't touch her
Chimbita of the fine ones, she doesn't care what they say
They don't know what that little dress is carrying
She is a devil, but she has a soul
Your lucky day and I'm your guardian angel
If it were exclusive, I would like to make her fall in love
But change the heart in exchange for 'e silver, silver (Haha)

Fanatic (Fanatic)
In my show it will always be the main one (-al)
I know your price and today I am going to pay it (-ar)
Protagonist, star I want to try (-ar)

And caress her, and caress her to'a, to'a, to'a, to'a, to'a
Caress her to'a, to'a, to'a, to'a

How she dances, it's hard not to look at her
And if she doesn't pay him, you can't touch her
There it goes, again
Looks good from head to toe
She is the star, the protagonist
There is no man who can resist him
They fall in love with her at first sight
That's why it's the favorite on my list.
Of his show, I am his fan
And it's got me sweating like a lunatic
I'm going crazy in critical condition
His entire physique has me wrapped up

And that's why I want to take her away from here.
Let him dance only to me
And caress her all
And caress her all
Hey

And caress her to'a, to'a, to'a, to'a, to'a
Caress her to'a, to'a, to'a, to'a (hehe)

She is a sexy girl who dances
She's on another turn
And among so many loves
It has always been the best
She is a sexy girl who dances
She's on another turn
He gives you his heart in exchange for money
Tell me what you want to do with me
Tell me, tell me, ma
If I'm here watching you model
(hehe)

To caress her
To caress her all, all, all, all, all
Caress her to'a, to'a, to'a, to'a (Hehe)

And if she dances to you, she hypnotizes you
But you can't touch it
Chimbita of the fine ones
Don't care what they talk
Hey, Hail Mary, my love
What can I tell you, what can I tell you?
Arrowed by you
How you move, my darling
Never in my life has anyone moved me so well like that.
Nun, don't get mercy on these niggas
Money Makers
Always Blessed
Tell me, Jara
Hahaha, tell me, baby
(Fanatic)
(You will always be the main one in my show)
This is eternal music
J Alvarez
This is the new system
Indica, Blessed
(I know your price and today I am going to pay it)
What's about us doesn't expire
On Top Of The World Music",2653,False
Malcolm Todd,Earrings,0eAuGrXyGFYwur9ARUe7LJ,en,,1344,False
Don Toliver,No Pole,0eaVIYo2zeOaGJeqZ5TwYz,en,,2177,False
Blessd,Instagram,0EFxJw34fK8DWlTxx9qYeW,es,"Although I don't even follow you (SOG!)
I keep an eye on your stories (What a clue, pa)
I don't know if it will be destiny (I don't know)
What makes me spend all my time thinking about you?

And how we made love (Haha; oh-oh)
In the back of the car (In the G-Wa; eh-eh)
Just come back please
I don't think this is shameless (Yeh!; hehe)

Tell me and I'll plan the escape
And here in Miami we see each other 'in secret' (What a clue, SOG)
If you don't have a Visa, I'll give you mine
If your boyfriend asks, you're 'lost', ma

I talked to you on Instagram and everything flowed (Blessd)
I asked you for your WhatsApp, you didn't say ""no"" (No, no)
That's where my mind went bad.
Sex in the G-Wa, that's over (Hahaha)
The story is long, but (How?), she ended up abroad (There, ma)
If you come back I want (I deny; haha) in your body to be the first (The first)

Who kisses you, who touches you, who hits you on the wall
That undresses you, drives you crazy, you are the one from ""Who TV"" (Are you the one from ""Who TV""?)
Wherever your boyfriend sees you, he doesn't believe you
Why? Because? (Haha)

And how we made love (-o-or)
In the back of the car (Woh-oh, yeh-eh; hehe)
Just come back please
I don't think this is shameless (Yeh!; SOG)

Tell me and I'll plan the escape
And here in Miami we see each other 'in secret'
If you don't have a Visa, I'll give you mine
If your boyfriend asks, you're 'lost', ma

Who kisses you, who touches you, who hits you on the wall'
That undresses you, drives you crazy, you are the one from ""Who TV"" (Are you the one from ""Who TV""?)
Wherever your boyfriend sees you, he doesn't believe you
Why? Because?

We already talk a lot, clothes get in the way, clothes
I am the one who touches you, touches you
I know you like it, it shows, you notice
Let's get out of here, give me a kiss on the mouth
We already talk a lot, clothes get in the way, clothes
I am the one who touches you, touches you
I know you like it, it shows, you notice
Let's get out of here, give me a kiss on the mouth

Who kisses you, who touches you, who hits you on the wall
That undresses you, drives you crazy, you are the one from ""Who TV"" (Are you the one from ""Who TV""?)
Wherever your boyfriend sees you, he doesn't believe you
Why? Because?

SOG, what a track, da
This is for you
you know who
Tell me, Jara
From the Antioquia neighborhood
The one that everyone knows and stays with me is José
hehe
(That you like me to kiss you, to hit you on the wall'
That you like me to kiss you, that you like me to give you
That you like me to kiss you, to hit you on the wall'
That you like me to kiss you, that you like me to give you)",2410,False
Fito y Fitipaldis,Soldadito marinero,0eVborSuxUeSg0meWYd9dZ,es,"He walks slowly because rushing is not good
In his arm carefully folded the jacket
Then he passes by the street where the kids play
He also wanted to be a boy but the war caught him

Sailor soldier you met a mermaid
One of those who say I love you if they see your wallet full
You chose the most beautiful and the least good
Without knowing how it came, the storm caught you

He wanted to cross the seas and forget his mermaid
The truth is, it wasn't difficult when he met Mariela.
Who had green eyes and a business between his legs
You have to see what aim, you don't get close to a good one

Sailor soldier you met a mermaid
One of those who say I love you if they see your wallet full
You chose the most beautiful and the least good
Without knowing how it came, the storm caught you

After a bad winter, a bad spring
Tell me why are you looking for a tear in the sand?
After a bad winter, a bad spring
Tell me why are you looking for a tear in the sand?
After a bad winter, a bad spring
Tell me why are you looking for a tear in the sand?
After a bad winter...",1113,False
"J Balvin, Bad Bunny",LA CANCIÓN,0fea68AdmYNygeTGI4RC18,es,"Yeh, yeh, yeh

I thought I had forgotten you, huh
But they played the song, eh, eh, eh
That we sing 'very drunk'
We dance 'very drunk'
We both kissed 'very drunk'
I thought I had forgotten you, huh
But they played the song, eh, eh, eh
That we sing 'very drunk'
We dance 'very drunk'
We both kissed 'very drunk'
I thought I had forgotten you

Just when I thought
That by eating two or ten, I would forget you' (Yeh)
I took a breath and got off the road
And like an asshole, I didn't know what I was doing
I never got over it, I never got over you (No; no)
I even learned the whole 'ballad' in English' (Yeh)
I breathed and counted to three (One, two, three)
It's Kanye West's dark fantasy, baby, hey
A long time ago, cheap was expensive for me (Yih)
I only tweet, crazy bullet I shoot (Yih)
How can we forget the mischief in the car?
What did he guide alone?

I thought I had forgotten you (But no), yeh
But they played the song, yeh, yeh
That we sing very drunk
We dance very drunk
We both kissed very drunk
I thought I had forgotten you, huh
But they played the song, yeh, yeh
That we sing 'very drunk'
We dance 'very drunk'
We both kissed 'very drunk', hey, hey

And it hasn't come to my mind for a long time
But there's a couple of beer'
And I remembered how you kiss me'
Of all the dust on the table
And in the car, the beach, and the motel
At your pai's house, when I was going to see you
The times that your mai didn't get to catch
You jumping wet, sweating Chanel
I know that ours is a thing of yesterday
And it makes me happy that you are doing well with him
I neither missed you nor wanted to see you
But they played the song that you liked to play
And I remembered you, when you made me happy
It's over, well, I'm gone, hey
I laugh at myself because—

I thought I had forgotten you, huh
But they played the song, yeh, yeh
That we sing very drunk
We dance very drunk
We kissed very drunk what we did


And I thought your name was dead, huh
But I dreamed of you awake, hey
Today I went out into the street loose
Without feeling, the deserted heart
And I thought your name was dead
But I dreamed of you awake
Today I went out into the street loose without feeling, the deserted heart",2239,False
"Dei V, JC Reyes",NYX00 (with JC Reyes),0FI11LoJ41qud3TkFEYlzI,unknown,,0,False
"The Weeknd, Playboi Carti",Timeless (feat Playboi Carti),0FIDCNYYjNvPVimz5icugS,tr,"The sun is shining, it's over
It happened tomorrow
Bathe yourself in light, in your love
XO
Ooh, yeah, ooh, yeah, no
[Verse 1: Playboi Carti & 
The Weeknd
]
Ever since I was little, I knew it was me (
Ooh, yeah
)
The girl always wants to come, wants to get fucked (
He wants to get fucked so hard
)
He thinks he's my first because I keep him next to me
Double O, cover the hour, he knows I'm timeless (
timeless
)
I'm passing some Rick to my son
I draw the gun from my hip
Pockets hold twenty-two clips (
oh
)
I'm breaking your heart, Comme Garçons
Wear something, don't get stepped on in the airship
She's a stain bitch, get ready to lick
Ever since I was little, I had to tell you that I knew it was me (Oh)
Singing my songs, trying to get carried away, trying to take a whiff
House like a bank, deposit this bitch, deposit that check
Smile on my face, I'm not acting, come and get checked (Ah)
Ice on my neck, double O wrists
Girl in Scat, what wheels
Fresh out of the trenches, four hundred packs
Ah, yes, I'm wandering around Paris (Ah)
Dress for the bitches, they'll flock to you
I put four drops in the soda, bubbles come out
Drugs will hit you good, I feel sick
Wrestling with all your demons, I feel like The Rock

(Fuck, ah, yeah)
Since I was a kid, I've been real (Child, ooh, no)
If I were you, I'd slit my wrists (
stupid bitch
)
XO tattooed all over his body, yeah (
Yes
)
Girl just wanna hang out and that's okay with me, yeah
Since I was little, I've been real (Ooh, no, ah)
You gotta let the girl go, she wants to be free (Oh, yeah)
Double O tattoo on your body, yeah
No matter what they say, I'm timeless, yeah (Shevet)

Oh, when I come home the city is on fire
Fill the sky (Yeah), I fill the Dome
One day they'll play this (Yes), what a performance
But it's gonna hurt 'cause we did it first
I feel like Skateboard P, BBC crew crawlin'
I feel like it's '03, linked Neptune drums (Yeah)
The wife is a masturbating hippie, she wants to fuck the crew
He fell in love with the cream (Yeah), he fell in love with the stage
Ooh, yeah, her man is quiet, not a peep (Oh, no)
Broke your heart, PTSD (Oh, no)
Hold your chest, let it breathe
Let it breathe, niggas make plans
And I have a priest holding the cross
Get off the road, send it to your God
I shed a tear, prayed for loss, ooh, yeah (Yeah)

Since my childhood, I've been genuine (
Homixide, Homixide, Homixide
, oh, oh)
If I were you, I'd slit my wrists (Ah)
XO tattooed all over your body, yeah (All over your body, yeah)
Girl just wanna hang out and that's okay with me, yeah
Since I was little, I've been real (Yeah, ooh, no)
You gotta let the girl go, she wants to be free (Oh, no)
Double O tattoo on your body, yeah (On your body, yeah)
No matter what they say, I'm timeless

Timeless (Oh), timeless, timeless
Timeless, timeless, timeless, we're timeless, oh
Timeless, timeless, timeless (Yeah), timeless
Timeless (Yeah), timeless, timeless, we're timeless, oh
Oh (Blatt)
Oh (Yah, it burns)",3037,False
JENNIE,like JENNIE,0fK7ie6XwGxQTIkpFoWkd1,en,,1760,False
Don Toliver,Body,0FlcmZ13DGRmscCroro9GO,en,,2170,False
Anuel AA,Tú No Lo Amas,0fLOPPoyIaPTe8dm2Mrft3,es,"Oh, Chris Jedi
Uah
Anuel
Wuh

Tell him that you got tangled in his skin and that it's easy to be faithful
But tell him that you don't love him' and that you claim me' (Claim')
And tell him that you're not going to get involved because he treats you well
Because you still call me and you think about my bed (My bed)
And tell him that sometimes in life we have to lose
But in this fight, he doesn't beat me, he doesn't beat me
And tell him that life is one and that you are my moon
And that I am your night and that the night is long
And the night is long

I so hot and your soul so cold
My bed feels empty
I don't know what you did but you left
And I have you on my mind all day (Uah)
Baby, tell me how long I'm going to keep waiting (Baby)
Upset, I even see your face in the smoke when I'm smoking (Smoking)
And I try to kiss you but the smoke disappears and you leave, eh (Rah!)
And I go in the Aventador but I collide with reality, eh
And all these whores love me but I love you nothing more, eh
And if no one has died of love, why don't you turn back?, eh (You don't turn back)
I didn't want to lose you and love got tangled with death
My conscience speaks to me and tells me that it's time to forget you (Wuh)
But where there was fire, the ashes are to remember you, eh
That sooner or later, I can fuck you again, eh-eh

Tell him that you got tangled in his skin and that it's easy to be faithful
But tell him that you don't love him' (That you don't love him)
And that you claim me' (And that you claim me)
And tell him that you are not going to get involved because he treats you well
Because you still call me and you think about my bed (My bed)
And tell him that sometimes in life we have to lose
But in this fight, he doesn't beat me, he doesn't beat me
And tell him that life is one and that you are my moon
And that I am your night and that the night is long
And the night is long, eh (Wuh)

Baby, don't leave me in limbo (Limbo)
Remember how I fuck you (Uah; rah!)
They say that first Tuesday was Monday
But first it was Sunday (Skrt; haha)
Tell him I have a Draco painted Versace for him (Brr!)
And that I was stuck in the past and that one day you will return
I need you (Uah), for you I burn in the fire
Little devil, I am your little devil (Your little devil)
Missing you (Uah, uah)
I miss your screams, tell him that you are mine again
And that I fell in love with your clitoris (Of your clitoris)
And from your totito (And from your totito)

Tell him to go away (Uah)
And explain to him that you put it on me
And that you guide me' (Uh-yeh, eh-eh)
We've already crossed that line (Uh-yeh, eh-eh)
That I am the love of your life, tell him that his heart is with mine
In your life, never measure it again (Uah)
May I never measure it more (May I never measure it more), uah

Tell him that you got tangled in his skin and that it's easy to be faithful
But tell him that you don't love him' (That you don't love him')
And that you claim me' (And that you claim me')
And tell him that you are not going to get involved because he treats you well
Because you still call me and you think about my bed (My bed)
And tell him that sometimes in life we have to lose
But in this fight, he doesn't beat me, he doesn't beat me
And tell him that life is one and that you are my moon
And that I am your night and that the night is long
And the night is long

Uah
Anuel
Real to death, you hear, baby?
The untouchables, the Illuminati
Chris Jedi
Gaby Music
(Wuh)",3204,False
Kapo,UWAIE,0fMjldiEpgjbWQ4bBQwVzH,es,"(Yo, Gangsta) Baby
Where are you at?

Oh, I have invented something to get your attention
And not just because you're beautiful, girl, your shine has me like this
Sit down and think about something, and I want to be that something
Oh, I tried to seduce her a lot, until it happened, and

Flaca, you are beautiful, and you deserve everything
Loving you is my need, my need
I like things about you, the truth is, everything
Taking away that insecurity is my need

It's giving you a couple of kisses'
It's dancing with you a little
That is to say: ""I'm crazy about it""
That is, ""What does it smell like?""
It smells delicious when you dance
It's perfect when you wake up
Oh, I tried to seduce her a lot, until she realized

Oh, skinny, you are beautiful, and you deserve everything
Loving you is my need, my need
I like things about you, the truth, everything (The truth, everything)
Taking away that insecurity is my need
Really, ah

Oh, I tried to seduce her a lot, until she realized
And if he knew everything that I prayed to God
So that you were here
Oh, my beautiful skinny girl, you're something else
It is the destiny that does not have happy
(Baby, get an idea of that)

Flaca, you are beautiful, and you deserve everything
Oh, loving you is my need, my need
I like things about you, the truth is, everything
(Baby, get an idea of that)
Flaca, you are beautiful (Uwaie), and you deserve everything (Uwaie)
Oh, loving you is my need, my need
I like things about you (Uwaie), the truth is, everything (Uwaie)
(Uwaie)

(Me, Gangsta)
(Oh, I'm your Kapo, baby)
(Baby, yeah, me)
The Industry Inc",1462,False
Frankie Ruiz,Deseándote,0FsXZAMf6NACvNJ2LI6ySp,es,"I see you on the street
Our glances stumble and get scared
And in an instant they caress each other, enjoy each other
And then they walk away discreetly
That man with you and that woman
That I don't know about my arm
The two substitutes who after that failure
You and I are looking for each other so as not to be alone

And the memory of your hug still burns me
Of the passion that we spend body to body
and I spend it

wishing you
Every day, every night wishing you
To sink into your abysses inventing you
When I tremble and spill on her
wishing you
Just as you are wishing me
In the farce of other lips tasting me
Tasting each other so far and so close

I give you my room
With the desire to become my fantasy
While my hands, which your hands caress me
And without you, but in you I go crazy

And the memory of your hug still burns me
Of the passion that we spend body to body
and I spend it

wishing you
Every day, every night wishing you
To sink into your abysses inventing you
When I tremble and spill on her
wishing you
Just as you are wishing me
In the farce of other lips tasting me
Tasting each other so far and so close

wishing you
Every day, every night
Wishing you woman, every day, every night
wishing you
Every day, every night
And the memory of your hug burns me
And the passion of your body


wishing you
Every day, every night
You and I are looking for each other, honey, so we won't be alone.
wishing you
Every day, every night
To sink into the abyss of your body
wishing you
Every day, every night
Savoring you and me, every day, every night
wishing you
Every day, every night
When our bodies meet
We enjoy you and me",1669,False
Yeison Jimenez,Aventurero,0ftcn4ddKESqQMA784Ebc0,es,"I am a vagabond
that I walk around the world
Wasting love
I am a womanizer
Poor and very sincere
with the heart
I like partying, good women
Living with friends, emptying bottles

I like life
I love love
I am adventurous
with the heart

And I like the party
I like women
Listen to a good band
And give pleasure to my pleasures
And I like the party
I like women
Listen to a good band
And give pleasure to my pleasures

Yeison Jimenez, with the heart

I have never been a saint
Not even a devil
I am as I am
And I, I don't run away from anyone
I never humiliate anyone
I am who I am

I like life
I love love
I am adventurous
with the heart

And I like the party
I like women
Listen to a good band
And give pleasure to my pleasures
And I like the party
I like women
Listen to a good band
And give pleasure to my pleasures",977,False
"Mora, Bad Bunny, Sech",Volando - Remix,0G2zPzWqVjR68iNPmx2TBe,en,,3224,False
The Cranberries,Linger,0gEyKnHvgkrkBM6fbeHdwK,en,,1415,False
"John Pollõn, TylerB",Vehículo longo,0GHaZd4ggGCx2RlMsDr9Vj,es,"I wrote a message with you but I don't upload it
With you I stay next to you and we go up to the moon
With you I get bad, with you I heal
Co-like you none
I write a message and I don't upload it
It's expensive and it doesn't last
I get sick and it doesn't cure me
Without you I am left in the dark
I stay next to his ass
And here I have no coverage
I get sick and it doesn't cure me
Without you I am left in the dark
What if we go to sleep? With the three of them in a bed
Well, surely, mommy, this is not going to be a drama
It's going to be a comedy, a pajama party
I don't think I'm going to regret it, I think I'll see tomorrow

How do I wear, when do I wear
Uh-uh, oh
Long vehicle, queen of hype
Uh-oh, oh

And he pulls me as if we were already very friends
I spend it circling below my navel
If you see her there, you'll see what I'm telling you.
I don't know what he gives me, but I know what I ask for

I wrote a message with you but I don't upload it
With you I stay next to you and we go up to the moon
With you I get bad, with you I heal
Co-like you none
I write a message and I don't upload it
It's expensive and it doesn't last
I get sick and it doesn't cure me
Without you I am left in the dark
I stay next to his ass
And here I have no coverage
I get sick and it doesn't cure me
Without you I am left in the dark
What if we go to sleep? With the three of them in a bed
Well, surely, mommy, this is not going to be a drama
It's going to be a comedy, a pajama party
I don't think I'm going to regret it, I think I'll see tomorrow

Damn, I've given your colleague Rubén a hard time, kid.

How do I wear, when do I wear
Uh-uh, oh
Long vehicle, queen of hype
Uh-oh, oh

She has what I want, I want what she has
We are sluts, he almost doesn't love me at all
That's what I want, that's what I die for, ma
We can't help it, I have to misbehave

She has what I want, I want what she has
We are sluts, he almost doesn't love me at all
That's what I want, that's what I die for, ma
We can't help it

How do I wear, when do I wear
Uh-uh, oh
Long vehicle, queen of hype
Uh-oh, oh

And he pulls me as if we were already very friends
I spend it circling below my navel
If you see her there, you'll see what I'm telling you.
I don't know what he gives me, but I know what I ask for",2169,False
Nirvana,Smells Like Teen Spirit,0gucTLf7trAf37Ua1uAyAu,en,,1412,False
Clarent,Enzaciao,0h0mWHM5SkpS9rcmGyBoox,es,"Boom-boom-boom-boom
yeh yeh
Music for 'capo', music for' breakers, do you know what I'm telling you? (RZ did this)
yeh yeh
Boom-boom-boom-boom

We're missing them and they do nothing
I am a ghost, comb 'e 30 with the laser
We stole the bases
I fell a couple of times and I'm not going to let that happen
On jetski Sundays we always go out in costume (Eh)
Enzacia'o I put a honey and I break it (Yeh)
Put me in the block, the block looks like Compton (Yeh; Compton)
With the ski mask on the Husqvarna I ride (Yeh)
We are not puppets, we are just in the hustle (Yeh, yeh; Ah)

I do missions in the BM, I never ride in a Kia Soul (Ah)
Two glopetas are sisters, I call them the Gasol (Oh)
I split the bitches in two and I don't drink the Panadol
We walk all the way, we leave the casino
It was three' and now two' because I pulled the trap phone
I stopped him with the Glock, I will put you in a Wood (Yes)
We hit them, the stick, we always hit the home runs
We got on the express later, no one saw us there
I'll stop you even without a PIN (Yeah), the purple jeans' with Alexander McQueens (Put me on)
The block's hot as if it had the Sprint
The 40, the comb 'e thirty (Grr, grr), I also put the chip in it, I also put the chip in it (Gra-gra, boom-boom-boom-boom)
She likes the movie and we are the cinema (Cinema)
On Sundays in the water, Sea-Doo, they look like delfine' (Delfine')
I'm going to break a million, the BM in the Sport+
I have the domi on the wheel I'll sound like Gra Gra Boom

We miss them and they do nothing (Nah)
I am a ghost, comb 'e 30 with the laser (Frr)
We stole the bases
I fell a couple of times and I'm not going to let that happen (Ah)
On jetski Sundays we always go out in costume (Eh)
Enzacia'o I put a honey and I break it (Yeh)
Put me in the block, the block looks like Compton (Yeh; Compton)
With the ski mask on the Husqvarna I ride (Yeh)
We are not puppets, we are just walking in the hustle (Yeh, yeh)

Boom-boom-boom-boom
yeh yeh",1912,False
"Omar Courtz, ROA",WO OH OH,0h54mLixODOqU6vTcZMqVM,es,"[Intro: 
Bad Bunny
]
But I am with her and you are with him
Knowing that I will always love you
Yeah, if you leave it, I'll leave it (I'll leave it)
Yeah, if you leave it, I'll leave it

Mommy, with you he feels like a bastard, it doesn't happen to me with just anyone.
He has me here talking to God, asking him to be for me
At night my soul goes out to look for you
Here I am calling to ask you

And tell me, ma (Ma), when do we fuck 'again'?
If it's for me, I'll never let you go, ah, ah-ah
When will we see each other? Tell me what I want

Make yourself all'-oh-oh-oh, oh-oh-oh-oh
I eat you for lunch and dinner, you are my baby
The world is left behind and we
Oh-oh-oh-oh, oh-oh-oh-oh
Nobody's watching, and while the world is spinning, you and I
Woh-oh-oh-oh, woh-oh-oh-oh
We enlist, we burn, we fuck
We fight a lot, I think we already love each other'
Woh-oh-oh-oh, woh-oh-oh-oh
You and me alone in my room, and the world is not spinning

You smell like the love of my life, one of those that are little left
Mommy, you are the chosen one, we are united by the red thread
And I feel like I open the portal (-such) when I look you in the eye' (Eye')
Writing songs for you, I feel the powers', Almighty with red hair
Baby, you've got me wrapped up, oh-oh (Oh-oh)
Take my heart, I'll lend it to you, you are the fantasy of my story

And I am with her, and you are with him
A face of a goddess, a woman angel (Eh)
You are my baby, my baby, my baby
Like in 2000, Baby Rasta
Me, Bieber and you, Selena
Even if I'm with someone, I'm your ghost

Oh-oh-oh-oh, oh-oh-oh-oh
I eat you for lunch and dinner, you are my baby
The world is left behind and we
Oh-oh-oh-oh, oh-oh-oh-oh
Nobody's watching, and while the world is spinning, you and I

You are my destiny, my chrono, mommy, like Simba with Nala
In this hell, you are my heaven
I feel A$AP the first time he put it on Rihanna
Looking into your eyes, you were my everything in the past life
Before I met you, I already missed you
You are the sun and the constellations, with you why the hell do I condone them?
You are completely mine, tell your ex's rascabicho not to mention me
You like to make me angry so that I can make you angry, so that I can tone you
There are many Kendalls, but Gabriela will always be the babe 'e Bad Bunny

And tell me, ma, when do we fuck again?
If it's for me, I'll never let you go, ah, ah-ah
When do we see each other? Tell me what I want

Make you all'-oh-oh-oh, oh-oh-oh-oh
How delicious to kiss you again, repeat the occasion-o-o-o-oh, oh-oh-oh-oh-oh
I hope that ours is eternal
Woh-oh-oh-oh, woh-oh-oh-oh
I eat you for lunch and dinner, you are my baby
The world is left behind and we
Woh-oh-oh-oh, woh-oh-oh-oh
Nobody's watching, and while the world is spinning, you and I
[Outro: 
Bad Bunny
]
But I am with her and you are with him
Knowing that I will always love you
Yeah, if you leave it, I'll leave it (I'll leave it)
Yeah, if you leave it, I'll leave it",2947,False
JOLIN,布拉格廣場 - JOLIN Version/ 星宇航空布拉格開航主題曲,0HnESxAFR5lTHioAlI7wo3,unknown,,0,False
The Marías,Sienna,0InIeZW4P6VO7dUGRM4AKH,en,,1038,False
King Gnu,カメレオン,0J0P8iSE6l3pYHbUdNFYdS,ja,"I want to find out
It won't come true
your true identity is
labyrinthine
an elusive mystery
change of mind, change of color
What changed its appearance lightly
sad dusk
Who are you that I don't know?

An express train passed by
A draft blew through the deserted station platform.
I can't find you anywhere
You who appeared on the call screen after time passed
You were someone I no longer knew.
Because you smile happily
I was so tired that I laughed too.

As many times as you like
As many times as you like
Fill it in
of dirty sadness
with white paint from above
ruin everything
Even the night I threw it away
The canvas is colored
Tears ooze and rain showers

With you in my memory
Both of you are true now
You are brightly colored
Colors I don't know anymore

As many times as you like
As many times as you like
Fill it in
suits you now
It doesn't matter what color it is
This feeling I want to convey
Even that won't come true though
If you say it, it's just simple bravado
Even if I'm not next to you

I want to find out
Not a match
your true identity is
labyrinthine
an elusive mystery
change of mind, change of color
What changed its appearance lightly
sad dusk
Who are you that I don't know?",451,False
Mrs. GREEN APPLE,ロマンチシズム,0JcI7OdALbpSFkyKoufRYs,ja,"“What kind of person are you?”
I wish I could hear it like that
On a summer day when I feel pushed back
Become a brightly swaying flower

like a polar bear
I want to stay cool
But this enthusiasm grows

I'm so excited right now
speak out with courage
As expected, it's about time
fall in love with you
I want you to notice me.

love love
fall in love with love
We are human beings.
love inside out
fall in love intentionally
They're humans too.

“This is the kind of person I am.”
I wish I could say it like that
A lonely night with my head in my hands
It must be a flower swaying deeply

like a wolf
I want to stay strong
But I can't find that confidence

There is also a unique pain
Muster up the courage to touch it
If your heart moves
fall in love with you
I want you to look at me
I want you to notice me

through an encounter
Know love properly
I'm a human being
I know both mischief and sadness
I'll tell you the meaning of wanting to be with you
it's my life

Coincidence? Inevitability?
romance suddenly
Pops are fresh
La-la, la-la, la
I was able to meet you, which seems like ""fate""
It's definitely not a matter of youthful inclination.

Every day cracks appear and my heart breaks
I lose my courage and confidence
You can live strong even when you are defeated.
Every day is about becoming an adult

love love
fall in love with love
We are human beings.
love love
fall in love with greatness
We are humans too.

The short spring is ending (Ah)
The short summer is ending
living in a new era
fall in love with you
I want you to notice me like that.
I want you to notice me",628,False
M!LK,E Jan,0jj4mLjwYcos3PPzjQwVzh,ja,"always, always
I'm only looking at you
I'll be your friend no matter what

So good
So good day
So good day

don't live for someone else
You just need to shine like you
Your downcast face and your tears are also unique

It's no good or it's impossible
Don't make up your mind yet
You don't have to follow everyone around you
I like your smile

Everything is labeled
In this difficult time
I want to compliment each other as much as we do.
in the middle of the world

That's beautiful today.
It's nice to be served
It's really good
Mhm That's good
Everyone is good
It's nice to be like that.
You're in love with me, aren't you?
Mhm イイじゃん

So good, ah
So good day
So good day

I took a long detour, but
I've started to like myself lately
That smile that makes you laugh
Because you're watching over me

Staring behind the screen
I'm asking you
What it looks like to live in the present
no one can take it away

Hey, it's okay to chase your dreams.
It's okay to believe
It's good to do it
Mhm That's good
Everyone is good
It's nice to be like that.
Are you riding the waves?
Mhm That's good


It's beautiful today
It's nice to be served
It's really good
Mhm That's good
Everyone is good
It's nice to be like that.
You're in love with me, aren't you?
Mhm That's good

It's okay to chase your dreams (always)
It's okay to believe (always)
It's okay to do it (only you)
Mhm That's good (I'm staring at you)
Everyone is good (always)
It's good to be yourself (always)
Aren't you riding the waves? (Only you)
Mhm That's good (I'm staring at you)",747,False
"Maluma, Trap Capos, Noriel, Bryant Myers, Juhn","Cuatro Babys (feat. Trap Capos, Noriel, Bryant Myers & Juhn)",0JoHqmlqE0W0i9prt6kcHR,es,"I don't know what to do anymore
I don't know which one to stay with
They all know how to mistreat me in bed
They have me well, they have me well with sex

I am in love with four babies, they always give me what I want
Chingan when I tell them, no one turns me on but
Two are married, one is single.
The other half psycho and if I don't call her she gets desperate
I am in love with four babies, they always give me what I want
Chingan when I tell them, no one turns me on but
Two are married, one is single.
The other half psycho and if I don't call her she gets desperate

(Noriel)
The first one despairs
He cringes if I put it outside
The second one has the cover
And he pays me to sink it
The third takes away my stress
We always have three cumshots
On the fourth of one, I lower the moon
But she wants to be with Maluma and me at the same time
I'm in love with all four
I always look for them after four
All four love it in four
And I never fail like 24
It's always the Lakers' cap
No one gets screwed
I'm in trouble, and even confused
Because none of my mind is erased

(Ah!)
I put on Cartier glasses, leaving the airport
Vestio' Giuseppe, leather shoes
You have all my bank accounts and the MasterCard number
You are my official wife, I am in love with that culotte with that blonde hair
But I have another black haired woman who always wants to chichar
Sometimes it even comes to the studio
The chichando redhead is the one who gets the wettest
It bothers her that she calls me and I don't pick it up
We fight and he throws away my clothes and I have to call parrot to pick them up
I have a little butt with short hair
He tells me: ""Daddy, come inside, if you get me pregnant'—"" (Bryant Myers)

I am in love with four babies, they always give me what I want
Chingan when I tell them, no one turns me on but
Two are married, one is single.
The other half psycho and if I don't call her she gets desperate
I am in love with four babies, they always give me what I want
Chingan when I tell them, no one turns me on but
Two are married, one is single.
The other half psycho and if I don't call her she gets desperate

And I'm in trouble
I want to give it to all of them
They have me confused
I don't even know which one to stay with
And they all suck well
They all do me good
They all want to fuck me over hundred bills
They got me on a skid
Shopping on Valentine's Day
I already got more faces than a Ulysse Nardin watch
The thing is that the babies are hard and none of the four have become complete
Two have husbands and neither of them respect the husband.

Four chimbitas, four personalities
Two speak nice to me, two say mean things
Different nationalities
But when they fuck they all shout the same
She wants me to take her to Medallo
She wants me to put her in the car of the year
Let him catch one, squeeze the other
And the other two got together in the bathroom
Say what else you want to do
Dirty is going to entertain them
In the giant house, there is a party on the yacht that he wants to have
I don't know if you understand me, baby

I am in love with four babies, they always give me what I want
Chingan when I tell them, no one turns me on but
Two are married, one is single.
The other half psycho and if I don't call her she gets desperate
I am in love with four babies, they always give me what I want
Chingan when I tell them, no one turns me on but
Two are married, one is single.
The other half psycho and if I don't call her she gets desperate

No-No-Noriel
Bryant Myers
Dirty Boy, Maluma
Versatility, guys
We are the kingpins of trap
Mr. Myers
Trap Capos
Maluma
Santana ""The Golden Boy""
Bryant Myers
Tell me, All Star, baby
Mera Juhn
Tell me, Ganda",3640,False
Miguel,Sure Thing,0JXXNGljqupsJaZsgSbMZV,en,,3419,False
back number,君の恋人になったら,0k4KaqElLVjdR6sVHPTS6h,ja,"If I could be your lover
In the light that made me feel the same way
I think about you for 3 hours every day
Not only that, I'll tell you that
But wait, if you think about it, that's it.
Is it okay if I touch your head and shoulders?
Ah, that's indescribable.
If you can't sleep and feel lonely
I'll send you as many words of love as I can think of.
It's so annoying that I laugh
Aira View Aira View
Then you got sleepy
It's so noisy, I want to be told to go to sleep now
If I could be your lover
When we got used to the same feeling,
While I am entertaining you overall,
you'll be happy
But wait, if you think about it, that's it.
I can enter your heart and your room, right?
Ah, that's indescribable.
If you get lost and start crying
Map, blanket, and water bottle
I'll bring it to you, so let's get lost together.
If I could be your lover
In the light that made me feel the same way
I put my feelings for you in a song like this, and it gets carried away in reverse.
Ah, I'll sing to you today too, ah
If you can't sleep and feel lonely
I'll send you as many words of love as I can think of.
It's so annoying that I laugh
Aira View Aira View
Someday you'll get hit too
I want to be told that I'm happy",522,False
Bruno Mars,That's What I Like,0KKkJNfGyhkQ5aFogxQAPU,en,,2711,False
Bruno Mars,Versace on the Floor,0kN8xEmgMW9mh7UmDYHlJP,en,,1636,False
高爾宣 OSN,Without You,0KWnRv3wxjltYVB3MqjNd2,zh,,1321,False
"Rauw Alejandro, Bad Bunny",Qué Pasaría...,0l0vcZMU7AOeQmUIREoI2U,es,,2154,False
Amazing Show,偷偷愛,0L7R4dmkwk46DEZgqx1fF7,zh,,831,False
Keane,Somewhere Only We Know,0ll8uFnc0nANY35E0Lfxvg,en,,1352,False
"Kybba, Sean Paul, Ryan Castro, Busy Signal",Ba Ba Bad Remix,0lMafSfME2iJEE972bsQaK,es,,2385,False
Cumbia rocha,"Suena en la Previa, Vol. 2",0LswOwsXAfPYLGVwqRlNyW,unknown,,0,False
Kris R.,MIL D AURA,0LvxvoeJmdhkxRIC4orlJ3,es,,2521,False
"DJ Snake, Justin Bieber",Let Me Love You,0lYBSQXN6rCTvUZvg9S0lU,en,,1719,False
JOLIN,妥協,0m1cI6aV1jq537JamnL592,zh,,451,False
CHANMINA,B-list,0mBPNrXQjNv3NfzqrljAZZ,en,,1697,False
Noah Kahan,Stick Season,0mflMxspEfB0VbI1kyLiAv,en,,2099,False
"Ronghao Li, A-Mei Chang",對等關係 (feat. 張惠妹),0mGNDAW085Jkn8IbEalZG3,unknown,,0,False
"Sam Fender, Olivia Dean",Rein Me In (with Olivia Dean),0MUXBhPUDF8or0kfQ0EHwV,en,,1781,False
Snow Man,オドロウゼ！,0MV9cdI2SS1s0tIkl9fTR8,ja,,1127,False
She & Him,I Thought I Saw Your Face Today,0myRViRgmQ3J8izICXEAVO,en,,1122,False
Aimyon,愛を伝えたいだとか,0N8Xztr4pBHJ7V0moJWhbO,sw,,1563,False
Wu Bai,淚橋,0NAcDn6U2GB2Arhspmh38S,zh,,379,False
"KAROL G, Feid",Verano Rosa,0nafF9MxcXJBQWv3BTKtdF,es,,1972,False
Kenshi Yonezu,BOW AND ARROW,0NHu2Lo9MWkvhOggEy1bYg,ja,,513,False
Los Piojos,Bicho de Ciudad,0oCiPqIEL5218yu2D996eP,es,,1154,False
Airbag,Solo aquí,0OcYoSGA1CFGZcCuPLyfhj,es,,915,False
Fleetwood Mac,Dreams,0ofHAoxe9vBkTCp2UQIavz,en,,1247,False
Sam Lee,最近,0ONg8VCxzW3CCNDxDY0DNe,zh,,496,False
"Pepe y Vizio, Delaossa, KIDDO",El Patio,0PtLrH95CQ2lKf6pym5LmA,es,,2629,False
Bruno Mars,Something Serious,0PV4VQCmE6Ujssr1bnswdF,en,,1396,False
F.I.R.,我們的愛,0Q4YuuiCuxIIKUw2fb1cmV,zh,,611,False
"Nanpa Básico, Beéle",Hasta Aquí Llegué,0Qe2g06yzLBuuSvVmFiweP,es,,1691,False
"CARABIN3, SVNTI",MUSA,0QuHK1VvIZ1Kt2GfqRrdVo,es,,1794,False
Dhruv,double take,0QzuaeCEEOV40Pn7IvKEny,en,,1543,False
"Post Malone, Swae Lee",Sunflower - Spider-Man: Into the Spider-Verse,0RiRZpuVRbi7oqRdSMwhQY,en,,987,False
Lenin Ramírez,Todo Lo Fue,0Sa8aRfGckW0qUGLrBwoBG,es,,1279,False
"Blessd, Hades66, Blackinny, Young Fatty",MAS QUE AMIGOS,0sOrHE0vkEhrmWZnhqjP36,es,,3708,False
Bruno Mars,Nothing Left,0Sq6JK9kyC4MQa3KrJj5CB,en,,1341,False
"Omar Courtz, De La Rose",Q U E V A S H A C E R H O Y ?,0Sr7ssScx54yxdM2ols7nW,es,,2540,False
SPITZ,ロビンソン,0sVnyL71jTOuMt9TZ59bws,ja,,392,False
GeezyDee,El Peor Hombre Del Mundo,0TBFzXKWtoF7Lwh0LKFt8f,es,,2703,False
Mrs. GREEN APPLE,ケセラセラ,0teqQ0PYqVDyyXJuPOyMhu,ja,,793,False
sombr,undressed,0TFTAtCYhp2tQ9KcJIZb55,en,,1391,False
Ed Sheeran,Perfect,0tgVpDi06FyKpA1z0VMD4v,en,,1542,False
Twenty One Pilots,Drag Path,0TlcczkVTGpinpkGJpT81L,en,,1059,False
Mrs. GREEN APPLE,僕のこと,0tnhoHUrHfcLi9hPknUFZ4,ja,,639,False
"Luis Silva, Yeison Jimenez",Como No Voy a Decirlo,0ToktqlTchGYvCRHUCWnG5,es,,1420,False
La T y La M,Como Se Siente,0tQDrJxQcB5zKGrHx43xUj,en,,3715,False
Arde Bogotá,La Salvación,0txzIz1WcoAn6m07xypcD5,es,,1191,False
"Luck Ra, La K'onga, Ke Personajes",Ya No Vuelvas (Versión Cuarteto),0u6JsFiEEXb6kaF0oqyeFi,es,,1753,False
"Tincho & Javi, Max Carra",Loco Enamorado I Varieté #4,0UaxhDrvCVcCWCqYQUeeFF,unknown,,0,False
Taylor Swift,Style,0ug5NqcwcFR2xrfTkc7k8e,en,,1950,False
Rihanna,Kiss It Better,0UHB9METy4VCXNgkcGqHqS,en,,2420,False
Quevedo,Columbia,0uqt3MShCD4uYCIRNm6d4o,es,,2260,False
Lil Uzi Vert,20 Min,0uxSUdBrJy9Un0EYoBowng,en,,4212,False
AI,Story,0V2axJ946WH1vt9t5SGMLV,ja,,522,False
M!LK,Sukisugite METSU!,0vDqNzQqEhl7boeRS3Joli,ja,,742,False
Mrs. GREEN APPLE,lulu.,0vE1WglBbhmd5wDO49lcih,ja,,1344,False
[Alexandros],ワタリドリ,0ve9Tpz8Yw0I4eXhWsy21o,ja,,693,False
The Weeknd,Blinding Lights,0VjIjW4GlUZAMYd2vXMi3b,en,,1309,False
Zion & Lennox,La player (Bandolera),0VKkyBKCXyR99navhVRqcP,es,,3039,False
"KHEA, Duki, Cazzu, Omar Varela, MYKKA",Loca,0vnrhysrKKRdNYFKLAGzRc,es,,3809,False
Da-iCE,I wonder,0voOaunLYYqPHrsgXbFVlW,ja,,448,False
Khalil Fong,特別的人,0VTzUEuHYD8s7CgQ15cDPo,zh,,519,False
Hearts2Hearts,RUDE!,0WA27lZzPKFJKAbiDRmQDc,ko,,1908,False
Chappell Roan,"Good Luck, Babe!",0WbMK4wrZ1wFSty9F7FCgu,en,,2320,False
GRECAS,Bad Voy,0WIVpc0hKNxjHkl9xNxw6P,es,,1691,False
back number,オールドファッション,0Xn30nT5EKFPsWvpiJ2Iav,ja,,552,False
BellyJay,MONTAGEM HIKARI,0XqgE9UN4MCo5ooIwUYm7l,en,,736,False
Morgan Wallen,20 Cigarettes,0YsIYFRoxkmEvbKCwTp0Tg,en,,1179,False
Intoxicados,Nunca quise,0ZAJ660VP57lLK4U7NlGOy,es,,1420,False
"Bryant Myers, Dei V, SAIKO",Duro Ma,0Ze1qv8LIgg5Y7Bu4jzXIo,es,,3074,False
Babasonicos,En Privado,0ZyNiSXRbq68lmBjV0vJkR,es,,1390,False
Takaya Kawasaki,ぬくもり,105cC947hT8ToEXt5ZN6qz,unknown,,0,False
"Blessd, Anuel AA, Kris R., Young Fatty, CARABIN3, GeezyDee, TURY","BUENOS DIAS (feat. Tury, GeezyDee, CARABIN3)",10B0cONtHL7b8hdMRE2Du6,es,,4388,False
"La La Love You, Samuraï",El Principio de algo,10KB4HkYIpNOd0QhyohMre,es,,1710,False
"8belial, yyy891, JOHNNYFUU",YSL,10lwU4asYs565RmEkPWHn5,es,,3545,False
Jay Chou,青花瓷,10VuSw48iPN2UK2xX9Y6P0,zh,,474,False
"Peso Pluma, Tito Double P",daño,136BeIIoBGrrU9fI1jbcDR,es,,1040,False
"W Sound, Blessd, Ovy On The Drums",Soltera - W Sound 01,13BDiikG6y5o5cQTK0HpW6,en,,1538,False
David Tao,愛我還是他,13bw75oRjvxMv9VGIeM32i,unknown,,0,False
Nadhif Basalamah,kota ini tak sama tanpamu,13CwOTXUgBugeBByE9oIWb,id,,1060,False
Patricio Rey y sus Redonditos de Ricota,Un Poco de Amor Francés,14rcLGX83RpsORAIzC4U4g,es,,618,False
OFFICIAL HIGE DANDISM,Pretender,15HNdxGKNCIO9pgaY4n7FU,ja,,730,False
Bruno Mars,Talking to the Moon,161DnLWsx1i3u1JT05lzqU,en,,1114,False
Mrs. GREEN APPLE,Magic,170XOP1T4MvY9TLTgPw07D,ja,,781,False
King Gnu,白日,172fMG26G2OoEzzg0wn26r,ja,,342,False
Teddy Swims,Lose Control,17phhZDn6oGtzMe56NuWvj,en,,1459,False
"Callejero Fino, La T y La M",Te invito a bailar,17vFIehhv8hKSXYn5Ce4Pk,es,,1535,False
TWICE,THIS IS FOR,18AMT576rBlQFMzUTS7WBa,en,,2242,False
"Mora, De La Rose",AURORA,18m5dJOPB2geFwOymXNaWg,es,,1888,False
Cristina Lora,2 PUÑALAITAS (de Andalucía),19FOoq7R0ULz8bamEpOprK,es,,1241,False
Hozier,Too Sweet,19XpFsce28aByvCC4g89tJ,en,,1563,False
Fuerza Regida,ANSIEDAD,1a7onn7lPqqRWul5ogyMyX,es,,734,False
ILLIT,Magnetic,1aKvZDoLGkNMxoRYgkckZG,ko,,1694,False
"Patrick Brasca, 陳華",你沒等我去的舊金山,1aNVW0fujBVx7JTorTO1jn,unknown,,0,False
"Ke Personajes, Onda Sabanera",Pobre Corazón - En Vivo,1AX4aybSRyXHWrjg27wTFE,unknown,,0,False
F.I.R.,月牙灣,1b5IRT3iraxjHOsKZx93sW,zh,,454,False
"Blessd, Kris R., Young Fatty, TURY, CARABIN3, GeezyDee","MIU MIU (feat. GeezyDee, CARABIN3)",1btsXTZnL2wVSW8oDWvjMM,es,,5275,False
Patricio Rey y sus Redonditos de Ricota,Esa Estrella Era Mi Lujo,1buwr89mlvxbaqArqmvCYS,es,,328,False
Taylor Swift,Cruel Summer,1BxfuPKGuaTgP7aM0Bbdwr,en,,2285,False
Beéle,si te pillara,1C7NXX8UJ6pgNx8EkmyZDd,es,,2067,False
CHANMINA,TEST ME,1chmVQLbEPT5890S0X55pe,ja,,671,False
"Mora, C. Tangana",DROGA,1cmfXbOvNJt7iDrnJy5BRE,es,,2299,False
"HUNTR/X, EJAE, AUDREY NUNA, REI AMI, KPop Demon Hunters Cast",Golden,1CPZ5BxNNd0n0nF4Orb9JS,ko,,1643,False
"SAIKO, Omar Courtz",LOKENECESITAS,1cQx85WypWumn7ZQjUxWQi,es,,2256,False
"Maria Becerra, Rei, XROSS",MI AMOR,1CSdu8EHZzV0DjYB6RNXbX,es,,2153,False
"JC Reyes, De La Rose, MC Menor JP",NINFO,1CTTIrl42flqn1WYUoxl0H,es,,2216,False
"Alexis y Fido, Arcángel, De La Ghetto",Camuflaje (Remix),1dAQ93kw8Sy9n4JCz2G9Nf,es,,4440,False
Tate McRae,TIT FOR TAT,1dByUyyoRKL99fJJ6VCQzb,en,,2759,False
KANA-BOON,シルエット,1di1C0QI6Y92yZPYn6XYAZ,ja,,487,False
"Coolio, L.V.",Gangsta's Paradise,1DIXPcTDzTj8ZMHt3PDt8p,en,,2674,False
"JC Reyes, Dei V",FLIPA,1dnKyTHMBWzbYZ2LDXBefu,es,,2411,False
Plan B,Fanatica Sensual,1DrDfpOx4P4LMxFhtOmeyD,es,,2370,False
"PinkPantheress, Zara Larsson",Stateside + Zara Larsson,1DwscornXpj8fmOmYVlqZt,en,,2418,False
M!LK,Bakuretsu Aishiteru,1F1hibBCtNeObRMmEMLHNh,ja,,648,False
Lana Del Rey,Summertime Sadness,1FEiijYPJtyswChfcpv3p0,en,,1774,False
SPITZ,美しい鰭,1H3qOzheTPhE7aVvJOWfvA,ja,,386,False
Airbag,Pensamientos,1H7ktqkQx1PIuPfNtqvaBs,es,,971,False
The Red Clay Strays,Wondering Why,1HbzxLqpNVPdiBXvpC7Ovb,en,,1314,False
Beéle,no tiene sentido,1HEwEN64NjgTaHmo7LfkX8,es,,1663,False
Beéle,frente al mar,1i1n7hUzCDkXGFqIJSSzom,es,,1467,False
Maluma,El Perdedor,1iEwyiSLAunPR6uouANE0O,es,,2743,False
"DobleP, Peipper, Locura Mix, VERNAZ",PUTERÍ4,1IgrATr9zMmRjtFVFY6O7s,fr,,103103,False
SPITZ,チェリー,1ihCiJaXRl4f6Sy4LJov5z,ja,,452,False
Bad Bunny,Tití Me Preguntó,1IHWl5LamUGEuP4ozKQSXZ,es,,2764,False
EggPlantEgg,浪流連,1IS0WFyiVpwsATeSzjEvpI,zh,,223,False
Luis Alberto Posada,Mal Amor,1j4XwpoLvqdkWllikDu7Rm,es,,788,False
"阿涵, Ayo97",感谢你曾来过,1JLtvvPsHwLyd2ufASdkWV,unknown,,0,False
Rihanna,Don't Stop The Music,1Jo0Zg7XlrA6z0mFTZVdkn,en,,3708,False
The Police,Every Breath You Take,1JSTJqkT5qHq8MDJnJbRE1,en,,1977,False
Grupo Niche,Algo Que Se Quede,1JXcB149QtbcIpDUA6YZOB,es,,2013,False
SixTONES,一秒,1jzBL9oiCg4qaZbazOxBQ8,ja,,681,False
ILLIT,NOT CUTE ANYMORE,1k0JAiH11gHL9dc5dfQjQr,ko,,621,False
"Delaossa, Quevedo, Bigla The Kid",Still Luvin,1k4Iyemx6P5fba7RRcHmeb,es,,3042,False
"Emilia, TINI, Nicki Nicole",blackout 🧊,1KaXG7dVdwMH3gCtiAU39t,es,,1995,False
TLC,No Scrubs,1KGi9sZVMeszgZOWivFpxs,en,,2814,False
"Blessd, Ovy On The Drums",AMISTA,1kJyDcBrZ7rSKnFtKc82vm,es,,2097,False
JENNIE,Mantra,1kUyOJb3fzUo8r0OCz5SQk,en,,2360,False
ROSÉ,number one girl,1lcBt7LoEikqYmhUoa2cez,en,,1790,False
back number,日曜日,1LDxe7AgJ7DRYdV012EmyR,ja,,405,False
"Anuel AA, Haze",Amanece,1LiN0Z98FkR1t0m8KmLcAH,es,,2358,False
Yeison Jimenez,Tu Mal Sabor,1LNLFgc99bgCWPAaJ9zUQi,es,,1439,False
Mazzy Star,Fade Into You,1LzNfuep1bnAUR9skqdHCK,en,,753,False
Ozuna,Se Preparó,1m69ELEgE6k5ZWsap40ozt,es,,2129,False
Coldplay,Viva La Vida,1mea3bSkSGXuIRvnydlB5b,en,,1884,False
Airbag,Cae el Sol,1Mqfdem6pgGVoULjSkkcc9,es,,1335,False
BABYMONSTER,DRIP,1MUZitHRpmng5NevrvNx4T,ko,,2125,False
Bruno Mars,Dance With Me,1myZ6GQewhAzMH2dKtKSWK,en,,1621,False
"Yeison Jimenez, Pasabordo",Hasta La Madre,1nDvFYTsaQwxt5CTk7LJ5E,es,,1578,False
Bestards,離開的一路上,1NoDTQhJsrd5rnpb6PQthK,zh,,465,False
Tame Impala,Dracula,1NXbNEAcPvY5G1xvfN57aA,en,,2092,False
"Yan Block, Panda Black",444,1o4xkdBe0RjSf2u6VXi4OI,es,,2213,False
Cigarettes After Sex,Apocalypse,1oAwsWBovWRIp7qLMGPIet,en,,1219,False
AiNA THE END,革命道中 - On The Way,1oFqKeepmT5S8BCGqJl7Ar,es,,1682,False
Omar Courtz,VAMOaCOCHI,1oghNMGW42IhtQPNU6leZz,es,,2517,False
Luister La Voz,Amarte más no pude - En vivo,1OHj2WRXOR9XdCV6PuptXv,es,,7256,False
Aimyon,Harunohi,1oNeSCt0CMekCyyLo06kFs,en,,2023,False
Riley Green,Worst Way,1osfLqL6L2iQsirRf83ded,en,,1494,False
"Lucho RK, La Pantera",TOCATE SOLA,1ouj0AkMXny8V1su2tuoci,es,,1972,False
Andrés Calamaro,Flaca,1p7m9H4H8s0Y7SgRm7j3ED,es,,917,False
Jay Chou,楓,1pALOIA4ytESmhl7Fxjdic,gd,,1565,False
Arcángel,Pa' Que La Pases Bien,1pLCpA1RN8avJxSD3ZCwhj,es,,2677,False
"Fuerza Regida, Grupo Frontera",COQUETA,1PREzVLuDT6PSE9sej4wnV,es,,2395,False
"Daniel Caesar, H.E.R.",Best Part (feat. H.E.R.),1Q7EgiMOuwDcB0PJC6AzON,ja,,697,False
"ryo (supercell), Kaguya(cv.Yuko Natsuyoshi), Yachiyo Runami(cv.Saori Hayami)",World is Mine - Kaguya&Yachiyo Runami ver. - CPK! Remix,1qaQyHIAzk6vAMEhACi0tH,unknown,,0,False
Olivia Dean,Man I Need,1qbmS6ep2hbBRaEZFpn7BX,en,,1779,False
The Cure,Boys Don't Cry,1QFh8OH1e78dGd3VyJZCAC,en,,985,False
Zara Larsson,Midnight Sun,1qRV1dKLOfH1s00b9J2LUQ,en,,1410,False
Lady Gaga,Poker Face,1QV6tiMFM6fSOKOGLMHYYg,en,,2690,False
La T y La M,Un Montón de Estrellas - En Vivo Gran Rex,1R3ubqAHKHE6f64Hz37q8h,unknown,,0,False
Gustavo Cerati,Adiós,1rh4kDY9T4fHVDum8Foi5k,es,,714,False
Zara Larsson,Lush Life,1rIKgCH4H52lrvDcz50hS8,en,,2228,False
Yorushika,春泥棒,1rr2DJOxV0sHXeUXCAz1yf,de,,1378,False
OFFICIAL HIGE DANDISM,Make Me Wonder,1sgW7loPL1qtWOPimvm7X5,ja,,1392,False
"Mrs. GREEN APPLE, Sonoko Inoue",点描の唄,1sIIlVrnPhrvmTrHtzM7tV,ja,,476,False
Eric Chou,想念你想我,1sl9O7VLwGwdw4iXqnkbDP,zh,,431,False
aespa,Rich Man,1sUjTLLCJzcxC15GUBrOlg,en,,2794,False
Bruno Mars,God Was Showing Off,1sVBT215CDmVJvfy1E2OCU,en,,2101,False
icyball 冰球樂團,不在乎,1t2mpO9GpLjRHDDX6SFWRn,unknown,,0,False
"PEPU, Pizzu",TENGO UN FEELING,1toIsvoqn3HCpdetMXk2sJ,es,,1891,False
BABYMONSTER,WE GO UP,1tonXoW6dcb7GGNpec3PTl,en,,2867,False
"Luck Ra, Abel Pintos",QUE ME FALTE TODO,1TyBUtMxdmRfXhW3MmbxtQ,es,,1318,False
Omar Courtz,KOKO,1tz7RZirwiuaJw2p0jbdHb,es,,2153,False
ONE OK ROCK,Wherever you are,1TZjEATJpF5LaVL7oJHDMn,en,,1073,False
Taylor Swift,Blank Space,1u8c2t2Cy7UBoG4ArRcF5g,en,,2624,False
Prince,Purple Rain,1uvyZBs4IZYRebHIB1747m,en,,1105,False
"Eflexx, D.Valentino, Enry-K",Tititi,1V6EjrslcQOQrKgjrUvgi1,es,,2110,False
Estopa,Como Camarón,1VB4sadHjFcFklHcZuoROi,es,,2293,False
en王翊恩,嚣张,1vfUASvUGt3gxQ1x3T3u1C,unknown,,0,False
Novelbright,愛とか恋とか,1VHL1PIkhDwWbFc65xHwOr,ja,,596,False
Whiskey Myers,Broken Window Serenade,1VOSSXuWRcBj2rpfxNdX9v,en,,1563,False
DesaKTa2,No Se Ve / Chingon,1wDZFWLswOdkP3PBOWiSwI,es,,2479,False
back number,僕は君の事が好きだけど君は僕を別に好きじゃないみたい,1WutVejYvP7220sofj3xId,ja,,604,False
"Maroon 5, Wiz Khalifa",Payphone,1XGmzt0PVuFgQYYnV2It7A,en,,2752,False
KATSEYE,Gabriela,1xOqGUkyxGQRdCvGpvWKmL,en,,1949,False
"Yeison Jimenez, Chayín Rubio",El Mejor - Remix,1xRRW5ZrL7I9EG8CGZrXHE,unknown,,0,False
"Maluma, Yeison Jimenez",Con el Corazón,1xTWu5aArww0QtXqX2ScBI,es,,1553,False
LBI利比,Jumping Machine (跳楼机),1XZE0InCx3SdCnLpVsPpZl,zh,,623,False
"Omar Courtz, Ñengo Flow",FOREVER TU GANTEL,1YAWMfsmduIrpqrjP45pFn,es,,3125,False
La T y La M,El Doctorado,1yg1tWFaYajN4b7vsKtYRE,es,,4271,False
De La Rose,Yo te conozco :):,1yG1za0O6OK6sKa79xGtsA,es,,1158,False
back number,幸せ,1YVuXOCjN1GkGYqZ8RCcF3,ja,,682,False
Vaundy,踊り子,1YXot2MLAG9sttepCtBRM7,ja,,909,False
"Rauw Alejandro, Romeo Santos",Khé?,1YYfyJ2yCvGFCxwjsIqEK9,es,,2110,False
ROSÉ,toxic till the end,1z5ebC9238uGoBgzYyvGpQ,en,,1764,False
Silence Wang,像晴天像雨天（电视剧《难哄》心动曲）,1zFuSla4RQ5qAJwDIQYixW,unknown,,0,False
La T y La M,No Se Va,1Zh6HllrXT0Khrwk2j3TrZ,es,,61710,False
"Drake, Wizkid, Kyla",One Dance,1zi7xx7UVEFkmKfv06H8x0,tr,,2407,False
Hudson Westbrook,House Again,1zM8S2pnIclcdTmrfFnWtX,en,,1522,False
"Rihanna, Calvin Harris",We Found Love,1zv3WFUbZ5vPxFq9I2jAU1,en,,1071,False
HANA,Tiger,20VZXnRzvcS0qVMOThjjmM,ja,,1153,False
Gigi Perez,Sailor Song,21IYMdzTrzSe191Cy5eMap,en,,1514,False
Yiyo Sarante,Corazon de Acero,21nc3O8OncUv1jjSrC1ML2,es,,1323,False
Clarent,LOVE,21syhl9aagHDATZqFHkfjD,es,,2233,False
yangskinny,Setsugekka,21UVLrJ0yuJ6CGeElXMG0C,unknown,,0,False
Mrs. GREEN APPLE,ライラック,21VsLvoE7elUmJZLSawaMh,ja,,800,False
"Top Barry, INDEcompany",一半一半,21x0N6lu6D9kO8rVtTU3mH,zh,,966,False
HY,366日,22aZD7yaGYfhgCYazL4nbc,ja,,479,False
"Macklemore, Ryan Lewis, Macklemore & Ryan Lewis, Ray Dalton",Can't Hold Us (feat. Ray Dalton),22skzmqfdWrjJylampe0kt,tr,,3814,False
TOTO,Africa,2374M0fQpWi3dLnB54qaLX,en,,1491,False
MONGOL800,小さな恋のうた,23atyJacJVHvB9RHBNhr35,ja,,541,False
Airbag,Cicatrices,23FJGRug9hlYUIBnrmkIBX,es,,760,False
Evangeline Wong,離開我的依賴,23WLgtD54AeluEPRr5muHo,unknown,,0,False
Mr.Children,Again,242tGHok7sRTVjCaTS0FoH,unknown,,0,False
KiiiKiii,404 (New Era),24rDDbSlFY9OHrlJb48CRh,ko,,1730,False
Fito y Fitipaldis,Por la boca vive el pez,24UStI5AYA7g5ufFDh3LH0,es,,1355,False
Eason Chan,十年,25pWemriUQVrZ3yIiS2IBf,zh,,368,False
"J Balvin, Bad Bunny",QUE PRETENDES,25ZAibhr3bdlMCLmubZDVt,es,,2321,False
OFFICIAL HIGE DANDISM,115 million kilometer film,278JqkBGkjDovOYAwE8TW7,ja,,813,False
Jin,Don’t Say You Love Me,27xkOIER6uDLKALIelHylZ,en,,1414,False
Aventura,El Perdedor,27ze5t5tIDPlVits0KRbxT,es,,1651,False
"Kris R., Blessd",Las Piponas (Remix),281YJmnThveWjsWVic9Ym6,es,,4217,False
David Pabon,Aquel Viejo Motel,286NP8kXWzx2uHb5tr7TGv,es,,2011,False
Justin Bieber,YUKON,29iva9idM6rFCPUlu7Rhxl,en,,1687,False
Koji Tamaki,ファンファーレ,29nEadzf4CqeLYzcf44zub,ja,,254,False
"Don Omar, Lucenzo",Danza Kuduro,2a1o6ZejUi8U3wzzOtCOYw,es,,2552,False
Ella Langley,weren't for the wind,2A22iI0x4EYAVXNpKPhNEM,en,,1685,False
HANA,My Body,2AdYT7oPiAASC46qF43dia,en,,1745,False
"Romeo Santos, Prince Royce",Lokita Por Mí,2aG4AXf3TUtlmk4s9BLYDi,es,,1992,False
keshi,Soft Spot,2aL4lMGhWdPpyPL6COPou7,en,,1466,False
"Blessd, Kris R.",POLOS OPUESTOS REMIX - BLESSD VERSION,2ALQyXMC26Vew7JX7ert9M,es,,3730,False
Pablo Chill-E,Resentia,2ANtIUI9cipWNI685VdlZb,es,,2300,False
natori,プロポーズ,2BcQfb9SfauDQdeXHTfLsT,ja,,742,False
"JHAYCO, J Balvin, Bad Bunny",No Me Conoce - Remix,2beS6dD5rovBxSA1zYoSHR,en,,4934,False
CHANMINA,ハレンチ,2BfzhBl79bcPOHHXAXJkTY,en,,1230,False
Aventura,Dile al Amor,2Bhmj4XK33InfhqKPxcJ1v,es,,1647,False
クレイジーウォウウォ！！,Tontsukatantan,2bonDeesq7NsHnfeMNDhZv,ja,,1392,False
Arcángel,Por Amar A Ciegas,2BrfJdTXohQRtWBKsBTIp0,es,,1602,False
"Blessd, Ovy On The Drums",Mírame,2btNsI4OvcVl7SAHQQDHFB,es,,1733,False
Mora,DETRÁS DE TU ALMA,2BvPMS2XWfnCpHHvWeOyeC,es,,1626,False
Sabrina Carpenter,Manchild,2BwO5K8Q7EPAJSGze3AAh9,en,,1630,False
IVE,XOXZ,2c6xH9usslUoHnOzsRhpcP,ko,,1605,False
"Kendrick Lamar, SZA",luther (with sza),2CGNAOSuO1MEFCbBRgUzjd,unknown,,0,False
ARASHI,Five,2cIqVZFyBH8h5dnrzBvtre,en,,1095,False
Aimyon,Marigold,2cKiHG16JBiqHdi7Llq0r7,ja,,600,False
"Feid, ICON",FERXXO 151,2Cl4HCBmPddQNZEncdoXp0,es,,1463,False
Mrs. GREEN APPLE,breakfast,2Co1E8jcju2tCgPZIqxkTr,ja,,720,False
Fetty Wap,Trap Queen,2d8JP84HNLKhmd6IYOoupQ,en,,3010,False
A-Lin,給我一個理由忘記,2DcmVSLAg0ZzfOQxDshZHY,unknown,,0,False
"Alleh, Yorghaki",capaz (merengueton),2dd3G3ZqEcG2cNS1tp3oEk,es,,2241,False
Sam Lee,手放開,2Dd9EXYXI2NNrLG61OtWQv,zh,,261,False
Chayanne,Bailando Bachata,2dK99lWPkBVwNen6gK1AtI,es,,1229,False
IVE,Odd (GAEUL Solo),2dl3pNKU8pr0fcI4XrKcGF,unknown,,0,False
"Yeison Jimenez, Luis Alfonso",Destino Final,2E4TYekUduml1DWIqQWNcj,es,,1355,False
Rihanna,Only Girl (In The World),2ENexcMEMsYk0rVJigVD3i,en,,1978,False
HANA,Bloom,2ezkOPL49H0ZrQYM6y328n,ja,,912,False
Cazzu,Con Otra,2F6PBqz7aPA7K309aFKMHt,es,,1385,False
Zhang Zhen Yue,愛我別走,2fc2vUA5H3mTAr9rQoBDKt,zh,,2229,False
Radiohead,Let Down,2fuYa3Lx06QQJAm0MjztKr,en,,1047,False
"Nelly Furtado, Timbaland",Promiscuous,2gam98EZKrF9XuOkU13ApN,de,,3678,False
Don Toliver,Tiramisu,2GHKo6nrSjruvBEQbzD7Fw,en,,1375,False
Eric Chou,你，好不好？ - TVBS連續劇【遺憾拼圖】片尾曲,2gug6MRv4xQFYi9LA3PJCS,unknown,,0,False
SIENNA SPIRO,Die On This Hill,2gYTC8DsplN3RNdpdBcCOQ,en,,1218,False
"Kendrick Lamar, Jay Rock",Money Trees,2HbKqm4o0w5wEeEFXm2sD4,fr,,5419,False
Los Hijos De Puerto Rico,Separados,2HbmLkHkkI15eES8kpWRuI,es,,1455,False
Sublime,Santeria,2hnMS47jN0etwvFPzYk11f,en,,1248,False
"Jung Kook, Latto",Seven (feat. Latto) (Explicit Ver.),2HRgqmZQC0MC7GeNuDIXHN,ru,,3074,False
Sabrina Carpenter,Espresso,2HRqTpkrJO5ggZyyK6NPWz,en,,2070,False
"DENNIS, Luísa Sonza, Emilia",MOTINHA 2.0 (Mete Marcha) - Remix,2iDDnYmaz1HhedjI91fbmp,es,,1378,False
G.E.M.,泡沫,2IfSPLPDW6RGosdB5huwAA,it,,1177,False
back number,高嶺の花子さん,2jdbZGFp8KVTuk0YxDNL4l,ja,,603,False
Babasonicos,El Loco,2jEjxOyKqMpkcThWl697hf,es,,844,False
A-Mei Chang,如果你也聽說,2JH8WubSk2IWYUDBUguSQv,unknown,,0,False
"J Balvin, Bad Bunny",Si Tu Novio Te Deja Sola,2joKSGkqac0LIwYG9Ghrwq,es,,2429,False
DIOR 大穎,人的這一生,2Jox8DFhnUpJZJWLsVAsAR,unknown,,0,False
Viejas Locas,Me Gustas Mucho,2kB1rqoTaZ3j6ChtIWGurm,es,,660,False
"Quevedo, Aitana",GRAN VÍA,2kQ1OvmMzs1xdlH020aJJh,es,,2590,False
Jung Kook,Standing Next to You,2KslE17cAJNHTsI2MI0jb2,en,,1675,False
"Ryan Castro, Blaiz Fayah, Tribal Kush",BOMBASTIK<3,2Kx9AfJPaJib9DwAdDYdB9,es,,2198,False
Creedence Clearwater Revival,Have You Ever Seen The Rain,2LawezPeJhN4AWuSB0GtAU,en,,734,False
Felix Record,Cuentame,2lg4MDfkK2ya3dEAFu6Wh8,es,,1731,False
"El Americano 4KT, Tony Monta",WELCOME,2lGGv17kLfOrdVzNFzuQWM,es,,2950,False
Daniel Caesar,Always,2LlOeW5rVcvl3QcPNPcDus,en,,1237,False
Bad Bunny,BAILE INoLVIDABLE,2lTm559tuIvatlT1u0JYG2,es,,2162,False
Brooks & Dunn,Neon Moon,2M38X60UJnupGPbFTkVPNQ,en,,1480,False
Lana Del Rey,Cinnamon Girl,2mdEsXPu8ZmkHRRtAdC09e,en,,1564,False
"Bryant Myers, Anuel AA, Anonimus, Almighty",Esclava - Remix,2Mgur7BKnpr7OG3izSNFTA,es,,4116,False
"SAIKO, SINAKA, Kennat, Benja Valencia",FLAITEERA,2mh6vP7zo6mDXXKLnpHLPt,es,,3474,False
Joji,Glimpse of Us,2mlNgAeIBnL78ZriXgrRHz,en,,1353,False
V,Love Me Again,2N0SPREDYqILVEFSsWF5N5,ko,,1019,False
Willie Colón,Oh Qué Será?,2n1MTLCis6qPSDKdr5XSDI,es,,3178,False
"LE SSERAFIM, j-hope",SPAGHETTI,2N9miXnewVmUrgl6JSK1FI,en,,2429,False
Linkin Park,Numb,2nLtzopw4rPReszdYBJU6h,en,,1493,False
"Luck Ra, Karina, RAMKY EN LOS CONTROLES",LADRON,2NMctdE1VuUUc4VctEqamB,es,,1140,False
Lana Del Rey,Young And Beautiful,2nMeu6UenVvwUktBCpLMK9,en,,1539,False
Bad Bunny,Enséñame a Bailar,2NMjggapJcXXM7WccGEBUO,es,,1791,False
Los Delinqüentes,El aire de la calle,2PaETSKl3w3IdtLIbDnQXJ,es,,1517,False
"El Bogueto, Anuel AA, Fuerza Regida, Yung Beef",Cuando No Era Cantante - Remix,2pbSCYzxrG0wa6qcj8IyiE,unknown,,0,False
HANA,NON STOP,2q910scaHhg6GmqnUKOGHU,ja,,2384,False
Jose Luis Carrascal,Como Duele El Frio,2QcUxndr7skMMHLElnl4Bo,es,,1851,False
"Mac Miller, Empire Of The Sun",The Spins,2QGVKiAGTa1YcDqPMhAzF7,en,,2441,False
Beéle,top diesel,2QP041AcWg8PwPIWP95RKN,es,,1684,False
"Camin, Rvfv",Golfista,2R0RvdGFAOCznsB85KN0f4,es,,2252,False
Charli xcx,party 4 u,2RdEC8Ff83WkX7kDVCHseE,en,,4106,False
Alex Warren,Ordinary,2RkZ5LkEzeHGRsmDqKwmaJ,en,,1886,False
"neguse., 汐れいら",織姫とBABY,2RMBCQdXkfFArpX3NIuuNm,unknown,,0,False
"GeezyDee, Kris R.",Parche Tranqui,2ROj8GoI45RQouYomaLDTm,es,,4213,False
A-Lin,失戀無罪,2s96YKKpfBUbQP3lJuhkfX,unknown,,0,False
Macaroni Empitsu,恋人ごっこ,2SihT7AVMiI2VtaAyVIcnO,unknown,,0,False
Yan Block,111,2SPBFiD8iITb8CKJGz1TEQ,es,,2002,False
Yeison Jimenez,Se Acabó,2T6BBNQW4t81x2ddqWrGzs,es,,1254,False
"ROSALÍA, Björk, Yves Tumor",Berghain,2T8yuUKl1nhmtaIocqWo4i,en,,977,False
"Blessd, Sebastian Ledher, Tayson Kryss, Joseph Ren",UNA NOCHE DE LOCURA,2tKVinInf0PJS1iG04zzqi,es,,988,False
"Omar Courtz, Eladio Carrion",MOONLIGHT,2TOsEYW3J1miYhmEeI9yBW,es,,3268,False
OneRepublic,Counting Stars,2tpWsVSb9UEmDRxAl1zhX1,en,,2834,False
Jay Chou,告白氣球,2tqF9MPNdYdJU70U0ULO23,zh,,406,False
OFFICIAL HIGE DANDISM,Rashisa,2TRxremVZ0t2JVu5OFxbiA,ja,,934,False
Yorushika,茜,2TSJ1d6cLgHqrrCIRN3bn2,ja,,471,False
"Omar Courtz, Bad Gyal",COMERNOS,2TYZU0Fvfp5b7gbfqdIAq6,es,,2516,False
Macaroni Empitsu,ブルーベリー・ナイツ,2UdvMWk0Z83lMJPbawy2Sm,ja,,567,False
Julia Wolf,In My Room,2Ui2JtVjnbHZuExldryCOA,en,,1069,False
Chris Stapleton,You Should Probably Leave,2UikqkwBv7aIvlixeVXHWt,en,,1192,False
"Bizarrap, Daddy Yankee","Daddy Yankee: Bzrp Music Sessions, Vol. 0/66",2uPMsTEKx79gJ8rB3AcT0v,es,,1822,False
"J. Cole, Miguel",Power Trip (feat. Miguel),2uwnP6tZVVmTovzX5ELooy,fr,,3030,False
Vance Joy,Riptide,2uXlHCUbq9OMUwx3hrk06o,en,,1860,False
Lilas,パズル,2vdoeTuRLpYeyo3JZC9yzR,ja,,756,False
Bestards,不是因為天氣晴朗才愛你,2VEt42QSQxILgEf9B50xxm,zh,,352,False
ATEEZ,Adrenaline,2VKGO4DNyUK5UxCQB3b3DF,ko,,2007,False
Mrs. GREEN APPLE,インフェルノ,2vOAHp8PBBFYqvQUWSoITY,ja,,495,False
Siloé,Todos los Besos,2vSJKKmOEJQA5tr082p5XX,es,,1250,False
J. Cole,Work Out,2wAJTrFhCnQyNSD3oUgTZO,en,,3488,False
Soda Stereo,De Música Ligera - Remasterizado 2007,2WD9ggmpZE7Wodh3qVVCgg,unknown,,0,False
Rene Liu,後來,2wzXhxWPX0aODraKNXoJYY,zh,,502,False
Extremoduro,Si te vas...,2x59pa3xDf8hHZ4N3f5fGQ,es,,2399,False
"Q' Lokura, Los Herrera",Cuidado Que Te Supero,2Xetks48zQL2K7xUbJBHRn,es,,10890,False
"Lil Wayne, Drake, Future",Love Me,2XHzzp1j4IfTNp1FTn7YFg,en,,3902,False
=LOVE,とくべチュ、して,2XS2jEncSJsetNZdVtlpeo,ja,,858,False
菲菲公主,第57次取消发送,2xYrGeWUjwGvB0KMAfUFSd,zh,,321,False
Tears For Fears,Everybody Wants To Rule The World,2YiCMmONQcoMPX2bV1LxE0,en,,908,False
IVE,BLACKHOLE,2ytQFMxdreEFPPZTtyDdqM,ko,,1427,False
"Tate McRae, F1 The Album",Just Keep Watching (From F1® The Movie),2yWlGEgEfPot0lv3OAjuG3,unknown,,0,False
Luke Combs,Sleepless in a Hotel Room,2za9t2qpWyUpIhnJcwopPt,en,,1039,False
CHANMINA,SAD SONG,2zxK14g3shGRbgjUmKaj2x,ja,,1114,False
"Ryan Castro, Kapo, Gangsta",LA VILLA,2ZyrAym0sRLwt4PhGotHuI,es,,2558,False
EggPlantEgg,浪子回頭,301mxTHzMyFOVUXl6U22sf,zh,,417,False
Olivia Dean,A Couple Minutes,312z6PZ8wwREck8613PkJk,en,,1430,False
Hikaru Utada,花束を君に,31yv1hR9gw1WSEmtqsaZbD,ja,,1404,False
Red Hot Chili Peppers,Scar Tissue,32sx78QsGg6pKXn42XvF9L,en,,1603,False
Lit,My Own Worst Enemy,33iv3wnGMrrDugd7GBso1z,en,,1030,False
Neton Vega,Pvta Luna,33MeEaRCeIQMSRyFTr5ZJU,es,,802,False
back number,アイラブユー,34ayWAUrQcrjlKZOJAzqke,ja,,398,False
"Grupo Frontera, Grupo Firme",EL AMOR DE SU VIDA,34vXRJ2bCSFiZKQzVUYVOb,es,,1342,False
Lola Young,Messy,35ISBknsCeZQtq66xABI9g,en,,2493,False
back number,ブルーアンバー,35MeePbBnryubkVG0v8GbI,ja,,406,False
Milo j,M.A.I,35ttE4t8lQZA2vuCYDg4G7,es,,1800,False
Bad Bunny,Si Estuviésemos Juntos,35wvL50xvKpCHEJPxLOLPI,es,,1317,False
Olivia Dean,Dive,36vmaZyO0iAE6FZ7287fg2,en,,1678,False
LNGSHOT,Never Let Go,37xebnhvUyM8VyyDDeo65d,en,,2365,False
HANA,ROSE,3920QegiL2PHmaYYBVwexC,en,,1483,False
Hikaru Utada,First Love,39HrUxcvKF3jtLz7fUDWXc,ja,,685,False
Bad Bunny,NO ME QUIERO CASAR,39L3LdlHS3gqB62HPWaJRg,es,,2612,False
Bruno Mars,Why You Wanna Fight?,3Ac4AjYkqsvop2ydbSAhTX,en,,1815,False
Coldplay,Yellow,3AJwUDP919kvQ9QcozQPxg,en,,1044,False
ZQS,这是你期盼的长大吗,3AKYofM0vFekNthGbpjMpN,unknown,,0,False
HIRAIDAI,また逢う日まで,3awymLmIrvn9lkJeFpmRSf,unknown,,0,False
"Indio Solari, Los Fundamentalistas del Aire Acondicionado",Había una Vez...,3ayHT7okY784fCWMYDbspt,es,,853,False
Tory Lanez,The Color Violet,3azJifCSqg9fRij2yKIbWz,en,,1710,False
Don Toliver,E85,3B4cjvGlPvyBLNG3AzEgkZ,en,,1613,False
"French Montana, Swae Lee",Unforgettable,3B54sVLJ402zGa6Xm4YGNe,de,,3194,False
1119,福气马上来,3b6RZmPmYzg2mRyfoIznYS,unknown,,0,False
Quevedo,TUCHAT,3bAAv8knmzFpYQsLFoK6de,es,,2834,False
PornoGraffitti,アゲハ蝶,3blWd9ZEt4VSY5udhugpRs,ja,,659,False
Crowd Lu,愚人節快樂,3bQeHxH1x4pVUfsRpuLAlH,zh,,457,False
"ARIA VEGA, Ryan Castro",CHÉVERE (premium_remix),3CBEVPwR3kUXDoTx1lqFUQ,es,,2978,False
"Tony Dize, Plan B",Solos,3CbiuLMBPM6uV4a7HvkOib,es,,2259,False
HWASA,Good Goodbye,3cLXrotzCjYCkN73PewALM,ko,,878,False
"Kris R., Blessd",COSITAS,3ClyThLf2bguwdMcm7hqZ2,es,,2666,False
Olivia Dean,The Hardest Part,3cPoiK69oQ1SdbB2j2ulGm,en,,1727,False
Twenty One Pilots,Stressed Out,3CRDbSIZ4r5MsZ0YwxuEkn,en,,2673,False
"Disco Lines, Tinashe",No Broke Boys,3cZajhyr8LmtPfHZ9296tj,en,,2140,False
"Shakira, Wyclef Jean",Hips Don't Lie (feat. Wyclef Jean),3d0WouFnFmr0K3kjeza3fF,en,,4573,False
"Jere Klein, Katteyes, Mateo on the Beatz",TODO KE VER,3D9mWy43zoJFWQUE6sz6ax,es,,2032,False
"KAROL G, Marco Antonio Solís",Coleccionando Heridas,3ddJ8Vbc5tYPxq5zKRVke6,es,,1233,False
Hozier,Take Me To Church,3dYD57lRAUcMHufyqn9GcI,en,,2240,False
Vaundy,Tokimeki,3e0Td8QexmD5l3DJzXbbcC,ja,,1139,False
"Peso Pluma, Tito Double P",dopamina,3e32UUqXzrI4g2y5kNZrwC,es,,1585,False
Ele A El Dominio,Hace Mucho Tiempo,3eIvjtwoYC16ElxYE6ph7J,es,,3480,False
CORTIS,"Mention Me - From The Movie ""GOAT""",3f0OEJd7mlPNhmH3fUOrqy,en,,2664,False
"Alzate, Yeison Jimenez",Mi Venganza,3f4AsGGYt94t7g1lHcsa8D,es,,1379,False
XG,HYPNOTIZE,3fEX9NgOeklq816Fw00uoo,en,,2141,False
Linkin Park,Somewhere I Belong,3fjmSxt0PskST13CSdBUFx,en,,1979,False
Chris Stapleton,Tennessee Whiskey,3fqwjXwUGN6vbzIwvyFMhx,en,,1033,False
Juliana,El AchanTAdo,3fr52NaaVxb2UxPNxDtaQx,es,,1931,False
Willie Colón,Talento De Televisión,3fRIuTih8bzc0vtY9fHhvF,es,,2948,False
BLACKPINK,GO,3FZPp9lBUvhsxFxKJi3VkB,en,,1557,False
"Kendrick Lamar, SZA","All The Stars (with SZA) - From ""Black Panther: The Album""",3GCdLUSnKSMJhs4Tj6CV3s,en,,2759,False
Arcángel,Me Prefieres A Mi,3GhmL9fuM8jwGcHCFbeo3v,es,,2357,False
Chris Stapleton,Think I'm In Love With You,3Gn1zuHNLtGuGEOXwq0k7e,en,,1671,False
Lilas,恋風,3gw8n3DG28VaYGuVc3lqxl,ja,,441,False
back number,ヒロイン,3hBAYbAECEix9raaTq8S3H,ja,,543,False
The 1975,About You,3hEfpBHxgieRLz4t3kLNEg,en,,1116,False
noa,1000 days of moments,3HGHvxci8vnRg7RZ5E6lzi,ja,,676,False
Fuerza Regida,Marlboro Rojo,3hpm0fTeSqlhJbnqAgaLZs,es,,1023,False
Hotel Ugly,Shut up My Moms Calling,3hxIUxnT27p5WcmjGUXNwx,en,,1348,False
"Blessd, Anuel AA, SOG",TE CANTO BAJITO,3I1jcOmPwnzUR5yduDK3yb,es,,2628,False
Pei-Yu Hung,再見的時候 - 電影〈陽光女子合唱團〉主題曲-再見版,3IBYp3fKyydZ5dDtirLY6P,unknown,,0,False
"Yapi, SOUNDPLUG",POR TI,3Ip1sc72P5uz8BUB9kb4QQ,es,,1335,False
艾薇 Ivy,天使借的溫柔,3ITUmRLMjxf3ZqCPSDD2gk,unknown,,0,False
Airbag,Ganas de Verte,3JCian69xIfy8A4799Og5f,es,,1047,False
LAJA,SETEADORA,3jKrhSKDKOUlKYpNL12zjb,en,,2632,False
"Bad Bunny, Bomba Estéreo",Ojitos Lindos,3k3NWokhRRkEPhCzPmV8TW,es,,2675,False
"Eugenia Quevedo, La banda de Carlitos",Como Lo Hizo? - En Vivo,3KAdpFK7rveKAAwpgjwhNn,es,,3576,False
Yeison Jimenez,Un Perro Enamorado,3kcr3teEgyTOVIAxMPOPeO,es,,1329,False
Vaundy,呼び声,3kQf453SpkwX7ALdgzNSNY,ja,,671,False
Plan B,Es un Secreto,3KZCP2StVGdWkOKyRZNWA4,es,,1963,False
Fujii Kaze,Kirari,3L7ISJTvKx56uhsF28aJ4p,ja,,640,False
A-Mei Chang,連名帶姓,3LlQoKvVnkVvq3KC8anUn8,unknown,,0,False
Melendi,Fecha de Caducidad,3LTHhkihfdgYtQMUNJQBgv,es,,1710,False
Quevedo,NI BORRACHO,3ltpc2goYCfKT8AbWwqQvc,es,,3970,False
Jimin,Be Mine,3LWVXp636uLT356Rj08Jaz,en,,1806,False
"KAROL G, Feid, DFZM, Ovy On The Drums, J Balvin, Maluma, Ryan Castro, Blessd",+57,3mg9jYNC1NihbthlglzrWP,en,,4114,False
Pets Tseng,一個人想著一個人,3n3zzFH7zzO0gJNaw4RKSm,unknown,,0,False
"Don Omar, Kendo Kapponi",RX,3NgDulHteTVdF026IxY5bW,es,,3273,False
El Plan De La Mariposa,Túnel de la Vida,3NlHH9zJ9uGXkm6NJDbLnO,es,,1088,False
Fish Leong,慢冷,3NNDJfWMGHuNpvHWTImmlW,zh,,445,False
The Script,The Man Who Can't Be Moved,3nqqDo8CcCLke3ZoTgiOKf,en,,2461,False
Omar Courtz,OUTRO,3nREMKR9AuM6AikqWwcAUA,es,,3761,False
Crowd Lu,刻在我心底的名字 (Your Name Engraved Herein) - 電影<刻在你心底的名字>主題曲,3OC84eKMxRJ4x0Hcwl9i4i,unknown,,0,False
HANA,Drop,3OOKZkrUWnMdWJFAvy0b58,ja,,1524,False
"Dave, Tems",Raindance (feat. Tems),3oTuTpF1F3A7rEC6RKsMRz,pt,,3606,False
David Tao,"愛, 很簡單",3OXHwY8gI2QUh0QliXBwrI,zh,,841,False
SUDA MASAKI,さよならエレジー,3oYD2O31b05fILFpv0AXRI,ja,,425,False
SPITZ,空も飛べるはず,3P2aSkjcbUYbcYr13EFE8n,ja,,330,False
Cigarettes After Sex,Cry,3p4hRhMcb6ch8OLtATMaLw,en,,553,False
"BigXthaPlug, Ella Langley",Hell At Night (feat. Ella Langley),3pAVk6Ydn0dcGpG8gDyxSJ,en,,1866,False
"PEPU, Nico Valdi, Pizzu",FAR AWAY,3pcXMfSwwXGcucdrDb6Awd,es,,1465,False
Airbag,Verte De Cerca,3pevHGhwL0brjFQfPABwns,es,,1128,False
Billie Eilish,WILDFLOWER,3QaPy1KgI7nu9FJEQUgn6h,en,,1537,False
Djo,End of Beginning,3qhlB30KknSejmIvZZLjOD,en,,988,False
back number,花束,3QIAwtEEDOrv0g5NKCGrXZ,ja,,591,False
"Jay Chou, Lara Liang",珊瑚海,3Qj9Fy8BPbWmICTiNkuqB7,vi,,1551,False
"Zion & Lennox, J Balvin",Otra Vez (feat. J Balvin),3QwBODjSEzelZyVjxPOHdq,en,,2350,False
陳粒,小半,3QxWTqyIT4O9bokIZlNDpo,unknown,,0,False
NewJeans,Ditto,3r8RuvgbX9s7ammBn07D3W,ko,,1305,False
Tate McRae,greedy,3rUGC1vUpkDG9CZFHMur1t,en,,1447,False
back number,水平線,3RvdkNMcSy71m0aT6UF9Uf,ja,,488,False
Q' Lokura,Quédate / Soy Favela / Lo que hay x aqui - En Vivo,3sfrXcrMPS2KMQmzdmjEmp,unknown,,0,False
The Marías,No One Noticed,3siwsiaEoU4Kuuc9WKMUy5,en,,1541,False
艾薇 Ivy,失重前幸福,3SJgTyb8a7z66suw0kBZ0T,zh,,261,False
Bad Bunny,DtMF,3sK8wGT43QFpWrvNQsrQya,es,,2467,False
Number_i,3XL,3sNbkM4pIy1l7p6K2lhpvm,ja,,1072,False
Mancha De Rolando,Arde la Ciudad,3SyKG06yOK3omo29EwZ8dP,es,,975,False
小阿七,从前说,3t5edAHbyFEW67wFApp7EO,zh,,1117,False
La T y La M,Soy Favela,3TfRpsYPQSXqqramSoWlNg,es,,1429,False
"Big One, FMK, Ke Personajes",Un Finde | CROSSOVER #2,3tiJUOfAEqIrLFRQgGgdoY,es,,1414,False
HANA,Tiger – HANA with HONEYs Ver.,3TJSJtYzjxRaDi0ULwwyTt,ja,,1304,False
Dani Fernández,Me has invitado a bailar,3tMftGMXTPbQlmjh4FzXpZ,es,,1799,False
Manuel Turizo,La Bachata,3tt9i3Hhzq84dPS8H7iSiJ,es,,1324,False
Dalmata,Dile a Tu Amiga,3u2jlo9kygiIAq7SPVuw6S,es,,2194,False
"El Americano 4KT, THE FAVORITES",MAMAXITA,3UJN0IUZIeXnrmo48e6XXx,es,,1893,False
Cosculluela,Manicomio,3UVM7rdOSbm2vKDXB9SsWo,es,,2440,False
"Kaguya(cv.Yuko Natsuyoshi), Yachiyo Runami(cv.Saori Hayami), TAKU INOUE",ray - Cosmic Princess Kaguya! Version,3V5bJpqNCHHi56pGZHNy1f,unknown,,0,False
A-Lin,幸福在歌唱 - 電影《陽光女子合唱團》幸福版主題曲,3VHi5bCUek6XdiDmqqrirs,unknown,,0,False
"Disney, Shakira",Zoo,3vJIaiTIHxHhYafTSPNiH4,en,,2608,False
Kenshi Yonezu,1991,3voShTcaRtbYVSPGuCLAzw,ja,,407,False
Boza,Hecha Pa' Mi,3VvA1wSxukMLsvXoXtlwWx,es,,2229,False
Baby Keem,Ca$ino,3VW6HJYa5l0uzGcCRA222P,en,,4323,False
CHANMINA,Angel,3vXHM9HaxNYrky9r1zxLWa,en,,1703,False
"i-dle, skaiwater",Mono (feat. skaiwater),3VxmXJ4FdtbWI27p3Gx4Wh,ru,,2218,False
"Juseph, La Pantera, Lucho RK",CUPIDOxX,3vYFpgpkQF0EY5E9h9BF1r,es,,3514,False
"艾薇 Ivy, 吳霏",我受夠了,3w71TlXbEeZeZcI7BtHy2G,unknown,,0,False
Yorushika,ただ君に晴れ,3wJHCry960drNlAUGrJLmz,eo,,1129,False
Zach Bryan,Something in the Orange,3WMj8moIAXJhHsyLaqIIHI,en,,1356,False
Patrick Brasca,單程票,3woBOD3Ldh81fAwpsnD8yC,unknown,,0,False
Crowd Lu,一夜一夜一夜,3wofqqt5YJWdhLI9IFaX39,zh,,484,False
"Eugenia Quevedo, Angela Leiva, La banda de Carlitos",No Podrás - En Vivo,3X8jKI7kHrbhqgLboG14tw,es,,1771,False
Fito y Fitipaldis,Antes de que cuente diez,3xiNRrrVROKlHrflHGNTfG,es,,1237,False
=LOVE,ラブソングに襲われる,3xIy1bAkKbLtXdzHKwCjqE,ja,,6645,False
Stefanie Sun,遇見,3xJK8ywApYVEYIDhymYMC6,zh,,322,False
Benson Boone,Beautiful Things,3xkHsmpQCBMytMJNiDf3Ii,en,,1234,False
Frank Ocean,Pink + White,3xKsf9qdS1CyvXSMEid6g8,en,,1736,False
"Rawayana, Manuel Turizo",Inglés En Miami,3Y1xjjepdqMP141ipYCAqA,es,,1796,False
Los Auténticos Decadentes,Loco (Tu Forma De Ser),3ydweVPwq9PCEVJ8WwqT6u,es,,1281,False
Mrs. GREEN APPLE,Soranji,3YML5IHoqWbw9c9vJJvrvM,ja,,729,False
"CHANMINA, No No Girls FINALISTS",SAD SONG - From THE FIRST TAKE,3ySFBoxNHK3YgU1D9AyMl3,en,,1357,False
Taylor Swift,Opalite,3yWuTOYDztXjZxdE2cIRUa,en,,2080,False
Empire Of The Sun,We Are The People,3zEN0ii6s4DHHBpnTp3RP7,en,,1816,False
"JC Reyes, Slayter",LOQUITA,3zkGK0pIRra9Mql8fKmROf,es,,1802,False
Fito y Fitipaldis,La casa por el tejado,428cFrawSqeLoyooQjAW9d,es,,1874,False
Yeison Jimenez,Por Qué la Envidia,433eYQkvCgJKXh1o7LtplV,es,,1045,False
BLACKPINK,Champion,43BJVWcBzHRIDaQCg7abnX,en,,1372,False
Laufey,From The Start,43iIQbw5hx986dUEZbr3eN,en,,1027,False
"No Te Va Gustar, Juan Casanova",Tan Lejos,44m9PAUZYeOEGeaTYh6NAl,es,,1085,False
Airbag,Nunca Lo Olvides,4581iSIX0QZNNzAQRysF3k,es,,1259,False
Kenshi Yonezu,アイネクライネ,45YBVp6zMwQZRbUDcPzmMB,ja,,735,False
Harry Styles,Aperture,45Z3m6yazmAi4jZuW0tzW0,en,,1439,False
"Ryan Castro, Dongo",SANKA,46ufabZP6oK3ixmN6Gd753,es,,2094,False
LNGSHOT,Moonwalkin',46V2ciN6F5bxjQWityNhkY,ko,,2110,False
"Tainy, Bad Bunny",MOJABI GHOST,46YjJXVXWHlQ21odKktg5e,en,,2046,False
Melendi,Caminando por la vida,47rUM6vGXo8gBGpeG5TuU7,es,,2130,False
Hades66,YO QUIERO,47sQ0h1xhlDWJ3nHbwYPrg,es,,2602,False
Kapo,OHNANA,482PEx8hfMHSsuGtHd960A,es,,1594,False
BABYMONSTER,PSYCHO,491ca80N1C63tpoLvAsLKb,ko,,1761,False
sakanaction,新宝島,4a48lWUd64bZgHUDx0GZlj,it,,731,False
"Luister La Voz, maikol el insoportable",Ozono,4acvrfbXrDPFQNNDnFZnpC,unknown,,0,False
Milo j,Niño,4aDbrgm1ZaebS1Bb2dOXac,es,,1518,False
"Lauta, Amigo de Artistas, Tote",Puñaladas,4AL4EamHEBKPpdcFRkYdXN,es,,1350,False
"Topboy TGR, Kzadores",MÁS DE AHÍ,4ATzrqMF84B9iSCGUUqfTT,es,,2656,False
颜人中,有些,4bDJJr7yG31MApWuvEasAo,zh,,2473,False
Andrew Tan,天后,4D0KlK4Fl8lotvsoys1bYQ,zh,,557,False
F.I.R.,Lydia,4D4KVgVNxed4Hd3rGWlCo2,en,,1118,False
Yeison Jimenez,MLP,4DAMvNqHt0s8zJr6JwOoye,es,,1128,False
Cheer Chen,太聰明,4DCB1S7G6SmH9qlDpEVIzP,zh,,427,False
Siloé,"Si Me Necesitas, Llámame",4DEdfr4plBy97DH4YPg4At,es,,1465,False
"Los Ángeles Azules, Emilia","Perdonarte, ¿Para Qué?",4dLLdfiniBhDP9dlJQIOi4,es,,1456,False
"Trap Capos, Noriel, Bad Bunny, Arcángel",De las 2 (feat. Bad Bunny & Arcángel),4DS7HoqrKq1dDjeYOKBlu9,es,,2971,False
Harry Styles,As It Was,4Dvkj6JhhA12EX05fT7y2e,en,,1166,False
Fresto Music,Me Hace Daño Verte,4dyzxv5SsdBtunuU3qj7Ti,es,,2925,False
CORTIS,FaSHioN,4ecdsGz3Hg6TKPwQ0ZOdJz,ko,,2115,False
"J Alvarez, Ñejo & Dalmata","Sexo, Sudor y Calor",4eDjNcAyIuJFhQ31Fvvoc1,es,,3226,False
"Pinky SD, Un Poco de Ruido, Uriel Lozano",Conmigo Te Gustó,4eqXTlaHeK6xkM1fRx9wR5,unknown,,0,False
Vaundy,花占い,4ETc1oFREuqQss7VQ1Y4mj,ja,,597,False
Kanye West,Heartless,4EWCNWgDS8707fNSZ1oaA5,en,,2269,False
Crowd Lu,幾分之幾 - 電影<花甲大人轉男孩>主題曲,4F7ZAsndEIJXyFzJUHNlRu,unknown,,0,False
"Boza, ELENA ROSE",orióN,4feh4Ak3ZJfC6ibxkNzlkE,en,,2613,False
sodagreen,小情歌,4FhJ7YSRxATHnaRg4nGs6t,zh,,517,False
PIZZALI,做我的初戀,4flk8ZgDFry6o2t0SdKsnB,unknown,,0,False
back number,HAPPY BIRTHDAY,4FMz2RFrbDGzJO7K4D0vS3,ja,,469,False
Remioromen,Sangatsu Kokonoka,4g066xFUp3cTUuTfOCPytT,en,,1121,False
"DJ Japa NK, MC Meno K, MC Ryan SP, Mc Jacaré, DJ DAVI DOGDOG",Posso Até Não Te Dar Flores,4G7bbgD2DHORU4frrWoCXp,pt,,1712,False
"郭家瑋, DIOR 大穎",過了幾天(合唱版),4GEWZ1vDFVkmhG55zpKFLO,pam,,1146,False
Morgan Wallen,I Got Better,4gfrYDtaRmp6HPvN80V2ob,en,,1740,False
back number,ハッピーエンド,4GqO80eGXA542oTvlYv4LS,ja,,597,False
"Tainy, Rauw Alejandro, JHAYCO",ROSITA,4HyPxBQDLUnY3w7gukITrW,es,,2246,False
NMIXX,Blue Valentine,4i0HNuFEH6P6K4UnsY5uUh,ko,,1756,False
Bruno Mars,On My Soul,4i4BVY2JiH4mDSLIBdNGKD,en,,1392,False
頑童Mj116,SPOTLIGHT,4IazYww9msi3dR81d9itO7,unknown,,0,False
Tani Yuuki,W / X / Y,4IfrM44LofE9bSs6TDZS49,ja,,1067,False
en王翊恩,我走后 (深情版),4iWXBvFiGanzt0ntGnMALN,unknown,,0,False
SZA,Snooze,4iZ4pt7kvcaH6Yo8UoZ4s2,en,,2185,False
Yuuri,ベテルギウス,4JK1kDUdH9RTBQrrSO1QfR,ja,,647,False
Aimyon,Naked Heart,4Jv7U0JJpbQnOrjtDwDZTZ,ja,,369,False
Brent Faiyaz,butterflies.,4jyyma8YdFC4S4llusSFRu,en,,1882,False
Kris R.,GANAS,4KE9Ne3hgh18B3Th4xcylg,es,,2159,False
Extremoduro,La vereda de la puerta de atrás,4kJP8Z888wREJ8bRMWNMuk,es,,1430,False
Yuuri,ドライフラワー,4kPlQKwtPrnqLgrmmKFSlA,ja,,576,False
"Luciano Pereyra, Ezequiel Y La Clave, Un Poco de Ruido, Pinky SD",Si No Es Muy Tarde - Versión Cumbia,4KRlNVLHn2ZgGvpjnga31N,unknown,,0,False
Miranda!,Tu Misterioso Alguien,4ksf1UdqNc9pU8R4ZZrgdY,es,,1227,False
"Zach Bryan, Kacey Musgraves",I Remember Everything (feat. Kacey Musgraves),4KULAymBBJcPRpk1yO4dOG,ja,,918,False
"Luck Ra, Miranda!",TU MISTERIOSO ALGUIEN (CUARTETO) (feat. Miranda!),4Kzi8hXKkT87SQoYClizh0,es,,1136,False
"Peso Pluma, Tito Double P",7-3,4lzo6zPM2paqyP8oBp3DOs,es,,1489,False
Lauv,I Like Me Better,4MagTPnkPiDuIa4P8GtW1b,en,,1326,False
Bad Bunny,MONACO,4MjDJD8cW7iVeWInc2Bdyj,es,,3139,False
Bad Bunny,KLOuFRENS,4MUrUT38U98olfnyzMBCzm,es,,1988,False
Patricio Rey y sus Redonditos de Ricota,Tarea Fina,4mZHvbJWkK9uVmD9SvHKao,es,,761,False
"Mr Plata, El Americano 4KT",Las Muñequitas,4nJJCRYru4QQakCiUA155f,es,,3033,False
Herencia De Grandes,Ya Borracho,4NyUIohBa3CEMGcXURYSOh,es,,1001,False
Noah Kahan,Northern Attitude,4O2rRsoSPb5aN7N3tG6Y3v,en,,1403,False
"Abraham Mateo, Ana Mena",Quiero Decirte,4Oc1qHsjM4kM0AARvlwSs3,es,,1992,False
"Kenshi Yonezu, Hikaru Utada",JANE DOE,4oE7MyJhqSD3BaHRpNs8Nl,ja,,561,False
Ricky Hsiao,末班車,4oELKeBS6hWwN3CTuN6acA,unknown,,0,False
CANDY TUNE,BAIBAI FIGHT!,4oiJ7VynczppKs3oRObXSG,ja,,1904,False
Jay Chou,說好的幸福呢,4OoExItZJ0jePoCZDbHx4t,zh,,585,False
ROSALÍA,Reliquia,4ORvXsPK9AJmDzm36BYcdy,es,,1146,False
"Myke Towers, Quevedo",SOLEAO,4OsBqqMwFabHATATT527tH,es,,2317,False
Frank Ocean,Novacane,4osgfFTICMkcGbbigdsa53,en,,2881,False
"ROSALÍA, Yahritza Y Su Esencia",La Perla,4oVO4fGNRRvEn0CRuFO4qv,es,,1331,False
"Marc Seguí, Rauw Alejandro, Pol Granch",Tiroteo - Remix,4OwhwvKESFtuu06dTgct7i,es,,2906,False
"Kris R., ROA",PASIÓN Y SEXO,4pjkZyNZnOJEPpBmzOqTC2,es,,2839,False
Bad Gyal,Da Me,4ppQIsBpwNRKjOPPBZTgd0,es,,1164,False
"Ryan Castro, Blessd",LEJANIA,4py8x8qXCOTi0Rrm4NbCTK,es,,2318,False
Mrs. GREEN APPLE,ダンスホール,4QIKSlDV5YIjr0kqT1Ad32,ja,,560,False
"Pitbull, AFROJACK, Ne-Yo, Nayer",Give Me Everything (feat. Nayer),4QNpBfC0zvjKqPJcyqBy9W,ru,,3824,False
"Aissa, Rvfv, Kreamly",MUCHACHA,4rDCRcln8WCHWPRt0YTFLs,es,,1949,False
Bruno Mars,It Will Rain,4rMNgxEwGWoPHIUcvB5BrB,en,,1622,False
CHANMINA,花火,4rtJHOlUnGem3BQCVWfrjD,ja,,759,False
于冬然,座位,4s3iUkYgh9gCeGYqCODrQe,zh,,18892,False
"Rauw Alejandro, Chencho Corleone",El Efecto,4SJHHpKhcuXwDsCsPqshXj,es,,2351,False
Mon Laferte,Tu Falta De Querer,4skuEIloXWuxxgekKupkEH,es,,1065,False
"Blessd, Los Money Makers, Prodmonja",URUS BLUE,4sTnItbNUAcS5KDG6vTA5B,es,,2940,False
"Maria Becerra, El Alfa, XROSS",HACE CALOR,4tabsd3NLLwuT90wkuNh7C,es,,2600,False
Yeison Jimenez,El Mejor Caballo,4Udf3NPZZVggwmVXHcjuqA,es,,2163,False
rusowsky,malibU,4uulymZhmebsjKedRaJ1gQ,en,,2126,False
"Patrick Brasca, mac ova seas",左轉燈 (1000 Times+1),4UwZyC0wEV6XDEAr9kaQhi,zh,,713,False
Bad Bunny,Otra Noche en Miami,4vCAzANUWDE24URV6wQ4ra,es,,2050,False
Leehom Wang,愛錯,4vdX5mQE0oXkflFqsqQkUP,zh,,456,False
Manuel Turizo,Por un Pendejo no se llora,4VPl3WGYKxQG8EVis7uLDt,es,,1438,False
Willie Colón,Gitana,4VTb5wB46sZDsfL8XgroGt,es,,2860,False
"Sean Kingston, Justin Bieber",Eenie Meenie,4vVTI94F9uJ8lHNDWKv0i2,en,,2418,False
Tyla,CHANEL,4VxTzYm00mg82MuoT35Ja7,en,,2770,False
La Oreja de Van Gogh,Rosas,4waqcUQWdj0yH26STWl2Rq,es,,1806,False
GReeeeN,遥か,4wBFubvNAwVox8q4SYXHqU,ja,,568,False
"JISOO, ZAYN",EYES CLOSED (with ZAYN),4WFfPxJv1KRekG6mxn837K,en,,1882,False
Ravyn Lenae,Love Me Not,4WFgvKVfEhb3IUAFGrutTR,en,,2354,False
"ROSÉ, Bruno Mars",APT.,4wJ5Qq0jBN4ajy7ouZIV1c,en,,2063,False
Blessd,Palabras Sobran,4wu7jIeJCUhQJaXsXVit0e,es,,2700,False
Dei V,Te Capie,4WXVp5dzCDDaQjr4Ueukbm,es,,2726,False
WOODZ,Drowning,4xeugB5MqWh0jwvXZPxahq,ko,,930,False
JOLIN,倒帶,4XipvtwRgtUrGb2j2l0wNG,zh,,500,False
Stefanie Sun,我不難過,4XrWar13kLO1jr535AzKrQ,unknown,,0,False
黃小琥,沒那麽簡單,4xZIMRwaaBx7CZMmM6KLuh,unknown,,0,False
A-Mei Chang,掉了,4yLirljV93Y0vIoERjeTv5,unknown,,0,False
Kapo,NO CRY,4YM3IYESNKXWYHbPXvMMVD,es,,1694,False
Yeison Jimenez,Maldita Traga,4ysgNOWbc02RUnCxQMzpeL,unknown,,0,False
"Clarent, Omar Courtz",Scat Pack,4yWrEuYXr9YB1nHbuPxfUU,es,,2827,False
"Don Toliver, Rema",Secondhand (feat. Rema),4Z5KKoBGxpJo8YbDcGQXd5,tr,,3327,False
Tito Rojas,Siempre Sere,4ZGk5h0sIfeunWEKzXEoHr,es,,2310,False
"Beéle, Ovy On The Drums",mi refe,4zhk2RS2EZODmBW6il55Qj,es,,1381,False
Saucy Dog,Cinderella Boy,4ZIr1NSxVihtHcD6EnG65f,ja,,512,False
Zach Bryan,Pink Skies,4ZJ4vzLQekI0WntDbanNC7,en,,1227,False
"Kapo, Ryan Castro",DÓNDE,4zqFA9MOG86u7uugR8QFDU,es,,2468,False
EggPlantEgg,閣愛妳一擺,4Zwn8WxD61diTwqv9hyTQA,zh,,592,False
Justin Bieber,Love Yourself,50kpGaPAhYJ3sGmk6vplg0,en,,2132,False
Jin,Running Wild,50zAEIE4B1QqhPjRMK2Xmh,en,,1131,False
Wu Bai,夢醒時分,51fGtLs5vdK2NOumVhMXru,zh,,439,False
Gracie Abrams,"I Love You, I'm Sorry",51rfRCiUSvxXlCSCfIztBy,en,,1515,False
Ariana Grande,we can't be friends (wait for your love),51ZQ1vr10ffzbwIjDCwqm4,en,,1768,False
Omar Courtz,SKY,52eJOGfsKEEkHrfZt6Kl3p,es,,2244,False
"Kris R., GeezyDee, Prodmonja",BOBADITA,52IeC2QBiJqk9jAR5gbe14,unknown,,0,False
Taylor Swift,The Fate of Ophelia,53iuhJlwXhSER5J2IYYv1W,en,,2430,False
"Charlie Puth, Selena Gomez",We Don't Talk Anymore (feat. Selena Gomez),54PbBpquVfhfrwRwvjSXbI,ar,,2041,False
Rainie Yang,雨愛,553GNiNqcudWfsF55RBDqz,zh,,489,False
EsDeeKid,4 Raws,554qQSs9lpRVq6TlaaiIKT,en,,2534,False
G.E.M.,多遠都要在一起,55d0jw269HE9pbOt5ntCo8,zh,,467,False
RAYE,WHERE IS MY HUSBAND!,55lijDD6OAjLFFUHU9tcDm,en,,3436,False
"LAJA, JC Reyes",SETEADORA REMIX (with JC Reyes),55ZSaezLr7fNrkLL0WCpOD,en,,2391,False
"The Kid LAROI, Justin Bieber",STAY (with Justin Bieber),567e29TDzLwZwfDuEpGTwo,en,,2176,False
"Kenny Die, Blessd, Kris R., Sebas",Ultra Complicado (feat. Sebas) - Remix,569xAmXCkpM3IsEOiG4hWe,es,,3853,False
Morgan Wallen,Whiskey Glasses,57TEkZN3f84tFJFHFrD4pO,en,,2758,False
Jay Chou,七里香,57w29bSwdIZ6gr6xXOqwc1,zh,,509,False
Mrs. GREEN APPLE,クスシキ,57zS3lPil2VxdlBLXHu8l2,ja,,609,False
"高爾宣 OSN, Patrick Brasca",Hold On,580BvW3DyUNoYFgQgoD2GI,zh,,1323,False
Morgan Wallen,Last Night,583dMdiUquLMenarTp7PQm,en,,1886,False
Arctic Monkeys,505,58ge6dfP91o9oXMzq3XkIS,en,,1120,False
"Juseph, Quevedo",CHUOS,58l1aV1cOGrHMsm2j3GU2W,es,,3408,False
"Quevedo, La Pantera",HALO,58ldPuiCULxm08TCZ8qX4D,es,,3161,False
Omar Courtz,POR SI MAÑANA NO ESTOY,595wwjQiad6e6lSTScmXvz,es,,3383,False
Malcolm Todd,Sweet Boy,59c2xv2kMzYM6HR9oY6BIa,en,,1189,False
Bad Bunny,VOY A LLeVARTE PA PR,59D4DOkspUbWyMmbAPQkxZ,es,,1978,False
"B.o.B, Bruno Mars",Nothin' on You (feat. Bruno Mars),59dLtGBS26x7kc0rHbaPrq,pt,,2575,False
Aimyon,君はロックを聴かない,59eluCMn0XbOWqeWQ91FTM,id,,1232,False
Kenshi Yonezu,IRIS OUT,59hVbgr8rfYkDbHfr8RcGI,ja,,955,False
Khalil Fong,愛愛愛,59lBAMCis4C6NsPdUV35Vz,zh,,562,False
HANA,Burning Flower,5a3s0iaDfGW06yLfwFnmT7,ja,,1529,False
CHANMINA,Never Grow Up,5aDgM8rYPT15CqjkN1EIKq,ja,,1034,False
Nirvana,Come As You Are,5AEOqLsRJFAoSS4ay4Jzao,en,,667,False
Omoinotake,幾億光年,5Ak1F5nGzM4KRhE0H1Q3CP,es,,1626,False
"Yan Block, De La Rose, Hades66, Ñengo Flow",444 - Remix,5AK6QqM8aUXXTk6oY00ZRh,unknown,,0,False
Mrs. GREEN APPLE,青と夏,5BC6kr6etk2Y9J62AyI4i3,ja,,541,False
GRECAS,Que culpa tiene el lunes de no ser un sabado,5bDRGw4njjPCO5ZYvSgRXr,es,,1484,False
Callejeros,Creo,5Bi9Cq5oVFy1OtUgecbegZ,es,,1192,False
Farruko,Cositas Que Haciamos,5BrVJGkFTBPAMRl5hIE9A7,es,,2438,False
Justin Bieber,DAISIES,5BZsQlgw21vDOAjoqkNgKb,en,,1581,False
Charlie Puth,Attention,5cF0dROlMOK5uNZtivgu50,en,,2565,False
Eric Chou,怎麼了,5cU1O9P0EDA0rPkPDykhIm,zh,,641,False
"C. Tangana, Niño de Elche, La Húngara",Tú Me Dejaste De Querer,5ddFjrPG8NgQQ6xlOQIVd2,es,,1881,False
Omar Courtz,⁠LUCES DE COLORES,5dDlknAL9imbXXl7uG7oqe,es,,2377,False
"Yan Block, TORRRES",Yo sé,5DdLSEyKh8zgCrJq2hFj92,es,,1522,False
Ronghao Li,"不將就 (電影""何以笙簫默""片尾曲)",5DH8nF7aWoXXg5Sm3gjCWD,unknown,,0,False
"G-DRAGON, TAEYANG, DAESUNG",HOME SWEET HOME (feat. TAEYANG & DAESUNG),5doooVlMVRZztQbySqARMI,en,,2321,False
Yiyo Sarante,Manos de Tijera,5ds1Hh3lo4JUF2vflqyayK,es,,3067,False
Fleetwood Mac,The Chain - 2004 Remaster,5e9TFTbltYBg2xThimr0rU,en,,1367,False
Rihanna,Breakin' Dishes,5EcG8eMMlwkHRVa4aTR1qd,en,,2087,False
Tan Bionica,Obsesionario en La Mayor,5EGVGkRRJ2udpRnVGpx8LM,es,,1557,False
TWICE,What is Love?,5Ek40FyMPprcvtyZDjqylX,ko,,1527,False
Hearts2Hearts,STYLE,5EoV2HmAlkqN1XvsIjOBZZ,ko,,1690,False
Eric Chou,摯友,5evE7bweEhX83fd1ZmwPjP,zh,,506,False
BTS,Life Goes On,5FVbvttjEvQ8r2BgUcJgNg,ko,,1071,False
Shaboozey,A Bar Song (Tipsy),5fZJQrFKWQLb7FpJXZ1g7K,en,,2187,False
Bruno Mars,Locked out of Heaven,5g7sDjBhZ4I3gcFIpkrLuI,en,,1657,False
Ultraligera,Lapsus,5gaHUShVDYB2kn5s0xzIAi,es,,1266,False
Saucy Dog,Itsuka,5gjAdhfzftzFR7sriEYUCt,ja,,563,False
Fujii Kaze,Michi Teyu Ku (Overflowing),5glPFBAuA1C85tBcVWVzvO,ja,,545,False
"Peso Pluma, Estevan Plazola",HOLLYWOOD,5GTBdEjZe7zEDp1N0eCZE4,es,,1935,False
"DesaKTa2, Aneley",Estaba Aqui Pensando,5GUgnXDDO4raKkT9lO5F1x,es,,76741,False
V,Slow Dancing,5h1BN75CEh8wdSwE1xrbSe,ko,,547,False
BLACKPINK,JUMP,5H1sKFMzDeMtXwND3V6hRY,en,,1519,False
Adolescent's Orquesta,Virgen,5HCGrYR7g9u2X9Ju83yQLm,es,,1797,False
"La Combinación Vallenata, Jean Carlos Centeno",Ayer Y Hoy,5HCk7iruzhQ1FbxyS3igmM,unknown,,0,False
"Jory Boy, Bad Bunny",No Te Hagas,5hKjEpYrJIJs6uPl7zw6Y6,es,,2203,False
Amazing Show,愛情的大壞蛋,5HVq8nS0pbM6G7YK8M7DY4,zh,,553,False
ROA,FANTASÍA,5hWpXZOs7vpz0JD3CIylsb,es,,1560,False
ARASHI,Love So Sweet,5I6JLJqnZICLvPebTj2YCm,ja,,538,False
Fleetwood Mac,Landslide,5ihS6UUlyQAfmp48eSkxuQ,en,,985,False
Bella Kay,iloveitiloveitiloveit,5IMpnpD0tQVcqWlVIgtAtV,en,,1860,False
"JC Reyes, Hades66",BARRIO FINO,5IuFotpjpllXzv7eOLKeqb,es,,2417,False
Willie Colón,Idilio,5iwgEFKEktjBBZV3C9TTZj,es,,1881,False
"Post Malone, Morgan Wallen",I Had Some Help (Feat. Morgan Wallen),5IZXB5IKAD2qlvTPJYDCFB,pt,,1869,False
"Ariana Grande, The Weeknd",Love Me Harder,5J4ZkQpzMUFojo1CtAZYpn,en,,2274,False
Yorushika,だから僕は音楽を辞めた,5j7ixaLeGTGSv4DzKs0pCM,la,,1807,False
张远,嘉賓,5jAmIkIpskwu2hRz2YaEHi,zh,,686,False
"Milo j, Trueno",Gil,5jgmQkVypORb3enASCxjYs,es,,3151,False
Luis Enrique,Yo No Sé Mañana,5jJTqI5yteOyLWoDTjiHCO,es,,1935,False
"Marshmello, Manuel Turizo",El Merengue,5KbBVSj6AJZ5662fO8EYFh,es,,1773,False
"Maria Becerra, Paulo Londra, XROSS",RAMEN PARA DOS,5KJacLbQNuqzR9IizaPI6h,es,,2861,False
back number,新しい恋人達に,5LclntckGFFGFUVGJk9Z4x,ja,,481,False
BE:FIRST,街灯,5M1nuhRqpXnrkAIltucV7I,ja,,1161,False
Drake,Passionfruit,5mCPDVBb16L4XQwDdbRUpz,en,,1268,False
"Jay Chou, A-Mei Chang",不該,5miH0BWhRVTvHAwmnoeyXH,unknown,,0,False
"La T y La M, Malandro",Amor de Vago,5MKbWaXeSQSmzmo7gPQha1,es,,1711,False
"Oscar Maydon, Fuerza Regida",Tu Boda,5mp6OBKCAjN4UYRvhOuUze,es,,1986,False
BLACKPINK,Me and my,5MXcM263QvCTWriH3nVusc,en,,2190,False
"Cosculluela, Bad Bunny",Madura,5n2XTRsYFlZwNBp06KAjDX,es,,2495,False
"Blessd, Ovy On The Drums","""EMHDM""",5NbIHx26LyFkW2oSNSCYBV,es,,2233,False
"Sean Paul, Keyshia Cole",(When You Gonna) Give It Up to Me - Radio Version,5nEdwtSv0qqeE0l4o1lR4q,en,,3129,False
Shota Shimizu,PUZZLE,5NTtQCnREVVfZuBjVMF4dm,ja,,1096,False
One Direction,Night Changes,5O2P9iiztwhomNh8xkR9lJ,en,,1915,False
Rihanna,Love On The Brain,5oO3drDxtziYU2H1X23ZIp,en,,1750,False
ARIA VEGA,CHÉVERE (joesón_type_beat),5OQCghydcEeA76eGdJ6GEa,es,,2183,False
King Gnu,SPECIALZ,5oQpH1uuZte4axR411rIlN,ja,,943,False
back number,クリスマスソング,5P8ZvBQoCrujjNcLAxO3Su,ja,,637,False
Yeison Jimenez,Qué Día Es Hoy,5PB1ITleNasy7UMYEaBWkL,es,,1121,False
Jay Chou,晴天,5pIcwtJYNJx93l420oR2Vm,zh,,442,False
Kenshi Yonezu,さよーならまたいつか！- Sayonara,5pN2AyWwjzwRoI7gukEVNd,hr,,1341,False
Amazing Show,心悶,5PpuqQ7vLG2e66SUpjUVYg,unknown,,0,False
"De La Rose, Omar Courtz",NUBES,5PPYg2Fa1fCkrRBv6vIeeU,es,,3441,False
Romeo Santos,Propuesta Indecente,5PycBIeabfvX3n9ILG7Vrv,es,,1702,False
"Anuel AA, Daddy Yankee, Zion & Lennox, Farruko, Wisin",Sola (Remix),5q2JbCNi4FcnglgPfxcV65,es,,4279,False
"Peso Pluma, Tito Double P, LENCHO",chiclona,5Q4HTsEGKanxOwL1nYCnhQ,es,,1469,False
TWS,OVERDRIVE,5qAfVxNUxjrELshgTpWxLf,ko,,1458,False
BTS,Dynamite,5QDLhrAOJJdNAmCTJ8xMyW,en,,2688,False
Oasis,Wonderwall,5qqabIl2vWzo9ApSC317sa,en,,1443,False
"USHER, Lil Jon, Ludacris",Yeah! (feat. Lil Jon & Ludacris),5rb9QrpfcKFHM1EUbSIurX,de,,4018,False
Sukima Switch,奏(かなで),5RbMlPFL4gVyEHW2lEOuzG,it,,1073,False
"Blessd, CARABIN3, SVNTI",MUSA REMIX,5ReIuecGjsHabpYSNlKnuR,es,,3062,False
Fujii Kaze,Hana,5RIQU2JDuXC4NkLiHNNMon,ja,,631,False
"Baby Keem, Kendrick Lamar, Momo Boyd",Good Flirts (feat. Kendrick Lamar & Momo Boyd),5sHeIGDbdzw8DeO57XZKIy,pt,,3060,False
Mrs. GREEN APPLE,春愁,5SHguvOUbyPTINNjCvRo8K,ja,,502,False
Joker Xue,演员,5Sib99jpYybZAicUMETb3h,zh,,574,False
aespa,UP - KARINA Solo,5sjnkOfTLCLNfkkchI2re2,unknown,,0,False
Fito y Fitipaldis,Me equivocaría otra vez,5SMdW9cbM4wTMMPI8Ck08a,es,,1437,False
"Pipe Bueno, Jessi Uribe, Yeison Jimenez, Carín León, Alzate, Darío Gómez, Luis Alberto Posada, El Charrito Negro, Jhonny Rivera, Jhon Alex Castaño, Juan Pablo Navarrete",Guaro (Remix),5sMHuOIvtsSuFZafTcF19Q,es,,1614,False
"Romeo Santos, Prince Royce",Dardos,5SudOD9R1Of6CsJVWZy6CQ,es,,2177,False
Eason Chan,淘汰,5sYtvIl1mx9QuIgwC6FDU1,zh,,393,False
Bad Bunny,NUEVAYoL,5TFD2bmFKGhoCRbX61nXY5,es,,2283,False
Khalil Fong,紅豆,5TkQbhQm9BXONk2agDo4w9,zh,,424,False
Cup of Joe,Multo,5tlb0AxuzsMWL2GtEppXGX,tl,,1247,False
"Kanye West, Dwele",Flashing Lights,5TRPicyLGbAF2LGBFbHGvO,es,,2119,False
Piche Kota,Bahagia Lagi,5tZaKZPJtiHh6teQfVEHB5,id,,807,False
Stefanie Sun,雨天,5tZbcQ5PYID0xB0VNblmrK,zh,,475,False
"Blessd, Los Money Makers, Prodmonja",NUEVA YORK,5U3sC7aA5NxoMSeI1kmO2n,es,,2297,False
Fujii Kaze,Garden,5U4PgFWzfzY7VEg9Ck4ziF,en,,855,False
Rayo & Toby,Movimiento de Caderas,5u4XWSNpF4wE6W6i78Uf1B,es,,2545,False
Tate McRae,Sports car,5UJbgR4XF4y1DvbkxEqe8S,unknown,,0,False
Foo Fighters,Everlong,5UWwZ5lm5PKu6eKsHAGxOk,en,,1648,False
Airbag,Por Mil Noches,5vHWh24GAsXJ7tnIu8v7UN,es,,1352,False
Dominic Fike,White Keys,5ViLKrbyL3HD6wsq3AB9eI,en,,1587,False
Malcolm Todd,Roommates,5vPUv0xziXbV4lnWeVNXNq,en,,896,False
Macaroni Empitsu,なんでもないよ、,5W7Y92LB4jWvu9NeEQ0GZl,ja,,546,False
"Bad Bunny, Chuwi",WELTiTA,5WEF0icHWmAZBBMglBd599,en,,2194,False
OFFICIAL HIGE DANDISM,I Love...,5wWLNNwMAehpj83FU4Lz0m,ja,,669,False
Arctic Monkeys,I Wanna Be Yours,5XeFesFbtLpXzIVDNQP22n,en,,1214,False
BABYMONSTER,Really Like You,5xqM1HOndjxfH7NmyD8SVS,ko,,1614,False
SAIKO,COSAS QUE NO TE DIJE,5xSt1wxZobFcLzHrFakv6z,es,,2023,False
aespa,Drama,5XWlyfo0kZ8LF7VSyfS4Ew,ko,,2247,False
Yuuri,世界が終わりました,5XyD56RYaj2XGxfyc34jQD,ja,,532,False
Bruno Mars,Risk It All,5y2ijHECwFYWqcAHKTZgzD,en,,1035,False
SZA,Nobody Gets Me,5Y35SjAfXjjG0sFQ3KOxmm,en,,1213,False
Tego Calderón,Pa' Que Retozen,5YJ4BVvTFmVCxUyhKejHfR,es,,2327,False
Lord Huron,The Night We Met,5yJaXWIErrrsjQ3J0eR5aK,en,,867,False
"Tame Impala, JENNIE",Dracula - JENNIE Remix,5yvVYFDUpbnjcnRBgjwTzM,en,,2246,False
Grupo Firme,El Beneficio De La Duda,5yXt80BNZGbmHFd0NHZHNn,es,,1572,False
OFFICIAL HIGE DANDISM,Subtitle,5ZkHkXPHrIM8K5twCe78i9,ja,,921,False
Babasonicos,Puesto,5zpZUFF7YyPG90nkR88RYd,es,,1054,False
"ROSALÍA, Rauw Alejandro",BESO,609E1JCInJncactoMmkDon,en,,2066,False
Linkin Park,In the End,60a0Rd6pjrkxjPbaKzXjfq,en,,1879,False
Las Pelotas,Será,60IzIxSuVAtU71yCmHjxHH,es,,641,False
"Héctor ""El Father"", Wisin & Yandel",El Teléfono,614NVFo5csQqRnryl4jXs2,es,,2558,False
"Piso 21, Marc Anthony, Beéle",Volver,61C7zXd4t2Zuhz6DRwgsLM,es,,2406,False
Babasonicos,Como Eran Las Cosas,61qPUnazSdkvua4wgA4L8C,es,,1213,False
Omar Courtz,UNA NOTi,61tC2eD62xjmkEX9FGEad7,es,,2190,False
Mrs. GREEN APPLE,GOOD DAY,61UOoqGI1B9qdeD5Dzupyb,ja,,1239,False
Chappell Roan,Pink Pony Club,6393yGahSJ9slVdOwSxOVR,en,,2067,False
icyball 冰球樂團,能不能和我留在台北（陪我幾天）,63N9fNPJ5kkbvtntCwgIbm,unknown,,0,False
"JC Reyes, Pirlo",REMEDIO,63zeT81t627KKfZsC920QN,es,,2224,False
Amazing Show,擋一根,6439IQyiZV5I7aOo8UREgm,unknown,,0,False
Idgitaf,Sedia Aku Sebelum Hujan,64qfw9JZl3RYCrq4Mn0WvT,id,,1454,False
Ella Langley,Choosin' Texas,65DbTqJKhbwqYbZ1Okr0rc,en,,1642,False
Soda Stereo,Trátame Suavemente - Remasterizado 2007,65DBZofI0b79kfHTcWWDuU,unknown,,0,False
Frankie Ruiz,Desnúdate Mujer,65nL3OLuHHfEYxKkHMQ1fL,es,,1879,False
King Gnu,AIZO,65X2koe1LhDgQmRkNdJFv9,ja,,1049,False
"Quevedo, Pitbull",MR. MOONDIAL,67LKV40NfSSGIJnm0xz6fi,es,,2212,False
Ciro y los Persas,Me Gusta,67Q93kXygxCskeQiIP0V0j,es,,972,False
Yeison Jimenez,Ni Tengo Ni Necesito,6829KtrgNt2ZwrsE19nTEd,es,,1510,False
J. Cole,No Role Modelz,68Dni7IE4VyPkTOH9mRWHr,en,,4130,False
"Bad Gyal, Chencho Corleone",Choque,68KElV3TDyDy2zHPCWjUyt,es,,2512,False
"Sebastian Yatra, Manuel Turizo, Beéle",Vagabundo,68nZjz3bLH1MM0cURT1YVH,es,,2648,False
Stefanie Sun,開始懂了,68tZwwRuo9ip5gRQFG1XWF,zh,,406,False
Don Omar,Dile,69Ej1xrGjOcHvIMtMKxK0G,es,,2136,False
831,想見你想見你想見你 - 電視劇《想見你》片尾曲,69zgyr5HVKdInjeKpq1qHa,unknown,,0,False
"Ya Ice Dilan, Rey Tony, Helabusador, JipMusic Global, Dj Honda",Dichavate,6Ab2trdJulkRRhaJ9zVGQa,unknown,,0,False
Kendrick Lamar,Not Like Us,6AI3ezQ4o3HUoP6Dhudph3,en,,4701,False
KATSEYE,Touch,6aJn7Cst74cj4lNIiPRgav,en,,1931,False
Vaundy,Fukakoryoku,6AncLCxf4U7ivJEaqih9zA,ja,,890,False
Patricio Rey y sus Redonditos de Ricota,La Bestia Pop,6BHlafXY1L2eetDCwict05,es,,760,False
Extremoduro,Stand By,6BxCmy6vGbuOckxg6YfQOW,es,,1029,False
"Bad Bunny, Ozuna, Farruko, Arcángel, Ñengo Flow, DJ Luian, Mambo Kingz",Diles,6C1RD7YQVvt3YQj0CmuTeu,es,,3247,False
"Estelares, Jorge Serrano",Ella Dijo,6cFf4Jfy7ThUwGzbqFcZsx,es,,1408,False
Frankie Ruiz,Tú Con Él,6cHHrFD3fmBG9MR3k8kvep,es,,1404,False
Yeison Jimenez,Vete,6cZcn282SIMmuO8FHN8634,es,,1050,False
Babasonicos,Irresponsables,6d4d6cwiAf59mKxoRmXQoK,es,,798,False
Don Toliver,Gemstone,6d9Cs2D2RSIl9c0ulgnFe8,en,,1947,False
TV Girl,Lovers Rock,6dBUzqjtbnIa1TwYbyw5CM,en,,1536,False
Daniel Caesar,Who Knows,6DH13QYXK7lKkYHSU88N48,en,,1294,False
Billie Eilish,BIRDS OF A FEATHER,6dOtVTDdiauQNBQEDOtlAB,en,,1482,False
Los Huayra,La Noche Sin Tí,6dT5W7zuEcUZHnZuVlSIJ5,es,,1209,False
Maluma,Borro Cassette,6DUdDIRgLqCGq1DwkNWQTN,es,,2654,False
Omar Courtz,SUSU,6dWJciH0aK0TWiDvVmMUX6,es,,1964,False
Angela Torres,FAVORITA,6EhX9FjpQZ5CohoGeqUM2u,es,,1506,False
Fuerza Regida,TU SANCHO,6eLQXa6uk2EW8drsiKbABZ,es,,1195,False
Bruno Mars,I Just Might,6f68Ac5tt5BQOpwr0BV9oN,en,,2351,False
sakanaction,Kaiju,6FhWelfRDMFZRtFUU6SIdC,ja,,606,False
Juice Boy,一萬公里外的你,6FIhcAp2lj45eFlUkTriAr,unknown,,0,False
=LOVE,劇薬中毒,6FomeOYunnOCSG2eqkaHn0,ja,,20488,False
芒果醬 Mango Jump,我喜歡你,6FpUCVpLvO0QXwsovSfWEa,unknown,,0,False
Ed Sheeran,Photograph,6fxVffaTuwjgEk5h9QyRjy,en,,1689,False
Macaroni Empitsu,ミスター・ブルースカイ,6glcoO077gTGhgdVI9X5wA,unknown,,0,False
马师傅,善后,6gYS6CQc7UMnj0Ubq3C0QT,unknown,,0,False
"Firdhaus, DIOR 大穎",在加納共和國離婚,6GyUt7yJ0sOktc5HjvVnFh,zh,,409,False
Kenshi Yonezu,感電,6H0PLsSYMzDOqhLgyOlzIj,en,,1864,False
"La Pantera, Lucho RK, Pana YMB",PINKY PROMISE 2,6hFzA2zbArwtGpmTQEsxnn,es,,2842,False
Katy Perry,The One That Got Away,6hkOqJ5mE093AQf2lbZnsG,en,,1577,False
back number,どうしてもどうしても,6hlYmR30RGaHIz4UlVOG2U,ja,,522,False
HANA,Blue Jeans,6hnk0Fesq9JOhWpck8HJsj,ja,,988,False
Aitana,SUPERESTRELLA,6hpuesKPNa3WhV48O7Fa47,es,,1386,False
Justin Bieber,Ghost,6I3mqTwhRpn34SLVafSH7G,en,,1056,False
Romeo Santos,Eres Mía,6I86RF3odBlcuZA9Vfjzeq,es,,1685,False
Los Auténticos Decadentes,Un Osito de Peluche de Taiwán,6iCnJkKswtMYoSmT58HmEn,es,,1937,False
Danny Ocean,Me Rehúso,6ifUES3keWjwXgae8pXI3o,es,,2148,False
SG,"Us, again",6II2hXGYMd9cTZWshcPUf8,en,,1354,False
"Max Carra, Lira",VIAJEMOS EN EL TIEMPO #1 | Quien Te Quiere Como Yo,6il9B9hrZPNpXei57XM1Sv,unknown,,0,False
King & Prince,Theater,6iltt0n1DkQ0AtCcwxXNZJ,ja,,1018,False
"W Sound, Beéle, Ovy On The Drums",La Plena - W Sound 05,6iOndD4OFo7GkaDypWQIou,en,,1890,False
Viva Suecia,El Bien,6IuZFiKCeyQINqL0Id3xF2,es,,980,False
"Grupo Firme, Gerardo Coronel",Qué Onda Perdida,6IV5Y1eWaQZ1jV5apkUMS4,es,,1346,False
Bad Bunny,EoO,6J5kc12BW5HuP3d7C3vvx8,es,,2531,False
Yeison Jimenez,Te Voy a Olvidar,6jbDhMUR3Hc3yVPT2tEVxY,es,,1427,False
"Kidd Voodoo, JC Reyes",Me Mareo,6jBoUckd6VEImt6pg8RpDr,es,,2250,False
Jeff Buckley,"Lover, You Should've Come Over",6Jv7kjGkhY2fT4yuBF3aTz,en,,1774,False
Hearts2Hearts,FOCUS,6jYiHr12NVKLzn0X7K8aSK,ko,,1519,False
Tame Impala,The Less I Know The Better,6K4t31amVTZDgR3sKmwUJJ,en,,1233,False
Yorushika,晴る,6kFIakexzgsZwsfWDmb36o,sw,,1038,False
Aimyon,Let the Night,6kKvmT4i0Dercz6f3kftg3,ja,,673,False
"Tiago PZK, Ke Personajes",Piel,6kPCcIAGoTeRrh8qrmKa90,es,,1380,False
Patricio Rey y sus Redonditos de Ricota,Un Ángel para Tu Soledad,6kUopck7LHVadAjAFcXiTj,es,,838,False
Aitana,6 DE FEBRERO,6l18mUHOGVZRr5wTyITX0M,es,,1230,False
HANA,ALL IN,6lOUOvcscCHUofusbjbYV2,zh,,1095,False
Drake,Headlines,6LxSe8YmdPxy095Ux6znaQ,en,,2657,False
EggPlantEgg,愛情你比我想的閣較偉大 (《當男人戀愛時》電影主題曲),6m2I6ZyWRkxjBrrLVQILfl,unknown,,0,False
HANA,BAD LOVE,6M4fRouHq1Zxtl05ifoeAL,ja,,1937,False
Kenshi Yonezu,春雷,6megNXGjmim4OitjZnIn9v,zh,,2081,False
Joker Xue,其实,6Mmdzst5fLkrKjhdkGhLpe,zh,,350,False
No Te Va Gustar,Ese Maldito Momento,6MuJUSYCqA4FpMogUHzb2R,es,,784,False
"El Bogueto, Yung Beef",Cuando No Era Cantante,6N2iccqxRInhTLHc2Fu3W0,es,,2591,False
"Arcángel, Bad Bunny, Mambo Kingz, DJ Luian",Tu No Vive Asi (feat. Mambo Kingz & DJ Luian),6NSMQFKgjpQb0KkjMDYIK0,es,,5467,False
"Tony Dize, Yandel",Permítame,6OaGIYcVzx5c7aEKkuYS1M,es,,1934,False
A-Mei Chang,人質,6OAUhxFZzaRHHC8XiuIkvb,unknown,,0,False
Red Hot Chili Peppers,Can't Stop,6ojiTSzyv2qPMWqyhUKAqz,en,,2982,False
Omar Courtz,L a k e n o s h i,6OoYmAP9oZtBiSomWpDTWP,es,,3254,False
CORTIS,GO!,6OWWZtNQORY1McaZmOrwhc,ko,,1524,False
DesaKTa2,La Diabla,6PaIQ2qR59qiqXgjeTFwJA,es,,2324,False
"Callejero Fino, Lea in the Mix",NO LES DA,6pryujEohwqSNKGTW33SKE,es,,1168,False
"Intoxicados, Andrés Calamaro",Fuego,6q41qt2R9K8BXEzmzImEGO,es,,1657,False
"Blessd, GeezyDee",DIOMEDEZ,6qDTm2QbRSLlSmaUSJE6bF,es,,3359,False
"Justin Bieber, Nicki Minaj",Beauty And A Beat,6QFCMUUq1T2Vf5sFUXcuQ7,en,,1707,False
Bruno Mars,Cha Cha Cha,6QletrrmpkUpeJkipX9pgf,en,,1738,False
The Goo Goo Dolls,Iris,6Qyc6fS4DsZjB2mRW9DsQs,en,,1202,False
Romeo Santos,Imitadora,6r46lnXFbE9fr2d3KNaGbe,es,,1782,False
"The Chainsmokers, Coldplay",Something Just Like This,6RUKPb4LETWmmr3iAEQktW,en,,1755,False
Joji,SLOW DANCING IN THE DARK,6rY5FAWxCdAGllYEOZMbjW,en,,1277,False
Blessd,YOGURCITO,6rZno3nqeT7hv2PnSWRuYS,es,,2123,False
Novelbright,ツキミソウ,6sElEqOIGENWjpxGFeo5ct,ja,,507,False
Olivia Dean,So Easy (To Fall In Love),6sGIMrtIzQjdzNndVxe397,en,,1436,False
Juan Magán,Bailando por Ahi,6sHBvzRsuGunQTfCk18KXi,es,,2021,False
"Omar Courtz, KARBeats",EL MUNDO SE VA A ACABAR,6SkbzQSYMJzrmmDBEvbh0S,es,,2564,False
Los Piojos,Tan Solo,6Soxxi73U6SO4rOGJwYYxI,es,,872,False
CORTIS,JoyRide,6T17ZI0glfM2IGLdUwtnLK,ko,,999,False
Rels B,TU VAS SIN (fav),6uiQ0DqbXTBc8tl0AUKZkR,es,,1579,False
"El Americano 4KT, Kobby",The Flow's Son Black!,6uLcqYE347zlvXD6rhiM4J,es,,2289,False
Max Carra,UWAIE - versión cumbia,6UO9DhCUq4ZbQz7PXwelFV,unknown,,0,False
"马也_Crabbit, Cole先生",海屿你,6UO9nrihAk6sFGvVHDVTz8,unknown,,0,False
"Victor Valverde, JR Torres",El Mayor De Los Ranas,6v5qt5KPQHJt5ckWuhDGtM,es,,1527,False
Madison Beer,bittersweet,6vDVu9IM9s8L8XMQ1c1Yti,en,,1561,False
Beéle,quédate,6VfL3MEuYeJbDlD8m011HR,es,,1495,False
RADWIMPS,Seikai,6vg9UGXRVL4YKNVqVMmOKF,ja,,873,False
"Bad Bunny, Los Pleneros de la Cresta",CAFé CON RON,6VNXmo59yDYgcwLS17UNAW,es,,2258,False
"Luck Ra, BM",La Morocha,6vRQqxOhUFd78p5tL8jXr7,es,,1324,False
yung kai,blue,6W614n8yLUeS3zsZSeBwyq,en,,887,False
La T y La M,amor de veraNO,6WJ2QzbVnjmPGKpmb6tmmO,es,,1551,False
"ROSÉ, F1 The Album",Messy (From F1® The Movie),6Wobsw9uZ0D0xkfOjxXSq9,unknown,,0,False
"Roze Oficial, Max Carra, Valen, RAMKY EN LOS CONTROLES",Tu jardín con enanitos,6X8DTIJEgHUjZynuds0E2f,es,,1576,False
Bad Bunny,Moscow Mule,6Xom58OOXk2SoU711L2IXO,es,,2313,False
"La La Love You, Axolotes Mexicanos",El Fin del Mundo,6XXQA6e8qXPJ1sZtRxvbws,es,,1466,False
Treaty Oak Revival,Missed Call,6ybZUqlfk938oS6WeBmDab,en,,1711,False
Melendi,Tu jardín con enanitos,6yCjU5j6YHbux2VQCBTTE1,es,,2069,False
"La Factoria, Eddy Lover",Perdóname,6yLqoieklk9gwabLaUDJ4s,es,,2266,False
King Gnu,逆夢,6ZiEWet0uFRwWBCEKCQ8rY,ja,,622,False
3 Doors Down,Kryptonite,6ZOBP3NvffbU4SZcrnt1k6,en,,1450,False
Radiohead,Creep,70LcF31zb1H0PyJoS1Sx1r,en,,858,False
IVE,I AM,70t7Q6AYG6ZgTYmJWcnkUM,ko,,1161,False
Arcángel,Ganas De Ti,71w26UK674tLfGtJFfDSjE,es,,1393,False
WeiBird,"如果可以 - 電影""月老""主題曲",72OVnXDzugvrCU25lMi9au,unknown,,0,False
"Yeison Maje, Ciro Quiñonez, Luis Alfonso, Yeison Jimenez",El Embustero RMX,72q1JMsCJbKNbWgzipGi6x,unknown,,0,False
Daniel Caesar,Superpowers,736PP5LTtREkDgktNmX3Gu,en,,975,False
Luister La Voz,Las Cartas,73BrH4q0vUdhT34uK9j98O,es,,2315,False
David Tao,就是愛妳,73eCSQ1DxQbaOnzy8PhKx3,zh,,2567,False
玖壹壹,下輩子,73Ijz3vN9KP1W5qrfNeWMI,zh,,796,False
KAROL G,Si Antes Te Hubiera Conocido,73scB4Q4fcOmnsBVZPmk32,es,,1772,False
"YOVNGCHIMI, JC Reyes",MVLAN,74t17BRV4el0mU0Tb8XY1k,es,,3064,False
Omar Courtz,SIRENA,75DhU4mfqAkkqsL7CiYWLa,es,,2635,False
Coldplay,The Scientist,75JFxkI2RXiU7L9VXzMkle,en,,929,False
黃奇斌,若無你我欲去佗位,76EfpqmO6JUL2TTR1SIGwz,zh,,420,False
Ariana Grande,Into You,76FZM38RC8XaAjJ77CVTNe,en,,2433,False
Snow Man,カリスマックス - CHARISMAX,76OElzXqlyLCdlSypwSKBy,ja,,1024,False
Mr.Children,HANABI,77lmDcPPyY6kK907gdgC6i,ja,,755,False
"Marz23, Faye 詹雯婷",不簡單的歌 (feat. Faye 詹雯婷),77Y69dj99sTYGAWule3nz8,unknown,,0,False
Noah Kahan,The Great Divide,77zqs8ucHCSk5jh9TYec4b,en,,2172,False
"Luciano Pereyra, The La Planta, Un Poco de Ruido, Pinky SD",Es Mi Culpa - Versión Cumbia,78OOLg1XsVW0QQkfHP2VEV,unknown,,0,False
HANA,Cold Night,79wd94vXLJngCwTAVtzYvr,ja,,1565,False
BABYMONSTER,FOREVER,7a6vvAM1cjAuyVQpqv9pmu,ko,,1916,False
Morgan Wallen,I'm The Problem,7AeM1BGYM7emrqmQn1PuWv,en,,1574,False
Luke Combs,Be By You,7aLndReanHBzpTGE5Am9H8,en,,1188,False
Addison Rae,Fame is a Gun,7B3BwNecBhKvNwSMOOl7Gk,en,,1667,False
"The Chainsmokers, Halsey",Closer,7BKLCZ1jbUBVqRi2FVlTVw,en,,1798,False
"Georgy Parra Salvaje, Yeison Jimenez",GPS #5 - Dime Que Sí,7BNTVOitDoUC5HVN8HleQy,es,,1544,False
Bruno Mars,Just the Way You Are,7BqBn9nzAq8spo5e7cZ0dJ,en,,1518,False
"Feid, ATL Jacob",LUNA,7bywjHOc0wSjGGbj04XbVi,en,,1711,False
Lil Uzi Vert,What You Saying,7cjoZVmWe2xsGR4wcXiV2v,en,,1847,False
"Young Cister, Kreamly",QLOO*,7CMj1OOS1ho4CPEQTFKzcN,es,,1919,False
Superfly,愛をこめて花束を,7CmWXD3w1xOO53AAO4LRVQ,ja,,639,False
aespa,Whiplash,7Cnpb1vBbC46RgVyyKLH7p,ko,,1964,False
David Tao,普通朋友,7CTitzr4eVIDCPUJi5Dr4B,zh,,631,False
"Omar Courtz, BASSYY",GANTEL y BELLAKz,7cVS9dvpA6p2dIVibiGaso,es,,2754,False
"The Weeknd, JENNIE, Lily-Rose Depp","One Of The Girls (with JENNIE, Lily Rose Depp)",7CyPwkp0oE8Ro9Dd5CUDjW,en,,1000,False
Coldplay,Sparks,7D0RhFcb3CrfPuTJ0obrod,en,,550,False
张远,看着我的眼睛说,7d6eShN6yVeR4Y2Md9uCA4,zh,,604,False
"Bad Bunny, Omar Courtz, Dei V",VeLDÁ,7d6yK8v8J484SWH5prIQiE,en,,3490,False
Frank Ocean,Thinkin Bout You,7DfFc7a6Rwfi3YQMRbDMau,en,,1603,False
Vaundy,Kaiju no Hanauta,7dTW21YAJxnAOiUh7Rtu9S,ja,,640,False
HIRAIDAI,"Stand by me, Stand by you.",7DyS11kB1YNrfDzQqtjmTh,ja,,780,False
ORANGE RANGE,イケナイ太陽,7emibp3qHeqNNYqZ2Y09xb,eo,,1877,False
"Omar Courtz, De La Rose, Haze",Kyoto,7eNwwoxDR8KVzNAuGvliAO,es,,3161,False
Frank Ocean,Nights,7eqoqGkKwgOaWNNHx90uEZ,en,,3715,False
back number,恋,7f9DsQEsIoeTwKxV6shsom,ja,,507,False
卢卢快闭嘴,字字句句,7fAdinC2UTc0Y9GiKrkTtu,unknown,,0,False
King Von,Took Her To The O,7fEoXCZTZFosUFvFQg1BmW,en,,3758,False
Ella Langley,Dandelion,7FudQLDIYCX6F7ruexVn2X,en,,1550,False
ALLDAY PROJECT,ONE MORE TIME,7FyKqLLICVzwBiAUtbVYUW,ko,,2229,False
"V, Park Hyo Shin",Winter Ahead (with PARK HYO SHIN),7G7mSV4BebkoHWwKTDvXu9,en,,2045,False
"White Noise Radiance, Rain Sounds","Rain Sounds for Sleeping, Pt. 06 (Continuous No Gaps)",7gF2mPcjipv2hLGHY7bi17,unknown,,0,False
Childish Gambino,Les,7ghKr0pCYyPPyp7t1FH8k4,en,,4165,False
Olivia Dean,Nice To Each Other,7gKxCvTDWwV9wBhdeBbr3l,en,,1706,False
"Callejero Fino, Martin Vegas",TIKI TIKI,7GSKEUunbDOtPSG1TLXq8e,es,,2037,False
Vaundy,napori,7hDX39mc6Uf6zp8RXYUQ6d,ja,,670,False
back number,瞬き,7hIfpcdUZcyCKHYy8gp49E,ja,,504,False
"W Sound, Myke Towers, Ovy On The Drums",5 Estrellas - W Sound 23,7hYlC6s0SXSIwtFlW6NgjT,es,,2522,False
"J Balvin, Bad Bunny, Marciano Cantero",UN PESO,7hynhxDoDpgMIV12JuVtNa,es,,2457,False
Number_i,未確認領域,7ibCDEx4MOX9zG8IS7gGDE,ja,,1145,False
Nicky Lee,想太多,7IiSESHLOtsoEXTlXa0bjJ,zh,,332,False
Mrs. GREEN APPLE,ダーリン,7ikOwlVju9HYUKthPiNHwr,ja,,623,False
"Bad Bunny, Feid",PERRO NEGRO,7iQXYTyuG13aoeHxGG28Nh,en,,2025,False
GReeeeN,愛唄,7iXHLtPosbHvglVSJ4rxLq,ja,,537,False
BY2,我知道,7iXPSlDdL0EQwPFtUR8ye1,zh,,468,False
Michael Jackson,Billie Jean,7J1uxwnxfQLu4APicE5Rnj,en,,2985,False
"Omar Courtz, Myke Towers",WHAT U NEED? (SexPlaylist 2),7jnSlMG2jKJmKvAWxufk2I,es,,2843,False
"JC Reyes, Alba Moreno",DA LA LUZ,7JqZxa2Ibtf0lpJ5ANYSwH,unknown,,0,False
Tom Odell,Another Love,7jtQIBanIiJOMS6RyCx6jZ,en,,1480,False
Anuel AA,¿Qué Nos Pasó?,7k3qWn8D43a5ISa3x8lJux,es,,3114,False
"Tyler, The Creator, Kali Uchis",See You Again (feat. Kali Uchis),7KA4W4McWYRpgf0fWsJZWB,es,,2383,False
BE:FIRST,夢中,7KNY1e9x1MDvpBAmIAN3tz,ja,,941,False
"Ovy On The Drums, Quevedo, Beéle",YO y TÚ,7koAf6aZgjO6TS7bipfPD0,es,,2334,False
Jay Chou,一路向北,7KoqEF76fGnDYdxTSHLxcm,gd,,1226,False
Amazing Show,捲菸,7ks6KrwN2DKhEm06X85qEK,zh,,721,False
Yandel,Encantadora,7LABrQFfRYcZUqUwng0Heb,es,,2503,False
"Clarent, Mora",IA,7lcbpfihslisNObKdHjyLo,es,,2178,False
Shi Shi,少一點天份,7lCLZlVt6g4ifoHXpXEHZm,zh,,3355,False
Eminem,Without Me,7lQ8MOhq6IN2w8EYcFNSUk,en,,4273,False
sakanaction,IRANAI,7lT3oj3gxE6AJb87ZK8up7,ja,,619,False
Yuuri,ビリミリオン,7M0dIdZWN1FDcveRdoOzbZ,ja,,542,False
BLACKPINK,Fxxxboy,7m0duH1vdTNxM2g8BLfR0F,en,,2054,False
"Kabasaki, Zeno El Faraón, l0rna, Kristina",LA SACAPUNTAS,7mjWqfMjappj2v1Iw3rXeR,es,,3168,False
"Calvin Harris, Ellie Goulding",Outside (feat. Ellie Goulding),7MmG8p0F9N3C4AXdK6o6Eb,it,,1321,False
"MISIA, HIDE (GReeeeN)",アイノカタチ,7mSVOYRseiZi20xtBKhHnF,unknown,,0,False
"J Balvin, Ryan Castro, DJ Snake",Tonto,7mU1fei7P9h4mpjP2Otdw5,es,,1477,False
"Milo j, Taiu",Rara Vez,7MVIfkyzuUmQ716j8U7yGR,es,,1309,False
"The Weeknd, Daft Punk",Starboy,7MXVkk9YMctZqd1Srtv4MB,tr,,2950,False
King Gnu,一途,7ncPjJBktLEOpstY5JOUMK,ja,,518,False
Gracie Abrams,That’s So True,7ne4VBA60CxGM75vw0EYad,en,,1718,False
"Blessd, Anuel AA, Yan Block, Luar La L, Kris R., ROA","YOGURCITO REMIX (feat. Kris R., ROA)",7nrd0eIftH3NQLfgk20Qp9,he,,5134,False
"Danny Ocean, Kapo",Imagínate,7ns16ylM6sbxo9ZWIwyE5d,es,,1980,False
Omar Courtz,SI ESTÁS CON ALGUIEN,7nyk5uxevcijIfl1FlJgmA,es,,1898,False
Alex Warren,FEVER DREAM,7ogpGbKc4Io6NCU6ydxXwZ,en,,1298,False
Snow Man,STARS,7oS96qmtYu3AdEX29HNAKf,ja,,1146,False
Kenshi Yonezu,KICK BACK,7oYCBKvdjrqp5vDbhDBuac,ja,,1012,False
IVE,BANG BANG,7pBE8YpFoZ9ankC2Ci5z9X,ko,,1640,False
Las Pelotas,Personalmente,7q7XFO9av9VpNJSXKJwJxD,es,,680,False
Yeison Jimenez,Ya No Mi Amor,7qbPQqOYYMPdQqRqv7bNin,es,,1243,False
Ed Sheeran,Shape of You,7qiZfU4dY1lWllzX7mPBI3,en,,3335,False
sombr,back to friends,7qjZnBKE73H4Oxkopwulqe,en,,979,False
"Maria Becerra, TINI, XROSS",HASTA QUE ME ENAMORO,7rfYGYxsZzQAhlJy5B0IcW,es,,1582,False
"Yan Block, Panda Black",Talento,7sChwC2NZjGc2Kdni3hlDg,es,,1679,False
Guns N' Roses,Sweet Child O' Mine,7snQQk1zcKl8gZ92AnueZW,en,,1417,False
"Lady Gaga, Bruno Mars",Die With A Smile,7so0lgd0zP2Sbgs2d7a1SZ,en,,1460,False
"Blessd, Fuerza Regida, Ovy On The Drums",COMO OREO,7sRXb5IgYWwVv1DaavHSNs,es,,2503,False
Bad Bunny,TURiSTA,7tCuCjhxzjX2XCz4JiiAsp,es,,981,False
Jimin,Who,7tI8dRuH2Yc6RuoTjxo4dU,en,,1659,False
sombr,Homewrecker,7tICCrK3CcyRFKza7yrR0z,en,,2063,False
Turf,Pasos Al Costado,7upAH0ezzsThyvr33YKn4u,es,,1352,False
Fujii Kaze,Tabiji,7uSLJCDetmdm3tQcoYLyty,ja,,455,False
"ZXKAI, slxughter",NO BATIDÃO,7vg9noSnFEyPfwLiaCW4vi,pt,,825,False
Number_i,LAVALAVA,7vgZhgyZBkGJvuh37tJnJo,ja,,1349,False
Omar Courtz,M U S A E L E V Á,7vPsviPvbWsFd9VuftF5JT,es,,2294,False
Grupo Niche,Sin Sentimientos,7xDwU3I38ReireLvv79h63,es,,1687,False
"Pablo Chill-E, Ñengo Flow, Jere Klein",Bastardo (feat. Ñengo Flow & Jere Klein),7xjFEvchFCiAmuseCBModI,unknown,,0,False
Ariana Grande,One Last Time,7xoUc6faLbCqZO6fQEYprd,en,,1832,False
ARIA VEGA,AY MAMA (mi tiburón),7yHZ66udwjeUafGohI7T46,es,,1500,False
Dominic Fike,Babydoll,7yNf9YjeO5JXUE3JEBgnYc,en,,924,False
Rihanna,S&M,7ySUcLPVX7KudhnmNcgY2D,en,,2553,False
"PEDRO SAMPAIO, Emilia, MC Meno K, Melody",JETSKI - Remix,7z26frY6O7BXwyjeqzYo7W,es,,1786,False
Stefanie Sun,我懷念的,7z2M7DsEjZjwXBkWG3zd21,zh,,781,False
GReeeeN,キセキ,7ztdl6cnbJgHRdMkKldkts,ja,,762,False
Clarent,BIENVENIDA,7zwgHkTKv86nMOREN5k1hx,es,,2124,False
