rank,artist,title,region,spotify_uri,dominant_emotion,dominant_score,low_confidence,emotion_love,emotion_longing,emotion_joy,emotion_heartbreak,emotion_grief,emotion_despair,emotion_hope,emotion_lonely,emotion_sensual,emotion_anger
1,"Mr Plata, El Americano 4KT",Las Muñequitas,Colombia,4nJJCRYru4QQakCiUA155f,sensual,0.8266,False,0.0089,0.4467,0.007,0.5252,0.3905,0.1312,0.0922,0.3994,0.8266,0.3854
2,"ARIA VEGA, Ryan Castro",CHÉVERE (premium_remix),Colombia,3CBEVPwR3kUXDoTx1lqFUQ,lonely,0.9945,False,0.8727,0.9616,0.0528,0.5929,0.2682,0.6702,0.796,0.9945,0.9174,0.6488
3,"Ryan Castro, Kapo, Gangsta",LA VILLA,Colombia,2ZyrAym0sRLwt4PhGotHuI,sensual,0.9812,False,0.1551,0.7746,0.095,0.0028,0.0043,0.0064,0.0919,0.1293,0.9812,0.0778
4,Kris R.,GANAS,Colombia,4KE9Ne3hgh18B3Th4xcylg,longing,0.9732,False,0.3941,0.9732,0.0171,0.5878,0.2483,0.2008,0.108,0.7073,0.7838,0.3424
5,"W Sound, Beéle, Ovy On The Drums",La Plena - W Sound 05,Colombia,6iOndD4OFo7GkaDypWQIou,love,0.9922,False,0.9922,0.976,0.2966,0.0018,0.0018,0.0016,0.1824,0.0086,0.9816,0.0055
6,Beéle,no tiene sentido,Colombia,1HEwEN64NjgTaHmo7LfkX8,longing,0.9809,False,0.5368,0.9809,0.005,0.8269,0.8961,0.5812,0.184,0.9262,0.7784,0.7321
7,"J Balvin, Ryan Castro, DJ Snake",Tonto,Colombia,7mU1fei7P9h4mpjP2Otdw5,longing,0.6862,False,0.0387,0.6862,0.2326,0.0056,0.0111,0.0295,0.0361,0.1102,0.5546,0.5018
8,Beéle,quédate,Colombia,6VfL3MEuYeJbDlD8m011HR,longing,0.9926,False,0.9728,0.9926,0.013,0.9825,0.9396,0.4405,0.1122,0.9761,0.9151,0.3387
9,Grupo Firme,El Beneficio De La Duda,Colombia,5yXt80BNZGbmHFd0NHZHNn,sensual,0.9362,False,0.2844,0.5365,0.103,0.215,0.083,0.0207,0.4411,0.3246,0.9362,0.035
10,"Yeison Jimenez, Luis Alfonso",Destino Final,Colombia,2E4TYekUduml1DWIqQWNcj,sensual,0.8908,False,0.7832,0.623,0.5187,0.0907,0.0854,0.0015,0.0567,0.0699,0.8908,0.0026
11,"Blessd, Los Money Makers, Prodmonja",NUEVA YORK,Colombia,5U3sC7aA5NxoMSeI1kmO2n,love,0.9868,False,0.9868,0.98,0.1345,0.4843,0.4796,0.4809,0.3218,0.4994,0.8791,0.2739
12,Blessd,YOGURCITO,Colombia,6rZno3nqeT7hv2PnSWRuYS,sensual,0.9827,False,0.9145,0.9376,0.0864,0.0065,0.008,0.007,0.1023,0.2366,0.9827,0.4306
13,"Beéle, Ovy On The Drums",mi refe,Colombia,4zhk2RS2EZODmBW6il55Qj,love,0.9955,False,0.9955,0.9755,0.363,0.0565,0.0516,0.0444,0.4471,0.2732,0.9385,0.1226
14,Bad Bunny,BAILE INoLVIDABLE,Colombia,2lTm559tuIvatlT1u0JYG2,longing,0.9929,False,0.987,0.9929,0.1117,0.9805,0.9037,0.4006,0.1831,0.9787,0.9367,0.0458
15,"Omar Courtz, Ñengo Flow",FOREVER TU GANTEL,Colombia,1YAWMfsmduIrpqrjP45pFn,sensual,0.974,False,0.3796,0.9729,0.0368,0.4909,0.2258,0.0507,0.0923,0.8009,0.974,0.7762
16,"Blessd, Ovy On The Drums",AMISTA,Colombia,1kJyDcBrZ7rSKnFtKc82vm,longing,0.9763,False,0.9011,0.9763,0.0029,0.7347,0.4984,0.1713,0.4335,0.8289,0.5026,0.1947
18,Yeison Jimenez,Por Qué la Envidia,Colombia,433eYQkvCgJKXh1o7LtplV,heartbreak,0.5007,False,0.0148,0.2737,0.0016,0.5007,0.3804,0.3127,0.0198,0.3399,0.1105,0.4004
19,"Fuerza Regida, Grupo Frontera",COQUETA,Colombia,1PREzVLuDT6PSE9sej4wnV,longing,0.9961,False,0.9567,0.9961,0.0201,0.8784,0.6052,0.0752,0.4978,0.675,0.9903,0.0876
20,"Blessd, Ovy On The Drums","""EMHDM""",Colombia,5NbIHx26LyFkW2oSNSCYBV,love,0.6378,False,0.6378,0.4474,0.0205,0.4965,0.4609,0.314,0.0294,0.4221,0.5038,0.2426
21,"Ryan Castro, Dongo",SANKA,Colombia,46ufabZP6oK3ixmN6Gd753,sensual,0.8305,False,0.1258,0.5928,0.0345,0.0669,0.0064,0.0131,0.1054,0.0251,0.8305,0.7098
22,Bad Bunny,DtMF,Colombia,3sK8wGT43QFpWrvNQsrQya,longing,0.9433,False,0.8873,0.9433,0.6486,0.448,0.2989,0.0133,0.2593,0.4422,0.7581,0.3516
23,"Kapo, Ryan Castro",DÓNDE,Colombia,4zqFA9MOG86u7uugR8QFDU,longing,0.9649,False,0.933,0.9649,0.2475,0.0154,0.0152,0.0113,0.2196,0.1173,0.9202,0.0956
24,"J Balvin, Bad Bunny",LA CANCIÓN,Colombia,0fea68AdmYNygeTGI4RC18,longing,0.9448,False,0.3529,0.9448,0.0679,0.7682,0.6768,0.4834,0.1872,0.9353,0.6792,0.2469
25,Omar Courtz,POR SI MAÑANA NO ESTOY,Colombia,595wwjQiad6e6lSTScmXvz,lonely,0.9958,False,0.9512,0.9945,0.0423,0.9822,0.9153,0.4662,0.5233,0.9958,0.9181,0.2002
26,Arcángel,Por Amar A Ciegas,Colombia,2BrfJdTXohQRtWBKsBTIp0,heartbreak,0.8948,False,0.7452,0.8577,0.034,0.8948,0.7008,0.4366,0.0666,0.8888,0.7092,0.0961
27,Kapo,UWAIE,Colombia,0fMjldiEpgjbWQ4bBQwVzH,love,0.98,False,0.98,0.953,0.2919,0.0304,0.0167,0.0056,0.2398,0.1537,0.9757,0.0195
28,Yeison Jimenez,Vete,Colombia,6cZcn282SIMmuO8FHN8634,heartbreak,0.9949,False,0.5794,0.992,0.0002,0.9949,0.9932,0.9878,0.0005,0.9901,0.073,0.9387
29,Lenin Ramírez,Todo Lo Fue,Colombia,0Sa8aRfGckW0qUGLrBwoBG,heartbreak,0.9936,False,0.3259,0.9239,0.0049,0.9936,0.9771,0.9803,0.01,0.9832,0.2293,0.9715
30,Bad Bunny,EoO,Colombia,6J5kc12BW5HuP3d7C3vvx8,longing,0.9329,False,0.3664,0.9329,0.3862,0.0171,0.0297,0.0165,0.2282,0.0354,0.6534,0.1988
31,ARIA VEGA,CHÉVERE (joesón_type_beat),Colombia,5OQCghydcEeA76eGdJ6GEa,sensual,0.854,False,0.7186,0.5717,0.1121,0.381,0.1541,0.1902,0.3458,0.4953,0.854,0.345
32,"Nanpa Básico, Beéle",Hasta Aquí Llegué,Colombia,0Qe2g06yzLBuuSvVmFiweP,heartbreak,0.9942,False,0.5909,0.9937,0.0005,0.9942,0.9748,0.9372,0.0053,0.9747,0.3881,0.4098
33,"Ovy On The Drums, Quevedo, Beéle",YO y TÚ,Colombia,7koAf6aZgjO6TS7bipfPD0,sensual,0.594,False,0.5329,0.4944,0.0534,0.2897,0.1263,0.0091,0.0799,0.0154,0.594,0.0111
34,"Kybba, Sean Paul, Ryan Castro, Busy Signal",Ba Ba Bad Remix,Colombia,0lMafSfME2iJEE972bsQaK,anger,0.8235,False,0.0311,0.4547,0.0849,0.0361,0.0433,0.0465,0.0531,0.0918,0.4983,0.8235
35,"Héctor ""El Father"", Wisin & Yandel",El Teléfono,Colombia,614NVFo5csQqRnryl4jXs2,longing,0.989,False,0.742,0.989,0.0524,0.6973,0.0305,0.0434,0.24,0.9719,0.967,0.457
36,Herencia De Grandes,Ya Borracho,Colombia,4NyUIohBa3CEMGcXURYSOh,longing,0.9922,False,0.992,0.9922,0.8014,0.1105,0.1819,0.0049,0.1973,0.0242,0.7899,0.0012
38,Bad Bunny,NO ME QUIERO CASAR,Colombia,39L3LdlHS3gqB62HPWaJRg,lonely,0.8732,False,0.0482,0.8152,0.0076,0.5495,0.1583,0.2061,0.2617,0.8732,0.5819,0.4964
39,Beéle,top diesel,Colombia,2QP041AcWg8PwPIWP95RKN,longing,0.9789,False,0.9425,0.9789,0.0378,0.7883,0.3298,0.3409,0.2538,0.2439,0.9659,0.241
40,"Bad Bunny, Omar Courtz, Dei V",VeLDÁ,Colombia,7d6yK8v8J484SWH5prIQiE,sensual,0.9393,False,0.5906,0.9176,0.1561,0.0915,0.11,0.0068,0.4435,0.2519,0.9393,0.2793
42,Yeison Jimenez,Un Perro Enamorado,Colombia,3kcr3teEgyTOVIAxMPOPeO,longing,0.9986,False,0.9981,0.9986,0.7685,0.002,0.0096,0.0002,0.2702,0.0014,0.9963,0.0004
43,Arcángel,Pa' Que La Pases Bien,Colombia,1pLCpA1RN8avJxSD3ZCwhj,joy,0.8718,False,0.4129,0.4132,0.8718,0.0047,0.005,0.0011,0.5623,0.026,0.7927,0.019
44,"El Bogueto, Yung Beef",Cuando No Era Cantante,Colombia,6N2iccqxRInhTLHc2Fu3W0,longing,0.9966,False,0.9419,0.9966,0.2394,0.9002,0.717,0.1339,0.8313,0.9653,0.9736,0.4551
45,"Bad Bunny, Ozuna, Farruko, Arcángel, Ñengo Flow, DJ Luian, Mambo Kingz",Diles,Colombia,6C1RD7YQVvt3YQj0CmuTeu,sensual,0.921,False,0.1936,0.7282,0.0662,0.0074,0.0103,0.0046,0.0521,0.0361,0.921,0.4942
46,Bad Bunny,VOY A LLeVARTE PA PR,Colombia,59D4DOkspUbWyMmbAPQkxZ,sensual,0.9826,False,0.2207,0.8732,0.1764,0.1042,0.0578,0.0621,0.1576,0.4721,0.9826,0.3582
47,Arcángel,Hace Mucho Tiempo,Colombia,0a6ogDrZBvYgDjILgsQVaJ,longing,0.9461,False,0.8934,0.9461,0.0738,0.0016,0.0016,0.0002,0.0887,0.0697,0.9195,0.0006
48,"Feid, ATL Jacob",LUNA,Colombia,7bywjHOc0wSjGGbj04XbVi,longing,0.994,False,0.2271,0.994,0.0016,0.9932,0.9803,0.942,0.0198,0.9897,0.5459,0.9497
50,Kris R.,MIL D AURA,Colombia,0LvxvoeJmdhkxRIC4orlJ3,love,0.9772,False,0.9772,0.9716,0.8515,0.1009,0.09,0.0047,0.8357,0.0209,0.9451,0.012
51,"Blessd, Fuerza Regida, Ovy On The Drums",COMO OREO,Colombia,7sRXb5IgYWwVv1DaavHSNs,sensual,0.9725,False,0.9093,0.9531,0.3866,0.5119,0.2864,0.0214,0.3078,0.2166,0.9725,0.6304
52,Plan B,Es un Secreto,Colombia,3KZCP2StVGdWkOKyRZNWA4,sensual,0.9781,False,0.9418,0.9641,0.4014,0.0058,0.0043,0.0014,0.6149,0.0284,0.9781,0.0039
53,Yeison Jimenez,MLP,Colombia,4DAMvNqHt0s8zJr6JwOoye,love,0.9916,False,0.9916,0.8288,0.3471,0.9375,0.748,0.0264,0.1299,0.1428,0.2697,0.2064
54,"Blessd, Los Money Makers, Prodmonja",URUS BLUE,Colombia,4sTnItbNUAcS5KDG6vTA5B,sensual,0.9802,False,0.9767,0.9401,0.6022,0.0047,0.0045,0.0056,0.3634,0.149,0.9802,0.0266
55,"Maluma, Trap Capos, Noriel, Bryant Myers, Juhn","Cuatro Babys (feat. Trap Capos, Noriel, Bryant Myers & Juhn)",Colombia,0JoHqmlqE0W0i9prt6kcHR,lonely,0.6229,False,0.4985,0.5258,0.0272,0.1976,0.0518,0.4056,0.0537,0.6229,0.6039,0.162
56,"Danny Ocean, Kapo",Imagínate,Colombia,7ns16ylM6sbxo9ZWIwyE5d,longing,0.863,False,0.4333,0.863,0.2253,0.0214,0.0062,0.002,0.1836,0.317,0.813,0.0132
57,"Bryant Myers, Anuel AA, Anonimus, Almighty",Esclava - Remix,Colombia,2Mgur7BKnpr7OG3izSNFTA,longing,0.7437,False,0.3533,0.7437,0.1307,0.3172,0.1285,0.2659,0.0181,0.3708,0.6872,0.6957
58,"CARABIN3, SVNTI",MUSA,Colombia,0QuHK1VvIZ1Kt2GfqRrdVo,sensual,0.9527,False,0.5607,0.7576,0.2511,0.084,0.106,0.1811,0.202,0.2862,0.9527,0.4787
59,Arcángel,Me Prefieres A Mi,Colombia,3GhmL9fuM8jwGcHCFbeo3v,longing,0.6384,False,0.4996,0.6384,0.0364,0.4935,0.1258,0.0683,0.0687,0.2581,0.5243,0.5406
60,"Blessd, GeezyDee",DIOMEDEZ,Colombia,6qDTm2QbRSLlSmaUSJE6bF,love,0.5461,False,0.5461,0.3461,0.0145,0.0784,0.2094,0.2092,0.0318,0.1307,0.5303,0.4994
61,Bad Bunny,NUEVAYoL,Colombia,5TFD2bmFKGhoCRbX61nXY5,sensual,0.9687,False,0.29,0.9328,0.8153,0.0079,0.0153,0.0122,0.5691,0.2205,0.9687,0.2192
62,"Kris R., ROA",PASIÓN Y SEXO,Colombia,4pjkZyNZnOJEPpBmzOqTC2,sensual,0.9813,False,0.9802,0.9569,0.3869,0.0115,0.0096,0.0036,0.3729,0.0651,0.9813,0.2043
63,Kapo,NO CRY,Colombia,4YM3IYESNKXWYHbPXvMMVD,longing,0.9603,False,0.6403,0.9603,0.0008,0.9162,0.6806,0.3647,0.0822,0.8155,0.1664,0.0259
64,Rels B,TU VAS SIN (fav),Colombia,6uiQ0DqbXTBc8tl0AUKZkR,love,0.9895,False,0.9895,0.989,0.4413,0.1272,0.0231,0.0122,0.4138,0.0874,0.9696,0.6309
65,"Blessd, J Alvarez",FANÁTICO,Colombia,0e3d2UZRjtvviXWWMRYGQo,sensual,0.9919,False,0.9814,0.9416,0.2047,0.0112,0.0029,0.0019,0.4082,0.0371,0.9919,0.0228
66,"Blessd, Ovy On The Drums",Mírame,Colombia,2btNsI4OvcVl7SAHQQDHFB,heartbreak,0.9759,False,0.6581,0.7711,0.003,0.9759,0.8961,0.473,0.783,0.8582,0.4544,0.4904
67,Ñengo Flow,En Las Noches Frias,Colombia,0a0JiZejbYYem1W31fldde,longing,0.9051,False,0.7751,0.9051,0.0435,0.8745,0.7034,0.0177,0.0859,0.7021,0.8838,0.5612
68,"Tony Dize, Plan B",Solos,Colombia,3CbiuLMBPM6uV4a7HvkOib,sensual,0.7744,False,0.4647,0.7174,0.0431,0.4419,0.4531,0.4699,0.3044,0.2658,0.7744,0.2816
69,"KAROL G, Feid",Verano Rosa,Colombia,0nafF9MxcXJBQWv3BTKtdF,longing,0.9792,False,0.9329,0.9792,0.1405,0.2314,0.2375,0.1441,0.2603,0.8369,0.9699,0.7378
70,Danny Ocean,Me Rehúso,Colombia,6ifUES3keWjwXgae8pXI3o,sensual,0.8256,False,0.5641,0.792,0.005,0.7857,0.6861,0.4893,0.0512,0.626,0.8256,0.1545
71,"Yan Block, Panda Black",444,Colombia,1o4xkdBe0RjSf2u6VXi4OI,longing,0.9739,False,0.4765,0.9739,0.005,0.8759,0.6274,0.5427,0.0186,0.9551,0.8933,0.8299
72,"W Sound, Blessd, Ovy On The Drums",Soltera - W Sound 01,Colombia,13BDiikG6y5o5cQTK0HpW6,sensual,0.9579,False,0.6914,0.8148,0.0107,0.0237,0.0143,0.0094,0.0267,0.2621,0.9579,0.8121
73,Willie Colón,Idilio,Colombia,5iwgEFKEktjBBZV3C9TTZj,longing,0.9884,False,0.9787,0.9884,0.8403,0.649,0.6207,0.1675,0.9861,0.9292,0.6727,0.0041
74,"Yan Block, Panda Black",Talento,Colombia,7sChwC2NZjGc2Kdni3hlDg,anger,0.9799,False,0.4291,0.8957,0.0705,0.7166,0.4827,0.4315,0.8304,0.8441,0.9406,0.9799
75,"Rauw Alejandro, Bad Bunny",Qué Pasaría...,Colombia,0l0vcZMU7AOeQmUIREoI2U,longing,0.9675,False,0.2968,0.9675,0.0667,0.6005,0.4864,0.2654,0.3269,0.9265,0.9172,0.8468
76,"Boza, ELENA ROSE",orióN,Colombia,4feh4Ak3ZJfC6ibxkNzlkE,longing,0.9815,False,0.9179,0.9815,0.0283,0.3648,0.0656,0.0119,0.2649,0.5439,0.9791,0.3408
77,Luis Alberto Posada,Mal Amor,Colombia,1j4XwpoLvqdkWllikDu7Rm,lonely,0.9893,False,0.4186,0.8433,0.0002,0.9884,0.9831,0.9734,0.0024,0.9893,0.0636,0.9163
78,Arcángel,Ganas De Ti,Colombia,71w26UK674tLfGtJFfDSjE,sensual,0.9939,False,0.9934,0.9843,0.1882,0.3424,0.2816,0.9722,0.4396,0.3811,0.9939,0.0843
79,Romeo Santos,Imitadora,Colombia,6r46lnXFbE9fr2d3KNaGbe,lonely,0.9879,False,0.6803,0.9796,0.0066,0.9766,0.9299,0.8534,0.0566,0.9879,0.904,0.8677
80,Maluma,Borro Cassette,Colombia,6DUdDIRgLqCGq1DwkNWQTN,sensual,0.9784,False,0.9355,0.9778,0.1452,0.7625,0.5765,0.4371,0.4236,0.6653,0.9784,0.854
81,"Yan Block, TORRRES",Yo sé,Colombia,5DdLSEyKh8zgCrJq2hFj92,sensual,0.9721,False,0.0479,0.8067,0.007,0.7802,0.537,0.6453,0.0117,0.451,0.9721,0.8442
82,"El Americano 4KT, Kobby",The Flow's Son Black!,Colombia,6uLcqYE347zlvXD6rhiM4J,despair,0.9106,False,0.0039,0.519,0.005,0.6344,0.7355,0.9106,0.0034,0.6449,0.5199,0.7096
83,Dalmata,Dile a Tu Amiga,Colombia,3u2jlo9kygiIAq7SPVuw6S,sensual,0.8945,False,0.7867,0.8736,0.0893,0.0425,0.031,0.0189,0.1071,0.0733,0.8945,0.1872
85,"Omar Courtz, ROA",WO OH OH,Colombia,0h54mLixODOqU6vTcZMqVM,longing,0.9958,False,0.991,0.9958,0.6601,0.194,0.2701,0.0181,0.8873,0.3731,0.9907,0.5594
86,Yeison Jimenez,Ya No Mi Amor,Colombia,7qbPQqOYYMPdQqRqv7bNin,heartbreak,0.9684,False,0.8824,0.7082,0.0046,0.9684,0.7857,0.8751,0.0388,0.9464,0.4545,0.6212
87,Omar Courtz,SI ESTÁS CON ALGUIEN,Colombia,7nyk5uxevcijIfl1FlJgmA,heartbreak,0.9511,False,0.4923,0.558,0.014,0.9511,0.8626,0.5695,0.0523,0.8904,0.4996,0.4055
88,"Alzate, Yeison Jimenez",Mi Venganza,Colombia,3f4AsGGYt94t7g1lHcsa8D,heartbreak,0.9741,False,0.4712,0.1489,0.003,0.9741,0.8897,0.8776,0.0193,0.8116,0.1447,0.8009
90,"TURY, CARABIN3",CHUCHA,Colombia,01dFxiEOMTTzim5J3kytjA,anger,0.7304,False,0.3073,0.5087,0.0069,0.1135,0.0806,0.1692,0.0137,0.3479,0.392,0.7304
91,Bad Bunny,KLOuFRENS,Colombia,4MUrUT38U98olfnyzMBCzm,heartbreak,0.9839,False,0.5646,0.8657,0.075,0.9839,0.971,0.7855,0.024,0.9611,0.5105,0.4618
92,"KAROL G, Feid, DFZM, Ovy On The Drums, J Balvin, Maluma, Ryan Castro, Blessd",+57,Colombia,3mg9jYNC1NihbthlglzrWP,sensual,0.8931,False,0.2757,0.6039,0.346,0.0086,0.0053,0.0071,0.286,0.0973,0.8931,0.0914
93,Yeison Jimenez,El Mejor Caballo,Colombia,4Udf3NPZZVggwmVXHcjuqA,heartbreak,0.9871,False,0.9754,0.9406,0.0183,0.9871,0.9653,0.5549,0.1475,0.8908,0.6549,0.941
95,Milo j,Niño,Colombia,4aDbrgm1ZaebS1Bb2dOXac,longing,0.9896,False,0.1418,0.9896,0.0002,0.9806,0.9723,0.8601,0.0012,0.9323,0.315,0.0054
98,Omar Courtz,KOKO,Colombia,1tz7RZirwiuaJw2p0jbdHb,sensual,0.9906,False,0.6707,0.9434,0.0146,0.0033,0.0032,0.0016,0.213,0.8825,0.9906,0.0698
99,Kapo,OHNANA,Colombia,482PEx8hfMHSsuGtHd960A,longing,0.9763,False,0.8443,0.9763,0.2225,0.6976,0.8018,0.3962,0.0895,0.9692,0.9599,0.2609
100,"Tony Dize, Yandel",Permítame,Colombia,6OaGIYcVzx5c7aEKkuYS1M,sensual,0.6333,False,0.5018,0.5147,0.4526,0.0674,0.0256,0.0226,0.3205,0.2591,0.6333,0.0897
101,"Kenny Die, Blessd, Kris R., Sebas",Ultra Complicado (feat. Sebas) - Remix,Colombia,569xAmXCkpM3IsEOiG4hWe,longing,0.8311,False,0.6035,0.8311,0.2828,0.0199,0.0341,0.0165,0.141,0.3532,0.8247,0.0862
102,"Topboy TGR, Kzadores",MÁS DE AHÍ,Colombia,4ATzrqMF84B9iSCGUUqfTT,anger,0.9282,False,0.0009,0.1603,0.002,0.048,0.1194,0.8777,0.0096,0.3383,0.2097,0.9282
103,Yeison Jimenez,Se Acabó,Colombia,2T6BBNQW4t81x2ddqWrGzs,joy,0.9751,False,0.6952,0.2861,0.9751,0.6724,0.2602,0.0076,0.0384,0.1687,0.8748,0.1055
104,"Blessd, Anuel AA, Kris R., Young Fatty, CARABIN3, GeezyDee, TURY","BUENOS DIAS (feat. Tury, GeezyDee, CARABIN3)",Colombia,10B0cONtHL7b8hdMRE2Du6,longing,0.9685,False,0.9245,0.9685,0.216,0.2583,0.0626,0.0505,0.2232,0.5571,0.9669,0.1977
105,"Anuel AA, Daddy Yankee, Zion & Lennox, Farruko, Wisin",Sola (Remix),Colombia,5q2JbCNi4FcnglgPfxcV65,longing,0.9875,False,0.4704,0.9875,0.0421,0.9462,0.6846,0.5045,0.2168,0.9279,0.7716,0.7023
106,Fuerza Regida,Marlboro Rojo,Colombia,3hpm0fTeSqlhJbnqAgaLZs,sensual,0.9456,False,0.0799,0.8833,0.1059,0.0202,0.0175,0.0341,0.0062,0.1524,0.9456,0.8019
107,Frankie Ruiz,Tú Con Él,Colombia,6cHHrFD3fmBG9MR3k8kvep,love,0.8469,False,0.8469,0.4666,0.0798,0.4831,0.1558,0.0286,0.0105,0.478,0.3484,0.0258
108,"KAROL G, Marco Antonio Solís",Coleccionando Heridas,Colombia,3ddJ8Vbc5tYPxq5zKRVke6,lonely,0.991,False,0.0134,0.6767,0.0003,0.9184,0.8119,0.548,0.0018,0.991,0.0357,0.0266
109,Bad Bunny,MONACO,Colombia,4MjDJD8cW7iVeWInc2Bdyj,sensual,0.9725,False,0.5166,0.7221,0.3848,0.1613,0.2485,0.1973,0.0759,0.5001,0.9725,0.5783
110,Yeison Jimenez,Ni Tengo Ni Necesito,Colombia,6829KtrgNt2ZwrsE19nTEd,lonely,0.8704,False,0.0361,0.3363,0.0134,0.7174,0.0817,0.0751,0.0298,0.8704,0.1006,0.6747
111,"Kris R., Blessd",Las Piponas (Remix),Colombia,281YJmnThveWjsWVic9Ym6,sensual,0.8669,False,0.6966,0.8117,0.2348,0.0782,0.0924,0.3594,0.2189,0.4698,0.8669,0.86
113,"Blessd, Kris R.",POLOS OPUESTOS REMIX - BLESSD VERSION,Colombia,2ALQyXMC26Vew7JX7ert9M,longing,0.9838,False,0.975,0.9838,0.0431,0.2157,0.1662,0.0146,0.4393,0.6619,0.7897,0.3039
114,"Rauw Alejandro, Romeo Santos",Khé?,Colombia,1YYfyJ2yCvGFCxwjsIqEK9,longing,0.9796,False,0.6815,0.9796,0.0024,0.9466,0.7219,0.4924,0.0064,0.9194,0.7642,0.5857
115,Yeison Jimenez,Qué Día Es Hoy,Colombia,5PB1ITleNasy7UMYEaBWkL,anger,0.9848,False,0.264,0.4397,0.0002,0.9062,0.7795,0.6453,0.0003,0.8526,0.2634,0.9848
116,Zion & Lennox,La player (Bandolera),Colombia,0VKkyBKCXyR99navhVRqcP,sensual,0.9217,False,0.1885,0.8443,0.0387,0.3414,0.2082,0.382,0.1694,0.9111,0.9217,0.4566
117,"Kris R., Blessd",COSITAS,Colombia,3ClyThLf2bguwdMcm7hqZ2,heartbreak,0.9821,False,0.6776,0.9658,0.0024,0.9821,0.9384,0.6003,0.1929,0.9805,0.4881,0.4077
118,"Blessd, Sebastian Ledher, Tayson Kryss, Joseph Ren",UNA NOCHE DE LOCURA,Colombia,2tKVinInf0PJS1iG04zzqi,sensual,0.9815,False,0.9764,0.9651,0.73,0.0352,0.0122,0.0158,0.5645,0.4168,0.9815,0.3139
119,Beéle,si te pillara,Colombia,1C7NXX8UJ6pgNx8EkmyZDd,longing,0.8155,False,0.2819,0.8155,0.1156,0.5368,0.5008,0.4465,0.147,0.4952,0.5802,0.3194
120,"Don Omar, Kendo Kapponi",RX,Colombia,3NgDulHteTVdF026IxY5bW,anger,0.8032,False,0.014,0.6086,0.0044,0.0144,0.0349,0.0733,0.0104,0.0551,0.5869,0.8032
121,Willie Colón,Oh Qué Será?,Colombia,2n1MTLCis6qPSDKdr5XSDI,longing,0.8753,False,0.4714,0.8753,0.0315,0.6696,0.509,0.4799,0.2267,0.6492,0.6513,0.1237
122,Blessd,Palabras Sobran,Colombia,4wu7jIeJCUhQJaXsXVit0e,love,0.9409,False,0.9409,0.9111,0.1682,0.0266,0.0281,0.0029,0.1876,0.1564,0.8798,0.0088
123,KAROL G,Si Antes Te Hubiera Conocido,Colombia,73scB4Q4fcOmnsBVZPmk32,longing,0.9843,False,0.6859,0.9843,0.0465,0.3908,0.3937,0.121,0.9564,0.5149,0.9138,0.6576
124,ARIA VEGA,AY MAMA (mi tiburón),Colombia,7yHZ66udwjeUafGohI7T46,sensual,0.9529,False,0.162,0.7197,0.0193,0.2484,0.0245,0.0153,0.0161,0.6181,0.9529,0.2727
125,Yeison Jimenez,Aventurero,Colombia,0ftcn4ddKESqQMA784Ebc0,love,0.8787,False,0.8787,0.7475,0.3813,0.4057,0.0293,0.0273,0.007,0.6192,0.8151,0.0105
126,Willie Colón,Gitana,Colombia,4VTb5wB46sZDsfL8XgroGt,longing,0.9874,False,0.9535,0.9874,0.0177,0.9698,0.8995,0.2137,0.5004,0.8886,0.4125,0.1842
127,Tito Rojas,Siempre Sere,Colombia,4ZGk5h0sIfeunWEKzXEoHr,love,0.9914,False,0.9914,0.7916,0.5414,0.02,0.0399,0.0008,0.4378,0.0097,0.9188,0.0004
128,Yandel,Encantadora,Colombia,7LABrQFfRYcZUqUwng0Heb,longing,0.5017,False,0.4745,0.5017,0.0451,0.0298,0.0832,0.1549,0.0757,0.3505,0.498,0.119
129,Yiyo Sarante,Corazon de Acero,Colombia,21nc3O8OncUv1jjSrC1ML2,heartbreak,0.9872,False,0.0559,0.2753,0.0224,0.9872,0.9625,0.744,0.0399,0.9711,0.7105,0.7954
130,GeezyDee,El Peor Hombre Del Mundo,Colombia,0TBFzXKWtoF7Lwh0LKFt8f,despair,0.8504,False,0.2098,0.7543,0.0079,0.7716,0.7216,0.8504,0.0112,0.762,0.49,0.8192
131,Yiyo Sarante,Manos de Tijera,Colombia,5ds1Hh3lo4JUF2vflqyayK,anger,0.4319,False,0.0291,0.232,0.022,0.1456,0.3144,0.2125,0.03,0.1824,0.4284,0.4319
132,Frankie Ruiz,Deseándote,Colombia,0FsXZAMf6NACvNJ2LI6ySp,longing,0.9922,False,0.9095,0.9922,0.0573,0.5711,0.2815,0.0628,0.5982,0.3636,0.9667,0.2278
133,"Pipe Bueno, Jessi Uribe, Yeison Jimenez, Carín León, Alzate, Darío Gómez, Luis Alberto Posada, El Charrito Negro, Jhonny Rivera, Jhon Alex Castaño, Juan Pablo Navarrete",Guaro (Remix),Colombia,5sMHuOIvtsSuFZafTcF19Q,lonely,0.9871,False,0.0746,0.9739,0.0019,0.9833,0.9652,0.8543,0.0063,0.9871,0.5071,0.8705
134,"Zion & Lennox, J Balvin",Otra Vez (feat. J Balvin),Colombia,3QwBODjSEzelZyVjxPOHdq,sensual,0.9701,False,0.6434,0.9501,0.2427,0.0959,0.0343,0.073,0.4794,0.3505,0.9701,0.054
135,"Grupo Frontera, Grupo Firme",EL AMOR DE SU VIDA,Colombia,34vXRJ2bCSFiZKQzVUYVOb,love,0.9392,False,0.9392,0.6679,0.2649,0.5417,0.2133,0.0085,0.0534,0.2811,0.6871,0.0533
136,Yeison Jimenez,Te Voy a Olvidar,Colombia,6jbDhMUR3Hc3yVPT2tEVxY,lonely,0.913,False,0.5769,0.5521,0.8673,0.8458,0.7392,0.0485,0.2075,0.913,0.3759,0.2147
137,"W Sound, Myke Towers, Ovy On The Drums",5 Estrellas - W Sound 23,Colombia,7hYlC6s0SXSIwtFlW6NgjT,longing,0.9021,False,0.5036,0.9021,0.0683,0.5151,0.1298,0.353,0.3063,0.1703,0.5493,0.4107
138,"Romeo Santos, Prince Royce",Dardos,Colombia,5SudOD9R1Of6CsJVWZy6CQ,longing,0.9858,False,0.943,0.9858,0.0029,0.976,0.9435,0.8874,0.0124,0.8027,0.5856,0.8079
139,Grupo Niche,Sin Sentimientos,Colombia,7xDwU3I38ReireLvv79h63,heartbreak,0.9521,False,0.4376,0.5204,0.0042,0.9521,0.8178,0.5716,0.0092,0.4465,0.1285,0.7135
140,"Yeison Jimenez, Pasabordo",Hasta La Madre,Colombia,1nDvFYTsaQwxt5CTk7LJ5E,lonely,0.9837,False,0.0311,0.9412,0.0145,0.9679,0.8395,0.8845,0.001,0.9837,0.9527,0.9753
141,Clarent,BIENVENIDA,Colombia,7zwgHkTKv86nMOREN5k1hx,anger,0.8687,False,0.399,0.3771,0.0681,0.3819,0.217,0.3797,0.1673,0.4312,0.458,0.8687
142,Yeison Jimenez,Tu Mal Sabor,Colombia,1LNLFgc99bgCWPAaJ9zUQi,longing,0.9797,False,0.5488,0.9797,0.0428,0.9074,0.9362,0.45,0.2414,0.9773,0.8899,0.6836
143,"JHAYCO, J Balvin, Bad Bunny",No Me Conoce - Remix,Colombia,2beS6dD5rovBxSA1zYoSHR,sensual,0.7709,False,0.3468,0.573,0.0693,0.0249,0.0178,0.0435,0.0435,0.4137,0.7709,0.2944
144,Beéle,frente al mar,Colombia,1i1n7hUzCDkXGFqIJSSzom,longing,0.9908,False,0.985,0.9908,0.0517,0.2512,0.0399,0.0086,0.919,0.9234,0.9605,0.0103
145,"Maluma, Yeison Jimenez",Con el Corazón,Colombia,1xTWu5aArww0QtXqX2ScBI,love,0.9902,False,0.9902,0.8203,0.0102,0.8796,0.7914,0.7625,0.0333,0.7491,0.6009,0.9645
146,"J Balvin, Bad Bunny, Marciano Cantero",UN PESO,Colombia,7hynhxDoDpgMIV12JuVtNa,lonely,0.7975,False,0.2322,0.4476,0.0005,0.7251,0.5613,0.3499,0.0037,0.7975,0.0823,0.4625
147,"El Americano 4KT, THE FAVORITES",MAMAXITA,Colombia,3UJN0IUZIeXnrmo48e6XXx,sensual,0.6859,False,0.6185,0.673,0.3623,0.0176,0.0243,0.01,0.4954,0.039,0.6859,0.3298
148,Aventura,Dile al Amor,Colombia,2Bhmj4XK33InfhqKPxcJ1v,heartbreak,0.9894,False,0.0248,0.2796,0.0008,0.9894,0.8951,0.9349,0.0035,0.9859,0.119,0.8401
149,"Peso Pluma, Estevan Plazola",HOLLYWOOD,Colombia,5GTBdEjZe7zEDp1N0eCZE4,longing,0.9728,False,0.0783,0.9728,0.0693,0.0581,0.0725,0.0532,0.4878,0.3642,0.7305,0.4739
150,Rayo & Toby,Movimiento de Caderas,Colombia,5u4XWSNpF4wE6W6i78Uf1B,sensual,0.9989,False,0.0521,0.1356,0.0075,0.0008,0.0037,0.0043,0.021,0.0166,0.9989,0.0558
151,Fuerza Regida,ANSIEDAD,Colombia,1a7onn7lPqqRWul5ogyMyX,heartbreak,0.93,False,0.3851,0.9121,0.0044,0.93,0.7644,0.7898,0.0017,0.6823,0.4826,0.7483
152,Aventura,El Perdedor,Colombia,27ze5t5tIDPlVits0KRbxT,heartbreak,0.952,False,0.1207,0.3635,0.0007,0.952,0.9286,0.8202,0.0012,0.8218,0.2361,0.9003
153,Tego Calderón,Pa' Que Retozen,Colombia,5YJ4BVvTFmVCxUyhKejHfR,sensual,0.7364,False,0.0391,0.4048,0.5548,0.0071,0.0132,0.0232,0.0141,0.0137,0.7364,0.6866
154,"Georgy Parra Salvaje, Yeison Jimenez",GPS #5 - Dime Que Sí,Colombia,7BNTVOitDoUC5HVN8HleQy,longing,0.987,False,0.8662,0.987,0.0132,0.1679,0.0287,0.1543,0.1876,0.4455,0.9123,0.2722
155,BTS,Dynamite,Colombia,5QDLhrAOJJdNAmCTJ8xMyW,joy,0.953,False,0.2267,0.4875,0.953,0.0026,0.003,0.0015,0.6734,0.0147,0.9455,0.0116
156,"J Balvin, Bad Bunny",QUE PRETENDES,Colombia,25ZAibhr3bdlMCLmubZDVt,sensual,0.8609,False,0.3146,0.8494,0.0782,0.5242,0.3876,0.459,0.1931,0.484,0.8609,0.559
157,Mon Laferte,Tu Falta De Querer,Colombia,4skuEIloXWuxxgekKupkEH,longing,0.9963,False,0.9843,0.9963,0.0003,0.9944,0.9925,0.9759,0.0035,0.9883,0.1208,0.9332
158,Bad Bunny,Tití Me Preguntó,Colombia,1IHWl5LamUGEuP4ozKQSXZ,heartbreak,0.9884,False,0.4665,0.9513,0.0207,0.9884,0.8636,0.9338,0.1106,0.9756,0.5291,0.8199
159,ROA,FANTASÍA,Colombia,5hWpXZOs7vpz0JD3CIylsb,longing,0.9564,False,0.7331,0.9564,0.0973,0.0497,0.0156,0.0169,0.4141,0.76,0.9356,0.2632
160,"Blessd, CARABIN3, SVNTI",MUSA REMIX,Colombia,5ReIuecGjsHabpYSNlKnuR,love,0.98,False,0.98,0.9747,0.13,0.055,0.0667,0.0856,0.5128,0.5936,0.9702,0.6698
161,Don Omar,Dile,Colombia,69Ej1xrGjOcHvIMtMKxK0G,sensual,0.9657,False,0.5675,0.9505,0.0032,0.8971,0.7408,0.1928,0.3055,0.6554,0.9657,0.8891
162,"Ryan Castro, Blaiz Fayah, Tribal Kush",BOMBASTIK<3,Colombia,2Kx9AfJPaJib9DwAdDYdB9,longing,0.4684,False,0.0203,0.4684,0.0152,0.0098,0.023,0.0365,0.021,0.4366,0.379,0.3494
163,Luister La Voz,Las Cartas,Colombia,73BrH4q0vUdhT34uK9j98O,lonely,0.9805,False,0.1632,0.4004,0.0086,0.9779,0.9029,0.8554,0.0101,0.9805,0.2519,0.9271
164,"Ryan Castro, Blessd",LEJANIA,Colombia,4py8x8qXCOTi0Rrm4NbCTK,sensual,0.8388,False,0.7708,0.7693,0.1931,0.5243,0.4565,0.4282,0.3782,0.6046,0.8388,0.1797
165,Ele A El Dominio,Hace Mucho Tiempo,Colombia,3eIvjtwoYC16ElxYE6ph7J,longing,0.992,False,0.9742,0.992,0.098,0.4393,0.3857,0.6683,0.1878,0.9629,0.9887,0.0474
166,"Trap Capos, Noriel, Bad Bunny, Arcángel",De las 2 (feat. Bad Bunny & Arcángel),Colombia,4DS7HoqrKq1dDjeYOKBlu9,longing,0.9501,False,0.615,0.9501,0.0759,0.0407,0.0217,0.0217,0.1952,0.1018,0.6871,0.2402
167,"Bad Bunny, Feid",PERRO NEGRO,Colombia,7iQXYTyuG13aoeHxGG28Nh,sensual,0.9871,False,0.3379,0.3878,0.141,0.0035,0.0038,0.0013,0.0513,0.1841,0.9871,0.2576
168,Grupo Niche,Algo Que Se Quede,Colombia,1JXcB149QtbcIpDUA6YZOB,longing,0.976,False,0.9713,0.976,0.175,0.0013,0.0024,0.0005,0.7481,0.0435,0.9312,0.0005
169,"Alleh, Yorghaki",capaz (merengueton),Colombia,2dd3G3ZqEcG2cNS1tp3oEk,longing,0.9703,False,0.9247,0.9703,0.0065,0.5944,0.194,0.6438,0.0653,0.4198,0.9421,0.2436
170,"Alexis y Fido, Arcángel, De La Ghetto",Camuflaje (Remix),Colombia,1dAQ93kw8Sy9n4JCz2G9Nf,sensual,0.6486,False,0.333,0.6327,0.0217,0.0593,0.1117,0.1482,0.282,0.4842,0.6486,0.5618
171,Los Hijos De Puerto Rico,Separados,Colombia,2HbmLkHkkI15eES8kpWRuI,lonely,0.9821,False,0.578,0.3438,0.0004,0.9674,0.9208,0.922,0.0007,0.9821,0.0331,0.3854
172,Adolescent's Orquesta,Virgen,Colombia,5HCGrYR7g9u2X9Ju83yQLm,sensual,0.8583,False,0.8122,0.7665,0.1297,0.1219,0.0247,0.0027,0.3777,0.0359,0.8583,0.0082
173,"El Americano 4KT, Tony Monta",WELCOME,Colombia,2lGGv17kLfOrdVzNFzuQWM,anger,0.6859,False,0.0228,0.4268,0.0111,0.406,0.0262,0.0537,0.2483,0.4279,0.6841,0.6859
175,"Luis Silva, Yeison Jimenez",Como No Voy a Decirlo,Colombia,0ToktqlTchGYvCRHUCWnG5,love,0.9955,False,0.9955,0.9657,0.7575,0.0006,0.0006,0.0001,0.5023,0.0013,0.9884,0.0003
176,"Blessd, Hades66, Blackinny, Young Fatty",MAS QUE AMIGOS,Colombia,0sOrHE0vkEhrmWZnhqjP36,longing,0.9434,False,0.459,0.9434,0.1084,0.2948,0.0904,0.0401,0.395,0.4143,0.8703,0.6063
177,"Oscar Maydon, Fuerza Regida",Tu Boda,Colombia,5mp6OBKCAjN4UYRvhOuUze,heartbreak,0.9845,False,0.4617,0.6199,0.0008,0.9845,0.967,0.851,0.0036,0.8951,0.1135,0.3458
178,Omar Courtz,⁠LUCES DE COLORES,Colombia,5dDlknAL9imbXXl7uG7oqe,sensual,0.9936,False,0.753,0.9856,0.6631,0.0278,0.0348,0.0326,0.3992,0.7716,0.9936,0.1236
179,"La Factoria, Eddy Lover",Perdóname,Colombia,6yLqoieklk9gwabLaUDJ4s,longing,0.979,False,0.8797,0.979,0.0173,0.7967,0.6542,0.0524,0.3307,0.5284,0.9191,0.0423
180,"Piso 21, Marc Anthony, Beéle",Volver,Colombia,61C7zXd4t2Zuhz6DRwgsLM,heartbreak,0.9953,False,0.4822,0.994,0.0052,0.9953,0.988,0.9217,0.1745,0.9904,0.4407,0.5897
181,Farruko,Cositas Que Haciamos,Colombia,5BrVJGkFTBPAMRl5hIE9A7,sensual,0.6979,False,0.6071,0.6723,0.0967,0.3891,0.3937,0.1874,0.521,0.4979,0.6979,0.0849
183,Willie Colón,Talento De Televisión,Colombia,3fRIuTih8bzc0vtY9fHhvF,sensual,0.9617,False,0.2017,0.6506,0.2712,0.0184,0.024,0.0249,0.1024,0.0672,0.9617,0.0861
184,"Don Omar, Plan B",Hooka,Colombia,0BenZn1xELuxhb7Pjwyjxv,sensual,0.9934,False,0.3828,0.9495,0.1611,0.0039,0.0053,0.003,0.0685,0.506,0.9934,0.0909
185,Blessd,Instagram,Colombia,0EFxJw34fK8DWlTxx9qYeW,sensual,0.963,False,0.4739,0.6732,0.1501,0.0773,0.0397,0.0357,0.2649,0.3639,0.963,0.2085
186,Juliana,El AchanTAdo,Colombia,3fr52NaaVxb2UxPNxDtaQx,heartbreak,0.9627,False,0.2025,0.2788,0.0004,0.9627,0.9346,0.6428,0.0039,0.9417,0.0494,0.431
187,"J Alvarez, Ñejo & Dalmata","Sexo, Sudor y Calor",Colombia,4eDjNcAyIuJFhQ31Fvvoc1,longing,0.9853,False,0.8951,0.9853,0.0691,0.5665,0.3519,0.3505,0.2063,0.5906,0.8965,0.1752
188,Maluma,El Perdedor,Colombia,1iEwyiSLAunPR6uouANE0O,longing,0.9667,False,0.929,0.9667,0.0063,0.8714,0.5993,0.5706,0.0333,0.775,0.7708,0.3628
189,"Victor Valverde, JR Torres",El Mayor De Los Ranas,Colombia,6v5qt5KPQHJt5ckWuhDGtM,anger,0.897,False,0.0092,0.187,0.1922,0.1541,0.3057,0.5998,0.0155,0.6085,0.5358,0.897
190,Luis Enrique,Yo No Sé Mañana,Colombia,5jJTqI5yteOyLWoDTjiHCO,lonely,0.8147,False,0.1181,0.6542,0.003,0.3497,0.3049,0.6289,0.0108,0.8147,0.4728,0.0762
191,Hades66,YO QUIERO,Colombia,47sQ0h1xhlDWJ3nHbwYPrg,sensual,0.9552,False,0.0088,0.9172,0.0276,0.0402,0.104,0.4855,0.1288,0.8666,0.9552,0.952
192,Fuerza Regida,TU SANCHO,Colombia,6eLQXa6uk2EW8drsiKbABZ,sensual,0.9729,False,0.9293,0.9377,0.152,0.0719,0.0458,0.0186,0.154,0.707,0.9729,0.4985
193,"GeezyDee, Kris R.",Parche Tranqui,Colombia,2ROj8GoI45RQouYomaLDTm,anger,0.8705,False,0.4985,0.6858,0.012,0.3846,0.1956,0.3509,0.0213,0.3296,0.8235,0.8705
194,Jose Luis Carrascal,Como Duele El Frio,Colombia,2QcUxndr7skMMHLElnl4Bo,heartbreak,0.9036,False,0.2932,0.7161,0.0008,0.9036,0.7286,0.3967,0.37,0.8423,0.3783,0.4118
195,Fresto Music,Me Hace Daño Verte,Colombia,4dyzxv5SsdBtunuU3qj7Ti,lonely,0.9986,False,0.4523,0.9978,0.007,0.9969,0.9955,0.9897,0.0141,0.9986,0.7438,0.5668
196,David Pabon,Aquel Viejo Motel,Colombia,286NP8kXWzx2uHb5tr7TGv,longing,0.9889,False,0.9666,0.9889,0.1072,0.6944,0.6958,0.0429,0.0625,0.6574,0.9423,0.0075
197,Frankie Ruiz,Desnúdate Mujer,Colombia,65nL3OLuHHfEYxKkHMQ1fL,sensual,0.9696,False,0.6108,0.8407,0.0318,0.8428,0.2782,0.1761,0.0472,0.4691,0.9696,0.2845
198,"Grupo Firme, Gerardo Coronel",Qué Onda Perdida,Colombia,6IV5Y1eWaQZ1jV5apkUMS4,longing,0.9611,False,0.3509,0.9611,0.0002,0.9598,0.8564,0.5993,0.5419,0.9413,0.0656,0.8837
199,Romeo Santos,Eres Mía,Colombia,6I86RF3odBlcuZA9Vfjzeq,love,0.9826,False,0.9826,0.8948,0.132,0.6173,0.1397,0.1465,0.4722,0.7238,0.852,0.2672
200,"Bad Bunny, Bomba Estéreo",Ojitos Lindos,Colombia,3k3NWokhRRkEPhCzPmV8TW,sensual,0.9457,False,0.7069,0.9259,0.1484,0.513,0.4891,0.4836,0.0839,0.2573,0.9457,0.4446
1,Bad Bunny,DtMF,Global,3sK8wGT43QFpWrvNQsrQya,longing,0.9433,False,0.8873,0.9433,0.6486,0.448,0.2989,0.0133,0.2593,0.4422,0.7581,0.3516
2,"PinkPantheress, Zara Larsson",Stateside + Zara Larsson,Global,1DwscornXpj8fmOmYVlqZt,longing,0.9689,False,0.4887,0.9689,0.0235,0.7436,0.4844,0.5873,0.595,0.9452,0.8013,0.6159
3,Bruno Mars,Risk It All,Global,5y2ijHECwFYWqcAHKTZgzD,longing,0.9825,False,0.9784,0.9825,0.0863,0.0422,0.0149,0.0011,0.6027,0.0443,0.6641,0.0049
4,Djo,End of Beginning,Global,3qhlB30KknSejmIvZZLjOD,heartbreak,0.9534,False,0.0003,0.0948,0.0001,0.9534,0.9112,0.0862,0.0001,0.3736,0.0035,0.0002
5,Olivia Dean,Man I Need,Global,1qbmS6ep2hbBRaEZFpn7BX,longing,0.9816,False,0.5754,0.9816,0.07,0.0869,0.0571,0.0285,0.6517,0.9508,0.7998,0.1067
6,Taylor Swift,The Fate of Ophelia,Global,53iuhJlwXhSER5J2IYYv1W,heartbreak,0.9609,False,0.703,0.9017,0.2118,0.9609,0.8911,0.5636,0.6806,0.9553,0.7835,0.4429
7,Olivia Dean,So Easy (To Fall In Love),Global,6sGIMrtIzQjdzNndVxe397,love,0.9898,False,0.9898,0.9051,0.338,0.0055,0.0048,0.0008,0.6412,0.0288,0.9288,0.001
8,Bad Bunny,BAILE INoLVIDABLE,Global,2lTm559tuIvatlT1u0JYG2,longing,0.9929,False,0.987,0.9929,0.1117,0.9805,0.9037,0.4006,0.1831,0.9787,0.9367,0.0458
9,Bruno Mars,I Just Might,Global,6f68Ac5tt5BQOpwr0BV9oN,sensual,0.9125,False,0.3682,0.77,0.0384,0.6287,0.1113,0.0964,0.335,0.0937,0.9125,0.1154
10,Bad Bunny,NUEVAYoL,Global,5TFD2bmFKGhoCRbX61nXY5,sensual,0.9687,False,0.29,0.9328,0.8153,0.0079,0.0153,0.0122,0.5691,0.2205,0.9687,0.2192
11,sombr,back to friends,Global,7qjZnBKE73H4Oxkopwulqe,longing,0.9915,False,0.79,0.9915,0.004,0.9494,0.8967,0.6063,0.0347,0.619,0.9897,0.0739
12,Dominic Fike,Babydoll,Global,7yNf9YjeO5JXUE3JEBgnYc,lonely,0.9929,False,0.3163,0.9926,0.0337,0.9586,0.942,0.9374,0.3374,0.9929,0.8154,0.7623
13,RAYE,WHERE IS MY HUSBAND!,Global,55lijDD6OAjLFFUHU9tcDm,lonely,0.9819,False,0.5872,0.9785,0.1556,0.5963,0.4948,0.4988,0.6148,0.9819,0.9212,0.4029
14,"Dave, Tems",Raindance (feat. Tems),Global,3oTuTpF1F3A7rEC6RKsMRz,love,0.9781,False,0.9781,0.9665,0.6473,0.2576,0.1741,0.0111,0.6433,0.5104,0.9283,0.0263
15,Bad Bunny,Tití Me Preguntó,Global,1IHWl5LamUGEuP4ozKQSXZ,heartbreak,0.9884,False,0.4665,0.9513,0.0207,0.9884,0.8636,0.9338,0.1106,0.9756,0.5291,0.8199
16,Zara Larsson,Lush Life,Global,1rIKgCH4H52lrvDcz50hS8,heartbreak,0.9011,False,0.886,0.4845,0.6816,0.9011,0.2097,0.0443,0.1205,0.6712,0.8963,0.0948
17,Alex Warren,Ordinary,Global,2RkZ5LkEzeHGRsmDqKwmaJ,love,0.9886,False,0.9886,0.961,0.8986,0.1995,0.2608,0.5239,0.5067,0.0844,0.9389,0.0391
18,"HUNTR/X, EJAE, AUDREY NUNA, REI AMI, KPop Demon Hunters Cast",Golden,Global,1CPZ5BxNNd0n0nF4Orb9JS,lonely,0.9883,False,0.2997,0.9653,0.4684,0.3909,0.1807,0.2134,0.9153,0.9883,0.7861,0.1011
19,Bad Bunny,EoO,Global,6J5kc12BW5HuP3d7C3vvx8,longing,0.9329,False,0.3664,0.9329,0.3862,0.0171,0.0297,0.0165,0.2282,0.0354,0.6534,0.1988
20,"Lady Gaga, Bruno Mars",Die With A Smile,Global,7so0lgd0zP2Sbgs2d7a1SZ,longing,0.9904,False,0.9841,0.9904,0.066,0.8646,0.7249,0.1239,0.0252,0.377,0.7301,0.0101
21,Alex Warren,FEVER DREAM,Global,7ogpGbKc4Io6NCU6ydxXwZ,lonely,0.9968,False,0.903,0.9863,0.0027,0.9756,0.9037,0.9041,0.778,0.9968,0.7745,0.3369
22,SIENNA SPIRO,Die On This Hill,Global,2gYTC8DsplN3RNdpdBcCOQ,longing,0.9548,False,0.9237,0.9548,0.0408,0.695,0.6917,0.4437,0.1238,0.9392,0.3844,0.4656
23,BLACKPINK,GO,Global,3FZPp9lBUvhsxFxKJi3VkB,heartbreak,0.9808,False,0.9629,0.9229,0.0221,0.9808,0.8478,0.6763,0.407,0.7968,0.8399,0.2018
24,The Goo Goo Dolls,Iris,Global,6Qyc6fS4DsZjB2mRW9DsQs,longing,0.9932,False,0.9126,0.9932,0.0027,0.7385,0.6136,0.0119,0.0062,0.2681,0.4796,0.0029
25,sombr,Homewrecker,Global,7tICCrK3CcyRFKza7yrR0z,longing,0.9714,False,0.7886,0.9714,0.0014,0.9583,0.9291,0.6659,0.1037,0.7888,0.9223,0.1476
26,Billie Eilish,BIRDS OF A FEATHER,Global,6dOtVTDdiauQNBQEDOtlAB,love,0.985,False,0.985,0.961,0.0506,0.6862,0.769,0.1221,0.0691,0.6864,0.6364,0.0583
27,The Police,Every Breath You Take,Global,1JSTJqkT5qHq8MDJnJbRE1,longing,0.9941,False,0.9614,0.9941,0.0091,0.9913,0.9886,0.9498,0.0383,0.989,0.4905,0.1935
28,Ravyn Lenae,Love Me Not,Global,4WFgvKVfEhb3IUAFGrutTR,longing,0.9912,False,0.9559,0.9912,0.0064,0.9798,0.966,0.9483,0.3513,0.9654,0.7392,0.4147
29,She & Him,I Thought I Saw Your Face Today,Global,0myRViRgmQ3J8izICXEAVO,longing,0.9665,False,0.9612,0.9665,0.1471,0.1106,0.2854,0.0003,0.034,0.2079,0.8158,0.0001
30,Sabrina Carpenter,Manchild,Global,2BwO5K8Q7EPAJSGze3AAh9,anger,0.9562,False,0.1594,0.7419,0.014,0.7906,0.5948,0.8796,0.0499,0.7908,0.9041,0.9562
31,Bad Bunny,VOY A LLeVARTE PA PR,Global,59D4DOkspUbWyMmbAPQkxZ,sensual,0.9826,False,0.2207,0.8732,0.1764,0.1042,0.0578,0.0621,0.1576,0.4721,0.9826,0.3582
32,sombr,12 to 12,Global,05od2qm2MTSKCHxy1GBp5W,lonely,0.9805,False,0.9404,0.9573,0.0724,0.9113,0.7397,0.3964,0.0214,0.9805,0.9722,0.2116
33,Gigi Perez,Sailor Song,Global,21IYMdzTrzSe191Cy5eMap,longing,0.9709,False,0.9388,0.9709,0.3193,0.0685,0.0442,0.0073,0.8063,0.0412,0.8865,0.0678
34,Taylor Swift,Opalite,Global,3yWuTOYDztXjZxdE2cIRUa,longing,0.9771,False,0.877,0.9771,0.3817,0.9059,0.6742,0.47,0.3451,0.7843,0.9201,0.0434
35,Bella Kay,iloveitiloveitiloveit,Global,5IMpnpD0tQVcqWlVIgtAtV,love,0.958,False,0.958,0.8499,0.3387,0.0615,0.069,0.0261,0.0095,0.2374,0.8872,0.5688
36,The Neighbourhood,Sweater Weather,Global,0cQVqPuHQP4KEwc7ZUQmj6,longing,0.9835,False,0.9324,0.9835,0.0564,0.046,0.0377,0.1426,0.1413,0.3652,0.9549,0.01
37,Billie Eilish,WILDFLOWER,Global,3QaPy1KgI7nu9FJEQUgn6h,heartbreak,0.9775,False,0.6572,0.9626,0.0326,0.9775,0.9281,0.5032,0.0054,0.8172,0.5075,0.1437
38,Radiohead,Creep,Global,70LcF31zb1H0PyJoS1Sx1r,longing,0.9658,False,0.1446,0.9658,0.0033,0.8923,0.8315,0.3711,0.0139,0.8125,0.6902,0.4697
39,Bruno Mars,That's What I Like,Global,0KKkJNfGyhkQ5aFogxQAPU,sensual,0.988,False,0.9543,0.8761,0.7444,0.0058,0.0052,0.0025,0.6327,0.121,0.988,0.0665
40,"J Balvin, Bad Bunny",LA CANCIÓN,Global,0fea68AdmYNygeTGI4RC18,longing,0.9448,False,0.3529,0.9448,0.0679,0.7682,0.6768,0.4834,0.1872,0.9353,0.6792,0.2469
41,"Disco Lines, Tinashe",No Broke Boys,Global,3cZajhyr8LmtPfHZ9296tj,lonely,0.9898,False,0.0062,0.6316,0.0006,0.9824,0.9445,0.911,0.0041,0.9898,0.209,0.9853
42,"Drake, Wizkid, Kyla",One Dance,Global,1zi7xx7UVEFkmKfv06H8x0,longing,0.9108,False,0.6582,0.9108,0.0168,0.491,0.1713,0.0675,0.5865,0.8007,0.7935,0.0661
43,Benson Boone,Beautiful Things,Global,3xkHsmpQCBMytMJNiDf3Ii,longing,0.9896,False,0.8893,0.9896,0.0183,0.5514,0.5395,0.0467,0.6813,0.4865,0.4431,0.0083
44,Ella Langley,Choosin' Texas,Global,65DbTqJKhbwqYbZ1Okr0rc,lonely,0.9902,False,0.8358,0.9827,0.4241,0.9888,0.9681,0.8327,0.0031,0.9902,0.7136,0.1621
46,Bruno Mars,Cha Cha Cha,Global,6QletrrmpkUpeJkipX9pgf,sensual,0.9941,False,0.5641,0.9461,0.1142,0.0122,0.0142,0.027,0.9397,0.0404,0.9941,0.4308
47,Don Toliver,E85,Global,3B4cjvGlPvyBLNG3AzEgkZ,love,0.997,False,0.997,0.9467,0.9145,0.0469,0.1452,0.008,0.8844,0.0195,0.9719,0.0055
48,Bruno Mars,Locked out of Heaven,Global,5g7sDjBhZ4I3gcFIpkrLuI,longing,0.992,False,0.9784,0.992,0.6164,0.027,0.0526,0.0075,0.9842,0.0205,0.9788,0.0022
49,Jin,Don’t Say You Love Me,Global,27xkOIER6uDLKALIelHylZ,heartbreak,0.9816,False,0.0036,0.7414,0.0002,0.9816,0.9341,0.9381,0.0021,0.8527,0.0424,0.6914
50,Arctic Monkeys,I Wanna Be Yours,Global,5XeFesFbtLpXzIVDNQP22n,longing,0.9736,False,0.8688,0.9736,0.1714,0.4991,0.1488,0.0195,0.29,0.6568,0.9533,0.0356
51,The Killers,Mr. Brightside,Global,003vvx7Niy0yvhvHt4a68B,longing,0.9945,False,0.3133,0.9945,0.0076,0.9225,0.8367,0.7692,0.3159,0.7331,0.4728,0.7652
52,"Sean Paul, Keyshia Cole",(When You Gonna) Give It Up to Me - Radio Version,Global,5nEdwtSv0qqeE0l4o1lR4q,sensual,0.9475,False,0.5653,0.8159,0.4446,0.0017,0.0018,0.0014,0.416,0.0464,0.9475,0.0072
53,"The Weeknd, JENNIE, Lily-Rose Depp","One Of The Girls (with JENNIE, Lily Rose Depp)",Global,7CyPwkp0oE8Ro9Dd5CUDjW,heartbreak,0.8162,False,0.0086,0.5103,0.0007,0.8162,0.6156,0.6464,0.0009,0.4617,0.1052,0.0947
54,Coldplay,Yellow,Global,3AJwUDP919kvQ9QcozQPxg,love,0.9922,False,0.9922,0.9509,0.693,0.0508,0.073,0.0329,0.2594,0.0992,0.9268,0.0605
55,Bruno Mars,God Was Showing Off,Global,1sVBT215CDmVJvfy1E2OCU,sensual,0.9765,False,0.8161,0.9144,0.7523,0.0006,0.0014,0.0005,0.7598,0.0133,0.9765,0.0016
56,"Rauw Alejandro, Bad Bunny",Qué Pasaría...,Global,0l0vcZMU7AOeQmUIREoI2U,longing,0.9675,False,0.2968,0.9675,0.0667,0.6005,0.4864,0.2654,0.3269,0.9265,0.9172,0.8468
57,"El Bogueto, Yung Beef",Cuando No Era Cantante,Global,6N2iccqxRInhTLHc2Fu3W0,longing,0.9966,False,0.9419,0.9966,0.2394,0.9002,0.717,0.1339,0.8313,0.9653,0.9736,0.4551
58,Sabrina Carpenter,Espresso,Global,2HRqTpkrJO5ggZyyK6NPWz,sensual,0.9337,False,0.6288,0.9123,0.0306,0.3562,0.1281,0.2078,0.0182,0.786,0.9337,0.1078
59,KATSEYE,Gabriela,Global,1xOqGUkyxGQRdCvGpvWKmL,sensual,0.9889,False,0.972,0.9736,0.0031,0.9749,0.758,0.7469,0.0075,0.8681,0.9889,0.5854
60,Fleetwood Mac,Dreams,Global,0ofHAoxe9vBkTCp2UQIavz,lonely,0.9949,False,0.0155,0.9382,0.0009,0.9673,0.9573,0.8993,0.006,0.9949,0.4972,0.3548
61,Jimin,Who,Global,7tI8dRuH2Yc6RuoTjxo4dU,longing,0.9914,False,0.9384,0.9914,0.0168,0.9358,0.7776,0.6323,0.4891,0.9746,0.5719,0.4749
62,"Peso Pluma, Tito Double P",dopamina,Global,3e32UUqXzrI4g2y5kNZrwC,sensual,0.9931,False,0.0774,0.8475,0.339,0.003,0.0059,0.0045,0.1654,0.1653,0.9931,0.1086
63,BLACKPINK,JUMP,Global,5H1sKFMzDeMtXwND3V6hRY,longing,0.992,False,0.753,0.992,0.4813,0.6676,0.1727,0.0152,0.5646,0.0278,0.9873,0.071
64,"The Weeknd, Daft Punk",Starboy,Global,7MXVkk9YMctZqd1Srtv4MB,anger,0.8873,False,0.003,0.8849,0.0034,0.0675,0.04,0.1181,0.0448,0.4128,0.7117,0.8873
65,Coldplay,Sparks,Global,7D0RhFcb3CrfPuTJ0obrod,heartbreak,0.9639,False,0.9292,0.9508,0.0011,0.9639,0.8539,0.1112,0.0527,0.759,0.1674,0.1265
66,"Ryan Castro, Kapo, Gangsta",LA VILLA,Global,2ZyrAym0sRLwt4PhGotHuI,sensual,0.9812,False,0.1551,0.7746,0.095,0.0028,0.0043,0.0064,0.0919,0.1293,0.9812,0.0778
67,Harry Styles,As It Was,Global,4Dvkj6JhhA12EX05fT7y2e,lonely,0.9697,False,0.31,0.933,0.0017,0.9453,0.8949,0.8006,0.0179,0.9697,0.2804,0.1968
68,"ROSÉ, Bruno Mars",APT.,Global,4wJ5Qq0jBN4ajy7ouZIV1c,longing,0.9953,False,0.9734,0.9953,0.4859,0.0678,0.0291,0.016,0.7183,0.7122,0.9906,0.1386
69,Dominic Fike,White Keys,Global,5ViLKrbyL3HD6wsq3AB9eI,heartbreak,0.9779,False,0.0244,0.9386,0.0004,0.9779,0.838,0.2568,0.0052,0.971,0.3361,0.8905
70,"Bad Bunny, Omar Courtz, Dei V",VeLDÁ,Global,7d6yK8v8J484SWH5prIQiE,sensual,0.9393,False,0.5906,0.9176,0.1561,0.0915,0.11,0.0068,0.4435,0.2519,0.9393,0.2793
71,Teddy Swims,Lose Control,Global,17phhZDn6oGtzMe56NuWvj,heartbreak,0.9942,False,0.0838,0.9082,0.0004,0.9942,0.9495,0.9771,0.0022,0.9797,0.1851,0.6582
72,"Gorillaz, De La Soul",Feel Good Inc.,Global,0d28khcov6AiegSCpG5TuT,longing,0.9942,False,0.9918,0.9942,0.9722,0.5887,0.5712,0.7045,0.9857,0.8832,0.9856,0.3511
73,"Kendrick Lamar, SZA",All The Stars,Global,3GCdLUSnKSMJhs4Tj6CV3s,longing,0.6164,False,0.51,0.6164,0.0046,0.4903,0.4229,0.4502,0.4208,0.4588,0.2736,0.4395
74,Vance Joy,Riptide,Global,2uXlHCUbq9OMUwx3hrk06o,love,0.9526,False,0.9526,0.9416,0.0017,0.8482,0.7169,0.5018,0.0266,0.7274,0.3647,0.084
75,Arctic Monkeys,505,Global,58ge6dfP91o9oXMzq3XkIS,heartbreak,0.9231,False,0.7006,0.9025,0.0177,0.9231,0.7621,0.211,0.0683,0.242,0.6028,0.1795
76,Daniel Caesar,Who Knows,Global,6DH13QYXK7lKkYHSU88N48,longing,0.7181,False,0.6023,0.7181,0.0024,0.5422,0.2404,0.0872,0.0166,0.3898,0.6168,0.0091
77,sombr,undressed,Global,0TFTAtCYhp2tQ9KcJIZb55,heartbreak,0.9868,False,0.1933,0.9517,0.0002,0.9868,0.9635,0.8484,0.0038,0.9527,0.161,0.6824
78,Bruno Mars,Why You Wanna Fight?,Global,3Ac4AjYkqsvop2ydbSAhTX,longing,0.9931,False,0.9884,0.9931,0.072,0.9814,0.9436,0.6272,0.5132,0.9729,0.9567,0.6353
79,Addison Rae,Fame is a Gun,Global,7B3BwNecBhKvNwSMOOl7Gk,love,0.985,False,0.985,0.9753,0.7802,0.9669,0.7227,0.1204,0.094,0.5471,0.9456,0.0972
80,Herencia De Grandes,Ya Borracho,Global,4NyUIohBa3CEMGcXURYSOh,longing,0.9922,False,0.992,0.9922,0.8014,0.1105,0.1819,0.0049,0.1973,0.0242,0.7899,0.0012
81,Linkin Park,In the End,Global,60a0Rd6pjrkxjPbaKzXjfq,heartbreak,0.8416,False,0.0259,0.5254,0.001,0.8416,0.3968,0.6205,0.0044,0.6769,0.1115,0.1056
82,"Jung Kook, Latto",Seven (feat. Latto) (Explicit Ver.),Global,2HRgqmZQC0MC7GeNuDIXHN,sensual,0.718,False,0.603,0.6753,0.1263,0.2089,0.0885,0.0798,0.3859,0.1256,0.718,0.0652
83,Bruno Mars,Dance With Me,Global,1myZ6GQewhAzMH2dKtKSWK,love,0.991,False,0.991,0.9868,0.6521,0.4165,0.1257,0.0201,0.9736,0.407,0.9727,0.0069
84,Michael Jackson,Billie Jean,Global,7J1uxwnxfQLu4APicE5Rnj,sensual,0.9434,False,0.7013,0.8678,0.0883,0.8777,0.8153,0.5334,0.1044,0.5949,0.9434,0.6209
85,Nadhif Basalamah,kota ini tak sama tanpamu,Global,13CwOTXUgBugeBByE9oIWb,longing,0.9921,False,0.9902,0.9921,0.7519,0.008,0.0134,0.0008,0.9767,0.0958,0.9757,0.0005
86,Lord Huron,The Night We Met,Global,5yJaXWIErrrsjQ3J0eR5aK,longing,0.9677,False,0.0356,0.9677,0.007,0.8635,0.7268,0.574,0.0039,0.9522,0.8975,0.0941
87,"Peso Pluma, Tito Double P",daño,Global,136BeIIoBGrrU9fI1jbcDR,heartbreak,0.9916,False,0.0586,0.9612,0.0002,0.9916,0.9859,0.9684,0.001,0.9784,0.1445,0.7946
88,Bruno Mars,Just the Way You Are,Global,7BqBn9nzAq8spo5e7cZ0dJ,sensual,0.981,False,0.8979,0.6904,0.2936,0.0963,0.2699,0.021,0.044,0.0254,0.981,0.0016
89,Neton Vega,Pvta Luna,Global,33MeEaRCeIQMSRyFTr5ZJU,heartbreak,0.9595,False,0.0012,0.0401,0.0002,0.9595,0.9392,0.9107,0.0011,0.8881,0.0056,0.8606
90,Gracie Abrams,That’s So True,Global,7ne4VBA60CxGM75vw0EYad,sensual,0.8964,False,0.1765,0.8329,0.0236,0.8936,0.7353,0.5881,0.0179,0.8742,0.8964,0.7768
91,"W Sound, Beéle, Ovy On The Drums",La Plena - W Sound 05,Global,6iOndD4OFo7GkaDypWQIou,love,0.9922,False,0.9922,0.976,0.2966,0.0018,0.0018,0.0016,0.1824,0.0086,0.9816,0.0055
92,The Marías,No One Noticed,Global,3siwsiaEoU4Kuuc9WKMUy5,lonely,0.9976,False,0.257,0.9722,0.0202,0.9474,0.8055,0.9479,0.1151,0.9976,0.7354,0.2755
93,BLACKPINK,Champion,Global,43BJVWcBzHRIDaQCg7abnX,hope,0.3664,False,0.1531,0.064,0.0482,0.0035,0.0019,0.0021,0.3664,0.008,0.1754,0.0257
94,"Peso Pluma, Tito Double P",7-3,Global,4lzo6zPM2paqyP8oBp3DOs,heartbreak,0.9764,False,0.4878,0.9152,0.0679,0.9764,0.9288,0.8074,0.4508,0.9561,0.9401,0.9476
95,Don Toliver,Body,Global,0FlcmZ13DGRmscCroro9GO,love,0.9886,False,0.9886,0.9808,0.6824,0.0397,0.0458,0.0373,0.3559,0.0705,0.987,0.132
96,Lenin Ramírez,Todo Lo Fue,Global,0Sa8aRfGckW0qUGLrBwoBG,heartbreak,0.9936,False,0.3259,0.9239,0.0049,0.9936,0.9771,0.9803,0.01,0.9832,0.2293,0.9715
97,"The Weeknd, Playboi Carti",Timeless (feat Playboi Carti),Global,0FIDCNYYjNvPVimz5icugS,heartbreak,0.9834,False,0.4829,0.9197,0.0124,0.9834,0.968,0.8152,0.0112,0.7739,0.6713,0.8839
98,Coldplay,Viva La Vida,Global,1mea3bSkSGXuIRvnydlB5b,lonely,0.9944,False,0.0194,0.9704,0.0468,0.9402,0.779,0.933,0.0084,0.9944,0.8221,0.7004
99,Lil Uzi Vert,What You Saying,Global,7cjoZVmWe2xsGR4wcXiV2v,sensual,0.9058,False,0.8865,0.7033,0.3139,0.1769,0.0694,0.105,0.3971,0.5177,0.9058,0.2385
100,Bruno Mars,On My Soul,Global,4i4BVY2JiH4mDSLIBdNGKD,love,0.992,False,0.992,0.9892,0.3499,0.2829,0.1587,0.038,0.7344,0.5193,0.9414,0.0072
101,Evanescence,Bring Me To Life,Global,0COqiPhxzoWICwFCS4eZcp,lonely,0.9756,False,0.3966,0.9115,0.0042,0.8129,0.6714,0.9357,0.3712,0.9756,0.3527,0.0413
102,Bruno Mars,When I Was Your Man,Global,0B7wvvmu9EISAwZnOpjhNI,heartbreak,0.9911,False,0.2059,0.9795,0.0007,0.9911,0.9745,0.7941,0.6614,0.9385,0.3164,0.1776
103,Empire Of The Sun,We Are The People,Global,3zEN0ii6s4DHHBpnTp3RP7,joy,0.9825,False,0.972,0.9006,0.9825,0.0097,0.0142,0.001,0.9624,0.0124,0.951,0.0053
104,"Don Omar, Lucenzo",Danza Kuduro,Global,2a1o6ZejUi8U3wzzOtCOYw,sensual,0.9866,False,0.3284,0.8346,0.411,0.0905,0.036,0.0384,0.4803,0.1387,0.9866,0.3446
105,Fuerza Regida,Marlboro Rojo,Global,3hpm0fTeSqlhJbnqAgaLZs,sensual,0.9456,False,0.0799,0.8833,0.1059,0.0202,0.0175,0.0341,0.0062,0.1524,0.9456,0.8019
106,Tame Impala,The Less I Know The Better,Global,6K4t31amVTZDgR3sKmwUJJ,heartbreak,0.9842,False,0.7529,0.9718,0.0007,0.9842,0.9575,0.9531,0.1258,0.9795,0.2981,0.6775
107,Olivia Dean,Nice To Each Other,Global,7gKxCvTDWwV9wBhdeBbr3l,longing,0.8397,False,0.5873,0.8397,0.0877,0.3159,0.1225,0.2144,0.7935,0.404,0.4829,0.448
108,Chappell Roan,"Good Luck, Babe!",Global,0WbMK4wrZ1wFSty9F7FCgu,sensual,0.9928,False,0.1818,0.9297,0.0095,0.952,0.6967,0.1641,0.0068,0.7851,0.9928,0.1732
109,Beéle,no tiene sentido,Global,1HEwEN64NjgTaHmo7LfkX8,longing,0.9809,False,0.5368,0.9809,0.005,0.8269,0.8961,0.5812,0.184,0.9262,0.7784,0.7321
110,Piche Kota,Bahagia Lagi,Global,5tZaKZPJtiHh6teQfVEHB5,longing,0.9681,False,0.8924,0.9681,0.0004,0.9662,0.7096,0.5378,0.1096,0.9648,0.1826,0.1922
111,Olivia Dean,A Couple Minutes,Global,312z6PZ8wwREck8613PkJk,love,0.888,False,0.888,0.8878,0.026,0.8282,0.595,0.0106,0.7764,0.6341,0.3957,0.0233
112,Ed Sheeran,Shape of You,Global,7qiZfU4dY1lWllzX7mPBI3,sensual,0.9866,False,0.9855,0.9851,0.0463,0.0016,0.0013,0.0005,0.2051,0.0172,0.9866,0.0016
113,"DJ Snake, Justin Bieber",Let Me Love You,Global,0lYBSQXN6rCTvUZvg9S0lU,longing,0.8295,False,0.099,0.8295,0.0009,0.5579,0.3926,0.1071,0.1092,0.1475,0.1291,0.1038
114,The Script,The Man Who Can't Be Moved,Global,3nqqDo8CcCLke3ZoTgiOKf,longing,0.9796,False,0.6405,0.9796,0.0003,0.7555,0.7724,0.4967,0.3448,0.7339,0.1619,0.0343
115,Harry Styles,Aperture,Global,45Z3m6yazmAi4jZuW0tzW0,love,0.9878,False,0.9878,0.5531,0.3174,0.002,0.0043,0.0348,0.4626,0.0045,0.8207,0.0921
116,Zara Larsson,Midnight Sun,Global,1qRV1dKLOfH1s00b9J2LUQ,sensual,0.9749,False,0.9393,0.9116,0.9268,0.0253,0.0115,0.002,0.2628,0.7407,0.9749,0.0023
117,Lana Del Rey,Cinnamon Girl,Global,2mdEsXPu8ZmkHRRtAdC09e,sensual,0.9792,False,0.4722,0.9435,0.0081,0.1067,0.0889,0.0225,0.2151,0.0755,0.9792,0.8652
118,Tyla,CHANEL,Global,4VxTzYm00mg82MuoT35Ja7,longing,0.932,False,0.7514,0.932,0.0013,0.8189,0.3545,0.5063,0.0473,0.7923,0.703,0.818
119,The Weeknd,Blinding Lights,Global,0VjIjW4GlUZAMYd2vXMi3b,lonely,0.9811,False,0.8809,0.9784,0.0374,0.8822,0.8843,0.8312,0.8351,0.9811,0.9641,0.0737
120,Tame Impala,Dracula,Global,1NXbNEAcPvY5G1xvfN57aA,longing,0.9861,False,0.9271,0.9861,0.0239,0.2808,0.0979,0.1074,0.9368,0.9613,0.8935,0.0921
121,"Fuerza Regida, Grupo Frontera",COQUETA,Global,1PREzVLuDT6PSE9sej4wnV,longing,0.9961,False,0.9567,0.9961,0.0201,0.8784,0.6052,0.0752,0.4978,0.675,0.9903,0.0876
122,Nirvana,Smells Like Teen Spirit,Global,0gucTLf7trAf37Ua1uAyAu,sensual,0.7195,False,0.0077,0.2591,0.5462,0.0144,0.0155,0.1297,0.0135,0.1968,0.7195,0.0769
123,"Tame Impala, JENNIE",Dracula - JENNIE Remix,Global,5yvVYFDUpbnjcnRBgjwTzM,longing,0.5856,False,0.4222,0.5856,0.0174,0.0781,0.0354,0.1645,0.4012,0.4993,0.5146,0.0996
124,KAROL G,Si Antes Te Hubiera Conocido,Global,73scB4Q4fcOmnsBVZPmk32,longing,0.9843,False,0.6859,0.9843,0.0465,0.3908,0.3937,0.121,0.9564,0.5149,0.9138,0.6576
125,"Pitbull, AFROJACK, Ne-Yo, Nayer",Give Me Everything (feat. Nayer),Global,4QNpBfC0zvjKqPJcyqBy9W,longing,0.9458,False,0.5828,0.9458,0.2312,0.4626,0.442,0.4913,0.4838,0.5247,0.8139,0.2489
126,"Tyler, The Creator, Kali Uchis",See You Again (feat. Kali Uchis),Global,7KA4W4McWYRpgf0fWsJZWB,sensual,0.9346,False,0.7444,0.9337,0.1505,0.112,0.0256,0.0859,0.3027,0.4767,0.9346,0.0335
128,Don Toliver,No Pole,Global,0eaVIYo2zeOaGJeqZ5TwYz,lonely,0.875,False,0.3808,0.5625,0.0392,0.8416,0.6583,0.8057,0.1693,0.875,0.526,0.7467
129,Justin Bieber,DAISIES,Global,5BZsQlgw21vDOAjoqkNgKb,love,0.9901,False,0.9901,0.9864,0.0515,0.8892,0.5136,0.0881,0.5692,0.8132,0.9864,0.0278
130,"Shakira, Wyclef Jean",Hips Don't Lie (feat. Wyclef Jean),Global,3d0WouFnFmr0K3kjeza3fF,sensual,0.9673,False,0.305,0.7772,0.1596,0.0032,0.003,0.0047,0.2149,0.0536,0.9673,0.0134
131,Keane,Somewhere Only We Know,Global,0ll8uFnc0nANY35E0Lfxvg,longing,0.989,False,0.3921,0.989,0.0584,0.9526,0.9151,0.7273,0.0555,0.987,0.8133,0.3969
132,Rihanna,Only Girl (In The World),Global,2ENexcMEMsYk0rVJigVD3i,sensual,0.9945,False,0.9796,0.9762,0.4402,0.0094,0.0111,0.0118,0.2494,0.4967,0.9945,0.1086
133,Rihanna,Don't Stop The Music,Global,1Jo0Zg7XlrA6z0mFTZVdkn,sensual,0.9768,False,0.9194,0.9699,0.6766,0.0371,0.023,0.0072,0.3939,0.1677,0.9768,0.3208
134,"Omar Courtz, Ñengo Flow",FOREVER TU GANTEL,Global,1YAWMfsmduIrpqrjP45pFn,sensual,0.974,False,0.3796,0.9729,0.0368,0.4909,0.2258,0.0507,0.0923,0.8009,0.974,0.7762
135,Kehlani,Folded,Global,0bxPRWprUVpQK0UFcddkrA,longing,0.9889,False,0.9288,0.9889,0.0301,0.9159,0.7743,0.2628,0.4007,0.9106,0.8029,0.8386
136,Eminem,Without Me,Global,7lQ8MOhq6IN2w8EYcFNSUk,lonely,0.9583,False,0.0101,0.7734,0.0704,0.0576,0.0725,0.5625,0.1293,0.9583,0.8816,0.9305
137,OneRepublic,Counting Stars,Global,2tpWsVSb9UEmDRxAl1zhX1,longing,0.994,False,0.9585,0.994,0.0657,0.8527,0.527,0.2469,0.9744,0.6264,0.781,0.2921
138,TOTO,Africa,Global,2374M0fQpWi3dLnB54qaLX,lonely,0.9687,False,0.7386,0.9681,0.0544,0.5484,0.3797,0.1042,0.8789,0.9687,0.6622,0.0301
139,Linkin Park,Numb,Global,2nLtzopw4rPReszdYBJU6h,lonely,0.9913,False,0.0033,0.6975,0.0003,0.9281,0.9232,0.9857,0.0005,0.9913,0.0351,0.6429
140,Bad Bunny,KLOuFRENS,Global,4MUrUT38U98olfnyzMBCzm,heartbreak,0.9839,False,0.5646,0.8657,0.075,0.9839,0.971,0.7855,0.024,0.9611,0.5105,0.4618
141,Danny Ocean,Me Rehúso,Global,6ifUES3keWjwXgae8pXI3o,sensual,0.8256,False,0.5641,0.792,0.005,0.7857,0.6861,0.4893,0.0512,0.626,0.8256,0.1545
142,Lana Del Rey,Young And Beautiful,Global,2nMeu6UenVvwUktBCpLMK9,longing,0.9738,False,0.9053,0.9738,0.4093,0.6293,0.2255,0.0492,0.4594,0.7234,0.9073,0.0521
143,Ed Sheeran,Perfect,Global,0tgVpDi06FyKpA1z0VMD4v,love,0.9887,False,0.9887,0.9605,0.7956,0.0057,0.0097,0.0032,0.9246,0.0548,0.9624,0.0031
144,Laufey,From The Start,Global,43iIQbw5hx986dUEZbr3eN,heartbreak,0.9918,False,0.9499,0.9911,0.0003,0.9918,0.9847,0.8878,0.0422,0.9843,0.0351,0.7809
145,Idgitaf,Sedia Aku Sebelum Hujan,Global,64qfw9JZl3RYCrq4Mn0WvT,love,0.898,False,0.898,0.6753,0.0202,0.1775,0.1414,0.0333,0.3278,0.0592,0.3043,0.0092
146,"Macklemore, Ryan Lewis, Macklemore & Ryan Lewis, Ray Dalton",Can't Hold Us (feat. Ray Dalton),Global,22skzmqfdWrjJylampe0kt,anger,0.7735,False,0.0861,0.6398,0.1433,0.3251,0.0726,0.1006,0.1776,0.3682,0.6389,0.7735
147,EsDeeKid,4 Raws,Global,554qQSs9lpRVq6TlaaiIKT,anger,0.9057,False,0.0169,0.4494,0.13,0.0808,0.1372,0.538,0.0678,0.5507,0.4726,0.9057
148,Radiohead,Let Down,Global,2fuYa3Lx06QQJAm0MjztKr,despair,0.9884,False,0.0005,0.0506,0.0001,0.8733,0.3835,0.9884,0.002,0.5927,0.2004,0.011
149,Cigarettes After Sex,Apocalypse,Global,1oAwsWBovWRIp7qLMGPIet,longing,0.9826,False,0.6997,0.9826,0.0023,0.9409,0.8616,0.7487,0.0512,0.7683,0.9425,0.218
150,JENNIE,like JENNIE,Global,0fK7ie6XwGxQTIkpFoWkd1,longing,0.9969,False,0.3501,0.9969,0.5525,0.3011,0.5406,0.3384,0.3554,0.4389,0.9627,0.9037
151,rihanna,We Found Love,Global,1zv3WFUbZ5vPxFq9I2jAU1,longing,0.9945,False,0.9909,0.9945,0.5936,0.426,0.5061,0.0178,0.9622,0.1157,0.9942,0.0043
152,Sam Fender,Rein Me In,Global,0MUXBhPUDF8or0kfQ0EHwV,heartbreak,0.9882,False,0.8958,0.982,0.0243,0.9882,0.9678,0.7601,0.0169,0.9754,0.7985,0.5162
153,Creedence Clearwater Revival,Have You Ever Seen The Rain,Global,2LawezPeJhN4AWuSB0GtAU,longing,0.948,False,0.0067,0.948,0.0003,0.4985,0.8076,0.5847,0.049,0.3609,0.0482,0.1649
154,BLACKPINK,Me and my,Global,5MXcM263QvCTWriH3nVusc,sensual,0.9795,False,0.4354,0.5217,0.4677,0.0072,0.0088,0.0018,0.1639,0.0552,0.9795,0.1603
155,Justin Bieber,Sorry,Global,09CtPGIpYB4BrO8qb1RGsF,heartbreak,0.8445,False,0.0087,0.4729,0.0006,0.8445,0.597,0.2458,0.1232,0.3721,0.0614,0.5253
156,Bruno Mars,It Will Rain,Global,4rMNgxEwGWoPHIUcvB5BrB,heartbreak,0.9633,False,0.7678,0.9612,0.0015,0.9633,0.9235,0.6788,0.0362,0.9212,0.1346,0.2894
157,Rihanna,Kiss It Better,Global,0UHB9METy4VCXNgkcGqHqS,longing,0.9936,False,0.7765,0.9936,0.0919,0.9727,0.8714,0.7958,0.5988,0.931,0.9414,0.803
158,Tom Odell,Another Love,Global,7jtQIBanIiJOMS6RyCx6jZ,lonely,0.9862,False,0.9709,0.9659,0.0009,0.9852,0.9338,0.4206,0.033,0.9862,0.2867,0.025
159,"Peso Pluma, Tito Double P, LENCHO",chiclona,Global,5Q4HTsEGKanxOwL1nYCnhQ,anger,0.7641,False,0.0456,0.4863,0.0358,0.0576,0.0799,0.2903,0.051,0.2681,0.5983,0.7641
160,Guns N' Roses,Sweet Child O' Mine,Global,7snQQk1zcKl8gZ92AnueZW,longing,0.9261,False,0.9077,0.9261,0.0957,0.0122,0.0357,0.001,0.0144,0.0149,0.5971,0.0002
161,"The Chainsmokers, Halsey",Closer,Global,7BKLCZ1jbUBVqRi2FVlTVw,sensual,0.9732,False,0.8941,0.9694,0.0932,0.9581,0.7687,0.2015,0.3116,0.9532,0.9732,0.8711
162,Tears For Fears,Everybody Wants To Rule The World,Global,2YiCMmONQcoMPX2bV1LxE0,grief,0.8016,False,0.5106,0.6491,0.0052,0.7982,0.8016,0.7725,0.0058,0.7382,0.4419,0.4824
163,Fleetwood Mac,The Chain - 2004 Remaster,Global,5e9TFTbltYBg2xThimr0rU,despair,0.9906,False,0.0019,0.8837,0.0002,0.963,0.9504,0.9906,0.0003,0.979,0.0929,0.9894
164,Ed Sheeran,Photograph,Global,6fxVffaTuwjgEk5h9QyRjy,love,0.9682,False,0.9682,0.9237,0.0022,0.4486,0.1495,0.006,0.1122,0.6448,0.5011,0.0037
166,"DJ Japa NK, MC Meno K, MC Ryan SP, Mc Jacaré, DJ DAVI DOGDOG",Posso Até Não Te Dar Flores,Global,4G7bbgD2DHORU4frrWoCXp,longing,0.9663,False,0.8828,0.9663,0.2099,0.9593,0.8741,0.1998,0.0693,0.8894,0.8395,0.7079
167,"Nelly Furtado, Timbaland",Promiscuous,Global,2gam98EZKrF9XuOkU13ApN,sensual,0.9802,False,0.3512,0.8958,0.0131,0.0056,0.0043,0.006,0.1486,0.4941,0.9802,0.024
168,Lady Gaga,Poker Face,Global,1QV6tiMFM6fSOKOGLMHYYg,love,0.9831,False,0.9831,0.9165,0.3177,0.0045,0.0042,0.0009,0.1229,0.02,0.9653,0.0042
169,Bad Bunny,MONACO,Global,4MjDJD8cW7iVeWInc2Bdyj,sensual,0.9725,False,0.5166,0.7221,0.3848,0.1613,0.2485,0.1973,0.0759,0.5001,0.9725,0.5783
170,"French Montana, Swae Lee",Unforgettable,Global,3B54sVLJ402zGa6Xm4YGNe,sensual,0.9578,False,0.368,0.8754,0.1165,0.1728,0.2043,0.1446,0.2291,0.4137,0.9578,0.3547
171,"Coolio, L.V.",Gangsta's Paradise,Global,1DIXPcTDzTj8ZMHt3PDt8p,despair,0.9647,False,0.0024,0.3842,0.0065,0.691,0.7395,0.9647,0.0015,0.946,0.2377,0.8676
172,Rihanna,Love On The Brain,Global,5oO3drDxtziYU2H1X23ZIp,love,0.9964,False,0.9964,0.9851,0.1454,0.7961,0.1244,0.0818,0.0885,0.1675,0.964,0.2634
173,Ariana Grande,we can't be friends (wait for your love),Global,51ZQ1vr10ffzbwIjDCwqm4,lonely,0.9856,False,0.962,0.9808,0.0212,0.9279,0.7434,0.4193,0.5726,0.9856,0.7237,0.4092
174,Bruno Mars,Something Serious,Global,0PV4VQCmE6Ujssr1bnswdF,longing,0.9521,False,0.9421,0.9521,0.1033,0.4243,0.3483,0.1432,0.2492,0.3857,0.7321,0.1721
175,Lana Del Rey,Summertime Sadness,Global,1FEiijYPJtyswChfcpv3p0,longing,0.9839,False,0.6477,0.9839,0.0039,0.9119,0.8619,0.027,0.0025,0.9158,0.9706,0.0053
176,Taylor Swift,Style,Global,0ug5NqcwcFR2xrfTkc7k8e,longing,0.9537,False,0.5794,0.9537,0.0367,0.2278,0.0949,0.0714,0.1126,0.9475,0.8839,0.3278
177,Twenty One Pilots,Stressed Out,Global,3CRDbSIZ4r5MsZ0YwxuEkn,longing,0.9855,False,0.0009,0.9855,0.0005,0.415,0.2859,0.1958,0.0019,0.5089,0.1313,0.0603
178,Hotel Ugly,Shut up My Moms Calling,Global,3hxIUxnT27p5WcmjGUXNwx,longing,0.9939,False,0.4994,0.9939,0.0006,0.9864,0.9664,0.8333,0.1566,0.9935,0.4578,0.231
179,Linkin Park,Somewhere I Belong,Global,3fjmSxt0PskST13CSdBUFx,lonely,0.9943,False,0.0214,0.9644,0.008,0.8142,0.6009,0.8731,0.31,0.9943,0.1617,0.1135
181,The Cure,Boys Don't Cry,Global,1QFh8OH1e78dGd3VyJZCAC,heartbreak,0.8858,False,0.1335,0.6413,0.0025,0.8858,0.7976,0.6366,0.0068,0.7279,0.0497,0.1853
182,"Maroon 5, Wiz Khalifa",Payphone,Global,1XGmzt0PVuFgQYYnV2It7A,heartbreak,0.9549,False,0.0737,0.8561,0.001,0.9549,0.8541,0.9009,0.0029,0.8842,0.1669,0.7562
183,Coldplay,The Scientist,Global,75JFxkI2RXiU7L9VXzMkle,longing,0.9768,False,0.944,0.9768,0.026,0.9681,0.9555,0.8479,0.2163,0.8102,0.7576,0.146
184,Hozier,Take Me To Church,Global,3dYD57lRAUcMHufyqn9GcI,longing,0.9716,False,0.7668,0.9716,0.2329,0.0308,0.1038,0.0098,0.5713,0.3999,0.9346,0.0032
185,Rels B,TU VAS SIN (fav),Global,6uiQ0DqbXTBc8tl0AUKZkR,love,0.9895,False,0.9895,0.989,0.4413,0.1272,0.0231,0.0122,0.4138,0.0874,0.9696,0.6309
186,Fuerza Regida,TU SANCHO,Global,6eLQXa6uk2EW8drsiKbABZ,sensual,0.9729,False,0.9293,0.9377,0.152,0.0719,0.0458,0.0186,0.154,0.707,0.9729,0.4985
187,Bruno Mars,Nothing Left,Global,0Sq6JK9kyC4MQa3KrJj5CB,longing,0.9919,False,0.9618,0.9919,0.0033,0.9897,0.9709,0.8535,0.1518,0.99,0.3144,0.2186
188,Nirvana,Come As You Are,Global,5AEOqLsRJFAoSS4ay4Jzao,longing,0.6056,False,0.0213,0.6056,0.0211,0.0636,0.1582,0.0942,0.0662,0.1611,0.2773,0.1174
189,Rihanna,S&M,Global,7ySUcLPVX7KudhnmNcgY2D,sensual,0.9867,False,0.5735,0.9711,0.3837,0.0028,0.01,0.0038,0.0409,0.0078,0.9867,0.0803
190,"The Chainsmokers, Coldplay",Something Just Like This,Global,6RUKPb4LETWmmr3iAEQktW,longing,0.9893,False,0.3179,0.9893,0.201,0.2549,0.1099,0.181,0.3087,0.9443,0.9151,0.1489
191,Chappell Roan,Pink Pony Club,Global,6393yGahSJ9slVdOwSxOVR,longing,0.9582,False,0.4152,0.9582,0.1281,0.1485,0.0375,0.0131,0.1342,0.448,0.7729,0.0718
192,"Post Malone, Swae Lee",Sunflower - Spider-Man: Into the Spider-Verse,Global,0RiRZpuVRbi7oqRdSMwhQY,sensual,0.4144,False,0.0139,0.223,0.0005,0.1466,0.0889,0.0626,0.001,0.2132,0.4144,0.0843
193,Rihanna,Breakin' Dishes,Global,5EcG8eMMlwkHRVa4aTR1qd,anger,0.9885,False,0.0072,0.8491,0.0078,0.2904,0.1785,0.1011,0.0244,0.8451,0.9749,0.9885
194,"Kanye West, Dwele",Flashing Lights,Global,5TRPicyLGbAF2LGBFbHGvO,anger,0.9792,False,0.062,0.9693,0.0029,0.7459,0.5187,0.7702,0.0059,0.9591,0.9415,0.9792
195,a-ha,Take on Me,Global,04aigH9HRGebQZu1JAN6X1,love,0.9571,False,0.9571,0.8959,0.0059,0.4132,0.4535,0.2882,0.3967,0.8563,0.3498,0.0605
196,Lola Young,Messy,Global,35ISBknsCeZQtq66xABI9g,anger,0.9793,False,0.0134,0.5957,0.0013,0.2417,0.2177,0.3424,0.0095,0.8269,0.3068,0.9793
197,"Charlie Puth, Selena Gomez",We Don't Talk Anymore (feat. Selena Gomez),Global,54PbBpquVfhfrwRwvjSXbI,heartbreak,0.9612,False,0.1926,0.9606,0.0013,0.9612,0.9286,0.8292,0.0045,0.9469,0.3104,0.4533
198,"Calvin Harris, Ellie Goulding",Outside (feat. Ellie Goulding),Global,7MmG8p0F9N3C4AXdK6o6Eb,heartbreak,0.9884,False,0.7211,0.9875,0.001,0.9884,0.9659,0.8985,0.032,0.9861,0.3846,0.97
199,Oasis,Wonderwall,Global,5qqabIl2vWzo9ApSC317sa,hope,0.9308,False,0.6713,0.8607,0.0092,0.2436,0.0495,0.0921,0.9308,0.5263,0.0951,0.0821
200,"ZXKAI, slxughter",NO BATIDÃO,Global,7vg9noSnFEyPfwLiaCW4vi,sensual,0.9818,False,0.931,0.9622,0.1017,0.3048,0.0006,0.0005,0.0487,0.0003,0.9818,0.0016
1,"V, Park Hyo Shin",Winter Ahead (with PARK HYO SHIN),Taiwan,7G7mSV4BebkoHWwKTDvXu9,sensual,0.5213,False,0.2108,0.3943,0.0263,0.3523,0.2502,0.0629,0.0676,0.2764,0.5213,0.0166
2,BLACKPINK,GO,Taiwan,3FZPp9lBUvhsxFxKJi3VkB,heartbreak,0.9808,False,0.9629,0.9229,0.0221,0.9808,0.8478,0.6763,0.407,0.7968,0.8399,0.2018
3,Jin,Don’t Say You Love Me,Taiwan,27xkOIER6uDLKALIelHylZ,heartbreak,0.9816,False,0.0036,0.7414,0.0002,0.9816,0.9341,0.9381,0.0021,0.8527,0.0424,0.6914
5,Jimin,Who,Taiwan,7tI8dRuH2Yc6RuoTjxo4dU,longing,0.9914,False,0.9384,0.9914,0.0168,0.9358,0.7776,0.6323,0.4891,0.9746,0.5719,0.4749
6,Crowd Lu,太陽與地球,Taiwan,0bQSWXtpau3VkNI1ZcXTQA,longing,0.998,False,0.9548,0.998,0.2335,0.9923,0.9823,0.9789,0.7475,0.9975,0.9661,0.3535
8,Hearts2Hearts,RUDE!,Taiwan,0WA27lZzPKFJKAbiDRmQDc,sensual,0.6911,False,0.0665,0.4169,0.256,0.0127,0.0113,0.0171,0.1427,0.4207,0.6911,0.4446
9,IVE,BANG BANG,Taiwan,7pBE8YpFoZ9ankC2Ci5z9X,anger,0.9704,False,0.449,0.7769,0.1298,0.1221,0.0938,0.0775,0.2921,0.2981,0.9029,0.9704
10,BLACKPINK,Champion,Taiwan,43BJVWcBzHRIDaQCg7abnX,hope,0.3664,False,0.1531,0.064,0.0482,0.0035,0.0019,0.0021,0.3664,0.008,0.1754,0.0257
11,Khalil Fong,特別的人,Taiwan,0VTzUEuHYD8s7CgQ15cDPo,love,0.9886,False,0.9886,0.9777,0.9638,0.3345,0.343,0.0074,0.9672,0.3077,0.9105,0.356
12,BLACKPINK,JUMP,Taiwan,5H1sKFMzDeMtXwND3V6hRY,longing,0.992,False,0.753,0.992,0.4813,0.6676,0.1727,0.0152,0.5646,0.0278,0.9873,0.071
13,V,Slow Dancing,Taiwan,5h1BN75CEh8wdSwE1xrbSe,heartbreak,0.9797,False,0.087,0.8997,0.0003,0.9797,0.9489,0.7709,0.0163,0.8571,0.3078,0.9127
15,"Top Barry, INDEcompany",一半一半,Taiwan,21x0N6lu6D9kO8rVtTU3mH,heartbreak,0.923,False,0.2056,0.5417,0.0002,0.923,0.6415,0.3596,0.0007,0.7911,0.015,0.0298
16,V,Love Me Again,Taiwan,2N0SPREDYqILVEFSsWF5N5,longing,0.9841,False,0.6387,0.9841,0.0002,0.9535,0.906,0.7916,0.0326,0.979,0.0436,0.1271
17,HWASA,Good Goodbye,Taiwan,3cLXrotzCjYCkN73PewALM,grief,0.9452,False,0.147,0.6857,0.0646,0.9175,0.9452,0.3822,0.0229,0.877,0.7435,0.3222
18,"HUNTR/X, EJAE, AUDREY NUNA, REI AMI, KPop Demon Hunters Cast",Golden,Taiwan,1CPZ5BxNNd0n0nF4Orb9JS,lonely,0.9883,False,0.2997,0.9653,0.4684,0.3909,0.1807,0.2134,0.9153,0.9883,0.7861,0.1011
20,BLACKPINK,Fxxxboy,Taiwan,7m0duH1vdTNxM2g8BLfR0F,heartbreak,0.9905,False,0.5668,0.8833,0.0008,0.9905,0.9438,0.8952,0.0029,0.9718,0.8946,0.9634
21,IVE,BLACKHOLE,Taiwan,2ytQFMxdreEFPPZTtyDdqM,hope,0.9502,False,0.9386,0.8587,0.6445,0.0061,0.0032,0.0006,0.9502,0.0251,0.8455,0.0488
22,黃奇斌,若無你我欲去佗位,Taiwan,76EfpqmO6JUL2TTR1SIGwz,love,0.8744,False,0.8744,0.8547,0.599,0.494,0.5212,0.3015,0.6784,0.6845,0.8722,0.8281
23,"Patrick Brasca, mac ova seas",左轉燈 (1000 Times+1),Taiwan,4UwZyC0wEV6XDEAr9kaQhi,longing,0.9983,False,0.9535,0.9983,0.6868,0.9922,0.9957,0.705,0.6199,0.9931,0.9034,0.6091
24,Jay Chou,擱淺,Taiwan,0cOMncRq4cmDLO4tPQnkBF,despair,0.96,False,0.1191,0.9381,0.0091,0.7692,0.8889,0.96,0.1011,0.6973,0.595,0.8698
25,BLACKPINK,Me and my,Taiwan,5MXcM263QvCTWriH3nVusc,sensual,0.9795,False,0.4354,0.5217,0.4677,0.0072,0.0088,0.0018,0.1639,0.0552,0.9795,0.1603
26,KiiiKiii,404 (New Era),Taiwan,24rDDbSlFY9OHrlJb48CRh,sensual,0.9759,False,0.191,0.8629,0.587,0.1121,0.0416,0.0211,0.5209,0.7821,0.9759,0.1461
27,Bestards,離開的一路上,Taiwan,1NoDTQhJsrd5rnpb6PQthK,lonely,0.9887,False,0.3968,0.5957,0.1066,0.1852,0.1303,0.1304,0.2597,0.9887,0.7567,0.3906
28,Crowd Lu,一夜一夜一夜,Taiwan,3wofqqt5YJWdhLI9IFaX39,longing,0.9644,False,0.8321,0.9644,0.3217,0.8477,0.8314,0.9055,0.4259,0.9323,0.8767,0.7286
29,JENNIE,like JENNIE,Taiwan,0fK7ie6XwGxQTIkpFoWkd1,longing,0.9969,False,0.3501,0.9969,0.5525,0.3011,0.5406,0.3384,0.3554,0.4389,0.9627,0.9037
31,"i-dle, skaiwater",Mono (feat. skaiwater),Taiwan,3VxmXJ4FdtbWI27p3Gx4Wh,sensual,0.4995,False,0.4988,0.425,0.31,0.0297,0.0179,0.0907,0.1336,0.1053,0.4995,0.017
32,EggPlantEgg,閣愛妳一擺,Taiwan,4Zwn8WxD61diTwqv9hyTQA,sensual,0.9101,False,0.7833,0.8482,0.4646,0.4547,0.5994,0.2851,0.4631,0.6867,0.9101,0.5315
33,Stefanie Sun,遇見,Taiwan,3xJK8ywApYVEYIDhymYMC6,longing,0.9787,False,0.6857,0.9787,0.3358,0.0044,0.0089,0.0013,0.9739,0.1206,0.8204,0.0952
34,CORTIS,GO!,Taiwan,6OWWZtNQORY1McaZmOrwhc,sensual,0.8263,False,0.1206,0.4252,0.2629,0.0357,0.0096,0.0154,0.531,0.0434,0.8263,0.4459
35,Stefanie Sun,我懷念的,Taiwan,7z2M7DsEjZjwXBkWG3zd21,longing,0.9888,False,0.9843,0.9888,0.9868,0.9682,0.9866,0.9843,0.9888,0.9652,0.9878,0.9852
36,ROSÉ,toxic till the end,Taiwan,1z5ebC9238uGoBgzYyvGpQ,heartbreak,0.9739,False,0.008,0.8989,0.0011,0.9739,0.9522,0.9139,0.0009,0.8339,0.223,0.9633
37,BABYMONSTER,PSYCHO,Taiwan,491ca80N1C63tpoLvAsLKb,anger,0.8275,False,0.0108,0.5652,0.0575,0.0771,0.0841,0.4753,0.0907,0.5727,0.787,0.8275
38,Khalil Fong,愛愛愛,Taiwan,59lBAMCis4C6NsPdUV35Vz,longing,0.9542,False,0.5016,0.9542,0.9118,0.3966,0.5725,0.8853,0.4509,0.8641,0.9286,0.5483
39,"LE SSERAFIM, j-hope",SPAGHETTI,Taiwan,2N9miXnewVmUrgl6JSK1FI,longing,0.7868,False,0.5949,0.7868,0.4587,0.1981,0.0274,0.0541,0.0649,0.2383,0.6383,0.1436
41,Bestards,不是因為天氣晴朗才愛你,Taiwan,2VEt42QSQxILgEf9B50xxm,anger,0.8876,False,0.2201,0.5854,0.117,0.4247,0.464,0.6331,0.027,0.7376,0.5908,0.8876
42,aespa,Whiplash,Taiwan,7Cnpb1vBbC46RgVyyKLH7p,sensual,0.9405,False,0.0497,0.5436,0.027,0.118,0.074,0.1177,0.1025,0.8097,0.9405,0.4317
43,Amazing Show,愛情的大壞蛋,Taiwan,5HVq8nS0pbM6G7YK8M7DY4,lonely,0.8037,False,0.3876,0.7851,0.0954,0.7559,0.7597,0.7007,0.1343,0.8037,0.6926,0.7934
44,Jay Chou,晴天,Taiwan,5pIcwtJYNJx93l420oR2Vm,longing,0.9847,False,0.9763,0.9847,0.0109,0.9584,0.9131,0.3977,0.1706,0.9719,0.7948,0.0214
47,BABYMONSTER,WE GO UP,Taiwan,1tonXoW6dcb7GGNpec3PTl,anger,0.8445,False,0.4014,0.6013,0.1575,0.1239,0.1942,0.2862,0.1417,0.2641,0.5478,0.8445
48,"Jay Chou, Lara Liang",珊瑚海,Taiwan,3Qj9Fy8BPbWmICTiNkuqB7,sensual,0.796,False,0.4176,0.5761,0.186,0.2894,0.4364,0.1896,0.2206,0.6457,0.796,0.5314
50,ILLIT,NOT CUTE ANYMORE,Taiwan,1k0JAiH11gHL9dc5dfQjQr,lonely,0.6537,False,0.0043,0.1379,0.003,0.2973,0.0261,0.579,0.0023,0.6537,0.306,0.0017
51,张远,看着我的眼睛说,Taiwan,7d6eShN6yVeR4Y2Md9uCA4,sensual,0.7662,False,0.5377,0.747,0.2112,0.4568,0.4633,0.3549,0.4069,0.5689,0.7662,0.5422
52,Stefanie Sun,開始懂了,Taiwan,68tZwwRuo9ip5gRQFG1XWF,longing,0.8449,False,0.7205,0.8449,0.186,0.5693,0.5538,0.4384,0.2861,0.6417,0.7645,0.5894
54,LBI利比,Jumping Machine (跳楼机),Taiwan,1XZE0InCx3SdCnLpVsPpZl,lonely,0.9983,False,0.0765,0.9692,0.0005,0.9922,0.9682,0.9202,0.0172,0.9983,0.1499,0.5477
55,Bruno Mars,Risk It All,Taiwan,5y2ijHECwFYWqcAHKTZgzD,longing,0.9825,False,0.9784,0.9825,0.0863,0.0422,0.0149,0.0011,0.6027,0.0443,0.6641,0.0049
57,EggPlantEgg,浪流連,Taiwan,1IS0WFyiVpwsATeSzjEvpI,anger,0.9219,False,0.303,0.6078,0.1394,0.4138,0.459,0.6669,0.2518,0.5315,0.7095,0.9219
59,Djo,End of Beginning,Taiwan,3qhlB30KknSejmIvZZLjOD,heartbreak,0.9534,False,0.0003,0.0948,0.0001,0.9534,0.9112,0.0862,0.0001,0.3736,0.0035,0.0002
60,"PinkPantheress, Zara Larsson",Stateside + Zara Larsson,Taiwan,1DwscornXpj8fmOmYVlqZt,longing,0.9689,False,0.4887,0.9689,0.0235,0.7436,0.4844,0.5873,0.595,0.9452,0.8013,0.6159
62,"Firdhaus, DIOR 大穎",在加納共和國離婚,Taiwan,6GyUt7yJ0sOktc5HjvVnFh,longing,0.9123,False,0.8674,0.9123,0.6319,0.7036,0.7142,0.7248,0.8458,0.8818,0.8954,0.8797
64,Jay Chou,楓,Taiwan,1pALOIA4ytESmhl7Fxjdic,sensual,0.8002,False,0.613,0.4466,0.1682,0.3465,0.4572,0.1706,0.2105,0.5654,0.8002,0.4713
67,Taylor Swift,The Fate of Ophelia,Taiwan,53iuhJlwXhSER5J2IYYv1W,heartbreak,0.9609,False,0.703,0.9017,0.2118,0.9609,0.8911,0.5636,0.6806,0.9553,0.7835,0.4429
68,LNGSHOT,Moonwalkin',Taiwan,46V2ciN6F5bxjQWityNhkY,longing,0.8961,False,0.3131,0.8961,0.3092,0.0327,0.0872,0.1555,0.4262,0.5965,0.855,0.1152
69,"ROSÉ, Bruno Mars",APT.,Taiwan,4wJ5Qq0jBN4ajy7ouZIV1c,longing,0.9953,False,0.9734,0.9953,0.4859,0.0678,0.0291,0.016,0.7183,0.7122,0.9906,0.1386
70,G.E.M.,多遠都要在一起,Taiwan,55d0jw269HE9pbOt5ntCo8,longing,0.9252,False,0.6877,0.9252,0.3539,0.7495,0.7686,0.5487,0.5088,0.8173,0.8822,0.6271
71,Joker Xue,演员,Taiwan,5Sib99jpYybZAicUMETb3h,love,0.9106,False,0.9106,0.4934,0.2846,0.2101,0.1025,0.0445,0.2494,0.1061,0.4606,0.0223
72,张远,嘉賓,Taiwan,5jAmIkIpskwu2hRz2YaEHi,longing,0.7687,False,0.6875,0.7687,0.0134,0.488,0.4197,0.1832,0.0535,0.4905,0.3013,0.173
73,CORTIS,FaSHioN,Taiwan,4ecdsGz3Hg6TKPwQ0ZOdJz,sensual,0.9118,False,0.2745,0.7023,0.4878,0.1213,0.0387,0.0141,0.6588,0.0634,0.9118,0.1231
74,Taylor Swift,Opalite,Taiwan,3yWuTOYDztXjZxdE2cIRUa,longing,0.9771,False,0.877,0.9771,0.3817,0.9059,0.6742,0.47,0.3451,0.7843,0.9201,0.0434
76,sombr,back to friends,Taiwan,7qjZnBKE73H4Oxkopwulqe,longing,0.9915,False,0.79,0.9915,0.004,0.9494,0.8967,0.6063,0.0347,0.619,0.9897,0.0739
77,BABYMONSTER,DRIP,Taiwan,1MUZitHRpmng5NevrvNx4T,sensual,0.8909,False,0.0857,0.4563,0.4605,0.0038,0.0058,0.0045,0.7185,0.0289,0.8909,0.2794
79,Olivia Dean,So Easy (To Fall In Love),Taiwan,6sGIMrtIzQjdzNndVxe397,love,0.9898,False,0.9898,0.9051,0.338,0.0055,0.0048,0.0008,0.6412,0.0288,0.9288,0.001
81,Sam Lee,手放開,Taiwan,2Dd9EXYXI2NNrLG61OtWQv,longing,0.9375,False,0.2866,0.9375,0.1641,0.7464,0.7885,0.7204,0.0598,0.8722,0.902,0.5245
82,Kenshi Yonezu,IRIS OUT,Taiwan,59hVbgr8rfYkDbHfr8RcGI,love,0.9957,False,0.9957,0.9809,0.2118,0.8867,0.2761,0.1096,0.0111,0.016,0.9668,0.0593
83,CORTIS,"Mention Me - From The Movie ""GOAT""",Taiwan,3f0OEJd7mlPNhmH3fUOrqy,anger,0.8878,False,0.0318,0.7683,0.0032,0.6048,0.7104,0.6404,0.0144,0.5864,0.5802,0.8878
84,F.I.R.,月牙灣,Taiwan,1b5IRT3iraxjHOsKZx93sW,hope,0.9567,False,0.8455,0.8993,0.4027,0.279,0.2611,0.1046,0.9567,0.2885,0.7728,0.2729
85,"Lady Gaga, Bruno Mars",Die With A Smile,Taiwan,7so0lgd0zP2Sbgs2d7a1SZ,longing,0.9904,False,0.9841,0.9904,0.066,0.8646,0.7249,0.1239,0.0252,0.377,0.7301,0.0101
86,ILLIT,Magnetic,Taiwan,1aKvZDoLGkNMxoRYgkckZG,love,0.982,False,0.982,0.9654,0.6208,0.0033,0.0046,0.0012,0.5353,0.0193,0.9644,0.0209
88,ROSÉ,number one girl,Taiwan,1lcBt7LoEikqYmhUoa2cez,longing,0.9843,False,0.7665,0.9843,0.0082,0.0195,0.0086,0.0117,0.285,0.9738,0.4106,0.0018
90,David Tao,就是愛妳,Taiwan,73eCSQ1DxQbaOnzy8PhKx3,love,0.9759,False,0.9759,0.8938,0.8636,0.0129,0.0331,0.0048,0.7163,0.0885,0.6782,0.0053
91,Joker Xue,其实,Taiwan,6Mmdzst5fLkrKjhdkGhLpe,love,0.9801,False,0.9801,0.8201,0.0509,0.2482,0.1001,0.035,0.0694,0.1737,0.449,0.0788
93,Hearts2Hearts,FOCUS,Taiwan,6jYiHr12NVKLzn0X7K8aSK,sensual,0.9855,False,0.9643,0.9777,0.8359,0.0343,0.1131,0.0942,0.2149,0.8737,0.9855,0.0981
95,Amazing Show,偷偷愛,Taiwan,0L7R4dmkwk46DEZgqx1fF7,lonely,0.9891,False,0.6495,0.9687,0.0237,0.7518,0.5326,0.2423,0.1311,0.9891,0.4751,0.181
96,"Disney, Shakira",Zoo,Taiwan,3vJIaiTIHxHhYafTSPNiH4,love,0.91,False,0.91,0.4289,0.9005,0.0022,0.0029,0.0028,0.548,0.0385,0.8979,0.0841
97,Fish Leong,慢冷,Taiwan,3NNDJfWMGHuNpvHWTImmlW,despair,0.7844,False,0.1547,0.7263,0.0093,0.7772,0.7,0.7844,0.031,0.7715,0.7095,0.5727
100,aespa,Rich Man,Taiwan,1sUjTLLCJzcxC15GUBrOlg,joy,0.9077,False,0.2799,0.5366,0.9077,0.0478,0.0347,0.0356,0.5089,0.3537,0.9019,0.1735
101,F.I.R.,我們的愛,Taiwan,0Q4YuuiCuxIIKUw2fb1cmV,longing,0.9832,False,0.9605,0.9832,0.8256,0.8675,0.8858,0.7974,0.793,0.8915,0.9602,0.8745
102,Crowd Lu,愚人節快樂,Taiwan,3bQeHxH1x4pVUfsRpuLAlH,heartbreak,0.9974,False,0.9192,0.9493,0.0002,0.9974,0.9887,0.7646,0.0001,0.9709,0.325,0.0109
103,JOLIN,妥協,Taiwan,0m1cI6aV1jq537JamnL592,lonely,0.8982,False,0.5309,0.7987,0.3438,0.6022,0.5394,0.6435,0.2789,0.8982,0.5035,0.6669
105,"JISOO, ZAYN",EYES CLOSED (with ZAYN),Taiwan,4WFfPxJv1KRekG6mxn837K,longing,0.9919,False,0.9874,0.9919,0.0984,0.3856,0.1207,0.0866,0.1098,0.3491,0.9802,0.0155
106,"Jung Kook, Latto",Seven (feat. Latto) (Explicit Ver.),Taiwan,2HRgqmZQC0MC7GeNuDIXHN,sensual,0.718,False,0.603,0.6753,0.1263,0.2089,0.0885,0.0798,0.3859,0.1256,0.718,0.0652
107,Andrew Tan,天后,Taiwan,4D0KlK4Fl8lotvsoys1bYQ,longing,0.992,False,0.9723,0.992,0.0266,0.973,0.5638,0.3123,0.1851,0.9299,0.7682,0.3273
108,TWS,OVERDRIVE,Taiwan,5qAfVxNUxjrELshgTpWxLf,heartbreak,0.9403,False,0.3725,0.9279,0.0087,0.9403,0.8739,0.9383,0.0365,0.5696,0.563,0.8771
109,Billie Eilish,BIRDS OF A FEATHER,Taiwan,6dOtVTDdiauQNBQEDOtlAB,love,0.985,False,0.985,0.961,0.0506,0.6862,0.769,0.1221,0.0691,0.6864,0.6364,0.0583
110,Wu Bai,淚橋,Taiwan,0NAcDn6U2GB2Arhspmh38S,love,0.9445,False,0.9445,0.9106,0.592,0.4662,0.4667,0.1913,0.6175,0.8947,0.9407,0.4914
111,"G-DRAGON, TAEYANG, DAESUNG",HOME SWEET HOME (feat. TAEYANG & DAESUNG),Taiwan,5doooVlMVRZztQbySqARMI,longing,0.9921,False,0.8631,0.9921,0.7928,0.2916,0.3171,0.0109,0.8797,0.9676,0.8583,0.1665
112,"The Kid LAROI, Justin Bieber",STAY (with Justin Bieber),Taiwan,567e29TDzLwZwfDuEpGTwo,despair,0.3124,False,0.0191,0.25,0.0066,0.1378,0.0457,0.3124,0.0092,0.1663,0.1864,0.0661
113,TWICE,THIS IS FOR,Taiwan,18AMT576rBlQFMzUTS7WBa,sensual,0.9482,False,0.3193,0.6208,0.256,0.0862,0.1993,0.2292,0.3178,0.1254,0.9482,0.2518
114,高爾宣 OSN,Without You,Taiwan,0KWnRv3wxjltYVB3MqjNd2,longing,0.9921,False,0.9214,0.9921,0.0144,0.9745,0.9671,0.9736,0.1146,0.9882,0.8109,0.948
116,NMIXX,Blue Valentine,Taiwan,4i0HNuFEH6P6K4UnsY5uUh,longing,0.9953,False,0.9926,0.9953,0.0488,0.9868,0.675,0.2852,0.3635,0.9575,0.8678,0.0338
118,G.E.M.,泡沫,Taiwan,2IfSPLPDW6RGosdB5huwAA,sensual,0.7515,False,0.7248,0.6451,0.3065,0.368,0.532,0.3423,0.3535,0.6639,0.7515,0.5936
119,Jay Chou,七里香,Taiwan,57w29bSwdIZ6gr6xXOqwc1,longing,0.891,False,0.6454,0.891,0.261,0.3909,0.3603,0.2764,0.429,0.728,0.7105,0.4702
120,Bruno Mars,I Just Might,Taiwan,6f68Ac5tt5BQOpwr0BV9oN,sensual,0.9125,False,0.3682,0.77,0.0384,0.6287,0.1113,0.0964,0.335,0.0937,0.9125,0.1154
121,Eric Chou,怎麼了,Taiwan,5cU1O9P0EDA0rPkPDykhIm,sensual,0.8829,False,0.7447,0.8586,0.3399,0.6162,0.5883,0.454,0.4878,0.7386,0.8829,0.638
122,Leehom Wang,愛錯,Taiwan,4vdX5mQE0oXkflFqsqQkUP,lonely,0.9914,False,0.6347,0.8162,0.0004,0.9279,0.542,0.6398,0.001,0.9914,0.0451,0.0677
123,BABYMONSTER,Really Like You,Taiwan,5xqM1HOndjxfH7NmyD8SVS,longing,0.9817,False,0.9717,0.9817,0.2687,0.0997,0.0344,0.0055,0.5772,0.5776,0.8559,0.0167
125,EggPlantEgg,浪子回頭,Taiwan,301mxTHzMyFOVUXl6U22sf,longing,0.8816,False,0.2513,0.8816,0.0021,0.5762,0.4812,0.7162,0.073,0.165,0.5953,0.7046
126,"高爾宣 OSN, Patrick Brasca",Hold On,Taiwan,580BvW3DyUNoYFgQgoD2GI,longing,0.991,False,0.2724,0.991,0.0135,0.9567,0.9193,0.9301,0.5746,0.9824,0.5909,0.7245
129,"The Chainsmokers, Halsey",Closer,Taiwan,7BKLCZ1jbUBVqRi2FVlTVw,sensual,0.9732,False,0.8941,0.9694,0.0932,0.9581,0.7687,0.2015,0.3116,0.9532,0.9732,0.8711
130,"Kenshi Yonezu, Hikaru Utada",JANE DOE,Taiwan,4oE7MyJhqSD3BaHRpNs8Nl,longing,0.9712,False,0.7162,0.9712,0.2052,0.688,0.4658,0.1403,0.2212,0.9301,0.946,0.0667
132,Stefanie Sun,雨天,Taiwan,5tZbcQ5PYID0xB0VNblmrK,longing,0.7535,False,0.416,0.7535,0.1526,0.0234,0.1805,0.0162,0.0745,0.2779,0.7441,0.0028
133,玖壹壹,下輩子,Taiwan,73Ijz3vN9KP1W5qrfNeWMI,hope,0.9856,False,0.9778,0.985,0.9779,0.9571,0.9847,0.9831,0.9856,0.9749,0.9847,0.9854
134,Amazing Show,捲菸,Taiwan,7ks6KrwN2DKhEm06X85qEK,longing,0.9984,False,0.9328,0.9984,0.7942,0.8895,0.859,0.9029,0.986,0.9433,0.9809,0.8406
135,TWICE,What is Love?,Taiwan,5Ek40FyMPprcvtyZDjqylX,love,0.9865,False,0.9865,0.9684,0.6705,0.0074,0.0062,0.0018,0.9293,0.095,0.832,0.0089
137,Jay Chou,說好的幸福呢,Taiwan,4OoExItZJ0jePoCZDbHx4t,lonely,0.9853,False,0.7254,0.9699,0.0082,0.9788,0.9838,0.9579,0.0076,0.9853,0.6167,0.7389
138,IVE,XOXZ,Taiwan,2c6xH9usslUoHnOzsRhpcP,longing,0.9903,False,0.9158,0.9903,0.2885,0.0485,0.0187,0.0308,0.8342,0.7529,0.8892,0.0535
142,ALLDAY PROJECT,ONE MORE TIME,Taiwan,7FyKqLLICVzwBiAUtbVYUW,sensual,0.9691,False,0.7109,0.9666,0.7897,0.012,0.021,0.0246,0.7122,0.0263,0.9691,0.0588
143,"The Chainsmokers, Coldplay",Something Just Like This,Taiwan,6RUKPb4LETWmmr3iAEQktW,longing,0.9893,False,0.3179,0.9893,0.201,0.2549,0.1099,0.181,0.3087,0.9443,0.9151,0.1489
144,Zhang Zhen Yue,愛我別走,Taiwan,2fc2vUA5H3mTAr9rQoBDKt,sensual,0.9899,False,0.9873,0.9794,0.9783,0.9511,0.9868,0.9673,0.9891,0.9764,0.9899,0.9731
145,Jay Chou,一路向北,Taiwan,7KoqEF76fGnDYdxTSHLxcm,sensual,0.8441,False,0.6579,0.636,0.0879,0.3725,0.5913,0.4167,0.1275,0.7636,0.8441,0.5166
146,Bruno Mars,That's What I Like,Taiwan,0KKkJNfGyhkQ5aFogxQAPU,sensual,0.988,False,0.9543,0.8761,0.7444,0.0058,0.0052,0.0025,0.6327,0.121,0.988,0.0665
147,"Saja Boys, Andrew Choi, Neckwav, Danny Chung, KEVIN WOO, samUIL Lee, KPop Demon Hunters Cast",Soda Pop,Taiwan,02sy7FAs8dkDNYsHp4Ul3f,longing,0.9913,False,0.9327,0.9913,0.5767,0.0337,0.0148,0.012,0.8659,0.733,0.9893,0.1143
148,Olivia Dean,Man I Need,Taiwan,1qbmS6ep2hbBRaEZFpn7BX,longing,0.9816,False,0.5754,0.9816,0.07,0.0869,0.0571,0.0285,0.6517,0.9508,0.7998,0.1067
150,Khalil Fong,紅豆,Taiwan,5TkQbhQm9BXONk2agDo4w9,sensual,0.9711,False,0.9463,0.9708,0.895,0.5068,0.4146,0.1775,0.831,0.7514,0.9711,0.5476
152,David Tao,"愛, 很簡單",Taiwan,3OXHwY8gI2QUh0QliXBwrI,lonely,0.8569,False,0.0522,0.5386,0.0278,0.3931,0.3331,0.5193,0.2576,0.8569,0.3381,0.4122
153,菲菲公主,第57次取消发送,Taiwan,2xYrGeWUjwGvB0KMAfUFSd,longing,0.9953,False,0.3155,0.9953,0.0005,0.9721,0.7855,0.2447,0.0006,0.9951,0.4252,0.0133
154,Cheer Chen,太聰明,Taiwan,4DCB1S7G6SmH9qlDpEVIzP,longing,0.9238,False,0.8845,0.9238,0.2528,0.6233,0.5822,0.5047,0.6028,0.702,0.8543,0.7095
156,艾薇 Ivy,失重前幸福,Taiwan,3SJgTyb8a7z66suw0kBZ0T,sensual,0.8845,False,0.5577,0.7518,0.2798,0.3104,0.3503,0.3722,0.5068,0.5108,0.8845,0.7297
157,Rainie Yang,雨愛,Taiwan,553GNiNqcudWfsF55RBDqz,longing,0.9695,False,0.9373,0.9695,0.0004,0.9589,0.9002,0.6457,0.7487,0.911,0.5023,0.0158
158,CORTIS,JoyRide,Taiwan,6T17ZI0glfM2IGLdUwtnLK,longing,0.9868,False,0.0032,0.9868,0.949,0.0239,0.0157,0.0683,0.5841,0.457,0.695,0.4311
159,JENNIE,Mantra,Taiwan,1kUyOJb3fzUo8r0OCz5SQk,sensual,0.6278,False,0.0579,0.1715,0.0312,0.0011,0.0012,0.0009,0.0255,0.0557,0.6278,0.0094
160,Shi Shi,少一點天份,Taiwan,7lCLZlVt6g4ifoHXpXEHZm,anger,0.6826,False,0.2455,0.4062,0.0802,0.0512,0.1257,0.306,0.0936,0.2726,0.4327,0.6826
162,陈村长,爱怎么了,Taiwan,0c9gjnRGBRke9VmLaZWmhM,lonely,0.9725,False,0.4868,0.9084,0.001,0.9556,0.9234,0.6499,0.0035,0.9725,0.3541,0.0565
164,Hearts2Hearts,STYLE,Taiwan,5EoV2HmAlkqN1XvsIjOBZZ,sensual,0.6646,False,0.5135,0.6015,0.4759,0.1296,0.1105,0.2207,0.3516,0.286,0.6646,0.1712
166,Rene Liu,後來,Taiwan,2wzXhxWPX0aODraKNXoJYY,sensual,0.871,False,0.7813,0.772,0.404,0.384,0.4196,0.2602,0.5646,0.5665,0.871,0.5089
167,sodagreen,小情歌,Taiwan,4FhJ7YSRxATHnaRg4nGs6t,love,0.8491,False,0.8491,0.8033,0.6264,0.6806,0.6256,0.2994,0.6346,0.7188,0.8118,0.6317
170,WOODZ,Drowning,Taiwan,4xeugB5MqWh0jwvXZPxahq,heartbreak,0.9849,False,0.9541,0.9761,0.0052,0.9849,0.964,0.9618,0.0342,0.7998,0.8233,0.1288
172,JOLIN,倒帶,Taiwan,4XipvtwRgtUrGb2j2l0wNG,sensual,0.7834,False,0.6131,0.782,0.2788,0.5594,0.572,0.4327,0.4223,0.6956,0.7834,0.7154
173,Eason Chan,淘汰,Taiwan,5sYtvIl1mx9QuIgwC6FDU1,lonely,0.8022,False,0.4815,0.7317,0.1367,0.6505,0.5235,0.6425,0.2755,0.8022,0.7101,0.7173
178,Bad Bunny,DtMF,Taiwan,3sK8wGT43QFpWrvNQsrQya,longing,0.9433,False,0.8873,0.9433,0.6486,0.448,0.2989,0.0133,0.2593,0.4422,0.7581,0.3516
179,Sam Lee,最近,Taiwan,0ONg8VCxzW3CCNDxDY0DNe,lonely,0.7514,False,0.1746,0.3336,0.0001,0.4528,0.1505,0.0989,0.0154,0.7514,0.0038,0.0766
180,"Charlie Puth, Selena Gomez",We Don't Talk Anymore (feat. Selena Gomez),Taiwan,54PbBpquVfhfrwRwvjSXbI,heartbreak,0.9612,False,0.1926,0.9606,0.0013,0.9612,0.9286,0.8292,0.0045,0.9469,0.3104,0.4533
181,LNGSHOT,Never Let Go,Taiwan,37xebnhvUyM8VyyDDeo65d,longing,0.9864,False,0.6176,0.9864,0.0331,0.8102,0.8565,0.7404,0.1962,0.9493,0.3895,0.5959
182,F.I.R.,Lydia,Taiwan,4D4KVgVNxed4Hd3rGWlCo2,longing,0.9945,False,0.9828,0.9945,0.5277,0.5135,0.3557,0.1987,0.1165,0.8144,0.9439,0.043
183,Nicky Lee,想太多,Taiwan,7IiSESHLOtsoEXTlXa0bjJ,longing,0.7987,False,0.6222,0.7987,0.1633,0.6499,0.6089,0.6008,0.3525,0.7403,0.6864,0.6772
184,颜人中,有些,Taiwan,4bDJJr7yG31MApWuvEasAo,anger,0.6274,False,0.2193,0.3009,0.0726,0.113,0.2201,0.2684,0.0737,0.2614,0.3092,0.6274
185,David Tao,普通朋友,Taiwan,7CTitzr4eVIDCPUJi5Dr4B,longing,0.796,False,0.0098,0.796,0.109,0.642,0.3758,0.4026,0.3075,0.7,0.2929,0.1187
186,Taylor Swift,Cruel Summer,Taiwan,1BxfuPKGuaTgP7aM0Bbdwr,longing,0.9941,False,0.4215,0.9941,0.0317,0.8235,0.5176,0.3514,0.0521,0.777,0.9751,0.4132
187,aespa,Drama,Taiwan,5XWlyfo0kZ8LF7VSyfS4Ew,sensual,0.8818,False,0.1042,0.3963,0.2682,0.1781,0.0599,0.025,0.1618,0.2377,0.8818,0.6568
189,KATSEYE,Gabriela,Taiwan,1xOqGUkyxGQRdCvGpvWKmL,sensual,0.9889,False,0.972,0.9736,0.0031,0.9749,0.758,0.7469,0.0075,0.8681,0.9889,0.5854
190,Wu Bai,夢醒時分,Taiwan,51fGtLs5vdK2NOumVhMXru,sensual,0.5628,False,0.4293,0.5348,0.1006,0.2348,0.2465,0.156,0.1473,0.4516,0.5628,0.2733
191,IVE,I AM,Taiwan,70t7Q6AYG6ZgTYmJWcnkUM,sensual,0.8836,False,0.4123,0.4739,0.761,0.0009,0.0012,0.0003,0.7113,0.0206,0.8836,0.0067
192,BY2,我知道,Taiwan,7iXPSlDdL0EQwPFtUR8ye1,heartbreak,0.9738,False,0.9448,0.9688,0.0004,0.9738,0.9585,0.2638,0.0318,0.9738,0.0871,0.0106
193,XG,HYPNOTIZE,Taiwan,3fEX9NgOeklq816Fw00uoo,sensual,0.9275,False,0.553,0.7531,0.1099,0.0253,0.0214,0.1137,0.1723,0.2442,0.9275,0.0688
194,ATEEZ,Adrenaline,Taiwan,2VKGO4DNyUK5UxCQB3b3DF,sensual,0.9448,False,0.0402,0.7747,0.6311,0.0166,0.0065,0.0127,0.0176,0.8874,0.9448,0.8088
195,Eason Chan,十年,Taiwan,25pWemriUQVrZ3yIiS2IBf,lonely,0.734,False,0.2818,0.7001,0.0409,0.5043,0.4995,0.3679,0.1015,0.734,0.6793,0.5884
196,Eric Chou,想念你想我,Taiwan,1sl9O7VLwGwdw4iXqnkbDP,longing,0.9966,False,0.9007,0.9966,0.2853,0.9808,0.9747,0.0872,0.7414,0.9903,0.8803,0.2298
197,Eric Chou,摯友,Taiwan,5evE7bweEhX83fd1ZmwPjP,longing,0.9339,False,0.6644,0.9339,0.1997,0.6961,0.8054,0.7586,0.3788,0.9233,0.8417,0.8032
198,BABYMONSTER,FOREVER,Taiwan,7a6vvAM1cjAuyVQpqv9pmu,sensual,0.9907,False,0.8012,0.9812,0.9038,0.6734,0.1093,0.0266,0.892,0.2417,0.9907,0.0693
199,NewJeans,Ditto,Taiwan,3r8RuvgbX9s7ammBn07D3W,longing,0.9905,False,0.9331,0.9905,0.3618,0.9387,0.8618,0.2002,0.7964,0.8895,0.9072,0.0554
1,Bruno Mars,Risk It All,USA,5y2ijHECwFYWqcAHKTZgzD,longing,0.9825,False,0.9784,0.9825,0.0863,0.0422,0.0149,0.0011,0.6027,0.0443,0.6641,0.0049
2,"PinkPantheress, Zara Larsson",Stateside + Zara Larsson,USA,1DwscornXpj8fmOmYVlqZt,longing,0.9689,False,0.4887,0.9689,0.0235,0.7436,0.4844,0.5873,0.595,0.9452,0.8013,0.6159
3,Ella Langley,Choosin' Texas,USA,65DbTqJKhbwqYbZ1Okr0rc,lonely,0.9902,False,0.8358,0.9827,0.4241,0.9888,0.9681,0.8327,0.0031,0.9902,0.7136,0.1621
4,Bruno Mars,I Just Might,USA,6f68Ac5tt5BQOpwr0BV9oN,sensual,0.9125,False,0.3682,0.77,0.0384,0.6287,0.1113,0.0964,0.335,0.0937,0.9125,0.1154
5,Bad Bunny,DtMF,USA,3sK8wGT43QFpWrvNQsrQya,longing,0.9433,False,0.8873,0.9433,0.6486,0.448,0.2989,0.0133,0.2593,0.4422,0.7581,0.3516
6,Olivia Dean,Man I Need,USA,1qbmS6ep2hbBRaEZFpn7BX,longing,0.9816,False,0.5754,0.9816,0.07,0.0869,0.0571,0.0285,0.6517,0.9508,0.7998,0.1067
7,Dominic Fike,Babydoll,USA,7yNf9YjeO5JXUE3JEBgnYc,lonely,0.9929,False,0.3163,0.9926,0.0337,0.9586,0.942,0.9374,0.3374,0.9929,0.8154,0.7623
8,Don Toliver,E85,USA,3B4cjvGlPvyBLNG3AzEgkZ,love,0.997,False,0.997,0.9467,0.9145,0.0469,0.1452,0.008,0.8844,0.0195,0.9719,0.0055
9,Olivia Dean,So Easy (To Fall In Love),USA,6sGIMrtIzQjdzNndVxe397,love,0.9898,False,0.9898,0.9051,0.338,0.0055,0.0048,0.0008,0.6412,0.0288,0.9288,0.001
10,Bad Bunny,BAILE INoLVIDABLE,USA,2lTm559tuIvatlT1u0JYG2,longing,0.9929,False,0.987,0.9929,0.1117,0.9805,0.9037,0.4006,0.1831,0.9787,0.9367,0.0458
11,Bad Bunny,Tití Me Preguntó,USA,1IHWl5LamUGEuP4ozKQSXZ,heartbreak,0.9884,False,0.4665,0.9513,0.0207,0.9884,0.8636,0.9338,0.1106,0.9756,0.5291,0.8199
12,Bad Bunny,NUEVAYoL,USA,5TFD2bmFKGhoCRbX61nXY5,sensual,0.9687,False,0.29,0.9328,0.8153,0.0079,0.0153,0.0122,0.5691,0.2205,0.9687,0.2192
13,Bruno Mars,Cha Cha Cha,USA,6QletrrmpkUpeJkipX9pgf,sensual,0.9941,False,0.5641,0.9461,0.1142,0.0122,0.0142,0.027,0.9397,0.0404,0.9941,0.4308
14,Djo,End of Beginning,USA,3qhlB30KknSejmIvZZLjOD,heartbreak,0.9534,False,0.0003,0.0948,0.0001,0.9534,0.9112,0.0862,0.0001,0.3736,0.0035,0.0002
15,Don Toliver,Body,USA,0FlcmZ13DGRmscCroro9GO,love,0.9886,False,0.9886,0.9808,0.6824,0.0397,0.0458,0.0373,0.3559,0.0705,0.987,0.132
16,Bruno Mars,God Was Showing Off,USA,1sVBT215CDmVJvfy1E2OCU,sensual,0.9765,False,0.8161,0.9144,0.7523,0.0006,0.0014,0.0005,0.7598,0.0133,0.9765,0.0016
17,Alex Warren,FEVER DREAM,USA,7ogpGbKc4Io6NCU6ydxXwZ,lonely,0.9968,False,0.903,0.9863,0.0027,0.9756,0.9037,0.9041,0.778,0.9968,0.7745,0.3369
18,Alex Warren,Ordinary,USA,2RkZ5LkEzeHGRsmDqKwmaJ,love,0.9886,False,0.9886,0.961,0.8986,0.1995,0.2608,0.5239,0.5067,0.0844,0.9389,0.0391
19,Bad Bunny,EoO,USA,6J5kc12BW5HuP3d7C3vvx8,longing,0.9329,False,0.3664,0.9329,0.3862,0.0171,0.0297,0.0165,0.2282,0.0354,0.6534,0.1988
20,Bella Kay,iloveitiloveitiloveit,USA,5IMpnpD0tQVcqWlVIgtAtV,love,0.958,False,0.958,0.8499,0.3387,0.0615,0.069,0.0261,0.0095,0.2374,0.8872,0.5688
21,The Killers,Mr. Brightside,USA,003vvx7Niy0yvhvHt4a68B,longing,0.9945,False,0.3133,0.9945,0.0076,0.9225,0.8367,0.7692,0.3159,0.7331,0.4728,0.7652
22,sombr,Homewrecker,USA,7tICCrK3CcyRFKza7yrR0z,longing,0.9714,False,0.7886,0.9714,0.0014,0.9583,0.9291,0.6659,0.1037,0.7888,0.9223,0.1476
23,sombr,back to friends,USA,7qjZnBKE73H4Oxkopwulqe,longing,0.9915,False,0.79,0.9915,0.004,0.9494,0.8967,0.6063,0.0347,0.619,0.9897,0.0739
24,"HUNTR/X, EJAE, AUDREY NUNA, REI AMI, KPop Demon Hunters Cast",Golden,USA,1CPZ5BxNNd0n0nF4Orb9JS,lonely,0.9883,False,0.2997,0.9653,0.4684,0.3909,0.1807,0.2134,0.9153,0.9883,0.7861,0.1011
25,Taylor Swift,The Fate of Ophelia,USA,53iuhJlwXhSER5J2IYYv1W,heartbreak,0.9609,False,0.703,0.9017,0.2118,0.9609,0.8911,0.5636,0.6806,0.9553,0.7835,0.4429
26,Fleetwood Mac,Dreams,USA,0ofHAoxe9vBkTCp2UQIavz,lonely,0.9949,False,0.0155,0.9382,0.0009,0.9673,0.9573,0.8993,0.006,0.9949,0.4972,0.3548
27,Bruno Mars,Why You Wanna Fight?,USA,3Ac4AjYkqsvop2ydbSAhTX,longing,0.9931,False,0.9884,0.9931,0.072,0.9814,0.9436,0.6272,0.5132,0.9729,0.9567,0.6353
28,Ella Langley,Be Her,USA,05CjWFAcAlY6O9po6Qwakk,longing,0.994,False,0.8952,0.994,0.0051,0.7886,0.7768,0.399,0.0128,0.7731,0.5526,0.3751
29,Ella Langley,weren't for the wind,USA,2A22iI0x4EYAVXNpKPhNEM,longing,0.13,True,0.0065,0.13,0.0002,0.0155,0.018,0.0047,0.0084,0.0414,0.008,0.0015
30,Bruno Mars,Dance With Me,USA,1myZ6GQewhAzMH2dKtKSWK,love,0.991,False,0.991,0.9868,0.6521,0.4165,0.1257,0.0201,0.9736,0.407,0.9727,0.0069
31,Luke Combs,Be By You,USA,7aLndReanHBzpTGE5Am9H8,sensual,0.9979,False,0.9914,0.9959,0.4908,0.002,0.0021,0.0006,0.239,0.0466,0.9979,0.0008
32,Morgan Wallen,I Got Better,USA,4gfrYDtaRmp6HPvN80V2ob,grief,0.928,False,0.3363,0.5794,0.1393,0.843,0.928,0.2847,0.2197,0.7801,0.4172,0.2983
33,RAYE,WHERE IS MY HUSBAND!,USA,55lijDD6OAjLFFUHU9tcDm,lonely,0.9819,False,0.5872,0.9785,0.1556,0.5963,0.4948,0.4988,0.6148,0.9819,0.9212,0.4029
34,Bruno Mars,On My Soul,USA,4i4BVY2JiH4mDSLIBdNGKD,love,0.992,False,0.992,0.9892,0.3499,0.2829,0.1587,0.038,0.7344,0.5193,0.9414,0.0072
35,Radiohead,Creep,USA,70LcF31zb1H0PyJoS1Sx1r,longing,0.9658,False,0.1446,0.9658,0.0033,0.8923,0.8315,0.3711,0.0139,0.8125,0.6902,0.4697
36,The Goo Goo Dolls,Iris,USA,6Qyc6fS4DsZjB2mRW9DsQs,longing,0.9932,False,0.9126,0.9932,0.0027,0.7385,0.6136,0.0119,0.0062,0.2681,0.4796,0.0029
37,Lil Uzi Vert,What You Saying,USA,7cjoZVmWe2xsGR4wcXiV2v,sensual,0.9058,False,0.8865,0.7033,0.3139,0.1769,0.0694,0.105,0.3971,0.5177,0.9058,0.2385
38,SIENNA SPIRO,Die On This Hill,USA,2gYTC8DsplN3RNdpdBcCOQ,longing,0.9548,False,0.9237,0.9548,0.0408,0.695,0.6917,0.4437,0.1238,0.9392,0.3844,0.4656
39,Zara Larsson,Lush Life,USA,1rIKgCH4H52lrvDcz50hS8,heartbreak,0.9011,False,0.886,0.4845,0.6816,0.9011,0.2097,0.0443,0.1205,0.6712,0.8963,0.0948
40,Arctic Monkeys,505,USA,58ge6dfP91o9oXMzq3XkIS,heartbreak,0.9231,False,0.7006,0.9025,0.0177,0.9231,0.7621,0.211,0.0683,0.242,0.6028,0.1795
41,The Neighbourhood,Sweater Weather,USA,0cQVqPuHQP4KEwc7ZUQmj6,longing,0.9835,False,0.9324,0.9835,0.0564,0.046,0.0377,0.1426,0.1413,0.3652,0.9549,0.01
42,Taylor Swift,Opalite,USA,3yWuTOYDztXjZxdE2cIRUa,longing,0.9771,False,0.877,0.9771,0.3817,0.9059,0.6742,0.47,0.3451,0.7843,0.9201,0.0434
43,Noah Kahan,The Great Divide,USA,77zqs8ucHCSk5jh9TYec4b,longing,0.746,False,0.0092,0.746,0.0006,0.4847,0.4883,0.4541,0.2037,0.4995,0.0986,0.49
44,She & Him,I Thought I Saw Your Face Today,USA,0myRViRgmQ3J8izICXEAVO,longing,0.9665,False,0.9612,0.9665,0.1471,0.1106,0.2854,0.0003,0.034,0.2079,0.8158,0.0001
45,Don Toliver,No Pole,USA,0eaVIYo2zeOaGJeqZ5TwYz,lonely,0.875,False,0.3808,0.5625,0.0392,0.8416,0.6583,0.8057,0.1693,0.875,0.526,0.7467
46,Bruno Mars,Something Serious,USA,0PV4VQCmE6Ujssr1bnswdF,longing,0.9521,False,0.9421,0.9521,0.1033,0.4243,0.3483,0.1432,0.2492,0.3857,0.7321,0.1721
47,sombr,12 to 12,USA,05od2qm2MTSKCHxy1GBp5W,lonely,0.9805,False,0.9404,0.9573,0.0724,0.9113,0.7397,0.3964,0.0214,0.9805,0.9722,0.2116
48,"Lady Gaga, Bruno Mars",Die With A Smile,USA,7so0lgd0zP2Sbgs2d7a1SZ,longing,0.9904,False,0.9841,0.9904,0.066,0.8646,0.7249,0.1239,0.0252,0.377,0.7301,0.0101
49,Bruno Mars,Nothing Left,USA,0Sq6JK9kyC4MQa3KrJj5CB,longing,0.9919,False,0.9618,0.9919,0.0033,0.9897,0.9709,0.8535,0.1518,0.99,0.3144,0.2186
50,Dominic Fike,White Keys,USA,5ViLKrbyL3HD6wsq3AB9eI,heartbreak,0.9779,False,0.0244,0.9386,0.0004,0.9779,0.838,0.2568,0.0052,0.971,0.3361,0.8905
51,"Waka Flocka Flame, Roscoe Dash, Wale",No Hands,USA,03tqyYWC9Um2ZqU0ZN849H,sensual,0.9356,False,0.0283,0.8466,0.172,0.014,0.0304,0.0304,0.1249,0.1634,0.9356,0.8028
52,"BigXthaPlug, Ella Langley",Hell At Night (feat. Ella Langley),USA,3pAVk6Ydn0dcGpG8gDyxSJ,heartbreak,0.9833,False,0.0043,0.9503,0.0001,0.9833,0.9742,0.8471,0.0236,0.5266,0.0263,0.5282
53,Whiskey Myers,Broken Window Serenade,USA,1VOSSXuWRcBj2rpfxNdX9v,heartbreak,0.9388,False,0.8426,0.883,0.0004,0.9388,0.8102,0.5767,0.0032,0.5492,0.5799,0.0159
54,Drake,Headlines,USA,6LxSe8YmdPxy095Ux6znaQ,anger,0.8917,False,0.0239,0.541,0.0416,0.0825,0.148,0.1524,0.129,0.5983,0.5427,0.8917
55,Olivia Dean,A Couple Minutes,USA,312z6PZ8wwREck8613PkJk,love,0.888,False,0.888,0.8878,0.026,0.8282,0.595,0.0106,0.7764,0.6341,0.3957,0.0233
56,Sabrina Carpenter,Manchild,USA,2BwO5K8Q7EPAJSGze3AAh9,anger,0.9562,False,0.1594,0.7419,0.014,0.7906,0.5948,0.8796,0.0499,0.7908,0.9041,0.9562
57,Bruno Mars,That's What I Like,USA,0KKkJNfGyhkQ5aFogxQAPU,sensual,0.988,False,0.9543,0.8761,0.7444,0.0058,0.0052,0.0025,0.6327,0.121,0.988,0.0665
58,"Mac Miller, Empire Of The Sun",The Spins,USA,2QGVKiAGTa1YcDqPMhAzF7,longing,0.9389,False,0.9168,0.9389,0.1436,0.2319,0.1166,0.1025,0.6046,0.3318,0.8465,0.3566
59,Ravyn Lenae,Love Me Not,USA,4WFgvKVfEhb3IUAFGrutTR,longing,0.9912,False,0.9559,0.9912,0.0064,0.9798,0.966,0.9483,0.3513,0.9654,0.7392,0.4147
60,Billie Eilish,BIRDS OF A FEATHER,USA,6dOtVTDdiauQNBQEDOtlAB,love,0.985,False,0.985,0.961,0.0506,0.6862,0.769,0.1221,0.0691,0.6864,0.6364,0.0583
61,Gigi Perez,Sailor Song,USA,21IYMdzTrzSe191Cy5eMap,longing,0.9709,False,0.9388,0.9709,0.3193,0.0685,0.0442,0.0073,0.8063,0.0412,0.8865,0.0678
62,Malcolm Todd,Earrings,USA,0eAuGrXyGFYwur9ARUe7LJ,heartbreak,0.9877,False,0.9552,0.9778,0.0002,0.9877,0.9687,0.8699,0.0012,0.9856,0.1014,0.0389
64,The Marías,No One Noticed,USA,3siwsiaEoU4Kuuc9WKMUy5,lonely,0.9976,False,0.257,0.9722,0.0202,0.9474,0.8055,0.9479,0.1151,0.9976,0.7354,0.2755
65,EsDeeKid,4 Raws,USA,554qQSs9lpRVq6TlaaiIKT,anger,0.9057,False,0.0169,0.4494,0.13,0.0808,0.1372,0.538,0.0678,0.5507,0.4726,0.9057
66,Addison Rae,Fame is a Gun,USA,7B3BwNecBhKvNwSMOOl7Gk,love,0.985,False,0.985,0.9753,0.7802,0.9669,0.7227,0.1204,0.094,0.5471,0.9456,0.0972
67,"Zach Bryan, Kacey Musgraves",I Remember Everything (feat. Kacey Musgraves),USA,4KULAymBBJcPRpk1yO4dOG,heartbreak,0.9935,False,0.9465,0.9642,0.0111,0.9935,0.9709,0.4868,0.0087,0.7589,0.918,0.1783
68,Fetty Wap,Trap Queen,USA,2d8JP84HNLKhmd6IYOoupQ,sensual,0.8805,False,0.4909,0.4319,0.3518,0.0066,0.0114,0.0108,0.3047,0.0611,0.8805,0.4895
69,Tame Impala,The Less I Know The Better,USA,6K4t31amVTZDgR3sKmwUJJ,heartbreak,0.9842,False,0.7529,0.9718,0.0007,0.9842,0.9575,0.9531,0.1258,0.9795,0.2981,0.6775
70,"Drake, Wizkid, Kyla",One Dance,USA,1zi7xx7UVEFkmKfv06H8x0,longing,0.9108,False,0.6582,0.9108,0.0168,0.491,0.1713,0.0675,0.5865,0.8007,0.7935,0.0661
72,Morgan Wallen,I'm The Problem,USA,7AeM1BGYM7emrqmQn1PuWv,anger,0.9627,False,0.6988,0.379,0.0004,0.9555,0.6896,0.8442,0.0014,0.8345,0.136,0.9627
73,Bad Bunny,VOY A LLeVARTE PA PR,USA,59D4DOkspUbWyMmbAPQkxZ,sensual,0.9826,False,0.2207,0.8732,0.1764,0.1042,0.0578,0.0621,0.1576,0.4721,0.9826,0.3582
74,Brent Faiyaz,butterflies.,USA,4jyyma8YdFC4S4llusSFRu,love,0.9941,False,0.9941,0.9839,0.1832,0.2046,0.1169,0.1895,0.9751,0.3303,0.8515,0.0596
75,Daniel Caesar,Who Knows,USA,6DH13QYXK7lKkYHSU88N48,longing,0.7181,False,0.6023,0.7181,0.0024,0.5422,0.2404,0.0872,0.0166,0.3898,0.6168,0.0091
76,"Kendrick Lamar, SZA",All The Stars,USA,3GCdLUSnKSMJhs4Tj6CV3s,longing,0.6164,False,0.51,0.6164,0.0046,0.4903,0.4229,0.4502,0.4208,0.4588,0.2736,0.4395
77,J. Cole,No Role Modelz,USA,68Dni7IE4VyPkTOH9mRWHr,sensual,0.7352,False,0.4773,0.5728,0.0039,0.5431,0.474,0.496,0.4711,0.638,0.7352,0.5643
78,Tame Impala,Dracula,USA,1NXbNEAcPvY5G1xvfN57aA,longing,0.9861,False,0.9271,0.9861,0.0239,0.2808,0.0979,0.1074,0.9368,0.9613,0.8935,0.0921
79,Benson Boone,Beautiful Things,USA,3xkHsmpQCBMytMJNiDf3Ii,longing,0.9896,False,0.8893,0.9896,0.0183,0.5514,0.5395,0.0467,0.6813,0.4865,0.4431,0.0083
80,Chappell Roan,Pink Pony Club,USA,6393yGahSJ9slVdOwSxOVR,longing,0.9582,False,0.4152,0.9582,0.1281,0.1485,0.0375,0.0131,0.1342,0.448,0.7729,0.0718
81,Frank Ocean,Nights,USA,7eqoqGkKwgOaWNNHx90uEZ,lonely,0.8628,False,0.0053,0.8494,0.0028,0.3452,0.4376,0.7477,0.4903,0.8628,0.3669,0.6213
82,Lit,My Own Worst Enemy,USA,33iv3wnGMrrDugd7GBso1z,lonely,0.9827,False,0.0014,0.8582,0.0003,0.852,0.7848,0.8958,0.0037,0.9827,0.3638,0.9208
83,"The Weeknd, Playboi Carti",Timeless (feat Playboi Carti),USA,0FIDCNYYjNvPVimz5icugS,heartbreak,0.9834,False,0.4829,0.9197,0.0124,0.9834,0.968,0.8152,0.0112,0.7739,0.6713,0.8839
84,"Post Malone, Morgan Wallen",I Had Some Help (Feat. Morgan Wallen),USA,5IZXB5IKAD2qlvTPJYDCFB,heartbreak,0.9806,False,0.0253,0.5939,0.0003,0.9806,0.942,0.8544,0.0431,0.4195,0.0735,0.9165
85,"Disco Lines, Tinashe",No Broke Boys,USA,3cZajhyr8LmtPfHZ9296tj,lonely,0.9898,False,0.0062,0.6316,0.0006,0.9824,0.9445,0.911,0.0041,0.9898,0.209,0.9853
86,Zach Bryan,Something in the Orange,USA,3WMj8moIAXJhHsyLaqIIHI,longing,0.9659,False,0.0917,0.9659,0.0003,0.908,0.8689,0.693,0.0023,0.9378,0.2246,0.8471
87,Coldplay,Sparks,USA,7D0RhFcb3CrfPuTJ0obrod,heartbreak,0.9639,False,0.9292,0.9508,0.0011,0.9639,0.8539,0.1112,0.0527,0.759,0.1674,0.1265
88,Foo Fighters,Everlong,USA,5UWwZ5lm5PKu6eKsHAGxOk,longing,0.9926,False,0.5991,0.9926,0.0023,0.972,0.9298,0.9422,0.0516,0.9475,0.5794,0.2391
89,Teddy Swims,Lose Control,USA,17phhZDn6oGtzMe56NuWvj,heartbreak,0.9942,False,0.0838,0.9082,0.0004,0.9942,0.9495,0.9771,0.0022,0.9797,0.1851,0.6582
90,Chris Stapleton,You Should Probably Leave,USA,2UikqkwBv7aIvlixeVXHWt,longing,0.8923,False,0.2263,0.8923,0.0004,0.5259,0.2016,0.0864,0.0045,0.1085,0.8834,0.4808
91,Childish Gambino,Les,USA,7ghKr0pCYyPPyp7t1FH8k4,lonely,0.8113,False,0.4572,0.6724,0.0016,0.4696,0.4006,0.7534,0.4484,0.8113,0.5205,0.4582
92,Drake,Passionfruit,USA,5mCPDVBb16L4XQwDdbRUpz,anger,0.9728,False,0.0244,0.671,0.0004,0.9089,0.7221,0.9063,0.0011,0.9241,0.3727,0.9728
93,"Nelly Furtado, Timbaland",Promiscuous,USA,2gam98EZKrF9XuOkU13ApN,sensual,0.9802,False,0.3512,0.8958,0.0131,0.0056,0.0043,0.006,0.1486,0.4941,0.9802,0.024
94,"Kanye West, Dwele",Flashing Lights,USA,5TRPicyLGbAF2LGBFbHGvO,anger,0.9792,False,0.062,0.9693,0.0029,0.7459,0.5187,0.7702,0.0059,0.9591,0.9415,0.9792
95,Fleetwood Mac,The Chain - 2004 Remaster,USA,5e9TFTbltYBg2xThimr0rU,despair,0.9906,False,0.0019,0.8837,0.0002,0.963,0.9504,0.9906,0.0003,0.979,0.0929,0.9894
96,Fleetwood Mac,Landslide,USA,5ihS6UUlyQAfmp48eSkxuQ,heartbreak,0.967,False,0.2306,0.8877,0.0011,0.967,0.9215,0.808,0.0049,0.46,0.2064,0.0708
97,Rihanna,Don't Stop The Music,USA,1Jo0Zg7XlrA6z0mFTZVdkn,sensual,0.9768,False,0.9194,0.9699,0.6766,0.0371,0.023,0.0072,0.3939,0.1677,0.9768,0.3208
98,Chappell Roan,"Good Luck, Babe!",USA,0WbMK4wrZ1wFSty9F7FCgu,sensual,0.9928,False,0.1818,0.9297,0.0095,0.952,0.6967,0.1641,0.0068,0.7851,0.9928,0.1732
99,Bruno Mars,Locked out of Heaven,USA,5g7sDjBhZ4I3gcFIpkrLuI,longing,0.992,False,0.9784,0.992,0.6164,0.027,0.0526,0.0075,0.9842,0.0205,0.9788,0.0022
100,The Police,Every Breath You Take,USA,1JSTJqkT5qHq8MDJnJbRE1,longing,0.9941,False,0.9614,0.9941,0.0091,0.9913,0.9886,0.9498,0.0383,0.989,0.4905,0.1935
101,"Gorillaz, De La Soul",Feel Good Inc.,USA,0d28khcov6AiegSCpG5TuT,longing,0.9942,False,0.9918,0.9942,0.9722,0.5887,0.5712,0.7045,0.9857,0.8832,0.9856,0.3511
102,"J Balvin, Bad Bunny",LA CANCIÓN,USA,0fea68AdmYNygeTGI4RC18,longing,0.9448,False,0.3529,0.9448,0.0679,0.7682,0.6768,0.4834,0.1872,0.9353,0.6792,0.2469
103,Treaty Oak Revival,Missed Call,USA,6ybZUqlfk938oS6WeBmDab,heartbreak,0.9807,False,0.0386,0.3728,0.0013,0.9807,0.934,0.9774,0.0054,0.9735,0.1723,0.7333
105,Olivia Dean,Nice To Each Other,USA,7gKxCvTDWwV9wBhdeBbr3l,longing,0.8397,False,0.5873,0.8397,0.0877,0.3159,0.1225,0.2144,0.7935,0.404,0.4829,0.448
106,Zara Larsson,Midnight Sun,USA,1qRV1dKLOfH1s00b9J2LUQ,sensual,0.9749,False,0.9393,0.9116,0.9268,0.0253,0.0115,0.002,0.2628,0.7407,0.9749,0.0023
107,Riley Green,Worst Way,USA,1osfLqL6L2iQsirRf83ded,longing,0.9943,False,0.9376,0.9943,0.2856,0.0098,0.0101,0.0062,0.239,0.3433,0.9912,0.201
108,The Marías,Sienna,USA,0InIeZW4P6VO7dUGRM4AKH,longing,0.9814,False,0.9664,0.9814,0.625,0.8394,0.7312,0.024,0.5621,0.8677,0.9762,0.1641
109,Sublime,Santeria,USA,2hnMS47jN0etwvFPzYk11f,longing,0.9695,False,0.9516,0.9695,0.0861,0.8622,0.0987,0.0336,0.4467,0.5689,0.7503,0.1463
110,"Tyler, The Creator, Kali Uchis",See You Again (feat. Kali Uchis),USA,7KA4W4McWYRpgf0fWsJZWB,sensual,0.9346,False,0.7444,0.9337,0.1505,0.112,0.0256,0.0859,0.3027,0.4767,0.9346,0.0335
111,Red Hot Chili Peppers,Scar Tissue,USA,32sx78QsGg6pKXn42XvF9L,lonely,0.986,False,0.5661,0.9694,0.0032,0.9446,0.7322,0.5566,0.0774,0.986,0.9856,0.0987
112,Vance Joy,Riptide,USA,2uXlHCUbq9OMUwx3hrk06o,love,0.9526,False,0.9526,0.9416,0.0017,0.8482,0.7169,0.5018,0.0266,0.7274,0.3647,0.084
113,sombr,undressed,USA,0TFTAtCYhp2tQ9KcJIZb55,heartbreak,0.9868,False,0.1933,0.9517,0.0002,0.9868,0.9635,0.8484,0.0038,0.9527,0.161,0.6824
114,Kehlani,Folded,USA,0bxPRWprUVpQK0UFcddkrA,longing,0.9889,False,0.9288,0.9889,0.0301,0.9159,0.7743,0.2628,0.4007,0.9106,0.8029,0.8386
115,Chris Stapleton,Tennessee Whiskey,USA,3fqwjXwUGN6vbzIwvyFMhx,sensual,0.9867,False,0.9861,0.9302,0.4954,0.223,0.0511,0.0104,0.1656,0.3888,0.9867,0.0015
116,Luke Combs,Sleepless in a Hotel Room,USA,2za9t2qpWyUpIhnJcwopPt,longing,0.9966,False,0.6444,0.9966,0.009,0.9838,0.9819,0.9412,0.1039,0.9961,0.8099,0.2473
117,"Morgan Wallen, Tate McRae",What I Want (feat. Tate McRae),USA,04emojnbYkrRmv5qtJcgVP,sensual,0.985,False,0.6394,0.9571,0.1231,0.4586,0.1002,0.1265,0.1528,0.4807,0.985,0.0375
118,Harry Styles,Aperture,USA,45Z3m6yazmAi4jZuW0tzW0,love,0.9878,False,0.9878,0.5531,0.3174,0.002,0.0043,0.0348,0.4626,0.0045,0.8207,0.0921
119,Noah Kahan,Stick Season,USA,0mflMxspEfB0VbI1kyLiAv,heartbreak,0.9953,False,0.0371,0.9707,0.0007,0.9953,0.9928,0.9414,0.0538,0.9938,0.1587,0.9827
120,Don Toliver,ATM,USA,03auLpFLdCv4HozP4pQseu,anger,0.9678,False,0.0271,0.727,0.011,0.401,0.3844,0.7178,0.0272,0.6812,0.9117,0.9678
121,Shaboozey,A Bar Song (Tipsy),USA,5fZJQrFKWQLb7FpJXZ1g7K,lonely,0.8724,False,0.0544,0.6691,0.0261,0.2243,0.1857,0.6743,0.0134,0.8724,0.8069,0.6879
122,Kendrick Lamar,Not Like Us,USA,6AI3ezQ4o3HUoP6Dhudph3,anger,0.9455,False,0.0196,0.353,0.002,0.1631,0.3848,0.5285,0.0195,0.3506,0.5122,0.9455
123,Billie Eilish,WILDFLOWER,USA,3QaPy1KgI7nu9FJEQUgn6h,heartbreak,0.9775,False,0.6572,0.9626,0.0326,0.9775,0.9281,0.5032,0.0054,0.8172,0.5075,0.1437
124,Evanescence,Bring Me To Life,USA,0COqiPhxzoWICwFCS4eZcp,lonely,0.9756,False,0.3966,0.9115,0.0042,0.8129,0.6714,0.9357,0.3712,0.9756,0.3527,0.0413
125,Ella Langley,Dandelion,USA,7FudQLDIYCX6F7ruexVn2X,lonely,0.6976,False,0.1146,0.5516,0.0278,0.1407,0.1294,0.0342,0.1739,0.6976,0.6362,0.0566
126,Malcolm Todd,Sweet Boy,USA,59c2xv2kMzYM6HR9oY6BIa,lonely,0.9746,False,0.1167,0.9191,0.0017,0.6243,0.1948,0.2173,0.0306,0.9746,0.5249,0.0118
127,Creedence Clearwater Revival,Have You Ever Seen The Rain,USA,2LawezPeJhN4AWuSB0GtAU,longing,0.948,False,0.0067,0.948,0.0003,0.4985,0.8076,0.5847,0.049,0.3609,0.0482,0.1649
128,Justin Bieber,DAISIES,USA,5BZsQlgw21vDOAjoqkNgKb,love,0.9901,False,0.9901,0.9864,0.0515,0.8892,0.5136,0.0881,0.5692,0.8132,0.9864,0.0278
129,"Rauw Alejandro, Bad Bunny",Qué Pasaría...,USA,0l0vcZMU7AOeQmUIREoI2U,longing,0.9675,False,0.2968,0.9675,0.0667,0.6005,0.4864,0.2654,0.3269,0.9265,0.9172,0.8468
130,Nirvana,Smells Like Teen Spirit,USA,0gucTLf7trAf37Ua1uAyAu,sensual,0.7195,False,0.0077,0.2591,0.5462,0.0144,0.0155,0.1297,0.0135,0.1968,0.7195,0.0769
131,Kanye West,Heartless,USA,4EWCNWgDS8707fNSZ1oaA5,heartbreak,0.9913,False,0.0006,0.6562,0.0002,0.9913,0.9749,0.9727,0.0007,0.659,0.0145,0.8402
132,"Don Toliver, Rema",Secondhand (feat. Rema),USA,4Z5KKoBGxpJo8YbDcGQXd5,love,0.9893,False,0.9893,0.9874,0.2985,0.5048,0.3614,0.2843,0.3175,0.5816,0.9784,0.3594
133,Laufey,From The Start,USA,43iIQbw5hx986dUEZbr3eN,heartbreak,0.9918,False,0.9499,0.9911,0.0003,0.9918,0.9847,0.8878,0.0422,0.9843,0.0351,0.7809
134,Twenty One Pilots,Drag Path,USA,0TlcczkVTGpinpkGJpT81L,lonely,0.9933,False,0.007,0.9884,0.0004,0.9888,0.9834,0.9886,0.0013,0.9933,0.8832,0.2315
135,Rihanna,Love On The Brain,USA,5oO3drDxtziYU2H1X23ZIp,love,0.9964,False,0.9964,0.9851,0.1454,0.7961,0.1244,0.0818,0.0885,0.1675,0.964,0.2634
136,Don Toliver,Gemstone,USA,6d9Cs2D2RSIl9c0ulgnFe8,lonely,0.9938,False,0.0249,0.7905,0.0125,0.7637,0.5424,0.8564,0.0443,0.9938,0.8641,0.9508
137,Lil Uzi Vert,20 Min,USA,0uxSUdBrJy9Un0EYoBowng,anger,0.8033,False,0.2878,0.7064,0.0176,0.2984,0.234,0.108,0.0772,0.3026,0.7358,0.8033
138,Sabrina Carpenter,Espresso,USA,2HRqTpkrJO5ggZyyK6NPWz,sensual,0.9337,False,0.6288,0.9123,0.0306,0.3562,0.1281,0.2078,0.0182,0.786,0.9337,0.1078
139,Rihanna,Kiss It Better,USA,0UHB9METy4VCXNgkcGqHqS,longing,0.9936,False,0.7765,0.9936,0.0919,0.9727,0.8714,0.7958,0.5988,0.931,0.9414,0.803
140,Frank Ocean,Pink + White,USA,3xKsf9qdS1CyvXSMEid6g8,love,0.8796,False,0.8796,0.7337,0.6534,0.1465,0.1463,0.1782,0.1711,0.2726,0.7751,0.0827
141,Tears For Fears,Everybody Wants To Rule The World,USA,2YiCMmONQcoMPX2bV1LxE0,grief,0.8016,False,0.5106,0.6491,0.0052,0.7982,0.8016,0.7725,0.0058,0.7382,0.4419,0.4824
142,Zach Bryan,Pink Skies,USA,4ZJ4vzLQekI0WntDbanNC7,grief,0.9357,False,0.0627,0.623,0.0044,0.894,0.9357,0.3327,0.0146,0.5687,0.2161,0.5433
143,"J. Cole, Miguel",Power Trip (feat. Miguel),USA,2uwnP6tZVVmTovzX5ELooy,longing,0.9946,False,0.4996,0.9946,0.1824,0.5314,0.5096,0.4941,0.7052,0.5425,0.6567,0.4802
144,Nirvana,Come As You Are,USA,5AEOqLsRJFAoSS4ay4Jzao,longing,0.6056,False,0.0213,0.6056,0.0211,0.0636,0.1582,0.0942,0.0662,0.1611,0.2773,0.1174
145,Hozier,Take Me To Church,USA,3dYD57lRAUcMHufyqn9GcI,longing,0.9716,False,0.7668,0.9716,0.2329,0.0308,0.1038,0.0098,0.5713,0.3999,0.9346,0.0032
146,J. Cole,Work Out,USA,2wAJTrFhCnQyNSD3oUgTZO,sensual,0.9706,False,0.6479,0.9598,0.2733,0.5512,0.0519,0.0802,0.6715,0.5033,0.9706,0.6001
147,Miguel,Sure Thing,USA,0JXXNGljqupsJaZsgSbMZV,love,0.9915,False,0.9915,0.8347,0.4766,0.0359,0.0192,0.0175,0.608,0.0415,0.9525,0.0106
148,"Dave, Tems",Raindance (feat. Tems),USA,3oTuTpF1F3A7rEC6RKsMRz,love,0.9781,False,0.9781,0.9665,0.6473,0.2576,0.1741,0.0111,0.6433,0.5104,0.9283,0.0263
149,Brooks & Dunn,Neon Moon,USA,2M38X60UJnupGPbFTkVPNQ,lonely,0.9976,False,0.3717,0.9923,0.0001,0.9924,0.9854,0.9582,0.0016,0.9976,0.5526,0.002
150,Morgan Wallen,Last Night,USA,583dMdiUquLMenarTp7PQm,longing,0.9877,False,0.9467,0.9877,0.0525,0.9428,0.7807,0.123,0.9242,0.8321,0.9075,0.5818
151,Baby Keem,Ca$ino,USA,3VW6HJYa5l0uzGcCRA222P,anger,0.9755,False,0.0068,0.3534,0.0461,0.8808,0.8278,0.8845,0.043,0.7216,0.2657,0.9755
152,Linkin Park,Somewhere I Belong,USA,3fjmSxt0PskST13CSdBUFx,lonely,0.9943,False,0.0214,0.9644,0.008,0.8142,0.6009,0.8731,0.31,0.9943,0.1617,0.1135
153,Rihanna,Breakin' Dishes,USA,5EcG8eMMlwkHRVa4aTR1qd,anger,0.9885,False,0.0072,0.8491,0.0078,0.2904,0.1785,0.1011,0.0244,0.8451,0.9749,0.9885
154,Frank Ocean,Novacane,USA,4osgfFTICMkcGbbigdsa53,lonely,0.9678,False,0.1803,0.769,0.0034,0.471,0.523,0.7077,0.0128,0.9678,0.6577,0.0241
155,Frank Ocean,Thinkin Bout You,USA,7DfFc7a6Rwfi3YQMRbDMau,longing,0.8317,False,0.1201,0.8317,0.0014,0.1581,0.0487,0.2388,0.0152,0.2548,0.5667,0.0103
156,Tory Lanez,The Color Violet,USA,3azJifCSqg9fRij2yKIbWz,heartbreak,0.9953,False,0.1181,0.9552,0.03,0.9953,0.9808,0.9076,0.7797,0.9823,0.8648,0.3795
157,"Lil Wayne, Drake, Future",Love Me,USA,2XHzzp1j4IfTNp1FTn7YFg,sensual,0.9482,False,0.6593,0.5764,0.425,0.1723,0.1656,0.0243,0.3922,0.076,0.9482,0.5925
158,SZA,Snooze,USA,4iZ4pt7kvcaH6Yo8UoZ4s2,sensual,0.8272,False,0.5459,0.7897,0.0697,0.0447,0.0853,0.041,0.757,0.3875,0.8272,0.6399
159,Linkin Park,In the End,USA,60a0Rd6pjrkxjPbaKzXjfq,heartbreak,0.8416,False,0.0259,0.5254,0.001,0.8416,0.3968,0.6205,0.0044,0.6769,0.1115,0.1056
160,TV Girl,Lovers Rock,USA,6dBUzqjtbnIa1TwYbyw5CM,love,0.9826,False,0.9826,0.8976,0.0012,0.1283,0.0196,0.0254,0.0104,0.3179,0.9052,0.0349
161,Mazzy Star,Fade Into You,USA,1LzNfuep1bnAUR9skqdHCK,longing,0.9886,False,0.076,0.9886,0.0006,0.8505,0.6605,0.5219,0.0043,0.9269,0.9478,0.0729
162,Coldplay,Yellow,USA,3AJwUDP919kvQ9QcozQPxg,love,0.9922,False,0.9922,0.9509,0.693,0.0508,0.073,0.0329,0.2594,0.0992,0.9268,0.0605
163,Gracie Abrams,That’s So True,USA,7ne4VBA60CxGM75vw0EYad,sensual,0.8964,False,0.1765,0.8329,0.0236,0.8936,0.7353,0.5881,0.0179,0.8742,0.8964,0.7768
164,Hozier,Too Sweet,USA,19XpFsce28aByvCC4g89tJ,longing,0.9706,False,0.0204,0.9706,0.0043,0.2784,0.2482,0.1255,0.0214,0.6464,0.6573,0.6702
165,Jeff Buckley,"Lover, You Should've Come Over",USA,6Jv7kjGkhY2fT4yuBF3aTz,lonely,0.997,False,0.9828,0.9946,0.0158,0.9863,0.9694,0.9393,0.4483,0.997,0.8884,0.4208
166,Julia Wolf,In My Room,USA,2Ui2JtVjnbHZuExldryCOA,longing,0.9966,False,0.0888,0.9966,0.0005,0.991,0.9913,0.8923,0.0079,0.9918,0.3928,0.8488
167,Malcolm Todd,Roommates,USA,5vPUv0xziXbV4lnWeVNXNq,lonely,0.9898,False,0.6035,0.9897,0.0003,0.9854,0.9851,0.9025,0.0029,0.9898,0.1317,0.7561
168,3 Doors Down,Kryptonite,USA,6ZOBP3NvffbU4SZcrnt1k6,despair,0.9385,False,0.2437,0.9205,0.0005,0.874,0.8108,0.9385,0.0549,0.9363,0.2499,0.4297
169,Chris Stapleton,Think I'm In Love With You,USA,3Gn1zuHNLtGuGEOXwq0k7e,love,0.9754,False,0.9754,0.9368,0.0286,0.3258,0.1486,0.0134,0.3711,0.3935,0.7381,0.0118
170,Radiohead,Let Down,USA,2fuYa3Lx06QQJAm0MjztKr,despair,0.9884,False,0.0005,0.0506,0.0001,0.8733,0.3835,0.9884,0.002,0.5927,0.2004,0.011
171,The Red Clay Strays,Wondering Why,USA,1HbzxLqpNVPdiBXvpC7Ovb,love,0.9721,False,0.9721,0.9646,0.2603,0.099,0.138,0.0275,0.3543,0.3926,0.8993,0.0137
172,KATSEYE,Gabriela,USA,1xOqGUkyxGQRdCvGpvWKmL,sensual,0.9889,False,0.972,0.9736,0.0031,0.9749,0.758,0.7469,0.0075,0.8681,0.9889,0.5854
173,Justin Bieber,YUKON,USA,29iva9idM6rFCPUlu7Rhxl,love,0.9849,False,0.9849,0.9407,0.0878,0.7164,0.0979,0.0384,0.4193,0.1646,0.9614,0.029
174,Hotel Ugly,Shut up My Moms Calling,USA,3hxIUxnT27p5WcmjGUXNwx,longing,0.9939,False,0.4994,0.9939,0.0006,0.9864,0.9664,0.8333,0.1566,0.9935,0.4578,0.231
175,Morgan Wallen,20 Cigarettes,USA,0YsIYFRoxkmEvbKCwTp0Tg,heartbreak,0.8612,False,0.4144,0.8264,0.158,0.8612,0.4668,0.0369,0.144,0.8161,0.8316,0.1536
176,Joji,SLOW DANCING IN THE DARK,USA,6rY5FAWxCdAGllYEOZMbjW,longing,0.9743,False,0.2148,0.9743,0.0106,0.7558,0.2761,0.6303,0.037,0.9651,0.3939,0.9074
177,Red Hot Chili Peppers,Can't Stop,USA,6ojiTSzyv2qPMWqyhUKAqz,longing,0.9593,False,0.5217,0.9593,0.0358,0.3217,0.4462,0.0689,0.3489,0.215,0.7295,0.2842
178,Olivia Dean,The Hardest Part,USA,3cPoiK69oQ1SdbB2j2ulGm,lonely,0.9821,False,0.3734,0.916,0.0043,0.9664,0.8242,0.8532,0.1342,0.9821,0.3618,0.5254
179,King Von,Took Her To The O,USA,7fEoXCZTZFosUFvFQg1BmW,anger,0.9396,False,0.0032,0.1358,0.024,0.0435,0.1839,0.2402,0.0181,0.1728,0.4247,0.9396
180,TLC,No Scrubs,USA,1KGi9sZVMeszgZOWivFpxs,lonely,0.9389,False,0.4067,0.8159,0.01,0.6234,0.3998,0.7426,0.0788,0.9389,0.8359,0.7182
181,Rihanna,Only Girl (In The World),USA,2ENexcMEMsYk0rVJigVD3i,sensual,0.9945,False,0.9796,0.9762,0.4402,0.0094,0.0111,0.0118,0.2494,0.4967,0.9945,0.1086
182,Don Toliver,Tiramisu,USA,2GHKo6nrSjruvBEQbzD7Fw,sensual,0.9897,False,0.7285,0.9759,0.0621,0.4858,0.2561,0.5991,0.2409,0.6276,0.9897,0.7996
183,"B.o.B, Bruno Mars",Nothin' on You (feat. Bruno Mars),USA,59dLtGBS26x7kc0rHbaPrq,longing,0.9907,False,0.9547,0.9907,0.1885,0.0241,0.1239,0.0037,0.1105,0.1997,0.9577,0.2029
184,Hudson Westbrook,House Again,USA,1zM8S2pnIclcdTmrfFnWtX,lonely,0.995,False,0.6087,0.9857,0.0252,0.9842,0.9779,0.9757,0.0408,0.995,0.9135,0.941
185,Michael Jackson,Billie Jean,USA,7J1uxwnxfQLu4APicE5Rnj,sensual,0.9434,False,0.7013,0.8678,0.0883,0.8777,0.8153,0.5334,0.1044,0.5949,0.9434,0.6209
186,Daniel Caesar,Superpowers,USA,736PP5LTtREkDgktNmX3Gu,sensual,0.6499,False,0.2785,0.5644,0.2873,0.0012,0.0034,0.0069,0.1123,0.0137,0.6499,0.0891
187,"Baby Keem, Kendrick Lamar, Momo Boyd",Good Flirts (feat. Kendrick Lamar & Momo Boyd),USA,5sHeIGDbdzw8DeO57XZKIy,sensual,0.831,False,0.5076,0.6477,0.0336,0.5257,0.3611,0.1135,0.0351,0.6137,0.831,0.7013
188,BLACKPINK,GO,USA,3FZPp9lBUvhsxFxKJi3VkB,heartbreak,0.9808,False,0.9629,0.9229,0.0221,0.9808,0.8478,0.6763,0.407,0.7968,0.8399,0.2018
189,"Tame Impala, JENNIE",Dracula - JENNIE Remix,USA,5yvVYFDUpbnjcnRBgjwTzM,longing,0.5856,False,0.4222,0.5856,0.0174,0.0781,0.0354,0.1645,0.4012,0.4993,0.5146,0.0996
190,The Cure,Boys Don't Cry,USA,1QFh8OH1e78dGd3VyJZCAC,heartbreak,0.8858,False,0.1335,0.6413,0.0025,0.8858,0.7976,0.6366,0.0068,0.7279,0.0497,0.1853
191,Tate McRae,TIT FOR TAT,USA,1dByUyyoRKL99fJJ6VCQzb,lonely,0.9865,False,0.3839,0.8789,0.0057,0.9863,0.9554,0.9589,0.009,0.9865,0.5552,0.9712
192,"Kendrick Lamar, Lefty Gunplay",tv off (feat. lefty gunplay),USA,0aB0v4027ukVziUGwVGYpG,anger,0.9654,False,0.0079,0.6997,0.0097,0.6777,0.7733,0.7213,0.0234,0.9516,0.6449,0.9654
193,"USHER, Lil Jon, Ludacris",Yeah! (feat. Lil Jon & Ludacris),USA,5rb9QrpfcKFHM1EUbSIurX,sensual,0.9613,False,0.2408,0.7372,0.0817,0.0106,0.0077,0.0125,0.0777,0.0142,0.9613,0.2124
194,Olivia Dean,Dive,USA,36vmaZyO0iAE6FZ7287fg2,sensual,0.79,False,0.1648,0.2814,0.0056,0.09,0.0296,0.0438,0.0259,0.0532,0.79,0.0157
196,Prince,Purple Rain,USA,1uvyZBs4IZYRebHIB1747m,longing,0.9773,False,0.5072,0.9773,0.0287,0.6687,0.6808,0.0758,0.0369,0.6705,0.7511,0.0117
197,The Cranberries,Linger,USA,0gEyKnHvgkrkBM6fbeHdwK,longing,0.9904,False,0.943,0.9904,0.0465,0.9852,0.9315,0.9336,0.2004,0.7399,0.8755,0.8613
198,Coldplay,Viva La Vida,USA,1mea3bSkSGXuIRvnydlB5b,lonely,0.9944,False,0.0194,0.9704,0.0468,0.9402,0.779,0.933,0.0084,0.9944,0.8221,0.7004
199,Morgan Wallen,Whiskey Glasses,USA,57TEkZN3f84tFJFHFrD4pO,heartbreak,0.9952,False,0.0329,0.8365,0.0003,0.9952,0.9882,0.9857,0.0007,0.9719,0.0505,0.0183
200,Noah Kahan,Northern Attitude,USA,4O2rRsoSPb5aN7N3tG6Y3v,lonely,0.8749,False,0.0018,0.4251,0.0007,0.1919,0.348,0.4228,0.0055,0.8749,0.1069,0.092
1,"Ryan Castro, Kapo, Gangsta",LA VILLA,Argentina,2ZyrAym0sRLwt4PhGotHuI,sensual,0.9812,False,0.1551,0.7746,0.095,0.0028,0.0043,0.0064,0.0919,0.1293,0.9812,0.0778
2,Bad Bunny,BAILE INoLVIDABLE,Argentina,2lTm559tuIvatlT1u0JYG2,longing,0.9929,False,0.987,0.9929,0.1117,0.9805,0.9037,0.4006,0.1831,0.9787,0.9367,0.0458
3,"El Bogueto, Yung Beef",Cuando No Era Cantante,Argentina,6N2iccqxRInhTLHc2Fu3W0,longing,0.9966,False,0.9419,0.9966,0.2394,0.9002,0.717,0.1339,0.8313,0.9653,0.9736,0.4551
4,La T y La M,Soy Favela,Argentina,3TfRpsYPQSXqqramSoWlNg,longing,0.9628,False,0.8931,0.9628,0.0048,0.7781,0.1891,0.016,0.1307,0.7807,0.7859,0.0858
6,"Lauta, Amigo de Artistas, Tote",Puñaladas,Argentina,4AL4EamHEBKPpdcFRkYdXN,longing,0.9808,False,0.9644,0.9808,0.4451,0.9793,0.9542,0.5886,0.1674,0.9629,0.936,0.0986
7,Bad Bunny,DtMF,Argentina,3sK8wGT43QFpWrvNQsrQya,longing,0.9433,False,0.8873,0.9433,0.6486,0.448,0.2989,0.0133,0.2593,0.4422,0.7581,0.3516
8,"Roze Oficial, Max Carra, Valen, RAMKY EN LOS CONTROLES",Tu jardín con enanitos,Argentina,6X8DTIJEgHUjZynuds0E2f,love,0.8807,False,0.8807,0.8147,0.0063,0.0755,0.0359,0.0123,0.0559,0.0819,0.8748,0.0086
9,Bad Bunny,VOY A LLeVARTE PA PR,Argentina,59D4DOkspUbWyMmbAPQkxZ,sensual,0.9826,False,0.2207,0.8732,0.1764,0.1042,0.0578,0.0621,0.1576,0.4721,0.9826,0.3582
11,"Omar Courtz, Ñengo Flow",FOREVER TU GANTEL,Argentina,1YAWMfsmduIrpqrjP45pFn,sensual,0.974,False,0.3796,0.9729,0.0368,0.4909,0.2258,0.0507,0.0923,0.8009,0.974,0.7762
12,Rels B,TU VAS SIN (fav),Argentina,6uiQ0DqbXTBc8tl0AUKZkR,love,0.9895,False,0.9895,0.989,0.4413,0.1272,0.0231,0.0122,0.4138,0.0874,0.9696,0.6309
13,Bad Bunny,EoO,Argentina,6J5kc12BW5HuP3d7C3vvx8,longing,0.9329,False,0.3664,0.9329,0.3862,0.0171,0.0297,0.0165,0.2282,0.0354,0.6534,0.1988
14,"Bad Bunny, Omar Courtz, Dei V",VeLDÁ,Argentina,7d6yK8v8J484SWH5prIQiE,sensual,0.9393,False,0.5906,0.9176,0.1561,0.0915,0.11,0.0068,0.4435,0.2519,0.9393,0.2793
15,"ROSALÍA, Yahritza Y Su Esencia",La Perla,Argentina,4oVO4fGNRRvEn0CRuFO4qv,lonely,0.9211,False,0.0134,0.2788,0.003,0.669,0.2082,0.8512,0.0042,0.9211,0.552,0.5517
16,Bad Bunny,NUEVAYoL,Argentina,5TFD2bmFKGhoCRbX61nXY5,sensual,0.9687,False,0.29,0.9328,0.8153,0.0079,0.0153,0.0122,0.5691,0.2205,0.9687,0.2192
17,Beéle,no tiene sentido,Argentina,1HEwEN64NjgTaHmo7LfkX8,longing,0.9809,False,0.5368,0.9809,0.005,0.8269,0.8961,0.5812,0.184,0.9262,0.7784,0.7321
18,"La T y La M, Malandro",Amor de Vago,Argentina,5MKbWaXeSQSmzmo7gPQha1,sensual,0.9511,False,0.9277,0.9437,0.1254,0.0618,0.0281,0.0055,0.3514,0.1059,0.9511,0.1852
19,Airbag,Pensamientos,Argentina,1H7ktqkQx1PIuPfNtqvaBs,longing,0.9881,False,0.1077,0.9881,0.0151,0.9051,0.8556,0.8634,0.0363,0.9021,0.8958,0.8823
20,"W Sound, Beéle, Ovy On The Drums",La Plena - W Sound 05,Argentina,6iOndD4OFo7GkaDypWQIou,love,0.9922,False,0.9922,0.976,0.2966,0.0018,0.0018,0.0016,0.1824,0.0086,0.9816,0.0055
21,Milo j,Niño,Argentina,4aDbrgm1ZaebS1Bb2dOXac,longing,0.9896,False,0.1418,0.9896,0.0002,0.9806,0.9723,0.8601,0.0012,0.9323,0.315,0.0054
22,"PEDRO SAMPAIO, Emilia, MC Meno K, Melody",JETSKI - Remix,Argentina,7z26frY6O7BXwyjeqzYo7W,sensual,0.9938,False,0.9738,0.9676,0.0519,0.7119,0.3443,0.8241,0.1219,0.2041,0.9938,0.265
24,"Beéle, Ovy On The Drums",mi refe,Argentina,4zhk2RS2EZODmBW6il55Qj,love,0.9955,False,0.9955,0.9755,0.363,0.0565,0.0516,0.0444,0.4471,0.2732,0.9385,0.1226
25,"Ovy On The Drums, Quevedo, Beéle",YO y TÚ,Argentina,7koAf6aZgjO6TS7bipfPD0,sensual,0.594,False,0.5329,0.4944,0.0534,0.2897,0.1263,0.0091,0.0799,0.0154,0.594,0.0111
26,"Myke Towers, Quevedo",SOLEAO,Argentina,4OsBqqMwFabHATATT527tH,love,0.8863,False,0.8863,0.8773,0.2388,0.4951,0.3956,0.0888,0.3045,0.3082,0.885,0.3189
27,"Alleh, Yorghaki",capaz (merengueton),Argentina,2dd3G3ZqEcG2cNS1tp3oEk,longing,0.9703,False,0.9247,0.9703,0.0065,0.5944,0.194,0.6438,0.0653,0.4198,0.9421,0.2436
28,Bad Bunny,KLOuFRENS,Argentina,4MUrUT38U98olfnyzMBCzm,heartbreak,0.9839,False,0.5646,0.8657,0.075,0.9839,0.971,0.7855,0.024,0.9611,0.5105,0.4618
29,"Rauw Alejandro, Bad Bunny",Qué Pasaría...,Argentina,0l0vcZMU7AOeQmUIREoI2U,longing,0.9675,False,0.2968,0.9675,0.0667,0.6005,0.4864,0.2654,0.3269,0.9265,0.9172,0.8468
30,"J Balvin, Bad Bunny",LA CANCIÓN,Argentina,0fea68AdmYNygeTGI4RC18,longing,0.9448,False,0.3529,0.9448,0.0679,0.7682,0.6768,0.4834,0.1872,0.9353,0.6792,0.2469
31,Babasonicos,Como Eran Las Cosas,Argentina,61qPUnazSdkvua4wgA4L8C,anger,0.9392,False,0.0399,0.9049,0.0014,0.8724,0.7303,0.6735,0.0276,0.7299,0.2404,0.9392
32,Omar Courtz,POR SI MAÑANA NO ESTOY,Argentina,595wwjQiad6e6lSTScmXvz,lonely,0.9958,False,0.9512,0.9945,0.0423,0.9822,0.9153,0.4662,0.5233,0.9958,0.9181,0.2002
33,"Bizarrap, Daddy Yankee","Daddy Yankee: Bzrp Music Sessions, Vol. 0/66",Argentina,2uPMsTEKx79gJ8rB3AcT0v,longing,0.7202,False,0.6756,0.7202,0.0879,0.0151,0.0158,0.0227,0.4862,0.2183,0.4279,0.5546
34,Bad Bunny,Tití Me Preguntó,Argentina,1IHWl5LamUGEuP4ozKQSXZ,heartbreak,0.9884,False,0.4665,0.9513,0.0207,0.9884,0.8636,0.9338,0.1106,0.9756,0.5291,0.8199
35,"Bad Bunny, Ozuna, Farruko, Arcángel, Ñengo Flow, DJ Luian, Mambo Kingz",Diles,Argentina,6C1RD7YQVvt3YQj0CmuTeu,sensual,0.921,False,0.1936,0.7282,0.0662,0.0074,0.0103,0.0046,0.0521,0.0361,0.921,0.4942
36,"Young Cister, Kreamly",QLOO*,Argentina,7CMj1OOS1ho4CPEQTFKzcN,love,0.9951,False,0.9951,0.9796,0.1907,0.007,0.0173,0.0014,0.1624,0.0156,0.9858,0.025
37,Airbag,Por Mil Noches,Argentina,5vHWh24GAsXJ7tnIu8v7UN,longing,0.9915,False,0.0201,0.9915,0.0005,0.9816,0.9614,0.9427,0.001,0.9868,0.1926,0.1604
38,Cazzu,Con Otra,Argentina,2F6PBqz7aPA7K309aFKMHt,heartbreak,0.9402,False,0.0857,0.4957,0.0021,0.9402,0.819,0.8095,0.0122,0.8394,0.1678,0.7587
39,"PEPU, Pizzu",TENGO UN FEELING,Argentina,1toIsvoqn3HCpdetMXk2sJ,longing,0.9522,False,0.3344,0.9522,0.6859,0.0306,0.0589,0.0242,0.6327,0.0322,0.7138,0.1339
40,"Bizarrap, J Balvin","J Balvin: Bzrp Music Sessions, Vol. 62/66",Argentina,04YMLAsyIAe1sLb6RO5YcC,lonely,0.8754,False,0.0074,0.7473,0.0358,0.4015,0.2076,0.0751,0.1095,0.8754,0.1682,0.4455
42,No Te Va Gustar,A las Nueve,Argentina,0CgpCtEPvyDizcg2p47VrU,despair,0.9806,False,0.1821,0.6712,0.0013,0.9533,0.9106,0.9806,0.0095,0.9382,0.4757,0.9056
43,Djo,End of Beginning,Argentina,3qhlB30KknSejmIvZZLjOD,heartbreak,0.9534,False,0.0003,0.0948,0.0001,0.9534,0.9112,0.0862,0.0001,0.3736,0.0035,0.0002
44,"Bad Bunny, Chuwi",WELTiTA,Argentina,5WEF0icHWmAZBBMglBd599,love,0.9805,False,0.9805,0.9623,0.8582,0.0013,0.0013,0.0004,0.8672,0.0086,0.9762,0.0007
45,Plan B,Es un Secreto,Argentina,3KZCP2StVGdWkOKyRZNWA4,sensual,0.9781,False,0.9418,0.9641,0.4014,0.0058,0.0043,0.0014,0.6149,0.0284,0.9781,0.0039
46,"No Te Va Gustar, Juan Casanova",Tan Lejos,Argentina,44m9PAUZYeOEGeaTYh6NAl,longing,0.9566,False,0.1363,0.9566,0.1497,0.2934,0.2556,0.0226,0.7865,0.8835,0.4741,0.1267
47,"Milo j, Trueno",Gil,Argentina,5jgmQkVypORb3enASCxjYs,heartbreak,0.7956,False,0.1859,0.6695,0.0089,0.7956,0.2944,0.5287,0.0487,0.5915,0.1207,0.5513
48,"Maria Becerra, TINI, XROSS",HASTA QUE ME ENAMORO,Argentina,7rfYGYxsZzQAhlJy5B0IcW,lonely,0.9812,False,0.9027,0.9349,0.0012,0.969,0.9041,0.9529,0.0011,0.9812,0.258,0.1473
49,Gustavo Cerati,Adiós,Argentina,1rh4kDY9T4fHVDum8Foi5k,heartbreak,0.9831,False,0.6249,0.8476,0.0001,0.9831,0.9809,0.8055,0.0262,0.8561,0.03,0.0021
50,Plan B,Fronteo,Argentina,0AXKoQuC2NQ8S2QRF0Gu02,sensual,0.9264,False,0.3345,0.4572,0.0503,0.1083,0.1031,0.0467,0.074,0.4206,0.9264,0.3661
51,Bad Bunny,NO ME QUIERO CASAR,Argentina,39L3LdlHS3gqB62HPWaJRg,lonely,0.8732,False,0.0482,0.8152,0.0076,0.5495,0.1583,0.2061,0.2617,0.8732,0.5819,0.4964
53,Intoxicados,Nunca quise,Argentina,0ZAJ660VP57lLK4U7NlGOy,anger,0.8658,False,0.2271,0.8029,0.0068,0.576,0.2058,0.067,0.0029,0.3198,0.3413,0.8658
54,Callejeros,Creo,Argentina,5Bi9Cq5oVFy1OtUgecbegZ,heartbreak,0.9756,False,0.0058,0.387,0.0001,0.9756,0.9687,0.6252,0.0002,0.8703,0.0236,0.0001
55,Danny Ocean,Me Rehúso,Argentina,6ifUES3keWjwXgae8pXI3o,sensual,0.8256,False,0.5641,0.792,0.005,0.7857,0.6861,0.4893,0.0512,0.626,0.8256,0.1545
56,"Tiago PZK, Ke Personajes",Piel,Argentina,6kPCcIAGoTeRrh8qrmKa90,longing,0.9909,False,0.9732,0.9909,0.007,0.0456,0.0271,0.0055,0.1571,0.9284,0.879,0.0106
57,"Maria Becerra, El Alfa, XROSS",HACE CALOR,Argentina,4tabsd3NLLwuT90wkuNh7C,sensual,0.6833,False,0.4808,0.483,0.1516,0.0755,0.1209,0.0581,0.1301,0.0838,0.6833,0.6686
58,Patricio Rey y sus Redonditos de Ricota,Un Ángel para Tu Soledad,Argentina,6kUopck7LHVadAjAFcXiTj,lonely,0.9334,False,0.003,0.5641,0.0022,0.8242,0.5379,0.7936,0.0069,0.9334,0.5796,0.0656
59,"Luck Ra, Miranda!",TU MISTERIOSO ALGUIEN (CUARTETO) (feat. Miranda!),Argentina,4Kzi8hXKkT87SQoYClizh0,love,0.8276,False,0.8276,0.6434,0.0008,0.5992,0.1157,0.0211,0.0031,0.1687,0.2968,0.2574
60,"Omar Courtz, ROA",WO OH OH,Argentina,0h54mLixODOqU6vTcZMqVM,longing,0.9958,False,0.991,0.9958,0.6601,0.194,0.2701,0.0181,0.8873,0.3731,0.9907,0.5594
62,"Héctor ""El Father"", Wisin & Yandel",El Teléfono,Argentina,614NVFo5csQqRnryl4jXs2,longing,0.989,False,0.742,0.989,0.0524,0.6973,0.0305,0.0434,0.24,0.9719,0.967,0.457
63,"Luck Ra, Karina, RAMKY EN LOS CONTROLES",LADRON,Argentina,2NMctdE1VuUUc4VctEqamB,sensual,0.8772,False,0.7167,0.7582,0.0154,0.6148,0.4181,0.1197,0.0196,0.3175,0.8772,0.6349
64,Taylor Swift,The Fate of Ophelia,Argentina,53iuhJlwXhSER5J2IYYv1W,heartbreak,0.9609,False,0.703,0.9017,0.2118,0.9609,0.8911,0.5636,0.6806,0.9553,0.7835,0.4429
65,"Anuel AA, Haze",Amanece,Argentina,1LiN0Z98FkR1t0m8KmLcAH,longing,0.9857,False,0.9408,0.9857,0.0925,0.9015,0.5169,0.4138,0.0331,0.5865,0.9648,0.695
66,Turf,Pasos Al Costado,Argentina,7upAH0ezzsThyvr33YKn4u,heartbreak,0.8602,False,0.1446,0.6621,0.0013,0.8602,0.6436,0.1683,0.02,0.4652,0.167,0.1064
67,"Anuel AA, Daddy Yankee, Zion & Lennox, Farruko, Wisin",Sola (Remix),Argentina,5q2JbCNi4FcnglgPfxcV65,longing,0.9875,False,0.4704,0.9875,0.0421,0.9462,0.6846,0.5045,0.2168,0.9279,0.7716,0.7023
68,Felix Record,Cuentame,Argentina,2lg4MDfkK2ya3dEAFu6Wh8,sensual,0.9821,False,0.6033,0.9805,0.0165,0.8417,0.4053,0.3814,0.267,0.4931,0.9821,0.4727
69,De La Rose,Yo te conozco :):,Argentina,1yG1za0O6OK6sKa79xGtsA,longing,0.9813,False,0.3323,0.9813,0.0157,0.5625,0.3381,0.3657,0.9251,0.9694,0.9507,0.8825
70,Babasonicos,Irresponsables,Argentina,6d4d6cwiAf59mKxoRmXQoK,love,0.9363,False,0.9363,0.571,0.0003,0.873,0.7542,0.7585,0.0004,0.0483,0.7315,0.25
71,"Yan Block, Panda Black",444,Argentina,1o4xkdBe0RjSf2u6VXi4OI,longing,0.9739,False,0.4765,0.9739,0.005,0.8759,0.6274,0.5427,0.0186,0.9551,0.8933,0.8299
72,"Jere Klein, Katteyes, Mateo on the Beatz",TODO KE VER,Argentina,3D9mWy43zoJFWQUE6sz6ax,sensual,0.6322,False,0.0921,0.5407,0.0038,0.3748,0.1311,0.4139,0.036,0.505,0.6322,0.459
73,Los Huayra,La Noche Sin Tí,Argentina,6dT5W7zuEcUZHnZuVlSIJ5,lonely,0.9947,False,0.3951,0.9883,0.0002,0.9894,0.9832,0.947,0.0116,0.9947,0.0385,0.3925
74,Los Piojos,Bicho de Ciudad,Argentina,0oCiPqIEL5218yu2D996eP,longing,0.9673,False,0.9591,0.9673,0.4223,0.6552,0.2339,0.0204,0.2508,0.8354,0.9198,0.0416
75,Omar Courtz,KOKO,Argentina,1tz7RZirwiuaJw2p0jbdHb,sensual,0.9906,False,0.6707,0.9434,0.0146,0.0033,0.0032,0.0016,0.213,0.8825,0.9906,0.0698
76,Maluma,Borro Cassette,Argentina,6DUdDIRgLqCGq1DwkNWQTN,sensual,0.9784,False,0.9355,0.9778,0.1452,0.7625,0.5765,0.4371,0.4236,0.6653,0.9784,0.854
77,"Yan Block, Panda Black",Talento,Argentina,7sChwC2NZjGc2Kdni3hlDg,anger,0.9799,False,0.4291,0.8957,0.0705,0.7166,0.4827,0.4315,0.8304,0.8441,0.9406,0.9799
79,Los Tipitos,Campanas en la Noche,Argentina,0C9V5jMElp7laZZdsCHufD,longing,0.8505,False,0.5136,0.8505,0.0013,0.101,0.0951,0.0354,0.0463,0.8135,0.0357,0.0044
80,Omar Courtz,SI ESTÁS CON ALGUIEN,Argentina,7nyk5uxevcijIfl1FlJgmA,heartbreak,0.9511,False,0.4923,0.558,0.014,0.9511,0.8626,0.5695,0.0523,0.8904,0.4996,0.4055
81,"Anuel AA, Bad Bunny",Hasta Que Dios Diga,Argentina,06s3QtMJVXw1AJX3UfvZG1,sensual,0.7759,False,0.5712,0.7521,0.1687,0.0936,0.065,0.0569,0.1505,0.2855,0.7759,0.5261
82,Ciro y los Persas,Me Gusta,Argentina,67Q93kXygxCskeQiIP0V0j,sensual,0.9893,False,0.9821,0.9703,0.0136,0.6357,0.2012,0.0183,0.0786,0.3662,0.9893,0.0247
83,Bad Bunny,MONACO,Argentina,4MjDJD8cW7iVeWInc2Bdyj,sensual,0.9725,False,0.5166,0.7221,0.3848,0.1613,0.2485,0.1973,0.0759,0.5001,0.9725,0.5783
84,La T y La M,amor de veraNO,Argentina,6WJ2QzbVnjmPGKpmb6tmmO,sensual,0.9839,False,0.9806,0.9087,0.2444,0.2102,0.2404,0.0686,0.0917,0.4394,0.9839,0.4827
85,Airbag,Nunca Lo Olvides,Argentina,4581iSIX0QZNNzAQRysF3k,longing,0.9884,False,0.9535,0.9884,0.0193,0.8558,0.6947,0.3769,0.1305,0.8943,0.8783,0.139
86,"Yan Block, TORRRES",Yo sé,Argentina,5DdLSEyKh8zgCrJq2hFj92,sensual,0.9721,False,0.0479,0.8067,0.007,0.7802,0.537,0.6453,0.0117,0.451,0.9721,0.8442
87,"Milo j, Taiu",Rara Vez,Argentina,7MVIfkyzuUmQ716j8U7yGR,longing,0.9569,False,0.9229,0.9569,0.091,0.3785,0.0697,0.0055,0.0237,0.4592,0.309,0.0171
88,El Plan De La Mariposa,Túnel de la Vida,Argentina,3NlHH9zJ9uGXkm6NJDbLnO,hope,0.8299,False,0.6742,0.6821,0.0979,0.0106,0.0054,0.0005,0.8299,0.0139,0.3709,0.004
89,DesaKTa2,No Se Ve / Chingon,Argentina,1wDZFWLswOdkP3PBOWiSwI,sensual,0.995,False,0.9243,0.9894,0.0734,0.2179,0.4861,0.1423,0.0734,0.8275,0.995,0.6478
90,Airbag,Cicatrices,Argentina,23FJGRug9hlYUIBnrmkIBX,longing,0.9917,False,0.0349,0.9917,0.0023,0.9163,0.9198,0.925,0.0032,0.9864,0.9051,0.8836
91,Pablo Chill-E,Resentia,Argentina,2ANtIUI9cipWNI685VdlZb,heartbreak,0.6488,False,0.4923,0.5227,0.0242,0.6488,0.5242,0.2405,0.1054,0.5073,0.4635,0.2553
92,Jin,Don’t Say You Love Me,Argentina,27xkOIER6uDLKALIelHylZ,heartbreak,0.9816,False,0.0036,0.7414,0.0002,0.9816,0.9341,0.9381,0.0021,0.8527,0.0424,0.6914
93,Zion & Lennox,La player (Bandolera),Argentina,0VKkyBKCXyR99navhVRqcP,sensual,0.9217,False,0.1885,0.8443,0.0387,0.3414,0.2082,0.382,0.1694,0.9111,0.9217,0.4566
94,Tan Bionica,Obsesionario en La Mayor,Argentina,5EGVGkRRJ2udpRnVGpx8LM,longing,0.9953,False,0.8769,0.9953,0.0005,0.9922,0.9805,0.9678,0.0368,0.9921,0.1024,0.3701
95,"Romeo Santos, Prince Royce",Dardos,Argentina,5SudOD9R1Of6CsJVWZy6CQ,longing,0.9858,False,0.943,0.9858,0.0029,0.976,0.9435,0.8874,0.0124,0.8027,0.5856,0.8079
96,Anuel AA,Tú No Lo Amas,Argentina,0fLOPPoyIaPTe8dm2Mrft3,longing,0.9931,False,0.937,0.9931,0.0077,0.8628,0.6909,0.5207,0.4564,0.9866,0.8703,0.6182
97,Los Auténticos Decadentes,Un Osito de Peluche de Taiwán,Argentina,6iCnJkKswtMYoSmT58HmEn,lonely,0.9847,False,0.2256,0.9747,0.0001,0.9686,0.9054,0.8234,0.0002,0.9847,0.9498,0.0125
98,Patricio Rey y sus Redonditos de Ricota,Un Poco de Amor Francés,Argentina,14rcLGX83RpsORAIzC4U4g,sensual,0.9519,False,0.7738,0.8232,0.035,0.0658,0.1331,0.0052,0.0089,0.0201,0.9519,0.0085
100,La T y La M,El Doctorado,Argentina,1yg1tWFaYajN4b7vsKtYRE,longing,0.8815,False,0.4223,0.8815,0.3176,0.1837,0.1973,0.0524,0.7285,0.4014,0.6194,0.388
101,Miranda!,Tu Misterioso Alguien,Argentina,4ksf1UdqNc9pU8R4ZZrgdY,heartbreak,0.8809,False,0.6898,0.8325,0.0032,0.8809,0.5162,0.3392,0.04,0.479,0.4332,0.4922
103,KAROL G,Si Antes Te Hubiera Conocido,Argentina,73scB4Q4fcOmnsBVZPmk32,longing,0.9843,False,0.6859,0.9843,0.0465,0.3908,0.3937,0.121,0.9564,0.5149,0.9138,0.6576
104,"Fuerza Regida, Grupo Frontera",COQUETA,Argentina,1PREzVLuDT6PSE9sej4wnV,longing,0.9961,False,0.9567,0.9961,0.0201,0.8784,0.6052,0.0752,0.4978,0.675,0.9903,0.0876
105,Bad Bunny,Moscow Mule,Argentina,6Xom58OOXk2SoU711L2IXO,longing,0.9085,False,0.0678,0.9085,0.3948,0.0919,0.1113,0.1966,0.0787,0.7091,0.7467,0.8514
106,"Luck Ra, BM",La Morocha,Argentina,6vRQqxOhUFd78p5tL8jXr7,lonely,0.9919,False,0.4287,0.9917,0.0039,0.486,0.0096,0.0645,0.1312,0.9919,0.9486,0.0481
107,Los Auténticos Decadentes,Loco (Tu Forma De Ser),Argentina,3ydweVPwq9PCEVJ8WwqT6u,heartbreak,0.8376,False,0.0039,0.7724,0.0088,0.8376,0.6093,0.0601,0.0005,0.3725,0.0456,0.2299
108,Omar Courtz,⁠LUCES DE COLORES,Argentina,5dDlknAL9imbXXl7uG7oqe,sensual,0.9936,False,0.753,0.9856,0.6631,0.0278,0.0348,0.0326,0.3992,0.7716,0.9936,0.1236
109,The Police,Every Breath You Take,Argentina,1JSTJqkT5qHq8MDJnJbRE1,longing,0.9941,False,0.9614,0.9941,0.0091,0.9913,0.9886,0.9498,0.0383,0.989,0.4905,0.1935
110,"Maluma, Trap Capos, Noriel, Bryant Myers, Juhn","Cuatro Babys (feat. Trap Capos, Noriel, Bryant Myers & Juhn)",Argentina,0JoHqmlqE0W0i9prt6kcHR,lonely,0.6229,False,0.4985,0.5258,0.0272,0.1976,0.0518,0.4056,0.0537,0.6229,0.6039,0.162
111,Airbag,Cae el Sol,Argentina,1Mqfdem6pgGVoULjSkkcc9,longing,0.9881,False,0.7102,0.9881,0.0141,0.88,0.7071,0.5375,0.423,0.9694,0.4533,0.5745
112,"Eugenia Quevedo, Angela Leiva, La banda de Carlitos",No Podrás - En Vivo,Argentina,3X8jKI7kHrbhqgLboG14tw,heartbreak,0.991,False,0.0293,0.5097,0.0006,0.991,0.9863,0.9755,0.0005,0.9723,0.0421,0.9719
113,Babasonicos,Puesto,Argentina,5zpZUFF7YyPG90nkR88RYd,sensual,0.9848,False,0.9536,0.9316,0.9415,0.0974,0.0405,0.0321,0.8058,0.0475,0.9848,0.2019
116,Yandel,Encantadora,Argentina,7LABrQFfRYcZUqUwng0Heb,longing,0.5017,False,0.4745,0.5017,0.0451,0.0298,0.0832,0.1549,0.0757,0.3505,0.498,0.119
117,Bad Bunny,Otra Noche en Miami,Argentina,4vCAzANUWDE24URV6wQ4ra,longing,0.9884,False,0.1598,0.9884,0.0043,0.9675,0.9264,0.8584,0.1438,0.9845,0.5489,0.5282
118,"Bad Bunny, Bomba Estéreo",Ojitos Lindos,Argentina,3k3NWokhRRkEPhCzPmV8TW,sensual,0.9457,False,0.7069,0.9259,0.1484,0.513,0.4891,0.4836,0.0839,0.2573,0.9457,0.4446
119,"Callejero Fino, Martin Vegas",TIKI TIKI,Argentina,7GSKEUunbDOtPSG1TLXq8e,sensual,0.8524,False,0.0836,0.4081,0.037,0.468,0.226,0.2063,0.0265,0.2575,0.8524,0.5843
120,No Te Va Gustar,Ese Maldito Momento,Argentina,6MuJUSYCqA4FpMogUHzb2R,lonely,0.9952,False,0.0261,0.9228,0.0005,0.9777,0.9793,0.9675,0.0011,0.9952,0.1005,0.8736
121,Angela Torres,FAVORITA,Argentina,6EhX9FjpQZ5CohoGeqUM2u,sensual,0.9571,False,0.9476,0.9474,0.0476,0.6091,0.3317,0.3411,0.135,0.0326,0.9571,0.3682
122,Kapo,UWAIE,Argentina,0fMjldiEpgjbWQ4bBQwVzH,love,0.98,False,0.98,0.953,0.2919,0.0304,0.0167,0.0056,0.2398,0.1537,0.9757,0.0195
123,"Estelares, Jorge Serrano",Ella Dijo,Argentina,6cFf4Jfy7ThUwGzbqFcZsx,heartbreak,0.9257,False,0.7707,0.8912,0.0234,0.9257,0.8163,0.6346,0.0161,0.8813,0.8011,0.514
125,Babasonicos,El Loco,Argentina,2jEjxOyKqMpkcThWl697hf,longing,0.9609,False,0.0016,0.9609,0.0191,0.9234,0.8454,0.9521,0.0133,0.7475,0.9123,0.9575
126,Andrés Calamaro,Flaca,Argentina,1p7m9H4H8s0Y7SgRm7j3ED,love,0.9546,False,0.9546,0.8368,0.0206,0.7894,0.5047,0.1553,0.1473,0.7717,0.4563,0.0625
127,Las Pelotas,Personalmente,Argentina,7q7XFO9av9VpNJSXKJwJxD,hope,0.9549,False,0.0644,0.9545,0.0265,0.9062,0.9127,0.6295,0.9549,0.6432,0.753,0.671
128,"Rauw Alejandro, Romeo Santos",Khé?,Argentina,1YYfyJ2yCvGFCxwjsIqEK9,longing,0.9796,False,0.6815,0.9796,0.0024,0.9466,0.7219,0.4924,0.0064,0.9194,0.7642,0.5857
129,Las Pelotas,Será,Argentina,60IzIxSuVAtU71yCmHjxHH,longing,0.995,False,0.5021,0.995,0.0004,0.7361,0.8125,0.0077,0.3142,0.6615,0.843,0.8856
130,Mon Laferte,Tu Falta De Querer,Argentina,4skuEIloXWuxxgekKupkEH,longing,0.9963,False,0.9843,0.9963,0.0003,0.9944,0.9925,0.9759,0.0035,0.9883,0.1208,0.9332
131,Patricio Rey y sus Redonditos de Ricota,Esa Estrella Era Mi Lujo,Argentina,1buwr89mlvxbaqArqmvCYS,love,0.968,False,0.968,0.9296,0.5619,0.3796,0.0634,0.0499,0.2991,0.3062,0.9591,0.1471
133,Romeo Santos,Imitadora,Argentina,6r46lnXFbE9fr2d3KNaGbe,lonely,0.9879,False,0.6803,0.9796,0.0066,0.9766,0.9299,0.8534,0.0566,0.9879,0.904,0.8677
134,Milo j,M.A.I,Argentina,35ttE4t8lQZA2vuCYDg4G7,love,0.9879,False,0.9879,0.9831,0.2964,0.9477,0.8988,0.5438,0.7058,0.9348,0.5633,0.0864
135,Omar Courtz,VAMOaCOCHI,Argentina,1oghNMGW42IhtQPNU6leZz,sensual,0.9881,False,0.873,0.9865,0.2526,0.0068,0.0081,0.0039,0.4571,0.7203,0.9881,0.0338
137,"Feid, ATL Jacob",LUNA,Argentina,7bywjHOc0wSjGGbj04XbVi,longing,0.994,False,0.2271,0.994,0.0016,0.9932,0.9803,0.942,0.0198,0.9897,0.5459,0.9497
138,Anuel AA,¿Qué Nos Pasó?,Argentina,7k3qWn8D43a5ISa3x8lJux,anger,0.9383,False,0.0171,0.7282,0.0421,0.8121,0.6441,0.7534,0.0201,0.7483,0.4038,0.9383
139,"Jory Boy, Bad Bunny",No Te Hagas,Argentina,5hKjEpYrJIJs6uPl7zw6Y6,longing,0.7685,False,0.5104,0.7685,0.1068,0.5359,0.4516,0.2713,0.0666,0.5123,0.7393,0.3819
140,"Rauw Alejandro, Chencho Corleone",El Efecto,Argentina,4SJHHpKhcuXwDsCsPqshXj,sensual,0.929,False,0.2724,0.6482,0.0753,0.0384,0.0249,0.0172,0.1049,0.2187,0.929,0.0489
141,"KHEA, Duki, Cazzu, Omar Varela, MYKKA",Loca,Argentina,0vnrhysrKKRdNYFKLAGzRc,longing,0.8932,False,0.6029,0.8932,0.0146,0.7129,0.3089,0.3089,0.0506,0.5233,0.875,0.6342
143,"Maria Becerra, Paulo Londra, XROSS",RAMEN PARA DOS,Argentina,5KJacLbQNuqzR9IizaPI6h,lonely,0.9871,False,0.0256,0.8991,0.0011,0.9804,0.9579,0.954,0.0907,0.9871,0.3695,0.536
144,Plan B,Fanatica Sensual,Argentina,1DrDfpOx4P4LMxFhtOmeyD,sensual,0.9944,False,0.9131,0.8879,0.0281,0.0037,0.0061,0.0033,0.3664,0.16,0.9944,0.1127
145,"Marc Seguí, Rauw Alejandro, Pol Granch",Tiroteo - Remix,Argentina,4OwhwvKESFtuu06dTgct7i,longing,0.9953,False,0.8943,0.9953,0.0006,0.9895,0.9799,0.9537,0.5,0.971,0.5102,0.3622
147,"Trap Capos, Noriel, Bad Bunny, Arcángel",De las 2 (feat. Bad Bunny & Arcángel),Argentina,4DS7HoqrKq1dDjeYOKBlu9,longing,0.9501,False,0.615,0.9501,0.0759,0.0407,0.0217,0.0217,0.1952,0.1018,0.6871,0.2402
149,"Emilia, TINI, Nicki Nicole",blackout 🧊,Argentina,1KaXG7dVdwMH3gCtiAU39t,sensual,0.9826,False,0.2173,0.845,0.0306,0.023,0.0098,0.0082,0.167,0.3052,0.9826,0.4005
150,"Omar Courtz, De La Rose",Q U E V A S H A C E R H O Y ?,Argentina,0Sr7ssScx54yxdM2ols7nW,sensual,0.9804,False,0.6807,0.9619,0.0777,0.0116,0.0111,0.0183,0.1668,0.2601,0.9804,0.2252
152,"Bad Bunny, Los Pleneros de la Cresta",CAFé CON RON,Argentina,6VNXmo59yDYgcwLS17UNAW,longing,0.7805,False,0.0263,0.7805,0.0352,0.4204,0.4315,0.6004,0.0704,0.4827,0.6681,0.6789
153,"Omar Courtz, De La Rose, Haze",Kyoto,Argentina,7eNwwoxDR8KVzNAuGvliAO,longing,0.9799,False,0.7504,0.9799,0.1509,0.256,0.0972,0.0862,0.4112,0.8953,0.9718,0.2656
154,Sabrina Carpenter,Manchild,Argentina,2BwO5K8Q7EPAJSGze3AAh9,anger,0.9562,False,0.1594,0.7419,0.014,0.7906,0.5948,0.8796,0.0499,0.7908,0.9041,0.9562
156,"Tainy, Bad Bunny",MOJABI GHOST,Argentina,46YjJXVXWHlQ21odKktg5e,lonely,0.9966,False,0.6553,0.9905,0.0025,0.9847,0.8056,0.4891,0.9831,0.9966,0.8731,0.3301
157,Patricio Rey y sus Redonditos de Ricota,La Bestia Pop,Argentina,6BHlafXY1L2eetDCwict05,love,0.988,False,0.988,0.9653,0.8207,0.0039,0.0023,0.0003,0.8229,0.0029,0.9649,0.0035
158,"Callejero Fino, Lea in the Mix",NO LES DA,Argentina,6pryujEohwqSNKGTW33SKE,anger,0.9417,False,0.0035,0.053,0.0015,0.0525,0.0407,0.0208,0.0244,0.0326,0.0793,0.9417
159,Boza,Hecha Pa' Mi,Argentina,3VvA1wSxukMLsvXoXtlwWx,sensual,0.9762,False,0.9493,0.9139,0.3729,0.0314,0.0186,0.0378,0.0756,0.4694,0.9762,0.0752
160,"Big One, FMK, Ke Personajes",Un Finde | CROSSOVER #2,Argentina,3tiJUOfAEqIrLFRQgGgdoY,longing,0.9955,False,0.913,0.9955,0.0032,0.9542,0.8046,0.4126,0.1704,0.9743,0.8913,0.1396
161,"Bryant Myers, Anuel AA, Anonimus, Almighty",Esclava - Remix,Argentina,2Mgur7BKnpr7OG3izSNFTA,longing,0.7437,False,0.3533,0.7437,0.1307,0.3172,0.1285,0.2659,0.0181,0.3708,0.6872,0.6957
162,"DENNIS, Luísa Sonza, Emilia",MOTINHA 2.0 (Mete Marcha) - Remix,Argentina,2iDDnYmaz1HhedjI91fbmp,anger,0.9923,False,0.0008,0.2583,0.0429,0.073,0.3545,0.4258,0.0025,0.785,0.1547,0.9923
163,"Luck Ra, La K'onga, Ke Personajes",Ya No Vuelvas (Versión Cuarteto),Argentina,0u6JsFiEEXb6kaF0oqyeFi,heartbreak,0.9819,False,0.1099,0.4996,0.0003,0.9819,0.9571,0.8171,0.0014,0.7925,0.0467,0.5855
164,Bad Bunny,Enséñame a Bailar,Argentina,2NMjggapJcXXM7WccGEBUO,sensual,0.9665,False,0.9232,0.9533,0.8499,0.0028,0.0046,0.0016,0.4385,0.2107,0.9665,0.0136
165,"Lady Gaga, Bruno Mars",Die With A Smile,Argentina,7so0lgd0zP2Sbgs2d7a1SZ,longing,0.9904,False,0.9841,0.9904,0.066,0.8646,0.7249,0.1239,0.0252,0.377,0.7301,0.0101
166,"Intoxicados, Andrés Calamaro",Fuego,Argentina,6q41qt2R9K8BXEzmzImEGO,anger,0.4273,False,0.0004,0.0987,0.0001,0.1274,0.299,0.4201,0.0004,0.05,0.0059,0.4273
167,"Luck Ra, Abel Pintos",QUE ME FALTE TODO,Argentina,1TyBUtMxdmRfXhW3MmbxtQ,longing,0.9911,False,0.5749,0.9911,0.0001,0.9875,0.9682,0.6779,0.0005,0.9775,0.0071,0.0024
168,Los Piojos,Tan Solo,Argentina,6Soxxi73U6SO4rOGJwYYxI,lonely,0.9743,False,0.0043,0.9071,0.0001,0.954,0.9424,0.9323,0.0002,0.9743,0.1396,0.0095
169,"Feid, ICON",FERXXO 151,Argentina,2Cl4HCBmPddQNZEncdoXp0,longing,0.9968,False,0.9724,0.9968,0.9248,0.0112,0.0339,0.006,0.9238,0.1855,0.9908,0.5131
170,Airbag,Solo aquí,Argentina,0OcYoSGA1CFGZcCuPLyfhj,lonely,0.9947,False,0.0269,0.9792,0.0002,0.9868,0.9541,0.9814,0.0014,0.9947,0.1802,0.3475
171,"Callejero Fino, La T y La M",Te invito a bailar,Argentina,17vFIehhv8hKSXYn5Ce4Pk,longing,0.9845,False,0.9819,0.9845,0.2289,0.0103,0.0089,0.0031,0.6116,0.0441,0.9714,0.0213
172,"Zion & Lennox, J Balvin",Otra Vez (feat. J Balvin),Argentina,3QwBODjSEzelZyVjxPOHdq,sensual,0.9701,False,0.6434,0.9501,0.2427,0.0959,0.0343,0.073,0.4794,0.3505,0.9701,0.054
173,"Blessd, Anuel AA, SOG",TE CANTO BAJITO,Argentina,3I1jcOmPwnzUR5yduDK3yb,love,0.9897,False,0.9897,0.9598,0.0422,0.0929,0.0236,0.0222,0.0562,0.1967,0.9882,0.3729
174,Maluma,El Perdedor,Argentina,1iEwyiSLAunPR6uouANE0O,longing,0.9667,False,0.929,0.9667,0.0063,0.8714,0.5993,0.5706,0.0333,0.775,0.7708,0.3628
175,Cosculluela,Manicomio,Argentina,3UVM7rdOSbm2vKDXB9SsWo,love,0.9918,False,0.9918,0.9052,0.2565,0.0043,0.0067,0.0078,0.2664,0.0605,0.7624,0.0171
176,DesaKTa2,La Diabla,Argentina,6PaIQ2qR59qiqXgjeTFwJA,sensual,0.7158,False,0.2959,0.6827,0.1128,0.3274,0.315,0.2819,0.1837,0.3821,0.7158,0.5907
177,Bad Bunny,Si Estuviésemos Juntos,Argentina,35wvL50xvKpCHEJPxLOLPI,longing,0.9908,False,0.9588,0.9908,0.0003,0.9792,0.8755,0.6144,0.008,0.9903,0.5126,0.0356
178,"Los Ángeles Azules, Emilia","Perdonarte, ¿Para Qué?",Argentina,4dLLdfiniBhDP9dlJQIOi4,heartbreak,0.9789,False,0.0184,0.3725,0.0024,0.9789,0.9644,0.8881,0.0018,0.9594,0.1234,0.6439
179,"Eugenia Quevedo, La banda de Carlitos",Como Lo Hizo? - En Vivo,Argentina,3KAdpFK7rveKAAwpgjwhNn,heartbreak,0.9659,False,0.4676,0.7841,0.0144,0.9659,0.932,0.7773,0.359,0.909,0.3713,0.6764
181,"Cosculluela, Bad Bunny",Madura,Argentina,5n2XTRsYFlZwNBp06KAjDX,longing,0.6735,False,0.1968,0.6735,0.0175,0.2093,0.1136,0.081,0.0504,0.4281,0.6578,0.3725
182,"Indio Solari, Los Fundamentalistas del Aire Acondicionado",Había una Vez...,Argentina,3ayHT7okY784fCWMYDbspt,longing,0.9569,False,0.5535,0.9569,0.0158,0.8216,0.6989,0.2822,0.8399,0.6632,0.14,0.1743
183,Mancha De Rolando,Arde la Ciudad,Argentina,3SyKG06yOK3omo29EwZ8dP,longing,0.9671,False,0.1021,0.9671,0.0173,0.9333,0.9203,0.7478,0.0015,0.7841,0.4495,0.9047
184,"J Balvin, Bad Bunny",QUE PRETENDES,Argentina,25ZAibhr3bdlMCLmubZDVt,sensual,0.8609,False,0.3146,0.8494,0.0782,0.5242,0.3876,0.459,0.1931,0.484,0.8609,0.559
186,"JHAYCO, J Balvin, Bad Bunny",No Me Conoce - Remix,Argentina,2beS6dD5rovBxSA1zYoSHR,sensual,0.7709,False,0.3468,0.573,0.0693,0.0249,0.0178,0.0435,0.0435,0.4137,0.7709,0.2944
188,Patricio Rey y sus Redonditos de Ricota,Tarea Fina,Argentina,4mZHvbJWkK9uVmD9SvHKao,heartbreak,0.9695,False,0.0008,0.8119,0.0001,0.9695,0.8912,0.3362,0.0001,0.9341,0.0017,0.1558
189,Babasonicos,En Privado,Argentina,0ZyNiSXRbq68lmBjV0vJkR,longing,0.9719,False,0.2473,0.9719,0.0061,0.638,0.2648,0.0981,0.0265,0.5927,0.6206,0.2396
190,RAYE,WHERE IS MY HUSBAND!,Argentina,55lijDD6OAjLFFUHU9tcDm,lonely,0.9819,False,0.5872,0.9785,0.1556,0.5963,0.4948,0.4988,0.6148,0.9819,0.9212,0.4029
191,"J Balvin, Bad Bunny",Si Tu Novio Te Deja Sola,Argentina,2joKSGkqac0LIwYG9Ghrwq,lonely,0.9782,False,0.4084,0.9661,0.0178,0.8418,0.8019,0.707,0.2292,0.9782,0.7233,0.9492
192,Airbag,Verte De Cerca,Argentina,3pevHGhwL0brjFQfPABwns,longing,0.9927,False,0.0006,0.9927,0.0002,0.8683,0.7326,0.9023,0.0017,0.9388,0.5299,0.918
193,Viejas Locas,Me Gustas Mucho,Argentina,2kB1rqoTaZ3j6ChtIWGurm,sensual,0.986,False,0.859,0.9376,0.4821,0.0021,0.0102,0.0007,0.1546,0.0129,0.986,0.0025
194,"PEPU, Nico Valdi, Pizzu",FAR AWAY,Argentina,3pcXMfSwwXGcucdrDb6Awd,longing,0.9944,False,0.9779,0.9944,0.1839,0.3733,0.0428,0.0278,0.5497,0.8495,0.9824,0.4508
195,Airbag,Ganas de Verte,Argentina,3JCian69xIfy8A4799Og5f,heartbreak,0.9589,False,0.0206,0.9574,0.0003,0.9589,0.9273,0.8588,0.0246,0.9362,0.2814,0.2163
196,La T y La M,Como Se Siente,Argentina,0tQDrJxQcB5zKGrHx43xUj,longing,0.8725,False,0.3285,0.8725,0.56,0.2088,0.4977,0.4002,0.2379,0.5784,0.721,0.5921
197,"Maria Becerra, Rei, XROSS",MI AMOR,Argentina,1CSdu8EHZzV0DjYB6RNXbX,longing,0.968,False,0.9591,0.968,0.3059,0.4881,0.4346,0.1573,0.2946,0.1388,0.954,0.0025
198,Bad Bunny,TURiSTA,Argentina,7tCuCjhxzjX2XCz4JiiAsp,heartbreak,0.9849,False,0.8875,0.9077,0.0004,0.9849,0.9441,0.1775,0.0138,0.949,0.5676,0.0655
199,Beéle,quédate,Argentina,6VfL3MEuYeJbDlD8m011HR,longing,0.9926,False,0.9728,0.9926,0.013,0.9825,0.9396,0.4405,0.1122,0.9761,0.9151,0.3387
200,"PinkPantheress, Zara Larsson",Stateside + Zara Larsson,Argentina,1DwscornXpj8fmOmYVlqZt,longing,0.9689,False,0.4887,0.9689,0.0235,0.7436,0.4844,0.5873,0.595,0.9452,0.8013,0.6159
1,Jin,Don’t Say You Love Me,Japan,27xkOIER6uDLKALIelHylZ,heartbreak,0.9816,False,0.0036,0.7414,0.0002,0.9816,0.9341,0.9381,0.0021,0.8527,0.0424,0.6914
2,Kenshi Yonezu,IRIS OUT,Japan,59hVbgr8rfYkDbHfr8RcGI,love,0.9957,False,0.9957,0.9809,0.2118,0.8867,0.2761,0.1096,0.0111,0.016,0.9668,0.0593
3,Mrs. GREEN APPLE,lulu.,Japan,0vE1WglBbhmd5wDO49lcih,longing,0.9195,False,0.7392,0.9195,0.0015,0.3699,0.3062,0.0203,0.0371,0.8853,0.3947,0.0116
4,M!LK,Bakuretsu Aishiteru,Japan,1F1hibBCtNeObRMmEMLHNh,love,0.9896,False,0.9896,0.4374,0.4357,0.0005,0.0008,0.0002,0.2314,0.0054,0.7992,0.0008
5,HANA,Blue Jeans,Japan,6hnk0Fesq9JOhWpck8HJsj,longing,0.9438,False,0.8884,0.9438,0.022,0.4662,0.1477,0.0723,0.1081,0.6773,0.8272,0.0241
6,M!LK,Sukisugite METSU!,Japan,0vDqNzQqEhl7boeRS3Joli,love,0.9891,False,0.9891,0.9321,0.6013,0.0085,0.0353,0.0103,0.1374,0.0163,0.7618,0.0214
7,HANA,ROSE,Japan,3920QegiL2PHmaYYBVwexC,sensual,0.9218,False,0.3567,0.6366,0.1213,0.7119,0.098,0.0733,0.2877,0.1152,0.9218,0.741
8,ARASHI,Five,Japan,2cIqVZFyBH8h5dnrzBvtre,longing,0.9003,False,0.0018,0.9003,0.0022,0.4695,0.6723,0.4424,0.0133,0.6154,0.8836,0.2444
9,Mrs. GREEN APPLE,ライラック,Japan,21VsLvoE7elUmJZLSawaMh,love,0.9332,False,0.9332,0.6968,0.007,0.5424,0.3797,0.3695,0.1156,0.7825,0.1936,0.0184
10,King Gnu,AIZO,Japan,65X2koe1LhDgQmRkNdJFv9,love,0.9497,False,0.9497,0.8639,0.0038,0.9419,0.7516,0.8684,0.0088,0.9142,0.8143,0.4542
11,back number,花束,Japan,3QIAwtEEDOrv0g5NKCGrXZ,longing,0.9305,False,0.9141,0.9305,0.2959,0.0939,0.0932,0.0189,0.512,0.3046,0.8529,0.0386
12,CHANMINA,SAD SONG,Japan,2zxK14g3shGRbgjUmKaj2x,heartbreak,0.9832,False,0.0241,0.8997,0.0002,0.9832,0.9779,0.9462,0.0005,0.9771,0.0221,0.0029
13,back number,ブルーアンバー,Japan,35MeePbBnryubkVG0v8GbI,heartbreak,0.39,False,0.0374,0.0527,0.0002,0.39,0.2188,0.0113,0.0002,0.1549,0.0267,0.0007
14,BE:FIRST,夢中,Japan,7KNY1e9x1MDvpBAmIAN3tz,love,0.9954,False,0.9954,0.9634,0.2304,0.2013,0.0876,0.0013,0.2504,0.0789,0.9624,0.0006
15,Mrs. GREEN APPLE,Soranji,Japan,3YML5IHoqWbw9c9vJJvrvM,longing,0.9659,False,0.6481,0.9659,0.0501,0.1205,0.0558,0.0126,0.867,0.0633,0.6719,0.0223
16,HANA,Cold Night,Japan,79wd94vXLJngCwTAVtzYvr,longing,0.6459,False,0.0035,0.6459,0.0165,0.0387,0.0157,0.0618,0.1056,0.5972,0.1062,0.0332
17,back number,ハッピーエンド,Japan,4GqO80eGXA542oTvlYv4LS,love,0.9634,False,0.9634,0.8105,0.0105,0.5412,0.249,0.0317,0.0416,0.7148,0.3955,0.0136
18,"Mrs. GREEN APPLE, Sonoko Inoue",点描の唄,Japan,1sIIlVrnPhrvmTrHtzM7tV,longing,0.9925,False,0.9773,0.9925,0.4313,0.2648,0.4995,0.0055,0.9496,0.2638,0.7605,0.0097
19,Mrs. GREEN APPLE,ダーリン,Japan,7ikOwlVju9HYUKthPiNHwr,lonely,0.9936,False,0.8494,0.9844,0.0071,0.9509,0.837,0.9686,0.1805,0.9936,0.5083,0.2807
20,HANA,NON STOP,Japan,2q910scaHhg6GmqnUKOGHU,anger,0.9318,False,0.0343,0.5968,0.2176,0.0056,0.0128,0.0085,0.1892,0.0872,0.8708,0.9318
21,HANA,Drop,Japan,3OOKZkrUWnMdWJFAvy0b58,longing,0.9422,False,0.0671,0.9422,0.0407,0.1313,0.0512,0.0594,0.2378,0.8735,0.8168,0.3968
22,Jimin,Who,Japan,7tI8dRuH2Yc6RuoTjxo4dU,longing,0.9914,False,0.9384,0.9914,0.0168,0.9358,0.7776,0.6323,0.4891,0.9746,0.5719,0.4749
23,back number,高嶺の花子さん,Japan,2jdbZGFp8KVTuk0YxDNL4l,longing,0.9745,False,0.9437,0.9745,0.0078,0.0657,0.0614,0.2304,0.2488,0.5907,0.2774,0.109
24,back number,水平線,Japan,3RvdkNMcSy71m0aT6UF9Uf,heartbreak,0.9903,False,0.0047,0.9606,0.0001,0.9903,0.9885,0.9421,0.0005,0.9768,0.0044,0.0105
25,"Kenshi Yonezu, Hikaru Utada",JANE DOE,Japan,4oE7MyJhqSD3BaHRpNs8Nl,longing,0.9712,False,0.7162,0.9712,0.2052,0.688,0.4658,0.1403,0.2212,0.9301,0.946,0.0667
26,AiNA THE END,革命道中 - On The Way,Japan,1oFqKeepmT5S8BCGqJl7Ar,longing,0.8471,False,0.2765,0.8471,0.0279,0.2088,0.1329,0.0848,0.2939,0.3717,0.6814,0.2568
27,HANA,ALL IN,Japan,6lOUOvcscCHUofusbjbYV2,love,0.933,False,0.933,0.6362,0.3478,0.0138,0.0497,0.0038,0.6801,0.0805,0.7333,0.1036
28,Mrs. GREEN APPLE,僕のこと,Japan,0tnhoHUrHfcLi9hPknUFZ4,love,0.8498,False,0.8498,0.1328,0.7589,0.0033,0.003,0.0011,0.1012,0.7525,0.69,0.0019
29,HANA,Bloom,Japan,2ezkOPL49H0ZrQYM6y328n,sensual,0.6173,False,0.2048,0.281,0.0389,0.2771,0.0765,0.0237,0.0267,0.3679,0.6173,0.1197
30,CHANMINA,ハレンチ,Japan,2BfzhBl79bcPOHHXAXJkTY,longing,0.9287,False,0.4511,0.9287,0.1578,0.782,0.7603,0.3702,0.2195,0.8258,0.8655,0.7443
31,Vaundy,Kaiju no Hanauta,Japan,7dTW21YAJxnAOiUh7Rtu9S,longing,0.9878,False,0.3381,0.9878,0.0985,0.0363,0.0446,0.0219,0.1765,0.4983,0.7349,0.0509
32,Number_i,3XL,Japan,3sNbkM4pIy1l7p6K2lhpvm,love,0.9962,False,0.9962,0.8752,0.3355,0.019,0.0108,0.0011,0.4269,0.0361,0.8835,0.0068
33,back number,HAPPY BIRTHDAY,Japan,4FMz2RFrbDGzJO7K4D0vS3,longing,0.9895,False,0.4314,0.9895,0.0071,0.9714,0.9328,0.8823,0.0113,0.9876,0.207,0.3474
34,Mrs. GREEN APPLE,青と夏,Japan,5BC6kr6etk2Y9J62AyI4i3,lonely,0.9959,False,0.9711,0.9731,0.0448,0.8016,0.6905,0.1431,0.1252,0.9959,0.8252,0.165
35,King & Prince,Theater,Japan,6iltt0n1DkQ0AtCcwxXNZJ,longing,0.9203,False,0.0471,0.9203,0.0487,0.6683,0.3862,0.781,0.2784,0.7625,0.6877,0.4302
36,HANA,My Body,Japan,2AdYT7oPiAASC46qF43dia,longing,0.9651,False,0.8215,0.9651,0.2612,0.5131,0.3236,0.3587,0.3713,0.863,0.9611,0.6108
37,sakanaction,Kaiju,Japan,6FhWelfRDMFZRtFUU6SIdC,lonely,0.9958,False,0.0847,0.9354,0.0085,0.2461,0.3394,0.373,0.0945,0.9958,0.6588,0.3541
38,Mrs. GREEN APPLE,ケセラセラ,Japan,0teqQ0PYqVDyyXJuPOyMhu,lonely,0.964,False,0.9433,0.87,0.0054,0.9609,0.8979,0.3699,0.1029,0.964,0.2934,0.5895
39,back number,どうしてもどうしても,Japan,6hlYmR30RGaHIz4UlVOG2U,love,0.842,False,0.842,0.7643,0.0169,0.101,0.0465,0.0018,0.0074,0.3992,0.1795,0.0211
40,back number,ヒロイン,Japan,3hBAYbAECEix9raaTq8S3H,lonely,0.9865,False,0.5595,0.9256,0.0179,0.7791,0.3942,0.1102,0.0386,0.9865,0.3633,0.0161
41,Snow Man,カリスマックス - CHARISMAX,Japan,76OElzXqlyLCdlSypwSKBy,love,0.9677,False,0.9677,0.3809,0.2237,0.0073,0.0102,0.0083,0.1942,0.0425,0.7151,0.265
42,Mrs. GREEN APPLE,クスシキ,Japan,57zS3lPil2VxdlBLXHu8l2,lonely,0.7906,False,0.6704,0.6655,0.0123,0.6804,0.3506,0.2034,0.0676,0.7906,0.4038,0.0486
43,CHANMINA,Never Grow Up,Japan,5aDgM8rYPT15CqjkN1EIKq,love,0.7302,False,0.7302,0.4073,0.0002,0.2902,0.0798,0.0386,0.0009,0.3596,0.2063,0.0077
44,natori,セレナーデ,Japan,0CWAQlHsvfqcKJVVz9up2R,lonely,0.683,False,0.4042,0.6135,0.0265,0.476,0.3476,0.1703,0.5302,0.683,0.5778,0.1101
45,"HUNTR/X, EJAE, AUDREY NUNA, REI AMI, KPop Demon Hunters Cast",Golden,Japan,1CPZ5BxNNd0n0nF4Orb9JS,lonely,0.9883,False,0.2997,0.9653,0.4684,0.3909,0.1807,0.2134,0.9153,0.9883,0.7861,0.1011
46,back number,恋,Japan,7f9DsQEsIoeTwKxV6shsom,longing,0.9814,False,0.9571,0.9814,0.01,0.7224,0.4032,0.0469,0.0336,0.9221,0.3427,0.0214
47,Lilas,恋風,Japan,3gw8n3DG28VaYGuVc3lqxl,longing,0.9784,False,0.96,0.9784,0.0029,0.6194,0.2308,0.0141,0.6314,0.9608,0.8987,0.0025
48,HANA,Tiger,Japan,20VZXnRzvcS0qVMOThjjmM,anger,0.9254,False,0.0167,0.5537,0.0512,0.0555,0.0871,0.028,0.3617,0.1723,0.5702,0.9254
49,CHANMINA,TEST ME,Japan,1chmVQLbEPT5890S0X55pe,grief,0.9012,False,0.0118,0.0749,0.0002,0.8906,0.9012,0.8405,0.0006,0.2652,0.0073,0.3889
50,Number_i,GOD_i,Japan,0burgYTcpItZGiRjvWhJjM,longing,0.9536,False,0.7582,0.9536,0.0301,0.9004,0.5787,0.1985,0.2269,0.4766,0.7,0.2142
51,Number_i,LAVALAVA,Japan,7vgZhgyZBkGJvuh37tJnJo,sensual,0.9665,False,0.8581,0.908,0.0141,0.7458,0.4737,0.5929,0.0137,0.3377,0.9665,0.1588
52,HANA,Burning Flower,Japan,5a3s0iaDfGW06yLfwFnmT7,sensual,0.8075,False,0.5545,0.355,0.092,0.0017,0.0051,0.0058,0.1833,0.1548,0.8075,0.1051
53,HANA,BAD LOVE,Japan,6M4fRouHq1Zxtl05ifoeAL,heartbreak,0.9933,False,0.0833,0.9132,0.0004,0.9933,0.9492,0.7058,0.0032,0.8056,0.0558,0.3513
54,sakanaction,IRANAI,Japan,7lT3oj3gxE6AJb87ZK8up7,longing,0.9723,False,0.1534,0.9723,0.0049,0.4592,0.1125,0.6441,0.0914,0.9501,0.7055,0.7814
55,back number,君の恋人になったら,Japan,0k4KaqElLVjdR6sVHPTS6h,love,0.9843,False,0.9843,0.97,0.2648,0.0345,0.0192,0.0039,0.2518,0.5405,0.7983,0.0384
56,Mrs. GREEN APPLE,GOOD DAY,Japan,61UOoqGI1B9qdeD5Dzupyb,hope,0.9109,False,0.0864,0.5195,0.015,0.3397,0.453,0.1676,0.9109,0.0962,0.7598,0.009
57,back number,瞬き,Japan,7hIfpcdUZcyCKHYy8gp49E,love,0.943,False,0.943,0.9201,0.2195,0.0075,0.0085,0.0027,0.3242,0.1731,0.739,0.0035
58,Remioromen,Sangatsu Kokonoka,Japan,4g066xFUp3cTUuTfOCPytT,longing,0.6486,False,0.3962,0.6486,0.0775,0.4941,0.55,0.3883,0.2665,0.6376,0.6386,0.5615
59,Sukima Switch,奏(かなで),Japan,5RbMlPFL4gVyEHW2lEOuzG,anger,0.8004,False,0.5181,0.7278,0.1035,0.6538,0.7752,0.3808,0.1747,0.6292,0.7886,0.8004
60,back number,幸せ,Japan,1YVuXOCjN1GkGYqZ8RCcF3,love,0.9812,False,0.9812,0.9351,0.6957,0.1581,0.0601,0.0199,0.1955,0.7518,0.7517,0.0472
61,Superfly,愛をこめて花束を,Japan,7CmWXD3w1xOO53AAO4LRVQ,love,0.9512,False,0.9512,0.8711,0.4298,0.0219,0.0136,0.0012,0.5924,0.105,0.8296,0.0012
62,IVE,BANG BANG,Japan,7pBE8YpFoZ9ankC2Ci5z9X,anger,0.9704,False,0.449,0.7769,0.1298,0.1221,0.0938,0.0775,0.2921,0.2981,0.9029,0.9704
63,back number,オールドファッション,Japan,0Xn30nT5EKFPsWvpiJ2Iav,longing,0.6273,False,0.4061,0.6273,0.0013,0.0917,0.0543,0.0113,0.0067,0.2854,0.3236,0.0009
64,Aimyon,Marigold,Japan,2cKiHG16JBiqHdi7Llq0r7,longing,0.9876,False,0.9863,0.9876,0.2092,0.0528,0.0457,0.0022,0.0076,0.3619,0.9273,0.0009
66,Hearts2Hearts,RUDE!,Japan,0WA27lZzPKFJKAbiDRmQDc,sensual,0.6911,False,0.0665,0.4169,0.256,0.0127,0.0113,0.0171,0.1427,0.4207,0.6911,0.4446
67,Aimyon,愛を伝えたいだとか,Japan,0N8Xztr4pBHJ7V0moJWhbO,anger,0.8079,False,0.2878,0.6657,0.0691,0.5772,0.5543,0.4151,0.407,0.5959,0.8057,0.8079
68,=LOVE,とくべチュ、して,Japan,2XS2jEncSJsetNZdVtlpeo,love,0.9951,False,0.9951,0.9852,0.6683,0.1264,0.0491,0.0126,0.8102,0.1729,0.9878,0.0155
69,M!LK,E Jan,Japan,0jj4mLjwYcos3PPzjQwVzh,love,0.8586,False,0.8586,0.444,0.415,0.1343,0.1197,0.0098,0.3986,0.153,0.6519,0.0057
70,BellyJay,MONTAGEM HIKARI,Japan,0XqgE9UN4MCo5ooIwUYm7l,sensual,0.8759,False,0.5659,0.7695,0.0804,0.4379,0.4754,0.2066,0.3603,0.5445,0.8759,0.4794
71,KANA-BOON,シルエット,Japan,1di1C0QI6Y92yZPYn6XYAZ,longing,0.9443,False,0.6703,0.9443,0.0211,0.2109,0.1813,0.0658,0.6544,0.5263,0.3215,0.0503
72,Aimyon,君はロックを聴かない,Japan,59eluCMn0XbOWqeWQ91FTM,sensual,0.6089,False,0.1772,0.4634,0.0469,0.2895,0.2069,0.2162,0.0893,0.435,0.6089,0.3141
73,Mrs. GREEN APPLE,インフェルノ,Japan,2vOAHp8PBBFYqvQUWSoITY,sensual,0.3384,False,0.0511,0.1356,0.0121,0.1779,0.0638,0.0049,0.0319,0.0703,0.3384,0.0042
75,Snow Man,オドロウゼ！,Japan,0MV9cdI2SS1s0tIkl9fTR8,longing,0.9938,False,0.6796,0.9938,0.9467,0.0014,0.0016,0.0027,0.988,0.0162,0.9823,0.0267
76,Fujii Kaze,Kirari,Japan,3L7ISJTvKx56uhsF28aJ4p,lonely,0.9802,False,0.9776,0.8986,0.2278,0.805,0.6783,0.0943,0.7042,0.9802,0.8803,0.0349
78,SPITZ,楓,Japan,0b7IBgZjedM53ufZV4f4CL,longing,0.9763,False,0.9084,0.9763,0.288,0.6379,0.6101,0.0296,0.6969,0.861,0.7366,0.012
79,SPITZ,チェリー,Japan,1ihCiJaXRl4f6Sy4LJov5z,longing,0.9673,False,0.8622,0.9673,0.1088,0.8048,0.6904,0.0213,0.149,0.4938,0.2958,0.0376
80,XG,HYPNOTIZE,Japan,3fEX9NgOeklq816Fw00uoo,sensual,0.9275,False,0.553,0.7531,0.1099,0.0253,0.0214,0.1137,0.1723,0.2442,0.9275,0.0688
81,OFFICIAL HIGE DANDISM,Pretender,Japan,15HNdxGKNCIO9pgaY4n7FU,lonely,0.7996,False,0.1888,0.4104,0.0044,0.7774,0.7364,0.0511,0.0051,0.7996,0.2979,0.0047
82,Mrs. GREEN APPLE,ダンスホール,Japan,4QIKSlDV5YIjr0kqT1Ad32,love,0.9649,False,0.9649,0.7999,0.1791,0.5117,0.1363,0.0104,0.5905,0.0922,0.5681,0.7292
83,Yorushika,晴る,Japan,6kFIakexzgsZwsfWDmb36o,heartbreak,0.9608,False,0.3742,0.8988,0.0166,0.9608,0.7675,0.5831,0.0819,0.9191,0.8869,0.2315
84,Kenshi Yonezu,アイネクライネ,Japan,45YBVp6zMwQZRbUDcPzmMB,longing,0.91,False,0.1072,0.91,0.0275,0.8318,0.8274,0.2329,0.0277,0.5096,0.0879,0.1547
85,Yuuri,ドライフラワー,Japan,4kPlQKwtPrnqLgrmmKFSlA,heartbreak,0.6545,False,0.056,0.3068,0.0008,0.6545,0.4877,0.3386,0.0031,0.5813,0.3195,0.0502
86,back number,怪盗,Japan,014Dp0tBp4d9uuFAvH1mlc,love,0.9252,False,0.9252,0.856,0.7371,0.0611,0.0232,0.0025,0.6974,0.1049,0.8886,0.0289
87,Mrs. GREEN APPLE,春愁,Japan,5SHguvOUbyPTINNjCvRo8K,sensual,0.4659,False,0.4043,0.1067,0.0908,0.0254,0.021,0.0085,0.0697,0.1964,0.4659,0.0176
88,Macaroni Empitsu,なんでもないよ、,Japan,5W7Y92LB4jWvu9NeEQ0GZl,longing,0.7751,False,0.0011,0.7751,0.0005,0.0312,0.0497,0.2184,0.0915,0.7365,0.1919,0.0966
89,Omoinotake,幾億光年,Japan,5Ak1F5nGzM4KRhE0H1Q3CP,love,0.9099,False,0.9099,0.8685,0.3054,0.2981,0.3197,0.0979,0.4385,0.3624,0.8055,0.6753
90,King Gnu,白日,Japan,172fMG26G2OoEzzg0wn26r,anger,0.4949,False,0.0063,0.2252,0.0053,0.0494,0.1209,0.3667,0.12,0.3038,0.2546,0.4949
91,Mr.Children,HANABI,Japan,77lmDcPPyY6kK907gdgC6i,lonely,0.9618,False,0.047,0.9302,0.0008,0.9369,0.9016,0.7577,0.0686,0.9618,0.0535,0.0445
92,RADWIMPS,Seikai,Japan,6vg9UGXRVL4YKNVqVMmOKF,lonely,0.8301,False,0.5742,0.8089,0.3236,0.5049,0.5095,0.2909,0.2757,0.8301,0.3957,0.0541
93,RADWIMPS,me me she,Japan,0BYa5V0RyOYthDeCMUBJQZ,love,0.9243,False,0.9243,0.8924,0.0486,0.5233,0.2313,0.0512,0.1107,0.7725,0.5087,0.0249
94,CHANMINA,B-list,Japan,0mBPNrXQjNv3NfzqrljAZZ,lonely,0.8283,False,0.2434,0.6182,0.0057,0.6914,0.2288,0.4825,0.1098,0.8283,0.7101,0.4216
95,"Disney, Shakira",Zoo,Japan,3vJIaiTIHxHhYafTSPNiH4,love,0.91,False,0.91,0.4289,0.9005,0.0022,0.0029,0.0028,0.548,0.0385,0.8979,0.0841
96,King Gnu,SPECIALZ,Japan,5oQpH1uuZte4axR411rIlN,longing,0.916,False,0.9005,0.916,0.0501,0.1026,0.0151,0.0215,0.0528,0.1123,0.8911,0.044
97,BLACKPINK,GO,Japan,3FZPp9lBUvhsxFxKJi3VkB,heartbreak,0.9808,False,0.9629,0.9229,0.0221,0.9808,0.8478,0.6763,0.407,0.7968,0.8399,0.2018
98,GReeeeN,キセキ,Japan,7ztdl6cnbJgHRdMkKldkts,love,0.9714,False,0.9714,0.8645,0.7878,0.0006,0.0006,0.0003,0.8464,0.0083,0.662,0.0004
99,Vaundy,Tokimeki,Japan,3e0Td8QexmD5l3DJzXbbcC,sensual,0.1626,True,0.0008,0.003,0.0003,0.0175,0.0058,0.0004,0.0016,0.0014,0.1626,0.0001
100,sakanaction,新宝島,Japan,4a48lWUd64bZgHUDx0GZlj,sensual,0.6284,False,0.2183,0.3766,0.0732,0.1029,0.1044,0.0658,0.1369,0.1871,0.6284,0.1947
101,SPITZ,ロビンソン,Japan,0sVnyL71jTOuMt9TZ59bws,longing,0.9117,False,0.8261,0.9117,0.3304,0.1333,0.0661,0.0116,0.7379,0.2524,0.8745,0.0311
102,Kenshi Yonezu,さよーならまたいつか！- Sayonara,Japan,5pN2AyWwjzwRoI7gukEVNd,sensual,0.9116,False,0.561,0.8314,0.1397,0.7119,0.7088,0.6122,0.48,0.8064,0.9116,0.8707
103,Novelbright,ツキミソウ,Japan,6sElEqOIGENWjpxGFeo5ct,heartbreak,0.9934,False,0.6179,0.9582,0.0002,0.9934,0.9884,0.9047,0.001,0.9838,0.1094,0.1019
104,back number,クリスマスソング,Japan,5P8ZvBQoCrujjNcLAxO3Su,longing,0.9967,False,0.9553,0.9967,0.0018,0.8811,0.6137,0.0434,0.0651,0.9458,0.8242,0.0073
105,Vaundy,Fukakoryoku,Japan,6AncLCxf4U7ivJEaqih9zA,sensual,0.9721,False,0.9686,0.7473,0.3899,0.1982,0.0706,0.0597,0.1991,0.7678,0.9721,0.1723
106,Fujii Kaze,Tabiji,Japan,7uSLJCDetmdm3tQcoYLyty,longing,0.8807,False,0.6403,0.8807,0.0201,0.1415,0.043,0.01,0.2617,0.3452,0.1667,0.0069
107,Kenshi Yonezu,Lemon,Japan,04TshWXkhV1qkqHzf31Hn6,heartbreak,0.9688,False,0.5482,0.9522,0.0004,0.9688,0.9495,0.7976,0.0018,0.9213,0.0375,0.0415
108,natori,プロポーズ,Japan,2BcQfb9SfauDQdeXHTfLsT,love,0.8985,False,0.8985,0.7338,0.0021,0.8173,0.5966,0.4599,0.0187,0.7851,0.1854,0.0315
109,Aimyon,Naked Heart,Japan,4Jv7U0JJpbQnOrjtDwDZTZ,longing,0.9978,False,0.9686,0.9978,0.0009,0.9579,0.8234,0.7305,0.0989,0.9945,0.7002,0.1306
111,Lilas,パズル,Japan,2vdoeTuRLpYeyo3JZC9yzR,love,0.9921,False,0.9921,0.9716,0.0746,0.0024,0.004,0.0009,0.4516,0.0232,0.8719,0.0006
112,Jimin,Be Mine,Japan,3LWVXp636uLT356Rj08Jaz,love,0.9943,False,0.9943,0.9717,0.7425,0.0042,0.0066,0.0012,0.5505,0.0133,0.9843,0.0007
113,Yorushika,春泥棒,Japan,1rr2DJOxV0sHXeUXCAz1yf,sensual,0.8686,False,0.6869,0.8013,0.2096,0.6535,0.7295,0.509,0.3434,0.7765,0.8686,0.7922
114,Yorushika,ただ君に晴れ,Japan,3wJHCry960drNlAUGrJLmz,longing,0.8637,False,0.6324,0.8637,0.5017,0.2318,0.4935,0.1458,0.6209,0.3618,0.76,0.5813
115,Ed Sheeran,Shape of You,Japan,7qiZfU4dY1lWllzX7mPBI3,sensual,0.9866,False,0.9855,0.9851,0.0463,0.0016,0.0013,0.0005,0.2051,0.0172,0.9866,0.0016
116,Fujii Kaze,Garden,Japan,5U4PgFWzfzY7VEg9Ck4ziF,longing,0.9706,False,0.8064,0.9706,0.6022,0.3173,0.2577,0.0756,0.4859,0.5648,0.9159,0.2241
117,Hikaru Utada,First Love,Japan,39HrUxcvKF3jtLz7fUDWXc,longing,0.9846,False,0.9802,0.9846,0.0001,0.9818,0.9366,0.9082,0.0029,0.9842,0.1087,0.0131
118,tuki.,晩餐歌 - Bansanka,Japan,075HUD50Nuea3rNaABIsNZ,lonely,0.906,False,0.4649,0.505,0.0018,0.9031,0.596,0.186,0.018,0.906,0.1081,0.0412
119,OFFICIAL HIGE DANDISM,Subtitle,Japan,5ZkHkXPHrIM8K5twCe78i9,longing,0.945,False,0.4865,0.945,0.0062,0.8947,0.5846,0.5161,0.1531,0.6183,0.1653,0.0461
120,Mrs. GREEN APPLE,Magic,Japan,170XOP1T4MvY9TLTgPw07D,lonely,0.9578,False,0.047,0.861,0.0109,0.8965,0.5333,0.1746,0.0318,0.9578,0.8621,0.0419
121,PornoGraffitti,アゲハ蝶,Japan,3blWd9ZEt4VSY5udhugpRs,longing,0.9508,False,0.774,0.9508,0.0577,0.1034,0.0559,0.0024,0.2715,0.6525,0.7399,0.0023
122,OFFICIAL HIGE DANDISM,Rashisa,Japan,2TRxremVZ0t2JVu5OFxbiA,love,0.2888,True,0.2888,0.1125,0.0143,0.0346,0.0432,0.0264,0.0132,0.2014,0.1598,0.0979
123,OFFICIAL HIGE DANDISM,I Love...,Japan,5wWLNNwMAehpj83FU4Lz0m,love,0.973,False,0.973,0.5555,0.0781,0.3858,0.0361,0.0119,0.0299,0.3896,0.6059,0.0033
124,SG,"Us, again",Japan,6II2hXGYMd9cTZWshcPUf8,longing,0.9515,False,0.6961,0.9515,0.7785,0.0195,0.0052,0.0006,0.2243,0.1776,0.7118,0.0058
125,OFFICIAL HIGE DANDISM,115 million kilometer film,Japan,278JqkBGkjDovOYAwE8TW7,longing,0.9569,False,0.4924,0.9569,0.0333,0.4685,0.3349,0.0086,0.533,0.1238,0.7981,0.0073
126,Aimyon,Harunohi,Japan,1oNeSCt0CMekCyyLo06kFs,joy,0.9793,False,0.9552,0.9747,0.9793,0.0318,0.0275,0.0045,0.9772,0.0636,0.8682,0.0062
127,Yorushika,茜,Japan,2TSJ1d6cLgHqrrCIRN3bn2,joy,0.6313,False,0.1122,0.1462,0.6313,0.0088,0.0068,0.0004,0.0018,0.0433,0.3741,0.0001
128,Novelbright,愛とか恋とか,Japan,1VHL1PIkhDwWbFc65xHwOr,love,0.997,False,0.997,0.988,0.0081,0.0287,0.0548,0.0671,0.033,0.039,0.939,0.0015
129,BLACKPINK,JUMP,Japan,5H1sKFMzDeMtXwND3V6hRY,longing,0.992,False,0.753,0.992,0.4813,0.6676,0.1727,0.0152,0.5646,0.0278,0.9873,0.071
130,Yuuri,ベテルギウス,Japan,4JK1kDUdH9RTBQrrSO1QfR,longing,0.8576,False,0.8027,0.8576,0.3051,0.031,0.0762,0.0035,0.8042,0.26,0.7434,0.0018
131,OFFICIAL HIGE DANDISM,Make Me Wonder,Japan,1sgW7loPL1qtWOPimvm7X5,longing,0.9049,False,0.5396,0.9049,0.2314,0.0696,0.0466,0.0038,0.0262,0.1529,0.4019,0.0346
132,HANA,Tiger – HANA with HONEYs Ver.,Japan,3TJSJtYzjxRaDi0ULwwyTt,anger,0.918,False,0.0066,0.129,0.1245,0.0225,0.0191,0.0013,0.3666,0.03,0.7748,0.918
133,Vaundy,踊り子,Japan,1YXot2MLAG9sttepCtBRM7,love,0.9969,False,0.9969,0.8995,0.2593,0.01,0.0119,0.0029,0.5971,0.0218,0.7572,0.0089
134,SUDA MASAKI,さよならエレジー,Japan,3oYD2O31b05fILFpv0AXRI,lonely,0.9986,False,0.7571,0.8749,0.0336,0.9576,0.9354,0.711,0.9784,0.9986,0.3808,0.0084
135,Kenshi Yonezu,KICK BACK,Japan,7oYCBKvdjrqp5vDbhDBuac,joy,0.9735,False,0.942,0.9018,0.9735,0.015,0.0109,0.0053,0.5657,0.1183,0.9412,0.0058
136,CANDY TUNE,BAIBAI FIGHT!,Japan,4oiJ7VynczppKs3oRObXSG,love,0.4164,False,0.4164,0.2445,0.2094,0.058,0.0375,0.005,0.3854,0.0526,0.1186,0.0062
137,Kenshi Yonezu,感電,Japan,6H0PLsSYMzDOqhLgyOlzIj,anger,0.8652,False,0.4675,0.7706,0.133,0.5733,0.709,0.569,0.4267,0.7094,0.8251,0.8652
138,Macaroni Empitsu,ブルーベリー・ナイツ,Japan,2UdvMWk0Z83lMJPbawy2Sm,longing,0.9757,False,0.9326,0.9757,0.0013,0.8736,0.6192,0.5096,0.0558,0.9619,0.952,0.0851
139,KiiiKiii,404 (New Era),Japan,24rDDbSlFY9OHrlJb48CRh,sensual,0.9759,False,0.191,0.8629,0.587,0.1121,0.0416,0.0211,0.5209,0.7821,0.9759,0.1461
140,HIRAIDAI,"Stand by me, Stand by you.",Japan,7DyS11kB1YNrfDzQqtjmTh,love,0.9742,False,0.9742,0.5747,0.8492,0.0154,0.0172,0.0066,0.7801,0.0829,0.8907,0.0375
142,Vaundy,花占い,Japan,4ETc1oFREuqQss7VQ1Y4mj,love,0.9654,False,0.9654,0.9074,0.318,0.2758,0.1594,0.0429,0.5216,0.2601,0.711,0.0291
143,IVE,BLACKHOLE,Japan,2ytQFMxdreEFPPZTtyDdqM,hope,0.9502,False,0.9386,0.8587,0.6445,0.0061,0.0032,0.0006,0.9502,0.0251,0.8455,0.0488
144,Fujii Kaze,Michi Teyu Ku (Overflowing),Japan,5glPFBAuA1C85tBcVWVzvO,love,0.9658,False,0.9658,0.9327,0.6051,0.7231,0.4118,0.146,0.817,0.285,0.8589,0.0076
145,Mrs. GREEN APPLE,ロマンチシズム,Japan,0JcI7OdALbpSFkyKoufRYs,love,0.9264,False,0.9264,0.6841,0.0681,0.8391,0.1375,0.0258,0.091,0.3382,0.4724,0.0075
146,Saucy Dog,Itsuka,Japan,5gjAdhfzftzFR7sriEYUCt,longing,0.9833,False,0.8282,0.9833,0.0432,0.8691,0.6973,0.165,0.4953,0.9604,0.8724,0.0107
147,GReeeeN,愛唄,Japan,7iXHLtPosbHvglVSJ4rxLq,love,0.9981,False,0.9981,0.8774,0.202,0.0671,0.109,0.0141,0.3002,0.3172,0.701,0.005
148,CHANMINA,花火,Japan,4rtJHOlUnGem3BQCVWfrjD,longing,0.925,False,0.8349,0.925,0.0822,0.6586,0.3673,0.7006,0.1664,0.8616,0.7676,0.3299
149,"CHANMINA, No No Girls FINALISTS",SAD SONG - From THE FIRST TAKE,Japan,3ySFBoxNHK3YgU1D9AyMl3,love,0.9862,False,0.9862,0.8546,0.0075,0.9067,0.9075,0.8323,0.0228,0.8045,0.5167,0.0985
151,Fujii Kaze,Hana,Japan,5RIQU2JDuXC4NkLiHNNMon,lonely,0.9518,False,0.1772,0.7011,0.0097,0.906,0.8339,0.9375,0.0699,0.9518,0.4086,0.0204
152,Tani Yuuki,W / X / Y,Japan,4IfrM44LofE9bSs6TDZS49,lonely,0.9675,False,0.4629,0.874,0.0035,0.5344,0.5136,0.4759,0.1548,0.9675,0.407,0.0053
153,Vaundy,napori,Japan,7hDX39mc6Uf6zp8RXYUQ6d,sensual,0.9718,False,0.9442,0.9595,0.7926,0.0008,0.0004,0.0002,0.7209,0.0119,0.9718,0.0001
154,GReeeeN,遥か,Japan,4wBFubvNAwVox8q4SYXHqU,lonely,0.8935,False,0.876,0.722,0.366,0.1166,0.3109,0.0011,0.5242,0.8935,0.6218,0.0007
155,Saucy Dog,Cinderella Boy,Japan,4ZIr1NSxVihtHcD6EnG65f,anger,0.9856,False,0.0559,0.7406,0.0007,0.9759,0.9224,0.7729,0.0028,0.7441,0.0997,0.9856
156,back number,アイラブユー,Japan,34ayWAUrQcrjlKZOJAzqke,longing,0.9878,False,0.5757,0.9878,0.3337,0.0345,0.0234,0.0049,0.8116,0.3964,0.823,0.001
157,back number,日曜日,Japan,1LDxe7AgJ7DRYdV012EmyR,longing,0.9635,False,0.3584,0.9635,0.3564,0.0289,0.0631,0.0093,0.6892,0.8476,0.4625,0.0105
159,Aimyon,Let the Night,Japan,6kKvmT4i0Dercz6f3kftg3,longing,0.9113,False,0.028,0.9113,0.0026,0.7043,0.4131,0.7731,0.0208,0.8882,0.6753,0.1015
160,Hikaru Utada,花束を君に,Japan,31yv1hR9gw1WSEmtqsaZbD,heartbreak,0.9127,False,0.6682,0.8691,0.0013,0.9127,0.806,0.0415,0.0205,0.0421,0.1937,0.0034
162,Koji Tamaki,ファンファーレ,Japan,29nEadzf4CqeLYzcf44zub,heartbreak,0.9886,False,0.4644,0.5724,0.0002,0.9886,0.9526,0.4138,0.0012,0.2451,0.0343,0.0006
163,ARASHI,Love So Sweet,Japan,5I6JLJqnZICLvPebTj2YCm,love,0.9955,False,0.9955,0.8956,0.3229,0.5982,0.2756,0.0144,0.9736,0.4643,0.902,0.0019
164,MONGOL800,小さな恋のうた,Japan,23atyJacJVHvB9RHBNhr35,love,0.9902,False,0.9902,0.7192,0.9333,0.0035,0.002,0.0002,0.1496,0.0306,0.7581,0.0001
165,Kenshi Yonezu,1991,Japan,3voShTcaRtbYVSPGuCLAzw,longing,0.9898,False,0.974,0.9898,0.0016,0.9738,0.9357,0.509,0.0187,0.9859,0.1891,0.0054
166,back number,新しい恋人達に,Japan,5LclntckGFFGFUVGJk9Z4x,longing,0.9585,False,0.1008,0.9585,0.0048,0.9403,0.8302,0.7426,0.7818,0.9481,0.0732,0.1004
167,Snow Man,STARS,Japan,7oS96qmtYu3AdEX29HNAKf,longing,0.9621,False,0.7717,0.9621,0.3929,0.0989,0.0756,0.0078,0.9327,0.2438,0.8588,0.0253
168,Number_i,未確認領域,Japan,7ibCDEx4MOX9zG8IS7gGDE,sensual,0.9613,False,0.9121,0.8748,0.4948,0.3433,0.0099,0.0041,0.7418,0.3711,0.9613,0.8613
169,SPITZ,空も飛べるはず,Japan,3P2aSkjcbUYbcYr13EFE8n,longing,0.9938,False,0.848,0.9938,0.7742,0.0744,0.0239,0.0019,0.9366,0.1455,0.5498,0.0023
170,"Jung Kook, Latto",Seven (feat. Latto) (Explicit Ver.),Japan,2HRgqmZQC0MC7GeNuDIXHN,sensual,0.718,False,0.603,0.6753,0.1263,0.2089,0.0885,0.0798,0.3859,0.1256,0.718,0.0652
171,Kenshi Yonezu,春雷,Japan,6megNXGjmim4OitjZnIn9v,sensual,0.8335,False,0.4946,0.6684,0.1219,0.6518,0.6549,0.3776,0.2183,0.5882,0.8335,0.6438
172,Vaundy,呼び声,Japan,3kQf453SpkwX7ALdgzNSNY,longing,0.9754,False,0.0656,0.9754,0.0065,0.5228,0.4578,0.0007,0.7177,0.7208,0.3217,0.0258
173,Vaundy,Tokyo Flash,Japan,04e72JtsOIIlHUQ7CvWwvX,sensual,0.8587,False,0.8578,0.8152,0.1374,0.1689,0.1569,0.1421,0.1016,0.5784,0.8587,0.0553
174,Kenshi Yonezu,BOW AND ARROW,Japan,0NHu2Lo9MWkvhOggEy1bYg,sensual,0.7418,False,0.3526,0.4184,0.1123,0.0676,0.0214,0.0113,0.2166,0.0653,0.7418,0.0623
175,CHANMINA,Angel,Japan,3vXHM9HaxNYrky9r1zxLWa,longing,0.9747,False,0.9661,0.9747,0.171,0.4476,0.3773,0.3839,0.8759,0.8209,0.9645,0.8267
178,[Alexandros],ワタリドリ,Japan,0ve9Tpz8Yw0I4eXhWsy21o,longing,0.9216,False,0.1785,0.9216,0.0152,0.3198,0.5339,0.0249,0.1767,0.2953,0.2447,0.1029
179,noa,1000 days of moments,Japan,3HGHvxci8vnRg7RZ5E6lzi,longing,0.8207,False,0.0256,0.8207,0.0232,0.0706,0.059,0.0915,0.1155,0.5173,0.3473,0.0402
180,クレイジーウォウウォ！！,Tontsukatantan,Japan,2bonDeesq7NsHnfeMNDhZv,love,0.9169,False,0.9169,0.4463,0.7732,0.4551,0.2581,0.2446,0.7095,0.4416,0.6143,0.0912
181,SixTONES,一秒,Japan,1jzBL9oiCg4qaZbazOxBQ8,longing,0.6118,False,0.0315,0.6118,0.0041,0.1356,0.118,0.0166,0.1828,0.0274,0.095,0.0319
182,ORANGE RANGE,イケナイ太陽,Japan,7emibp3qHeqNNYqZ2Y09xb,sensual,0.9933,False,0.6209,0.9477,0.0391,0.8684,0.0548,0.04,0.1328,0.2801,0.9933,0.0672
183,Mrs. GREEN APPLE,breakfast,Japan,2Co1E8jcju2tCgPZIqxkTr,lonely,0.6968,False,0.0134,0.1015,0.0012,0.3865,0.1587,0.375,0.0158,0.6968,0.0944,0.0263
184,"ROSÉ, Bruno Mars",APT.,Japan,4wJ5Qq0jBN4ajy7ouZIV1c,longing,0.9953,False,0.9734,0.9953,0.4859,0.0678,0.0291,0.016,0.7183,0.7122,0.9906,0.1386
186,ONE OK ROCK,Wherever you are,Japan,1TZjEATJpF5LaVL7oJHDMn,longing,0.9757,False,0.96,0.9757,0.7663,0.0064,0.0274,0.0045,0.7826,0.377,0.9486,0.0117
187,Yorushika,だから僕は音楽を辞めた,Japan,5j7ixaLeGTGSv4DzKs0pCM,anger,0.6993,False,0.3207,0.6429,0.1104,0.4417,0.3567,0.2528,0.3598,0.6536,0.6518,0.6993
188,BE:FIRST,街灯,Japan,5M1nuhRqpXnrkAIltucV7I,love,0.9902,False,0.9902,0.9793,0.6027,0.4309,0.1525,0.0386,0.8612,0.211,0.8892,0.0273
189,back number,僕は君の事が好きだけど君は僕を別に好きじゃないみたい,Japan,1WutVejYvP7220sofj3xId,love,0.9705,False,0.9705,0.9582,0.004,0.8445,0.742,0.9662,0.0268,0.8697,0.598,0.0409
191,SPITZ,美しい鰭,Japan,1H3qOzheTPhE7aVvJOWfvA,longing,0.6632,False,0.1336,0.6632,0.0087,0.2185,0.146,0.0048,0.1778,0.2054,0.1302,0.0031
192,Da-iCE,I wonder,Japan,0voOaunLYYqPHrsgXbFVlW,longing,0.9509,False,0.148,0.9509,0.0015,0.7468,0.6006,0.029,0.5407,0.785,0.6464,0.0025
193,Yuuri,世界が終わりました,Japan,5XyD56RYaj2XGxfyc34jQD,lonely,0.6868,False,0.0336,0.2546,0.007,0.3179,0.1038,0.0645,0.0011,0.6868,0.1083,0.0128
194,King Gnu,逆夢,Japan,6ZiEWet0uFRwWBCEKCQ8rY,longing,0.9368,False,0.9156,0.9368,0.0012,0.8875,0.649,0.2793,0.2681,0.637,0.3033,0.0186
195,AI,Story,Japan,0V2axJ946WH1vt9t5SGMLV,longing,0.8859,False,0.5789,0.8859,0.0208,0.672,0.4482,0.0054,0.4284,0.706,0.632,0.002
196,HY,366日,Japan,22aZD7yaGYfhgCYazL4nbc,love,0.9414,False,0.9414,0.9367,0.0011,0.8969,0.6612,0.22,0.03,0.7931,0.1918,0.0048
197,Shota Shimizu,PUZZLE,Japan,5NTtQCnREVVfZuBjVMF4dm,hope,0.9759,False,0.4534,0.894,0.3992,0.4459,0.3044,0.1264,0.9759,0.4905,0.8878,0.017
198,King Gnu,一途,Japan,7ncPjJBktLEOpstY5JOUMK,love,0.9945,False,0.9945,0.9927,0.278,0.8864,0.7669,0.067,0.8351,0.6298,0.9253,0.0995
199,King Gnu,カメレオン,Japan,0J0P8iSE6l3pYHbUdNFYdS,lonely,0.7934,False,0.0024,0.5259,0.0004,0.6838,0.5124,0.3611,0.0015,0.7934,0.071,0.0023
200,Yuuri,ビリミリオン,Japan,7M0dIdZWN1FDcveRdoOzbZ,longing,0.7996,False,0.6974,0.7996,0.0512,0.0166,0.0139,0.0031,0.7068,0.1471,0.2703,0.0132
1,Jin,Don’t Say You Love Me,Singapore,27xkOIER6uDLKALIelHylZ,heartbreak,0.9816,False,0.0036,0.7414,0.0002,0.9816,0.9341,0.9381,0.0021,0.8527,0.0424,0.6914
2,Bruno Mars,Risk It All,Singapore,5y2ijHECwFYWqcAHKTZgzD,longing,0.9825,False,0.9784,0.9825,0.0863,0.0422,0.0149,0.0011,0.6027,0.0443,0.6641,0.0049
3,Jimin,Who,Singapore,7tI8dRuH2Yc6RuoTjxo4dU,longing,0.9914,False,0.9384,0.9914,0.0168,0.9358,0.7776,0.6323,0.4891,0.9746,0.5719,0.4749
4,"PinkPantheress, Zara Larsson",Stateside + Zara Larsson,Singapore,1DwscornXpj8fmOmYVlqZt,longing,0.9689,False,0.4887,0.9689,0.0235,0.7436,0.4844,0.5873,0.595,0.9452,0.8013,0.6159
5,BLACKPINK,GO,Singapore,3FZPp9lBUvhsxFxKJi3VkB,heartbreak,0.9808,False,0.9629,0.9229,0.0221,0.9808,0.8478,0.6763,0.407,0.7968,0.8399,0.2018
6,Olivia Dean,So Easy (To Fall In Love),Singapore,6sGIMrtIzQjdzNndVxe397,love,0.9898,False,0.9898,0.9051,0.338,0.0055,0.0048,0.0008,0.6412,0.0288,0.9288,0.001
7,Taylor Swift,The Fate of Ophelia,Singapore,53iuhJlwXhSER5J2IYYv1W,heartbreak,0.9609,False,0.703,0.9017,0.2118,0.9609,0.8911,0.5636,0.6806,0.9553,0.7835,0.4429
8,"Jung Kook, Latto",Seven (feat. Latto) (Explicit Ver.),Singapore,2HRgqmZQC0MC7GeNuDIXHN,sensual,0.718,False,0.603,0.6753,0.1263,0.2089,0.0885,0.0798,0.3859,0.1256,0.718,0.0652
9,BLACKPINK,Champion,Singapore,43BJVWcBzHRIDaQCg7abnX,hope,0.3664,False,0.1531,0.064,0.0482,0.0035,0.0019,0.0021,0.3664,0.008,0.1754,0.0257
10,sombr,back to friends,Singapore,7qjZnBKE73H4Oxkopwulqe,longing,0.9915,False,0.79,0.9915,0.004,0.9494,0.8967,0.6063,0.0347,0.619,0.9897,0.0739
11,Jin,Running Wild,Singapore,50zAEIE4B1QqhPjRMK2Xmh,love,0.9846,False,0.9846,0.9833,0.551,0.163,0.1632,0.0069,0.9148,0.1874,0.8682,0.0217
12,BLACKPINK,JUMP,Singapore,5H1sKFMzDeMtXwND3V6hRY,longing,0.992,False,0.753,0.992,0.4813,0.6676,0.1727,0.0152,0.5646,0.0278,0.9873,0.071
13,Bruno Mars,I Just Might,Singapore,6f68Ac5tt5BQOpwr0BV9oN,sensual,0.9125,False,0.3682,0.77,0.0384,0.6287,0.1113,0.0964,0.335,0.0937,0.9125,0.1154
14,Djo,End of Beginning,Singapore,3qhlB30KknSejmIvZZLjOD,heartbreak,0.9534,False,0.0003,0.0948,0.0001,0.9534,0.9112,0.0862,0.0001,0.3736,0.0035,0.0002
15,"HUNTR/X, EJAE, AUDREY NUNA, REI AMI, KPop Demon Hunters Cast",Golden,Singapore,1CPZ5BxNNd0n0nF4Orb9JS,lonely,0.9883,False,0.2997,0.9653,0.4684,0.3909,0.1807,0.2134,0.9153,0.9883,0.7861,0.1011
16,LBI利比,Jumping Machine (跳楼机),Singapore,1XZE0InCx3SdCnLpVsPpZl,lonely,0.9983,False,0.0765,0.9692,0.0005,0.9922,0.9682,0.9202,0.0172,0.9983,0.1499,0.5477
17,Olivia Dean,Man I Need,Singapore,1qbmS6ep2hbBRaEZFpn7BX,longing,0.9816,False,0.5754,0.9816,0.07,0.0869,0.0571,0.0285,0.6517,0.9508,0.7998,0.1067
18,Taylor Swift,Opalite,Singapore,3yWuTOYDztXjZxdE2cIRUa,longing,0.9771,False,0.877,0.9771,0.3817,0.9059,0.6742,0.47,0.3451,0.7843,0.9201,0.0434
19,Daniel Caesar,Who Knows,Singapore,6DH13QYXK7lKkYHSU88N48,longing,0.7181,False,0.6023,0.7181,0.0024,0.5422,0.2404,0.0872,0.0166,0.3898,0.6168,0.0091
20,张远,看着我的眼睛说,Singapore,7d6eShN6yVeR4Y2Md9uCA4,sensual,0.7662,False,0.5377,0.747,0.2112,0.4568,0.4633,0.3549,0.4069,0.5689,0.7662,0.5422
21,SIENNA SPIRO,Die On This Hill,Singapore,2gYTC8DsplN3RNdpdBcCOQ,longing,0.9548,False,0.9237,0.9548,0.0408,0.695,0.6917,0.4437,0.1238,0.9392,0.3844,0.4656
22,Bad Bunny,DtMF,Singapore,3sK8wGT43QFpWrvNQsrQya,longing,0.9433,False,0.8873,0.9433,0.6486,0.448,0.2989,0.0133,0.2593,0.4422,0.7581,0.3516
23,"Dave, Tems",Raindance (feat. Tems),Singapore,3oTuTpF1F3A7rEC6RKsMRz,love,0.9781,False,0.9781,0.9665,0.6473,0.2576,0.1741,0.0111,0.6433,0.5104,0.9283,0.0263
24,Hearts2Hearts,RUDE!,Singapore,0WA27lZzPKFJKAbiDRmQDc,sensual,0.6911,False,0.0665,0.4169,0.256,0.0127,0.0113,0.0171,0.1427,0.4207,0.6911,0.4446
25,JENNIE,like JENNIE,Singapore,0fK7ie6XwGxQTIkpFoWkd1,longing,0.9969,False,0.3501,0.9969,0.5525,0.3011,0.5406,0.3384,0.3554,0.4389,0.9627,0.9037
26,"Lady Gaga, Bruno Mars",Die With A Smile,Singapore,7so0lgd0zP2Sbgs2d7a1SZ,longing,0.9904,False,0.9841,0.9904,0.066,0.8646,0.7249,0.1239,0.0252,0.377,0.7301,0.0101
27,RAYE,WHERE IS MY HUSBAND!,Singapore,55lijDD6OAjLFFUHU9tcDm,lonely,0.9819,False,0.5872,0.9785,0.1556,0.5963,0.4948,0.4988,0.6148,0.9819,0.9212,0.4029
28,BLACKPINK,Fxxxboy,Singapore,7m0duH1vdTNxM2g8BLfR0F,heartbreak,0.9905,False,0.5668,0.8833,0.0008,0.9905,0.9438,0.8952,0.0029,0.9718,0.8946,0.9634
29,BLACKPINK,Me and my,Singapore,5MXcM263QvCTWriH3nVusc,sensual,0.9795,False,0.4354,0.5217,0.4677,0.0072,0.0088,0.0018,0.1639,0.0552,0.9795,0.1603
30,Madison Beer,bittersweet,Singapore,6vDVu9IM9s8L8XMQ1c1Yti,heartbreak,0.9869,False,0.0505,0.7959,0.0039,0.9869,0.9748,0.9122,0.0018,0.9813,0.0256,0.7601
31,Zara Larsson,Lush Life,Singapore,1rIKgCH4H52lrvDcz50hS8,heartbreak,0.9011,False,0.886,0.4845,0.6816,0.9011,0.2097,0.0443,0.1205,0.6712,0.8963,0.0948
32,Billie Eilish,BIRDS OF A FEATHER,Singapore,6dOtVTDdiauQNBQEDOtlAB,love,0.985,False,0.985,0.961,0.0506,0.6862,0.769,0.1221,0.0691,0.6864,0.6364,0.0583
33,Ravyn Lenae,Love Me Not,Singapore,4WFgvKVfEhb3IUAFGrutTR,longing,0.9912,False,0.9559,0.9912,0.0064,0.9798,0.966,0.9483,0.3513,0.9654,0.7392,0.4147
34,"Tame Impala, JENNIE",Dracula - JENNIE Remix,Singapore,5yvVYFDUpbnjcnRBgjwTzM,longing,0.5856,False,0.4222,0.5856,0.0174,0.0781,0.0354,0.1645,0.4012,0.4993,0.5146,0.0996
35,sombr,Homewrecker,Singapore,7tICCrK3CcyRFKza7yrR0z,longing,0.9714,False,0.7886,0.9714,0.0014,0.9583,0.9291,0.6659,0.1037,0.7888,0.9223,0.1476
36,"ROSÉ, Bruno Mars",APT.,Singapore,4wJ5Qq0jBN4ajy7ouZIV1c,longing,0.9953,False,0.9734,0.9953,0.4859,0.0678,0.0291,0.016,0.7183,0.7122,0.9906,0.1386
37,The Script,The Man Who Can't Be Moved,Singapore,3nqqDo8CcCLke3ZoTgiOKf,longing,0.9796,False,0.6405,0.9796,0.0003,0.7555,0.7724,0.4967,0.3448,0.7339,0.1619,0.0343
38,Alex Warren,Ordinary,Singapore,2RkZ5LkEzeHGRsmDqKwmaJ,love,0.9886,False,0.9886,0.961,0.8986,0.1995,0.2608,0.5239,0.5067,0.0844,0.9389,0.0391
39,IVE,BANG BANG,Singapore,7pBE8YpFoZ9ankC2Ci5z9X,anger,0.9704,False,0.449,0.7769,0.1298,0.1221,0.0938,0.0775,0.2921,0.2981,0.9029,0.9704
40,KATSEYE,Gabriela,Singapore,1xOqGUkyxGQRdCvGpvWKmL,sensual,0.9889,False,0.972,0.9736,0.0031,0.9749,0.758,0.7469,0.0075,0.8681,0.9889,0.5854
41,HWASA,Good Goodbye,Singapore,3cLXrotzCjYCkN73PewALM,grief,0.9452,False,0.147,0.6857,0.0646,0.9175,0.9452,0.3822,0.0229,0.877,0.7435,0.3222
42,She & Him,I Thought I Saw Your Face Today,Singapore,0myRViRgmQ3J8izICXEAVO,longing,0.9665,False,0.9612,0.9665,0.1471,0.1106,0.2854,0.0003,0.034,0.2079,0.8158,0.0001
43,Dominic Fike,Babydoll,Singapore,7yNf9YjeO5JXUE3JEBgnYc,lonely,0.9929,False,0.3163,0.9926,0.0337,0.9586,0.942,0.9374,0.3374,0.9929,0.8154,0.7623
45,The 1975,About You,Singapore,3hEfpBHxgieRLz4t3kLNEg,longing,0.9852,False,0.9624,0.9852,0.0224,0.8989,0.757,0.1338,0.9303,0.8952,0.802,0.0132
47,Bruno Mars,Cha Cha Cha,Singapore,6QletrrmpkUpeJkipX9pgf,sensual,0.9941,False,0.5641,0.9461,0.1142,0.0122,0.0142,0.027,0.9397,0.0404,0.9941,0.4308
48,张远,嘉賓,Singapore,5jAmIkIpskwu2hRz2YaEHi,longing,0.7687,False,0.6875,0.7687,0.0134,0.488,0.4197,0.1832,0.0535,0.4905,0.3013,0.173
49,Gigi Perez,Sailor Song,Singapore,21IYMdzTrzSe191Cy5eMap,longing,0.9709,False,0.9388,0.9709,0.3193,0.0685,0.0442,0.0073,0.8063,0.0412,0.8865,0.0678
50,Billie Eilish,WILDFLOWER,Singapore,3QaPy1KgI7nu9FJEQUgn6h,heartbreak,0.9775,False,0.6572,0.9626,0.0326,0.9775,0.9281,0.5032,0.0054,0.8172,0.5075,0.1437
51,Tyla,CHANEL,Singapore,4VxTzYm00mg82MuoT35Ja7,longing,0.932,False,0.7514,0.932,0.0013,0.8189,0.3545,0.5063,0.0473,0.7923,0.703,0.818
52,Gracie Abrams,That’s So True,Singapore,7ne4VBA60CxGM75vw0EYad,sensual,0.8964,False,0.1765,0.8329,0.0236,0.8936,0.7353,0.5881,0.0179,0.8742,0.8964,0.7768
53,ILLIT,NOT CUTE ANYMORE,Singapore,1k0JAiH11gHL9dc5dfQjQr,lonely,0.6537,False,0.0043,0.1379,0.003,0.2973,0.0261,0.579,0.0023,0.6537,0.306,0.0017
54,The Goo Goo Dolls,Iris,Singapore,6Qyc6fS4DsZjB2mRW9DsQs,longing,0.9932,False,0.9126,0.9932,0.0027,0.7385,0.6136,0.0119,0.0062,0.2681,0.4796,0.0029
55,Jay Chou,擱淺,Singapore,0cOMncRq4cmDLO4tPQnkBF,despair,0.96,False,0.1191,0.9381,0.0091,0.7692,0.8889,0.96,0.1011,0.6973,0.595,0.8698
56,Bruno Mars,God Was Showing Off,Singapore,1sVBT215CDmVJvfy1E2OCU,sensual,0.9765,False,0.8161,0.9144,0.7523,0.0006,0.0014,0.0005,0.7598,0.0133,0.9765,0.0016
57,"ZXKAI, slxughter",NO BATIDÃO,Singapore,7vg9noSnFEyPfwLiaCW4vi,sensual,0.9818,False,0.931,0.9622,0.1017,0.3048,0.0006,0.0005,0.0487,0.0003,0.9818,0.0016
58,Coldplay,Yellow,Singapore,3AJwUDP919kvQ9QcozQPxg,love,0.9922,False,0.9922,0.9509,0.693,0.0508,0.073,0.0329,0.2594,0.0992,0.9268,0.0605
59,Bruno Mars,Dance With Me,Singapore,1myZ6GQewhAzMH2dKtKSWK,love,0.991,False,0.991,0.9868,0.6521,0.4165,0.1257,0.0201,0.9736,0.407,0.9727,0.0069
60,Bruno Mars,That's What I Like,Singapore,0KKkJNfGyhkQ5aFogxQAPU,sensual,0.988,False,0.9543,0.8761,0.7444,0.0058,0.0052,0.0025,0.6327,0.121,0.988,0.0665
61,Sabrina Carpenter,Manchild,Singapore,2BwO5K8Q7EPAJSGze3AAh9,anger,0.9562,False,0.1594,0.7419,0.014,0.7906,0.5948,0.8796,0.0499,0.7908,0.9041,0.9562
62,Kehlani,Folded,Singapore,0bxPRWprUVpQK0UFcddkrA,longing,0.9889,False,0.9288,0.9889,0.0301,0.9159,0.7743,0.2628,0.4007,0.9106,0.8029,0.8386
63,ROSÉ,toxic till the end,Singapore,1z5ebC9238uGoBgzYyvGpQ,heartbreak,0.9739,False,0.008,0.8989,0.0011,0.9739,0.9522,0.9139,0.0009,0.8339,0.223,0.9633
64,Twenty One Pilots,Drag Path,Singapore,0TlcczkVTGpinpkGJpT81L,lonely,0.9933,False,0.007,0.9884,0.0004,0.9888,0.9834,0.9886,0.0013,0.9933,0.8832,0.2315
65,Addison Rae,Fame is a Gun,Singapore,7B3BwNecBhKvNwSMOOl7Gk,love,0.985,False,0.985,0.9753,0.7802,0.9669,0.7227,0.1204,0.094,0.5471,0.9456,0.0972
66,Don Toliver,E85,Singapore,3B4cjvGlPvyBLNG3AzEgkZ,love,0.997,False,0.997,0.9467,0.9145,0.0469,0.1452,0.008,0.8844,0.0195,0.9719,0.0055
67,One Direction,Night Changes,Singapore,5O2P9iiztwhomNh8xkR9lJ,longing,0.9723,False,0.7742,0.9723,0.1169,0.7567,0.3704,0.1292,0.5209,0.7534,0.8533,0.3182
68,"V, Park Hyo Shin",Winter Ahead (with PARK HYO SHIN),Singapore,7G7mSV4BebkoHWwKTDvXu9,sensual,0.5213,False,0.2108,0.3943,0.0263,0.3523,0.2502,0.0629,0.0676,0.2764,0.5213,0.0166
69,"The Weeknd, JENNIE, Lily-Rose Depp","One Of The Girls (with JENNIE, Lily Rose Depp)",Singapore,7CyPwkp0oE8Ro9Dd5CUDjW,heartbreak,0.8162,False,0.0086,0.5103,0.0007,0.8162,0.6156,0.6464,0.0009,0.4617,0.1052,0.0947
70,Justin Bieber,DAISIES,Singapore,5BZsQlgw21vDOAjoqkNgKb,love,0.9901,False,0.9901,0.9864,0.0515,0.8892,0.5136,0.0881,0.5692,0.8132,0.9864,0.0278
71,Bruno Mars,Why You Wanna Fight?,Singapore,3Ac4AjYkqsvop2ydbSAhTX,longing,0.9931,False,0.9884,0.9931,0.072,0.9814,0.9436,0.6272,0.5132,0.9729,0.9567,0.6353
74,Ariana Grande,we can't be friends (wait for your love),Singapore,51ZQ1vr10ffzbwIjDCwqm4,lonely,0.9856,False,0.962,0.9808,0.0212,0.9279,0.7434,0.4193,0.5726,0.9856,0.7237,0.4092
75,IVE,BLACKHOLE,Singapore,2ytQFMxdreEFPPZTtyDdqM,hope,0.9502,False,0.9386,0.8587,0.6445,0.0061,0.0032,0.0006,0.9502,0.0251,0.8455,0.0488
78,Bruno Mars,Just the Way You Are,Singapore,7BqBn9nzAq8spo5e7cZ0dJ,sensual,0.981,False,0.8979,0.6904,0.2936,0.0963,0.2699,0.021,0.044,0.0254,0.981,0.0016
79,"Firdhaus, DIOR 大穎",在加納共和國離婚,Singapore,6GyUt7yJ0sOktc5HjvVnFh,longing,0.9123,False,0.8674,0.9123,0.6319,0.7036,0.7142,0.7248,0.8458,0.8818,0.8954,0.8797
80,陈村长,爱怎么了,Singapore,0c9gjnRGBRke9VmLaZWmhM,lonely,0.9725,False,0.4868,0.9084,0.001,0.9556,0.9234,0.6499,0.0035,0.9725,0.3541,0.0565
81,The Marías,No One Noticed,Singapore,3siwsiaEoU4Kuuc9WKMUy5,lonely,0.9976,False,0.257,0.9722,0.0202,0.9474,0.8055,0.9479,0.1151,0.9976,0.7354,0.2755
82,Jay Chou,晴天,Singapore,5pIcwtJYNJx93l420oR2Vm,longing,0.9847,False,0.9763,0.9847,0.0109,0.9584,0.9131,0.3977,0.1706,0.9719,0.7948,0.0214
83,Malcolm Todd,Sweet Boy,Singapore,59c2xv2kMzYM6HR9oY6BIa,lonely,0.9746,False,0.1167,0.9191,0.0017,0.6243,0.1948,0.2173,0.0306,0.9746,0.5249,0.0118
84,"Jung Kook, Jack Harlow",3D (feat. Jack Harlow),Singapore,01qFKNWq73UfEslI0GvumE,sensual,0.9676,False,0.9474,0.9318,0.1254,0.0424,0.011,0.0139,0.3732,0.6859,0.9676,0.0935
86,Taylor Swift,Cruel Summer,Singapore,1BxfuPKGuaTgP7aM0Bbdwr,longing,0.9941,False,0.4215,0.9941,0.0317,0.8235,0.5176,0.3514,0.0521,0.777,0.9751,0.4132
87,Sabrina Carpenter,Espresso,Singapore,2HRqTpkrJO5ggZyyK6NPWz,sensual,0.9337,False,0.6288,0.9123,0.0306,0.3562,0.1281,0.2078,0.0182,0.786,0.9337,0.1078
88,ROSÉ,number one girl,Singapore,1lcBt7LoEikqYmhUoa2cez,longing,0.9843,False,0.7665,0.9843,0.0082,0.0195,0.0086,0.0117,0.285,0.9738,0.4106,0.0018
89,yung kai,blue,Singapore,6W614n8yLUeS3zsZSeBwyq,longing,0.9888,False,0.9851,0.9888,0.2871,0.0431,0.0798,0.0027,0.8782,0.1061,0.976,0.0016
90,"Charlie Puth, Selena Gomez",We Don't Talk Anymore (feat. Selena Gomez),Singapore,54PbBpquVfhfrwRwvjSXbI,heartbreak,0.9612,False,0.1926,0.9606,0.0013,0.9612,0.9286,0.8292,0.0045,0.9469,0.3104,0.4533
91,"Sean Kingston, Justin Bieber",Eenie Meenie,Singapore,4vVTI94F9uJ8lHNDWKv0i2,longing,0.9875,False,0.9718,0.9875,0.1723,0.9498,0.6664,0.7763,0.7046,0.9206,0.9447,0.6375
92,Taylor Swift,Style,Singapore,0ug5NqcwcFR2xrfTkc7k8e,longing,0.9537,False,0.5794,0.9537,0.0367,0.2278,0.0949,0.0714,0.1126,0.9475,0.8839,0.3278
93,Laufey,From The Start,Singapore,43iIQbw5hx986dUEZbr3eN,heartbreak,0.9918,False,0.9499,0.9911,0.0003,0.9918,0.9847,0.8878,0.0422,0.9843,0.0351,0.7809
95,Coldplay,Viva La Vida,Singapore,1mea3bSkSGXuIRvnydlB5b,lonely,0.9944,False,0.0194,0.9704,0.0468,0.9402,0.779,0.933,0.0084,0.9944,0.8221,0.7004
96,"Disco Lines, Tinashe",No Broke Boys,Singapore,3cZajhyr8LmtPfHZ9296tj,lonely,0.9898,False,0.0062,0.6316,0.0006,0.9824,0.9445,0.911,0.0041,0.9898,0.209,0.9853
97,"The Chainsmokers, Halsey",Closer,Singapore,7BKLCZ1jbUBVqRi2FVlTVw,sensual,0.9732,False,0.8941,0.9694,0.0932,0.9581,0.7687,0.2015,0.3116,0.9532,0.9732,0.8711
98,"The Chainsmokers, Coldplay",Something Just Like This,Singapore,6RUKPb4LETWmmr3iAEQktW,longing,0.9893,False,0.3179,0.9893,0.201,0.2549,0.1099,0.181,0.3087,0.9443,0.9151,0.1489
99,Ed Sheeran,Photograph,Singapore,6fxVffaTuwjgEk5h9QyRjy,love,0.9682,False,0.9682,0.9237,0.0022,0.4486,0.1495,0.006,0.1122,0.6448,0.5011,0.0037
100,"Maroon 5, Wiz Khalifa",Payphone,Singapore,1XGmzt0PVuFgQYYnV2It7A,heartbreak,0.9549,False,0.0737,0.8561,0.001,0.9549,0.8541,0.9009,0.0029,0.8842,0.1669,0.7562
101,Bruno Mars,It Will Rain,Singapore,4rMNgxEwGWoPHIUcvB5BrB,heartbreak,0.9633,False,0.7678,0.9612,0.0015,0.9633,0.9235,0.6788,0.0362,0.9212,0.1346,0.2894
102,Justin Bieber,Ghost,Singapore,6I3mqTwhRpn34SLVafSH7G,longing,0.9924,False,0.9351,0.9924,0.0207,0.9784,0.9605,0.759,0.614,0.9884,0.6638,0.0875
103,"Ariana Grande, The Weeknd",Love Me Harder,Singapore,5J4ZkQpzMUFojo1CtAZYpn,love,0.9744,False,0.9744,0.7751,0.1001,0.124,0.0775,0.031,0.1796,0.3285,0.7673,0.2297
104,Bruno Mars,On My Soul,Singapore,4i4BVY2JiH4mDSLIBdNGKD,love,0.992,False,0.992,0.9892,0.3499,0.2829,0.1587,0.038,0.7344,0.5193,0.9414,0.0072
105,"Kendrick Lamar, SZA","All The Stars (with SZA) - From ""Black Panther: The Album""",Singapore,3GCdLUSnKSMJhs4Tj6CV3s,longing,0.6164,False,0.51,0.6164,0.0046,0.4903,0.4229,0.4502,0.4208,0.4588,0.2736,0.4395
106,Coldplay,Sparks,Singapore,7D0RhFcb3CrfPuTJ0obrod,heartbreak,0.9639,False,0.9292,0.9508,0.0011,0.9639,0.8539,0.1112,0.0527,0.759,0.1674,0.1265
108,sombr,12 to 12,Singapore,05od2qm2MTSKCHxy1GBp5W,lonely,0.9805,False,0.9404,0.9573,0.0724,0.9113,0.7397,0.3964,0.0214,0.9805,0.9722,0.2116
109,Daniel Caesar,Always,Singapore,2LlOeW5rVcvl3QcPNPcDus,love,0.9766,False,0.9766,0.8572,0.0432,0.5657,0.2421,0.0139,0.3848,0.6212,0.5996,0.0634
110,The Police,Every Breath You Take,Singapore,1JSTJqkT5qHq8MDJnJbRE1,longing,0.9941,False,0.9614,0.9941,0.0091,0.9913,0.9886,0.9498,0.0383,0.989,0.4905,0.1935
111,The Neighbourhood,Sweater Weather,Singapore,0cQVqPuHQP4KEwc7ZUQmj6,longing,0.9835,False,0.9324,0.9835,0.0564,0.046,0.0377,0.1426,0.1413,0.3652,0.9549,0.01
112,Keane,Somewhere Only We Know,Singapore,0ll8uFnc0nANY35E0Lfxvg,longing,0.989,False,0.3921,0.989,0.0584,0.9526,0.9151,0.7273,0.0555,0.987,0.8133,0.3969
113,Benson Boone,Beautiful Things,Singapore,3xkHsmpQCBMytMJNiDf3Ii,longing,0.9896,False,0.8893,0.9896,0.0183,0.5514,0.5395,0.0467,0.6813,0.4865,0.4431,0.0083
114,Joji,SLOW DANCING IN THE DARK,Singapore,6rY5FAWxCdAGllYEOZMbjW,longing,0.9743,False,0.2148,0.9743,0.0106,0.7558,0.2761,0.6303,0.037,0.9651,0.3939,0.9074
115,Bad Bunny,Tití Me Preguntó,Singapore,1IHWl5LamUGEuP4ozKQSXZ,heartbreak,0.9884,False,0.4665,0.9513,0.0207,0.9884,0.8636,0.9338,0.1106,0.9756,0.5291,0.8199
116,Jung Kook,Standing Next to You,Singapore,2KslE17cAJNHTsI2MI0jb2,love,0.9723,False,0.9723,0.9014,0.4964,0.004,0.0081,0.0007,0.8534,0.0577,0.8927,0.0045
117,Cup of Joe,Multo,Singapore,5tlb0AxuzsMWL2GtEppXGX,lonely,0.9812,False,0.0024,0.9613,0.0001,0.9561,0.9545,0.9656,0.0069,0.9812,0.0639,0.4046
118,LNGSHOT,Moonwalkin',Singapore,46V2ciN6F5bxjQWityNhkY,longing,0.8961,False,0.3131,0.8961,0.3092,0.0327,0.0872,0.1555,0.4262,0.5965,0.855,0.1152
119,The Marías,Sienna,Singapore,0InIeZW4P6VO7dUGRM4AKH,longing,0.9814,False,0.9664,0.9814,0.625,0.8394,0.7312,0.024,0.5621,0.8677,0.9762,0.1641
120,Bruno Mars,Locked out of Heaven,Singapore,5g7sDjBhZ4I3gcFIpkrLuI,longing,0.992,False,0.9784,0.992,0.6164,0.027,0.0526,0.0075,0.9842,0.0205,0.9788,0.0022
122,KiiiKiii,404 (New Era),Singapore,24rDDbSlFY9OHrlJb48CRh,sensual,0.9759,False,0.191,0.8629,0.587,0.1121,0.0416,0.0211,0.5209,0.7821,0.9759,0.1461
123,"B.o.B, Bruno Mars",Nothin' on You (feat. Bruno Mars),Singapore,59dLtGBS26x7kc0rHbaPrq,longing,0.9907,False,0.9547,0.9907,0.1885,0.0241,0.1239,0.0037,0.1105,0.1997,0.9577,0.2029
124,SZA,Snooze,Singapore,4iZ4pt7kvcaH6Yo8UoZ4s2,sensual,0.8272,False,0.5459,0.7897,0.0697,0.0447,0.0853,0.041,0.757,0.3875,0.8272,0.6399
125,Bad Bunny,NUEVAYoL,Singapore,5TFD2bmFKGhoCRbX61nXY5,sensual,0.9687,False,0.29,0.9328,0.8153,0.0079,0.0153,0.0122,0.5691,0.2205,0.9687,0.2192
126,Ed Sheeran,Perfect,Singapore,0tgVpDi06FyKpA1z0VMD4v,love,0.9887,False,0.9887,0.9605,0.7956,0.0057,0.0097,0.0032,0.9246,0.0548,0.9624,0.0031
127,OneRepublic,Counting Stars,Singapore,2tpWsVSb9UEmDRxAl1zhX1,longing,0.994,False,0.9585,0.994,0.0657,0.8527,0.527,0.2469,0.9744,0.6264,0.781,0.2921
128,Cigarettes After Sex,Apocalypse,Singapore,1oAwsWBovWRIp7qLMGPIet,longing,0.9826,False,0.6997,0.9826,0.0023,0.9409,0.8616,0.7487,0.0512,0.7683,0.9425,0.218
129,Bruno Mars,Talking to the Moon,Singapore,161DnLWsx1i3u1JT05lzqU,longing,0.9964,False,0.7366,0.9964,0.0051,0.9135,0.8832,0.6035,0.846,0.9917,0.5025,0.2654
130,"JISOO, ZAYN",EYES CLOSED (with ZAYN),Singapore,4WFfPxJv1KRekG6mxn837K,longing,0.9919,False,0.9874,0.9919,0.0984,0.3856,0.1207,0.0866,0.1098,0.3491,0.9802,0.0155
132,Malcolm Todd,Earrings,Singapore,0eAuGrXyGFYwur9ARUe7LJ,heartbreak,0.9877,False,0.9552,0.9778,0.0002,0.9877,0.9687,0.8699,0.0012,0.9856,0.1014,0.0389
133,"Justin Bieber, Nicki Minaj",Beauty And A Beat,Singapore,6QFCMUUq1T2Vf5sFUXcuQ7,love,0.9894,False,0.9894,0.9274,0.6104,0.0351,0.0776,0.0099,0.7172,0.2704,0.9615,0.052
134,Arctic Monkeys,I Wanna Be Yours,Singapore,5XeFesFbtLpXzIVDNQP22n,longing,0.9736,False,0.8688,0.9736,0.1714,0.4991,0.1488,0.0195,0.29,0.6568,0.9533,0.0356
135,Harry Styles,As It Was,Singapore,4Dvkj6JhhA12EX05fT7y2e,lonely,0.9697,False,0.31,0.933,0.0017,0.9453,0.8949,0.8006,0.0179,0.9697,0.2804,0.1968
136,Bruno Mars,When I Was Your Man,Singapore,0B7wvvmu9EISAwZnOpjhNI,heartbreak,0.9911,False,0.2059,0.9795,0.0007,0.9911,0.9745,0.7941,0.6614,0.9385,0.3164,0.1776
137,"Saja Boys, Andrew Choi, Neckwav, Danny Chung, KEVIN WOO, samUIL Lee, KPop Demon Hunters Cast",Soda Pop,Singapore,02sy7FAs8dkDNYsHp4Ul3f,longing,0.9913,False,0.9327,0.9913,0.5767,0.0337,0.0148,0.012,0.8659,0.733,0.9893,0.1143
139,"Jay Chou, Lara Liang",珊瑚海,Singapore,3Qj9Fy8BPbWmICTiNkuqB7,sensual,0.796,False,0.4176,0.5761,0.186,0.2894,0.4364,0.1896,0.2206,0.6457,0.796,0.5314
140,"The Weeknd, Daft Punk",Starboy,Singapore,7MXVkk9YMctZqd1Srtv4MB,anger,0.8873,False,0.003,0.8849,0.0034,0.0675,0.04,0.1181,0.0448,0.4128,0.7117,0.8873
141,keshi,Soft Spot,Singapore,2aL4lMGhWdPpyPL6COPou7,longing,0.9882,False,0.9657,0.9882,0.1976,0.1798,0.0461,0.0365,0.3135,0.4877,0.9781,0.0034
142,Olivia Dean,A Couple Minutes,Singapore,312z6PZ8wwREck8613PkJk,love,0.888,False,0.888,0.8878,0.026,0.8282,0.595,0.0106,0.7764,0.6341,0.3957,0.0233
143,"LE SSERAFIM, j-hope",SPAGHETTI,Singapore,2N9miXnewVmUrgl6JSK1FI,longing,0.7868,False,0.5949,0.7868,0.4587,0.1981,0.0274,0.0541,0.0649,0.2383,0.6383,0.1436
144,Joker Xue,演员,Singapore,5Sib99jpYybZAicUMETb3h,love,0.9106,False,0.9106,0.4934,0.2846,0.2101,0.1025,0.0445,0.2494,0.1061,0.4606,0.0223
145,Charlie Puth,Attention,Singapore,5cF0dROlMOK5uNZtivgu50,anger,0.9182,False,0.4924,0.7661,0.0596,0.8587,0.7936,0.7249,0.0862,0.7396,0.5876,0.9182
146,Chappell Roan,"Good Luck, Babe!",Singapore,0WbMK4wrZ1wFSty9F7FCgu,sensual,0.9928,False,0.1818,0.9297,0.0095,0.952,0.6967,0.1641,0.0068,0.7851,0.9928,0.1732
147,"郭家瑋, DIOR 大穎",過了幾天(合唱版),Singapore,4GEWZ1vDFVkmhG55zpKFLO,sensual,0.7829,False,0.4369,0.4196,0.2073,0.196,0.3066,0.2316,0.224,0.6309,0.7829,0.6375
148,Khalil Fong,特別的人,Singapore,0VTzUEuHYD8s7CgQ15cDPo,love,0.9886,False,0.9886,0.9777,0.9638,0.3345,0.343,0.0074,0.9672,0.3077,0.9105,0.356
151,Radiohead,Let Down,Singapore,2fuYa3Lx06QQJAm0MjztKr,despair,0.9884,False,0.0005,0.0506,0.0001,0.8733,0.3835,0.9884,0.002,0.5927,0.2004,0.011
152,"The Weeknd, Playboi Carti",Timeless (feat Playboi Carti),Singapore,0FIDCNYYjNvPVimz5icugS,heartbreak,0.9834,False,0.4829,0.9197,0.0124,0.9834,0.968,0.8152,0.0112,0.7739,0.6713,0.8839
153,KATSEYE,Touch,Singapore,6aJn7Cst74cj4lNIiPRgav,longing,0.9883,False,0.9664,0.9883,0.2749,0.9779,0.9176,0.8272,0.1767,0.9879,0.9726,0.4661
154,Rihanna,Kiss It Better,Singapore,0UHB9METy4VCXNgkcGqHqS,longing,0.9936,False,0.7765,0.9936,0.0919,0.9727,0.8714,0.7958,0.5988,0.931,0.9414,0.803
155,Alex Warren,FEVER DREAM,Singapore,7ogpGbKc4Io6NCU6ydxXwZ,lonely,0.9968,False,0.903,0.9863,0.0027,0.9756,0.9037,0.9041,0.778,0.9968,0.7745,0.3369
156,Jay Chou,告白氣球,Singapore,2tqF9MPNdYdJU70U0ULO23,sensual,0.9838,False,0.7798,0.8569,0.5393,0.2343,0.176,0.1202,0.6,0.282,0.9838,0.8983
157,Zara Larsson,Midnight Sun,Singapore,1qRV1dKLOfH1s00b9J2LUQ,sensual,0.9749,False,0.9393,0.9116,0.9268,0.0253,0.0115,0.002,0.2628,0.7407,0.9749,0.0023
158,小阿七,从前说,Singapore,3t5edAHbyFEW67wFApp7EO,longing,0.8458,False,0.4677,0.8458,0.0103,0.7086,0.5576,0.1951,0.0627,0.7125,0.5613,0.1064
159,Bruno Mars,Nothing Left,Singapore,0Sq6JK9kyC4MQa3KrJj5CB,longing,0.9919,False,0.9618,0.9919,0.0033,0.9897,0.9709,0.8535,0.1518,0.99,0.3144,0.2186
160,Eric Chou,怎麼了,Singapore,5cU1O9P0EDA0rPkPDykhIm,sensual,0.8829,False,0.7447,0.8586,0.3399,0.6162,0.5883,0.454,0.4878,0.7386,0.8829,0.638
161,sombr,undressed,Singapore,0TFTAtCYhp2tQ9KcJIZb55,heartbreak,0.9868,False,0.1933,0.9517,0.0002,0.9868,0.9635,0.8484,0.0038,0.9527,0.161,0.6824
162,Katy Perry,The One That Got Away,Singapore,6hkOqJ5mE093AQf2lbZnsG,heartbreak,0.9899,False,0.6775,0.979,0.0069,0.9899,0.9836,0.9498,0.0216,0.9691,0.7946,0.8721
163,"The Kid LAROI, Justin Bieber",STAY (with Justin Bieber),Singapore,567e29TDzLwZwfDuEpGTwo,despair,0.3124,False,0.0191,0.25,0.0066,0.1378,0.0457,0.3124,0.0092,0.1663,0.1864,0.0661
164,Ariana Grande,One Last Time,Singapore,7xoUc6faLbCqZO6fQEYprd,heartbreak,0.9567,False,0.8385,0.9537,0.0202,0.9567,0.8278,0.7725,0.1282,0.8995,0.6721,0.4038
166,Dhruv,double take,Singapore,0QzuaeCEEOV40Pn7IvKEny,longing,0.9898,False,0.9887,0.9898,0.0909,0.3024,0.0889,0.0116,0.5747,0.5298,0.9708,0.0113
167,Justin Bieber,Sorry,Singapore,09CtPGIpYB4BrO8qb1RGsF,heartbreak,0.8445,False,0.0087,0.4729,0.0006,0.8445,0.597,0.2458,0.1232,0.3721,0.0614,0.5253
168,"DJ Snake, Justin Bieber",Let Me Love You,Singapore,0lYBSQXN6rCTvUZvg9S0lU,longing,0.8295,False,0.099,0.8295,0.0009,0.5579,0.3926,0.1071,0.1092,0.1475,0.1291,0.1038
169,ILLIT,Magnetic,Singapore,1aKvZDoLGkNMxoRYgkckZG,love,0.982,False,0.982,0.9654,0.6208,0.0033,0.0046,0.0012,0.5353,0.0193,0.9644,0.0209
170,BTS,Life Goes On,Singapore,5FVbvttjEvQ8r2BgUcJgNg,longing,0.9315,False,0.4125,0.9315,0.0474,0.9015,0.7989,0.7864,0.4034,0.9182,0.5956,0.4066
171,Taylor Swift,Blank Space,Singapore,1u8c2t2Cy7UBoG4ArRcF5g,longing,0.5594,False,0.373,0.5594,0.012,0.3939,0.1191,0.0859,0.0183,0.1368,0.5136,0.3906
172,Coldplay,The Scientist,Singapore,75JFxkI2RXiU7L9VXzMkle,longing,0.9768,False,0.944,0.9768,0.026,0.9681,0.9555,0.8479,0.2163,0.8102,0.7576,0.146
173,Jay Chou,青花瓷,Singapore,10VuSw48iPN2UK2xX9Y6P0,sensual,0.98,False,0.8882,0.9192,0.8285,0.0127,0.0246,0.0032,0.9374,0.0234,0.98,0.0194
174,"Disney, Shakira",Zoo,Singapore,3vJIaiTIHxHhYafTSPNiH4,love,0.91,False,0.91,0.4289,0.9005,0.0022,0.0029,0.0028,0.548,0.0385,0.8979,0.0841
175,Cigarettes After Sex,Cry,Singapore,3p4hRhMcb6ch8OLtATMaLw,longing,0.9853,False,0.7211,0.9853,0.0001,0.9793,0.9617,0.7748,0.0132,0.6667,0.0037,0.2953
176,Olivia Dean,Dive,Singapore,36vmaZyO0iAE6FZ7287fg2,sensual,0.79,False,0.1648,0.2814,0.0056,0.09,0.0296,0.0438,0.0259,0.0532,0.79,0.0157
177,Laufey,Promise,Singapore,08PdFBcXzpkn1cWNgmKqhn,lonely,0.9709,False,0.0616,0.9073,0.0022,0.9646,0.9185,0.8959,0.0025,0.9709,0.4332,0.7098
178,Bruno Mars,Something Serious,Singapore,0PV4VQCmE6Ujssr1bnswdF,longing,0.9521,False,0.9421,0.9521,0.1033,0.4243,0.3483,0.1432,0.2492,0.3857,0.7321,0.1721
180,Bruno Mars,Versace on the Floor,Singapore,0kN8xEmgMW9mh7UmDYHlJP,sensual,0.9691,False,0.9274,0.9679,0.7181,0.0559,0.0393,0.0084,0.382,0.9592,0.9691,0.0129
181,Gracie Abrams,"I Love You, I'm Sorry",Singapore,51rfRCiUSvxXlCSCfIztBy,heartbreak,0.965,False,0.6234,0.9442,0.1099,0.965,0.9149,0.7565,0.0285,0.9332,0.3287,0.71
182,"Daniel Caesar, H.E.R.",Best Part (feat. H.E.R.),Singapore,1Q7EgiMOuwDcB0PJC6AzON,love,0.9903,False,0.9903,0.9685,0.8838,0.0052,0.0061,0.0008,0.3546,0.0276,0.978,0.0028
183,Radiohead,Creep,Singapore,70LcF31zb1H0PyJoS1Sx1r,longing,0.9658,False,0.1446,0.9658,0.0033,0.8923,0.8315,0.3711,0.0139,0.8125,0.6902,0.4697
184,CORTIS,GO!,Singapore,6OWWZtNQORY1McaZmOrwhc,sensual,0.8263,False,0.1206,0.4252,0.2629,0.0357,0.0096,0.0154,0.531,0.0434,0.8263,0.4459
185,Charli xcx,party 4 u,Singapore,2RdEC8Ff83WkX7kDVCHseE,longing,0.9863,False,0.4595,0.9863,0.1659,0.6075,0.4243,0.0881,0.557,0.9697,0.506,0.2737
186,SZA,Nobody Gets Me,Singapore,5Y35SjAfXjjG0sFQ3KOxmm,lonely,0.9928,False,0.9268,0.9867,0.0431,0.9889,0.9681,0.9756,0.0395,0.9928,0.9688,0.9359
187,Joji,Glimpse of Us,Singapore,2mlNgAeIBnL78ZriXgrRHz,longing,0.9915,False,0.8272,0.9915,0.088,0.7713,0.5495,0.038,0.9841,0.7259,0.7098,0.0707
188,Ariana Grande,Into You,Singapore,76FZM38RC8XaAjJ77CVTNe,sensual,0.9881,False,0.9816,0.9846,0.5352,0.0014,0.0024,0.0049,0.1981,0.0043,0.9881,0.0428
189,Jay Chou,楓,Singapore,1pALOIA4ytESmhl7Fxjdic,sensual,0.8002,False,0.613,0.4466,0.1682,0.3465,0.4572,0.1706,0.2105,0.5654,0.8002,0.4713
190,Stefanie Sun,遇見,Singapore,3xJK8ywApYVEYIDhymYMC6,longing,0.9787,False,0.6857,0.9787,0.3358,0.0044,0.0089,0.0013,0.9739,0.1206,0.8204,0.0952
191,d4vd,Here With Me,Singapore,0dS2u2UFd88TIzDDaZDLvS,longing,0.9609,False,0.6466,0.9609,0.3068,0.2904,0.4433,0.023,0.362,0.4813,0.265,0.0057
192,Lana Del Rey,Cinnamon Girl,Singapore,2mdEsXPu8ZmkHRRtAdC09e,sensual,0.9792,False,0.4722,0.9435,0.0081,0.1067,0.0889,0.0225,0.2151,0.0755,0.9792,0.8652
193,Nadhif Basalamah,kota ini tak sama tanpamu,Singapore,13CwOTXUgBugeBByE9oIWb,longing,0.9921,False,0.9902,0.9921,0.7519,0.008,0.0134,0.0008,0.9767,0.0958,0.9757,0.0005
195,Tate McRae,greedy,Singapore,3rUGC1vUpkDG9CZFHMur1t,longing,0.9794,False,0.8206,0.9794,0.3432,0.2924,0.1838,0.2601,0.3254,0.8186,0.9728,0.6982
196,LNGSHOT,Never Let Go,Singapore,37xebnhvUyM8VyyDDeo65d,longing,0.9864,False,0.6176,0.9864,0.0331,0.8102,0.8565,0.7404,0.1962,0.9493,0.3895,0.5959
197,ATEEZ,Adrenaline,Singapore,2VKGO4DNyUK5UxCQB3b3DF,sensual,0.9448,False,0.0402,0.7747,0.6311,0.0166,0.0065,0.0127,0.0176,0.8874,0.9448,0.8088
198,Lauv,I Like Me Better,Singapore,4MagTPnkPiDuIa4P8GtW1b,love,0.9615,False,0.9615,0.9536,0.3166,0.0044,0.0108,0.0043,0.408,0.177,0.9561,0.0041
199,Justin Bieber,Love Yourself,Singapore,50kpGaPAhYJ3sGmk6vplg0,heartbreak,0.9958,False,0.2352,0.4646,0.0002,0.9958,0.9775,0.9116,0.0013,0.9499,0.0703,0.8009
200,Lana Del Rey,Young And Beautiful,Singapore,2nMeu6UenVvwUktBCpLMK9,longing,0.9738,False,0.9053,0.9738,0.4093,0.6293,0.2255,0.0492,0.4594,0.7234,0.9073,0.0521
1,Quevedo,NI BORRACHO,Spain,3ltpc2goYCfKT8AbWwqQvc,longing,0.932,False,0.3688,0.932,0.1157,0.3998,0.2586,0.3728,0.103,0.6429,0.6074,0.6713
2,"Omar Courtz, Ñengo Flow",FOREVER TU GANTEL,Spain,1YAWMfsmduIrpqrjP45pFn,sensual,0.974,False,0.3796,0.9729,0.0368,0.4909,0.2258,0.0507,0.0923,0.8009,0.974,0.7762
3,"Omar Courtz, Dei V, Clarent, Tito ""El Bambino""",$UELTA GATITA $UELTA,Spain,01xWRzLhSgANX9CGgBzssk,sensual,0.8355,False,0.1511,0.7378,0.1009,0.0347,0.0361,0.1263,0.1158,0.4521,0.8355,0.6871
4,Aitana,SUPERESTRELLA,Spain,6hpuesKPNa3WhV48O7Fa47,longing,0.9493,False,0.8242,0.9493,0.0065,0.0786,0.0263,0.0822,0.2749,0.4255,0.6911,0.1906
5,"Romeo Santos, Prince Royce",Dardos,Spain,5SudOD9R1Of6CsJVWZy6CQ,longing,0.9858,False,0.943,0.9858,0.0029,0.976,0.9435,0.8874,0.0124,0.8027,0.5856,0.8079
6,"Ryan Castro, Kapo, Gangsta",LA VILLA,Spain,2ZyrAym0sRLwt4PhGotHuI,sensual,0.9812,False,0.1551,0.7746,0.095,0.0028,0.0043,0.0064,0.0919,0.1293,0.9812,0.0778
7,"Omar Courtz, ROA",WO OH OH,Spain,0h54mLixODOqU6vTcZMqVM,longing,0.9958,False,0.991,0.9958,0.6601,0.194,0.2701,0.0181,0.8873,0.3731,0.9907,0.5594
8,"W Sound, Beéle, Ovy On The Drums",La Plena - W Sound 05,Spain,6iOndD4OFo7GkaDypWQIou,love,0.9922,False,0.9922,0.976,0.2966,0.0018,0.0018,0.0016,0.1824,0.0086,0.9816,0.0055
9,Bad Bunny,NUEVAYoL,Spain,5TFD2bmFKGhoCRbX61nXY5,sensual,0.9687,False,0.29,0.9328,0.8153,0.0079,0.0153,0.0122,0.5691,0.2205,0.9687,0.2192
10,Bad Bunny,BAILE INoLVIDABLE,Spain,2lTm559tuIvatlT1u0JYG2,longing,0.9929,False,0.987,0.9929,0.1117,0.9805,0.9037,0.4006,0.1831,0.9787,0.9367,0.0458
11,"ROSALÍA, Yahritza Y Su Esencia",La Perla,Spain,4oVO4fGNRRvEn0CRuFO4qv,lonely,0.9211,False,0.0134,0.2788,0.003,0.669,0.2082,0.8512,0.0042,0.9211,0.552,0.5517
12,Rels B,TU VAS SIN (fav),Spain,6uiQ0DqbXTBc8tl0AUKZkR,love,0.9895,False,0.9895,0.989,0.4413,0.1272,0.0231,0.0122,0.4138,0.0874,0.9696,0.6309
13,Clarent,BIENVENIDA,Spain,7zwgHkTKv86nMOREN5k1hx,anger,0.8687,False,0.399,0.3771,0.0681,0.3819,0.217,0.3797,0.1673,0.4312,0.458,0.8687
14,Omar Courtz,POR SI MAÑANA NO ESTOY,Spain,595wwjQiad6e6lSTScmXvz,lonely,0.9958,False,0.9512,0.9945,0.0423,0.9822,0.9153,0.4662,0.5233,0.9958,0.9181,0.2002
15,"JC Reyes, Slayter",LOQUITA,Spain,3zkGK0pIRra9Mql8fKmROf,sensual,0.9848,False,0.1281,0.7673,0.0734,0.0564,0.0602,0.0208,0.0242,0.7771,0.9848,0.6897
16,Beéle,no tiene sentido,Spain,1HEwEN64NjgTaHmo7LfkX8,longing,0.9809,False,0.5368,0.9809,0.005,0.8269,0.8961,0.5812,0.184,0.9262,0.7784,0.7321
17,Quevedo,TUCHAT,Spain,3bAAv8knmzFpYQsLFoK6de,longing,0.9757,False,0.2226,0.9757,0.0083,0.7419,0.565,0.5474,0.0414,0.8783,0.8675,0.5973
18,"YOVNGCHIMI, JC Reyes",MVLAN,Spain,74t17BRV4el0mU0Tb8XY1k,sensual,0.9228,False,0.3948,0.6718,0.1335,0.013,0.0158,0.0192,0.0997,0.1017,0.9228,0.4383
19,Omar Courtz,KOKO,Spain,1tz7RZirwiuaJw2p0jbdHb,sensual,0.9906,False,0.6707,0.9434,0.0146,0.0033,0.0032,0.0016,0.213,0.8825,0.9906,0.0698
20,Bad Bunny,DtMF,Spain,3sK8wGT43QFpWrvNQsrQya,longing,0.9433,False,0.8873,0.9433,0.6486,0.448,0.2989,0.0133,0.2593,0.4422,0.7581,0.3516
21,"Kidd Voodoo, JC Reyes",Me Mareo,Spain,6jBoUckd6VEImt6pg8RpDr,sensual,0.9731,False,0.3519,0.8595,0.0285,0.3553,0.335,0.0492,0.3483,0.5838,0.9731,0.3802
22,"Alleh, Yorghaki",capaz (merengueton),Spain,2dd3G3ZqEcG2cNS1tp3oEk,longing,0.9703,False,0.9247,0.9703,0.0065,0.5944,0.194,0.6438,0.0653,0.4198,0.9421,0.2436
23,Omar Courtz,SI ESTÁS CON ALGUIEN,Spain,7nyk5uxevcijIfl1FlJgmA,heartbreak,0.9511,False,0.4923,0.558,0.014,0.9511,0.8626,0.5695,0.0523,0.8904,0.4996,0.4055
24,"Bad Gyal, Chencho Corleone",Choque,Spain,68KElV3TDyDy2zHPCWjUyt,longing,0.9627,False,0.4714,0.9627,0.0436,0.1709,0.0984,0.2693,0.0829,0.2022,0.7093,0.7105
26,"Ovy On The Drums, Quevedo, Beéle",YO y TÚ,Spain,7koAf6aZgjO6TS7bipfPD0,sensual,0.594,False,0.5329,0.4944,0.0534,0.2897,0.1263,0.0091,0.0799,0.0154,0.594,0.0111
28,"Yan Block, Panda Black",Talento,Spain,7sChwC2NZjGc2Kdni3hlDg,anger,0.9799,False,0.4291,0.8957,0.0705,0.7166,0.4827,0.4315,0.8304,0.8441,0.9406,0.9799
29,Clarent,LOVE,Spain,21syhl9aagHDATZqFHkfjD,longing,0.9699,False,0.3513,0.9699,0.0124,0.9453,0.6347,0.6593,0.3055,0.7158,0.7177,0.8072
30,GRECAS,Bad Voy,Spain,0WIVpc0hKNxjHkl9xNxw6P,sensual,0.9775,False,0.5169,0.7875,0.0036,0.1085,0.0931,0.1028,0.0056,0.2643,0.9775,0.3404
31,"Omar Courtz, Bad Gyal",COMERNOS,Spain,2TYZU0Fvfp5b7gbfqdIAq6,sensual,0.9931,False,0.68,0.9918,0.428,0.0083,0.0365,0.02,0.1492,0.0174,0.9931,0.4715
32,"Bizarrap, Daddy Yankee","Daddy Yankee: Bzrp Music Sessions, Vol. 0/66",Spain,2uPMsTEKx79gJ8rB3AcT0v,longing,0.7202,False,0.6756,0.7202,0.0879,0.0151,0.0158,0.0227,0.4862,0.2183,0.4279,0.5546
33,"Héctor ""El Father"", Wisin & Yandel",El Teléfono,Spain,614NVFo5csQqRnryl4jXs2,longing,0.989,False,0.742,0.989,0.0524,0.6973,0.0305,0.0434,0.24,0.9719,0.967,0.457
34,"El Bogueto, Yung Beef",Cuando No Era Cantante,Spain,6N2iccqxRInhTLHc2Fu3W0,longing,0.9966,False,0.9419,0.9966,0.2394,0.9002,0.717,0.1339,0.8313,0.9653,0.9736,0.4551
35,"Bad Bunny, Omar Courtz, Dei V",VeLDÁ,Spain,7d6yK8v8J484SWH5prIQiE,sensual,0.9393,False,0.5906,0.9176,0.1561,0.0915,0.11,0.0068,0.4435,0.2519,0.9393,0.2793
36,"Beéle, Ovy On The Drums",mi refe,Spain,4zhk2RS2EZODmBW6il55Qj,love,0.9955,False,0.9955,0.9755,0.363,0.0565,0.0516,0.0444,0.4471,0.2732,0.9385,0.1226
37,"Omar Courtz, Myke Towers",WHAT U NEED? (SexPlaylist 2),Spain,7jnSlMG2jKJmKvAWxufk2I,sensual,0.8894,False,0.5047,0.6946,0.0653,0.0244,0.0196,0.0138,0.1773,0.2675,0.8894,0.8455
38,"Mora, C. Tangana",DROGA,Spain,1cmfXbOvNJt7iDrnJy5BRE,longing,0.9404,False,0.6068,0.9404,0.1012,0.9385,0.8488,0.5808,0.0218,0.7821,0.844,0.7322
39,Bad Bunny,EoO,Spain,6J5kc12BW5HuP3d7C3vvx8,longing,0.9329,False,0.3664,0.9329,0.3862,0.0171,0.0297,0.0165,0.2282,0.0354,0.6534,0.1988
40,GRECAS,Que culpa tiene el lunes de no ser un sabado,Spain,5bDRGw4njjPCO5ZYvSgRXr,sensual,0.5248,False,0.0532,0.2695,0.0029,0.0706,0.1088,0.0745,0.0142,0.1812,0.5248,0.1694
41,Bad Bunny,VOY A LLeVARTE PA PR,Spain,59D4DOkspUbWyMmbAPQkxZ,sensual,0.9826,False,0.2207,0.8732,0.1764,0.1042,0.0578,0.0621,0.1576,0.4721,0.9826,0.3582
42,"La La Love You, Axolotes Mexicanos",El Fin del Mundo,Spain,6XXQA6e8qXPJ1sZtRxvbws,heartbreak,0.9806,False,0.9575,0.9549,0.0003,0.9806,0.9692,0.926,0.0003,0.1964,0.0307,0.0167
43,"Delaossa, Quevedo, Bigla The Kid",Still Luvin,Spain,1k4Iyemx6P5fba7RRcHmeb,love,0.9752,False,0.9752,0.9551,0.2027,0.4869,0.2523,0.015,0.1529,0.8702,0.7892,0.0117
44,"Juseph, La Pantera, Lucho RK",CUPIDOxX,Spain,3vYFpgpkQF0EY5E9h9BF1r,sensual,0.9659,False,0.0772,0.6231,0.0181,0.4401,0.4413,0.0735,0.0063,0.5753,0.9659,0.8422
45,"Young Cister, Kreamly",QLOO*,Spain,7CMj1OOS1ho4CPEQTFKzcN,love,0.9951,False,0.9951,0.9796,0.1907,0.007,0.0173,0.0014,0.1624,0.0156,0.9858,0.025
46,"Luck Ra, BM",La Morocha,Spain,6vRQqxOhUFd78p5tL8jXr7,lonely,0.9919,False,0.4287,0.9917,0.0039,0.486,0.0096,0.0645,0.1312,0.9919,0.9486,0.0481
47,Djo,End of Beginning,Spain,3qhlB30KknSejmIvZZLjOD,heartbreak,0.9534,False,0.0003,0.0948,0.0001,0.9534,0.9112,0.0862,0.0001,0.3736,0.0035,0.0002
48,"Myke Towers, Quevedo",SOLEAO,Spain,4OsBqqMwFabHATATT527tH,love,0.8863,False,0.8863,0.8773,0.2388,0.4951,0.3956,0.0888,0.3045,0.3082,0.885,0.3189
49,"HUNTR/X, EJAE, AUDREY NUNA, REI AMI, KPop Demon Hunters Cast",Golden,Spain,1CPZ5BxNNd0n0nF4Orb9JS,lonely,0.9883,False,0.2997,0.9653,0.4684,0.3909,0.1807,0.2134,0.9153,0.9883,0.7861,0.1011
51,"La Pantera, Lucho RK, Pana YMB",PINKY PROMISE 2,Spain,6hFzA2zbArwtGpmTQEsxnn,love,0.9879,False,0.9879,0.961,0.36,0.0518,0.0139,0.0144,0.4425,0.1312,0.9793,0.1471
52,Bad Bunny,NO ME QUIERO CASAR,Spain,39L3LdlHS3gqB62HPWaJRg,lonely,0.8732,False,0.0482,0.8152,0.0076,0.5495,0.1583,0.2061,0.2617,0.8732,0.5819,0.4964
53,"Omar Courtz, KARBeats",EL MUNDO SE VA A ACABAR,Spain,6SkbzQSYMJzrmmDBEvbh0S,longing,0.9812,False,0.7872,0.9812,0.2679,0.4894,0.4313,0.4689,0.5619,0.8139,0.8769,0.5153
54,KAROL G,Si Antes Te Hubiera Conocido,Spain,73scB4Q4fcOmnsBVZPmk32,longing,0.9843,False,0.6859,0.9843,0.0465,0.3908,0.3937,0.121,0.9564,0.5149,0.9138,0.6576
55,"Mora, De La Rose",AURORA,Spain,18m5dJOPB2geFwOymXNaWg,sensual,0.993,False,0.9235,0.9849,0.112,0.2762,0.2944,0.0074,0.5532,0.478,0.993,0.2874
56,"Juseph, Quevedo",CHUOS,Spain,58l1aV1cOGrHMsm2j3GU2W,sensual,0.9171,False,0.4947,0.653,0.1634,0.4303,0.0466,0.082,0.1405,0.7215,0.9171,0.3967
57,"LAJA, JC Reyes",SETEADORA REMIX (with JC Reyes),Spain,55ZSaezLr7fNrkLL0WCpOD,grief,0.9626,False,0.0326,0.7244,0.0035,0.8938,0.9626,0.927,0.0706,0.5945,0.5619,0.9448
58,"Rauw Alejandro, Bad Bunny",Qué Pasaría...,Spain,0l0vcZMU7AOeQmUIREoI2U,longing,0.9675,False,0.2968,0.9675,0.0667,0.6005,0.4864,0.2654,0.3269,0.9265,0.9172,0.8468
59,rusowsky,malibU,Spain,4uulymZhmebsjKedRaJ1gQ,heartbreak,0.9796,False,0.88,0.9665,0.0237,0.9796,0.9748,0.8971,0.022,0.9783,0.769,0.724
60,Taylor Swift,The Fate of Ophelia,Spain,53iuhJlwXhSER5J2IYYv1W,heartbreak,0.9609,False,0.703,0.9017,0.2118,0.9609,0.8911,0.5636,0.6806,0.9553,0.7835,0.4429
61,"SAIKO, SINAKA, Kennat, Benja Valencia",FLAITEERA,Spain,2mh6vP7zo6mDXXKLnpHLPt,sensual,0.9757,False,0.4954,0.8735,0.0115,0.7259,0.1952,0.6313,0.0691,0.7452,0.9757,0.6586
62,"Aissa, Rvfv, Kreamly",MUCHACHA,Spain,4rDCRcln8WCHWPRt0YTFLs,sensual,0.9647,False,0.9601,0.8939,0.1022,0.0922,0.1857,0.0587,0.0846,0.2486,0.9647,0.7519
63,RAYE,WHERE IS MY HUSBAND!,Spain,55lijDD6OAjLFFUHU9tcDm,lonely,0.9819,False,0.5872,0.9785,0.1556,0.5963,0.4948,0.4988,0.6148,0.9819,0.9212,0.4029
64,Omar Courtz,VAMOaCOCHI,Spain,1oghNMGW42IhtQPNU6leZz,sensual,0.9881,False,0.873,0.9865,0.2526,0.0068,0.0081,0.0039,0.4571,0.7203,0.9881,0.0338
65,Danny Ocean,Me Rehúso,Spain,6ifUES3keWjwXgae8pXI3o,sensual,0.8256,False,0.5641,0.792,0.005,0.7857,0.6861,0.4893,0.0512,0.626,0.8256,0.1545
66,Bruno Mars,Risk It All,Spain,5y2ijHECwFYWqcAHKTZgzD,longing,0.9825,False,0.9784,0.9825,0.0863,0.0422,0.0149,0.0011,0.6027,0.0443,0.6641,0.0049
67,Aitana,6 DE FEBRERO,Spain,6l18mUHOGVZRr5wTyITX0M,lonely,0.9925,False,0.9915,0.9861,0.0021,0.9889,0.97,0.9051,0.0213,0.9925,0.5109,0.855
68,"Kabasaki, Zeno El Faraón, l0rna, Kristina",LA SACAPUNTAS,Spain,7mjWqfMjappj2v1Iw3rXeR,sensual,0.9867,False,0.0784,0.7315,0.1255,0.0164,0.0201,0.0478,0.1019,0.169,0.9867,0.6503
69,Extremoduro,La vereda de la puerta de atrás,Spain,4kJP8Z888wREJ8bRMWNMuk,longing,0.981,False,0.5572,0.981,0.0065,0.948,0.7852,0.5519,0.0546,0.9114,0.6231,0.2082
70,"Tainy, Rauw Alejandro, JHAYCO",ROSITA,Spain,4HyPxBQDLUnY3w7gukITrW,sensual,0.8451,False,0.0421,0.5324,0.0132,0.0412,0.0256,0.0283,0.0511,0.758,0.8451,0.6904
71,"Clarent, Omar Courtz",Scat Pack,Spain,4yWrEuYXr9YB1nHbuPxfUU,longing,0.9597,False,0.5865,0.9597,0.1096,0.6349,0.5136,0.3492,0.2839,0.6107,0.7457,0.877
72,Bruno Mars,I Just Might,Spain,6f68Ac5tt5BQOpwr0BV9oN,sensual,0.9125,False,0.3682,0.77,0.0384,0.6287,0.1113,0.0964,0.335,0.0937,0.9125,0.1154
73,Bad Bunny,Tití Me Preguntó,Spain,1IHWl5LamUGEuP4ozKQSXZ,heartbreak,0.9884,False,0.4665,0.9513,0.0207,0.9884,0.8636,0.9338,0.1106,0.9756,0.5291,0.8199
74,Arde Bogotá,La Salvación,Spain,0txzIz1WcoAn6m07xypcD5,heartbreak,0.9857,False,0.9787,0.9845,0.0225,0.9857,0.9427,0.2083,0.5714,0.1449,0.9325,0.0209
75,"Rawayana, Manuel Turizo",Inglés En Miami,Spain,3Y1xjjepdqMP141ipYCAqA,longing,0.9882,False,0.9208,0.9882,0.0136,0.9611,0.8226,0.4675,0.0248,0.9624,0.9841,0.8974
76,"Romeo Santos, Prince Royce",Lokita Por Mí,Spain,2aG4AXf3TUtlmk4s9BLYDi,love,0.9577,False,0.9577,0.7693,0.03,0.0013,0.0027,0.0025,0.011,0.0117,0.5164,0.0317
77,Omar Courtz,⁠LUCES DE COLORES,Spain,5dDlknAL9imbXXl7uG7oqe,sensual,0.9936,False,0.753,0.9856,0.6631,0.0278,0.0348,0.0326,0.3992,0.7716,0.9936,0.1236
78,Omar Courtz,SIRENA,Spain,75DhU4mfqAkkqsL7CiYWLa,longing,0.994,False,0.9052,0.994,0.0373,0.9269,0.8748,0.1379,0.0872,0.9504,0.9843,0.7133
80,"Yan Block, TORRRES",Yo sé,Spain,5DdLSEyKh8zgCrJq2hFj92,sensual,0.9721,False,0.0479,0.8067,0.007,0.7802,0.537,0.6453,0.0117,0.451,0.9721,0.8442
81,"Bad Bunny, Ozuna, Farruko, Arcángel, Ñengo Flow, DJ Luian, Mambo Kingz",Diles,Spain,6C1RD7YQVvt3YQj0CmuTeu,sensual,0.921,False,0.1936,0.7282,0.0662,0.0074,0.0103,0.0046,0.0521,0.0361,0.921,0.4942
82,Manuel Turizo,La Bachata,Spain,3tt9i3Hhzq84dPS8H7iSiJ,longing,0.9932,False,0.0581,0.9932,0.0007,0.9889,0.9835,0.6547,0.2185,0.9567,0.4794,0.8303
83,"J Balvin, Bad Bunny",LA CANCIÓN,Spain,0fea68AdmYNygeTGI4RC18,longing,0.9448,False,0.3529,0.9448,0.0679,0.7682,0.6768,0.4834,0.1872,0.9353,0.6792,0.2469
84,Omar Courtz,L a k e n o s h i,Spain,6OoYmAP9oZtBiSomWpDTWP,sensual,0.9464,False,0.0974,0.6158,0.0164,0.1195,0.0303,0.048,0.0349,0.0709,0.9464,0.6906
85,Kapo,UWAIE,Spain,0fMjldiEpgjbWQ4bBQwVzH,love,0.98,False,0.98,0.953,0.2919,0.0304,0.0167,0.0056,0.2398,0.1537,0.9757,0.0195
86,"Clarent, Mora",IA,Spain,7lcbpfihslisNObKdHjyLo,lonely,0.9656,False,0.0581,0.5089,0.0026,0.9429,0.854,0.8708,0.0104,0.9656,0.3517,0.9226
87,Maluma,Borro Cassette,Spain,6DUdDIRgLqCGq1DwkNWQTN,sensual,0.9784,False,0.9355,0.9778,0.1452,0.7625,0.5765,0.4371,0.4236,0.6653,0.9784,0.854
88,"Bryant Myers, Dei V, SAIKO",Duro Ma,Spain,0Ze1qv8LIgg5Y7Bu4jzXIo,sensual,0.9783,False,0.4163,0.9296,0.0136,0.1803,0.0678,0.0613,0.0338,0.5859,0.9783,0.2294
89,"Anuel AA, Haze",Amanece,Spain,1LiN0Z98FkR1t0m8KmLcAH,longing,0.9857,False,0.9408,0.9857,0.0925,0.9015,0.5169,0.4138,0.0331,0.5865,0.9648,0.695
90,"Quevedo, La Pantera",HALO,Spain,58ldPuiCULxm08TCZ8qX4D,sensual,0.8836,False,0.1314,0.6063,0.0158,0.1897,0.0597,0.097,0.0623,0.3376,0.8836,0.6693
91,Zara Larsson,Lush Life,Spain,1rIKgCH4H52lrvDcz50hS8,heartbreak,0.9011,False,0.886,0.4845,0.6816,0.9011,0.2097,0.0443,0.1205,0.6712,0.8963,0.0948
92,Plan B,Es un Secreto,Spain,3KZCP2StVGdWkOKyRZNWA4,sensual,0.9781,False,0.9418,0.9641,0.4014,0.0058,0.0043,0.0014,0.6149,0.0284,0.9781,0.0039
93,Dani Fernández,Me has invitado a bailar,Spain,3tMftGMXTPbQlmjh4FzXpZ,longing,0.9812,False,0.9513,0.9812,0.5574,0.0424,0.0438,0.0033,0.7613,0.0461,0.9764,0.092
94,The Police,Every Breath You Take,Spain,1JSTJqkT5qHq8MDJnJbRE1,longing,0.9941,False,0.9614,0.9941,0.0091,0.9913,0.9886,0.9498,0.0383,0.989,0.4905,0.1935
95,Viva Suecia,El Bien,Spain,6IuZFiKCeyQINqL0Id3xF2,grief,0.361,False,0.0079,0.0443,0.0014,0.3202,0.361,0.3475,0.0069,0.2137,0.0679,0.3553
96,Mora,DETRÁS DE TU ALMA,Spain,2BvPMS2XWfnCpHHvWeOyeC,longing,0.9804,False,0.2751,0.9804,0.0068,0.8355,0.8403,0.2177,0.0406,0.6167,0.2625,0.1175
97,Melendi,Fecha de Caducidad,Spain,3LTHhkihfdgYtQMUNJQBgv,lonely,0.482,False,0.1183,0.2652,0.0013,0.4096,0.1438,0.0591,0.011,0.482,0.0804,0.0319
98,"Anuel AA, Daddy Yankee, Zion & Lennox, Farruko, Wisin",Sola (Remix),Spain,5q2JbCNi4FcnglgPfxcV65,longing,0.9875,False,0.4704,0.9875,0.0421,0.9462,0.6846,0.5045,0.2168,0.9279,0.7716,0.7023
99,Juan Magán,Bailando por Ahi,Spain,6sHBvzRsuGunQTfCk18KXi,longing,0.9918,False,0.9764,0.9918,0.9753,0.9425,0.8533,0.1222,0.6044,0.8192,0.9793,0.2533
100,Bad Bunny,KLOuFRENS,Spain,4MUrUT38U98olfnyzMBCzm,heartbreak,0.9839,False,0.5646,0.8657,0.075,0.9839,0.971,0.7855,0.024,0.9611,0.5105,0.4618
102,Fito y Fitipaldis,Por la boca vive el pez,Spain,24UStI5AYA7g5ufFDh3LH0,longing,0.9942,False,0.9393,0.9942,0.0012,0.9817,0.9883,0.9163,0.0184,0.9733,0.882,0.5342
103,"Omar Courtz, Eladio Carrion",MOONLIGHT,Spain,2TOsEYW3J1miYhmEeI9yBW,sensual,0.9884,False,0.9398,0.9879,0.9278,0.1624,0.0488,0.0695,0.4414,0.1291,0.9884,0.4596
104,"PinkPantheress, Zara Larsson",Stateside + Zara Larsson,Spain,1DwscornXpj8fmOmYVlqZt,longing,0.9689,False,0.4887,0.9689,0.0235,0.7436,0.4844,0.5873,0.595,0.9452,0.8013,0.6159
105,"JC Reyes, Hades66",BARRIO FINO,Spain,5IuFotpjpllXzv7eOLKeqb,anger,0.9542,False,0.0059,0.3294,0.0114,0.0429,0.2512,0.2816,0.014,0.2256,0.624,0.9542
106,"Yan Block, Panda Black",444,Spain,1o4xkdBe0RjSf2u6VXi4OI,longing,0.9739,False,0.4765,0.9739,0.005,0.8759,0.6274,0.5427,0.0186,0.9551,0.8933,0.8299
107,"Omar Courtz, De La Rose",Q U E V A S H A C E R H O Y ?,Spain,0Sr7ssScx54yxdM2ols7nW,sensual,0.9804,False,0.6807,0.9619,0.0777,0.0116,0.0111,0.0183,0.1668,0.2601,0.9804,0.2252
108,"Lucho RK, La Pantera",TOCATE SOLA,Spain,1ouj0AkMXny8V1su2tuoci,longing,0.983,False,0.88,0.983,0.1462,0.7538,0.8232,0.0826,0.3653,0.9223,0.9759,0.7045
109,Dei V,Te Capie,Spain,4WXVp5dzCDDaQjr4Ueukbm,sensual,0.9797,False,0.7185,0.9687,0.191,0.0111,0.0233,0.0162,0.4156,0.132,0.9797,0.3448
110,Bad Gyal,Da Me,Spain,4ppQIsBpwNRKjOPPBZTgd0,anger,0.9327,False,0.0017,0.3235,0.0016,0.0185,0.0587,0.3362,0.003,0.0696,0.8905,0.9327
111,Extremoduro,Si te vas...,Spain,2x59pa3xDf8hHZ4N3f5fGQ,longing,0.9883,False,0.7314,0.9883,0.011,0.7479,0.6859,0.4002,0.8814,0.9445,0.6377,0.256
112,Chayanne,Bailando Bachata,Spain,2dK99lWPkBVwNen6gK1AtI,longing,0.9931,False,0.9866,0.9931,0.687,0.031,0.1282,0.0014,0.1762,0.3284,0.9878,0.0117
113,Omar Courtz,UNA NOTi,Spain,61tC2eD62xjmkEX9FGEad7,longing,0.9861,False,0.819,0.9861,0.0137,0.3727,0.3835,0.1479,0.0605,0.49,0.962,0.9377
114,Omar Courtz,SKY,Spain,52eJOGfsKEEkHrfZt6Kl3p,longing,0.9635,False,0.4813,0.9635,0.2028,0.4703,0.414,0.0371,0.1579,0.2787,0.8007,0.2672
115,"Marshmello, Manuel Turizo",El Merengue,Spain,5KbBVSj6AJZ5662fO8EYFh,longing,0.9925,False,0.8665,0.9925,0.0044,0.9824,0.8973,0.4064,0.0143,0.943,0.4196,0.6989
116,Alex Warren,Ordinary,Spain,2RkZ5LkEzeHGRsmDqKwmaJ,love,0.9886,False,0.9886,0.961,0.8986,0.1995,0.2608,0.5239,0.5067,0.0844,0.9389,0.0391
117,Siloé,Todos los Besos,Spain,2vSJKKmOEJQA5tr082p5XX,sensual,0.9175,False,0.7749,0.8444,0.0297,0.5493,0.4822,0.1347,0.1563,0.4271,0.9175,0.2185
118,"8belial, yyy891, JOHNNYFUU",YSL,Spain,10lwU4asYs565RmEkPWHn5,sensual,0.9789,False,0.7827,0.9123,0.3823,0.0118,0.0238,0.0155,0.2294,0.4748,0.9789,0.4432
120,"Quevedo, Aitana",GRAN VÍA,Spain,2kQ1OvmMzs1xdlH020aJJh,longing,0.9723,False,0.01,0.9723,0.0092,0.3241,0.3608,0.385,0.2255,0.7034,0.7894,0.2032
121,"JC Reyes, Dei V",FLIPA,Spain,1dnKyTHMBWzbYZ2LDXBefu,sensual,0.9571,False,0.2306,0.7604,0.0432,0.0436,0.0318,0.04,0.0518,0.2753,0.9571,0.8391
122,Manuel Turizo,Por un Pendejo no se llora,Spain,4VPl3WGYKxQG8EVis7uLDt,lonely,0.2192,True,0.1398,0.1216,0.0004,0.1878,0.0455,0.1022,0.002,0.2192,0.0676,0.1038
123,Fito y Fitipaldis,Antes de que cuente diez,Spain,3xiNRrrVROKlHrflHGNTfG,heartbreak,0.9611,False,0.9194,0.959,0.0012,0.9611,0.8723,0.7311,0.0034,0.9426,0.3572,0.5533
124,Yan Block,111,Spain,2SPBFiD8iITb8CKJGz1TEQ,lonely,0.9782,False,0.6581,0.9615,0.0203,0.9502,0.7194,0.6142,0.0385,0.9782,0.9137,0.5221
125,"Danny Ocean, Kapo",Imagínate,Spain,7ns16ylM6sbxo9ZWIwyE5d,longing,0.863,False,0.4333,0.863,0.2253,0.0214,0.0062,0.002,0.1836,0.317,0.813,0.0132
126,Fito y Fitipaldis,Soldadito marinero,Spain,0eVborSuxUeSg0meWYd9dZ,heartbreak,0.8268,False,0.0074,0.4976,0.0001,0.8268,0.4787,0.3274,0.0005,0.2021,0.0562,0.1459
127,"Bad Bunny, Los Pleneros de la Cresta",CAFé CON RON,Spain,6VNXmo59yDYgcwLS17UNAW,longing,0.7805,False,0.0263,0.7805,0.0352,0.4204,0.4315,0.6004,0.0704,0.4827,0.6681,0.6789
128,"Mr Plata, El Americano 4KT",Las Muñequitas,Spain,4nJJCRYru4QQakCiUA155f,sensual,0.8266,False,0.0089,0.4467,0.007,0.5252,0.3905,0.1312,0.0922,0.3994,0.8266,0.3854
129,"Anuel AA, Bad Bunny",Hasta Que Dios Diga,Spain,06s3QtMJVXw1AJX3UfvZG1,sensual,0.7759,False,0.5712,0.7521,0.1687,0.0936,0.065,0.0569,0.1505,0.2855,0.7759,0.5261
130,Melendi,Caminando por la vida,Spain,47rUM6vGXo8gBGpeG5TuU7,longing,0.9228,False,0.5703,0.9228,0.1513,0.1867,0.252,0.058,0.2945,0.3341,0.7783,0.0062
131,Hades66,YO QUIERO,Spain,47sQ0h1xhlDWJ3nHbwYPrg,sensual,0.9552,False,0.0088,0.9172,0.0276,0.0402,0.104,0.4855,0.1288,0.8666,0.9552,0.952
132,"JC Reyes, De La Rose, MC Menor JP",NINFO,Spain,1CTTIrl42flqn1WYUoxl0H,longing,0.9952,False,0.3552,0.9952,0.0167,0.121,0.1923,0.2209,0.0112,0.2673,0.4945,0.2855
133,"La La Love You, Samuraï",El Principio de algo,Spain,10KB4HkYIpNOd0QhyohMre,love,0.9797,False,0.9797,0.9785,0.0235,0.8337,0.5102,0.2067,0.026,0.308,0.7247,0.2519
134,Zion & Lennox,La player (Bandolera),Spain,0VKkyBKCXyR99navhVRqcP,sensual,0.9217,False,0.1885,0.8443,0.0387,0.3414,0.2082,0.382,0.1694,0.9111,0.9217,0.4566
135,Cristina Lora,2 PUÑALAITAS (de Andalucía),Spain,19FOoq7R0ULz8bamEpOprK,heartbreak,0.0046,True,0.0001,0.0005,0.0001,0.0046,0.0033,0.0009,0.0001,0.0004,0.0003,0.0009
136,Quevedo,Columbia,Spain,0uqt3MShCD4uYCIRNm6d4o,longing,0.4849,False,0.4822,0.4849,0.0091,0.423,0.2821,0.0692,0.1093,0.3992,0.4388,0.4365
137,"Camin, Rvfv",Golfista,Spain,2R0RvdGFAOCznsB85KN0f4,longing,0.8207,False,0.0736,0.8207,0.0437,0.215,0.1946,0.3006,0.5047,0.5866,0.5105,0.1977
138,Omar Courtz,SUSU,Spain,6dWJciH0aK0TWiDvVmMUX6,longing,0.9946,False,0.9705,0.9946,0.4574,0.0233,0.0165,0.015,0.3949,0.6498,0.9924,0.1348
139,Estopa,Como Camarón,Spain,1VB4sadHjFcFklHcZuoROi,longing,0.9725,False,0.1304,0.9725,0.0014,0.904,0.9021,0.6986,0.0007,0.5788,0.1817,0.8756
140,"Lady Gaga, Bruno Mars",Die With A Smile,Spain,7so0lgd0zP2Sbgs2d7a1SZ,longing,0.9904,False,0.9841,0.9904,0.066,0.8646,0.7249,0.1239,0.0252,0.377,0.7301,0.0101
141,Romeo Santos,Imitadora,Spain,6r46lnXFbE9fr2d3KNaGbe,lonely,0.9879,False,0.6803,0.9796,0.0066,0.9766,0.9299,0.8534,0.0566,0.9879,0.904,0.8677
142,Olivia Dean,So Easy (To Fall In Love),Spain,6sGIMrtIzQjdzNndVxe397,love,0.9898,False,0.9898,0.9051,0.338,0.0055,0.0048,0.0008,0.6412,0.0288,0.9288,0.001
143,Ozuna,Se Preparó,Spain,1m69ELEgE6k5ZWsap40ozt,heartbreak,0.9323,False,0.3238,0.7076,0.1543,0.9323,0.4493,0.086,0.1401,0.4462,0.8792,0.3191
144,"Omar Courtz, De La Rose, Haze",Kyoto,Spain,7eNwwoxDR8KVzNAuGvliAO,longing,0.9799,False,0.7504,0.9799,0.1509,0.256,0.0972,0.0862,0.4112,0.8953,0.9718,0.2656
145,Olivia Dean,Man I Need,Spain,1qbmS6ep2hbBRaEZFpn7BX,longing,0.9816,False,0.5754,0.9816,0.07,0.0869,0.0571,0.0285,0.6517,0.9508,0.7998,0.1067
146,Beéle,si te pillara,Spain,1C7NXX8UJ6pgNx8EkmyZDd,longing,0.8155,False,0.2819,0.8155,0.1156,0.5368,0.5008,0.4465,0.147,0.4952,0.5802,0.3194
147,Clarent,Enzaciao,Spain,0h0mWHM5SkpS9rcmGyBoox,anger,0.437,False,0.0143,0.4335,0.0602,0.0768,0.1431,0.1483,0.0893,0.4295,0.4361,0.437
148,"Marc Seguí, Rauw Alejandro, Pol Granch",Tiroteo - Remix,Spain,4OwhwvKESFtuu06dTgct7i,longing,0.9953,False,0.8943,0.9953,0.0006,0.9895,0.9799,0.9537,0.5,0.971,0.5102,0.3622
149,Melendi,Tu jardín con enanitos,Spain,6yCjU5j6YHbux2VQCBTTE1,love,0.9552,False,0.9552,0.952,0.0326,0.4979,0.3761,0.0133,0.156,0.3306,0.5869,0.0208
150,Extremoduro,Stand By,Spain,6BxCmy6vGbuOckxg6YfQOW,longing,0.9872,False,0.3888,0.9872,0.002,0.8245,0.7167,0.2879,0.1383,0.8284,0.7009,0.4742
151,Benson Boone,Beautiful Things,Spain,3xkHsmpQCBMytMJNiDf3Ii,longing,0.9896,False,0.8893,0.9896,0.0183,0.5514,0.5395,0.0467,0.6813,0.4865,0.4431,0.0083
152,"Abraham Mateo, Ana Mena",Quiero Decirte,Spain,4Oc1qHsjM4kM0AARvlwSs3,love,0.9804,False,0.9804,0.9768,0.0094,0.976,0.9596,0.4178,0.8318,0.9691,0.5841,0.215
153,"Feid, ATL Jacob",LUNA,Spain,7bywjHOc0wSjGGbj04XbVi,longing,0.994,False,0.2271,0.994,0.0016,0.9932,0.9803,0.942,0.0198,0.9897,0.5459,0.9497
154,"Bryant Myers, Anuel AA, Anonimus, Almighty",Esclava - Remix,Spain,2Mgur7BKnpr7OG3izSNFTA,longing,0.7437,False,0.3533,0.7437,0.1307,0.3172,0.1285,0.2659,0.0181,0.3708,0.6872,0.6957
156,"Pepe y Vizio, Delaossa, KIDDO",El Patio,Spain,0PtLrH95CQ2lKf6pym5LmA,longing,0.9835,False,0.5987,0.9835,0.3228,0.5931,0.6206,0.119,0.889,0.6585,0.9581,0.0542
157,"Maluma, Trap Capos, Noriel, Bryant Myers, Juhn","Cuatro Babys (feat. Trap Capos, Noriel, Bryant Myers & Juhn)",Spain,0JoHqmlqE0W0i9prt6kcHR,lonely,0.6229,False,0.4985,0.5258,0.0272,0.1976,0.0518,0.4056,0.0537,0.6229,0.6039,0.162
158,"ROSALÍA, Björk, Yves Tumor",Berghain,Spain,2T8yuUKl1nhmtaIocqWo4i,longing,0.7014,False,0.175,0.7014,0.0001,0.3408,0.284,0.0302,0.0003,0.0481,0.0189,0.3108
159,Boza,Hecha Pa' Mi,Spain,3VvA1wSxukMLsvXoXtlwWx,sensual,0.9762,False,0.9493,0.9139,0.3729,0.0314,0.0186,0.0378,0.0756,0.4694,0.9762,0.0752
160,"JC Reyes, David Marley",CELOSA,Spain,0dLdgRj8l4N0rmAwDxIV1Z,love,0.9876,False,0.9876,0.969,0.1524,0.6725,0.6056,0.9481,0.3824,0.8158,0.835,0.7068
161,Fito y Fitipaldis,Me equivocaría otra vez,Spain,5SMdW9cbM4wTMMPI8Ck08a,heartbreak,0.965,False,0.0073,0.9528,0.0003,0.965,0.7402,0.8486,0.0012,0.9249,0.0633,0.4251
162,sombr,back to friends,Spain,7qjZnBKE73H4Oxkopwulqe,longing,0.9915,False,0.79,0.9915,0.004,0.9494,0.8967,0.6063,0.0347,0.619,0.9897,0.0739
163,Los Delinqüentes,El aire de la calle,Spain,2PaETSKl3w3IdtLIbDnQXJ,longing,0.8365,False,0.5097,0.8365,0.0584,0.4684,0.4465,0.5275,0.0447,0.4379,0.4513,0.71
164,"Quevedo, Pitbull",MR. MOONDIAL,Spain,67LKV40NfSSGIJnm0xz6fi,sensual,0.9735,False,0.9532,0.9614,0.5129,0.0101,0.0095,0.0118,0.6417,0.5678,0.9735,0.0264
165,Teddy Swims,Lose Control,Spain,17phhZDn6oGtzMe56NuWvj,heartbreak,0.9942,False,0.0838,0.9082,0.0004,0.9942,0.9495,0.9771,0.0022,0.9797,0.1851,0.6582
166,Kapo,OHNANA,Spain,482PEx8hfMHSsuGtHd960A,longing,0.9763,False,0.8443,0.9763,0.2225,0.6976,0.8018,0.3962,0.0895,0.9692,0.9599,0.2609
167,"Mora, Bad Bunny, Sech",Volando - Remix,Spain,0G2zPzWqVjR68iNPmx2TBe,longing,0.9937,False,0.9809,0.9937,0.0203,0.9295,0.8024,0.1523,0.2284,0.9323,0.961,0.2767
168,Romeo Santos,Propuesta Indecente,Spain,5PycBIeabfvX3n9ILG7Vrv,sensual,0.9835,False,0.4386,0.8398,0.3676,0.0634,0.1116,0.0238,0.0948,0.301,0.9835,0.0553
169,ROSALÍA,Reliquia,Spain,4ORvXsPK9AJmDzm36BYcdy,longing,0.6437,False,0.059,0.6437,0.0038,0.6341,0.1222,0.0119,0.0164,0.5235,0.281,0.0171
170,"JC Reyes, Pirlo",REMEDIO,Spain,63zeT81t627KKfZsC920QN,anger,0.9205,False,0.4984,0.5951,0.0134,0.5116,0.3935,0.5083,0.018,0.1334,0.8823,0.9205
171,Pablo Chill-E,Resentia,Spain,2ANtIUI9cipWNI685VdlZb,heartbreak,0.6488,False,0.4923,0.5227,0.0242,0.6488,0.5242,0.2405,0.1054,0.5073,0.4635,0.2553
172,"Bad Bunny, Chuwi",WELTiTA,Spain,5WEF0icHWmAZBBMglBd599,love,0.9805,False,0.9805,0.9623,0.8582,0.0013,0.0013,0.0004,0.8672,0.0086,0.9762,0.0007
173,Anuel AA,¿Qué Nos Pasó?,Spain,7k3qWn8D43a5ISa3x8lJux,anger,0.9383,False,0.0171,0.7282,0.0421,0.8121,0.6441,0.7534,0.0201,0.7483,0.4038,0.9383
174,The Goo Goo Dolls,Iris,Spain,6Qyc6fS4DsZjB2mRW9DsQs,longing,0.9932,False,0.9126,0.9932,0.0027,0.7385,0.6136,0.0119,0.0062,0.2681,0.4796,0.0029
175,Beéle,quédate,Spain,6VfL3MEuYeJbDlD8m011HR,longing,0.9926,False,0.9728,0.9926,0.013,0.9825,0.9396,0.4405,0.1122,0.9761,0.9151,0.3387
176,Siloé,"Si Me Necesitas, Llámame",Spain,4DEdfr4plBy97DH4YPg4At,lonely,0.9697,False,0.1393,0.6304,0.0014,0.849,0.6908,0.8766,0.0018,0.9697,0.5148,0.8179
177,"Omar Courtz, BASSYY",GANTEL y BELLAKz,Spain,7cVS9dvpA6p2dIVibiGaso,sensual,0.9474,False,0.4873,0.9272,0.0507,0.0095,0.0876,0.0395,0.3863,0.1217,0.9474,0.718
178,"Sebastian Yatra, Manuel Turizo, Beéle",Vagabundo,Spain,68nZjz3bLH1MM0cURT1YVH,love,0.9881,False,0.9881,0.8582,0.2839,0.3938,0.1394,0.0035,0.044,0.3002,0.7318,0.0154
179,SAIKO,COSAS QUE NO TE DIJE,Spain,5xSt1wxZobFcLzHrFakv6z,longing,0.8932,False,0.731,0.8932,0.2623,0.3743,0.3276,0.0438,0.4412,0.3001,0.6609,0.0661
180,"Eflexx, D.Valentino, Enry-K",Tititi,Spain,1V6EjrslcQOQrKgjrUvgi1,love,0.9854,False,0.9854,0.9725,0.6482,0.0572,0.3633,0.0061,0.2478,0.0409,0.7101,0.0196
181,"Bad Bunny, Bomba Estéreo",Ojitos Lindos,Spain,3k3NWokhRRkEPhCzPmV8TW,sensual,0.9457,False,0.7069,0.9259,0.1484,0.513,0.4891,0.4836,0.0839,0.2573,0.9457,0.4446
182,"Lauta, Amigo de Artistas, Tote",Puñaladas,Spain,4AL4EamHEBKPpdcFRkYdXN,longing,0.9808,False,0.9644,0.9808,0.4451,0.9793,0.9542,0.5886,0.1674,0.9629,0.936,0.0986
183,LAJA,SETEADORA,Spain,3jKrhSKDKOUlKYpNL12zjb,longing,0.8158,False,0.0231,0.8158,0.0032,0.5321,0.7508,0.5586,0.0904,0.2654,0.425,0.5262
184,Bad Bunny,MONACO,Spain,4MjDJD8cW7iVeWInc2Bdyj,sensual,0.9725,False,0.5166,0.7221,0.3848,0.1613,0.2485,0.1973,0.0759,0.5001,0.9725,0.5783
185,"De La Rose, Omar Courtz",NUBES,Spain,5PPYg2Fa1fCkrRBv6vIeeU,sensual,0.9933,False,0.8999,0.9882,0.1728,0.4815,0.3751,0.1177,0.3921,0.8861,0.9933,0.333
186,Omar Courtz,M U S A E L E V Á,Spain,7vPsviPvbWsFd9VuftF5JT,lonely,0.842,False,0.1188,0.8209,0.045,0.2037,0.1323,0.0126,0.1327,0.842,0.7944,0.1742
187,"KAROL G, Feid",Verano Rosa,Spain,0nafF9MxcXJBQWv3BTKtdF,longing,0.9792,False,0.9329,0.9792,0.1405,0.2314,0.2375,0.1441,0.2603,0.8369,0.9699,0.7378
188,Omar Courtz,OUTRO,Spain,3nREMKR9AuM6AikqWwcAUA,anger,0.7916,False,0.4482,0.6733,0.063,0.123,0.2682,0.5414,0.0186,0.1764,0.5332,0.7916
189,"ROSALÍA, Rauw Alejandro",BESO,Spain,609E1JCInJncactoMmkDon,love,0.9861,False,0.9861,0.9844,0.3143,0.579,0.4223,0.0257,0.3304,0.8232,0.9603,0.104
190,"SAIKO, Omar Courtz",LOKENECESITAS,Spain,1cQx85WypWumn7ZQjUxWQi,sensual,0.9613,False,0.5902,0.9161,0.0725,0.1848,0.0259,0.0188,0.1547,0.2207,0.9613,0.2926
191,"JHAYCO, J Balvin, Bad Bunny",No Me Conoce - Remix,Spain,2beS6dD5rovBxSA1zYoSHR,sensual,0.7709,False,0.3468,0.573,0.0693,0.0249,0.0178,0.0435,0.0435,0.4137,0.7709,0.2944
192,Ultraligera,Lapsus,Spain,5gaHUShVDYB2kn5s0xzIAi,heartbreak,0.883,False,0.8194,0.8655,0.0227,0.883,0.8502,0.2024,0.0078,0.5073,0.6851,0.1233
193,"C. Tangana, Niño de Elche, La Húngara",Tú Me Dejaste De Querer,Spain,5ddFjrPG8NgQQ6xlOQIVd2,longing,0.8924,False,0.4495,0.8924,0.3773,0.5063,0.4871,0.4769,0.2831,0.5458,0.851,0.563
194,Don Omar,Dile,Spain,69Ej1xrGjOcHvIMtMKxK0G,sensual,0.9657,False,0.5675,0.9505,0.0032,0.8971,0.7408,0.1928,0.3055,0.6554,0.9657,0.8891
195,Fito y Fitipaldis,La casa por el tejado,Spain,428cFrawSqeLoyooQjAW9d,lonely,0.9737,False,0.2752,0.9029,0.0317,0.9293,0.8505,0.7136,0.0617,0.9737,0.5816,0.2417
196,"Yapi, SOUNDPLUG",POR TI,Spain,3Ip1sc72P5uz8BUB9kb4QQ,longing,0.994,False,0.9832,0.994,0.051,0.9716,0.9561,0.6619,0.433,0.9799,0.9474,0.8936
197,La Oreja de Van Gogh,Rosas,Spain,4waqcUQWdj0yH26STWl2Rq,longing,0.9746,False,0.958,0.9746,0.0919,0.9548,0.8423,0.5927,0.8653,0.9611,0.7932,0.0496
198,C. Tangana,Mala Mujer,Spain,067QpM2xLhK24hTiovC3Zo,longing,0.9839,False,0.003,0.9839,0.0018,0.953,0.9135,0.9754,0.0014,0.9362,0.8999,0.6949
199,Sabrina Carpenter,Manchild,Spain,2BwO5K8Q7EPAJSGze3AAh9,anger,0.9562,False,0.1594,0.7419,0.014,0.7906,0.5948,0.8796,0.0499,0.7908,0.9041,0.9562
200,"John Pollõn, TylerB",Vehículo longo,Spain,0GHaZd4ggGCx2RlMsDr9Vj,longing,0.9904,False,0.9125,0.9904,0.0295,0.5271,0.289,0.3432,0.1313,0.7916,0.9773,0.8011
