rank,artist,title,region,spotify_uri,dominant_emotion,emotion_admiration,emotion_amusement,emotion_anger,emotion_annoyance,emotion_approval,emotion_caring,emotion_confusion,emotion_curiosity,emotion_desire,emotion_disappointment,emotion_disapproval,emotion_disgust,emotion_embarrassment,emotion_excitement,emotion_fear,emotion_gratitude,emotion_grief,emotion_joy,emotion_love,emotion_nervousness,emotion_optimism,emotion_pride,emotion_realization,emotion_relief,emotion_remorse,emotion_sadness,emotion_surprise,emotion_neutral,dominant_emotion_emotive,neutral_score
1,"Mr Plata, El Americano 4KT",Las Muñequitas,Colombia,4nJJCRYru4QQakCiUA155f,amusement,0.004,0.3923,0.029,0.0646,0.0214,0.0037,0.0039,0.0077,0.0184,0.0081,0.0121,0.0073,0.0019,0.0029,0.0008,0.0002,0.0005,0.0137,0.1057,0.0005,0.0035,0.0004,0.0075,0.0004,0.0006,0.0034,0.0011,0.3227,amusement,0.3227
2,"ARIA VEGA, Ryan Castro",CHÉVERE (premium_remix),Colombia,3CBEVPwR3kUXDoTx1lqFUQ,love,0.0081,0.0181,0.0161,0.0278,0.0429,0.0087,0.0361,0.0766,0.0162,0.018,0.014,0.0032,0.0019,0.0103,0.0027,0.0005,0.0014,0.0222,0.4801,0.0042,0.008,0.0004,0.0081,0.001,0.0051,0.0304,0.0038,0.4012,love,0.4012
3,"Ryan Castro, Kapo, Gangsta",LA VILLA,Colombia,2ZyrAym0sRLwt4PhGotHuI,neutral,0.0339,0.0371,0.0021,0.008,0.0844,0.0024,0.0013,0.0016,0.0021,0.0023,0.0037,0.0016,0.0007,0.0237,0.0012,0.0007,0.0004,0.1176,0.1237,0.0005,0.0035,0.0018,0.0098,0.0016,0.0003,0.0011,0.0015,0.583,love,0.583
4,Kris R.,GANAS,Colombia,4KE9Ne3hgh18B3Th4xcylg,amusement,0.0079,0.4549,0.0287,0.0548,0.0212,0.0081,0.1341,0.0762,0.0406,0.182,0.025,0.0071,0.0058,0.0131,0.0057,0.0014,0.0048,0.0856,0.1268,0.0134,0.0126,0.0007,0.0242,0.0028,0.0102,0.2587,0.0075,0.0365,amusement,0.0365
5,"W Sound, Beéle, Ovy On The Drums",La Plena - W Sound 05,Colombia,6iOndD4OFo7GkaDypWQIou,love,0.0633,0.0044,0.0034,0.0047,0.0806,0.0044,0.0198,0.0326,0.0115,0.003,0.0047,0.0018,0.0009,0.0392,0.0017,0.0009,0.0005,0.0477,0.929,0.0016,0.0109,0.0009,0.0107,0.0009,0.001,0.0022,0.0075,0.0312,love,0.0312
6,Beéle,no tiene sentido,Colombia,1HEwEN64NjgTaHmo7LfkX8,fear,0.0013,0.003,0.0105,0.0556,0.0168,0.0026,0.1785,0.0212,0.0017,0.0482,0.2031,0.0117,0.0128,0.006,0.331,0.0003,0.0022,0.0048,0.0015,0.0596,0.003,0.0006,0.0584,0.0026,0.0007,0.017,0.0243,0.2094,fear,0.2094
7,"J Balvin, Ryan Castro, DJ Snake",Tonto,Colombia,7mU1fei7P9h4mpjP2Otdw5,neutral,0.0356,0.0045,0.0102,0.0915,0.0631,0.0006,0.0131,0.0147,0.0041,0.0163,0.1778,0.0056,0.0013,0.0136,0.0004,0.0003,0.0002,0.0068,0.0049,0.0003,0.0021,0.0009,0.0075,0.0007,0.0002,0.0008,0.0034,0.4289,disapproval,0.4289
9,Grupo Firme,El Beneficio De La Duda,Colombia,5yXt80BNZGbmHFd0NHZHNn,remorse,0.0294,0.0007,0.0031,0.0121,0.1561,0.1562,0.0028,0.0015,0.0224,0.0292,0.0609,0.0022,0.0058,0.0015,0.0013,0.1231,0.005,0.0073,0.0092,0.002,0.0461,0.0056,0.0302,0.0195,0.4379,0.0604,0.0007,0.0845,remorse,0.0845
10,"Yeison Jimenez, Luis Alfonso",Destino Final,Colombia,2E4TYekUduml1DWIqQWNcj,admiration,0.7775,0.0026,0.0021,0.0034,0.2218,0.0269,0.0218,0.0754,0.0179,0.0055,0.0082,0.0008,0.0005,0.0681,0.004,0.0027,0.0015,0.2067,0.0925,0.0036,0.0589,0.0091,0.0071,0.0076,0.0009,0.0047,0.0036,0.0176,admiration,0.0176
11,"Blessd, Los Money Makers, Prodmonja",NUEVA YORK,Colombia,5U3sC7aA5NxoMSeI1kmO2n,love,0.0241,0.2298,0.0143,0.0228,0.0356,0.0147,0.007,0.0238,0.0351,0.0379,0.0138,0.0069,0.0027,0.0056,0.0021,0.001,0.0024,0.0358,0.8351,0.003,0.0234,0.0005,0.0095,0.001,0.008,0.1236,0.0017,0.0223,love,0.0223
12,Blessd,YOGURCITO,Colombia,6rZno3nqeT7hv2PnSWRuYS,love,0.0409,0.4611,0.0095,0.0163,0.0419,0.0116,0.0117,0.034,0.0051,0.0034,0.0071,0.0026,0.0012,0.0066,0.0008,0.0008,0.0006,0.0639,0.7751,0.0008,0.0107,0.0004,0.0067,0.0007,0.0014,0.0032,0.0015,0.0396,love,0.0396
13,"Beéle, Ovy On The Drums",mi refe,Colombia,4zhk2RS2EZODmBW6il55Qj,love,0.053,0.004,0.0127,0.0165,0.0726,0.0027,0.183,0.1142,0.0028,0.0087,0.0185,0.0036,0.0028,0.0226,0.0042,0.0012,0.0008,0.015,0.8559,0.003,0.0053,0.0008,0.0225,0.001,0.0014,0.0031,0.0592,0.0423,love,0.0423
14,Bad Bunny,BAILE INoLVIDABLE,Colombia,2lTm559tuIvatlT1u0JYG2,sadness,0.006,0.0013,0.0291,0.0681,0.0153,0.0072,0.0037,0.0031,0.0507,0.2945,0.0338,0.0216,0.0065,0.0036,0.0044,0.0005,0.0073,0.007,0.3679,0.0068,0.0041,0.001,0.0158,0.0017,0.0128,0.4268,0.003,0.0412,sadness,0.0412
15,"Omar Courtz, Ñengo Flow",FOREVER TU GANTEL,Colombia,1YAWMfsmduIrpqrjP45pFn,amusement,0.0844,0.6164,0.0088,0.0309,0.0208,0.0044,0.001,0.0021,0.0606,0.0062,0.005,0.0057,0.0015,0.0111,0.0007,0.0012,0.0008,0.1026,0.0997,0.0006,0.0188,0.0016,0.0059,0.0012,0.0014,0.0043,0.0011,0.0595,amusement,0.0595
16,"Blessd, Ovy On The Drums",AMISTA,Colombia,1kJyDcBrZ7rSKnFtKc82vm,love,0.0847,0.0375,0.0091,0.0192,0.077,0.0356,0.0132,0.0167,0.2634,0.0484,0.0148,0.0063,0.0017,0.0078,0.0034,0.0029,0.004,0.0191,0.4496,0.0039,0.0632,0.0024,0.0162,0.0024,0.0121,0.0789,0.003,0.0855,love,0.0855
18,Yeison Jimenez,Por Qué la Envidia,Colombia,433eYQkvCgJKXh1o7LtplV,neutral,0.0008,0.0006,0.015,0.0857,0.0102,0.0056,0.0237,0.0137,0.0021,0.1445,0.0199,0.0083,0.0094,0.0007,0.1002,0.0001,0.003,0.0008,0.0006,0.0321,0.0053,0.0004,0.0208,0.0009,0.0023,0.0864,0.003,0.4448,disappointment,0.4448
19,"Fuerza Regida, Grupo Frontera",COQUETA,Colombia,1PREzVLuDT6PSE9sej4wnV,sadness,0.0013,0.0012,0.0115,0.044,0.0245,0.0084,0.0436,0.0553,0.0529,0.25,0.0112,0.0061,0.0051,0.0041,0.0121,0.0002,0.0116,0.0042,0.0567,0.0293,0.0063,0.0005,0.0335,0.0022,0.0152,0.5736,0.0088,0.1415,sadness,0.1415
20,"Blessd, Ovy On The Drums","""EMHDM""",Colombia,5NbIHx26LyFkW2oSNSCYBV,love,0.0087,0.0011,0.0124,0.0178,0.1591,0.0223,0.014,0.0367,0.0423,0.0456,0.0428,0.0039,0.0013,0.0036,0.0022,0.0011,0.002,0.0056,0.7649,0.0021,0.0234,0.0007,0.0158,0.0011,0.0055,0.0507,0.0018,0.1112,love,0.1112
21,"Ryan Castro, Dongo",SANKA,Colombia,46ufabZP6oK3ixmN6Gd753,neutral,0.0083,0.0146,0.0026,0.0106,0.0636,0.0007,0.0019,0.001,0.0019,0.009,0.0074,0.0046,0.0026,0.0189,0.0021,0.0002,0.0008,0.0192,0.1681,0.0009,0.0014,0.0014,0.0266,0.0013,0.0006,0.004,0.0053,0.5923,love,0.5923
22,Bad Bunny,DtMF,Colombia,3sK8wGT43QFpWrvNQsrQya,love,0.03,0.018,0.0059,0.0091,0.0462,0.0093,0.0114,0.0135,0.2373,0.0091,0.0079,0.0028,0.0011,0.0224,0.0012,0.3092,0.0011,0.1047,0.796,0.0016,0.0381,0.002,0.0073,0.0024,0.0043,0.0057,0.0017,0.0268,love,0.0268
23,"Kapo, Ryan Castro",DÓNDE,Colombia,4zqFA9MOG86u7uugR8QFDU,love,0.0936,0.0028,0.0024,0.0042,0.0794,0.0053,0.0229,0.2546,0.0157,0.0015,0.0025,0.0009,0.0003,0.0207,0.0009,0.0007,0.0003,0.0094,0.3394,0.0006,0.0089,0.0004,0.0049,0.0005,0.0006,0.0013,0.0029,0.3003,love,0.3003
24,"J Balvin, Bad Bunny",LA CANCIÓN,Colombia,0fea68AdmYNygeTGI4RC18,neutral,0.0022,0.0785,0.0038,0.0295,0.0169,0.0021,0.0459,0.0173,0.0128,0.0492,0.005,0.0052,0.0123,0.016,0.0256,0.0007,0.0063,0.1237,0.0051,0.0356,0.0068,0.0018,0.194,0.0106,0.0035,0.0634,0.0336,0.379,realization,0.379
25,Omar Courtz,POR SI MAÑANA NO ESTOY,Colombia,595wwjQiad6e6lSTScmXvz,sadness,0.0028,0.0025,0.0175,0.0322,0.0135,0.047,0.0551,0.1067,0.1497,0.1956,0.0131,0.0061,0.0042,0.0043,0.0107,0.0009,0.011,0.0066,0.4131,0.0188,0.1262,0.0005,0.0164,0.002,0.0345,0.4372,0.0076,0.0608,sadness,0.0608
26,Arcángel,Por Amar A Ciegas,Colombia,2BrfJdTXohQRtWBKsBTIp0,love,0.0034,0.0007,0.0101,0.0336,0.0835,0.0059,0.0082,0.0072,0.0099,0.0894,0.0104,0.0043,0.0028,0.0013,0.0027,0.0001,0.0021,0.0017,0.3111,0.0034,0.0071,0.0005,0.0593,0.001,0.0044,0.0808,0.0021,0.2498,love,0.2498
27,Kapo,UWAIE,Colombia,0fMjldiEpgjbWQ4bBQwVzH,love,0.6634,0.0007,0.0034,0.0051,0.1141,0.0109,0.0034,0.0077,0.0561,0.0056,0.0061,0.002,0.0005,0.0085,0.0008,0.0016,0.0006,0.013,0.7193,0.0005,0.013,0.0021,0.0057,0.0009,0.0009,0.0038,0.0014,0.0217,love,0.0217
28,Yeison Jimenez,Vete,Colombia,6cZcn282SIMmuO8FHN8634,sadness,0.0043,0.0027,0.0174,0.0218,0.0113,0.0357,0.0295,0.0923,0.0202,0.1452,0.0136,0.006,0.0025,0.0027,0.0088,0.0013,0.0361,0.004,0.0661,0.0166,0.0071,0.0004,0.0119,0.0019,0.0333,0.8975,0.0046,0.0362,sadness,0.0362
29,Lenin Ramírez,Todo Lo Fue,Colombia,0Sa8aRfGckW0qUGLrBwoBG,sadness,0.0086,0.0043,0.0202,0.0331,0.0193,0.0298,0.0011,0.0019,0.1241,0.1141,0.0096,0.0064,0.0022,0.0094,0.0033,0.0011,0.015,0.0877,0.1767,0.0081,0.0109,0.0027,0.0131,0.0068,0.0057,0.584,0.0025,0.0492,sadness,0.0492
30,Bad Bunny,EoO,Colombia,6J5kc12BW5HuP3d7C3vvx8,neutral,0.0029,0.0125,0.009,0.051,0.0447,0.0038,0.0007,0.0006,0.0043,0.0052,0.0067,0.0034,0.0011,0.0044,0.0008,0.0003,0.0004,0.014,0.0193,0.0004,0.0031,0.001,0.0087,0.0011,0.0004,0.002,0.0006,0.8465,annoyance,0.8465
31,ARIA VEGA,CHÉVERE (joesón_type_beat),Colombia,5OQCghydcEeA76eGdJ6GEa,love,0.0036,0.0058,0.1554,0.2019,0.0322,0.023,0.0679,0.0921,0.0138,0.0209,0.0381,0.0087,0.0067,0.0088,0.0049,0.0004,0.0016,0.0145,0.4125,0.0057,0.0075,0.0006,0.0104,0.0012,0.0026,0.0167,0.0079,0.1971,love,0.1971
32,"Nanpa Básico, Beéle",Hasta Aquí Llegué,Colombia,0Qe2g06yzLBuuSvVmFiweP,sadness,0.0051,0.0007,0.0172,0.0536,0.0351,0.0345,0.0602,0.0126,0.0176,0.4576,0.0619,0.0055,0.0042,0.0015,0.0199,0.0006,0.0103,0.0027,0.0599,0.0351,0.0357,0.0009,0.0332,0.0028,0.0306,0.4832,0.0026,0.0468,sadness,0.0468
33,"Ovy On The Drums, Quevedo, Beéle",YO y TÚ,Colombia,7koAf6aZgjO6TS7bipfPD0,neutral,0.0062,0.003,0.0031,0.0066,0.0462,0.0049,0.0047,0.0077,0.0373,0.0128,0.0124,0.0021,0.0007,0.0113,0.0016,0.0008,0.0007,0.008,0.4288,0.0012,0.006,0.0006,0.0073,0.0008,0.0015,0.0104,0.0018,0.4995,love,0.4995
34,"Kybba, Sean Paul, Ryan Castro, Busy Signal",Ba Ba Bad Remix,Colombia,0lMafSfME2iJEE972bsQaK,neutral,0.0099,0.359,0.0046,0.0151,0.0254,0.0018,0.0009,0.0019,0.0025,0.0018,0.0018,0.0021,0.0008,0.0123,0.0005,0.0004,0.0002,0.0404,0.0586,0.0003,0.0039,0.0006,0.0042,0.0006,0.0003,0.0009,0.0011,0.4803,amusement,0.4803
35,"Héctor ""El Father"", Wisin & Yandel",El Teléfono,Colombia,614NVFo5csQqRnryl4jXs2,desire,0.0051,0.0256,0.0029,0.0076,0.0328,0.012,0.0012,0.0081,0.3934,0.0036,0.0018,0.0018,0.0005,0.0472,0.0009,0.0007,0.0006,0.0355,0.1467,0.001,0.0172,0.0008,0.0036,0.0011,0.0013,0.0036,0.0011,0.2041,desire,0.2041
36,Herencia De Grandes,Ya Borracho,Colombia,4NyUIohBa3CEMGcXURYSOh,love,0.0177,0.0028,0.0047,0.0046,0.0332,0.034,0.0041,0.0113,0.2255,0.0065,0.0054,0.0021,0.0008,0.0576,0.0049,0.0053,0.0016,0.0743,0.9383,0.0037,0.1082,0.0014,0.0071,0.0019,0.0033,0.0098,0.0053,0.0154,love,0.0154
40,"Bad Bunny, Omar Courtz, Dei V",VeLDÁ,Colombia,7d6yK8v8J484SWH5prIQiE,neutral,0.0971,0.003,0.0019,0.0056,0.0882,0.0049,0.0076,0.0174,0.0105,0.002,0.0016,0.0016,0.0006,0.0432,0.0016,0.0007,0.0004,0.0214,0.014,0.0007,0.0118,0.0012,0.0063,0.0012,0.0004,0.0017,0.0023,0.6265,admiration,0.6265
42,Yeison Jimenez,Un Perro Enamorado,Colombia,3kcr3teEgyTOVIAxMPOPeO,love,0.0115,0.0046,0.0202,0.0267,0.0189,0.0141,0.1732,0.1054,0.0143,0.1733,0.0244,0.0087,0.0153,0.0365,0.1212,0.0021,0.0116,0.0267,0.8274,0.1422,0.0139,0.0018,0.0681,0.0054,0.0204,0.2317,0.1772,0.0134,love,0.0134
43,Arcángel,Pa' Que La Pases Bien,Colombia,1pLCpA1RN8avJxSD3ZCwhj,amusement,0.0739,0.4178,0.0011,0.006,0.1203,0.0273,0.0013,0.0019,0.0027,0.0016,0.0031,0.0008,0.0007,0.0197,0.0006,0.0032,0.0005,0.294,0.0044,0.0007,0.0158,0.0038,0.0079,0.0109,0.0004,0.0013,0.0009,0.1773,amusement,0.1773
44,"El Bogueto, Yung Beef",Cuando No Era Cantante,Colombia,6N2iccqxRInhTLHc2Fu3W0,love,0.0053,0.4219,0.0068,0.0171,0.0194,0.0149,0.0018,0.0048,0.1494,0.0233,0.0071,0.0053,0.0024,0.0057,0.0012,0.0007,0.0023,0.0675,0.5206,0.0022,0.0265,0.0008,0.0105,0.0018,0.0094,0.0717,0.0013,0.0272,love,0.0272
45,"Bad Bunny, Ozuna, Farruko, Arcángel, Ñengo Flow, DJ Luian, Mambo Kingz",Diles,Colombia,6C1RD7YQVvt3YQj0CmuTeu,neutral,0.0236,0.3544,0.0031,0.0121,0.0427,0.0024,0.0013,0.0039,0.006,0.0021,0.0018,0.0018,0.0008,0.0746,0.0006,0.0003,0.0003,0.0789,0.0519,0.0005,0.0058,0.0012,0.0058,0.0011,0.0004,0.001,0.0032,0.4063,amusement,0.4063
46,Bad Bunny,VOY A LLeVARTE PA PR,Colombia,59D4DOkspUbWyMmbAPQkxZ,neutral,0.0835,0.005,0.0049,0.0176,0.0607,0.0019,0.0046,0.0199,0.0028,0.0059,0.003,0.004,0.0009,0.0191,0.0041,0.0002,0.0004,0.0062,0.0071,0.0013,0.0047,0.0009,0.0066,0.0007,0.0002,0.0019,0.0031,0.6124,admiration,0.6124
47,Arcángel,Hace Mucho Tiempo,Colombia,0a6ogDrZBvYgDjILgsQVaJ,admiration,0.5372,0.0018,0.0019,0.0062,0.104,0.0074,0.0012,0.005,0.5025,0.0048,0.0031,0.0026,0.0005,0.0345,0.0009,0.004,0.0008,0.0141,0.0835,0.0007,0.0182,0.0047,0.0064,0.0014,0.0009,0.0035,0.0021,0.044,admiration,0.044
48,"Feid, ATL Jacob",LUNA,Colombia,7bywjHOc0wSjGGbj04XbVi,sadness,0.0056,0.0014,0.0165,0.0377,0.0124,0.016,0.0281,0.0467,0.1984,0.3369,0.0151,0.0076,0.0045,0.0049,0.0098,0.0006,0.0149,0.0051,0.1763,0.0256,0.0118,0.0008,0.022,0.0024,0.0274,0.5883,0.0095,0.049,sadness,0.049
50,Kris R.,MIL D AURA,Colombia,0LvxvoeJmdhkxRIC4orlJ3,amusement,0.0133,0.4213,0.0057,0.0231,0.0597,0.0215,0.0017,0.0031,0.0619,0.0105,0.0164,0.0016,0.0007,0.0115,0.0018,0.0005,0.0006,0.0859,0.0403,0.0013,0.0132,0.0013,0.0078,0.0021,0.0007,0.0051,0.001,0.1942,amusement,0.1942
51,"Blessd, Fuerza Regida, Ovy On The Drums",COMO OREO,Colombia,7sRXb5IgYWwVv1DaavHSNs,love,0.0457,0.4378,0.005,0.0185,0.0458,0.0036,0.0021,0.006,0.01,0.0041,0.0031,0.0021,0.001,0.0148,0.0006,0.0007,0.0006,0.1032,0.4481,0.0006,0.0081,0.001,0.0094,0.0012,0.0009,0.0034,0.0025,0.0883,love,0.0883
52,Plan B,Es un Secreto,Colombia,3KZCP2StVGdWkOKyRZNWA4,love,0.0652,0.0007,0.0017,0.0034,0.1462,0.0107,0.0011,0.0021,0.1321,0.0025,0.0026,0.0012,0.0003,0.0102,0.0006,0.0017,0.0004,0.0085,0.5592,0.0003,0.0255,0.0014,0.0054,0.0008,0.0006,0.0014,0.0008,0.1543,love,0.1543
53,Yeison Jimenez,MLP,Colombia,4DAMvNqHt0s8zJr6JwOoye,caring,0.0872,0.0009,0.0104,0.0189,0.1403,0.56,0.0285,0.1187,0.0116,0.0767,0.0309,0.0025,0.0014,0.0037,0.0071,0.0077,0.0131,0.007,0.2743,0.0196,0.0617,0.0018,0.0084,0.0072,0.0297,0.2391,0.0015,0.028,caring,0.028
54,"Blessd, Los Money Makers, Prodmonja",URUS BLUE,Colombia,4sTnItbNUAcS5KDG6vTA5B,love,0.0973,0.3556,0.0037,0.0063,0.0774,0.0116,0.0108,0.0328,0.0064,0.0021,0.005,0.0012,0.0008,0.0179,0.0013,0.0013,0.0006,0.15,0.7281,0.0015,0.0155,0.0008,0.0066,0.0014,0.0012,0.0027,0.0019,0.0428,love,0.0428
55,"Maluma, Trap Capos, Noriel, Bryant Myers, Juhn","Cuatro Babys (feat. Trap Capos, Noriel, Bryant Myers & Juhn)",Colombia,0JoHqmlqE0W0i9prt6kcHR,neutral,0.0046,0.0045,0.0359,0.1485,0.0533,0.0043,0.2202,0.0058,0.0048,0.0364,0.0171,0.007,0.003,0.0047,0.0033,0.0005,0.0013,0.0155,0.1978,0.0087,0.0046,0.0012,0.0275,0.0021,0.0042,0.0145,0.0026,0.3015,confusion,0.3015
56,"Danny Ocean, Kapo",Imagínate,Colombia,7ns16ylM6sbxo9ZWIwyE5d,curiosity,0.0324,0.003,0.0015,0.0039,0.0819,0.0083,0.099,0.3434,0.1111,0.0017,0.0027,0.0008,0.0004,0.0473,0.0011,0.0009,0.0004,0.0306,0.0849,0.0008,0.0174,0.0008,0.0046,0.0012,0.0005,0.0012,0.0038,0.2292,curiosity,0.2292
57,"Bryant Myers, Anuel AA, Anonimus, Almighty",Esclava - Remix,Colombia,2Mgur7BKnpr7OG3izSNFTA,amusement,0.0087,0.5308,0.0136,0.0289,0.0221,0.0062,0.0052,0.0496,0.0039,0.0026,0.004,0.0039,0.0012,0.0056,0.0008,0.0005,0.0004,0.0451,0.1611,0.0005,0.0068,0.0004,0.0047,0.0007,0.0007,0.002,0.0011,0.2758,amusement,0.2758
58,"CARABIN3, SVNTI",MUSA,Colombia,0QuHK1VvIZ1Kt2GfqRrdVo,amusement,0.0031,0.6534,0.006,0.03,0.026,0.002,0.001,0.0012,0.0017,0.0026,0.0048,0.0026,0.0015,0.0019,0.0006,0.0003,0.0003,0.0222,0.0026,0.0004,0.0045,0.0004,0.0084,0.0007,0.0004,0.0014,0.0006,0.4107,amusement,0.4107
59,Arcángel,Me Prefieres A Mi,Colombia,3GhmL9fuM8jwGcHCFbeo3v,neutral,0.0039,0.3338,0.0096,0.0455,0.0288,0.0063,0.0468,0.1352,0.0025,0.0035,0.008,0.0014,0.001,0.0023,0.0006,0.0003,0.0004,0.0331,0.1776,0.0008,0.0082,0.0002,0.008,0.0006,0.0011,0.003,0.0023,0.3856,amusement,0.3856
60,"Blessd, GeezyDee",DIOMEDEZ,Colombia,6qDTm2QbRSLlSmaUSJE6bF,amusement,0.0222,0.3995,0.0266,0.0592,0.031,0.2795,0.0106,0.0263,0.0103,0.0288,0.0387,0.0106,0.009,0.0044,0.0021,0.0041,0.0021,0.0227,0.2549,0.0028,0.0123,0.0008,0.0097,0.0025,0.0074,0.021,0.0022,0.0669,amusement,0.0669
61,Bad Bunny,NUEVAYoL,Colombia,5TFD2bmFKGhoCRbX61nXY5,approval,0.2444,0.0019,0.0013,0.0042,0.4054,0.0155,0.0238,0.1218,0.0034,0.0016,0.0049,0.0007,0.0003,0.0515,0.0031,0.0007,0.0004,0.0195,0.0081,0.002,0.0215,0.0023,0.0096,0.0035,0.0002,0.0011,0.0041,0.183,approval,0.183
62,"Kris R., ROA",PASIÓN Y SEXO,Colombia,4pjkZyNZnOJEPpBmzOqTC2,love,0.1995,0.3497,0.0039,0.0068,0.0918,0.0426,0.0021,0.0063,0.0518,0.0021,0.0033,0.0015,0.0005,0.0127,0.0008,0.0034,0.0006,0.1077,0.5865,0.0006,0.0324,0.0017,0.0041,0.0016,0.001,0.0023,0.0008,0.0333,love,0.0333
63,Kapo,NO CRY,Colombia,4YM3IYESNKXWYHbPXvMMVD,love,0.0065,0.002,0.0173,0.0177,0.0433,0.1031,0.0268,0.0204,0.2168,0.0536,0.037,0.0082,0.0017,0.0062,0.0124,0.0036,0.0062,0.0107,0.9108,0.0131,0.0755,0.001,0.014,0.0025,0.0174,0.1108,0.0036,0.0191,love,0.0191
64,Rels B,TU VAS SIN (fav),Colombia,6uiQ0DqbXTBc8tl0AUKZkR,love,0.0131,0.0011,0.0038,0.0063,0.1269,0.0173,0.0012,0.0019,0.1273,0.0033,0.0036,0.0018,0.0004,0.0099,0.0011,0.0009,0.0005,0.0121,0.7147,0.0007,0.0179,0.0011,0.0055,0.001,0.0009,0.0023,0.0008,0.1523,love,0.1523
65,"Blessd, J Alvarez",FANÁTICO,Colombia,0e3d2UZRjtvviXWWMRYGQo,love,0.2803,0.081,0.0025,0.0063,0.0808,0.0091,0.0012,0.0025,0.0636,0.0028,0.0037,0.0012,0.0004,0.01,0.0004,0.0014,0.0005,0.0639,0.6457,0.0003,0.0195,0.0021,0.0049,0.0009,0.0007,0.0018,0.0007,0.0619,love,0.0619
66,"Blessd, Ovy On The Drums",Mírame,Colombia,2btNsI4OvcVl7SAHQQDHFB,love,0.0043,0.2946,0.0154,0.0275,0.0287,0.0476,0.0061,0.0111,0.0573,0.0697,0.0448,0.0043,0.0022,0.0019,0.0033,0.0006,0.003,0.0257,0.3269,0.0043,0.283,0.0007,0.0154,0.002,0.0231,0.1086,0.001,0.0403,love,0.0403
67,Ñengo Flow,En Las Noches Frias,Colombia,0a0JiZejbYYem1W31fldde,amusement,0.0226,0.5002,0.0087,0.0198,0.0356,0.0986,0.0013,0.0051,0.072,0.0054,0.0092,0.002,0.0011,0.017,0.0015,0.001,0.0009,0.0811,0.0679,0.0011,0.3119,0.0016,0.0059,0.002,0.0021,0.0041,0.0037,0.0568,amusement,0.0568
68,"Tony Dize, Plan B",Solos,Colombia,3CbiuLMBPM6uV4a7HvkOib,neutral,0.0105,0.1242,0.0023,0.0097,0.0242,0.0016,0.0021,0.0021,0.004,0.0189,0.0034,0.0038,0.0026,0.0042,0.0048,0.0004,0.0024,0.0232,0.2674,0.002,0.0035,0.0007,0.0211,0.0013,0.0017,0.0492,0.0025,0.5242,love,0.5242
69,"KAROL G, Feid",Verano Rosa,Colombia,0nafF9MxcXJBQWv3BTKtdF,love,0.0041,0.002,0.0093,0.0254,0.0287,0.0037,0.0687,0.2465,0.0087,0.017,0.012,0.0042,0.0026,0.0082,0.0035,0.0001,0.001,0.004,0.386,0.0028,0.0042,0.0002,0.0117,0.0005,0.0014,0.0096,0.0114,0.2394,love,0.2394
70,Danny Ocean,Me Rehúso,Colombia,6ifUES3keWjwXgae8pXI3o,neutral,0.0017,0.0017,0.0251,0.0523,0.0201,0.0202,0.0146,0.0328,0.0293,0.0818,0.0889,0.0035,0.0016,0.0028,0.0032,0.0005,0.0016,0.0022,0.0583,0.0038,0.0072,0.0003,0.0092,0.0007,0.004,0.0573,0.0019,0.5666,disapproval,0.5666
71,"Yan Block, Panda Black",444,Colombia,1o4xkdBe0RjSf2u6VXi4OI,love,0.0224,0.0008,0.0236,0.0172,0.0931,0.0441,0.0174,0.0943,0.0769,0.0099,0.0123,0.0028,0.0006,0.0159,0.0066,0.0006,0.0012,0.0082,0.8278,0.0042,0.0357,0.0007,0.0057,0.0008,0.0015,0.0076,0.0029,0.0608,love,0.0608
72,"W Sound, Blessd, Ovy On The Drums",Soltera - W Sound 01,Colombia,13BDiikG6y5o5cQTK0HpW6,amusement,0.0128,0.731,0.0044,0.0085,0.0538,0.0087,0.1459,0.2014,0.0124,0.0041,0.0106,0.0026,0.0032,0.0988,0.0054,0.0008,0.001,0.2637,0.2956,0.0113,0.0189,0.001,0.0183,0.0037,0.0028,0.0057,0.0095,0.0324,amusement,0.0324
73,Willie Colón,Idilio,Colombia,5iwgEFKEktjBBZV3C9TTZj,love,0.0219,0.0006,0.0066,0.0131,0.0534,0.028,0.0154,0.0095,0.1316,0.0758,0.0107,0.0032,0.0014,0.0178,0.0106,0.0008,0.0037,0.0198,0.8188,0.0185,0.0443,0.0018,0.0159,0.0027,0.006,0.0675,0.0059,0.034,love,0.034
74,"Yan Block, Panda Black",Talento,Colombia,7sChwC2NZjGc2Kdni3hlDg,admiration,0.3818,0.0007,0.0443,0.048,0.2357,0.1752,0.0257,0.0654,0.0171,0.051,0.0575,0.0068,0.0044,0.003,0.0052,0.0038,0.0043,0.0029,0.0592,0.0034,0.148,0.005,0.0105,0.003,0.0851,0.0364,0.0014,0.0404,admiration,0.0404
75,"Rauw Alejandro, Bad Bunny",Qué Pasaría...,Colombia,0l0vcZMU7AOeQmUIREoI2U,neutral,0.0031,0.039,0.026,0.141,0.0167,0.0068,0.0246,0.1473,0.0055,0.0487,0.0104,0.0032,0.0014,0.0037,0.0029,0.0001,0.0011,0.0072,0.005,0.0038,0.0093,0.0002,0.0081,0.0007,0.0006,0.0192,0.0034,0.3663,curiosity,0.3663
76,"Boza, ELENA ROSE",orióN,Colombia,4feh4Ak3ZJfC6ibxkNzlkE,desire,0.0108,0.0008,0.0142,0.0256,0.0553,0.0218,0.0071,0.0342,0.4991,0.0237,0.0165,0.0079,0.001,0.0058,0.0027,0.0006,0.0012,0.0028,0.3684,0.0022,0.0164,0.0006,0.0052,0.0007,0.0025,0.0128,0.0013,0.0874,desire,0.0874
77,Luis Alberto Posada,Mal Amor,Colombia,1j4XwpoLvqdkWllikDu7Rm,sadness,0.0021,0.0015,0.0269,0.0477,0.0097,0.0152,0.0333,0.0619,0.0561,0.3752,0.0307,0.0114,0.0074,0.004,0.0167,0.0006,0.0151,0.0038,0.1856,0.0299,0.0086,0.0005,0.021,0.0019,0.0338,0.6745,0.0117,0.0353,sadness,0.0353
78,Arcángel,Ganas De Ti,Colombia,71w26UK674tLfGtJFfDSjE,love,0.0211,0.0802,0.0127,0.0149,0.0216,0.0227,0.0052,0.0193,0.1341,0.036,0.0187,0.0058,0.0017,0.0173,0.006,0.0007,0.0027,0.0516,0.9117,0.0067,0.033,0.0009,0.0055,0.0014,0.0057,0.0717,0.0021,0.0127,love,0.0127
79,Romeo Santos,Imitadora,Colombia,6r46lnXFbE9fr2d3KNaGbe,curiosity,0.005,0.0011,0.0171,0.0294,0.015,0.0176,0.2193,0.6308,0.0253,0.1251,0.0427,0.0055,0.0045,0.0055,0.0121,0.0006,0.0044,0.0037,0.3133,0.0119,0.0103,0.0002,0.0101,0.001,0.015,0.1159,0.0132,0.0753,curiosity,0.0753
80,Maluma,Borro Cassette,Colombia,6DUdDIRgLqCGq1DwkNWQTN,love,0.0181,0.0882,0.0057,0.0162,0.0576,0.0042,0.0207,0.0991,0.0049,0.0188,0.0112,0.0018,0.004,0.0734,0.004,0.0001,0.002,0.177,0.3943,0.0079,0.0059,0.0015,0.03,0.0043,0.0018,0.0159,0.048,0.0961,love,0.0961
81,"Yan Block, TORRRES",Yo sé,Colombia,5DdLSEyKh8zgCrJq2hFj92,neutral,0.0018,0.022,0.1265,0.2877,0.0135,0.001,0.0046,0.0053,0.0019,0.0164,0.0075,0.05,0.0063,0.0019,0.0029,0.0001,0.0006,0.0021,0.0015,0.001,0.0017,0.0005,0.009,0.0003,0.0004,0.0043,0.0022,0.5177,annoyance,0.5177
82,"El Americano 4KT, Kobby",The Flow's Son Black!,Colombia,6uLcqYE347zlvXD6rhiM4J,neutral,0.0022,0.0046,0.0037,0.0192,0.0357,0.0039,0.0047,0.0139,0.0027,0.0248,0.0096,0.0024,0.0016,0.0034,0.0022,0.0004,0.0028,0.0196,0.0024,0.0036,0.002,0.0006,0.0159,0.0027,0.0011,0.1243,0.0021,0.672,sadness,0.672
83,Dalmata,Dile a Tu Amiga,Colombia,3u2jlo9kygiIAq7SPVuw6S,amusement,0.1789,0.4337,0.0021,0.0085,0.0663,0.0093,0.0014,0.0054,0.1178,0.0029,0.0056,0.0015,0.0006,0.0395,0.0006,0.0015,0.0007,0.2112,0.0679,0.0008,0.0468,0.003,0.005,0.0023,0.0008,0.0019,0.0008,0.0486,amusement,0.0486
85,"Omar Courtz, ROA",WO OH OH,Colombia,0h54mLixODOqU6vTcZMqVM,love,0.0274,0.0014,0.0337,0.0255,0.0306,0.0356,0.0148,0.1092,0.1258,0.017,0.0072,0.0045,0.0008,0.0094,0.0046,0.0005,0.0017,0.0101,0.6955,0.0032,0.0474,0.0007,0.0053,0.0008,0.0026,0.0147,0.0028,0.0823,love,0.0823
86,Yeison Jimenez,Ya No Mi Amor,Colombia,7qbPQqOYYMPdQqRqv7bNin,caring,0.0047,0.001,0.0253,0.0371,0.0648,0.4547,0.0027,0.0027,0.0531,0.0555,0.0486,0.0052,0.0017,0.0019,0.0046,0.0088,0.0088,0.005,0.4429,0.007,0.059,0.0014,0.0138,0.005,0.0313,0.193,0.0011,0.0457,caring,0.0457
87,Omar Courtz,SI ESTÁS CON ALGUIEN,Colombia,7nyk5uxevcijIfl1FlJgmA,love,0.0026,0.0015,0.0531,0.0892,0.0217,0.0067,0.0202,0.0064,0.0154,0.2002,0.2729,0.0126,0.0054,0.003,0.0062,0.001,0.0025,0.0049,0.4466,0.0061,0.0089,0.0006,0.0228,0.0012,0.0064,0.1131,0.0045,0.0422,love,0.0422
88,"Alzate, Yeison Jimenez",Mi Venganza,Colombia,3f4AsGGYt94t7g1lHcsa8D,sadness,0.0031,0.0007,0.0462,0.0907,0.0206,0.0272,0.0167,0.0204,0.0058,0.3747,0.2148,0.0051,0.0033,0.0013,0.0084,0.0005,0.0075,0.0018,0.0076,0.0108,0.0092,0.0005,0.0145,0.0017,0.0084,0.4792,0.0021,0.068,sadness,0.068
90,"TURY, CARABIN3",CHUCHA,Colombia,01dFxiEOMTTzim5J3kytjA,amusement,0.0041,0.4727,0.0126,0.0448,0.0131,0.0019,0.0344,0.1798,0.003,0.0059,0.0051,0.008,0.0025,0.0025,0.0008,0.0003,0.0004,0.0154,0.0883,0.0005,0.0036,0.0003,0.0071,0.0004,0.0007,0.0034,0.0019,0.2822,amusement,0.2822
91,Bad Bunny,KLOuFRENS,Colombia,4MUrUT38U98olfnyzMBCzm,sadness,0.1019,0.003,0.0213,0.0249,0.0149,0.0147,0.0263,0.0981,0.0167,0.1995,0.0227,0.0081,0.0039,0.0253,0.0199,0.0017,0.0248,0.0129,0.2581,0.0254,0.0067,0.0012,0.0142,0.0023,0.0161,0.6373,0.0208,0.0168,sadness,0.0168
92,"KAROL G, Feid, DFZM, Ovy On The Drums, J Balvin, Maluma, Ryan Castro, Blessd",+57,Colombia,3mg9jYNC1NihbthlglzrWP,neutral,0.2713,0.2646,0.0014,0.013,0.0737,0.0036,0.0012,0.0014,0.0019,0.0038,0.0073,0.0015,0.0007,0.0115,0.0006,0.0009,0.0004,0.0286,0.004,0.0003,0.0159,0.0021,0.0096,0.0016,0.0004,0.0012,0.002,0.3201,admiration,0.3201
93,Yeison Jimenez,El Mejor Caballo,Colombia,4Udf3NPZZVggwmVXHcjuqA,love,0.0337,0.001,0.0167,0.0176,0.0771,0.3564,0.0129,0.0741,0.0293,0.0438,0.0143,0.003,0.0016,0.0057,0.0083,0.0021,0.0177,0.0102,0.7513,0.0153,0.0165,0.0015,0.0111,0.0045,0.018,0.3664,0.0027,0.0457,love,0.0457
95,Milo j,Niño,Colombia,4aDbrgm1ZaebS1Bb2dOXac,sadness,0.0106,0.0009,0.0052,0.0118,0.0265,0.1406,0.0133,0.0819,0.1931,0.0771,0.0087,0.0033,0.0011,0.0041,0.0097,0.0006,0.0154,0.0043,0.0709,0.0186,0.032,0.0008,0.0083,0.0027,0.012,0.5246,0.0025,0.0914,sadness,0.0914
98,Omar Courtz,KOKO,Colombia,1tz7RZirwiuaJw2p0jbdHb,amusement,0.2766,0.5221,0.0015,0.0103,0.0432,0.0025,0.0019,0.0066,0.0658,0.0048,0.003,0.0023,0.0009,0.0181,0.0004,0.0007,0.0006,0.1095,0.0234,0.0006,0.0172,0.0023,0.0074,0.0018,0.0009,0.0024,0.0014,0.0589,amusement,0.0589
99,Kapo,OHNANA,Colombia,482PEx8hfMHSsuGtHd960A,admiration,0.5663,0.0032,0.0033,0.0089,0.0366,0.0009,0.0057,0.0053,0.006,0.0071,0.0061,0.0021,0.001,0.3364,0.0031,0.0006,0.0009,0.068,0.0902,0.0019,0.0032,0.0074,0.013,0.0018,0.0002,0.0018,0.0515,0.0324,admiration,0.0324
100,"Tony Dize, Yandel",Permítame,Colombia,6OaGIYcVzx5c7aEKkuYS1M,neutral,0.035,0.4024,0.0015,0.0074,0.0697,0.0015,0.0012,0.0021,0.0013,0.002,0.0028,0.0011,0.0007,0.0197,0.0005,0.0008,0.0003,0.1509,0.0158,0.0004,0.0038,0.0011,0.0075,0.0013,0.0003,0.001,0.0017,0.4556,amusement,0.4556
101,"Kenny Die, Blessd, Kris R., Sebas",Ultra Complicado (feat. Sebas) - Remix,Colombia,569xAmXCkpM3IsEOiG4hWe,love,0.0691,0.0355,0.0039,0.0079,0.0606,0.003,0.1024,0.0884,0.0032,0.0033,0.0044,0.0018,0.0009,0.0207,0.0017,0.0006,0.0006,0.1033,0.601,0.0014,0.0046,0.0011,0.0104,0.0011,0.0007,0.0027,0.0036,0.2569,love,0.2569
104,"Blessd, Anuel AA, Kris R., Young Fatty, CARABIN3, GeezyDee, TURY","BUENOS DIAS (feat. Tury, GeezyDee, CARABIN3)",Colombia,10B0cONtHL7b8hdMRE2Du6,love,0.1617,0.1773,0.0043,0.0084,0.0554,0.0271,0.0012,0.0032,0.0925,0.0038,0.0066,0.0017,0.0006,0.0231,0.0008,0.0031,0.0009,0.1926,0.6107,0.0008,0.0604,0.0024,0.0043,0.002,0.0016,0.0035,0.0009,0.0316,love,0.0316
106,Fuerza Regida,Marlboro Rojo,Colombia,3hpm0fTeSqlhJbnqAgaLZs,disapproval,0.001,0.0012,0.0103,0.1914,0.0126,0.002,0.0316,0.0047,0.0059,0.2945,0.3291,0.0079,0.0032,0.0016,0.0024,0.0005,0.0007,0.0015,0.0008,0.0021,0.0187,0.0003,0.0129,0.0009,0.0012,0.0091,0.0025,0.327,disapproval,0.327
107,Frankie Ruiz,Tú Con Él,Colombia,6cHHrFD3fmBG9MR3k8kvep,love,0.1165,0.0032,0.0073,0.0117,0.0699,0.0097,0.0054,0.0017,0.0114,0.0333,0.0105,0.0044,0.0031,0.0079,0.0055,0.0043,0.0032,0.0261,0.9473,0.0041,0.0188,0.0038,0.0811,0.0032,0.0058,0.0325,0.0155,0.0141,love,0.0141
108,"KAROL G, Marco Antonio Solís",Coleccionando Heridas,Colombia,3ddJ8Vbc5tYPxq5zKRVke6,curiosity,0.0021,0.0009,0.004,0.0152,0.0364,0.0386,0.1366,0.3032,0.129,0.141,0.0286,0.0029,0.0021,0.0025,0.0096,0.0003,0.0049,0.0022,0.057,0.0151,0.0564,0.0004,0.0162,0.0015,0.0179,0.1815,0.0041,0.1506,curiosity,0.1506
109,Bad Bunny,MONACO,Colombia,4MjDJD8cW7iVeWInc2Bdyj,neutral,0.043,0.0817,0.0095,0.0735,0.0702,0.0031,0.0135,0.0369,0.0036,0.0194,0.0239,0.0048,0.0017,0.003,0.0019,0.0002,0.0014,0.0089,0.0083,0.0032,0.007,0.0006,0.0184,0.0014,0.0011,0.0232,0.003,0.4491,amusement,0.4491
110,Yeison Jimenez,Ni Tengo Ni Necesito,Colombia,6829KtrgNt2ZwrsE19nTEd,neutral,0.0054,0.0008,0.0048,0.1358,0.1846,0.004,0.0021,0.0007,0.0027,0.0538,0.1147,0.0017,0.0011,0.001,0.0005,0.0008,0.0005,0.0027,0.0005,0.0007,0.0128,0.0017,0.0521,0.003,0.0004,0.0032,0.0007,0.5016,approval,0.5016
111,"Kris R., Blessd",Las Piponas (Remix),Colombia,281YJmnThveWjsWVic9Ym6,amusement,0.008,0.8472,0.0081,0.0537,0.0218,0.0038,0.0035,0.0062,0.0025,0.0093,0.0129,0.0045,0.0041,0.0039,0.0008,0.0005,0.0006,0.105,0.0139,0.0013,0.0066,0.0006,0.0104,0.0021,0.0013,0.0056,0.0011,0.1253,amusement,0.1253
113,"Blessd, Kris R.",POLOS OPUESTOS REMIX - BLESSD VERSION,Colombia,2ALQyXMC26Vew7JX7ert9M,love,0.0218,0.5385,0.0066,0.0143,0.0318,0.01,0.0289,0.0249,0.0268,0.0131,0.0128,0.0032,0.0022,0.0115,0.0013,0.0122,0.0012,0.0864,0.7406,0.0023,0.0282,0.0008,0.0148,0.0017,0.0049,0.0132,0.0038,0.021,love,0.021
114,"Rauw Alejandro, Romeo Santos",Khé?,Colombia,1YYfyJ2yCvGFCxwjsIqEK9,curiosity,0.0018,0.0142,0.0176,0.0515,0.0309,0.0143,0.3619,0.4152,0.024,0.0561,0.0268,0.006,0.0053,0.003,0.0076,0.0002,0.0024,0.0072,0.3371,0.0115,0.0166,0.0003,0.019,0.001,0.0168,0.0555,0.0039,0.0903,curiosity,0.0903
115,Yeison Jimenez,Qué Día Es Hoy,Colombia,5PB1ITleNasy7UMYEaBWkL,love,0.0022,0.0005,0.0572,0.0514,0.0418,0.0267,0.1039,0.2107,0.0402,0.0857,0.0224,0.0057,0.0035,0.0085,0.0481,0.0003,0.0061,0.0059,0.3534,0.0363,0.0208,0.0007,0.0318,0.0021,0.0095,0.138,0.0161,0.1069,love,0.1069
116,Zion & Lennox,La player (Bandolera),Colombia,0VKkyBKCXyR99navhVRqcP,neutral,0.0009,0.0029,0.0041,0.0187,0.012,0.0021,0.0122,0.0424,0.0022,0.0035,0.0033,0.0015,0.0007,0.0027,0.0015,0.0002,0.0003,0.0019,0.0009,0.0009,0.0029,0.0001,0.0066,0.0004,0.0003,0.0019,0.0022,0.9099,curiosity,0.9099
117,"Kris R., Blessd",COSITAS,Colombia,3ClyThLf2bguwdMcm7hqZ2,love,0.0078,0.0426,0.0285,0.0544,0.0251,0.0212,0.0085,0.0162,0.0207,0.1685,0.0227,0.0083,0.0034,0.0035,0.0089,0.0005,0.0088,0.0139,0.514,0.0132,0.0092,0.0007,0.0167,0.0018,0.0091,0.4314,0.0041,0.0424,love,0.0424
118,"Blessd, Sebastian Ledher, Tayson Kryss, Joseph Ren",UNA NOCHE DE LOCURA,Colombia,2tKVinInf0PJS1iG04zzqi,love,0.0113,0.4283,0.0046,0.0083,0.0288,0.0077,0.0033,0.0201,0.123,0.0032,0.0035,0.0018,0.0007,0.0226,0.0006,0.001,0.0006,0.1022,0.4988,0.0007,0.0321,0.0006,0.0039,0.0009,0.002,0.0031,0.0012,0.0511,love,0.0511
119,Beéle,si te pillara,Colombia,1C7NXX8UJ6pgNx8EkmyZDd,neutral,0.0021,0.0036,0.0032,0.016,0.016,0.0029,0.006,0.0049,0.0051,0.1473,0.0053,0.0042,0.0029,0.0055,0.0167,0.0005,0.0075,0.0042,0.0033,0.0242,0.0044,0.0005,0.0176,0.0012,0.0035,0.3729,0.0038,0.5286,sadness,0.5286
120,"Don Omar, Kendo Kapponi",RX,Colombia,3NgDulHteTVdF026IxY5bW,neutral,0.0011,0.0026,0.0099,0.0429,0.0147,0.0084,0.001,0.0008,0.0027,0.0048,0.0113,0.0028,0.0007,0.0011,0.0013,0.0003,0.0004,0.002,0.0008,0.0006,0.0034,0.0003,0.0048,0.0005,0.0003,0.0028,0.0004,0.927,annoyance,0.927
121,Willie Colón,Oh Qué Será?,Colombia,2n1MTLCis6qPSDKdr5XSDI,neutral,0.0016,0.0025,0.0033,0.016,0.0515,0.0047,0.2063,0.2201,0.0038,0.0258,0.038,0.0029,0.0032,0.0054,0.0333,0.0003,0.0052,0.0032,0.0036,0.0214,0.0134,0.0003,0.0315,0.0015,0.0016,0.1029,0.04,0.389,curiosity,0.389
122,Blessd,Palabras Sobran,Colombia,4wu7jIeJCUhQJaXsXVit0e,love,0.2353,0.0206,0.0082,0.0092,0.185,0.01,0.0304,0.0854,0.0209,0.0177,0.0186,0.0045,0.0038,0.0203,0.0021,0.0019,0.0021,0.0328,0.6767,0.0025,0.0124,0.0013,0.0128,0.0016,0.0474,0.0407,0.0048,0.0301,love,0.0301
123,KAROL G,Si Antes Te Hubiera Conocido,Colombia,73scB4Q4fcOmnsBVZPmk32,optimism,0.0585,0.0618,0.0038,0.0131,0.0199,0.0045,0.0156,0.0182,0.0491,0.0389,0.0651,0.0037,0.001,0.006,0.0059,0.0004,0.0008,0.0133,0.0128,0.0019,0.4504,0.0014,0.011,0.0012,0.0014,0.0052,0.0037,0.1243,optimism,0.1243
124,ARIA VEGA,AY MAMA (mi tiburón),Colombia,7yHZ66udwjeUafGohI7T46,neutral,0.0008,0.0031,0.0341,0.1583,0.0132,0.0009,0.0495,0.0064,0.0023,0.0108,0.0077,0.0125,0.0034,0.0018,0.0019,0.0002,0.0005,0.0019,0.0027,0.001,0.0017,0.0003,0.0196,0.0004,0.0004,0.0028,0.0044,0.7207,annoyance,0.7207
125,Yeison Jimenez,Aventurero,Colombia,0ftcn4ddKESqQMA784Ebc0,love,0.0661,0.0016,0.0111,0.0118,0.147,0.0103,0.002,0.0009,0.0039,0.0053,0.0198,0.0026,0.0011,0.0046,0.001,0.0019,0.0006,0.0253,0.8956,0.0006,0.0071,0.0021,0.0118,0.0016,0.0013,0.0031,0.0013,0.0302,love,0.0302
126,Willie Colón,Gitana,Colombia,4VTb5wB46sZDsfL8XgroGt,love,0.0064,0.0018,0.0148,0.0118,0.0273,0.1036,0.0226,0.0968,0.1656,0.0182,0.0132,0.0045,0.0013,0.0044,0.0072,0.0025,0.0028,0.0059,0.7142,0.0051,0.1996,0.0005,0.0079,0.0011,0.0121,0.0348,0.0029,0.0681,love,0.0681
127,Tito Rojas,Siempre Sere,Colombia,4ZGk5h0sIfeunWEKzXEoHr,love,0.0175,0.0017,0.0046,0.0054,0.0435,0.0488,0.0035,0.0053,0.3408,0.0051,0.004,0.0027,0.0005,0.0083,0.002,0.0081,0.001,0.0127,0.8203,0.0014,0.0459,0.0008,0.0054,0.001,0.0032,0.0054,0.0014,0.041,love,0.041
129,Yiyo Sarante,Corazon de Acero,Colombia,21nc3O8OncUv1jjSrC1ML2,sadness,0.0034,0.0011,0.0106,0.0229,0.0153,0.0233,0.009,0.0081,0.0184,0.2285,0.0175,0.0044,0.0062,0.0027,0.0024,0.2364,0.0134,0.0069,0.0938,0.0062,0.0102,0.0009,0.0127,0.0051,0.3395,0.5274,0.0022,0.0142,sadness,0.0142
130,GeezyDee,El Peor Hombre Del Mundo,Colombia,0TBFzXKWtoF7Lwh0LKFt8f,love,0.0145,0.3932,0.0593,0.0715,0.0147,0.0063,0.0066,0.0136,0.0065,0.0517,0.0254,0.0518,0.013,0.0087,0.0077,0.0005,0.0039,0.0244,0.4712,0.0047,0.0036,0.0008,0.0188,0.0012,0.0047,0.1754,0.0137,0.0229,love,0.0229
131,Yiyo Sarante,Manos de Tijera,Colombia,5ds1Hh3lo4JUF2vflqyayK,neutral,0.0081,0.0133,0.0809,0.2898,0.046,0.0024,0.0019,0.0006,0.0022,0.0157,0.038,0.0092,0.0019,0.0024,0.0008,0.0004,0.0003,0.0045,0.0013,0.0005,0.0051,0.0015,0.0138,0.0009,0.0003,0.0019,0.0009,0.5506,annoyance,0.5506
132,Frankie Ruiz,Deseándote,Colombia,0FsXZAMf6NACvNJ2LI6ySp,joy,0.0095,0.0045,0.0023,0.0062,0.023,0.0514,0.0007,0.001,0.2281,0.0056,0.0022,0.0018,0.0008,0.0334,0.0031,0.0049,0.0025,0.3532,0.1361,0.0049,0.0161,0.0039,0.0061,0.0101,0.0027,0.0195,0.0012,0.1408,joy,0.1408
134,"Zion & Lennox, J Balvin",Otra Vez (feat. J Balvin),Colombia,3QwBODjSEzelZyVjxPOHdq,neutral,0.0026,0.0059,0.0033,0.0088,0.0468,0.0015,0.013,0.0485,0.0053,0.0037,0.0018,0.0026,0.0015,0.0509,0.0026,0.0006,0.0007,0.0223,0.0093,0.0015,0.0041,0.0007,0.0267,0.0014,0.0006,0.0029,0.0161,0.689,excitement,0.689
135,"Grupo Frontera, Grupo Firme",EL AMOR DE SU VIDA,Colombia,34vXRJ2bCSFiZKQzVUYVOb,love,0.0085,0.0019,0.0065,0.0151,0.0641,0.0231,0.0032,0.0025,0.0393,0.1006,0.0121,0.004,0.0033,0.0083,0.0036,0.0012,0.0085,0.057,0.8289,0.0101,0.0097,0.0026,0.0343,0.0079,0.0142,0.2768,0.0053,0.0542,love,0.0542
136,Yeison Jimenez,Te Voy a Olvidar,Colombia,6jbDhMUR3Hc3yVPT2tEVxY,sadness,0.0084,0.0062,0.0044,0.0112,0.0545,0.0855,0.0023,0.0017,0.0484,0.0585,0.0109,0.0025,0.0044,0.005,0.0019,0.0064,0.0089,0.1974,0.2297,0.0091,0.0247,0.0031,0.0163,0.0185,0.1795,0.3862,0.0009,0.0152,sadness,0.0152
137,"W Sound, Myke Towers, Ovy On The Drums",5 Estrellas - W Sound 23,Colombia,7hYlC6s0SXSIwtFlW6NgjT,neutral,0.0043,0.0023,0.0035,0.0489,0.0388,0.0015,0.1521,0.0599,0.0045,0.0796,0.0169,0.0033,0.0044,0.0173,0.0054,0.0004,0.001,0.0091,0.1296,0.0054,0.0073,0.0008,0.0415,0.002,0.0014,0.0136,0.0263,0.4839,confusion,0.4839
138,"Romeo Santos, Prince Royce",Dardos,Colombia,5SudOD9R1Of6CsJVWZy6CQ,sadness,0.0014,0.0012,0.1897,0.1762,0.0118,0.038,0.0053,0.0036,0.0334,0.1321,0.0799,0.0461,0.005,0.0021,0.025,0.001,0.0058,0.0025,0.12,0.013,0.0069,0.0008,0.0102,0.0014,0.0067,0.3207,0.0021,0.0437,sadness,0.0437
139,Grupo Niche,Sin Sentimientos,Colombia,7xDwU3I38ReireLvv79h63,love,0.0018,0.0024,0.0509,0.0992,0.0233,0.0131,0.0822,0.0871,0.0174,0.1792,0.2095,0.0076,0.0058,0.0046,0.0067,0.0002,0.0037,0.0073,0.4378,0.0105,0.0076,0.0004,0.0227,0.0013,0.0097,0.1191,0.0093,0.0743,love,0.0743
140,"Yeison Jimenez, Pasabordo",Hasta La Madre,Colombia,1nDvFYTsaQwxt5CTk7LJ5E,disappointment,0.0012,0.0013,0.0855,0.3063,0.0194,0.0054,0.0019,0.0016,0.0051,0.3778,0.0401,0.0086,0.0051,0.001,0.002,0.0006,0.0031,0.0035,0.0022,0.0052,0.0043,0.0008,0.0222,0.002,0.0042,0.2362,0.0012,0.0836,disappointment,0.0836
141,Clarent,BIENVENIDA,Colombia,7zwgHkTKv86nMOREN5k1hx,neutral,0.0017,0.0017,0.0292,0.0813,0.0403,0.0112,0.0008,0.0012,0.0041,0.0047,0.0072,0.0028,0.0009,0.0175,0.0015,0.0006,0.0005,0.0065,0.0165,0.0005,0.0119,0.0009,0.0066,0.0011,0.0003,0.0022,0.0072,0.669,annoyance,0.669
142,Yeison Jimenez,Tu Mal Sabor,Colombia,1LNLFgc99bgCWPAaJ9zUQi,love,0.0072,0.0012,0.0407,0.0581,0.0297,0.0213,0.0271,0.0604,0.0554,0.2619,0.0246,0.0138,0.0046,0.0037,0.0106,0.0003,0.0087,0.0046,0.5596,0.015,0.0131,0.0007,0.0207,0.0016,0.0141,0.4071,0.0052,0.0372,love,0.0372
143,"JHAYCO, J Balvin, Bad Bunny",No Me Conoce - Remix,Colombia,2beS6dD5rovBxSA1zYoSHR,neutral,0.0228,0.2276,0.003,0.0117,0.0592,0.0018,0.0342,0.0817,0.0012,0.0034,0.0079,0.0021,0.001,0.0045,0.0009,0.0003,0.0003,0.0127,0.0354,0.0006,0.0044,0.0006,0.0092,0.0007,0.0004,0.0013,0.0018,0.6173,amusement,0.6173
144,Beéle,frente al mar,Colombia,1i1n7hUzCDkXGFqIJSSzom,desire,0.0081,0.0024,0.0022,0.0041,0.0782,0.0054,0.0018,0.0018,0.3666,0.0076,0.0028,0.0012,0.0007,0.0387,0.0015,0.0014,0.0009,0.0465,0.3597,0.0013,0.1896,0.0029,0.0175,0.0025,0.0016,0.0035,0.0032,0.1497,desire,0.1497
145,"Maluma, Yeison Jimenez",Con el Corazón,Colombia,1xTWu5aArww0QtXqX2ScBI,amusement,0.0018,0.6851,0.0562,0.1851,0.0268,0.005,0.0604,0.0947,0.0039,0.0259,0.0264,0.0063,0.0094,0.0024,0.0019,0.0002,0.0014,0.0284,0.039,0.0036,0.0068,0.0004,0.0334,0.0013,0.0038,0.0153,0.0038,0.1029,amusement,0.1029
146,"J Balvin, Bad Bunny, Marciano Cantero",UN PESO,Colombia,7hynhxDoDpgMIV12JuVtNa,sadness,0.0035,0.0022,0.1174,0.1747,0.0155,0.0339,0.042,0.119,0.0171,0.1726,0.0208,0.0174,0.0065,0.0022,0.0075,0.0011,0.0119,0.0033,0.3058,0.0123,0.0092,0.0004,0.0133,0.0015,0.1024,0.3881,0.0044,0.0499,sadness,0.0499
147,"El Americano 4KT, THE FAVORITES",MAMAXITA,Colombia,3UJN0IUZIeXnrmo48e6XXx,neutral,0.0079,0.0025,0.007,0.0234,0.0513,0.0019,0.0023,0.0017,0.0041,0.0256,0.004,0.0037,0.0017,0.0089,0.0021,0.0004,0.0013,0.0123,0.3022,0.0019,0.0037,0.0013,0.0325,0.0013,0.0009,0.0205,0.0049,0.5573,love,0.5573
148,Aventura,Dile al Amor,Colombia,2Bhmj4XK33InfhqKPxcJ1v,sadness,0.0013,0.0009,0.0206,0.0862,0.044,0.03,0.0276,0.0147,0.0111,0.2696,0.1586,0.0047,0.01,0.0016,0.0026,0.0013,0.0044,0.0036,0.0329,0.0099,0.0063,0.0006,0.0177,0.0028,0.1855,0.3155,0.001,0.0478,sadness,0.0478
149,"Peso Pluma, Estevan Plazola",HOLLYWOOD,Colombia,5GTBdEjZe7zEDp1N0eCZE4,disappointment,0.0052,0.0007,0.0041,0.0403,0.0733,0.0095,0.0114,0.0135,0.0063,0.4545,0.0285,0.0013,0.0035,0.004,0.0098,0.0002,0.0053,0.0095,0.003,0.0271,0.0157,0.0016,0.0577,0.0084,0.0035,0.2251,0.0035,0.2378,disappointment,0.2378
151,Fuerza Regida,ANSIEDAD,Colombia,1a7onn7lPqqRWul5ogyMyX,love,0.0145,0.1559,0.012,0.0154,0.0194,0.0473,0.0278,0.0404,0.0202,0.0193,0.0162,0.0039,0.0036,0.0549,0.0448,0.0008,0.0033,0.0863,0.759,0.1058,0.0109,0.0011,0.0125,0.0035,0.0047,0.0656,0.007,0.0132,love,0.0132
152,Aventura,El Perdedor,Colombia,27ze5t5tIDPlVits0KRbxT,sadness,0.0025,0.0005,0.1357,0.1879,0.0324,0.0076,0.0021,0.002,0.0044,0.135,0.0189,0.0242,0.0051,0.0006,0.0056,0.0003,0.005,0.0008,0.0081,0.003,0.0022,0.0007,0.0224,0.0008,0.0037,0.3243,0.0008,0.1585,sadness,0.1585
153,Tego Calderón,Pa' Que Retozen,Colombia,5YJ4BVvTFmVCxUyhKejHfR,neutral,0.002,0.3233,0.0094,0.0459,0.0345,0.0107,0.017,0.0309,0.0039,0.0056,0.0083,0.0027,0.0021,0.011,0.0021,0.0004,0.0007,0.0986,0.0019,0.0025,0.0073,0.0017,0.0218,0.0048,0.0007,0.0042,0.0046,0.4753,amusement,0.4753
155,BTS,Dynamite,Colombia,5QDLhrAOJJdNAmCTJ8xMyW,excitement,0.0446,0.0093,0.0013,0.0035,0.1316,0.003,0.0028,0.0093,0.0051,0.0009,0.0013,0.0008,0.0005,0.458,0.0009,0.0017,0.0004,0.1523,0.0089,0.001,0.0074,0.0039,0.0053,0.0034,0.0002,0.0006,0.0046,0.3165,excitement,0.3165
156,"J Balvin, Bad Bunny",QUE PRETENDES,Colombia,25ZAibhr3bdlMCLmubZDVt,neutral,0.0016,0.0018,0.1426,0.2486,0.0357,0.0034,0.0041,0.0051,0.0012,0.0071,0.0444,0.0053,0.0014,0.0007,0.0006,0.0004,0.0003,0.0009,0.001,0.0003,0.0026,0.0003,0.0064,0.0003,0.0003,0.0014,0.0008,0.6736,annoyance,0.6736
157,Mon Laferte,Tu Falta De Querer,Colombia,4skuEIloXWuxxgekKupkEH,love,0.0034,0.002,0.0316,0.0369,0.0128,0.0319,0.0298,0.1268,0.1913,0.165,0.0172,0.0132,0.0044,0.0068,0.0152,0.001,0.0117,0.0067,0.7104,0.0221,0.0144,0.0006,0.0124,0.002,0.0221,0.4262,0.0108,0.0408,love,0.0408
158,Bad Bunny,Tití Me Preguntó,Colombia,1IHWl5LamUGEuP4ozKQSXZ,disapproval,0.0008,0.0063,0.1186,0.1334,0.0202,0.0225,0.0232,0.0075,0.0113,0.1007,0.3065,0.0103,0.0097,0.0041,0.0056,0.0009,0.0024,0.0091,0.0907,0.0064,0.0047,0.0006,0.0164,0.0016,0.0174,0.0898,0.0026,0.1307,disapproval,0.1307
159,ROA,FANTASÍA,Colombia,5hWpXZOs7vpz0JD3CIylsb,approval,0.0145,0.0006,0.0151,0.032,0.3401,0.0112,0.0172,0.0295,0.0529,0.0035,0.0082,0.0024,0.0003,0.0119,0.0013,0.0003,0.0003,0.0039,0.0721,0.0007,0.0234,0.0008,0.0091,0.0007,0.0003,0.0009,0.0015,0.2139,approval,0.2139
160,"Blessd, CARABIN3, SVNTI",MUSA REMIX,Colombia,5ReIuecGjsHabpYSNlKnuR,amusement,0.1874,0.5964,0.0096,0.0197,0.0395,0.0047,0.0027,0.0057,0.0168,0.0039,0.0064,0.0035,0.0011,0.0052,0.0008,0.0009,0.0005,0.0469,0.231,0.0005,0.0254,0.0013,0.0063,0.0008,0.0008,0.0023,0.0009,0.0674,amusement,0.0674
161,Don Omar,Dile,Colombia,69Ej1xrGjOcHvIMtMKxK0G,neutral,0.001,0.0022,0.0115,0.0357,0.0097,0.0032,0.0021,0.0019,0.0046,0.0071,0.0058,0.0043,0.001,0.001,0.0013,0.0003,0.0006,0.0012,0.0035,0.0004,0.0042,0.0003,0.006,0.0003,0.0007,0.0039,0.0007,0.9383,annoyance,0.9383
162,"Ryan Castro, Blaiz Fayah, Tribal Kush",BOMBASTIK<3,Colombia,2Kx9AfJPaJib9DwAdDYdB9,amusement,0.0422,0.6252,0.0024,0.0137,0.0352,0.0013,0.0008,0.0011,0.0021,0.0031,0.0044,0.0021,0.0011,0.0118,0.0004,0.0006,0.0004,0.1452,0.051,0.0003,0.003,0.0011,0.0069,0.0014,0.0004,0.0013,0.0013,0.1454,amusement,0.1454
164,"Ryan Castro, Blessd",LEJANIA,Colombia,4py8x8qXCOTi0Rrm4NbCTK,neutral,0.0028,0.0021,0.0085,0.0176,0.0164,0.0099,0.0468,0.0398,0.0441,0.0986,0.0143,0.0037,0.0023,0.0034,0.0037,0.0009,0.0042,0.004,0.2618,0.0061,0.0063,0.0004,0.0122,0.0011,0.0158,0.1783,0.0033,0.5285,love,0.5285
165,Ele A El Dominio,Hace Mucho Tiempo,Colombia,3eIvjtwoYC16ElxYE6ph7J,love,0.0204,0.0584,0.0068,0.019,0.0155,0.0041,0.007,0.0248,0.1416,0.1421,0.013,0.0105,0.0047,0.0214,0.0074,0.0004,0.0065,0.039,0.4802,0.0124,0.0069,0.0013,0.0169,0.0024,0.0057,0.2289,0.0084,0.0292,love,0.0292
168,Grupo Niche,Algo Que Se Quede,Colombia,1JXcB149QtbcIpDUA6YZOB,love,0.0883,0.002,0.0048,0.0062,0.035,0.0148,0.0022,0.0049,0.3885,0.0058,0.0042,0.0039,0.0006,0.0098,0.0015,0.0045,0.0008,0.0143,0.859,0.0009,0.0357,0.0011,0.0047,0.0007,0.0021,0.0039,0.0017,0.0199,love,0.0199
169,"Alleh, Yorghaki",capaz (merengueton),Colombia,2dd3G3ZqEcG2cNS1tp3oEk,confusion,0.0012,0.0009,0.0089,0.0276,0.0468,0.0146,0.4892,0.2816,0.0116,0.0258,0.0606,0.003,0.0017,0.003,0.0066,0.0004,0.001,0.0029,0.1607,0.0056,0.0185,0.0002,0.0148,0.0007,0.0041,0.011,0.0041,0.2055,confusion,0.2055
170,"Alexis y Fido, Arcángel, De La Ghetto",Camuflaje (Remix),Colombia,1dAQ93kw8Sy9n4JCz2G9Nf,neutral,0.1623,0.0013,0.0076,0.0389,0.0919,0.013,0.0009,0.0009,0.2116,0.0195,0.0206,0.0041,0.001,0.0058,0.0016,0.0011,0.0011,0.0245,0.2657,0.001,0.0141,0.003,0.0198,0.0021,0.0015,0.0118,0.0008,0.3045,love,0.3045
171,Los Hijos De Puerto Rico,Separados,Colombia,2HbmLkHkkI15eES8kpWRuI,sadness,0.0028,0.0019,0.0189,0.0261,0.0096,0.0095,0.0032,0.003,0.0132,0.1647,0.0087,0.0093,0.0033,0.0019,0.0095,0.0009,0.0268,0.0042,0.082,0.0104,0.0036,0.0007,0.0218,0.0018,0.0126,0.8528,0.0047,0.0569,sadness,0.0569
172,Adolescent's Orquesta,Virgen,Colombia,5HCGrYR7g9u2X9Ju83yQLm,love,0.3125,0.001,0.0133,0.0115,0.1158,0.1783,0.0083,0.0125,0.0377,0.007,0.0157,0.0025,0.0011,0.0063,0.0049,0.0129,0.0024,0.0131,0.8404,0.0047,0.0294,0.0024,0.0124,0.0021,0.0059,0.0142,0.0019,0.0161,love,0.0161
173,"El Americano 4KT, Tony Monta",WELCOME,Colombia,2lGGv17kLfOrdVzNFzuQWM,amusement,0.0017,0.3629,0.0631,0.2567,0.0196,0.0012,0.0227,0.0108,0.0031,0.0364,0.0228,0.0094,0.0046,0.0056,0.0047,0.0002,0.0006,0.0366,0.001,0.0024,0.0066,0.0007,0.0355,0.0013,0.0004,0.0036,0.0077,0.2796,amusement,0.2796
175,"Luis Silva, Yeison Jimenez",Como No Voy a Decirlo,Colombia,0ToktqlTchGYvCRHUCWnG5,love,0.2608,0.0008,0.0026,0.0034,0.1164,0.0053,0.0225,0.0693,0.0049,0.0023,0.0045,0.0009,0.0004,0.0129,0.0011,0.0009,0.0004,0.0102,0.758,0.0006,0.0059,0.0008,0.0065,0.0006,0.0006,0.0018,0.0044,0.0508,love,0.0508
176,"Blessd, Hades66, Blackinny, Young Fatty",MAS QUE AMIGOS,Colombia,0sOrHE0vkEhrmWZnhqjP36,amusement,0.0265,0.408,0.0191,0.0528,0.039,0.0028,0.0094,0.0672,0.0153,0.0112,0.0061,0.0066,0.0016,0.0197,0.0009,0.0005,0.0005,0.0607,0.1313,0.0009,0.0092,0.0012,0.008,0.0011,0.0008,0.0034,0.0024,0.1898,amusement,0.1898
177,"Oscar Maydon, Fuerza Regida",Tu Boda,Colombia,5mp6OBKCAjN4UYRvhOuUze,love,0.0112,0.0016,0.0195,0.0198,0.0373,0.4228,0.0037,0.0048,0.0982,0.0814,0.0143,0.0077,0.003,0.0036,0.0061,0.0402,0.0118,0.0091,0.5088,0.0084,0.0777,0.0017,0.0107,0.0055,0.0449,0.3018,0.0025,0.0275,love,0.0275
178,Omar Courtz,⁠LUCES DE COLORES,Colombia,5dDlknAL9imbXXl7uG7oqe,neutral,0.0018,0.0051,0.0068,0.0384,0.0251,0.0013,0.0074,0.0195,0.0024,0.0035,0.0027,0.0044,0.001,0.0048,0.0012,0.0001,0.0003,0.0024,0.002,0.0005,0.0027,0.0002,0.0067,0.0004,0.0002,0.0012,0.0026,0.8758,annoyance,0.8758
179,"La Factoria, Eddy Lover",Perdóname,Colombia,6yLqoieklk9gwabLaUDJ4s,sadness,0.0049,0.0016,0.0211,0.0292,0.0286,0.1082,0.015,0.0574,0.1149,0.117,0.0231,0.0089,0.0058,0.0029,0.0055,0.0029,0.0131,0.0054,0.2544,0.0108,0.0141,0.0009,0.0105,0.0029,0.2825,0.5211,0.0015,0.0437,sadness,0.0437
180,"Piso 21, Marc Anthony, Beéle",Volver,Colombia,61C7zXd4t2Zuhz6DRwgsLM,disappointment,0.0017,0.0031,0.0133,0.0491,0.0079,0.0073,0.0867,0.2517,0.0565,0.3379,0.0367,0.0083,0.0458,0.0073,0.0161,0.0007,0.0081,0.0041,0.0102,0.033,0.0076,0.0004,0.0152,0.0018,0.1755,0.3344,0.0147,0.0362,disappointment,0.0362
181,Farruko,Cositas Que Haciamos,Colombia,5BrVJGkFTBPAMRl5hIE9A7,neutral,0.043,0.0015,0.0071,0.0135,0.0164,0.0249,0.0082,0.0216,0.1354,0.0558,0.0075,0.0055,0.002,0.0068,0.0323,0.0034,0.0049,0.0042,0.2062,0.0324,0.0163,0.0011,0.0098,0.0016,0.0097,0.147,0.0047,0.4819,love,0.4819
183,Willie Colón,Talento De Televisión,Colombia,3fRIuTih8bzc0vtY9fHhvF,admiration,0.7292,0.0009,0.0015,0.0076,0.1306,0.001,0.0013,0.001,0.0009,0.0096,0.0119,0.0014,0.0006,0.0049,0.0006,0.0018,0.0004,0.0024,0.0043,0.0002,0.0049,0.0043,0.0162,0.0009,0.0003,0.0013,0.0032,0.2995,admiration,0.2995
184,"Don Omar, Plan B",Hooka,Colombia,0BenZn1xELuxhb7Pjwyjxv,amusement,0.0104,0.6859,0.002,0.0094,0.0178,0.0014,0.0041,0.0095,0.0041,0.0022,0.0033,0.0012,0.001,0.0153,0.0005,0.0005,0.0003,0.1675,0.0107,0.0006,0.0046,0.0007,0.0084,0.0013,0.0006,0.0016,0.0019,0.2124,amusement,0.2124
185,Blessd,Instagram,Colombia,0EFxJw34fK8DWlTxx9qYeW,amusement,0.0062,0.488,0.0035,0.0119,0.0285,0.0065,0.0392,0.0541,0.0088,0.0092,0.0111,0.0025,0.0021,0.0084,0.0015,0.0004,0.0009,0.0814,0.2323,0.0036,0.0123,0.0005,0.0131,0.002,0.0029,0.0104,0.0018,0.2463,amusement,0.2463
186,Juliana,El AchanTAdo,Colombia,3fr52NaaVxb2UxPNxDtaQx,sadness,0.001,0.0006,0.0176,0.0464,0.0109,0.0283,0.0096,0.0164,0.007,0.154,0.0165,0.0055,0.003,0.0006,0.0108,0.0002,0.0094,0.001,0.0077,0.0116,0.0047,0.0003,0.0147,0.001,0.0098,0.5395,0.0014,0.351,sadness,0.351
187,"J Alvarez, Ñejo & Dalmata","Sexo, Sudor y Calor",Colombia,4eDjNcAyIuJFhQ31Fvvoc1,neutral,0.003,0.0092,0.0037,0.0141,0.0904,0.0084,0.023,0.1166,0.0621,0.0055,0.0046,0.0011,0.0007,0.0567,0.0017,0.0004,0.0006,0.034,0.1339,0.0023,0.0161,0.0005,0.0117,0.0014,0.0012,0.0033,0.0049,0.3741,love,0.3741
189,"Victor Valverde, JR Torres",El Mayor De Los Ranas,Colombia,6v5qt5KPQHJt5ckWuhDGtM,neutral,0.0038,0.0658,0.014,0.0393,0.0348,0.0025,0.0008,0.0005,0.001,0.005,0.0121,0.004,0.0018,0.0027,0.007,0.0002,0.0006,0.012,0.0008,0.001,0.0034,0.0014,0.0147,0.0012,0.0003,0.0027,0.001,0.77,amusement,0.77
190,Luis Enrique,Yo No Sé Mañana,Colombia,5jJTqI5yteOyLWoDTjiHCO,confusion,0.0104,0.0018,0.0039,0.0193,0.0463,0.0055,0.8923,0.03,0.0046,0.0294,0.1116,0.0034,0.0025,0.0045,0.0079,0.0018,0.0008,0.0063,0.0098,0.0062,0.03,0.0008,0.0311,0.0014,0.003,0.0041,0.0055,0.1077,confusion,0.1077
191,Hades66,YO QUIERO,Colombia,47sQ0h1xhlDWJ3nHbwYPrg,love,0.0156,0.1206,0.1494,0.1197,0.0182,0.0023,0.0025,0.0035,0.0308,0.0137,0.0203,0.0329,0.0022,0.0077,0.0012,0.0004,0.0006,0.023,0.4063,0.0005,0.006,0.001,0.0046,0.0005,0.0007,0.004,0.0017,0.0558,love,0.0558
192,Fuerza Regida,TU SANCHO,Colombia,6eLQXa6uk2EW8drsiKbABZ,amusement,0.2657,0.5002,0.0157,0.0323,0.0577,0.0035,0.0061,0.009,0.0093,0.005,0.0105,0.0037,0.0012,0.0131,0.0005,0.0005,0.0005,0.1144,0.47,0.0005,0.0113,0.0015,0.0065,0.0009,0.0007,0.0013,0.0018,0.0223,amusement,0.0223
193,"GeezyDee, Kris R.",Parche Tranqui,Colombia,2ROj8GoI45RQouYomaLDTm,amusement,0.0088,0.8245,0.0154,0.0376,0.0157,0.0026,0.0073,0.0122,0.0044,0.0083,0.0096,0.0073,0.0057,0.0068,0.0025,0.0005,0.0008,0.0558,0.0704,0.0015,0.0049,0.0006,0.0091,0.001,0.0071,0.0144,0.0028,0.0838,amusement,0.0838
194,Jose Luis Carrascal,Como Duele El Frio,Colombia,2QcUxndr7skMMHLElnl4Bo,love,0.0025,0.0026,0.0204,0.0205,0.0164,0.0398,0.0054,0.0097,0.4055,0.0791,0.0142,0.0149,0.0032,0.0032,0.006,0.0023,0.0083,0.0062,0.7196,0.006,0.0329,0.0007,0.0118,0.0016,0.049,0.3066,0.0024,0.0367,love,0.0367
195,Fresto Music,Me Hace Daño Verte,Colombia,4dyzxv5SsdBtunuU3qj7Ti,sadness,0.0133,0.0028,0.0141,0.0369,0.0125,0.0095,0.0015,0.0017,0.0097,0.1931,0.0094,0.0075,0.0031,0.002,0.0028,0.0013,0.02,0.0082,0.0504,0.0049,0.0028,0.001,0.0179,0.002,0.01,0.7574,0.0021,0.0547,sadness,0.0547
196,David Pabon,Aquel Viejo Motel,Colombia,286NP8kXWzx2uHb5tr7TGv,neutral,0.0022,0.0008,0.0096,0.0342,0.0239,0.0068,0.0019,0.0012,0.0982,0.1437,0.0128,0.0099,0.0031,0.0016,0.0028,0.0006,0.0052,0.0033,0.1275,0.0035,0.0063,0.0011,0.0358,0.0016,0.0077,0.2488,0.0016,0.3584,sadness,0.3584
197,Frankie Ruiz,Desnúdate Mujer,Colombia,65nL3OLuHHfEYxKkHMQ1fL,love,0.065,0.0018,0.0146,0.0229,0.0336,0.0037,0.0754,0.021,0.0193,0.0658,0.0261,0.0188,0.0095,0.0324,0.2308,0.0004,0.0038,0.0094,0.5769,0.0518,0.008,0.0027,0.0578,0.0018,0.0022,0.0242,0.0798,0.0226,love,0.0226
198,"Grupo Firme, Gerardo Coronel",Qué Onda Perdida,Colombia,6IV5Y1eWaQZ1jV5apkUMS4,love,0.0112,0.6998,0.0138,0.0244,0.0229,0.0069,0.0215,0.0469,0.019,0.0234,0.0333,0.0044,0.0025,0.0075,0.0028,0.0005,0.0014,0.0537,0.7691,0.0031,0.0348,0.0005,0.0189,0.0012,0.0036,0.0214,0.0056,0.0217,love,0.0217
199,Romeo Santos,Eres Mía,Colombia,6I86RF3odBlcuZA9Vfjzeq,love,0.0183,0.2968,0.0036,0.0074,0.0531,0.1037,0.0013,0.0025,0.0257,0.0025,0.0048,0.0012,0.0008,0.008,0.0012,0.0051,0.0013,0.2007,0.6713,0.0011,0.1131,0.0012,0.0057,0.0031,0.0042,0.0073,0.0007,0.0325,love,0.0325
200,"Bad Bunny, Bomba Estéreo",Ojitos Lindos,Colombia,3k3NWokhRRkEPhCzPmV8TW,love,0.0669,0.0063,0.0026,0.0334,0.1105,0.0029,0.0012,0.0006,0.0035,0.0298,0.0114,0.0022,0.0026,0.0089,0.0012,0.0006,0.0012,0.0561,0.4046,0.0015,0.0055,0.0037,0.1248,0.0057,0.0009,0.0086,0.0028,0.313,love,0.313
1,Bad Bunny,DtMF,Global,3sK8wGT43QFpWrvNQsrQya,love,0.03,0.018,0.0059,0.0091,0.0462,0.0093,0.0114,0.0135,0.2373,0.0091,0.0079,0.0028,0.0011,0.0224,0.0012,0.3092,0.0011,0.1047,0.796,0.0016,0.0381,0.002,0.0073,0.0024,0.0043,0.0057,0.0017,0.0268,love,0.0268
2,"PinkPantheress, Zara Larsson",Stateside + Zara Larsson,Global,1DwscornXpj8fmOmYVlqZt,amusement,0.084,0.8475,0.0019,0.0056,0.0503,0.0048,0.0558,0.1303,0.0051,0.002,0.0039,0.0013,0.0012,0.0324,0.0014,0.0012,0.0006,0.1652,0.0114,0.0023,0.0265,0.0009,0.0131,0.0029,0.001,0.002,0.0054,0.0486,amusement,0.0486
3,Bruno Mars,Risk It All,Global,5y2ijHECwFYWqcAHKTZgzD,approval,0.034,0.002,0.0027,0.0132,0.5711,0.0283,0.0009,0.0034,0.1002,0.0024,0.0067,0.0014,0.0003,0.0335,0.0012,0.0007,0.0004,0.0078,0.0134,0.0006,0.0832,0.003,0.0084,0.0023,0.0004,0.0008,0.001,0.2708,approval,0.2708
4,Djo,End of Beginning,Global,3qhlB30KknSejmIvZZLjOD,neutral,0.0009,0.0138,0.0013,0.0107,0.0815,0.0551,0.0772,0.0563,0.0031,0.0194,0.0108,0.0008,0.0017,0.0016,0.0056,0.0003,0.003,0.0143,0.0026,0.0176,0.0347,0.0004,0.0455,0.0056,0.0054,0.0572,0.0018,0.4524,approval,0.4524
6,Taylor Swift,The Fate of Ophelia,Global,53iuhJlwXhSER5J2IYYv1W,neutral,0.0034,0.0007,0.0168,0.0394,0.0365,0.0693,0.0005,0.0003,0.0129,0.0145,0.0056,0.0041,0.001,0.0012,0.0038,0.0008,0.0025,0.005,0.0089,0.0019,0.0094,0.0018,0.0106,0.0029,0.0018,0.0342,0.0004,0.7544,caring,0.7544
7,Olivia Dean,So Easy (To Fall In Love),Global,6sGIMrtIzQjdzNndVxe397,love,0.0153,0.0024,0.002,0.0043,0.2143,0.0066,0.002,0.0013,0.0084,0.0035,0.0053,0.0012,0.0005,0.0082,0.0007,0.0008,0.0004,0.0303,0.8439,0.0006,0.0117,0.0009,0.0116,0.0015,0.001,0.0027,0.0012,0.0914,love,0.0914
8,Bad Bunny,BAILE INoLVIDABLE,Global,2lTm559tuIvatlT1u0JYG2,sadness,0.006,0.0013,0.0291,0.0681,0.0153,0.0072,0.0037,0.0031,0.0507,0.2945,0.0338,0.0216,0.0065,0.0036,0.0044,0.0005,0.0073,0.007,0.3679,0.0068,0.0041,0.001,0.0158,0.0017,0.0128,0.4268,0.003,0.0412,sadness,0.0412
9,Bruno Mars,I Just Might,Global,6f68Ac5tt5BQOpwr0BV9oN,curiosity,0.0027,0.0008,0.0327,0.0842,0.0209,0.0162,0.0771,0.3633,0.0395,0.1444,0.0679,0.0105,0.0028,0.0058,0.0229,0.0001,0.0031,0.002,0.0168,0.0132,0.0173,0.0003,0.0086,0.0008,0.0027,0.1006,0.0061,0.1354,curiosity,0.1354
10,Bad Bunny,NUEVAYoL,Global,5TFD2bmFKGhoCRbX61nXY5,approval,0.2444,0.0019,0.0013,0.0042,0.4054,0.0155,0.0238,0.1218,0.0034,0.0016,0.0049,0.0007,0.0003,0.0515,0.0031,0.0007,0.0004,0.0195,0.0081,0.002,0.0215,0.0023,0.0096,0.0035,0.0002,0.0011,0.0041,0.183,approval,0.183
11,sombr,back to friends,Global,7qjZnBKE73H4Oxkopwulqe,fear,0.003,0.003,0.0072,0.0186,0.0116,0.0169,0.0858,0.1002,0.0091,0.0252,0.0066,0.0081,0.0068,0.0062,0.7221,0.0004,0.0062,0.0034,0.0077,0.1899,0.0075,0.0006,0.0245,0.0022,0.0031,0.0687,0.0136,0.1888,fear,0.1888
12,Dominic Fike,Babydoll,Global,7yNf9YjeO5JXUE3JEBgnYc,sadness,0.0013,0.0016,0.0064,0.0396,0.0098,0.0155,0.0012,0.0019,0.0112,0.1768,0.0143,0.0056,0.0028,0.0017,0.0038,0.0005,0.0116,0.0037,0.0042,0.0086,0.0031,0.0005,0.0144,0.0021,0.007,0.7091,0.0019,0.2321,sadness,0.2321
14,"Dave, Tems",Raindance (feat. Tems),Global,3oTuTpF1F3A7rEC6RKsMRz,love,0.0135,0.02,0.0066,0.0098,0.0364,0.0184,0.0034,0.0066,0.1427,0.017,0.0074,0.0039,0.0018,0.0052,0.0018,0.0008,0.0022,0.0306,0.8803,0.0021,0.0169,0.0008,0.0096,0.0013,0.0117,0.0404,0.0015,0.0903,love,0.0903
15,Bad Bunny,Tití Me Preguntó,Global,1IHWl5LamUGEuP4ozKQSXZ,disapproval,0.0008,0.0063,0.1186,0.1334,0.0202,0.0225,0.0232,0.0075,0.0113,0.1007,0.3065,0.0103,0.0097,0.0041,0.0056,0.0009,0.0024,0.0091,0.0907,0.0064,0.0047,0.0006,0.0164,0.0016,0.0174,0.0898,0.0026,0.1307,disapproval,0.1307
17,Alex Warren,Ordinary,Global,2RkZ5LkEzeHGRsmDqKwmaJ,neutral,0.0123,0.0008,0.003,0.0067,0.0374,0.0103,0.0033,0.0236,0.1939,0.0057,0.0016,0.0017,0.0005,0.044,0.0023,0.0002,0.0008,0.0087,0.2003,0.0015,0.0165,0.0009,0.0045,0.001,0.0007,0.0042,0.0053,0.4195,love,0.4195
19,Bad Bunny,EoO,Global,6J5kc12BW5HuP3d7C3vvx8,neutral,0.0029,0.0125,0.009,0.051,0.0447,0.0038,0.0007,0.0006,0.0043,0.0052,0.0067,0.0034,0.0011,0.0044,0.0008,0.0003,0.0004,0.014,0.0193,0.0004,0.0031,0.001,0.0087,0.0011,0.0004,0.002,0.0006,0.8465,annoyance,0.8465
20,"Lady Gaga, Bruno Mars",Die With A Smile,Global,7so0lgd0zP2Sbgs2d7a1SZ,love,0.0041,0.0059,0.0193,0.0341,0.021,0.0059,0.0205,0.004,0.1248,0.1998,0.0154,0.0139,0.0153,0.0068,0.0175,0.0012,0.0103,0.0154,0.6223,0.0227,0.0246,0.0021,0.2448,0.0041,0.0294,0.2458,0.0393,0.0281,love,0.0281
21,Alex Warren,FEVER DREAM,Global,7ogpGbKc4Io6NCU6ydxXwZ,sadness,0.0009,0.0034,0.0059,0.0337,0.0082,0.0062,0.0558,0.1024,0.024,0.2844,0.0069,0.0059,0.0077,0.0041,0.0321,0.0002,0.0116,0.0038,0.0082,0.0648,0.0113,0.0004,0.0424,0.0021,0.0107,0.519,0.0225,0.1661,sadness,0.1661
22,SIENNA SPIRO,Die On This Hill,Global,2gYTC8DsplN3RNdpdBcCOQ,neutral,0.0082,0.0002,0.007,0.0193,0.2108,0.0431,0.0085,0.0334,0.1857,0.0112,0.1129,0.0016,0.0007,0.0043,0.0016,0.0008,0.0008,0.0021,0.0203,0.0011,0.0648,0.0015,0.0104,0.0015,0.0021,0.0043,0.0012,0.3223,approval,0.3223
23,BLACKPINK,GO,Global,3FZPp9lBUvhsxFxKJi3VkB,neutral,0.0021,0.0003,0.0088,0.0527,0.0399,0.0192,0.0017,0.0032,0.0717,0.0561,0.062,0.0022,0.0006,0.0047,0.0023,0.0003,0.0008,0.0016,0.0064,0.0018,0.0127,0.0006,0.0073,0.001,0.0008,0.0159,0.0011,0.61,desire,0.61
24,The Goo Goo Dolls,Iris,Global,6Qyc6fS4DsZjB2mRW9DsQs,desire,0.0027,0.0012,0.0056,0.0277,0.0194,0.0224,0.0022,0.0056,0.679,0.0345,0.0134,0.0075,0.001,0.0027,0.0024,0.0009,0.0021,0.0021,0.0191,0.003,0.015,0.0006,0.0087,0.001,0.0029,0.046,0.0009,0.267,desire,0.267
26,Billie Eilish,BIRDS OF A FEATHER,Global,6dOtVTDdiauQNBQEDOtlAB,love,0.0045,0.0015,0.0384,0.0388,0.0292,0.0483,0.0213,0.016,0.1745,0.0483,0.0307,0.0142,0.0022,0.0044,0.012,0.0012,0.0035,0.0052,0.8861,0.0088,0.0396,0.0007,0.0146,0.0011,0.0081,0.0506,0.0038,0.0372,love,0.0372
27,The Police,Every Breath You Take,Global,1JSTJqkT5qHq8MDJnJbRE1,sadness,0.0021,0.0021,0.0062,0.0198,0.0073,0.0103,0.0039,0.0132,0.1134,0.1074,0.0051,0.0101,0.0028,0.0028,0.0061,0.0008,0.0205,0.0033,0.0154,0.0097,0.0039,0.0005,0.0116,0.0015,0.0096,0.7477,0.004,0.1975,sadness,0.1975
28,Ravyn Lenae,Love Me Not,Global,4WFgvKVfEhb3IUAFGrutTR,desire,0.002,0.0017,0.0105,0.029,0.0118,0.0332,0.0079,0.0184,0.5708,0.1352,0.0169,0.0113,0.0028,0.0043,0.0082,0.0012,0.0075,0.0035,0.1,0.0166,0.0179,0.0007,0.0107,0.002,0.03,0.3403,0.0027,0.0598,desire,0.0598
29,She & Him,I Thought I Saw Your Face Today,Global,0myRViRgmQ3J8izICXEAVO,love,0.0181,0.0015,0.0152,0.0274,0.0756,0.008,0.0066,0.0009,0.0078,0.0278,0.0414,0.0067,0.0037,0.0059,0.0055,0.001,0.0015,0.0122,0.8858,0.0035,0.0081,0.0019,0.056,0.0021,0.0029,0.0127,0.0085,0.042,love,0.042
30,Sabrina Carpenter,Manchild,Global,2BwO5K8Q7EPAJSGze3AAh9,love,0.0052,0.0027,0.1076,0.1433,0.0338,0.0097,0.2841,0.251,0.0147,0.1331,0.1413,0.0107,0.0059,0.004,0.0062,0.0005,0.0021,0.0065,0.3581,0.006,0.0272,0.0005,0.0194,0.001,0.0113,0.0273,0.0089,0.0405,love,0.0405
31,Bad Bunny,VOY A LLeVARTE PA PR,Global,59D4DOkspUbWyMmbAPQkxZ,neutral,0.0835,0.005,0.0049,0.0176,0.0607,0.0019,0.0046,0.0199,0.0028,0.0059,0.003,0.004,0.0009,0.0191,0.0041,0.0002,0.0004,0.0062,0.0071,0.0013,0.0047,0.0009,0.0066,0.0007,0.0002,0.0019,0.0031,0.6124,admiration,0.6124
32,sombr,12 to 12,Global,05od2qm2MTSKCHxy1GBp5W,curiosity,0.0014,0.0014,0.0086,0.0213,0.0274,0.0113,0.2792,0.5343,0.0165,0.0398,0.0205,0.0042,0.0038,0.003,0.0098,0.0003,0.0018,0.0024,0.1874,0.0068,0.015,0.0002,0.0218,0.0006,0.01,0.0312,0.0086,0.1283,curiosity,0.1283
34,Taylor Swift,Opalite,Global,3yWuTOYDztXjZxdE2cIRUa,amusement,0.0048,0.3286,0.0044,0.0168,0.0221,0.0018,0.0045,0.0046,0.0031,0.0205,0.005,0.0038,0.005,0.0706,0.0046,0.0005,0.0018,0.029,0.119,0.0038,0.0061,0.0014,0.0556,0.0023,0.0024,0.0389,0.0612,0.3008,amusement,0.3008
35,Bella Kay,iloveitiloveitiloveit,Global,5IMpnpD0tQVcqWlVIgtAtV,love,0.0347,0.0071,0.011,0.0155,0.1268,0.0097,0.162,0.0958,0.0117,0.0169,0.0488,0.0052,0.0028,0.0103,0.0061,0.0014,0.0012,0.0247,0.9471,0.0059,0.024,0.0007,0.0251,0.0013,0.0044,0.0082,0.0078,0.0158,love,0.0158
36,The Neighbourhood,Sweater Weather,Global,0cQVqPuHQP4KEwc7ZUQmj6,neutral,0.0019,0.0014,0.0259,0.0688,0.0374,0.0046,0.0021,0.0012,0.0245,0.0252,0.0551,0.0146,0.0018,0.0055,0.0024,0.0002,0.0008,0.0054,0.2701,0.0013,0.0032,0.0007,0.0103,0.0008,0.0008,0.0119,0.0014,0.389,love,0.389
37,Billie Eilish,WILDFLOWER,Global,3QaPy1KgI7nu9FJEQUgn6h,love,0.0051,0.0021,0.0053,0.0108,0.0376,0.0247,0.0414,0.1212,0.022,0.0925,0.0087,0.0021,0.0033,0.0077,0.0089,0.0003,0.0117,0.0113,0.5033,0.0188,0.0116,0.0007,0.0333,0.0031,0.0133,0.4118,0.0155,0.1436,love,0.1436
38,Radiohead,Creep,Global,70LcF31zb1H0PyJoS1Sx1r,desire,0.1734,0.0016,0.0591,0.0924,0.0243,0.0107,0.0068,0.0195,0.7068,0.0525,0.0284,0.0298,0.0021,0.0174,0.0035,0.0019,0.0023,0.0079,0.1099,0.0034,0.0201,0.0035,0.0059,0.0012,0.0022,0.0164,0.0034,0.0215,desire,0.0215
39,Bruno Mars,That's What I Like,Global,0KKkJNfGyhkQ5aFogxQAPU,love,0.1773,0.002,0.0017,0.0035,0.2539,0.0088,0.0033,0.0144,0.0055,0.0017,0.003,0.0008,0.0003,0.0168,0.0006,0.0021,0.0003,0.0503,0.727,0.0004,0.0097,0.0016,0.0054,0.0014,0.0006,0.0012,0.0014,0.0504,love,0.0504
40,"J Balvin, Bad Bunny",LA CANCIÓN,Global,0fea68AdmYNygeTGI4RC18,neutral,0.0022,0.0785,0.0038,0.0295,0.0169,0.0021,0.0459,0.0173,0.0128,0.0492,0.005,0.0052,0.0123,0.016,0.0256,0.0007,0.0063,0.1237,0.0051,0.0356,0.0068,0.0018,0.194,0.0106,0.0035,0.0634,0.0336,0.379,realization,0.379
41,"Disco Lines, Tinashe",No Broke Boys,Global,3cZajhyr8LmtPfHZ9296tj,annoyance,0.0129,0.0012,0.3454,0.5338,0.0134,0.0016,0.005,0.007,0.0055,0.1807,0.0937,0.0334,0.0036,0.0023,0.0012,0.0004,0.001,0.0016,0.0032,0.001,0.0029,0.0008,0.0068,0.0005,0.0006,0.012,0.0037,0.0775,annoyance,0.0775
42,"Drake, Wizkid, Kyla",One Dance,Global,1zi7xx7UVEFkmKfv06H8x0,love,0.0146,0.001,0.0061,0.008,0.061,0.015,0.0142,0.0551,0.387,0.01,0.0129,0.0031,0.0007,0.0127,0.0026,0.0011,0.0009,0.0076,0.7657,0.002,0.0313,0.0006,0.0064,0.0008,0.0024,0.0061,0.0022,0.0641,love,0.0641
43,Benson Boone,Beautiful Things,Global,3xkHsmpQCBMytMJNiDf3Ii,love,0.0289,0.0005,0.0064,0.0095,0.085,0.1617,0.0243,0.0406,0.2822,0.0377,0.0236,0.0027,0.0011,0.0167,0.0331,0.0016,0.0041,0.0152,0.4533,0.0279,0.3244,0.0025,0.0135,0.0047,0.0123,0.0401,0.0048,0.0224,love,0.0224
44,Ella Langley,Choosin' Texas,Global,65DbTqJKhbwqYbZ1Okr0rc,neutral,0.0026,0.0015,0.0027,0.0236,0.0301,0.0031,0.0016,0.0008,0.0038,0.2056,0.0124,0.0034,0.0038,0.0009,0.0036,0.0004,0.0075,0.0032,0.0038,0.0055,0.0031,0.0008,0.0809,0.003,0.0055,0.4414,0.0017,0.5173,sadness,0.5173
46,Bruno Mars,Cha Cha Cha,Global,6QletrrmpkUpeJkipX9pgf,love,0.0159,0.1341,0.0051,0.0221,0.0527,0.0038,0.0242,0.0062,0.0042,0.0481,0.0171,0.0033,0.006,0.0234,0.0101,0.0002,0.0018,0.1649,0.3947,0.0208,0.0072,0.0018,0.036,0.0054,0.003,0.0246,0.0054,0.0565,love,0.0565
47,Don Toliver,E85,Global,3B4cjvGlPvyBLNG3AzEgkZ,love,0.0074,0.0382,0.0048,0.0093,0.035,0.0177,0.0014,0.0011,0.0296,0.0087,0.0049,0.0027,0.0011,0.0082,0.0018,0.001,0.0013,0.0955,0.8998,0.0019,0.0422,0.0011,0.0093,0.0019,0.0026,0.0147,0.0015,0.0643,love,0.0643
48,Bruno Mars,Locked out of Heaven,Global,5g7sDjBhZ4I3gcFIpkrLuI,neutral,0.006,0.0028,0.0017,0.0082,0.1179,0.0021,0.0076,0.045,0.0213,0.0078,0.0035,0.0013,0.0008,0.205,0.002,0.0002,0.0007,0.0329,0.025,0.0028,0.0057,0.001,0.012,0.0023,0.0004,0.004,0.011,0.3855,excitement,0.3855
49,Jin,Don’t Say You Love Me,Global,27xkOIER6uDLKALIelHylZ,sadness,0.0009,0.0014,0.1181,0.1537,0.0058,0.013,0.0039,0.0039,0.0146,0.1752,0.0433,0.0291,0.0049,0.0011,0.0104,0.0003,0.0067,0.0016,0.0104,0.0086,0.0027,0.0005,0.0104,0.0009,0.0052,0.5002,0.0018,0.0899,sadness,0.0899
50,Arctic Monkeys,I Wanna Be Yours,Global,5XeFesFbtLpXzIVDNQP22n,desire,0.0068,0.0031,0.0039,0.0135,0.025,0.0086,0.002,0.0082,0.7524,0.0067,0.0029,0.004,0.0006,0.0092,0.0013,0.0013,0.0006,0.0044,0.0276,0.001,0.0237,0.0007,0.0045,0.0007,0.0013,0.0041,0.0008,0.1975,desire,0.1975
51,The Killers,Mr. Brightside,Global,003vvx7Niy0yvhvHt4a68B,sadness,0.0008,0.0017,0.0115,0.0594,0.0088,0.0036,0.0099,0.0138,0.0111,0.1625,0.007,0.0118,0.0057,0.0025,0.0219,0.0002,0.0092,0.0035,0.0024,0.0274,0.0024,0.0005,0.02,0.0015,0.0029,0.497,0.0049,0.3148,sadness,0.3148
52,"Sean Paul, Keyshia Cole",(When You Gonna) Give It Up to Me - Radio Version,Global,5nEdwtSv0qqeE0l4o1lR4q,neutral,0.0142,0.0031,0.0016,0.0039,0.0912,0.021,0.0028,0.0232,0.0686,0.001,0.0012,0.0006,0.0002,0.0312,0.0006,0.0007,0.0003,0.0177,0.1228,0.0004,0.0284,0.0006,0.0028,0.0009,0.0004,0.0007,0.0008,0.5117,love,0.5117
53,"The Weeknd, JENNIE, Lily-Rose Depp","One Of The Girls (with JENNIE, Lily Rose Depp)",Global,7CyPwkp0oE8Ro9Dd5CUDjW,neutral,0.001,0.002,0.0033,0.0103,0.0094,0.002,0.0193,0.0419,0.005,0.0062,0.003,0.0027,0.0009,0.0023,0.0024,0.0001,0.0006,0.0012,0.0048,0.001,0.0055,0.0001,0.006,0.0002,0.0006,0.0055,0.0027,0.9103,curiosity,0.9103
54,Coldplay,Yellow,Global,3AJwUDP919kvQ9QcozQPxg,love,0.2902,0.0025,0.0038,0.0071,0.0606,0.0031,0.0011,0.001,0.0041,0.0044,0.0026,0.0025,0.0007,0.02,0.0014,0.0007,0.0006,0.0291,0.8142,0.0005,0.0044,0.0026,0.0102,0.001,0.0004,0.0027,0.0045,0.0506,love,0.0506
56,"Rauw Alejandro, Bad Bunny",Qué Pasaría...,Global,0l0vcZMU7AOeQmUIREoI2U,neutral,0.0031,0.039,0.026,0.141,0.0167,0.0068,0.0246,0.1473,0.0055,0.0487,0.0104,0.0032,0.0014,0.0037,0.0029,0.0001,0.0011,0.0072,0.005,0.0038,0.0093,0.0002,0.0081,0.0007,0.0006,0.0192,0.0034,0.3663,curiosity,0.3663
57,"El Bogueto, Yung Beef",Cuando No Era Cantante,Global,6N2iccqxRInhTLHc2Fu3W0,love,0.0053,0.4219,0.0068,0.0171,0.0194,0.0149,0.0018,0.0048,0.1494,0.0233,0.0071,0.0053,0.0024,0.0057,0.0012,0.0007,0.0023,0.0675,0.5206,0.0022,0.0265,0.0008,0.0105,0.0018,0.0094,0.0717,0.0013,0.0272,love,0.0272
59,KATSEYE,Gabriela,Global,1xOqGUkyxGQRdCvGpvWKmL,neutral,0.0014,0.0035,0.0019,0.0089,0.0154,0.0026,0.0112,0.0505,0.0053,0.0033,0.0032,0.002,0.0012,0.0138,0.0092,0.0001,0.0005,0.0026,0.0024,0.0026,0.0059,0.0003,0.0084,0.0005,0.0004,0.0021,0.0213,0.7987,curiosity,0.7987
60,Fleetwood Mac,Dreams,Global,0ofHAoxe9vBkTCp2UQIavz,neutral,0.0032,0.0008,0.0032,0.0075,0.0714,0.134,0.013,0.1698,0.0342,0.0146,0.0046,0.0012,0.0007,0.0041,0.0036,0.0002,0.0023,0.0027,0.1068,0.0053,0.0231,0.0003,0.0104,0.0014,0.0038,0.043,0.0024,0.3542,curiosity,0.3542
61,Jimin,Who,Global,7tI8dRuH2Yc6RuoTjxo4dU,neutral,0.0008,0.0007,0.0024,0.0133,0.0109,0.004,0.1875,0.1973,0.0389,0.0635,0.021,0.0019,0.0016,0.0025,0.0035,0.0003,0.0014,0.0012,0.0192,0.0035,0.0104,0.0001,0.0129,0.0005,0.0048,0.0317,0.0078,0.3722,curiosity,0.3722
62,"Peso Pluma, Tito Double P",dopamina,Global,3e32UUqXzrI4g2y5kNZrwC,amusement,0.0048,0.6845,0.0052,0.0315,0.04,0.0008,0.002,0.0022,0.0019,0.0034,0.0048,0.0019,0.0013,0.0086,0.0006,0.0003,0.0003,0.0516,0.002,0.0005,0.0038,0.0007,0.0173,0.0013,0.0002,0.0008,0.0024,0.3525,amusement,0.3525
64,"The Weeknd, Daft Punk",Starboy,Global,7MXVkk9YMctZqd1Srtv4MB,love,0.0028,0.0088,0.1201,0.2356,0.0221,0.0104,0.0013,0.0012,0.0313,0.0466,0.0242,0.0197,0.0039,0.0046,0.0017,0.0003,0.0011,0.0115,0.3171,0.0015,0.0066,0.0012,0.0089,0.0009,0.0017,0.0193,0.0016,0.1669,love,0.1669
65,Coldplay,Sparks,Global,7D0RhFcb3CrfPuTJ0obrod,caring,0.0039,0.0005,0.0095,0.0142,0.1896,0.3671,0.0112,0.0411,0.0192,0.0289,0.0127,0.0015,0.0012,0.0032,0.0224,0.0004,0.0062,0.0019,0.0358,0.0226,0.063,0.0011,0.0268,0.0042,0.0097,0.1369,0.0026,0.1573,caring,0.1573
66,"Ryan Castro, Kapo, Gangsta",LA VILLA,Global,2ZyrAym0sRLwt4PhGotHuI,neutral,0.0339,0.0371,0.0021,0.008,0.0844,0.0024,0.0013,0.0016,0.0021,0.0023,0.0037,0.0016,0.0007,0.0237,0.0012,0.0007,0.0004,0.1176,0.1237,0.0005,0.0035,0.0018,0.0098,0.0016,0.0003,0.0011,0.0015,0.583,love,0.583
67,Harry Styles,As It Was,Global,4Dvkj6JhhA12EX05fT7y2e,neutral,0.0005,0.0009,0.0054,0.0821,0.0164,0.0022,0.0443,0.0274,0.0013,0.0339,0.188,0.0022,0.0021,0.0008,0.0012,0.0001,0.0005,0.0009,0.0003,0.0013,0.0032,0.0001,0.0191,0.0005,0.0004,0.0044,0.0037,0.6966,disapproval,0.6966
68,"ROSÉ, Bruno Mars",APT.,Global,4wJ5Qq0jBN4ajy7ouZIV1c,neutral,0.0025,0.0043,0.0021,0.006,0.0356,0.0075,0.0076,0.0859,0.0286,0.0012,0.001,0.0007,0.0003,0.0378,0.0011,0.0004,0.0003,0.0099,0.0109,0.0008,0.0103,0.0003,0.0028,0.0007,0.0004,0.001,0.0021,0.7481,curiosity,0.7481
69,Dominic Fike,White Keys,Global,5ViLKrbyL3HD6wsq3AB9eI,neutral,0.0091,0.0012,0.0031,0.0249,0.0158,0.002,0.0322,0.1246,0.0359,0.1791,0.0163,0.003,0.0021,0.006,0.0021,0.0001,0.0028,0.0032,0.0092,0.0043,0.0065,0.0004,0.0205,0.001,0.0013,0.0755,0.0137,0.3841,disappointment,0.3841
70,"Bad Bunny, Omar Courtz, Dei V",VeLDÁ,Global,7d6yK8v8J484SWH5prIQiE,neutral,0.0971,0.003,0.0019,0.0056,0.0882,0.0049,0.0076,0.0174,0.0105,0.002,0.0016,0.0016,0.0006,0.0432,0.0016,0.0007,0.0004,0.0214,0.014,0.0007,0.0118,0.0012,0.0063,0.0012,0.0004,0.0017,0.0023,0.6265,admiration,0.6265
71,Teddy Swims,Lose Control,Global,17phhZDn6oGtzMe56NuWvj,disappointment,0.0007,0.0013,0.0253,0.2104,0.014,0.009,0.0269,0.0332,0.0256,0.4297,0.0261,0.0147,0.0107,0.0023,0.0161,0.0002,0.006,0.0019,0.0047,0.0446,0.0063,0.0004,0.0231,0.0017,0.0075,0.3678,0.0048,0.127,disappointment,0.127
72,"Gorillaz, De La Soul",Feel Good Inc.,Global,0d28khcov6AiegSCpG5TuT,amusement,0.0304,0.556,0.0025,0.0158,0.0474,0.0029,0.001,0.0019,0.0031,0.0048,0.0042,0.0013,0.0012,0.026,0.0007,0.0004,0.0007,0.3806,0.01,0.0012,0.0046,0.0023,0.0085,0.0044,0.0004,0.0035,0.0011,0.1689,amusement,0.1689
73,"Kendrick Lamar, SZA",All The Stars,Global,3GCdLUSnKSMJhs4Tj6CV3s,curiosity,0.0016,0.0012,0.2564,0.1574,0.0107,0.0126,0.1636,0.3381,0.0069,0.0327,0.0678,0.0099,0.0028,0.0033,0.0116,0.001,0.0014,0.002,0.0456,0.0055,0.0088,0.0002,0.0057,0.0005,0.0022,0.015,0.0059,0.1453,curiosity,0.1453
74,Vance Joy,Riptide,Global,2uXlHCUbq9OMUwx3hrk06o,fear,0.0074,0.0021,0.0186,0.0209,0.0173,0.0135,0.087,0.1272,0.0435,0.0282,0.0383,0.0268,0.0058,0.0227,0.461,0.0005,0.0031,0.0043,0.4488,0.0626,0.0194,0.0007,0.0221,0.0011,0.0027,0.0227,0.0352,0.0497,fear,0.0497
75,Arctic Monkeys,505,Global,58ge6dfP91o9oXMzq3XkIS,love,0.0144,0.0017,0.0029,0.0103,0.0422,0.0045,0.0112,0.029,0.0073,0.1075,0.0053,0.0033,0.0044,0.0173,0.012,0.0002,0.0063,0.0125,0.4085,0.0108,0.0058,0.0011,0.0318,0.0025,0.0032,0.1562,0.047,0.1623,love,0.1623
76,Daniel Caesar,Who Knows,Global,6DH13QYXK7lKkYHSU88N48,love,0.1315,0.0021,0.0056,0.0112,0.1013,0.0183,0.2136,0.3548,0.0226,0.054,0.0262,0.0033,0.0016,0.0094,0.0081,0.001,0.0023,0.0121,0.7135,0.0073,0.0513,0.0008,0.016,0.0014,0.0071,0.0236,0.0074,0.0211,love,0.0211
77,sombr,undressed,Global,0TFTAtCYhp2tQ9KcJIZb55,neutral,0.0005,0.0016,0.0102,0.1193,0.0127,0.0016,0.0025,0.0009,0.0047,0.0307,0.0876,0.011,0.0024,0.0008,0.0025,0.0002,0.0005,0.0009,0.0005,0.0012,0.0023,0.0003,0.016,0.0005,0.0005,0.0081,0.001,0.7589,annoyance,0.7589
78,Bruno Mars,Why You Wanna Fight?,Global,3Ac4AjYkqsvop2ydbSAhTX,love,0.0044,0.0015,0.0297,0.0359,0.0469,0.1428,0.0265,0.2041,0.0355,0.0648,0.0483,0.0037,0.0033,0.0065,0.0064,0.0004,0.0053,0.0095,0.5479,0.0111,0.0158,0.0005,0.0074,0.0021,0.0295,0.16,0.0025,0.0653,love,0.0653
79,Addison Rae,Fame is a Gun,Global,7B3BwNecBhKvNwSMOOl7Gk,love,0.0153,0.001,0.0074,0.0112,0.2095,0.0148,0.0047,0.0171,0.1402,0.0076,0.0154,0.0016,0.0006,0.0391,0.0009,0.0006,0.0007,0.0592,0.5796,0.0011,0.0132,0.0017,0.0064,0.0025,0.001,0.0033,0.0016,0.0902,love,0.0902
80,Herencia De Grandes,Ya Borracho,Global,4NyUIohBa3CEMGcXURYSOh,love,0.0177,0.0028,0.0047,0.0046,0.0332,0.034,0.0041,0.0113,0.2255,0.0065,0.0054,0.0021,0.0008,0.0576,0.0049,0.0053,0.0016,0.0743,0.9383,0.0037,0.1082,0.0014,0.0071,0.0019,0.0033,0.0098,0.0053,0.0154,love,0.0154
81,Linkin Park,In the End,Global,60a0Rd6pjrkxjPbaKzXjfq,disappointment,0.0039,0.001,0.0027,0.0391,0.0155,0.0013,0.0752,0.008,0.0032,0.4154,0.0228,0.0029,0.013,0.0021,0.0043,0.0008,0.0031,0.0021,0.0022,0.0072,0.0205,0.001,0.2756,0.0034,0.0049,0.0299,0.1125,0.2286,disappointment,0.2286
82,"Jung Kook, Latto",Seven (feat. Latto) (Explicit Ver.),Global,2HRgqmZQC0MC7GeNuDIXHN,neutral,0.0021,0.0022,0.0047,0.0117,0.0385,0.0067,0.0021,0.0029,0.0188,0.0024,0.0019,0.0015,0.0005,0.0079,0.001,0.0007,0.0004,0.0057,0.0221,0.0004,0.0092,0.0005,0.0057,0.0006,0.0003,0.0016,0.0011,0.8285,approval,0.8285
83,Bruno Mars,Dance With Me,Global,1myZ6GQewhAzMH2dKtKSWK,love,0.0143,0.0035,0.0043,0.0043,0.0325,0.0207,0.0096,0.0507,0.2658,0.0042,0.0046,0.0016,0.0007,0.0786,0.0036,0.0027,0.0008,0.0394,0.8581,0.002,0.1782,0.0008,0.006,0.0011,0.0022,0.0029,0.0076,0.0349,love,0.0349
84,Michael Jackson,Billie Jean,Global,7J1uxwnxfQLu4APicE5Rnj,neutral,0.0013,0.0033,0.0054,0.0225,0.0304,0.0162,0.0071,0.0045,0.0008,0.0061,0.0642,0.0022,0.0015,0.0013,0.0027,0.0003,0.0005,0.0022,0.0009,0.0014,0.0028,0.0004,0.0163,0.001,0.0005,0.0033,0.0015,0.8862,disapproval,0.8862
85,Nadhif Basalamah,kota ini tak sama tanpamu,Global,13CwOTXUgBugeBByE9oIWb,love,0.0214,0.0006,0.0022,0.0032,0.0992,0.018,0.0205,0.0319,0.0872,0.0059,0.0077,0.0013,0.0004,0.0096,0.0021,0.0009,0.0006,0.0086,0.8498,0.0016,0.0519,0.0005,0.0089,0.0007,0.0017,0.0037,0.002,0.0703,love,0.0703
87,"Peso Pluma, Tito Double P",daño,Global,136BeIIoBGrrU9fI1jbcDR,love,0.0017,0.0018,0.0475,0.0702,0.0089,0.0176,0.0297,0.1191,0.3061,0.192,0.0247,0.0226,0.0048,0.0085,0.0174,0.0008,0.0082,0.0052,0.4334,0.0201,0.0129,0.0005,0.0096,0.0016,0.0129,0.2846,0.0126,0.0582,love,0.0582
88,Bruno Mars,Just the Way You Are,Global,7BqBn9nzAq8spo5e7cZ0dJ,admiration,0.775,0.0041,0.0063,0.0141,0.0309,0.0074,0.0031,0.0033,0.0044,0.114,0.019,0.0042,0.0015,0.0033,0.0024,0.0019,0.0101,0.0079,0.0364,0.0024,0.0052,0.0025,0.0126,0.0024,0.0021,0.3193,0.0034,0.0134,admiration,0.0134
89,Neton Vega,Pvta Luna,Global,33MeEaRCeIQMSRyFTr5ZJU,annoyance,0.0165,0.0007,0.0843,0.32,0.0141,0.0024,0.0103,0.0064,0.0586,0.2395,0.1008,0.0224,0.0024,0.0024,0.0021,0.0004,0.001,0.0012,0.01,0.0017,0.0092,0.0009,0.0073,0.0004,0.0014,0.0139,0.002,0.1118,annoyance,0.1118
90,Gracie Abrams,That’s So True,Global,7ne4VBA60CxGM75vw0EYad,sadness,0.0285,0.0093,0.0731,0.094,0.1254,0.0142,0.0115,0.0093,0.0038,0.2452,0.0373,0.0167,0.0148,0.0029,0.0113,0.0005,0.0103,0.0142,0.3476,0.0193,0.0053,0.0017,0.0376,0.0037,0.0321,0.4979,0.0028,0.0076,sadness,0.0076
91,"W Sound, Beéle, Ovy On The Drums",La Plena - W Sound 05,Global,6iOndD4OFo7GkaDypWQIou,love,0.0633,0.0044,0.0034,0.0047,0.0806,0.0044,0.0198,0.0326,0.0115,0.003,0.0047,0.0018,0.0009,0.0392,0.0017,0.0009,0.0005,0.0477,0.929,0.0016,0.0109,0.0009,0.0107,0.0009,0.001,0.0022,0.0075,0.0312,love,0.0312
92,The Marías,No One Noticed,Global,3siwsiaEoU4Kuuc9WKMUy5,disappointment,0.001,0.0018,0.0055,0.0421,0.0256,0.007,0.0083,0.0102,0.1366,0.3057,0.0597,0.0039,0.0041,0.0138,0.0086,0.0002,0.0037,0.0067,0.0134,0.0234,0.0121,0.0007,0.0343,0.0032,0.005,0.2176,0.0055,0.1563,disappointment,0.1563
93,BLACKPINK,Champion,Global,43BJVWcBzHRIDaQCg7abnX,approval,0.048,0.001,0.0038,0.0204,0.4944,0.027,0.0007,0.0005,0.0046,0.0038,0.0408,0.0008,0.0004,0.0065,0.001,0.0016,0.0005,0.005,0.0015,0.0004,0.0697,0.0067,0.0156,0.0044,0.0003,0.0013,0.0009,0.3635,approval,0.3635
94,"Peso Pluma, Tito Double P",7-3,Global,4lzo6zPM2paqyP8oBp3DOs,amusement,0.0162,0.8148,0.0126,0.0904,0.0654,0.0062,0.0041,0.0089,0.0052,0.0341,0.0172,0.0034,0.0035,0.004,0.0009,0.0002,0.0017,0.127,0.0094,0.0028,0.0107,0.0014,0.0264,0.0042,0.0015,0.025,0.0015,0.0528,amusement,0.0528
95,Don Toliver,Body,Global,0FlcmZ13DGRmscCroro9GO,neutral,0.0054,0.0029,0.0071,0.0134,0.0384,0.0047,0.0027,0.0143,0.0865,0.0026,0.0028,0.0019,0.0004,0.0552,0.0009,0.0004,0.0003,0.0087,0.1455,0.0005,0.0081,0.0004,0.0023,0.0004,0.0004,0.001,0.0014,0.4513,love,0.4513
96,Lenin Ramírez,Todo Lo Fue,Global,0Sa8aRfGckW0qUGLrBwoBG,sadness,0.0086,0.0043,0.0202,0.0331,0.0193,0.0298,0.0011,0.0019,0.1241,0.1141,0.0096,0.0064,0.0022,0.0094,0.0033,0.0011,0.015,0.0877,0.1767,0.0081,0.0109,0.0027,0.0131,0.0068,0.0057,0.584,0.0025,0.0492,sadness,0.0492
97,"The Weeknd, Playboi Carti",Timeless (feat Playboi Carti),Global,0FIDCNYYjNvPVimz5icugS,neutral,0.0017,0.0038,0.0548,0.1253,0.0183,0.0032,0.0009,0.001,0.0115,0.0548,0.0085,0.0246,0.0043,0.0044,0.0068,0.0002,0.0035,0.0054,0.0104,0.0029,0.0029,0.0011,0.013,0.0013,0.0011,0.1113,0.0025,0.563,annoyance,0.563
99,Lil Uzi Vert,What You Saying,Global,7cjoZVmWe2xsGR4wcXiV2v,neutral,0.0035,0.002,0.0015,0.007,0.1384,0.0011,0.2974,0.0155,0.0012,0.0029,0.0068,0.0013,0.0009,0.0081,0.0016,0.0005,0.0003,0.0072,0.0055,0.0013,0.0065,0.0007,0.0452,0.0012,0.0005,0.0008,0.0064,0.6576,confusion,0.6576
100,Bruno Mars,On My Soul,Global,4i4BVY2JiH4mDSLIBdNGKD,love,0.0048,0.0026,0.0044,0.0065,0.0393,0.0135,0.0049,0.0196,0.276,0.0054,0.0045,0.0032,0.0007,0.022,0.0021,0.0013,0.0009,0.0129,0.8611,0.0016,0.0227,0.0004,0.0062,0.0008,0.0019,0.0057,0.0031,0.0885,love,0.0885
101,Evanescence,Bring Me To Life,Global,0COqiPhxzoWICwFCS4eZcp,neutral,0.0003,0.0012,0.0079,0.0368,0.0068,0.004,0.0209,0.0175,0.007,0.0907,0.0087,0.0079,0.0068,0.0012,0.0168,0.0002,0.0072,0.0014,0.003,0.0136,0.0031,0.0003,0.0447,0.0013,0.0042,0.2905,0.0165,0.5917,sadness,0.5917
102,Bruno Mars,When I Was Your Man,Global,0B7wvvmu9EISAwZnOpjhNI,sadness,0.0033,0.0015,0.0087,0.0264,0.0157,0.0211,0.0017,0.0017,0.1916,0.2599,0.0114,0.0088,0.0039,0.0018,0.0045,0.0009,0.012,0.0041,0.0553,0.0086,0.0444,0.0012,0.0225,0.0023,0.0504,0.6171,0.0018,0.0551,sadness,0.0551
104,"Don Omar, Lucenzo",Danza Kuduro,Global,2a1o6ZejUi8U3wzzOtCOYw,neutral,0.0298,0.0019,0.0035,0.006,0.0835,0.0018,0.0098,0.0398,0.0055,0.002,0.0055,0.001,0.0003,0.0547,0.0009,0.0002,0.0003,0.0259,0.2456,0.0005,0.003,0.0007,0.0042,0.0007,0.0002,0.0009,0.0028,0.3717,love,0.3717
105,Fuerza Regida,Marlboro Rojo,Global,3hpm0fTeSqlhJbnqAgaLZs,disapproval,0.001,0.0012,0.0103,0.1914,0.0126,0.002,0.0316,0.0047,0.0059,0.2945,0.3291,0.0079,0.0032,0.0016,0.0024,0.0005,0.0007,0.0015,0.0008,0.0021,0.0187,0.0003,0.0129,0.0009,0.0012,0.0091,0.0025,0.327,disapproval,0.327
106,Tame Impala,The Less I Know The Better,Global,6K4t31amVTZDgR3sKmwUJJ,neutral,0.0009,0.001,0.0258,0.068,0.0225,0.0116,0.1172,0.1222,0.005,0.0329,0.1104,0.0039,0.0022,0.0025,0.004,0.0002,0.0011,0.0018,0.089,0.0031,0.008,0.0002,0.0122,0.0006,0.0012,0.01,0.0079,0.3976,curiosity,0.3976
107,Olivia Dean,Nice To Each Other,Global,7gKxCvTDWwV9wBhdeBbr3l,neutral,0.0009,0.0059,0.0201,0.2611,0.0259,0.0036,0.0436,0.019,0.0061,0.0901,0.043,0.0047,0.0027,0.0023,0.0019,0.0001,0.0008,0.0081,0.0008,0.0032,0.0196,0.0004,0.0158,0.0011,0.0008,0.0092,0.0015,0.4154,annoyance,0.4154
108,Chappell Roan,"Good Luck, Babe!",Global,0WbMK4wrZ1wFSty9F7FCgu,caring,0.0058,0.0009,0.0866,0.124,0.107,0.4667,0.0095,0.0489,0.0693,0.0605,0.0606,0.0079,0.0014,0.0025,0.0047,0.0016,0.0058,0.0044,0.1535,0.0088,0.0529,0.001,0.0061,0.0029,0.0115,0.1182,0.0008,0.0503,caring,0.0503
109,Beéle,no tiene sentido,Global,1HEwEN64NjgTaHmo7LfkX8,fear,0.0013,0.003,0.0105,0.0556,0.0168,0.0026,0.1785,0.0212,0.0017,0.0482,0.2031,0.0117,0.0128,0.006,0.331,0.0003,0.0022,0.0048,0.0015,0.0596,0.003,0.0006,0.0584,0.0026,0.0007,0.017,0.0243,0.2094,fear,0.2094
110,Piche Kota,Bahagia Lagi,Global,5tZaKZPJtiHh6teQfVEHB5,love,0.0038,0.001,0.0079,0.0121,0.0421,0.0598,0.173,0.395,0.0334,0.0923,0.0279,0.0028,0.0022,0.0038,0.0116,0.0012,0.006,0.0033,0.5333,0.0126,0.044,0.0003,0.0173,0.0019,0.0306,0.1696,0.0083,0.0874,love,0.0874
111,Olivia Dean,A Couple Minutes,Global,312z6PZ8wwREck8613PkJk,curiosity,0.0059,0.0009,0.0033,0.0156,0.143,0.2,0.026,0.3355,0.059,0.0465,0.0542,0.001,0.0013,0.013,0.0042,0.0009,0.003,0.0246,0.0389,0.0119,0.0428,0.0008,0.0102,0.0087,0.0096,0.0492,0.0034,0.0996,curiosity,0.0996
112,Ed Sheeran,Shape of You,Global,7qiZfU4dY1lWllzX7mPBI3,love,0.0136,0.0026,0.0033,0.0061,0.0787,0.0055,0.0015,0.0012,0.0088,0.0026,0.0052,0.0014,0.0005,0.0186,0.0006,0.0013,0.0003,0.032,0.8669,0.0005,0.0091,0.0009,0.0064,0.001,0.0006,0.0014,0.0016,0.1055,love,0.1055
114,The Script,The Man Who Can't Be Moved,Global,3nqqDo8CcCLke3ZoTgiOKf,neutral,0.0012,0.0017,0.0061,0.0164,0.0107,0.011,0.0535,0.0711,0.022,0.0707,0.0107,0.0019,0.0019,0.0054,0.0071,0.0003,0.0027,0.0022,0.0376,0.0059,0.037,0.0003,0.0151,0.0009,0.0074,0.0846,0.0117,0.5643,sadness,0.5643
115,Harry Styles,Aperture,Global,45Z3m6yazmAi4jZuW0tzW0,neutral,0.0008,0.0005,0.0025,0.0119,0.1101,0.0098,0.107,0.1055,0.0583,0.0084,0.0118,0.0011,0.0006,0.0041,0.0025,0.0002,0.0004,0.0015,0.0182,0.0025,0.0221,0.0002,0.0159,0.0007,0.0012,0.0034,0.0017,0.3887,approval,0.3887
116,Zara Larsson,Midnight Sun,Global,1qRV1dKLOfH1s00b9J2LUQ,love,0.1104,0.0028,0.0019,0.0055,0.1516,0.0127,0.0014,0.0012,0.0105,0.0065,0.0053,0.0012,0.0007,0.0374,0.001,0.0016,0.0013,0.4435,0.5552,0.0019,0.007,0.006,0.0109,0.0102,0.0008,0.0077,0.0015,0.06,love,0.06
117,Lana Del Rey,Cinnamon Girl,Global,2mdEsXPu8ZmkHRRtAdC09e,love,0.0047,0.0012,0.0079,0.0142,0.0826,0.0266,0.0016,0.0026,0.1691,0.0047,0.006,0.0018,0.0005,0.0137,0.0009,0.0007,0.0006,0.0142,0.4818,0.0008,0.0175,0.001,0.007,0.0012,0.0009,0.003,0.0008,0.3209,love,0.3209
118,Tyla,CHANEL,Global,4VxTzYm00mg82MuoT35Ja7,neutral,0.0005,0.002,0.0362,0.1136,0.0149,0.0042,0.0179,0.0342,0.0036,0.0137,0.0265,0.0031,0.0013,0.0017,0.0011,0.0001,0.0005,0.0022,0.0076,0.0008,0.0034,0.0002,0.0066,0.0003,0.0006,0.0048,0.0022,0.7334,annoyance,0.7334
119,The Weeknd,Blinding Lights,Global,0VjIjW4GlUZAMYd2vXMi3b,neutral,0.0008,0.0016,0.009,0.0815,0.0272,0.0033,0.0029,0.0017,0.008,0.3171,0.0232,0.0082,0.0122,0.0041,0.0143,0.0001,0.0049,0.0039,0.0101,0.0186,0.0052,0.001,0.101,0.0032,0.0035,0.2135,0.0113,0.3636,disappointment,0.3636
121,"Fuerza Regida, Grupo Frontera",COQUETA,Global,1PREzVLuDT6PSE9sej4wnV,sadness,0.0013,0.0012,0.0115,0.044,0.0245,0.0084,0.0436,0.0553,0.0529,0.25,0.0112,0.0061,0.0051,0.0041,0.0121,0.0002,0.0116,0.0042,0.0567,0.0293,0.0063,0.0005,0.0335,0.0022,0.0152,0.5736,0.0088,0.1415,sadness,0.1415
122,Nirvana,Smells Like Teen Spirit,Global,0gucTLf7trAf37Ua1uAyAu,joy,0.0093,0.189,0.0079,0.1106,0.0597,0.0021,0.0045,0.0008,0.0024,0.0767,0.0213,0.0065,0.0304,0.0142,0.004,0.0033,0.0034,0.4616,0.0031,0.0125,0.0036,0.0117,0.1827,0.0475,0.0028,0.0232,0.0048,0.0476,joy,0.0476
123,"Tame Impala, JENNIE",Dracula - JENNIE Remix,Global,5yvVYFDUpbnjcnRBgjwTzM,amusement,0.0222,0.3959,0.0028,0.0047,0.0343,0.0065,0.018,0.0785,0.0447,0.0038,0.005,0.0026,0.0013,0.0327,0.0045,0.0007,0.0008,0.109,0.0791,0.0023,0.2194,0.0012,0.0105,0.0021,0.0021,0.0038,0.0111,0.3683,amusement,0.3683
124,KAROL G,Si Antes Te Hubiera Conocido,Global,73scB4Q4fcOmnsBVZPmk32,optimism,0.0585,0.0618,0.0038,0.0131,0.0199,0.0045,0.0156,0.0182,0.0491,0.0389,0.0651,0.0037,0.001,0.006,0.0059,0.0004,0.0008,0.0133,0.0128,0.0019,0.4504,0.0014,0.011,0.0012,0.0014,0.0052,0.0037,0.1243,optimism,0.1243
125,"Pitbull, AFROJACK, Ne-Yo, Nayer",Give Me Everything (feat. Nayer),Global,4QNpBfC0zvjKqPJcyqBy9W,neutral,0.0124,0.2321,0.0022,0.0087,0.0605,0.0172,0.0027,0.0036,0.0599,0.0263,0.0096,0.002,0.0025,0.0146,0.0041,0.0012,0.0015,0.1258,0.2958,0.0042,0.0764,0.0015,0.0315,0.0043,0.0052,0.0165,0.0069,0.3827,love,0.3827
126,"Tyler, The Creator, Kali Uchis",See You Again (feat. Kali Uchis),Global,7KA4W4McWYRpgf0fWsJZWB,neutral,0.0028,0.0027,0.0087,0.0213,0.0356,0.0055,0.3137,0.2764,0.0103,0.0383,0.0107,0.0062,0.0048,0.016,0.0377,0.0007,0.002,0.0058,0.244,0.0349,0.0143,0.0004,0.0297,0.0016,0.004,0.0249,0.0428,0.4072,confusion,0.4072
128,Don Toliver,No Pole,Global,0eaVIYo2zeOaGJeqZ5TwYz,neutral,0.0021,0.0023,0.0688,0.1622,0.0184,0.0038,0.0029,0.0017,0.0015,0.0143,0.4051,0.0054,0.0015,0.002,0.001,0.0009,0.0004,0.0024,0.0016,0.0005,0.0021,0.0005,0.0072,0.0006,0.0005,0.0039,0.0015,0.4274,disapproval,0.4274
129,Justin Bieber,DAISIES,Global,5BZsQlgw21vDOAjoqkNgKb,love,0.009,0.0006,0.0043,0.0073,0.2237,0.1473,0.0052,0.0192,0.0261,0.0025,0.0038,0.001,0.0003,0.0077,0.0015,0.0005,0.0007,0.007,0.4299,0.0014,0.0303,0.0006,0.0054,0.0015,0.0013,0.0027,0.0007,0.3363,love,0.3363
131,Keane,Somewhere Only We Know,Global,0ll8uFnc0nANY35E0Lfxvg,curiosity,0.002,0.0012,0.0064,0.0226,0.0178,0.0182,0.1197,0.4285,0.1355,0.1229,0.0151,0.0053,0.0043,0.0053,0.0194,0.0003,0.0042,0.0028,0.094,0.026,0.023,0.0003,0.0171,0.0012,0.0164,0.1239,0.0109,0.0994,curiosity,0.0994
132,Rihanna,Only Girl (In The World),Global,2ENexcMEMsYk0rVJigVD3i,love,0.0169,0.1256,0.0042,0.0076,0.0308,0.0153,0.0015,0.005,0.2852,0.0038,0.0027,0.0021,0.0006,0.012,0.0007,0.0013,0.0007,0.0563,0.616,0.0006,0.0466,0.0008,0.004,0.0008,0.0024,0.004,0.0007,0.0543,love,0.0543
133,Rihanna,Don't Stop The Music,Global,1Jo0Zg7XlrA6z0mFTZVdkn,admiration,0.3178,0.0017,0.0024,0.0063,0.2126,0.0055,0.0085,0.1291,0.0165,0.0018,0.0037,0.0007,0.0003,0.1676,0.0007,0.0004,0.0003,0.0353,0.0534,0.0006,0.0114,0.0022,0.0053,0.0017,0.0002,0.0008,0.0079,0.1507,admiration,0.1507
134,"Omar Courtz, Ñengo Flow",FOREVER TU GANTEL,Global,1YAWMfsmduIrpqrjP45pFn,amusement,0.0844,0.6164,0.0088,0.0309,0.0208,0.0044,0.001,0.0021,0.0606,0.0062,0.005,0.0057,0.0015,0.0111,0.0007,0.0012,0.0008,0.1026,0.0997,0.0006,0.0188,0.0016,0.0059,0.0012,0.0014,0.0043,0.0011,0.0595,amusement,0.0595
135,Kehlani,Folded,Global,0bxPRWprUVpQK0UFcddkrA,love,0.0101,0.0012,0.0081,0.0141,0.1026,0.0878,0.0044,0.0497,0.2866,0.004,0.0064,0.0016,0.0004,0.0249,0.0014,0.001,0.0007,0.0155,0.4714,0.0012,0.0362,0.0007,0.0036,0.0013,0.0011,0.0026,0.0013,0.1422,love,0.1422
136,Eminem,Without Me,Global,7lQ8MOhq6IN2w8EYcFNSUk,annoyance,0.0014,0.0021,0.0908,0.4678,0.0124,0.0016,0.0043,0.0061,0.0032,0.2205,0.0332,0.0687,0.0122,0.0017,0.0056,0.0002,0.0017,0.0014,0.0009,0.0036,0.0033,0.0005,0.013,0.0007,0.0009,0.056,0.0042,0.248,annoyance,0.248
137,OneRepublic,Counting Stars,Global,2tpWsVSb9UEmDRxAl1zhX1,neutral,0.0013,0.0006,0.0215,0.0713,0.052,0.0147,0.0014,0.0006,0.0088,0.1835,0.0512,0.0054,0.0024,0.0015,0.0067,0.0003,0.0042,0.0041,0.0301,0.0078,0.0082,0.0012,0.0388,0.003,0.0031,0.2678,0.0016,0.3303,sadness,0.3303
138,TOTO,Africa,Global,2374M0fQpWi3dLnB54qaLX,neutral,0.0029,0.0005,0.0014,0.0132,0.0893,0.0998,0.0005,0.0005,0.0577,0.0123,0.0099,0.0017,0.001,0.0023,0.0015,0.0026,0.001,0.0033,0.0018,0.002,0.0524,0.0021,0.0183,0.0069,0.0026,0.0099,0.0005,0.6853,caring,0.6853
139,Linkin Park,Numb,Global,2nLtzopw4rPReszdYBJU6h,fear,0.0017,0.001,0.0134,0.0664,0.0115,0.0086,0.0393,0.0084,0.0123,0.2901,0.0272,0.0089,0.0087,0.0027,0.3111,0.0005,0.0046,0.0025,0.0026,0.1574,0.0155,0.0007,0.0319,0.0025,0.004,0.1231,0.0057,0.0833,fear,0.0833
140,Bad Bunny,KLOuFRENS,Global,4MUrUT38U98olfnyzMBCzm,sadness,0.1019,0.003,0.0213,0.0249,0.0149,0.0147,0.0263,0.0981,0.0167,0.1995,0.0227,0.0081,0.0039,0.0253,0.0199,0.0017,0.0248,0.0129,0.2581,0.0254,0.0067,0.0012,0.0142,0.0023,0.0161,0.6373,0.0208,0.0168,sadness,0.0168
141,Danny Ocean,Me Rehúso,Global,6ifUES3keWjwXgae8pXI3o,neutral,0.0017,0.0017,0.0251,0.0523,0.0201,0.0202,0.0146,0.0328,0.0293,0.0818,0.0889,0.0035,0.0016,0.0028,0.0032,0.0005,0.0016,0.0022,0.0583,0.0038,0.0072,0.0003,0.0092,0.0007,0.004,0.0573,0.0019,0.5666,disapproval,0.5666
142,Lana Del Rey,Young And Beautiful,Global,2nMeu6UenVvwUktBCpLMK9,love,0.03,0.0014,0.007,0.0088,0.0307,0.115,0.0539,0.4446,0.1002,0.0346,0.011,0.0019,0.001,0.0102,0.0103,0.0009,0.0049,0.0106,0.6025,0.0104,0.0714,0.0007,0.0061,0.0018,0.0106,0.082,0.0049,0.0457,love,0.0457
143,Ed Sheeran,Perfect,Global,0tgVpDi06FyKpA1z0VMD4v,love,0.4057,0.0012,0.0046,0.005,0.0814,0.0439,0.003,0.0023,0.1054,0.0099,0.0226,0.0024,0.0008,0.0117,0.0029,0.0128,0.0015,0.032,0.8712,0.0012,0.2933,0.0057,0.0089,0.0023,0.0042,0.0055,0.0031,0.0117,love,0.0117
144,Laufey,From The Start,Global,43iIQbw5hx986dUEZbr3eN,love,0.0065,0.0014,0.0531,0.0503,0.0125,0.0243,0.0255,0.0703,0.339,0.0811,0.0253,0.024,0.0037,0.0084,0.0288,0.0009,0.0055,0.005,0.6832,0.0185,0.0145,0.0007,0.0088,0.0012,0.0109,0.1062,0.007,0.0379,love,0.0379
145,Idgitaf,Sedia Aku Sebelum Hujan,Global,64qfw9JZl3RYCrq4Mn0WvT,caring,0.0113,0.001,0.0063,0.0062,0.1884,0.6038,0.0098,0.0908,0.0555,0.0025,0.0063,0.0013,0.0006,0.0083,0.0046,0.0055,0.0017,0.0085,0.5374,0.0041,0.1288,0.0008,0.0057,0.0028,0.0054,0.0049,0.0014,0.0725,caring,0.0725
146,"Macklemore, Ryan Lewis, Macklemore & Ryan Lewis, Ray Dalton",Can't Hold Us (feat. Ray Dalton),Global,22skzmqfdWrjJylampe0kt,neutral,0.0193,0.0706,0.0026,0.018,0.0817,0.0035,0.0347,0.0641,0.0244,0.0073,0.0226,0.0014,0.001,0.0331,0.0012,0.079,0.0006,0.0557,0.0027,0.0014,0.0119,0.0018,0.0124,0.0047,0.0008,0.0033,0.0027,0.4023,approval,0.4023
147,EsDeeKid,4 Raws,Global,554qQSs9lpRVq6TlaaiIKT,neutral,0.0022,0.0053,0.0039,0.0411,0.0212,0.0035,0.0007,0.0005,0.0023,0.0494,0.0053,0.0078,0.0039,0.0012,0.0027,0.0005,0.0036,0.0048,0.0009,0.0031,0.0022,0.0009,0.0229,0.0023,0.0026,0.2051,0.0008,0.7033,sadness,0.7033
148,Radiohead,Let Down,Global,2fuYa3Lx06QQJAm0MjztKr,disappointment,0.0021,0.0015,0.0046,0.0599,0.0082,0.0024,0.006,0.0048,0.0093,0.792,0.0412,0.004,0.0072,0.0018,0.0019,0.0006,0.0034,0.0025,0.0051,0.0044,0.0178,0.0004,0.0188,0.0016,0.0103,0.1902,0.0043,0.2061,disappointment,0.2061
149,Cigarettes After Sex,Apocalypse,Global,1oAwsWBovWRIp7qLMGPIet,neutral,0.0011,0.0012,0.0073,0.0147,0.0107,0.0097,0.0032,0.008,0.0304,0.0043,0.0015,0.0035,0.0005,0.0022,0.0026,0.0003,0.001,0.0015,0.0118,0.001,0.0037,0.0002,0.0042,0.0003,0.0009,0.0103,0.0009,0.8593,desire,0.8593
151,rihanna,We Found Love,Global,1zv3WFUbZ5vPxFq9I2jAU1,love,0.004,0.0012,0.0076,0.0128,0.0817,0.0535,0.0021,0.0019,0.0891,0.0223,0.0101,0.0035,0.0013,0.0031,0.0021,0.0011,0.0022,0.0067,0.8101,0.0027,0.0221,0.0009,0.0165,0.0018,0.0081,0.0466,0.0011,0.1117,love,0.1117
153,Creedence Clearwater Revival,Have You Ever Seen The Rain,Global,2LawezPeJhN4AWuSB0GtAU,curiosity,0.008,0.0026,0.0012,0.0041,0.0251,0.0024,0.045,0.6395,0.0057,0.0031,0.0022,0.0011,0.0008,0.0384,0.0028,0.0003,0.0005,0.004,0.0031,0.002,0.0105,0.0002,0.012,0.0006,0.0005,0.0019,0.0744,0.2283,curiosity,0.2283
154,BLACKPINK,Me and my,Global,5MXcM263QvCTWriH3nVusc,amusement,0.1347,0.4501,0.0016,0.0098,0.0831,0.0012,0.001,0.0012,0.0011,0.0017,0.0031,0.0013,0.0006,0.0061,0.0003,0.0007,0.0002,0.05,0.0084,0.0002,0.0042,0.0014,0.008,0.0011,0.0002,0.0005,0.0008,0.3066,amusement,0.3066
155,Justin Bieber,Sorry,Global,09CtPGIpYB4BrO8qb1RGsF,remorse,0.002,0.0032,0.0096,0.0195,0.0229,0.0464,0.0408,0.1682,0.0381,0.0899,0.0264,0.0041,0.0192,0.0024,0.0057,0.0027,0.008,0.0029,0.0077,0.0115,0.0522,0.0005,0.0163,0.0022,0.7521,0.3116,0.003,0.0299,remorse,0.0299
156,Bruno Mars,It Will Rain,Global,4rMNgxEwGWoPHIUcvB5BrB,neutral,0.0007,0.0019,0.004,0.0299,0.0115,0.0042,0.0019,0.0009,0.0044,0.186,0.0152,0.005,0.0046,0.0008,0.0278,0.0002,0.0054,0.0018,0.0011,0.0144,0.0086,0.0005,0.0501,0.0022,0.0034,0.2829,0.0027,0.5397,sadness,0.5397
157,Rihanna,Kiss It Better,Global,0UHB9METy4VCXNgkcGqHqS,annoyance,0.0013,0.001,0.1581,0.3224,0.0174,0.0214,0.0177,0.0806,0.0059,0.0799,0.0294,0.0073,0.0026,0.0007,0.002,0.0001,0.0019,0.0008,0.0018,0.0025,0.0059,0.0003,0.0064,0.0004,0.0016,0.0431,0.0012,0.2883,annoyance,0.2883
158,Tom Odell,Another Love,Global,7jtQIBanIiJOMS6RyCx6jZ,desire,0.0031,0.002,0.0376,0.0583,0.0109,0.0155,0.0084,0.0092,0.5299,0.1898,0.0304,0.0247,0.0037,0.0053,0.0088,0.0015,0.0056,0.0058,0.4193,0.0103,0.0235,0.0009,0.0102,0.0015,0.0146,0.203,0.0035,0.0296,desire,0.0296
159,"Peso Pluma, Tito Double P, LENCHO",chiclona,Global,5Q4HTsEGKanxOwL1nYCnhQ,admiration,0.4738,0.0055,0.0463,0.1164,0.0772,0.0023,0.001,0.0005,0.0032,0.0366,0.0111,0.0154,0.0027,0.0163,0.0023,0.0007,0.0015,0.0571,0.2116,0.001,0.0036,0.0129,0.0257,0.0038,0.0004,0.0061,0.0065,0.0387,admiration,0.0387
160,Guns N' Roses,Sweet Child O' Mine,Global,7snQQk1zcKl8gZ92AnueZW,love,0.0472,0.0015,0.0073,0.0095,0.0323,0.0365,0.0441,0.1441,0.0856,0.044,0.0104,0.0047,0.0027,0.0503,0.04,0.0004,0.0092,0.0351,0.7766,0.0356,0.0232,0.0023,0.0216,0.0039,0.0078,0.1271,0.0383,0.0426,love,0.0426
162,Tears For Fears,Everybody Wants To Rule The World,Global,2YiCMmONQcoMPX2bV1LxE0,sadness,0.0026,0.0014,0.005,0.0301,0.0235,0.0239,0.014,0.0267,0.0152,0.2423,0.0169,0.0013,0.0046,0.0058,0.0022,0.0032,0.0117,0.0561,0.0051,0.0148,0.0054,0.0013,0.0142,0.0134,0.0466,0.5069,0.0017,0.09,sadness,0.09
163,Fleetwood Mac,The Chain - 2004 Remaster,Global,5e9TFTbltYBg2xThimr0rU,anger,0.0016,0.0024,0.5387,0.1837,0.0077,0.006,0.0025,0.0023,0.003,0.0115,0.0154,0.0192,0.0021,0.0018,0.0035,0.0003,0.0009,0.002,0.0123,0.0008,0.0028,0.0005,0.0043,0.0003,0.0006,0.0082,0.0015,0.3972,anger,0.3972
164,Ed Sheeran,Photograph,Global,6fxVffaTuwjgEk5h9QyRjy,love,0.0137,0.0012,0.0042,0.0057,0.1172,0.282,0.0018,0.0018,0.0483,0.0053,0.0054,0.0017,0.0006,0.004,0.0024,0.0027,0.0022,0.014,0.8214,0.0024,0.0494,0.0015,0.0115,0.0031,0.0051,0.0147,0.0008,0.0995,love,0.0995
166,"DJ Japa NK, MC Meno K, MC Ryan SP, Mc Jacaré, DJ DAVI DOGDOG",Posso Até Não Te Dar Flores,Global,4G7bbgD2DHORU4frrWoCXp,amusement,0.0126,0.481,0.0069,0.0459,0.0213,0.0054,0.0023,0.0032,0.0034,0.0907,0.0243,0.0026,0.0037,0.0019,0.0007,0.0004,0.0038,0.0888,0.0078,0.0027,0.0041,0.0009,0.0169,0.0033,0.0036,0.1937,0.0007,0.093,amusement,0.093
167,"Nelly Furtado, Timbaland",Promiscuous,Global,2gam98EZKrF9XuOkU13ApN,curiosity,0.0474,0.0033,0.0207,0.0569,0.1076,0.0766,0.0358,0.4205,0.017,0.0171,0.0194,0.0019,0.001,0.0091,0.0035,0.0003,0.0013,0.008,0.0297,0.0039,0.0193,0.0006,0.0069,0.0015,0.0018,0.013,0.0027,0.3079,curiosity,0.3079
168,Lady Gaga,Poker Face,Global,1QV6tiMFM6fSOKOGLMHYYg,love,0.0128,0.0531,0.0089,0.016,0.0562,0.0053,0.0029,0.0032,0.0192,0.0055,0.0262,0.0026,0.001,0.0278,0.0007,0.0007,0.0004,0.1585,0.835,0.0007,0.0152,0.001,0.0065,0.0012,0.0009,0.0023,0.0016,0.0421,love,0.0421
169,Bad Bunny,MONACO,Global,4MjDJD8cW7iVeWInc2Bdyj,neutral,0.043,0.0817,0.0095,0.0735,0.0702,0.0031,0.0135,0.0369,0.0036,0.0194,0.0239,0.0048,0.0017,0.003,0.0019,0.0002,0.0014,0.0089,0.0083,0.0032,0.007,0.0006,0.0184,0.0014,0.0011,0.0232,0.003,0.4491,amusement,0.4491
170,"French Montana, Swae Lee",Unforgettable,Global,3B54sVLJ402zGa6Xm4YGNe,neutral,0.0019,0.001,0.0445,0.137,0.0575,0.0378,0.0367,0.1109,0.006,0.102,0.241,0.0035,0.0033,0.0012,0.0019,0.0003,0.0015,0.0021,0.0053,0.0031,0.009,0.0004,0.0091,0.0013,0.0106,0.0422,0.0012,0.4037,disapproval,0.4037
171,"Coolio, L.V.",Gangsta's Paradise,Global,1DIXPcTDzTj8ZMHt3PDt8p,disappointment,0.0008,0.0056,0.0428,0.4151,0.0105,0.0043,0.1412,0.032,0.0031,0.4551,0.0807,0.0087,0.0257,0.0016,0.0099,0.0006,0.0027,0.0033,0.0008,0.0205,0.0163,0.0005,0.0646,0.0021,0.0052,0.0658,0.0106,0.0967,disappointment,0.0967
172,Rihanna,Love On The Brain,Global,5oO3drDxtziYU2H1X23ZIp,love,0.0103,0.0025,0.0257,0.0236,0.0248,0.0181,0.0034,0.0056,0.0466,0.0109,0.01,0.0058,0.001,0.0085,0.0018,0.0014,0.001,0.0158,0.9436,0.0015,0.0087,0.0006,0.0051,0.0007,0.0019,0.0101,0.0017,0.033,love,0.033
173,Ariana Grande,we can't be friends (wait for your love),Global,51ZQ1vr10ffzbwIjDCwqm4,love,0.0053,0.0012,0.0336,0.0279,0.0355,0.0182,0.0177,0.0229,0.0808,0.0191,0.0557,0.0091,0.002,0.0173,0.007,0.0048,0.0014,0.0095,0.9212,0.0044,0.0246,0.0006,0.0082,0.0011,0.0038,0.0103,0.0064,0.0216,love,0.0216
175,Lana Del Rey,Summertime Sadness,Global,1FEiijYPJtyswChfcpv3p0,sadness,0.0133,0.0032,0.004,0.0115,0.0177,0.0133,0.0021,0.0038,0.2196,0.0903,0.0045,0.0064,0.0022,0.0165,0.0199,0.0013,0.0244,0.0396,0.0411,0.0319,0.009,0.0027,0.0211,0.0074,0.007,0.6249,0.0078,0.0437,sadness,0.0437
176,Taylor Swift,Style,Global,0ug5NqcwcFR2xrfTkc7k8e,neutral,0.0069,0.0078,0.0014,0.0084,0.0953,0.0011,0.001,0.0009,0.0022,0.003,0.0018,0.0016,0.0009,0.0199,0.0014,0.0002,0.0004,0.0159,0.0066,0.0007,0.0039,0.0016,0.0346,0.0015,0.0003,0.0012,0.0032,0.8419,approval,0.8419
177,Twenty One Pilots,Stressed Out,Global,3CRDbSIZ4r5MsZ0YwxuEkn,desire,0.0018,0.0027,0.0061,0.0412,0.0081,0.0048,0.02,0.0282,0.6298,0.0923,0.0093,0.0058,0.0029,0.0046,0.007,0.0006,0.0025,0.0037,0.0055,0.0139,0.0304,0.0006,0.0158,0.0013,0.0067,0.0422,0.0041,0.1217,desire,0.1217
178,Hotel Ugly,Shut up My Moms Calling,Global,3hxIUxnT27p5WcmjGUXNwx,love,0.0346,0.0027,0.0202,0.0211,0.0171,0.0188,0.0056,0.0053,0.433,0.0777,0.03,0.0159,0.0021,0.0043,0.0045,0.0038,0.0033,0.009,0.8667,0.0039,0.0531,0.0013,0.0092,0.0012,0.0126,0.0568,0.0032,0.0108,love,0.0108
179,Linkin Park,Somewhere I Belong,Global,3fjmSxt0PskST13CSdBUFx,confusion,0.0008,0.0011,0.0107,0.1105,0.0205,0.0032,0.4164,0.0592,0.0333,0.3271,0.092,0.0054,0.0105,0.0026,0.0109,0.0003,0.0023,0.003,0.0025,0.0229,0.0187,0.0005,0.0642,0.0021,0.0061,0.0477,0.0099,0.1529,confusion,0.1529
181,The Cure,Boys Don't Cry,Global,1QFh8OH1e78dGd3VyJZCAC,sadness,0.0022,0.3282,0.0083,0.0315,0.0172,0.0151,0.0023,0.002,0.0199,0.0761,0.0217,0.005,0.0093,0.0014,0.0013,0.0016,0.0056,0.0308,0.066,0.0034,0.0202,0.0007,0.0234,0.0024,0.148,0.3755,0.001,0.0197,sadness,0.0197
182,"Maroon 5, Wiz Khalifa",Payphone,Global,1XGmzt0PVuFgQYYnV2It7A,sadness,0.002,0.0022,0.039,0.1276,0.007,0.0059,0.0083,0.0145,0.0064,0.3151,0.0162,0.0115,0.0055,0.0014,0.0042,0.0007,0.0133,0.0023,0.0047,0.0073,0.0035,0.0004,0.012,0.001,0.006,0.6296,0.0034,0.0923,sadness,0.0923
183,Coldplay,The Scientist,Global,75JFxkI2RXiU7L9VXzMkle,disappointment,0.0023,0.0028,0.0095,0.0774,0.0076,0.0019,0.0052,0.0073,0.0024,0.5798,0.0354,0.0161,0.1225,0.002,0.0032,0.0005,0.0035,0.0018,0.0083,0.0045,0.0022,0.0005,0.013,0.0011,0.0408,0.204,0.0031,0.1148,disappointment,0.1148
184,Hozier,Take Me To Church,Global,3dYD57lRAUcMHufyqn9GcI,love,0.2822,0.0006,0.0019,0.0049,0.2121,0.0262,0.0022,0.0066,0.0313,0.0087,0.0055,0.0012,0.0003,0.0092,0.0009,0.0005,0.0008,0.0114,0.6467,0.0008,0.0216,0.0018,0.0053,0.0013,0.0007,0.0062,0.0008,0.0767,love,0.0767
185,Rels B,TU VAS SIN (fav),Global,6uiQ0DqbXTBc8tl0AUKZkR,love,0.0131,0.0011,0.0038,0.0063,0.1269,0.0173,0.0012,0.0019,0.1273,0.0033,0.0036,0.0018,0.0004,0.0099,0.0011,0.0009,0.0005,0.0121,0.7147,0.0007,0.0179,0.0011,0.0055,0.001,0.0009,0.0023,0.0008,0.1523,love,0.1523
186,Fuerza Regida,TU SANCHO,Global,6eLQXa6uk2EW8drsiKbABZ,amusement,0.2657,0.5002,0.0157,0.0323,0.0577,0.0035,0.0061,0.009,0.0093,0.005,0.0105,0.0037,0.0012,0.0131,0.0005,0.0005,0.0005,0.1144,0.47,0.0005,0.0113,0.0015,0.0065,0.0009,0.0007,0.0013,0.0018,0.0223,amusement,0.0223
187,Bruno Mars,Nothing Left,Global,0Sq6JK9kyC4MQa3KrJj5CB,sadness,0.0032,0.0021,0.0084,0.0231,0.0136,0.0112,0.0046,0.0054,0.1566,0.3257,0.014,0.0063,0.0036,0.0046,0.0046,0.0007,0.0124,0.0079,0.2304,0.0122,0.0128,0.0009,0.022,0.0025,0.0172,0.6143,0.006,0.0571,sadness,0.0571
188,Nirvana,Come As You Are,Global,5AEOqLsRJFAoSS4ay4Jzao,neutral,0.0008,0.0011,0.0092,0.0347,0.0381,0.0074,0.0012,0.0006,0.0012,0.0056,0.1597,0.0019,0.001,0.0007,0.0012,0.0008,0.0005,0.0012,0.0006,0.0005,0.003,0.0004,0.0126,0.0009,0.0006,0.0035,0.0006,0.8243,disapproval,0.8243
189,Rihanna,S&M,Global,7ySUcLPVX7KudhnmNcgY2D,love,0.061,0.0028,0.0042,0.0088,0.1338,0.0053,0.0024,0.0011,0.0062,0.0117,0.0102,0.0023,0.001,0.0127,0.0009,0.0017,0.0009,0.1122,0.9103,0.0012,0.0053,0.0024,0.0123,0.0034,0.0013,0.0078,0.0022,0.0256,love,0.0256
190,"The Chainsmokers, Coldplay",Something Just Like This,Global,6RUKPb4LETWmmr3iAEQktW,neutral,0.0009,0.0009,0.002,0.0187,0.0245,0.0019,0.0264,0.0509,0.0472,0.0142,0.0431,0.0011,0.0005,0.0026,0.0008,0.0002,0.0003,0.0016,0.0018,0.0007,0.0073,0.0002,0.0069,0.0004,0.0004,0.0027,0.0013,0.7118,curiosity,0.7118
191,Chappell Roan,Pink Pony Club,Global,6393yGahSJ9slVdOwSxOVR,joy,0.0531,0.0268,0.0023,0.0065,0.0544,0.0053,0.0014,0.0013,0.0481,0.0036,0.0042,0.0014,0.0008,0.1463,0.0009,0.0068,0.0008,0.5588,0.4906,0.0011,0.019,0.0049,0.0072,0.0046,0.0008,0.0024,0.0028,0.0254,joy,0.0254
192,"Post Malone, Swae Lee",Sunflower - Spider-Man: Into the Spider-Verse,Global,0RiRZpuVRbi7oqRdSMwhQY,neutral,0.0018,0.0028,0.0019,0.0095,0.0166,0.0008,0.0059,0.0031,0.0018,0.0069,0.0044,0.0041,0.0015,0.0016,0.0024,0.0003,0.0007,0.0011,0.0016,0.0007,0.0029,0.0003,0.0189,0.0004,0.0005,0.005,0.0017,0.9505,realization,0.9505
194,"Kanye West, Dwele",Flashing Lights,Global,5TRPicyLGbAF2LGBFbHGvO,disgust,0.0018,0.0047,0.119,0.2263,0.0187,0.0024,0.054,0.1929,0.0074,0.0443,0.0323,0.3601,0.0256,0.0052,0.0138,0.0003,0.0013,0.0027,0.0681,0.0046,0.0026,0.0003,0.0114,0.0005,0.0017,0.0161,0.0105,0.0725,disgust,0.0725
195,a-ha,Take on Me,Global,04aigH9HRGebQZu1JAN6X1,confusion,0.0005,0.001,0.002,0.0161,0.0712,0.0123,0.4317,0.0461,0.0054,0.0262,0.02,0.002,0.003,0.0021,0.0126,0.0002,0.0013,0.0031,0.0074,0.0163,0.0203,0.0004,0.0752,0.0022,0.004,0.0136,0.0046,0.4178,confusion,0.4178
196,Lola Young,Messy,Global,35ISBknsCeZQtq66xABI9g,anger,0.0051,0.0015,0.5824,0.5411,0.0133,0.0025,0.0036,0.0034,0.0031,0.0375,0.0381,0.0403,0.0039,0.0014,0.0011,0.0004,0.0007,0.002,0.0025,0.0008,0.0022,0.0008,0.0059,0.0004,0.0006,0.0076,0.0014,0.0748,anger,0.0748
197,"Charlie Puth, Selena Gomez",We Don't Talk Anymore (feat. Selena Gomez),Global,54PbBpquVfhfrwRwvjSXbI,disappointment,0.0029,0.0016,0.0285,0.0502,0.009,0.0103,0.2432,0.234,0.0488,0.3082,0.0585,0.0191,0.0185,0.0108,0.1707,0.0006,0.01,0.0058,0.2547,0.1028,0.014,0.0007,0.0342,0.0024,0.0183,0.2394,0.0663,0.0426,disappointment,0.0426
199,Oasis,Wonderwall,Global,5qqabIl2vWzo9ApSC317sa,neutral,0.0023,0.001,0.001,0.0073,0.0596,0.0057,0.0531,0.0016,0.0072,0.027,0.008,0.0011,0.0019,0.0012,0.0062,0.001,0.0012,0.0026,0.0014,0.0062,0.0972,0.0014,0.2755,0.0037,0.0029,0.007,0.0053,0.5182,realization,0.5182
200,"ZXKAI, slxughter",NO BATIDÃO,Global,7vg9noSnFEyPfwLiaCW4vi,admiration,0.7685,0.0008,0.003,0.0085,0.1069,0.0239,0.0008,0.0006,0.004,0.0118,0.0094,0.0012,0.0006,0.0118,0.0014,0.0019,0.0011,0.0245,0.1999,0.0009,0.0125,0.013,0.0103,0.0036,0.0007,0.005,0.0015,0.0718,admiration,0.0718
1,"V, Park Hyo Shin",Winter Ahead (with PARK HYO SHIN),Taiwan,7G7mSV4BebkoHWwKTDvXu9,neutral,0.0022,0.0017,0.001,0.0026,0.0214,0.0013,0.0058,0.0039,0.0054,0.0036,0.0029,0.0013,0.0005,0.0043,0.0013,0.0009,0.0006,0.0029,0.0077,0.0005,0.0066,0.0003,0.012,0.0004,0.0006,0.0029,0.0017,0.9533,approval,0.9533
2,BLACKPINK,GO,Taiwan,3FZPp9lBUvhsxFxKJi3VkB,neutral,0.0021,0.0003,0.0088,0.0527,0.0399,0.0192,0.0017,0.0032,0.0717,0.0561,0.062,0.0022,0.0006,0.0047,0.0023,0.0003,0.0008,0.0016,0.0064,0.0018,0.0127,0.0006,0.0073,0.001,0.0008,0.0159,0.0011,0.61,desire,0.61
3,Jin,Don’t Say You Love Me,Taiwan,27xkOIER6uDLKALIelHylZ,sadness,0.0009,0.0014,0.1181,0.1537,0.0058,0.013,0.0039,0.0039,0.0146,0.1752,0.0433,0.0291,0.0049,0.0011,0.0104,0.0003,0.0067,0.0016,0.0104,0.0086,0.0027,0.0005,0.0104,0.0009,0.0052,0.5002,0.0018,0.0899,sadness,0.0899
5,Jimin,Who,Taiwan,7tI8dRuH2Yc6RuoTjxo4dU,neutral,0.0008,0.0007,0.0024,0.0133,0.0109,0.004,0.1875,0.1973,0.0389,0.0635,0.021,0.0019,0.0016,0.0025,0.0035,0.0003,0.0014,0.0012,0.0192,0.0035,0.0104,0.0001,0.0129,0.0005,0.0048,0.0317,0.0078,0.3722,curiosity,0.3722
6,Crowd Lu,太陽與地球,Taiwan,0bQSWXtpau3VkNI1ZcXTQA,neutral,0.0012,0.0009,0.0026,0.0236,0.0126,0.0015,0.0042,0.0038,0.0029,0.1232,0.0194,0.003,0.0028,0.0008,0.0018,0.0002,0.0013,0.0006,0.0017,0.0015,0.0052,0.0002,0.0169,0.0005,0.0014,0.0484,0.0015,0.8496,disappointment,0.8496
8,Hearts2Hearts,RUDE!,Taiwan,0WA27lZzPKFJKAbiDRmQDc,approval,0.0141,0.0054,0.0319,0.1031,0.3913,0.1024,0.0034,0.0053,0.0168,0.0085,0.0485,0.0019,0.0009,0.0236,0.0011,0.001,0.0006,0.0463,0.025,0.0016,0.0165,0.0024,0.0124,0.0052,0.0005,0.0021,0.0007,0.3022,approval,0.3022
9,IVE,BANG BANG,Taiwan,7pBE8YpFoZ9ankC2Ci5z9X,neutral,0.002,0.0036,0.0176,0.0671,0.1497,0.0031,0.0326,0.1852,0.0059,0.0034,0.0067,0.0044,0.0018,0.0415,0.0076,0.0001,0.0004,0.0071,0.0015,0.0033,0.009,0.0006,0.017,0.0011,0.0002,0.0011,0.0096,0.3815,curiosity,0.3815
10,BLACKPINK,Champion,Taiwan,43BJVWcBzHRIDaQCg7abnX,approval,0.048,0.001,0.0038,0.0204,0.4944,0.027,0.0007,0.0005,0.0046,0.0038,0.0408,0.0008,0.0004,0.0065,0.001,0.0016,0.0005,0.005,0.0015,0.0004,0.0697,0.0067,0.0156,0.0044,0.0003,0.0013,0.0009,0.3635,approval,0.3635
11,Khalil Fong,特別的人,Taiwan,0VTzUEuHYD8s7CgQ15cDPo,neutral,0.0037,0.0008,0.002,0.0091,0.07,0.0014,0.0067,0.0069,0.0015,0.0031,0.0039,0.0018,0.0005,0.0012,0.001,0.0002,0.0002,0.0005,0.002,0.0003,0.0058,0.0002,0.0183,0.0003,0.0003,0.0015,0.0011,0.9004,approval,0.9004
13,V,Slow Dancing,Taiwan,5h1BN75CEh8wdSwE1xrbSe,sadness,0.0015,0.002,0.0106,0.0432,0.012,0.0219,0.0183,0.0503,0.0513,0.2783,0.0145,0.004,0.0027,0.0017,0.0039,0.0002,0.0089,0.0032,0.0223,0.0139,0.0101,0.0003,0.011,0.0014,0.0184,0.6198,0.0016,0.1452,sadness,0.1452
15,"Top Barry, INDEcompany",一半一半,Taiwan,21x0N6lu6D9kO8rVtTU3mH,sadness,0.0054,0.0007,0.0177,0.0585,0.0812,0.0167,0.0154,0.0195,0.0232,0.3351,0.0553,0.0049,0.0059,0.0022,0.004,0.0006,0.0079,0.0053,0.0641,0.0129,0.0069,0.001,0.0328,0.0032,0.054,0.4719,0.0018,0.0777,sadness,0.0777
16,V,Love Me Again,Taiwan,2N0SPREDYqILVEFSsWF5N5,desire,0.0016,0.0013,0.0353,0.0489,0.0182,0.0673,0.0306,0.161,0.4095,0.0955,0.0627,0.0127,0.0044,0.0033,0.0108,0.0012,0.0069,0.0025,0.0779,0.012,0.0261,0.0005,0.0075,0.0016,0.0704,0.2176,0.0029,0.0615,desire,0.0615
17,HWASA,Good Goodbye,Taiwan,3cLXrotzCjYCkN73PewALM,sadness,0.0038,0.0147,0.0111,0.0182,0.0256,0.0604,0.0045,0.0155,0.014,0.0551,0.0066,0.0033,0.0067,0.0019,0.0029,0.001,0.0233,0.0133,0.0238,0.0082,0.006,0.0008,0.0116,0.0029,0.2907,0.7606,0.0007,0.0546,sadness,0.0546
20,BLACKPINK,Fxxxboy,Taiwan,7m0duH1vdTNxM2g8BLfR0F,annoyance,0.0011,0.0024,0.2365,0.5546,0.0255,0.0048,0.005,0.0113,0.0079,0.0907,0.0322,0.0179,0.0037,0.0017,0.0012,0.0001,0.0008,0.0022,0.006,0.0014,0.0066,0.0005,0.0084,0.0004,0.0008,0.0118,0.0015,0.2295,annoyance,0.2295
22,黃奇斌,若無你我欲去佗位,Taiwan,76EfpqmO6JUL2TTR1SIGwz,neutral,0.0039,0.0009,0.0018,0.0072,0.0753,0.0014,0.0037,0.0032,0.0012,0.0027,0.0041,0.0022,0.0004,0.001,0.001,0.0003,0.0002,0.0005,0.0027,0.0002,0.0044,0.0002,0.0157,0.0003,0.0003,0.0015,0.0007,0.9122,approval,0.9122
23,"Patrick Brasca, mac ova seas",左轉燈 (1000 Times+1),Taiwan,4UwZyC0wEV6XDEAr9kaQhi,neutral,0.0012,0.0008,0.0042,0.0304,0.0348,0.0011,0.0036,0.0015,0.0009,0.0051,0.101,0.0021,0.0006,0.0006,0.0005,0.0003,0.0002,0.0004,0.0006,0.0002,0.0026,0.0001,0.011,0.0002,0.0001,0.0012,0.0006,0.8599,disapproval,0.8599
24,Jay Chou,擱淺,Taiwan,0cOMncRq4cmDLO4tPQnkBF,neutral,0.0015,0.0008,0.0018,0.033,0.0249,0.0027,0.0041,0.0017,0.002,0.0887,0.0313,0.0025,0.0021,0.0004,0.0013,0.0003,0.0008,0.0006,0.0007,0.0015,0.0062,0.0003,0.023,0.0008,0.0014,0.0213,0.0006,0.8466,disappointment,0.8466
25,BLACKPINK,Me and my,Taiwan,5MXcM263QvCTWriH3nVusc,amusement,0.1347,0.4501,0.0016,0.0098,0.0831,0.0012,0.001,0.0012,0.0011,0.0017,0.0031,0.0013,0.0006,0.0061,0.0003,0.0007,0.0002,0.05,0.0084,0.0002,0.0042,0.0014,0.008,0.0011,0.0002,0.0005,0.0008,0.3066,amusement,0.3066
26,KiiiKiii,404 (New Era),Taiwan,24rDDbSlFY9OHrlJb48CRh,neutral,0.0086,0.0076,0.0012,0.0066,0.2796,0.0048,0.0022,0.0044,0.0039,0.0012,0.0021,0.0006,0.0004,0.029,0.0007,0.0003,0.0003,0.0429,0.0031,0.0008,0.0121,0.0014,0.0142,0.0034,0.0002,0.0007,0.0012,0.7164,approval,0.7164
27,Bestards,離開的一路上,Taiwan,1NoDTQhJsrd5rnpb6PQthK,neutral,0.0118,0.0007,0.0017,0.0086,0.0564,0.0017,0.001,0.0013,0.0019,0.0039,0.0036,0.0021,0.0004,0.0013,0.0008,0.0004,0.0003,0.0006,0.0015,0.0002,0.0046,0.0005,0.0095,0.0003,0.0003,0.0019,0.0005,0.9264,approval,0.9264
28,Crowd Lu,一夜一夜一夜,Taiwan,3wofqqt5YJWdhLI9IFaX39,neutral,0.0046,0.0006,0.0023,0.01,0.059,0.0015,0.0104,0.0112,0.0016,0.004,0.0048,0.0024,0.0006,0.0011,0.0012,0.0002,0.0003,0.0004,0.002,0.0004,0.0053,0.0002,0.0163,0.0002,0.0003,0.0016,0.0014,0.8741,approval,0.8741
31,"i-dle, skaiwater",Mono (feat. skaiwater),Taiwan,3VxmXJ4FdtbWI27p3Gx4Wh,neutral,0.0018,0.0021,0.005,0.0106,0.0384,0.0183,0.063,0.1576,0.004,0.0111,0.0137,0.0021,0.0052,0.0016,0.0023,0.0007,0.0016,0.0023,0.042,0.0024,0.0057,0.0003,0.0115,0.0009,0.1154,0.0251,0.0014,0.5662,curiosity,0.5662
32,EggPlantEgg,閣愛妳一擺,Taiwan,4Zwn8WxD61diTwqv9hyTQA,neutral,0.0044,0.001,0.0016,0.0057,0.0439,0.001,0.0073,0.0099,0.0013,0.0029,0.0038,0.0019,0.0005,0.0015,0.0009,0.0003,0.0002,0.0005,0.0029,0.0002,0.0037,0.0002,0.0114,0.0002,0.0003,0.0015,0.0012,0.9171,approval,0.9171
33,Stefanie Sun,遇見,Taiwan,3xJK8ywApYVEYIDhymYMC6,neutral,0.0036,0.0014,0.0008,0.0038,0.141,0.0016,0.004,0.0053,0.0091,0.0019,0.0023,0.001,0.0003,0.0069,0.0011,0.0004,0.0002,0.0014,0.0025,0.0004,0.0315,0.0005,0.0184,0.0005,0.0003,0.0008,0.0011,0.8611,approval,0.8611
34,CORTIS,GO!,Taiwan,6OWWZtNQORY1McaZmOrwhc,neutral,0.0048,0.0036,0.0032,0.055,0.1348,0.0019,0.0006,0.0008,0.0174,0.0162,0.0103,0.0029,0.0008,0.0113,0.001,0.0002,0.0004,0.0061,0.0007,0.0007,0.0109,0.0015,0.015,0.0018,0.0002,0.0025,0.0008,0.7245,approval,0.7245
35,Stefanie Sun,我懷念的,Taiwan,7z2M7DsEjZjwXBkWG3zd21,neutral,0.0036,0.0012,0.0016,0.0079,0.0386,0.0007,0.0077,0.0092,0.001,0.0033,0.0035,0.0023,0.0009,0.0023,0.0013,0.0002,0.0003,0.0007,0.0018,0.0004,0.0027,0.0002,0.0161,0.0003,0.0003,0.0017,0.0025,0.8971,approval,0.8971
36,ROSÉ,toxic till the end,Taiwan,1z5ebC9238uGoBgzYyvGpQ,neutral,0.0027,0.0008,0.0261,0.2106,0.027,0.003,0.0032,0.0058,0.0041,0.243,0.0184,0.0128,0.0048,0.0011,0.0019,0.0001,0.002,0.0012,0.0025,0.0023,0.0022,0.0005,0.0161,0.0007,0.0015,0.0889,0.0011,0.5048,disappointment,0.5048
37,BABYMONSTER,PSYCHO,Taiwan,491ca80N1C63tpoLvAsLKb,neutral,0.0012,0.0057,0.008,0.0547,0.0334,0.0008,0.0085,0.0117,0.0019,0.0036,0.0055,0.0024,0.0008,0.0088,0.0016,0.0001,0.0002,0.0038,0.0006,0.0007,0.0032,0.0003,0.0112,0.0005,0.0001,0.0008,0.0043,0.8744,annoyance,0.8744
38,Khalil Fong,愛愛愛,Taiwan,59lBAMCis4C6NsPdUV35Vz,neutral,0.0054,0.0044,0.0015,0.0064,0.0459,0.0005,0.0032,0.006,0.0015,0.0023,0.0017,0.0023,0.0012,0.0192,0.0021,0.0002,0.0003,0.003,0.0027,0.0006,0.0028,0.0006,0.0196,0.0005,0.0002,0.0011,0.008,0.8839,approval,0.8839
41,Bestards,不是因為天氣晴朗才愛你,Taiwan,2VEt42QSQxILgEf9B50xxm,neutral,0.0047,0.0006,0.0035,0.0121,0.0668,0.0017,0.0239,0.0516,0.0016,0.0035,0.0065,0.0017,0.0006,0.0012,0.0008,0.0002,0.0002,0.0005,0.0016,0.0003,0.0062,0.0002,0.0129,0.0002,0.0002,0.0013,0.0019,0.7659,approval,0.7659
42,aespa,Whiplash,Taiwan,7Cnpb1vBbC46RgVyyKLH7p,admiration,0.5127,0.0008,0.0044,0.0184,0.4099,0.0069,0.0112,0.0486,0.004,0.01,0.0082,0.0012,0.0006,0.0187,0.0031,0.0003,0.0006,0.0041,0.0037,0.0018,0.0278,0.004,0.0213,0.002,0.0002,0.002,0.0058,0.1527,admiration,0.1527
43,Amazing Show,愛情的大壞蛋,Taiwan,5HVq8nS0pbM6G7YK8M7DY4,neutral,0.0036,0.0008,0.0018,0.0068,0.0472,0.0013,0.0049,0.0048,0.0012,0.0031,0.0044,0.0023,0.0005,0.0011,0.0012,0.0003,0.0003,0.0005,0.0023,0.0003,0.0035,0.0002,0.012,0.0002,0.0003,0.0018,0.0008,0.9284,approval,0.9284
44,Jay Chou,晴天,Taiwan,5pIcwtJYNJx93l420oR2Vm,desire,0.0023,0.0021,0.0072,0.0203,0.0102,0.0091,0.0144,0.0253,0.5937,0.1751,0.0133,0.0078,0.0027,0.0065,0.0063,0.0007,0.005,0.0061,0.3059,0.0111,0.0369,0.0006,0.0171,0.0016,0.012,0.1668,0.0081,0.0805,desire,0.0805
47,BABYMONSTER,WE GO UP,Taiwan,1tonXoW6dcb7GGNpec3PTl,neutral,0.039,0.0099,0.0034,0.0095,0.0663,0.0015,0.0036,0.0071,0.0021,0.0035,0.0061,0.0031,0.0019,0.0968,0.0764,0.0002,0.0008,0.0144,0.0087,0.0043,0.0058,0.0024,0.0201,0.0017,0.0002,0.0017,0.0306,0.5186,excitement,0.5186
48,"Jay Chou, Lara Liang",珊瑚海,Taiwan,3Qj9Fy8BPbWmICTiNkuqB7,neutral,0.0018,0.0028,0.0026,0.0091,0.0195,0.001,0.0023,0.0016,0.0012,0.0038,0.0043,0.0028,0.0008,0.0018,0.0014,0.0003,0.0004,0.0015,0.0015,0.0004,0.0017,0.0003,0.0086,0.0003,0.0003,0.0026,0.0008,0.9563,approval,0.9563
50,ILLIT,NOT CUTE ANYMORE,Taiwan,1k0JAiH11gHL9dc5dfQjQr,disappointment,0.007,0.002,0.0128,0.1095,0.0236,0.0023,0.0335,0.0144,0.0025,0.4827,0.385,0.0101,0.0166,0.0087,0.0072,0.0003,0.0023,0.0084,0.0246,0.0148,0.002,0.0009,0.0215,0.0026,0.0034,0.072,0.0088,0.0626,disappointment,0.0626
51,张远,看着我的眼睛说,Taiwan,7d6eShN6yVeR4Y2Md9uCA4,neutral,0.0038,0.0009,0.0014,0.0056,0.0652,0.0015,0.004,0.0035,0.0014,0.0025,0.0034,0.0018,0.0004,0.0012,0.001,0.0004,0.0003,0.0005,0.0026,0.0003,0.0045,0.0002,0.0135,0.0003,0.0003,0.0015,0.0007,0.9238,approval,0.9238
52,Stefanie Sun,開始懂了,Taiwan,68tZwwRuo9ip5gRQFG1XWF,neutral,0.0064,0.0006,0.0022,0.0081,0.0814,0.0017,0.0172,0.0229,0.0018,0.0034,0.0057,0.0018,0.0005,0.0015,0.0011,0.0002,0.0003,0.0005,0.0022,0.0004,0.0061,0.0003,0.0162,0.0003,0.0003,0.0014,0.0016,0.8248,approval,0.8248
54,LBI利比,Jumping Machine (跳楼机),Taiwan,1XZE0InCx3SdCnLpVsPpZl,sadness,0.0039,0.0028,0.0087,0.0354,0.0223,0.0273,0.1359,0.1787,0.0088,0.2364,0.0133,0.0038,0.0066,0.0045,0.0825,0.0004,0.0176,0.0055,0.0179,0.203,0.0094,0.0006,0.0446,0.0036,0.0203,0.6188,0.0097,0.0532,sadness,0.0532
55,Bruno Mars,Risk It All,Taiwan,5y2ijHECwFYWqcAHKTZgzD,approval,0.034,0.002,0.0027,0.0132,0.5711,0.0283,0.0009,0.0034,0.1002,0.0024,0.0067,0.0014,0.0003,0.0335,0.0012,0.0007,0.0004,0.0078,0.0134,0.0006,0.0832,0.003,0.0084,0.0023,0.0004,0.0008,0.001,0.2708,approval,0.2708
57,EggPlantEgg,浪流連,Taiwan,1IS0WFyiVpwsATeSzjEvpI,neutral,0.004,0.0006,0.0035,0.0105,0.171,0.0049,0.0012,0.0013,0.0066,0.0029,0.006,0.0023,0.0003,0.0015,0.0028,0.0003,0.0003,0.0005,0.0015,0.0004,0.033,0.0005,0.0129,0.0004,0.0003,0.0021,0.0005,0.8248,approval,0.8248
59,Djo,End of Beginning,Taiwan,3qhlB30KknSejmIvZZLjOD,neutral,0.0009,0.0138,0.0013,0.0107,0.0815,0.0551,0.0772,0.0563,0.0031,0.0194,0.0108,0.0008,0.0017,0.0016,0.0056,0.0003,0.003,0.0143,0.0026,0.0176,0.0347,0.0004,0.0455,0.0056,0.0054,0.0572,0.0018,0.4524,approval,0.4524
60,"PinkPantheress, Zara Larsson",Stateside + Zara Larsson,Taiwan,1DwscornXpj8fmOmYVlqZt,amusement,0.084,0.8475,0.0019,0.0056,0.0503,0.0048,0.0558,0.1303,0.0051,0.002,0.0039,0.0013,0.0012,0.0324,0.0014,0.0012,0.0006,0.1652,0.0114,0.0023,0.0265,0.0009,0.0131,0.0029,0.001,0.002,0.0054,0.0486,amusement,0.0486
62,"Firdhaus, DIOR 大穎",在加納共和國離婚,Taiwan,6GyUt7yJ0sOktc5HjvVnFh,neutral,0.0041,0.001,0.002,0.0068,0.09,0.0026,0.1011,0.2849,0.0017,0.0018,0.0037,0.0009,0.0004,0.0019,0.0012,0.0003,0.0003,0.0007,0.003,0.0005,0.0072,0.0001,0.0135,0.0003,0.0004,0.0013,0.003,0.6447,curiosity,0.6447
64,Jay Chou,楓,Taiwan,1pALOIA4ytESmhl7Fxjdic,neutral,0.0017,0.0028,0.0031,0.0091,0.0183,0.0011,0.0023,0.0015,0.0013,0.0039,0.0044,0.0028,0.0008,0.0017,0.0015,0.0003,0.0004,0.0016,0.0018,0.0004,0.0016,0.0003,0.008,0.0003,0.0003,0.003,0.0008,0.956,approval,0.956
67,Taylor Swift,The Fate of Ophelia,Taiwan,53iuhJlwXhSER5J2IYYv1W,neutral,0.0034,0.0007,0.0168,0.0394,0.0365,0.0693,0.0005,0.0003,0.0129,0.0145,0.0056,0.0041,0.001,0.0012,0.0038,0.0008,0.0025,0.005,0.0089,0.0019,0.0094,0.0018,0.0106,0.0029,0.0018,0.0342,0.0004,0.7544,caring,0.7544
68,LNGSHOT,Moonwalkin',Taiwan,46V2ciN6F5bxjQWityNhkY,neutral,0.0049,0.0017,0.0016,0.006,0.0946,0.0156,0.0013,0.0047,0.2448,0.0028,0.0017,0.0015,0.0004,0.0511,0.0012,0.001,0.0005,0.0121,0.094,0.0012,0.0144,0.001,0.0063,0.0015,0.0008,0.0024,0.0014,0.4026,desire,0.4026
69,"ROSÉ, Bruno Mars",APT.,Taiwan,4wJ5Qq0jBN4ajy7ouZIV1c,neutral,0.0025,0.0043,0.0021,0.006,0.0356,0.0075,0.0076,0.0859,0.0286,0.0012,0.001,0.0007,0.0003,0.0378,0.0011,0.0004,0.0003,0.0099,0.0109,0.0008,0.0103,0.0003,0.0028,0.0007,0.0004,0.001,0.0021,0.7481,curiosity,0.7481
70,G.E.M.,多遠都要在一起,Taiwan,55d0jw269HE9pbOt5ntCo8,neutral,0.0053,0.0007,0.0022,0.0082,0.0595,0.0013,0.0082,0.0086,0.0016,0.0038,0.0042,0.0024,0.0005,0.0013,0.0014,0.0003,0.0003,0.0004,0.0025,0.0004,0.0042,0.0002,0.0142,0.0002,0.0002,0.0019,0.0012,0.8832,approval,0.8832
71,Joker Xue,演员,Taiwan,5Sib99jpYybZAicUMETb3h,love,0.0291,0.0013,0.0117,0.0209,0.0804,0.14,0.0508,0.2204,0.0223,0.0307,0.043,0.0029,0.0015,0.005,0.0056,0.002,0.0028,0.0283,0.6186,0.0081,0.0208,0.0013,0.0107,0.0021,0.0104,0.0458,0.0019,0.063,love,0.063
72,张远,嘉賓,Taiwan,5jAmIkIpskwu2hRz2YaEHi,gratitude,0.0242,0.001,0.0083,0.0174,0.0288,0.0654,0.0581,0.2276,0.0742,0.099,0.0247,0.003,0.0033,0.0099,0.0043,0.5125,0.0079,0.0102,0.1331,0.0087,0.2937,0.0027,0.011,0.0067,0.0499,0.1314,0.0155,0.0153,gratitude,0.0153
73,CORTIS,FaSHioN,Taiwan,4ecdsGz3Hg6TKPwQ0ZOdJz,neutral,0.0034,0.096,0.0024,0.0079,0.0166,0.0043,0.0185,0.034,0.003,0.0142,0.0046,0.0023,0.0093,0.0099,0.0024,0.0006,0.002,0.017,0.005,0.003,0.0039,0.0006,0.0141,0.0019,0.1335,0.0657,0.0079,0.5212,remorse,0.5212
74,Taylor Swift,Opalite,Taiwan,3yWuTOYDztXjZxdE2cIRUa,amusement,0.0048,0.3286,0.0044,0.0168,0.0221,0.0018,0.0045,0.0046,0.0031,0.0205,0.005,0.0038,0.005,0.0706,0.0046,0.0005,0.0018,0.029,0.119,0.0038,0.0061,0.0014,0.0556,0.0023,0.0024,0.0389,0.0612,0.3008,amusement,0.3008
76,sombr,back to friends,Taiwan,7qjZnBKE73H4Oxkopwulqe,fear,0.003,0.003,0.0072,0.0186,0.0116,0.0169,0.0858,0.1002,0.0091,0.0252,0.0066,0.0081,0.0068,0.0062,0.7221,0.0004,0.0062,0.0034,0.0077,0.1899,0.0075,0.0006,0.0245,0.0022,0.0031,0.0687,0.0136,0.1888,fear,0.1888
77,BABYMONSTER,DRIP,Taiwan,1MUZitHRpmng5NevrvNx4T,admiration,0.4002,0.0022,0.0023,0.007,0.3162,0.0241,0.0013,0.0047,0.029,0.0022,0.004,0.0009,0.0006,0.1761,0.0025,0.0017,0.0009,0.06,0.0038,0.0017,0.0593,0.0346,0.0074,0.009,0.0004,0.0011,0.0029,0.156,admiration,0.156
79,Olivia Dean,So Easy (To Fall In Love),Taiwan,6sGIMrtIzQjdzNndVxe397,love,0.0153,0.0024,0.002,0.0043,0.2143,0.0066,0.002,0.0013,0.0084,0.0035,0.0053,0.0012,0.0005,0.0082,0.0007,0.0008,0.0004,0.0303,0.8439,0.0006,0.0117,0.0009,0.0116,0.0015,0.001,0.0027,0.0012,0.0914,love,0.0914
81,Sam Lee,手放開,Taiwan,2Dd9EXYXI2NNrLG61OtWQv,neutral,0.0029,0.0011,0.0032,0.0159,0.0381,0.0013,0.0072,0.0099,0.0015,0.0055,0.0041,0.0047,0.0013,0.0012,0.0022,0.0002,0.0004,0.0004,0.0016,0.0006,0.0035,0.0002,0.0165,0.0003,0.0003,0.0029,0.0019,0.9017,approval,0.9017
82,Kenshi Yonezu,IRIS OUT,Taiwan,59hVbgr8rfYkDbHfr8RcGI,love,0.0122,0.006,0.0359,0.0382,0.0333,0.0242,0.0801,0.1894,0.0097,0.183,0.0622,0.0079,0.0074,0.0053,0.0101,0.0008,0.0107,0.0094,0.8006,0.0167,0.0061,0.0006,0.0148,0.002,0.0412,0.4827,0.0059,0.0322,love,0.0322
83,CORTIS,"Mention Me - From The Movie ""GOAT""",Taiwan,3f0OEJd7mlPNhmH3fUOrqy,neutral,0.0019,0.0041,0.0976,0.2158,0.0284,0.0162,0.002,0.0012,0.0016,0.0157,0.1252,0.0088,0.0029,0.0025,0.0031,0.0004,0.0006,0.0023,0.0007,0.0015,0.0036,0.0008,0.0126,0.001,0.0005,0.006,0.0016,0.6269,annoyance,0.6269
84,F.I.R.,月牙灣,Taiwan,1b5IRT3iraxjHOsKZx93sW,neutral,0.0034,0.001,0.0019,0.0088,0.0499,0.0015,0.0024,0.0021,0.0014,0.0036,0.004,0.0026,0.0005,0.001,0.0011,0.0003,0.0003,0.0005,0.0024,0.0003,0.0039,0.0003,0.0149,0.0003,0.0003,0.0021,0.0006,0.9376,approval,0.9376
85,"Lady Gaga, Bruno Mars",Die With A Smile,Taiwan,7so0lgd0zP2Sbgs2d7a1SZ,love,0.0041,0.0059,0.0193,0.0341,0.021,0.0059,0.0205,0.004,0.1248,0.1998,0.0154,0.0139,0.0153,0.0068,0.0175,0.0012,0.0103,0.0154,0.6223,0.0227,0.0246,0.0021,0.2448,0.0041,0.0294,0.2458,0.0393,0.0281,love,0.0281
86,ILLIT,Magnetic,Taiwan,1aKvZDoLGkNMxoRYgkckZG,love,0.0164,0.0008,0.003,0.0059,0.1728,0.0044,0.0033,0.0053,0.0623,0.0029,0.0035,0.0014,0.0005,0.0584,0.0008,0.0005,0.0004,0.0134,0.4206,0.0008,0.0073,0.0013,0.0094,0.0011,0.0006,0.0014,0.0032,0.2322,love,0.2322
88,ROSÉ,number one girl,Taiwan,1lcBt7LoEikqYmhUoa2cez,love,0.0325,0.0011,0.0046,0.008,0.0395,0.0215,0.0307,0.3735,0.3438,0.0098,0.0067,0.0024,0.0006,0.021,0.004,0.0015,0.0012,0.0056,0.3924,0.0031,0.0206,0.0004,0.0034,0.0008,0.0029,0.0096,0.0031,0.0491,love,0.0491
90,David Tao,就是愛妳,Taiwan,73eCSQ1DxQbaOnzy8PhKx3,love,0.0161,0.0027,0.0061,0.0065,0.0516,0.0698,0.0026,0.0047,0.1721,0.0124,0.0063,0.0029,0.0009,0.0082,0.002,0.005,0.0022,0.0365,0.9338,0.0024,0.0339,0.0011,0.0059,0.0019,0.0057,0.0408,0.0016,0.0308,love,0.0308
91,Joker Xue,其实,Taiwan,6Mmdzst5fLkrKjhdkGhLpe,love,0.0049,0.0021,0.0341,0.0449,0.0675,0.1616,0.0054,0.0047,0.022,0.0974,0.1227,0.0057,0.0022,0.002,0.0028,0.0015,0.0079,0.0103,0.7083,0.0066,0.0186,0.001,0.0165,0.0035,0.0204,0.3227,0.0012,0.0508,love,0.0508
93,Hearts2Hearts,FOCUS,Taiwan,6jYiHr12NVKLzn0X7K8aSK,admiration,0.7104,0.0021,0.0037,0.028,0.1519,0.0007,0.0093,0.011,0.0011,0.0146,0.0221,0.0025,0.0011,0.0373,0.0013,0.0008,0.0005,0.0108,0.003,0.0007,0.0034,0.0053,0.0163,0.002,0.0001,0.0011,0.0143,0.1451,admiration,0.1451
95,Amazing Show,偷偷愛,Taiwan,0L7R4dmkwk46DEZgqx1fF7,neutral,0.0032,0.0008,0.0016,0.0073,0.0683,0.0016,0.0035,0.0024,0.0013,0.0033,0.0044,0.0019,0.0004,0.0008,0.0009,0.0003,0.0003,0.0005,0.0023,0.0003,0.0047,0.0002,0.017,0.0003,0.0003,0.0018,0.0006,0.923,approval,0.923
96,"Disney, Shakira",Zoo,Taiwan,3vJIaiTIHxHhYafTSPNiH4,joy,0.0164,0.046,0.0022,0.0081,0.2306,0.0476,0.0139,0.0368,0.0071,0.0025,0.0067,0.0005,0.0006,0.0886,0.0014,0.0008,0.0008,0.6117,0.0122,0.0046,0.0483,0.003,0.0109,0.0176,0.0006,0.0026,0.0014,0.1243,joy,0.1243
97,Fish Leong,慢冷,Taiwan,3NNDJfWMGHuNpvHWTImmlW,neutral,0.0012,0.0011,0.0532,0.2032,0.0201,0.0016,0.0063,0.0037,0.0009,0.0201,0.3492,0.0068,0.0023,0.0008,0.0012,0.0003,0.0003,0.0005,0.0007,0.0004,0.0027,0.0002,0.0114,0.0003,0.0002,0.002,0.0029,0.5297,disapproval,0.5297
100,aespa,Rich Man,Taiwan,1sUjTLLCJzcxC15GUBrOlg,admiration,0.358,0.0095,0.0014,0.0052,0.1976,0.0014,0.0058,0.0139,0.0017,0.0014,0.0022,0.0008,0.0006,0.1044,0.0011,0.0013,0.0004,0.0566,0.0067,0.0008,0.0044,0.0045,0.018,0.0024,0.0002,0.0007,0.0089,0.3182,admiration,0.3182
101,F.I.R.,我們的愛,Taiwan,0Q4YuuiCuxIIKUw2fb1cmV,neutral,0.0034,0.0019,0.0021,0.0131,0.0328,0.0005,0.006,0.0075,0.0015,0.0063,0.0035,0.0048,0.0028,0.0067,0.005,0.0002,0.0006,0.0011,0.0019,0.0012,0.0025,0.0005,0.0429,0.0005,0.0003,0.0031,0.0233,0.8459,realization,0.8459
102,Crowd Lu,愚人節快樂,Taiwan,3bQeHxH1x4pVUfsRpuLAlH,neutral,0.0265,0.0006,0.0013,0.0032,0.087,0.0015,0.0025,0.003,0.002,0.0029,0.0025,0.0013,0.0003,0.0033,0.0009,0.0003,0.0003,0.0013,0.0219,0.0003,0.004,0.0005,0.0107,0.0003,0.0002,0.0016,0.0011,0.8638,approval,0.8638
103,JOLIN,妥協,Taiwan,0m1cI6aV1jq537JamnL592,neutral,0.004,0.0007,0.002,0.0078,0.0846,0.0015,0.0047,0.0047,0.0015,0.0031,0.0047,0.0023,0.0005,0.0011,0.0009,0.0003,0.0003,0.0004,0.0032,0.0003,0.0053,0.0002,0.0159,0.0003,0.0003,0.0015,0.0008,0.903,approval,0.903
105,"JISOO, ZAYN",EYES CLOSED (with ZAYN),Taiwan,4WFfPxJv1KRekG6mxn837K,neutral,0.0014,0.0006,0.0169,0.125,0.1763,0.0197,0.0026,0.0007,0.0043,0.0724,0.1778,0.0052,0.0022,0.001,0.0024,0.0002,0.0008,0.0015,0.0117,0.0023,0.0129,0.0008,0.0444,0.002,0.0012,0.017,0.0007,0.4001,disapproval,0.4001
106,"Jung Kook, Latto",Seven (feat. Latto) (Explicit Ver.),Taiwan,2HRgqmZQC0MC7GeNuDIXHN,neutral,0.0021,0.0022,0.0047,0.0117,0.0385,0.0067,0.0021,0.0029,0.0188,0.0024,0.0019,0.0015,0.0005,0.0079,0.001,0.0007,0.0004,0.0057,0.0221,0.0004,0.0092,0.0005,0.0057,0.0006,0.0003,0.0016,0.0011,0.8285,approval,0.8285
107,Andrew Tan,天后,Taiwan,4D0KlK4Fl8lotvsoys1bYQ,neutral,0.0011,0.0009,0.0026,0.0173,0.0565,0.0017,0.0041,0.0024,0.0009,0.0042,0.0381,0.0015,0.0004,0.0004,0.0005,0.0002,0.0002,0.0004,0.0012,0.0002,0.0039,0.0001,0.0134,0.0002,0.0002,0.0015,0.0004,0.9025,approval,0.9025
108,TWS,OVERDRIVE,Taiwan,5qAfVxNUxjrELshgTpWxLf,fear,0.0245,0.0072,0.0262,0.0267,0.0248,0.0088,0.0628,0.0619,0.0094,0.0389,0.026,0.0159,0.0158,0.1086,0.5927,0.0007,0.0084,0.0326,0.3695,0.1288,0.0119,0.0037,0.0719,0.0048,0.0029,0.0455,0.3595,0.0176,fear,0.0176
109,Billie Eilish,BIRDS OF A FEATHER,Taiwan,6dOtVTDdiauQNBQEDOtlAB,love,0.0045,0.0015,0.0384,0.0388,0.0292,0.0483,0.0213,0.016,0.1745,0.0483,0.0307,0.0142,0.0022,0.0044,0.012,0.0012,0.0035,0.0052,0.8861,0.0088,0.0396,0.0007,0.0146,0.0011,0.0081,0.0506,0.0038,0.0372,love,0.0372
110,Wu Bai,淚橋,Taiwan,0NAcDn6U2GB2Arhspmh38S,neutral,0.0029,0.0011,0.0021,0.0086,0.0431,0.0013,0.0037,0.0031,0.0012,0.0032,0.0038,0.0028,0.0006,0.0011,0.0012,0.0003,0.0003,0.0005,0.0023,0.0003,0.0032,0.0002,0.0148,0.0003,0.0003,0.002,0.0008,0.9341,approval,0.9341
112,"The Kid LAROI, Justin Bieber",STAY (with Justin Bieber),Taiwan,567e29TDzLwZwfDuEpGTwo,neutral,0.0018,0.0038,0.0026,0.0115,0.0181,0.0012,0.004,0.0031,0.0028,0.0141,0.0055,0.0037,0.0019,0.003,0.0022,0.0003,0.0011,0.0042,0.0042,0.0012,0.0032,0.0004,0.0134,0.0009,0.0007,0.0148,0.0017,0.9395,approval,0.9395
113,TWICE,THIS IS FOR,Taiwan,18AMT576rBlQFMzUTS7WBa,neutral,0.0061,0.0562,0.0019,0.0098,0.0404,0.0038,0.0015,0.0023,0.0128,0.0024,0.0028,0.0011,0.0006,0.0402,0.0009,0.0006,0.0004,0.1682,0.0035,0.0008,0.0074,0.0013,0.0058,0.0022,0.0004,0.0019,0.0007,0.6572,joy,0.6572
114,高爾宣 OSN,Without You,Taiwan,0KWnRv3wxjltYVB3MqjNd2,disappointment,0.0009,0.001,0.0705,0.3382,0.0088,0.0046,0.0112,0.0138,0.0124,0.4554,0.1133,0.0181,0.009,0.0016,0.0083,0.0002,0.0031,0.001,0.0025,0.0105,0.004,0.0004,0.0136,0.0008,0.003,0.1745,0.0033,0.1374,disappointment,0.1374
116,NMIXX,Blue Valentine,Taiwan,4i0HNuFEH6P6K4UnsY5uUh,love,0.0047,0.002,0.0076,0.0124,0.0739,0.0284,0.0125,0.0245,0.0903,0.0372,0.0094,0.0044,0.0015,0.009,0.0082,0.0004,0.0025,0.0116,0.8915,0.0103,0.0592,0.0007,0.0182,0.0018,0.006,0.0576,0.0035,0.0558,love,0.0558
118,G.E.M.,泡沫,Taiwan,2IfSPLPDW6RGosdB5huwAA,neutral,0.0018,0.0024,0.0029,0.0094,0.0173,0.001,0.0022,0.0013,0.0011,0.0048,0.0057,0.003,0.001,0.0016,0.0017,0.0003,0.0005,0.0015,0.0016,0.0004,0.0016,0.0003,0.0087,0.0003,0.0004,0.0035,0.0008,0.9597,approval,0.9597
119,Jay Chou,七里香,Taiwan,57w29bSwdIZ6gr6xXOqwc1,neutral,0.0048,0.0009,0.0024,0.0076,0.0412,0.0026,0.0207,0.2533,0.0485,0.0024,0.0047,0.0016,0.0003,0.0039,0.0009,0.0003,0.0002,0.0005,0.0066,0.0004,0.0062,0.0001,0.0044,0.0002,0.0004,0.0013,0.0017,0.6101,curiosity,0.6101
120,Bruno Mars,I Just Might,Taiwan,6f68Ac5tt5BQOpwr0BV9oN,curiosity,0.0027,0.0008,0.0327,0.0842,0.0209,0.0162,0.0771,0.3633,0.0395,0.1444,0.0679,0.0105,0.0028,0.0058,0.0229,0.0001,0.0031,0.002,0.0168,0.0132,0.0173,0.0003,0.0086,0.0008,0.0027,0.1006,0.0061,0.1354,curiosity,0.1354
121,Eric Chou,怎麼了,Taiwan,5cU1O9P0EDA0rPkPDykhIm,neutral,0.0042,0.0007,0.0019,0.0059,0.1032,0.002,0.0042,0.004,0.0013,0.0025,0.0038,0.0018,0.0004,0.001,0.0009,0.0004,0.0002,0.0005,0.0041,0.0002,0.0045,0.0002,0.0144,0.0003,0.0003,0.0015,0.0006,0.8961,approval,0.8961
122,Leehom Wang,愛錯,Taiwan,4vdX5mQE0oXkflFqsqQkUP,love,0.0061,0.0037,0.0346,0.0368,0.0309,0.0112,0.2124,0.1541,0.0183,0.2038,0.0472,0.0136,0.0217,0.0101,0.0349,0.0019,0.0106,0.0121,0.8761,0.0417,0.0105,0.0009,0.0736,0.0031,0.0563,0.3142,0.0526,0.018,love,0.018
123,BABYMONSTER,Really Like You,Taiwan,5xqM1HOndjxfH7NmyD8SVS,love,0.0255,0.0028,0.0072,0.0084,0.0816,0.0406,0.0036,0.0039,0.157,0.024,0.0107,0.0048,0.0025,0.0066,0.002,0.0053,0.0034,0.0471,0.9456,0.0035,0.0255,0.002,0.0125,0.0037,0.04,0.0708,0.0016,0.0128,love,0.0128
125,EggPlantEgg,浪子回頭,Taiwan,301mxTHzMyFOVUXl6U22sf,neutral,0.0033,0.001,0.0016,0.008,0.0335,0.0016,0.0024,0.002,0.0038,0.0055,0.0033,0.0026,0.0006,0.0015,0.0019,0.0003,0.0005,0.0007,0.0023,0.0005,0.0083,0.0003,0.0179,0.0004,0.0004,0.0035,0.001,0.9425,approval,0.9425
126,"高爾宣 OSN, Patrick Brasca",Hold On,Taiwan,580BvW3DyUNoYFgQgoD2GI,curiosity,0.0015,0.001,0.0053,0.0201,0.0205,0.0172,0.0346,0.3872,0.1122,0.0377,0.0216,0.0031,0.001,0.0028,0.0088,0.0002,0.0015,0.0011,0.0064,0.0039,0.0513,0.0002,0.0059,0.0005,0.0023,0.0293,0.0033,0.335,curiosity,0.335
130,"Kenshi Yonezu, Hikaru Utada",JANE DOE,Taiwan,4oE7MyJhqSD3BaHRpNs8Nl,neutral,0.0013,0.0213,0.0016,0.0087,0.0258,0.0058,0.0135,0.0476,0.0124,0.0061,0.0022,0.0013,0.0015,0.0411,0.0053,0.0002,0.0015,0.0939,0.0028,0.0096,0.0108,0.0007,0.0215,0.0046,0.0009,0.0118,0.008,0.5558,joy,0.5558
132,Stefanie Sun,雨天,Taiwan,5tZbcQ5PYID0xB0VNblmrK,neutral,0.0074,0.0014,0.0012,0.0067,0.1616,0.0278,0.0014,0.0009,0.0039,0.0149,0.0027,0.0014,0.0014,0.0044,0.0065,0.0004,0.003,0.0195,0.007,0.0107,0.0124,0.0025,0.0627,0.0129,0.0015,0.0495,0.001,0.6618,approval,0.6618
133,玖壹壹,下輩子,Taiwan,73Ijz3vN9KP1W5qrfNeWMI,sadness,0.0025,0.0016,0.0051,0.0187,0.0164,0.0181,0.0018,0.0022,0.006,0.0784,0.0049,0.0046,0.0019,0.0008,0.0045,0.0003,0.0085,0.0017,0.0058,0.0072,0.003,0.0004,0.0137,0.0013,0.0052,0.5343,0.0008,0.5027,sadness,0.5027
134,Amazing Show,捲菸,Taiwan,7ks6KrwN2DKhEm06X85qEK,neutral,0.0052,0.0008,0.0017,0.0059,0.064,0.0012,0.0095,0.0115,0.0013,0.0029,0.0043,0.0018,0.0005,0.0014,0.001,0.0003,0.0002,0.0005,0.0026,0.0003,0.0045,0.0002,0.0138,0.0002,0.0003,0.0014,0.0012,0.8973,approval,0.8973
135,TWICE,What is Love?,Taiwan,5Ek40FyMPprcvtyZDjqylX,curiosity,0.0391,0.0053,0.0043,0.0043,0.0436,0.012,0.0773,0.698,0.035,0.0043,0.0079,0.0028,0.0013,0.1765,0.0104,0.0029,0.0011,0.0222,0.5372,0.0066,0.0222,0.0005,0.0063,0.0012,0.0024,0.0058,0.0292,0.0205,curiosity,0.0205
137,Jay Chou,說好的幸福呢,Taiwan,4OoExItZJ0jePoCZDbHx4t,sadness,0.0044,0.0017,0.0069,0.0251,0.0187,0.0074,0.0029,0.0047,0.0047,0.1129,0.0085,0.0059,0.0022,0.0009,0.0032,0.0003,0.0135,0.0013,0.0048,0.0045,0.0024,0.0003,0.0182,0.001,0.0033,0.7504,0.0016,0.3136,sadness,0.3136
138,IVE,XOXZ,Taiwan,2c6xH9usslUoHnOzsRhpcP,neutral,0.004,0.0013,0.0027,0.0114,0.0803,0.0265,0.0029,0.0334,0.2628,0.0028,0.0029,0.0012,0.0002,0.0096,0.0013,0.0003,0.0004,0.0033,0.0078,0.0009,0.0202,0.0005,0.0032,0.0008,0.0005,0.0017,0.0007,0.4935,desire,0.4935
142,ALLDAY PROJECT,ONE MORE TIME,Taiwan,7FyKqLLICVzwBiAUtbVYUW,neutral,0.0057,0.0053,0.0021,0.0055,0.0565,0.004,0.0041,0.0144,0.0481,0.0022,0.0019,0.001,0.0004,0.0399,0.0008,0.0006,0.0003,0.0192,0.0421,0.0005,0.0084,0.0007,0.004,0.0008,0.0003,0.0012,0.0019,0.7254,approval,0.7254
143,"The Chainsmokers, Coldplay",Something Just Like This,Taiwan,6RUKPb4LETWmmr3iAEQktW,neutral,0.0009,0.0009,0.002,0.0187,0.0245,0.0019,0.0264,0.0509,0.0472,0.0142,0.0431,0.0011,0.0005,0.0026,0.0008,0.0002,0.0003,0.0016,0.0018,0.0007,0.0073,0.0002,0.0069,0.0004,0.0004,0.0027,0.0013,0.7118,curiosity,0.7118
144,Zhang Zhen Yue,愛我別走,Taiwan,2fc2vUA5H3mTAr9rQoBDKt,neutral,0.0026,0.0012,0.0024,0.0089,0.0324,0.0012,0.0029,0.0026,0.0012,0.0032,0.0038,0.0023,0.0006,0.0012,0.001,0.0003,0.0003,0.0007,0.0018,0.0003,0.0028,0.0002,0.0105,0.0002,0.0003,0.0019,0.0007,0.9499,approval,0.9499
145,Jay Chou,一路向北,Taiwan,7KoqEF76fGnDYdxTSHLxcm,neutral,0.0016,0.0027,0.003,0.0095,0.0184,0.0011,0.0023,0.0014,0.0012,0.0041,0.0047,0.0029,0.0009,0.0016,0.0015,0.0003,0.0004,0.0015,0.0017,0.0004,0.0017,0.0003,0.0087,0.0003,0.0003,0.0032,0.0008,0.9559,approval,0.9559
146,Bruno Mars,That's What I Like,Taiwan,0KKkJNfGyhkQ5aFogxQAPU,love,0.1773,0.002,0.0017,0.0035,0.2539,0.0088,0.0033,0.0144,0.0055,0.0017,0.003,0.0008,0.0003,0.0168,0.0006,0.0021,0.0003,0.0503,0.727,0.0004,0.0097,0.0016,0.0054,0.0014,0.0006,0.0012,0.0014,0.0504,love,0.0504
147,"Saja Boys, Andrew Choi, Neckwav, Danny Chung, KEVIN WOO, samUIL Lee, KPop Demon Hunters Cast",Soda Pop,Taiwan,02sy7FAs8dkDNYsHp4Ul3f,desire,0.0161,0.0018,0.003,0.0125,0.1194,0.0119,0.001,0.0033,0.387,0.006,0.0033,0.0027,0.0005,0.0415,0.0008,0.0009,0.0006,0.0215,0.1167,0.001,0.0086,0.002,0.0064,0.0019,0.0007,0.0036,0.0011,0.2192,desire,0.2192
150,Khalil Fong,紅豆,Taiwan,5TkQbhQm9BXONk2agDo4w9,neutral,0.0022,0.0026,0.002,0.0123,0.0298,0.0007,0.0032,0.004,0.0014,0.0048,0.0032,0.0044,0.0017,0.0036,0.0022,0.0002,0.0005,0.0011,0.0018,0.0006,0.0024,0.0003,0.0215,0.0004,0.0003,0.003,0.0035,0.9223,approval,0.9223
152,David Tao,"愛, 很簡單",Taiwan,3OXHwY8gI2QUh0QliXBwrI,annoyance,0.0013,0.0079,0.1903,0.6387,0.0129,0.0028,0.0159,0.0215,0.0193,0.0855,0.1076,0.0225,0.0052,0.003,0.0028,0.0006,0.0005,0.0017,0.0009,0.0018,0.0544,0.0005,0.012,0.0006,0.0011,0.0032,0.0043,0.0767,annoyance,0.0767
153,菲菲公主,第57次取消发送,Taiwan,2xYrGeWUjwGvB0KMAfUFSd,sadness,0.0083,0.0013,0.0044,0.0169,0.0279,0.0244,0.0289,0.0638,0.0198,0.2131,0.0086,0.0032,0.0032,0.0052,0.0078,0.0005,0.0191,0.0064,0.0951,0.0307,0.0047,0.0006,0.0195,0.0031,0.024,0.7528,0.0052,0.0595,sadness,0.0595
154,Cheer Chen,太聰明,Taiwan,4DCB1S7G6SmH9qlDpEVIzP,neutral,0.0041,0.0007,0.0018,0.0069,0.0626,0.0016,0.0046,0.0043,0.0013,0.0032,0.005,0.0022,0.0005,0.001,0.001,0.0003,0.0003,0.0004,0.0026,0.0003,0.0044,0.0002,0.0137,0.0003,0.0003,0.0017,0.0006,0.9182,approval,0.9182
156,艾薇 Ivy,失重前幸福,Taiwan,3SJgTyb8a7z66suw0kBZ0T,neutral,0.0041,0.001,0.0019,0.0088,0.0831,0.0014,0.0069,0.0094,0.0019,0.0038,0.0041,0.0033,0.0007,0.0016,0.0015,0.0002,0.0003,0.0005,0.0035,0.0004,0.0042,0.0002,0.0184,0.0003,0.0003,0.0022,0.0014,0.8692,approval,0.8692
159,JENNIE,Mantra,Taiwan,1kUyOJb3fzUo8r0OCz5SQk,amusement,0.1517,0.472,0.0026,0.0118,0.1082,0.0074,0.0013,0.0015,0.0021,0.0023,0.0081,0.001,0.0009,0.008,0.0005,0.0011,0.0004,0.174,0.0319,0.0004,0.0093,0.0022,0.0109,0.0033,0.0004,0.0011,0.0013,0.2234,amusement,0.2234
160,Shi Shi,少一點天份,Taiwan,7lCLZlVt6g4ifoHXpXEHZm,neutral,0.0772,0.0012,0.0601,0.1152,0.0765,0.0418,0.0319,0.0681,0.0075,0.0351,0.0516,0.0057,0.0018,0.0061,0.0607,0.0009,0.0016,0.0039,0.0068,0.0163,0.0414,0.0016,0.0133,0.0021,0.0009,0.0245,0.0032,0.3628,annoyance,0.3628
162,陈村长,爱怎么了,Taiwan,0c9gjnRGBRke9VmLaZWmhM,sadness,0.0078,0.0042,0.0076,0.0127,0.0197,0.0244,0.0852,0.1452,0.0105,0.1433,0.0152,0.0033,0.0135,0.0037,0.0049,0.0031,0.0221,0.007,0.0521,0.0187,0.0073,0.0006,0.0236,0.0029,0.5691,0.7177,0.0051,0.0145,sadness,0.0145
164,Hearts2Hearts,STYLE,Taiwan,5EoV2HmAlkqN1XvsIjOBZZ,neutral,0.1693,0.0173,0.0021,0.0054,0.1162,0.0038,0.0372,0.3117,0.0056,0.003,0.0077,0.0015,0.0008,0.031,0.0012,0.0019,0.0006,0.0489,0.2226,0.0012,0.0057,0.0008,0.01,0.0014,0.0009,0.0022,0.0062,0.475,curiosity,0.475
166,Rene Liu,後來,Taiwan,2wzXhxWPX0aODraKNXoJYY,neutral,0.004,0.0009,0.0017,0.0064,0.0587,0.0014,0.0045,0.0045,0.0014,0.003,0.0037,0.002,0.0004,0.0012,0.0011,0.0003,0.0003,0.0005,0.0027,0.0003,0.0043,0.0002,0.013,0.0002,0.0003,0.0017,0.0007,0.9207,approval,0.9207
167,sodagreen,小情歌,Taiwan,4FhJ7YSRxATHnaRg4nGs6t,neutral,0.003,0.0008,0.0018,0.0081,0.0744,0.0016,0.0059,0.0058,0.0014,0.0031,0.0042,0.0023,0.0005,0.0011,0.0012,0.0002,0.0003,0.0005,0.0025,0.0003,0.0051,0.0002,0.0174,0.0003,0.0003,0.0016,0.0009,0.9112,approval,0.9112
170,WOODZ,Drowning,Taiwan,4xeugB5MqWh0jwvXZPxahq,sadness,0.0041,0.0028,0.0432,0.0436,0.0093,0.0189,0.0593,0.1795,0.0396,0.2582,0.0179,0.0133,0.008,0.0109,0.0424,0.0011,0.0323,0.0093,0.4718,0.054,0.0075,0.0007,0.021,0.0029,0.0291,0.7829,0.0374,0.0332,sadness,0.0332
172,JOLIN,倒帶,Taiwan,4XipvtwRgtUrGb2j2l0wNG,neutral,0.0039,0.0008,0.0019,0.0067,0.0562,0.0013,0.0045,0.0038,0.0012,0.0028,0.0039,0.0021,0.0004,0.001,0.001,0.0003,0.0003,0.0005,0.0025,0.0002,0.0037,0.0002,0.0126,0.0002,0.0003,0.0016,0.0007,0.9252,approval,0.9252
173,Eason Chan,淘汰,Taiwan,5sYtvIl1mx9QuIgwC6FDU1,neutral,0.0051,0.0007,0.0016,0.0059,0.0773,0.0014,0.0033,0.003,0.0012,0.0029,0.004,0.002,0.0004,0.0011,0.0009,0.0003,0.0002,0.0005,0.0032,0.0002,0.004,0.0002,0.0136,0.0003,0.0002,0.0015,0.0007,0.91,approval,0.91
178,Bad Bunny,DtMF,Taiwan,3sK8wGT43QFpWrvNQsrQya,love,0.03,0.018,0.0059,0.0091,0.0462,0.0093,0.0114,0.0135,0.2373,0.0091,0.0079,0.0028,0.0011,0.0224,0.0012,0.3092,0.0011,0.1047,0.796,0.0016,0.0381,0.002,0.0073,0.0024,0.0043,0.0057,0.0017,0.0268,love,0.0268
179,Sam Lee,最近,Taiwan,0ONg8VCxzW3CCNDxDY0DNe,confusion,0.0055,0.0013,0.0263,0.0487,0.0541,0.2094,0.4371,0.1826,0.0173,0.1091,0.144,0.0032,0.0047,0.0115,0.1052,0.0014,0.0107,0.0298,0.1245,0.2469,0.0241,0.0017,0.0284,0.0097,0.0226,0.1838,0.0056,0.0485,confusion,0.0485
180,"Charlie Puth, Selena Gomez",We Don't Talk Anymore (feat. Selena Gomez),Taiwan,54PbBpquVfhfrwRwvjSXbI,disappointment,0.0029,0.0016,0.0285,0.0502,0.009,0.0103,0.2432,0.234,0.0488,0.3082,0.0585,0.0191,0.0185,0.0108,0.1707,0.0006,0.01,0.0058,0.2547,0.1028,0.014,0.0007,0.0342,0.0024,0.0183,0.2394,0.0663,0.0426,disappointment,0.0426
181,LNGSHOT,Never Let Go,Taiwan,37xebnhvUyM8VyyDDeo65d,disapproval,0.0008,0.0009,0.0301,0.1525,0.0278,0.0096,0.0684,0.029,0.0144,0.0368,0.403,0.0045,0.0014,0.0023,0.0029,0.0004,0.0006,0.0017,0.0016,0.0026,0.0083,0.0004,0.0122,0.0009,0.0007,0.0087,0.0018,0.3418,disapproval,0.3418
182,F.I.R.,Lydia,Taiwan,4D4KVgVNxed4Hd3rGWlCo2,desire,0.2389,0.0041,0.0044,0.0128,0.0526,0.0095,0.0014,0.0033,0.7428,0.0098,0.0047,0.0051,0.0008,0.0185,0.001,0.0066,0.0011,0.0232,0.1982,0.0011,0.0315,0.0039,0.0071,0.0015,0.0022,0.0049,0.002,0.0261,desire,0.0261
183,Nicky Lee,想太多,Taiwan,7IiSESHLOtsoEXTlXa0bjJ,neutral,0.0037,0.0008,0.0018,0.0087,0.0586,0.0016,0.0058,0.0056,0.0015,0.0035,0.0037,0.0026,0.0006,0.0011,0.0014,0.0003,0.0003,0.0004,0.0019,0.0004,0.0044,0.0002,0.0166,0.0003,0.0003,0.0019,0.001,0.9132,approval,0.9132
184,颜人中,有些,Taiwan,4bDJJr7yG31MApWuvEasAo,amusement,0.0031,0.4025,0.042,0.1829,0.0296,0.004,0.0122,0.0247,0.0056,0.0606,0.0476,0.0086,0.0078,0.008,0.0026,0.0661,0.0013,0.1048,0.0046,0.0062,0.0099,0.001,0.0387,0.0046,0.0026,0.0335,0.0041,0.1038,amusement,0.1038
185,David Tao,普通朋友,Taiwan,7CTitzr4eVIDCPUJi5Dr4B,disapproval,0.0012,0.0009,0.0473,0.1457,0.0322,0.0114,0.003,0.0031,0.0157,0.0313,0.5637,0.005,0.0013,0.0013,0.0012,0.0005,0.0006,0.001,0.0027,0.0009,0.007,0.0004,0.0098,0.0006,0.0009,0.0074,0.0009,0.3416,disapproval,0.3416
187,aespa,Drama,Taiwan,5XWlyfo0kZ8LF7VSyfS4Ew,neutral,0.0043,0.0022,0.0046,0.0111,0.0878,0.0039,0.0038,0.0041,0.0059,0.0065,0.0024,0.0035,0.0019,0.0523,0.0259,0.0002,0.0014,0.0125,0.0683,0.0064,0.0069,0.0019,0.0269,0.0023,0.0005,0.0104,0.0171,0.6232,approval,0.6232
189,KATSEYE,Gabriela,Taiwan,1xOqGUkyxGQRdCvGpvWKmL,neutral,0.0014,0.0035,0.0019,0.0089,0.0154,0.0026,0.0112,0.0505,0.0053,0.0033,0.0032,0.002,0.0012,0.0138,0.0092,0.0001,0.0005,0.0026,0.0024,0.0026,0.0059,0.0003,0.0084,0.0005,0.0004,0.0021,0.0213,0.7987,curiosity,0.7987
190,Wu Bai,夢醒時分,Taiwan,51fGtLs5vdK2NOumVhMXru,neutral,0.0063,0.0007,0.0017,0.0051,0.0845,0.0012,0.0034,0.0034,0.0011,0.0023,0.0032,0.0017,0.0003,0.0014,0.0008,0.0003,0.0002,0.0006,0.0042,0.0002,0.0035,0.0002,0.0115,0.0002,0.0002,0.0012,0.0007,0.9047,approval,0.9047
192,BY2,我知道,Taiwan,7iXPSlDdL0EQwPFtUR8ye1,desire,0.0075,0.0034,0.0063,0.0109,0.0178,0.0468,0.0028,0.0046,0.6375,0.0777,0.0082,0.0088,0.0026,0.0047,0.0048,0.0049,0.0158,0.0136,0.3666,0.0078,0.0316,0.0017,0.0155,0.0038,0.0496,0.4622,0.0029,0.0361,desire,0.0361
193,XG,HYPNOTIZE,Taiwan,3fEX9NgOeklq816Fw00uoo,neutral,0.0079,0.0068,0.0021,0.0115,0.0666,0.0032,0.001,0.0023,0.0042,0.0022,0.001,0.0017,0.0007,0.0548,0.0014,0.0002,0.0004,0.0268,0.003,0.0009,0.0053,0.0016,0.008,0.0017,0.0002,0.0011,0.002,0.8272,approval,0.8272
194,ATEEZ,Adrenaline,Taiwan,2VKGO4DNyUK5UxCQB3b3DF,neutral,0.0052,0.0169,0.0066,0.0195,0.0527,0.0045,0.0027,0.0058,0.0046,0.0024,0.0031,0.0022,0.0011,0.2816,0.0082,0.0004,0.0005,0.0448,0.0012,0.005,0.0059,0.0022,0.0087,0.0027,0.0002,0.0014,0.0072,0.6338,excitement,0.6338
195,Eason Chan,十年,Taiwan,25pWemriUQVrZ3yIiS2IBf,neutral,0.0038,0.001,0.0027,0.0108,0.0592,0.0016,0.0104,0.0135,0.0014,0.0034,0.0046,0.0024,0.0006,0.001,0.001,0.0002,0.0003,0.0004,0.0021,0.0003,0.0054,0.0002,0.0151,0.0002,0.0003,0.0016,0.0012,0.8893,approval,0.8893
196,Eric Chou,想念你想我,Taiwan,1sl9O7VLwGwdw4iXqnkbDP,fear,0.0037,0.0013,0.0049,0.011,0.0256,0.0245,0.0081,0.0051,0.0098,0.0407,0.0081,0.0045,0.0026,0.0023,0.5293,0.0004,0.0062,0.0018,0.0079,0.0862,0.0199,0.0008,0.0262,0.0021,0.0034,0.1276,0.0034,0.3062,fear,0.3062
197,Eric Chou,摯友,Taiwan,5evE7bweEhX83fd1ZmwPjP,neutral,0.0044,0.0008,0.0017,0.0066,0.0647,0.0014,0.0046,0.004,0.0013,0.0028,0.0037,0.0021,0.0004,0.0011,0.001,0.0003,0.0003,0.0005,0.0027,0.0003,0.0041,0.0002,0.0139,0.0003,0.0003,0.0016,0.0007,0.9207,approval,0.9207
199,NewJeans,Ditto,Taiwan,3r8RuvgbX9s7ammBn07D3W,love,0.0036,0.002,0.0106,0.0182,0.0251,0.0161,0.0209,0.0451,0.1802,0.1897,0.036,0.0067,0.0036,0.0084,0.0084,0.0005,0.008,0.0092,0.6861,0.0149,0.0144,0.0006,0.0168,0.0023,0.025,0.3647,0.0071,0.0561,love,0.0561
1,Bruno Mars,Risk It All,USA,5y2ijHECwFYWqcAHKTZgzD,approval,0.034,0.002,0.0027,0.0132,0.5711,0.0283,0.0009,0.0034,0.1002,0.0024,0.0067,0.0014,0.0003,0.0335,0.0012,0.0007,0.0004,0.0078,0.0134,0.0006,0.0832,0.003,0.0084,0.0023,0.0004,0.0008,0.001,0.2708,approval,0.2708
2,"PinkPantheress, Zara Larsson",Stateside + Zara Larsson,USA,1DwscornXpj8fmOmYVlqZt,amusement,0.084,0.8475,0.0019,0.0056,0.0503,0.0048,0.0558,0.1303,0.0051,0.002,0.0039,0.0013,0.0012,0.0324,0.0014,0.0012,0.0006,0.1652,0.0114,0.0023,0.0265,0.0009,0.0131,0.0029,0.001,0.002,0.0054,0.0486,amusement,0.0486
3,Ella Langley,Choosin' Texas,USA,65DbTqJKhbwqYbZ1Okr0rc,neutral,0.0026,0.0015,0.0027,0.0236,0.0301,0.0031,0.0016,0.0008,0.0038,0.2056,0.0124,0.0034,0.0038,0.0009,0.0036,0.0004,0.0075,0.0032,0.0038,0.0055,0.0031,0.0008,0.0809,0.003,0.0055,0.4414,0.0017,0.5173,sadness,0.5173
4,Bruno Mars,I Just Might,USA,6f68Ac5tt5BQOpwr0BV9oN,curiosity,0.0027,0.0008,0.0327,0.0842,0.0209,0.0162,0.0771,0.3633,0.0395,0.1444,0.0679,0.0105,0.0028,0.0058,0.0229,0.0001,0.0031,0.002,0.0168,0.0132,0.0173,0.0003,0.0086,0.0008,0.0027,0.1006,0.0061,0.1354,curiosity,0.1354
5,Bad Bunny,DtMF,USA,3sK8wGT43QFpWrvNQsrQya,love,0.03,0.018,0.0059,0.0091,0.0462,0.0093,0.0114,0.0135,0.2373,0.0091,0.0079,0.0028,0.0011,0.0224,0.0012,0.3092,0.0011,0.1047,0.796,0.0016,0.0381,0.002,0.0073,0.0024,0.0043,0.0057,0.0017,0.0268,love,0.0268
7,Dominic Fike,Babydoll,USA,7yNf9YjeO5JXUE3JEBgnYc,sadness,0.0013,0.0016,0.0064,0.0396,0.0098,0.0155,0.0012,0.0019,0.0112,0.1768,0.0143,0.0056,0.0028,0.0017,0.0038,0.0005,0.0116,0.0037,0.0042,0.0086,0.0031,0.0005,0.0144,0.0021,0.007,0.7091,0.0019,0.2321,sadness,0.2321
8,Don Toliver,E85,USA,3B4cjvGlPvyBLNG3AzEgkZ,love,0.0074,0.0382,0.0048,0.0093,0.035,0.0177,0.0014,0.0011,0.0296,0.0087,0.0049,0.0027,0.0011,0.0082,0.0018,0.001,0.0013,0.0955,0.8998,0.0019,0.0422,0.0011,0.0093,0.0019,0.0026,0.0147,0.0015,0.0643,love,0.0643
9,Olivia Dean,So Easy (To Fall In Love),USA,6sGIMrtIzQjdzNndVxe397,love,0.0153,0.0024,0.002,0.0043,0.2143,0.0066,0.002,0.0013,0.0084,0.0035,0.0053,0.0012,0.0005,0.0082,0.0007,0.0008,0.0004,0.0303,0.8439,0.0006,0.0117,0.0009,0.0116,0.0015,0.001,0.0027,0.0012,0.0914,love,0.0914
10,Bad Bunny,BAILE INoLVIDABLE,USA,2lTm559tuIvatlT1u0JYG2,sadness,0.006,0.0013,0.0291,0.0681,0.0153,0.0072,0.0037,0.0031,0.0507,0.2945,0.0338,0.0216,0.0065,0.0036,0.0044,0.0005,0.0073,0.007,0.3679,0.0068,0.0041,0.001,0.0158,0.0017,0.0128,0.4268,0.003,0.0412,sadness,0.0412
11,Bad Bunny,Tití Me Preguntó,USA,1IHWl5LamUGEuP4ozKQSXZ,disapproval,0.0008,0.0063,0.1186,0.1334,0.0202,0.0225,0.0232,0.0075,0.0113,0.1007,0.3065,0.0103,0.0097,0.0041,0.0056,0.0009,0.0024,0.0091,0.0907,0.0064,0.0047,0.0006,0.0164,0.0016,0.0174,0.0898,0.0026,0.1307,disapproval,0.1307
12,Bad Bunny,NUEVAYoL,USA,5TFD2bmFKGhoCRbX61nXY5,approval,0.2444,0.0019,0.0013,0.0042,0.4054,0.0155,0.0238,0.1218,0.0034,0.0016,0.0049,0.0007,0.0003,0.0515,0.0031,0.0007,0.0004,0.0195,0.0081,0.002,0.0215,0.0023,0.0096,0.0035,0.0002,0.0011,0.0041,0.183,approval,0.183
13,Bruno Mars,Cha Cha Cha,USA,6QletrrmpkUpeJkipX9pgf,love,0.0159,0.1341,0.0051,0.0221,0.0527,0.0038,0.0242,0.0062,0.0042,0.0481,0.0171,0.0033,0.006,0.0234,0.0101,0.0002,0.0018,0.1649,0.3947,0.0208,0.0072,0.0018,0.036,0.0054,0.003,0.0246,0.0054,0.0565,love,0.0565
14,Djo,End of Beginning,USA,3qhlB30KknSejmIvZZLjOD,neutral,0.0009,0.0138,0.0013,0.0107,0.0815,0.0551,0.0772,0.0563,0.0031,0.0194,0.0108,0.0008,0.0017,0.0016,0.0056,0.0003,0.003,0.0143,0.0026,0.0176,0.0347,0.0004,0.0455,0.0056,0.0054,0.0572,0.0018,0.4524,approval,0.4524
15,Don Toliver,Body,USA,0FlcmZ13DGRmscCroro9GO,neutral,0.0054,0.0029,0.0071,0.0134,0.0384,0.0047,0.0027,0.0143,0.0865,0.0026,0.0028,0.0019,0.0004,0.0552,0.0009,0.0004,0.0003,0.0087,0.1455,0.0005,0.0081,0.0004,0.0023,0.0004,0.0004,0.001,0.0014,0.4513,love,0.4513
17,Alex Warren,FEVER DREAM,USA,7ogpGbKc4Io6NCU6ydxXwZ,sadness,0.0009,0.0034,0.0059,0.0337,0.0082,0.0062,0.0558,0.1024,0.024,0.2844,0.0069,0.0059,0.0077,0.0041,0.0321,0.0002,0.0116,0.0038,0.0082,0.0648,0.0113,0.0004,0.0424,0.0021,0.0107,0.519,0.0225,0.1661,sadness,0.1661
18,Alex Warren,Ordinary,USA,2RkZ5LkEzeHGRsmDqKwmaJ,neutral,0.0123,0.0008,0.003,0.0067,0.0374,0.0103,0.0033,0.0236,0.1939,0.0057,0.0016,0.0017,0.0005,0.044,0.0023,0.0002,0.0008,0.0087,0.2003,0.0015,0.0165,0.0009,0.0045,0.001,0.0007,0.0042,0.0053,0.4195,love,0.4195
19,Bad Bunny,EoO,USA,6J5kc12BW5HuP3d7C3vvx8,neutral,0.0029,0.0125,0.009,0.051,0.0447,0.0038,0.0007,0.0006,0.0043,0.0052,0.0067,0.0034,0.0011,0.0044,0.0008,0.0003,0.0004,0.014,0.0193,0.0004,0.0031,0.001,0.0087,0.0011,0.0004,0.002,0.0006,0.8465,annoyance,0.8465
20,Bella Kay,iloveitiloveitiloveit,USA,5IMpnpD0tQVcqWlVIgtAtV,love,0.0347,0.0071,0.011,0.0155,0.1268,0.0097,0.162,0.0958,0.0117,0.0169,0.0488,0.0052,0.0028,0.0103,0.0061,0.0014,0.0012,0.0247,0.9471,0.0059,0.024,0.0007,0.0251,0.0013,0.0044,0.0082,0.0078,0.0158,love,0.0158
21,The Killers,Mr. Brightside,USA,003vvx7Niy0yvhvHt4a68B,sadness,0.0008,0.0017,0.0115,0.0594,0.0088,0.0036,0.0099,0.0138,0.0111,0.1625,0.007,0.0118,0.0057,0.0025,0.0219,0.0002,0.0092,0.0035,0.0024,0.0274,0.0024,0.0005,0.02,0.0015,0.0029,0.497,0.0049,0.3148,sadness,0.3148
23,sombr,back to friends,USA,7qjZnBKE73H4Oxkopwulqe,fear,0.003,0.003,0.0072,0.0186,0.0116,0.0169,0.0858,0.1002,0.0091,0.0252,0.0066,0.0081,0.0068,0.0062,0.7221,0.0004,0.0062,0.0034,0.0077,0.1899,0.0075,0.0006,0.0245,0.0022,0.0031,0.0687,0.0136,0.1888,fear,0.1888
25,Taylor Swift,The Fate of Ophelia,USA,53iuhJlwXhSER5J2IYYv1W,neutral,0.0034,0.0007,0.0168,0.0394,0.0365,0.0693,0.0005,0.0003,0.0129,0.0145,0.0056,0.0041,0.001,0.0012,0.0038,0.0008,0.0025,0.005,0.0089,0.0019,0.0094,0.0018,0.0106,0.0029,0.0018,0.0342,0.0004,0.7544,caring,0.7544
26,Fleetwood Mac,Dreams,USA,0ofHAoxe9vBkTCp2UQIavz,neutral,0.0032,0.0008,0.0032,0.0075,0.0714,0.134,0.013,0.1698,0.0342,0.0146,0.0046,0.0012,0.0007,0.0041,0.0036,0.0002,0.0023,0.0027,0.1068,0.0053,0.0231,0.0003,0.0104,0.0014,0.0038,0.043,0.0024,0.3542,curiosity,0.3542
27,Bruno Mars,Why You Wanna Fight?,USA,3Ac4AjYkqsvop2ydbSAhTX,love,0.0044,0.0015,0.0297,0.0359,0.0469,0.1428,0.0265,0.2041,0.0355,0.0648,0.0483,0.0037,0.0033,0.0065,0.0064,0.0004,0.0053,0.0095,0.5479,0.0111,0.0158,0.0005,0.0074,0.0021,0.0295,0.16,0.0025,0.0653,love,0.0653
28,Ella Langley,Be Her,USA,05CjWFAcAlY6O9po6Qwakk,desire,0.0022,0.0018,0.024,0.083,0.0127,0.0116,0.002,0.0033,0.3839,0.1927,0.0298,0.0219,0.0028,0.0019,0.0031,0.0006,0.0059,0.0026,0.0151,0.0049,0.0089,0.0008,0.0112,0.0013,0.0058,0.3528,0.0013,0.1302,desire,0.1302
29,Ella Langley,weren't for the wind,USA,2A22iI0x4EYAVXNpKPhNEM,neutral,0.0009,0.0016,0.0015,0.0132,0.0288,0.0018,0.4403,0.0089,0.0059,0.0224,0.0509,0.002,0.0017,0.0014,0.003,0.0011,0.0005,0.0021,0.0017,0.0023,0.0678,0.0004,0.0824,0.0009,0.0017,0.0027,0.0035,0.5311,confusion,0.5311
30,Bruno Mars,Dance With Me,USA,1myZ6GQewhAzMH2dKtKSWK,love,0.0143,0.0035,0.0043,0.0043,0.0325,0.0207,0.0096,0.0507,0.2658,0.0042,0.0046,0.0016,0.0007,0.0786,0.0036,0.0027,0.0008,0.0394,0.8581,0.002,0.1782,0.0008,0.006,0.0011,0.0022,0.0029,0.0076,0.0349,love,0.0349
31,Luke Combs,Be By You,USA,7aLndReanHBzpTGE5Am9H8,love,0.0152,0.0027,0.0039,0.0049,0.0424,0.0409,0.0028,0.0037,0.395,0.006,0.0057,0.0021,0.0006,0.0091,0.0021,0.0049,0.0008,0.0178,0.8075,0.0012,0.3523,0.0011,0.007,0.0011,0.0037,0.0036,0.0012,0.0338,love,0.0338
32,Morgan Wallen,I Got Better,USA,4gfrYDtaRmp6HPvN80V2ob,neutral,0.0031,0.0026,0.0028,0.0473,0.0965,0.0025,0.0026,0.0006,0.0027,0.1752,0.008,0.004,0.0052,0.0017,0.0058,0.0004,0.0037,0.0116,0.0011,0.0126,0.0114,0.0028,0.322,0.0145,0.0018,0.0746,0.0038,0.4708,realization,0.4708
34,Bruno Mars,On My Soul,USA,4i4BVY2JiH4mDSLIBdNGKD,love,0.0048,0.0026,0.0044,0.0065,0.0393,0.0135,0.0049,0.0196,0.276,0.0054,0.0045,0.0032,0.0007,0.022,0.0021,0.0013,0.0009,0.0129,0.8611,0.0016,0.0227,0.0004,0.0062,0.0008,0.0019,0.0057,0.0031,0.0885,love,0.0885
35,Radiohead,Creep,USA,70LcF31zb1H0PyJoS1Sx1r,desire,0.1734,0.0016,0.0591,0.0924,0.0243,0.0107,0.0068,0.0195,0.7068,0.0525,0.0284,0.0298,0.0021,0.0174,0.0035,0.0019,0.0023,0.0079,0.1099,0.0034,0.0201,0.0035,0.0059,0.0012,0.0022,0.0164,0.0034,0.0215,desire,0.0215
36,The Goo Goo Dolls,Iris,USA,6Qyc6fS4DsZjB2mRW9DsQs,desire,0.0027,0.0012,0.0056,0.0277,0.0194,0.0224,0.0022,0.0056,0.679,0.0345,0.0134,0.0075,0.001,0.0027,0.0024,0.0009,0.0021,0.0021,0.0191,0.003,0.015,0.0006,0.0087,0.001,0.0029,0.046,0.0009,0.267,desire,0.267
37,Lil Uzi Vert,What You Saying,USA,7cjoZVmWe2xsGR4wcXiV2v,neutral,0.0035,0.002,0.0015,0.007,0.1384,0.0011,0.2974,0.0155,0.0012,0.0029,0.0068,0.0013,0.0009,0.0081,0.0016,0.0005,0.0003,0.0072,0.0055,0.0013,0.0065,0.0007,0.0452,0.0012,0.0005,0.0008,0.0064,0.6576,confusion,0.6576
38,SIENNA SPIRO,Die On This Hill,USA,2gYTC8DsplN3RNdpdBcCOQ,neutral,0.0082,0.0002,0.007,0.0193,0.2108,0.0431,0.0085,0.0334,0.1857,0.0112,0.1129,0.0016,0.0007,0.0043,0.0016,0.0008,0.0008,0.0021,0.0203,0.0011,0.0648,0.0015,0.0104,0.0015,0.0021,0.0043,0.0012,0.3223,approval,0.3223
40,Arctic Monkeys,505,USA,58ge6dfP91o9oXMzq3XkIS,love,0.0144,0.0017,0.0029,0.0103,0.0422,0.0045,0.0112,0.029,0.0073,0.1075,0.0053,0.0033,0.0044,0.0173,0.012,0.0002,0.0063,0.0125,0.4085,0.0108,0.0058,0.0011,0.0318,0.0025,0.0032,0.1562,0.047,0.1623,love,0.1623
41,The Neighbourhood,Sweater Weather,USA,0cQVqPuHQP4KEwc7ZUQmj6,neutral,0.0019,0.0014,0.0259,0.0688,0.0374,0.0046,0.0021,0.0012,0.0245,0.0252,0.0551,0.0146,0.0018,0.0055,0.0024,0.0002,0.0008,0.0054,0.2701,0.0013,0.0032,0.0007,0.0103,0.0008,0.0008,0.0119,0.0014,0.389,love,0.389
42,Taylor Swift,Opalite,USA,3yWuTOYDztXjZxdE2cIRUa,amusement,0.0048,0.3286,0.0044,0.0168,0.0221,0.0018,0.0045,0.0046,0.0031,0.0205,0.005,0.0038,0.005,0.0706,0.0046,0.0005,0.0018,0.029,0.119,0.0038,0.0061,0.0014,0.0556,0.0023,0.0024,0.0389,0.0612,0.3008,amusement,0.3008
43,Noah Kahan,The Great Divide,USA,77zqs8ucHCSk5jh9TYec4b,optimism,0.0045,0.0022,0.0106,0.035,0.0151,0.0586,0.006,0.0093,0.1202,0.0388,0.0137,0.0059,0.0012,0.0018,0.0073,0.0042,0.0012,0.0021,0.0043,0.0029,0.7581,0.0008,0.0088,0.0008,0.0071,0.0176,0.0017,0.089,optimism,0.089
44,She & Him,I Thought I Saw Your Face Today,USA,0myRViRgmQ3J8izICXEAVO,love,0.0181,0.0015,0.0152,0.0274,0.0756,0.008,0.0066,0.0009,0.0078,0.0278,0.0414,0.0067,0.0037,0.0059,0.0055,0.001,0.0015,0.0122,0.8858,0.0035,0.0081,0.0019,0.056,0.0021,0.0029,0.0127,0.0085,0.042,love,0.042
45,Don Toliver,No Pole,USA,0eaVIYo2zeOaGJeqZ5TwYz,neutral,0.0021,0.0023,0.0688,0.1622,0.0184,0.0038,0.0029,0.0017,0.0015,0.0143,0.4051,0.0054,0.0015,0.002,0.001,0.0009,0.0004,0.0024,0.0016,0.0005,0.0021,0.0005,0.0072,0.0006,0.0005,0.0039,0.0015,0.4274,disapproval,0.4274
47,sombr,12 to 12,USA,05od2qm2MTSKCHxy1GBp5W,curiosity,0.0014,0.0014,0.0086,0.0213,0.0274,0.0113,0.2792,0.5343,0.0165,0.0398,0.0205,0.0042,0.0038,0.003,0.0098,0.0003,0.0018,0.0024,0.1874,0.0068,0.015,0.0002,0.0218,0.0006,0.01,0.0312,0.0086,0.1283,curiosity,0.1283
48,"Lady Gaga, Bruno Mars",Die With A Smile,USA,7so0lgd0zP2Sbgs2d7a1SZ,love,0.0041,0.0059,0.0193,0.0341,0.021,0.0059,0.0205,0.004,0.1248,0.1998,0.0154,0.0139,0.0153,0.0068,0.0175,0.0012,0.0103,0.0154,0.6223,0.0227,0.0246,0.0021,0.2448,0.0041,0.0294,0.2458,0.0393,0.0281,love,0.0281
49,Bruno Mars,Nothing Left,USA,0Sq6JK9kyC4MQa3KrJj5CB,sadness,0.0032,0.0021,0.0084,0.0231,0.0136,0.0112,0.0046,0.0054,0.1566,0.3257,0.014,0.0063,0.0036,0.0046,0.0046,0.0007,0.0124,0.0079,0.2304,0.0122,0.0128,0.0009,0.022,0.0025,0.0172,0.6143,0.006,0.0571,sadness,0.0571
50,Dominic Fike,White Keys,USA,5ViLKrbyL3HD6wsq3AB9eI,neutral,0.0091,0.0012,0.0031,0.0249,0.0158,0.002,0.0322,0.1246,0.0359,0.1791,0.0163,0.003,0.0021,0.006,0.0021,0.0001,0.0028,0.0032,0.0092,0.0043,0.0065,0.0004,0.0205,0.001,0.0013,0.0755,0.0137,0.3841,disappointment,0.3841
51,"Waka Flocka Flame, Roscoe Dash, Wale",No Hands,USA,03tqyYWC9Um2ZqU0ZN849H,neutral,0.006,0.0073,0.0725,0.1314,0.0242,0.0018,0.0049,0.0086,0.0037,0.0079,0.0095,0.0086,0.0015,0.0091,0.001,0.0002,0.0003,0.0064,0.1214,0.0005,0.0033,0.0005,0.0052,0.0004,0.0002,0.0012,0.0026,0.5737,annoyance,0.5737
52,"BigXthaPlug, Ella Langley",Hell At Night (feat. Ella Langley),USA,3pAVk6Ydn0dcGpG8gDyxSJ,optimism,0.0116,0.0246,0.0152,0.018,0.0413,0.0961,0.03,0.1142,0.2369,0.0318,0.0404,0.0047,0.0017,0.005,0.0103,0.0031,0.0023,0.0141,0.3125,0.0047,0.8984,0.001,0.0083,0.0017,0.0273,0.017,0.0028,0.0212,optimism,0.0212
53,Whiskey Myers,Broken Window Serenade,USA,1VOSSXuWRcBj2rpfxNdX9v,sadness,0.0032,0.0023,0.0134,0.0294,0.0114,0.0141,0.0019,0.0018,0.0255,0.2001,0.0175,0.0095,0.0031,0.0017,0.0058,0.0006,0.0175,0.004,0.1212,0.0073,0.0079,0.0007,0.0207,0.0016,0.0093,0.7766,0.0035,0.1034,sadness,0.1034
54,Drake,Headlines,USA,6LxSe8YmdPxy095Ux6znaQ,neutral,0.0008,0.0034,0.0224,0.1449,0.1328,0.0059,0.014,0.0112,0.0023,0.0184,0.0263,0.004,0.0095,0.0008,0.0024,0.0005,0.0011,0.0014,0.0013,0.0016,0.0103,0.0005,0.025,0.001,0.1469,0.0204,0.0012,0.475,remorse,0.475
55,Olivia Dean,A Couple Minutes,USA,312z6PZ8wwREck8613PkJk,curiosity,0.0059,0.0009,0.0033,0.0156,0.143,0.2,0.026,0.3355,0.059,0.0465,0.0542,0.001,0.0013,0.013,0.0042,0.0009,0.003,0.0246,0.0389,0.0119,0.0428,0.0008,0.0102,0.0087,0.0096,0.0492,0.0034,0.0996,curiosity,0.0996
56,Sabrina Carpenter,Manchild,USA,2BwO5K8Q7EPAJSGze3AAh9,love,0.0052,0.0027,0.1076,0.1433,0.0338,0.0097,0.2841,0.251,0.0147,0.1331,0.1413,0.0107,0.0059,0.004,0.0062,0.0005,0.0021,0.0065,0.3581,0.006,0.0272,0.0005,0.0194,0.001,0.0113,0.0273,0.0089,0.0405,love,0.0405
57,Bruno Mars,That's What I Like,USA,0KKkJNfGyhkQ5aFogxQAPU,love,0.1773,0.002,0.0017,0.0035,0.2539,0.0088,0.0033,0.0144,0.0055,0.0017,0.003,0.0008,0.0003,0.0168,0.0006,0.0021,0.0003,0.0503,0.727,0.0004,0.0097,0.0016,0.0054,0.0014,0.0006,0.0012,0.0014,0.0504,love,0.0504
58,"Mac Miller, Empire Of The Sun",The Spins,USA,2QGVKiAGTa1YcDqPMhAzF7,love,0.0069,0.3272,0.0239,0.0545,0.0318,0.0553,0.0021,0.0074,0.0453,0.0052,0.0057,0.0034,0.001,0.0072,0.0009,0.0007,0.001,0.1014,0.3333,0.0012,0.0184,0.0007,0.0045,0.0018,0.0026,0.008,0.0008,0.1915,love,0.1915
59,Ravyn Lenae,Love Me Not,USA,4WFgvKVfEhb3IUAFGrutTR,desire,0.002,0.0017,0.0105,0.029,0.0118,0.0332,0.0079,0.0184,0.5708,0.1352,0.0169,0.0113,0.0028,0.0043,0.0082,0.0012,0.0075,0.0035,0.1,0.0166,0.0179,0.0007,0.0107,0.002,0.03,0.3403,0.0027,0.0598,desire,0.0598
60,Billie Eilish,BIRDS OF A FEATHER,USA,6dOtVTDdiauQNBQEDOtlAB,love,0.0045,0.0015,0.0384,0.0388,0.0292,0.0483,0.0213,0.016,0.1745,0.0483,0.0307,0.0142,0.0022,0.0044,0.012,0.0012,0.0035,0.0052,0.8861,0.0088,0.0396,0.0007,0.0146,0.0011,0.0081,0.0506,0.0038,0.0372,love,0.0372
62,Malcolm Todd,Earrings,USA,0eAuGrXyGFYwur9ARUe7LJ,optimism,0.0015,0.0022,0.0028,0.006,0.0281,0.0377,0.0019,0.0012,0.1048,0.0144,0.0121,0.0018,0.0007,0.0016,0.0037,0.0015,0.0013,0.0036,0.0628,0.0013,0.4901,0.0008,0.0114,0.0012,0.0074,0.0127,0.0009,0.4194,optimism,0.4194
64,The Marías,No One Noticed,USA,3siwsiaEoU4Kuuc9WKMUy5,disappointment,0.001,0.0018,0.0055,0.0421,0.0256,0.007,0.0083,0.0102,0.1366,0.3057,0.0597,0.0039,0.0041,0.0138,0.0086,0.0002,0.0037,0.0067,0.0134,0.0234,0.0121,0.0007,0.0343,0.0032,0.005,0.2176,0.0055,0.1563,disappointment,0.1563
65,EsDeeKid,4 Raws,USA,554qQSs9lpRVq6TlaaiIKT,neutral,0.0022,0.0053,0.0039,0.0411,0.0212,0.0035,0.0007,0.0005,0.0023,0.0494,0.0053,0.0078,0.0039,0.0012,0.0027,0.0005,0.0036,0.0048,0.0009,0.0031,0.0022,0.0009,0.0229,0.0023,0.0026,0.2051,0.0008,0.7033,sadness,0.7033
66,Addison Rae,Fame is a Gun,USA,7B3BwNecBhKvNwSMOOl7Gk,love,0.0153,0.001,0.0074,0.0112,0.2095,0.0148,0.0047,0.0171,0.1402,0.0076,0.0154,0.0016,0.0006,0.0391,0.0009,0.0006,0.0007,0.0592,0.5796,0.0011,0.0132,0.0017,0.0064,0.0025,0.001,0.0033,0.0016,0.0902,love,0.0902
68,Fetty Wap,Trap Queen,USA,2d8JP84HNLKhmd6IYOoupQ,neutral,0.0053,0.0106,0.0668,0.0926,0.0391,0.0023,0.004,0.009,0.0055,0.0025,0.0031,0.0036,0.0007,0.0156,0.0007,0.0002,0.0002,0.0098,0.2414,0.0003,0.0074,0.0005,0.0043,0.0003,0.0002,0.0006,0.0018,0.5302,love,0.5302
69,Tame Impala,The Less I Know The Better,USA,6K4t31amVTZDgR3sKmwUJJ,neutral,0.0009,0.001,0.0258,0.068,0.0225,0.0116,0.1172,0.1222,0.005,0.0329,0.1104,0.0039,0.0022,0.0025,0.004,0.0002,0.0011,0.0018,0.089,0.0031,0.008,0.0002,0.0122,0.0006,0.0012,0.01,0.0079,0.3976,curiosity,0.3976
70,"Drake, Wizkid, Kyla",One Dance,USA,1zi7xx7UVEFkmKfv06H8x0,love,0.0146,0.001,0.0061,0.008,0.061,0.015,0.0142,0.0551,0.387,0.01,0.0129,0.0031,0.0007,0.0127,0.0026,0.0011,0.0009,0.0076,0.7657,0.002,0.0313,0.0006,0.0064,0.0008,0.0024,0.0061,0.0022,0.0641,love,0.0641
72,Morgan Wallen,I'm The Problem,USA,7AeM1BGYM7emrqmQn1PuWv,neutral,0.0008,0.004,0.0599,0.321,0.0072,0.0017,0.1825,0.2184,0.0016,0.0228,0.026,0.0378,0.0095,0.0009,0.0047,0.0002,0.0007,0.0007,0.0007,0.0019,0.0034,0.0002,0.0109,0.0002,0.0005,0.0036,0.0074,0.4094,annoyance,0.4094
73,Bad Bunny,VOY A LLeVARTE PA PR,USA,59D4DOkspUbWyMmbAPQkxZ,neutral,0.0835,0.005,0.0049,0.0176,0.0607,0.0019,0.0046,0.0199,0.0028,0.0059,0.003,0.004,0.0009,0.0191,0.0041,0.0002,0.0004,0.0062,0.0071,0.0013,0.0047,0.0009,0.0066,0.0007,0.0002,0.0019,0.0031,0.6124,admiration,0.6124
74,Brent Faiyaz,butterflies.,USA,4jyyma8YdFC4S4llusSFRu,curiosity,0.1046,0.0008,0.0057,0.0075,0.0791,0.0444,0.1191,0.4784,0.3478,0.0147,0.0143,0.0033,0.0014,0.0356,0.0161,0.0025,0.0023,0.0093,0.3774,0.0125,0.073,0.0014,0.0112,0.002,0.0089,0.0122,0.014,0.0232,curiosity,0.0232
75,Daniel Caesar,Who Knows,USA,6DH13QYXK7lKkYHSU88N48,love,0.1315,0.0021,0.0056,0.0112,0.1013,0.0183,0.2136,0.3548,0.0226,0.054,0.0262,0.0033,0.0016,0.0094,0.0081,0.001,0.0023,0.0121,0.7135,0.0073,0.0513,0.0008,0.016,0.0014,0.0071,0.0236,0.0074,0.0211,love,0.0211
76,"Kendrick Lamar, SZA",All The Stars,USA,3GCdLUSnKSMJhs4Tj6CV3s,curiosity,0.0016,0.0012,0.2564,0.1574,0.0107,0.0126,0.1636,0.3381,0.0069,0.0327,0.0678,0.0099,0.0028,0.0033,0.0116,0.001,0.0014,0.002,0.0456,0.0055,0.0088,0.0002,0.0057,0.0005,0.0022,0.015,0.0059,0.1453,curiosity,0.1453
79,Benson Boone,Beautiful Things,USA,3xkHsmpQCBMytMJNiDf3Ii,love,0.0289,0.0005,0.0064,0.0095,0.085,0.1617,0.0243,0.0406,0.2822,0.0377,0.0236,0.0027,0.0011,0.0167,0.0331,0.0016,0.0041,0.0152,0.4533,0.0279,0.3244,0.0025,0.0135,0.0047,0.0123,0.0401,0.0048,0.0224,love,0.0224
80,Chappell Roan,Pink Pony Club,USA,6393yGahSJ9slVdOwSxOVR,joy,0.0531,0.0268,0.0023,0.0065,0.0544,0.0053,0.0014,0.0013,0.0481,0.0036,0.0042,0.0014,0.0008,0.1463,0.0009,0.0068,0.0008,0.5588,0.4906,0.0011,0.019,0.0049,0.0072,0.0046,0.0008,0.0024,0.0028,0.0254,joy,0.0254
81,Frank Ocean,Nights,USA,7eqoqGkKwgOaWNNHx90uEZ,annoyance,0.001,0.0034,0.1813,0.3769,0.0138,0.0304,0.0035,0.0053,0.013,0.0434,0.0522,0.0142,0.0026,0.0018,0.0043,0.0005,0.0009,0.0024,0.0013,0.002,0.0662,0.0007,0.008,0.0009,0.001,0.0097,0.0014,0.3502,annoyance,0.3502
82,Lit,My Own Worst Enemy,USA,33iv3wnGMrrDugd7GBso1z,annoyance,0.0005,0.0024,0.2622,0.4012,0.0051,0.0033,0.0231,0.0402,0.0033,0.126,0.024,0.0398,0.0242,0.0012,0.024,0.0003,0.0039,0.0015,0.0009,0.0117,0.0027,0.0004,0.0198,0.0008,0.0026,0.1088,0.0069,0.1188,annoyance,0.1188
83,"The Weeknd, Playboi Carti",Timeless (feat Playboi Carti),USA,0FIDCNYYjNvPVimz5icugS,neutral,0.0017,0.0038,0.0548,0.1253,0.0183,0.0032,0.0009,0.001,0.0115,0.0548,0.0085,0.0246,0.0043,0.0044,0.0068,0.0002,0.0035,0.0054,0.0104,0.0029,0.0029,0.0011,0.013,0.0013,0.0011,0.1113,0.0025,0.563,annoyance,0.563
84,"Post Malone, Morgan Wallen",I Had Some Help (Feat. Morgan Wallen),USA,5IZXB5IKAD2qlvTPJYDCFB,annoyance,0.0145,0.0005,0.0532,0.3392,0.0459,0.0166,0.0267,0.0678,0.006,0.2008,0.1993,0.0058,0.0028,0.0014,0.0018,0.0005,0.0014,0.0012,0.0013,0.0025,0.0189,0.0008,0.0093,0.0011,0.0019,0.0112,0.0021,0.164,annoyance,0.164
85,"Disco Lines, Tinashe",No Broke Boys,USA,3cZajhyr8LmtPfHZ9296tj,annoyance,0.0129,0.0012,0.3454,0.5338,0.0134,0.0016,0.005,0.007,0.0055,0.1807,0.0937,0.0334,0.0036,0.0023,0.0012,0.0004,0.001,0.0016,0.0032,0.001,0.0029,0.0008,0.0068,0.0005,0.0006,0.012,0.0037,0.0775,annoyance,0.0775
87,Coldplay,Sparks,USA,7D0RhFcb3CrfPuTJ0obrod,caring,0.0039,0.0005,0.0095,0.0142,0.1896,0.3671,0.0112,0.0411,0.0192,0.0289,0.0127,0.0015,0.0012,0.0032,0.0224,0.0004,0.0062,0.0019,0.0358,0.0226,0.063,0.0011,0.0268,0.0042,0.0097,0.1369,0.0026,0.1573,caring,0.1573
88,Foo Fighters,Everlong,USA,5UWwZ5lm5PKu6eKsHAGxOk,neutral,0.0013,0.0031,0.0012,0.0077,0.0069,0.0027,0.0042,0.0157,0.0313,0.0314,0.0019,0.002,0.0017,0.0108,0.009,0.0003,0.0037,0.005,0.0027,0.0087,0.0194,0.0005,0.0169,0.0015,0.0017,0.0611,0.0446,0.6467,sadness,0.6467
89,Teddy Swims,Lose Control,USA,17phhZDn6oGtzMe56NuWvj,disappointment,0.0007,0.0013,0.0253,0.2104,0.014,0.009,0.0269,0.0332,0.0256,0.4297,0.0261,0.0147,0.0107,0.0023,0.0161,0.0002,0.006,0.0019,0.0047,0.0446,0.0063,0.0004,0.0231,0.0017,0.0075,0.3678,0.0048,0.127,disappointment,0.127
90,Chris Stapleton,You Should Probably Leave,USA,2UikqkwBv7aIvlixeVXHWt,neutral,0.0019,0.0013,0.0034,0.0149,0.0362,0.0094,0.0035,0.0011,0.0074,0.0095,0.0056,0.0061,0.0019,0.0029,0.4079,0.0003,0.0013,0.0018,0.0016,0.0307,0.0113,0.0007,0.0257,0.0016,0.0007,0.0118,0.0021,0.4746,fear,0.4746
91,Childish Gambino,Les,USA,7ghKr0pCYyPPyp7t1FH8k4,love,0.15,0.0185,0.0435,0.068,0.0489,0.009,0.0303,0.0896,0.0329,0.0913,0.0633,0.0095,0.0027,0.0063,0.004,0.0003,0.0015,0.0144,0.3052,0.0032,0.1231,0.0009,0.0105,0.001,0.0025,0.0206,0.0027,0.0752,love,0.0752
92,Drake,Passionfruit,USA,5mCPDVBb16L4XQwDdbRUpz,annoyance,0.0011,0.0026,0.361,0.546,0.0158,0.0044,0.0018,0.001,0.0027,0.0334,0.0531,0.0159,0.0033,0.0014,0.0015,0.0003,0.0005,0.0019,0.001,0.0009,0.0057,0.0007,0.009,0.0005,0.0006,0.0056,0.0012,0.2427,annoyance,0.2427
93,"Nelly Furtado, Timbaland",Promiscuous,USA,2gam98EZKrF9XuOkU13ApN,curiosity,0.0474,0.0033,0.0207,0.0569,0.1076,0.0766,0.0358,0.4205,0.017,0.0171,0.0194,0.0019,0.001,0.0091,0.0035,0.0003,0.0013,0.008,0.0297,0.0039,0.0193,0.0006,0.0069,0.0015,0.0018,0.013,0.0027,0.3079,curiosity,0.3079
94,"Kanye West, Dwele",Flashing Lights,USA,5TRPicyLGbAF2LGBFbHGvO,disgust,0.0018,0.0047,0.119,0.2263,0.0187,0.0024,0.054,0.1929,0.0074,0.0443,0.0323,0.3601,0.0256,0.0052,0.0138,0.0003,0.0013,0.0027,0.0681,0.0046,0.0026,0.0003,0.0114,0.0005,0.0017,0.0161,0.0105,0.0725,disgust,0.0725
95,Fleetwood Mac,The Chain - 2004 Remaster,USA,5e9TFTbltYBg2xThimr0rU,anger,0.0016,0.0024,0.5387,0.1837,0.0077,0.006,0.0025,0.0023,0.003,0.0115,0.0154,0.0192,0.0021,0.0018,0.0035,0.0003,0.0009,0.002,0.0123,0.0008,0.0028,0.0005,0.0043,0.0003,0.0006,0.0082,0.0015,0.3972,anger,0.3972
96,Fleetwood Mac,Landslide,USA,5ihS6UUlyQAfmp48eSkxuQ,fear,0.0104,0.0035,0.0057,0.0077,0.0653,0.0215,0.2547,0.177,0.0105,0.0158,0.0104,0.009,0.0086,0.0324,0.5562,0.001,0.0052,0.0117,0.3813,0.1498,0.0234,0.0015,0.0759,0.0036,0.0076,0.0355,0.0437,0.0715,fear,0.0715
97,Rihanna,Don't Stop The Music,USA,1Jo0Zg7XlrA6z0mFTZVdkn,admiration,0.3178,0.0017,0.0024,0.0063,0.2126,0.0055,0.0085,0.1291,0.0165,0.0018,0.0037,0.0007,0.0003,0.1676,0.0007,0.0004,0.0003,0.0353,0.0534,0.0006,0.0114,0.0022,0.0053,0.0017,0.0002,0.0008,0.0079,0.1507,admiration,0.1507
98,Chappell Roan,"Good Luck, Babe!",USA,0WbMK4wrZ1wFSty9F7FCgu,caring,0.0058,0.0009,0.0866,0.124,0.107,0.4667,0.0095,0.0489,0.0693,0.0605,0.0606,0.0079,0.0014,0.0025,0.0047,0.0016,0.0058,0.0044,0.1535,0.0088,0.0529,0.001,0.0061,0.0029,0.0115,0.1182,0.0008,0.0503,caring,0.0503
99,Bruno Mars,Locked out of Heaven,USA,5g7sDjBhZ4I3gcFIpkrLuI,neutral,0.006,0.0028,0.0017,0.0082,0.1179,0.0021,0.0076,0.045,0.0213,0.0078,0.0035,0.0013,0.0008,0.205,0.002,0.0002,0.0007,0.0329,0.025,0.0028,0.0057,0.001,0.012,0.0023,0.0004,0.004,0.011,0.3855,excitement,0.3855
100,The Police,Every Breath You Take,USA,1JSTJqkT5qHq8MDJnJbRE1,sadness,0.0021,0.0021,0.0062,0.0198,0.0073,0.0103,0.0039,0.0132,0.1134,0.1074,0.0051,0.0101,0.0028,0.0028,0.0061,0.0008,0.0205,0.0033,0.0154,0.0097,0.0039,0.0005,0.0116,0.0015,0.0096,0.7477,0.004,0.1975,sadness,0.1975
101,"Gorillaz, De La Soul",Feel Good Inc.,USA,0d28khcov6AiegSCpG5TuT,amusement,0.0304,0.556,0.0025,0.0158,0.0474,0.0029,0.001,0.0019,0.0031,0.0048,0.0042,0.0013,0.0012,0.026,0.0007,0.0004,0.0007,0.3806,0.01,0.0012,0.0046,0.0023,0.0085,0.0044,0.0004,0.0035,0.0011,0.1689,amusement,0.1689
102,"J Balvin, Bad Bunny",LA CANCIÓN,USA,0fea68AdmYNygeTGI4RC18,neutral,0.0022,0.0785,0.0038,0.0295,0.0169,0.0021,0.0459,0.0173,0.0128,0.0492,0.005,0.0052,0.0123,0.016,0.0256,0.0007,0.0063,0.1237,0.0051,0.0356,0.0068,0.0018,0.194,0.0106,0.0035,0.0634,0.0336,0.379,realization,0.379
105,Olivia Dean,Nice To Each Other,USA,7gKxCvTDWwV9wBhdeBbr3l,neutral,0.0009,0.0059,0.0201,0.2611,0.0259,0.0036,0.0436,0.019,0.0061,0.0901,0.043,0.0047,0.0027,0.0023,0.0019,0.0001,0.0008,0.0081,0.0008,0.0032,0.0196,0.0004,0.0158,0.0011,0.0008,0.0092,0.0015,0.4154,annoyance,0.4154
106,Zara Larsson,Midnight Sun,USA,1qRV1dKLOfH1s00b9J2LUQ,love,0.1104,0.0028,0.0019,0.0055,0.1516,0.0127,0.0014,0.0012,0.0105,0.0065,0.0053,0.0012,0.0007,0.0374,0.001,0.0016,0.0013,0.4435,0.5552,0.0019,0.007,0.006,0.0109,0.0102,0.0008,0.0077,0.0015,0.06,love,0.06
108,The Marías,Sienna,USA,0InIeZW4P6VO7dUGRM4AKH,joy,0.1451,0.0063,0.0015,0.0045,0.0946,0.0152,0.0009,0.0011,0.0363,0.0032,0.0023,0.0009,0.0006,0.054,0.0008,0.0025,0.0011,0.6326,0.3763,0.0015,0.0182,0.0074,0.0076,0.0093,0.0009,0.0044,0.0012,0.0602,joy,0.0602
109,Sublime,Santeria,USA,2hnMS47jN0etwvFPzYk11f,love,0.0021,0.0012,0.0079,0.0152,0.0607,0.0063,0.0033,0.0075,0.2847,0.0066,0.0091,0.0031,0.0006,0.0118,0.0013,0.0004,0.0004,0.0042,0.3131,0.0008,0.0155,0.0004,0.0065,0.0006,0.001,0.0031,0.0015,0.2677,love,0.2677
110,"Tyler, The Creator, Kali Uchis",See You Again (feat. Kali Uchis),USA,7KA4W4McWYRpgf0fWsJZWB,neutral,0.0028,0.0027,0.0087,0.0213,0.0356,0.0055,0.3137,0.2764,0.0103,0.0383,0.0107,0.0062,0.0048,0.016,0.0377,0.0007,0.002,0.0058,0.244,0.0349,0.0143,0.0004,0.0297,0.0016,0.004,0.0249,0.0428,0.4072,confusion,0.4072
111,Red Hot Chili Peppers,Scar Tissue,USA,32sx78QsGg6pKXn42XvF9L,desire,0.0023,0.0028,0.0041,0.0152,0.015,0.0166,0.0012,0.0024,0.5335,0.0299,0.0042,0.0084,0.0015,0.0025,0.0022,0.0014,0.0042,0.0052,0.0335,0.0025,0.012,0.0008,0.0103,0.0014,0.0067,0.1312,0.0009,0.3787,desire,0.3787
112,Vance Joy,Riptide,USA,2uXlHCUbq9OMUwx3hrk06o,fear,0.0074,0.0021,0.0186,0.0209,0.0173,0.0135,0.087,0.1272,0.0435,0.0282,0.0383,0.0268,0.0058,0.0227,0.461,0.0005,0.0031,0.0043,0.4488,0.0626,0.0194,0.0007,0.0221,0.0011,0.0027,0.0227,0.0352,0.0497,fear,0.0497
113,sombr,undressed,USA,0TFTAtCYhp2tQ9KcJIZb55,neutral,0.0005,0.0016,0.0102,0.1193,0.0127,0.0016,0.0025,0.0009,0.0047,0.0307,0.0876,0.011,0.0024,0.0008,0.0025,0.0002,0.0005,0.0009,0.0005,0.0012,0.0023,0.0003,0.016,0.0005,0.0005,0.0081,0.001,0.7589,annoyance,0.7589
114,Kehlani,Folded,USA,0bxPRWprUVpQK0UFcddkrA,love,0.0101,0.0012,0.0081,0.0141,0.1026,0.0878,0.0044,0.0497,0.2866,0.004,0.0064,0.0016,0.0004,0.0249,0.0014,0.001,0.0007,0.0155,0.4714,0.0012,0.0362,0.0007,0.0036,0.0013,0.0011,0.0026,0.0013,0.1422,love,0.1422
115,Chris Stapleton,Tennessee Whiskey,USA,3fqwjXwUGN6vbzIwvyFMhx,love,0.0581,0.0006,0.0029,0.0058,0.1439,0.0123,0.0008,0.0005,0.0143,0.0044,0.0042,0.0015,0.0004,0.0044,0.0005,0.0007,0.0005,0.0095,0.6529,0.0004,0.0091,0.0019,0.0077,0.0011,0.0007,0.0023,0.0007,0.2048,love,0.2048
117,"Morgan Wallen, Tate McRae",What I Want (feat. Tate McRae),USA,04emojnbYkrRmv5qtJcgVP,neutral,0.0042,0.0018,0.0038,0.022,0.1763,0.0113,0.0017,0.005,0.325,0.0086,0.0213,0.0028,0.0005,0.0093,0.0009,0.0005,0.0004,0.004,0.0115,0.0009,0.0101,0.0008,0.0098,0.0013,0.0007,0.0039,0.0007,0.3579,desire,0.3579
118,Harry Styles,Aperture,USA,45Z3m6yazmAi4jZuW0tzW0,neutral,0.0008,0.0005,0.0025,0.0119,0.1101,0.0098,0.107,0.1055,0.0583,0.0084,0.0118,0.0011,0.0006,0.0041,0.0025,0.0002,0.0004,0.0015,0.0182,0.0025,0.0221,0.0002,0.0159,0.0007,0.0012,0.0034,0.0017,0.3887,approval,0.3887
119,Noah Kahan,Stick Season,USA,0mflMxspEfB0VbI1kyLiAv,fear,0.0028,0.0095,0.0158,0.0484,0.0119,0.0046,0.0292,0.0037,0.0154,0.2626,0.0425,0.0184,0.0125,0.0054,0.3457,0.0005,0.0045,0.0091,0.0788,0.1371,0.0332,0.0011,0.0695,0.003,0.0046,0.1265,0.0126,0.0259,fear,0.0259
120,Don Toliver,ATM,USA,03auLpFLdCv4HozP4pQseu,anger,0.0013,0.007,0.4933,0.3602,0.0116,0.0029,0.0026,0.0022,0.0038,0.01,0.0161,0.021,0.0028,0.0057,0.0039,0.0003,0.0005,0.0051,0.0017,0.0014,0.0035,0.0008,0.0049,0.0005,0.0003,0.0031,0.002,0.1722,anger,0.1722
121,Shaboozey,A Bar Song (Tipsy),USA,5fZJQrFKWQLb7FpJXZ1g7K,annoyance,0.0006,0.0023,0.1414,0.5948,0.0063,0.0038,0.0129,0.0107,0.0031,0.2162,0.062,0.0113,0.0078,0.0018,0.004,0.0003,0.0014,0.0019,0.0006,0.0067,0.0049,0.0005,0.0111,0.0008,0.0014,0.0292,0.0044,0.1977,annoyance,0.1977
122,Kendrick Lamar,Not Like Us,USA,6AI3ezQ4o3HUoP6Dhudph3,neutral,0.0007,0.0032,0.0821,0.2342,0.0111,0.002,0.0267,0.0252,0.0012,0.0074,0.0222,0.0057,0.0018,0.0009,0.0009,0.0002,0.0003,0.0008,0.0005,0.0005,0.0031,0.0002,0.0051,0.0002,0.0002,0.0013,0.0019,0.7416,annoyance,0.7416
123,Billie Eilish,WILDFLOWER,USA,3QaPy1KgI7nu9FJEQUgn6h,love,0.0051,0.0021,0.0053,0.0108,0.0376,0.0247,0.0414,0.1212,0.022,0.0925,0.0087,0.0021,0.0033,0.0077,0.0089,0.0003,0.0117,0.0113,0.5033,0.0188,0.0116,0.0007,0.0333,0.0031,0.0133,0.4118,0.0155,0.1436,love,0.1436
124,Evanescence,Bring Me To Life,USA,0COqiPhxzoWICwFCS4eZcp,neutral,0.0003,0.0012,0.0079,0.0368,0.0068,0.004,0.0209,0.0175,0.007,0.0907,0.0087,0.0079,0.0068,0.0012,0.0168,0.0002,0.0072,0.0014,0.003,0.0136,0.0031,0.0003,0.0447,0.0013,0.0042,0.2905,0.0165,0.5917,sadness,0.5917
125,Ella Langley,Dandelion,USA,7FudQLDIYCX6F7ruexVn2X,neutral,0.0021,0.001,0.0008,0.0132,0.1596,0.0019,0.0026,0.0005,0.003,0.0163,0.0158,0.0018,0.0013,0.0009,0.001,0.0006,0.0005,0.0019,0.0011,0.001,0.0138,0.001,0.1234,0.0027,0.0008,0.0041,0.001,0.7795,approval,0.7795
126,Malcolm Todd,Sweet Boy,USA,59c2xv2kMzYM6HR9oY6BIa,annoyance,0.0008,0.0008,0.0388,0.3346,0.0792,0.06,0.0061,0.0139,0.0141,0.1188,0.1096,0.0038,0.0017,0.0011,0.0026,0.0002,0.0011,0.0014,0.0013,0.0046,0.0241,0.0004,0.0151,0.0016,0.0015,0.0237,0.0007,0.3281,annoyance,0.3281
127,Creedence Clearwater Revival,Have You Ever Seen The Rain,USA,2LawezPeJhN4AWuSB0GtAU,curiosity,0.008,0.0026,0.0012,0.0041,0.0251,0.0024,0.045,0.6395,0.0057,0.0031,0.0022,0.0011,0.0008,0.0384,0.0028,0.0003,0.0005,0.004,0.0031,0.002,0.0105,0.0002,0.012,0.0006,0.0005,0.0019,0.0744,0.2283,curiosity,0.2283
128,Justin Bieber,DAISIES,USA,5BZsQlgw21vDOAjoqkNgKb,love,0.009,0.0006,0.0043,0.0073,0.2237,0.1473,0.0052,0.0192,0.0261,0.0025,0.0038,0.001,0.0003,0.0077,0.0015,0.0005,0.0007,0.007,0.4299,0.0014,0.0303,0.0006,0.0054,0.0015,0.0013,0.0027,0.0007,0.3363,love,0.3363
129,"Rauw Alejandro, Bad Bunny",Qué Pasaría...,USA,0l0vcZMU7AOeQmUIREoI2U,neutral,0.0031,0.039,0.026,0.141,0.0167,0.0068,0.0246,0.1473,0.0055,0.0487,0.0104,0.0032,0.0014,0.0037,0.0029,0.0001,0.0011,0.0072,0.005,0.0038,0.0093,0.0002,0.0081,0.0007,0.0006,0.0192,0.0034,0.3663,curiosity,0.3663
130,Nirvana,Smells Like Teen Spirit,USA,0gucTLf7trAf37Ua1uAyAu,joy,0.0093,0.189,0.0079,0.1106,0.0597,0.0021,0.0045,0.0008,0.0024,0.0767,0.0213,0.0065,0.0304,0.0142,0.004,0.0033,0.0034,0.4616,0.0031,0.0125,0.0036,0.0117,0.1827,0.0475,0.0028,0.0232,0.0048,0.0476,joy,0.0476
132,"Don Toliver, Rema",Secondhand (feat. Rema),USA,4Z5KKoBGxpJo8YbDcGQXd5,love,0.0492,0.001,0.0057,0.0122,0.1212,0.0089,0.0109,0.0565,0.0737,0.0076,0.0053,0.0017,0.0005,0.0313,0.0012,0.0004,0.0006,0.0201,0.4909,0.0012,0.0102,0.0008,0.0066,0.0009,0.0007,0.0034,0.0026,0.1365,love,0.1365
133,Laufey,From The Start,USA,43iIQbw5hx986dUEZbr3eN,love,0.0065,0.0014,0.0531,0.0503,0.0125,0.0243,0.0255,0.0703,0.339,0.0811,0.0253,0.024,0.0037,0.0084,0.0288,0.0009,0.0055,0.005,0.6832,0.0185,0.0145,0.0007,0.0088,0.0012,0.0109,0.1062,0.007,0.0379,love,0.0379
134,Twenty One Pilots,Drag Path,USA,0TlcczkVTGpinpkGJpT81L,neutral,0.0007,0.0023,0.0012,0.0072,0.0146,0.005,0.0388,0.0906,0.005,0.0111,0.0026,0.0011,0.0011,0.0019,0.0029,0.0002,0.0015,0.0026,0.0015,0.0027,0.0071,0.0002,0.0132,0.0009,0.0014,0.0234,0.0037,0.8034,curiosity,0.8034
135,Rihanna,Love On The Brain,USA,5oO3drDxtziYU2H1X23ZIp,love,0.0103,0.0025,0.0257,0.0236,0.0248,0.0181,0.0034,0.0056,0.0466,0.0109,0.01,0.0058,0.001,0.0085,0.0018,0.0014,0.001,0.0158,0.9436,0.0015,0.0087,0.0006,0.0051,0.0007,0.0019,0.0101,0.0017,0.033,love,0.033
136,Don Toliver,Gemstone,USA,6d9Cs2D2RSIl9c0ulgnFe8,neutral,0.0007,0.0043,0.0558,0.3954,0.0091,0.0013,0.0898,0.1016,0.0011,0.0314,0.0513,0.0073,0.0046,0.0012,0.0014,0.0002,0.0005,0.0009,0.0003,0.0014,0.0034,0.0002,0.0105,0.0002,0.0003,0.0028,0.0077,0.4776,annoyance,0.4776
137,Lil Uzi Vert,20 Min,USA,0uxSUdBrJy9Un0EYoBowng,neutral,0.0057,0.0025,0.0039,0.0241,0.0623,0.0023,0.0018,0.0018,0.0091,0.0053,0.0074,0.0017,0.0005,0.0058,0.0005,0.0002,0.0003,0.0075,0.0405,0.0004,0.0037,0.0008,0.0077,0.0008,0.0003,0.0015,0.0008,0.8159,approval,0.8159
139,Rihanna,Kiss It Better,USA,0UHB9METy4VCXNgkcGqHqS,annoyance,0.0013,0.001,0.1581,0.3224,0.0174,0.0214,0.0177,0.0806,0.0059,0.0799,0.0294,0.0073,0.0026,0.0007,0.002,0.0001,0.0019,0.0008,0.0018,0.0025,0.0059,0.0003,0.0064,0.0004,0.0016,0.0431,0.0012,0.2883,annoyance,0.2883
140,Frank Ocean,Pink + White,USA,3xKsf9qdS1CyvXSMEid6g8,neutral,0.0091,0.0009,0.0038,0.009,0.203,0.1566,0.001,0.001,0.0143,0.004,0.0032,0.0018,0.0005,0.0026,0.0015,0.0008,0.0009,0.0064,0.362,0.0011,0.0253,0.0014,0.0122,0.0026,0.0014,0.0036,0.0004,0.4882,love,0.4882
141,Tears For Fears,Everybody Wants To Rule The World,USA,2YiCMmONQcoMPX2bV1LxE0,sadness,0.0026,0.0014,0.005,0.0301,0.0235,0.0239,0.014,0.0267,0.0152,0.2423,0.0169,0.0013,0.0046,0.0058,0.0022,0.0032,0.0117,0.0561,0.0051,0.0148,0.0054,0.0013,0.0142,0.0134,0.0466,0.5069,0.0017,0.09,sadness,0.09
142,Zach Bryan,Pink Skies,USA,4ZJ4vzLQekI0WntDbanNC7,admiration,0.789,0.0014,0.0017,0.0126,0.079,0.0037,0.0007,0.0004,0.0022,0.0106,0.0101,0.002,0.0009,0.0044,0.001,0.0053,0.0008,0.0087,0.0029,0.0003,0.0097,0.014,0.0155,0.0035,0.0004,0.0024,0.0012,0.3109,admiration,0.3109
143,"J. Cole, Miguel",Power Trip (feat. Miguel),USA,2uwnP6tZVVmTovzX5ELooy,neutral,0.0042,0.0048,0.0159,0.1149,0.0378,0.0061,0.0158,0.006,0.0154,0.041,0.0093,0.0095,0.0044,0.0061,0.0031,0.0003,0.0016,0.0143,0.4241,0.0051,0.0066,0.0009,0.0179,0.0017,0.0025,0.0289,0.0029,0.4451,love,0.4451
144,Nirvana,Come As You Are,USA,5AEOqLsRJFAoSS4ay4Jzao,neutral,0.0008,0.0011,0.0092,0.0347,0.0381,0.0074,0.0012,0.0006,0.0012,0.0056,0.1597,0.0019,0.001,0.0007,0.0012,0.0008,0.0005,0.0012,0.0006,0.0005,0.003,0.0004,0.0126,0.0009,0.0006,0.0035,0.0006,0.8243,disapproval,0.8243
145,Hozier,Take Me To Church,USA,3dYD57lRAUcMHufyqn9GcI,love,0.2822,0.0006,0.0019,0.0049,0.2121,0.0262,0.0022,0.0066,0.0313,0.0087,0.0055,0.0012,0.0003,0.0092,0.0009,0.0005,0.0008,0.0114,0.6467,0.0008,0.0216,0.0018,0.0053,0.0013,0.0007,0.0062,0.0008,0.0767,love,0.0767
146,J. Cole,Work Out,USA,2wAJTrFhCnQyNSD3oUgTZO,neutral,0.0125,0.0012,0.0041,0.021,0.0795,0.0134,0.051,0.2829,0.034,0.0145,0.0421,0.0011,0.0004,0.0081,0.0017,0.0003,0.0004,0.0026,0.0141,0.0013,0.0815,0.0003,0.0046,0.0006,0.0006,0.0019,0.002,0.4085,curiosity,0.4085
147,Miguel,Sure Thing,USA,0JXXNGljqupsJaZsgSbMZV,love,0.048,0.001,0.0026,0.0037,0.2737,0.0627,0.0025,0.0049,0.0075,0.0013,0.0028,0.0008,0.0003,0.0145,0.0013,0.0017,0.0004,0.0121,0.5581,0.0007,0.0473,0.0016,0.0058,0.0016,0.0006,0.001,0.0012,0.1819,love,0.1819
148,"Dave, Tems",Raindance (feat. Tems),USA,3oTuTpF1F3A7rEC6RKsMRz,love,0.0135,0.02,0.0066,0.0098,0.0364,0.0184,0.0034,0.0066,0.1427,0.017,0.0074,0.0039,0.0018,0.0052,0.0018,0.0008,0.0022,0.0306,0.8803,0.0021,0.0169,0.0008,0.0096,0.0013,0.0117,0.0404,0.0015,0.0903,love,0.0903
149,Brooks & Dunn,Neon Moon,USA,2M38X60UJnupGPbFTkVPNQ,sadness,0.0009,0.0015,0.0037,0.0167,0.012,0.0183,0.0033,0.0025,0.0299,0.1469,0.0089,0.004,0.0017,0.001,0.0085,0.0004,0.0119,0.0026,0.0047,0.0123,0.0207,0.0005,0.0226,0.0021,0.0088,0.6467,0.0018,0.2851,sadness,0.2851
150,Morgan Wallen,Last Night,USA,583dMdiUquLMenarTp7PQm,neutral,0.0013,0.0016,0.073,0.1731,0.0323,0.0034,0.0028,0.0014,0.0069,0.032,0.0784,0.0144,0.0022,0.0018,0.0015,0.0002,0.0008,0.0021,0.0532,0.0008,0.0028,0.0005,0.0171,0.0006,0.0007,0.01,0.0016,0.5032,annoyance,0.5032
151,Baby Keem,Ca$ino,USA,3VW6HJYa5l0uzGcCRA222P,annoyance,0.0041,0.0021,0.3626,0.4714,0.0123,0.003,0.0113,0.0236,0.0056,0.1283,0.029,0.0251,0.0068,0.0017,0.0062,0.0003,0.0016,0.0015,0.0016,0.004,0.0048,0.0006,0.0157,0.0006,0.0011,0.0345,0.0045,0.1019,annoyance,0.1019
152,Linkin Park,Somewhere I Belong,USA,3fjmSxt0PskST13CSdBUFx,confusion,0.0008,0.0011,0.0107,0.1105,0.0205,0.0032,0.4164,0.0592,0.0333,0.3271,0.092,0.0054,0.0105,0.0026,0.0109,0.0003,0.0023,0.003,0.0025,0.0229,0.0187,0.0005,0.0642,0.0021,0.0061,0.0477,0.0099,0.1529,confusion,0.1529
154,Frank Ocean,Novacane,USA,4osgfFTICMkcGbbigdsa53,neutral,0.012,0.0034,0.028,0.0986,0.0189,0.0053,0.0096,0.0158,0.0036,0.1212,0.0161,0.0121,0.0059,0.0022,0.0015,0.0012,0.0058,0.0036,0.0786,0.0017,0.0024,0.0006,0.0112,0.0011,0.0389,0.3037,0.004,0.3732,sadness,0.3732
155,Frank Ocean,Thinkin Bout You,USA,7DfFc7a6Rwfi3YQMRbDMau,disapproval,0.0052,0.0027,0.0171,0.0781,0.0269,0.0034,0.1461,0.1023,0.0031,0.2125,0.5394,0.0089,0.0137,0.0068,0.0043,0.0003,0.0016,0.0048,0.0613,0.0061,0.0038,0.0004,0.0275,0.0013,0.005,0.0318,0.0186,0.0656,disapproval,0.0656
156,Tory Lanez,The Color Violet,USA,3azJifCSqg9fRij2yKIbWz,disapproval,0.0011,0.0013,0.026,0.0933,0.0154,0.0078,0.0023,0.0009,0.0154,0.2734,0.4519,0.0058,0.0032,0.0017,0.0038,0.0008,0.0024,0.0034,0.0065,0.0034,0.0111,0.0007,0.0189,0.002,0.0044,0.1252,0.0023,0.1713,disapproval,0.1713
157,"Lil Wayne, Drake, Future",Love Me,USA,2XHzzp1j4IfTNp1FTn7YFg,love,0.0044,0.0018,0.0572,0.1411,0.039,0.004,0.0143,0.0029,0.0058,0.0612,0.0136,0.0055,0.0026,0.0064,0.0025,0.0003,0.0009,0.0094,0.3957,0.002,0.0075,0.0007,0.0144,0.0008,0.001,0.0126,0.0021,0.2974,love,0.2974
159,Linkin Park,In the End,USA,60a0Rd6pjrkxjPbaKzXjfq,disappointment,0.0039,0.001,0.0027,0.0391,0.0155,0.0013,0.0752,0.008,0.0032,0.4154,0.0228,0.0029,0.013,0.0021,0.0043,0.0008,0.0031,0.0021,0.0022,0.0072,0.0205,0.001,0.2756,0.0034,0.0049,0.0299,0.1125,0.2286,disappointment,0.2286
160,TV Girl,Lovers Rock,USA,6dBUzqjtbnIa1TwYbyw5CM,curiosity,0.0211,0.0008,0.0058,0.0127,0.031,0.0198,0.1168,0.4123,0.0161,0.0128,0.0088,0.0056,0.0013,0.0036,0.1141,0.0002,0.0015,0.0011,0.0237,0.0129,0.0245,0.0004,0.0079,0.0005,0.0017,0.012,0.0045,0.2397,curiosity,0.2397
161,Mazzy Star,Fade Into You,USA,1LzNfuep1bnAUR9skqdHCK,neutral,0.0018,0.0011,0.0021,0.0095,0.0217,0.0077,0.0018,0.0065,0.1931,0.0074,0.0015,0.0035,0.0008,0.0043,0.0026,0.0003,0.0012,0.0017,0.0077,0.0016,0.0191,0.0004,0.0117,0.0006,0.0009,0.0107,0.0036,0.715,desire,0.715
162,Coldplay,Yellow,USA,3AJwUDP919kvQ9QcozQPxg,love,0.2902,0.0025,0.0038,0.0071,0.0606,0.0031,0.0011,0.001,0.0041,0.0044,0.0026,0.0025,0.0007,0.02,0.0014,0.0007,0.0006,0.0291,0.8142,0.0005,0.0044,0.0026,0.0102,0.001,0.0004,0.0027,0.0045,0.0506,love,0.0506
163,Gracie Abrams,That’s So True,USA,7ne4VBA60CxGM75vw0EYad,sadness,0.0285,0.0093,0.0731,0.094,0.1254,0.0142,0.0115,0.0093,0.0038,0.2452,0.0373,0.0167,0.0148,0.0029,0.0113,0.0005,0.0103,0.0142,0.3476,0.0193,0.0053,0.0017,0.0376,0.0037,0.0321,0.4979,0.0028,0.0076,sadness,0.0076
164,Hozier,Too Sweet,USA,19XpFsce28aByvCC4g89tJ,admiration,0.3592,0.0012,0.0023,0.0139,0.1494,0.0038,0.1044,0.3025,0.0489,0.0146,0.0212,0.002,0.0006,0.019,0.0012,0.0006,0.0006,0.0055,0.0142,0.0014,0.0184,0.0013,0.0091,0.0012,0.0008,0.003,0.0048,0.1022,admiration,0.1022
165,Jeff Buckley,"Lover, You Should've Come Over",USA,6Jv7kjGkhY2fT4yuBF3aTz,neutral,0.001,0.0009,0.0029,0.0095,0.0189,0.0214,0.0265,0.0691,0.1518,0.046,0.006,0.0019,0.001,0.0037,0.0092,0.0001,0.0032,0.0028,0.0426,0.0107,0.039,0.0003,0.0164,0.0011,0.0053,0.0994,0.0052,0.3974,desire,0.3974
166,Julia Wolf,In My Room,USA,2Ui2JtVjnbHZuExldryCOA,admiration,0.3701,0.0014,0.0054,0.01,0.0473,0.0058,0.0418,0.2987,0.2152,0.0408,0.0121,0.0053,0.0013,0.0145,0.0038,0.0007,0.0024,0.0065,0.1827,0.0031,0.0103,0.001,0.0061,0.001,0.0025,0.0268,0.0053,0.0277,admiration,0.0277
167,Malcolm Todd,Roommates,USA,5vPUv0xziXbV4lnWeVNXNq,sadness,0.0018,0.0015,0.0145,0.0353,0.0168,0.0392,0.0184,0.052,0.0679,0.2725,0.0139,0.0063,0.0047,0.0026,0.0099,0.0004,0.0129,0.0028,0.1014,0.0286,0.0167,0.0004,0.016,0.002,0.0596,0.6753,0.0033,0.0617,sadness,0.0617
168,3 Doors Down,Kryptonite,USA,6ZOBP3NvffbU4SZcrnt1k6,neutral,0.0021,0.0007,0.0019,0.0261,0.0756,0.0113,0.0314,0.1402,0.0088,0.1107,0.0114,0.0011,0.0019,0.0031,0.0044,0.0001,0.0016,0.0025,0.0014,0.0082,0.0307,0.0004,0.0254,0.0022,0.002,0.03,0.0044,0.3997,curiosity,0.3997
169,Chris Stapleton,Think I'm In Love With You,USA,3Gn1zuHNLtGuGEOXwq0k7e,love,0.0316,0.003,0.0041,0.0044,0.0305,0.0094,0.0202,0.0381,0.1103,0.0067,0.007,0.0027,0.001,0.0106,0.0035,0.0045,0.001,0.0127,0.9569,0.0022,0.0474,0.0005,0.0113,0.0007,0.0034,0.0054,0.008,0.014,love,0.014
170,Radiohead,Let Down,USA,2fuYa3Lx06QQJAm0MjztKr,disappointment,0.0021,0.0015,0.0046,0.0599,0.0082,0.0024,0.006,0.0048,0.0093,0.792,0.0412,0.004,0.0072,0.0018,0.0019,0.0006,0.0034,0.0025,0.0051,0.0044,0.0178,0.0004,0.0188,0.0016,0.0103,0.1902,0.0043,0.2061,disappointment,0.2061
171,The Red Clay Strays,Wondering Why,USA,1HbzxLqpNVPdiBXvpC7Ovb,love,0.1505,0.001,0.0035,0.0049,0.0602,0.008,0.2043,0.0264,0.0034,0.0089,0.0082,0.0013,0.0018,0.0454,0.0047,0.0141,0.002,0.0542,0.79,0.0057,0.0112,0.0039,0.0293,0.0041,0.0035,0.0051,0.1001,0.028,love,0.028
172,KATSEYE,Gabriela,USA,1xOqGUkyxGQRdCvGpvWKmL,neutral,0.0014,0.0035,0.0019,0.0089,0.0154,0.0026,0.0112,0.0505,0.0053,0.0033,0.0032,0.002,0.0012,0.0138,0.0092,0.0001,0.0005,0.0026,0.0024,0.0026,0.0059,0.0003,0.0084,0.0005,0.0004,0.0021,0.0213,0.7987,curiosity,0.7987
173,Justin Bieber,YUKON,USA,29iva9idM6rFCPUlu7Rhxl,love,0.0092,0.0017,0.0052,0.0066,0.0855,0.0555,0.018,0.2113,0.0862,0.0025,0.0035,0.0012,0.0003,0.0105,0.0025,0.0005,0.0006,0.0061,0.5404,0.0014,0.0663,0.0003,0.0042,0.0006,0.0013,0.0021,0.0015,0.1723,love,0.1723
174,Hotel Ugly,Shut up My Moms Calling,USA,3hxIUxnT27p5WcmjGUXNwx,love,0.0346,0.0027,0.0202,0.0211,0.0171,0.0188,0.0056,0.0053,0.433,0.0777,0.03,0.0159,0.0021,0.0043,0.0045,0.0038,0.0033,0.009,0.8667,0.0039,0.0531,0.0013,0.0092,0.0012,0.0126,0.0568,0.0032,0.0108,love,0.0108
175,Morgan Wallen,20 Cigarettes,USA,0YsIYFRoxkmEvbKCwTp0Tg,neutral,0.0016,0.0035,0.0108,0.0764,0.0241,0.0012,0.0007,0.0003,0.0011,0.0166,0.056,0.0055,0.002,0.0014,0.0013,0.0003,0.0005,0.0022,0.001,0.0005,0.0019,0.0006,0.017,0.0008,0.0004,0.004,0.0011,0.844,annoyance,0.844
176,Joji,SLOW DANCING IN THE DARK,USA,6rY5FAWxCdAGllYEOZMbjW,annoyance,0.1057,0.0016,0.172,0.351,0.0255,0.0038,0.0245,0.0741,0.0057,0.099,0.1619,0.0163,0.0024,0.0051,0.0027,0.0003,0.001,0.002,0.0031,0.0018,0.0054,0.0009,0.0053,0.0005,0.0004,0.0074,0.0035,0.0928,annoyance,0.0928
177,Red Hot Chili Peppers,Can't Stop,USA,6ojiTSzyv2qPMWqyhUKAqz,neutral,0.1397,0.0009,0.0027,0.008,0.0462,0.0127,0.0039,0.0178,0.154,0.0051,0.0043,0.0012,0.0003,0.0147,0.0017,0.0003,0.0005,0.004,0.3358,0.0008,0.0248,0.0007,0.0052,0.0006,0.0005,0.0027,0.0039,0.3873,love,0.3873
178,Olivia Dean,The Hardest Part,USA,3cPoiK69oQ1SdbB2j2ulGm,disappointment,0.001,0.0006,0.0085,0.0407,0.0229,0.0163,0.0141,0.0067,0.026,0.4424,0.0417,0.0045,0.0076,0.0021,0.0123,0.0004,0.0063,0.0019,0.0682,0.0214,0.0327,0.0006,0.0749,0.0026,0.0165,0.3098,0.0145,0.1505,disappointment,0.1505
179,King Von,Took Her To The O,USA,7fEoXCZTZFosUFvFQg1BmW,neutral,0.0093,0.0162,0.0745,0.245,0.0203,0.0012,0.0045,0.0024,0.0012,0.012,0.0105,0.0119,0.0028,0.0025,0.0018,0.0002,0.0004,0.0043,0.0007,0.0007,0.0025,0.0008,0.0092,0.0005,0.0002,0.002,0.0022,0.6267,annoyance,0.6267
180,TLC,No Scrubs,USA,1KGi9sZVMeszgZOWivFpxs,neutral,0.0009,0.0021,0.0466,0.1745,0.017,0.0032,0.0014,0.0006,0.0013,0.0169,0.3149,0.006,0.0017,0.0007,0.0008,0.0005,0.0004,0.0012,0.0008,0.0004,0.002,0.0003,0.0087,0.0005,0.0005,0.004,0.0007,0.5888,disapproval,0.5888
181,Rihanna,Only Girl (In The World),USA,2ENexcMEMsYk0rVJigVD3i,love,0.0169,0.1256,0.0042,0.0076,0.0308,0.0153,0.0015,0.005,0.2852,0.0038,0.0027,0.0021,0.0006,0.012,0.0007,0.0013,0.0007,0.0563,0.616,0.0006,0.0466,0.0008,0.004,0.0008,0.0024,0.004,0.0007,0.0543,love,0.0543
182,Don Toliver,Tiramisu,USA,2GHKo6nrSjruvBEQbzD7Fw,neutral,0.0014,0.0019,0.0073,0.0464,0.0208,0.0103,0.0007,0.0009,0.0066,0.0075,0.0036,0.0047,0.0007,0.0011,0.0013,0.0003,0.0005,0.0017,0.0016,0.0007,0.0042,0.0004,0.0056,0.0006,0.0004,0.006,0.0003,0.9108,annoyance,0.9108
183,"B.o.B, Bruno Mars",Nothin' on You (feat. Bruno Mars),USA,59dLtGBS26x7kc0rHbaPrq,neutral,0.0332,0.224,0.0076,0.0792,0.136,0.011,0.0025,0.0019,0.0313,0.0905,0.0246,0.0042,0.004,0.0042,0.0006,0.0007,0.0008,0.0385,0.0155,0.0014,0.0147,0.0017,0.0223,0.0025,0.0012,0.0117,0.001,0.3638,amusement,0.3638
184,Hudson Westbrook,House Again,USA,1zM8S2pnIclcdTmrfFnWtX,annoyance,0.0006,0.0026,0.0649,0.3935,0.0145,0.0008,0.0137,0.0046,0.0018,0.2361,0.0154,0.0118,0.0225,0.001,0.0039,0.0004,0.0022,0.0018,0.0009,0.0045,0.004,0.0006,0.1357,0.0013,0.0027,0.0416,0.0162,0.2026,annoyance,0.2026
185,Michael Jackson,Billie Jean,USA,7J1uxwnxfQLu4APicE5Rnj,neutral,0.0013,0.0033,0.0054,0.0225,0.0304,0.0162,0.0071,0.0045,0.0008,0.0061,0.0642,0.0022,0.0015,0.0013,0.0027,0.0003,0.0005,0.0022,0.0009,0.0014,0.0028,0.0004,0.0163,0.001,0.0005,0.0033,0.0015,0.8862,disapproval,0.8862
186,Daniel Caesar,Superpowers,USA,736PP5LTtREkDgktNmX3Gu,admiration,0.7277,0.0027,0.0034,0.0128,0.2273,0.002,0.0113,0.0788,0.0013,0.0035,0.0276,0.0015,0.0005,0.0332,0.0006,0.0007,0.0003,0.0056,0.0045,0.0003,0.0056,0.0019,0.0066,0.0009,0.0002,0.0007,0.0075,0.123,admiration,0.123
187,"Baby Keem, Kendrick Lamar, Momo Boyd",Good Flirts (feat. Kendrick Lamar & Momo Boyd),USA,5sHeIGDbdzw8DeO57XZKIy,love,0.0742,0.1185,0.0344,0.0474,0.0393,0.005,0.0242,0.0763,0.0058,0.0165,0.0124,0.0064,0.0045,0.029,0.0036,0.0003,0.001,0.0254,0.4512,0.0028,0.0049,0.0017,0.0252,0.0011,0.0013,0.0093,0.0152,0.0734,love,0.0734
188,BLACKPINK,GO,USA,3FZPp9lBUvhsxFxKJi3VkB,neutral,0.0021,0.0003,0.0088,0.0527,0.0399,0.0192,0.0017,0.0032,0.0717,0.0561,0.062,0.0022,0.0006,0.0047,0.0023,0.0003,0.0008,0.0016,0.0064,0.0018,0.0127,0.0006,0.0073,0.001,0.0008,0.0159,0.0011,0.61,desire,0.61
189,"Tame Impala, JENNIE",Dracula - JENNIE Remix,USA,5yvVYFDUpbnjcnRBgjwTzM,amusement,0.0222,0.3959,0.0028,0.0047,0.0343,0.0065,0.018,0.0785,0.0447,0.0038,0.005,0.0026,0.0013,0.0327,0.0045,0.0007,0.0008,0.109,0.0791,0.0023,0.2194,0.0012,0.0105,0.0021,0.0021,0.0038,0.0111,0.3683,amusement,0.3683
190,The Cure,Boys Don't Cry,USA,1QFh8OH1e78dGd3VyJZCAC,sadness,0.0022,0.3282,0.0083,0.0315,0.0172,0.0151,0.0023,0.002,0.0199,0.0761,0.0217,0.005,0.0093,0.0014,0.0013,0.0016,0.0056,0.0308,0.066,0.0034,0.0202,0.0007,0.0234,0.0024,0.148,0.3755,0.001,0.0197,sadness,0.0197
191,Tate McRae,TIT FOR TAT,USA,1dByUyyoRKL99fJJ6VCQzb,love,0.0101,0.0011,0.1178,0.1934,0.0318,0.0115,0.027,0.054,0.011,0.2841,0.0536,0.0316,0.0091,0.0031,0.0124,0.0002,0.0034,0.0025,0.3318,0.0092,0.0146,0.0007,0.0199,0.0009,0.0044,0.0952,0.0071,0.0452,love,0.0452
192,"Kendrick Lamar, Lefty Gunplay",tv off (feat. lefty gunplay),USA,0aB0v4027ukVziUGwVGYpG,anger,0.0021,0.2526,0.3538,0.2583,0.0155,0.0047,0.0117,0.0407,0.002,0.0198,0.0327,0.0139,0.0043,0.0068,0.0085,0.0015,0.0013,0.0206,0.0013,0.0074,0.0052,0.0007,0.0144,0.0014,0.0007,0.0167,0.0074,0.1041,anger,0.1041
193,"USHER, Lil Jon, Ludacris",Yeah! (feat. Lil Jon & Ludacris),USA,5rb9QrpfcKFHM1EUbSIurX,neutral,0.007,0.0249,0.0102,0.1104,0.0693,0.0008,0.0884,0.0275,0.0027,0.022,0.0228,0.0057,0.0049,0.028,0.0022,0.0003,0.0005,0.0105,0.0014,0.0026,0.0069,0.0016,0.104,0.0018,0.0003,0.0009,0.0221,0.4508,annoyance,0.4508
196,Prince,Purple Rain,USA,1uvyZBs4IZYRebHIB1747m,desire,0.0021,0.0088,0.0156,0.0779,0.0075,0.0058,0.0032,0.0101,0.5462,0.3282,0.0276,0.0214,0.0086,0.0062,0.0035,0.0006,0.0051,0.0056,0.0158,0.0072,0.0152,0.0008,0.011,0.0016,0.0148,0.2274,0.0032,0.0614,desire,0.0614
197,The Cranberries,Linger,USA,0gEyKnHvgkrkBM6fbeHdwK,disappointment,0.0008,0.0009,0.0547,0.3345,0.0134,0.0061,0.0593,0.0883,0.0064,0.4212,0.0683,0.0147,0.0161,0.0012,0.01,0.0002,0.0032,0.0011,0.0021,0.0141,0.0083,0.0003,0.0251,0.001,0.0059,0.1144,0.0062,0.1121,disappointment,0.1121
199,Morgan Wallen,Whiskey Glasses,USA,57TEkZN3f84tFJFHFrD4pO,neutral,0.0006,0.0015,0.0061,0.0666,0.0115,0.0036,0.0018,0.0017,0.0415,0.1116,0.0351,0.0054,0.0017,0.0011,0.0021,0.0003,0.0018,0.0014,0.0011,0.0026,0.0053,0.0003,0.0144,0.001,0.0014,0.0781,0.0011,0.7248,disappointment,0.7248
1,"Ryan Castro, Kapo, Gangsta",LA VILLA,Argentina,2ZyrAym0sRLwt4PhGotHuI,neutral,0.0339,0.0371,0.0021,0.008,0.0844,0.0024,0.0013,0.0016,0.0021,0.0023,0.0037,0.0016,0.0007,0.0237,0.0012,0.0007,0.0004,0.1176,0.1237,0.0005,0.0035,0.0018,0.0098,0.0016,0.0003,0.0011,0.0015,0.583,love,0.583
2,Bad Bunny,BAILE INoLVIDABLE,Argentina,2lTm559tuIvatlT1u0JYG2,sadness,0.006,0.0013,0.0291,0.0681,0.0153,0.0072,0.0037,0.0031,0.0507,0.2945,0.0338,0.0216,0.0065,0.0036,0.0044,0.0005,0.0073,0.007,0.3679,0.0068,0.0041,0.001,0.0158,0.0017,0.0128,0.4268,0.003,0.0412,sadness,0.0412
3,"El Bogueto, Yung Beef",Cuando No Era Cantante,Argentina,6N2iccqxRInhTLHc2Fu3W0,love,0.0053,0.4219,0.0068,0.0171,0.0194,0.0149,0.0018,0.0048,0.1494,0.0233,0.0071,0.0053,0.0024,0.0057,0.0012,0.0007,0.0023,0.0675,0.5206,0.0022,0.0265,0.0008,0.0105,0.0018,0.0094,0.0717,0.0013,0.0272,love,0.0272
4,La T y La M,Soy Favela,Argentina,3TfRpsYPQSXqqramSoWlNg,love,0.1105,0.0015,0.0051,0.0065,0.0711,0.007,0.0014,0.0011,0.0159,0.0068,0.0082,0.0022,0.0005,0.0045,0.0008,0.001,0.0005,0.0084,0.9196,0.0004,0.0127,0.0012,0.007,0.0006,0.001,0.0035,0.0012,0.039,love,0.039
6,"Lauta, Amigo de Artistas, Tote",Puñaladas,Argentina,4AL4EamHEBKPpdcFRkYdXN,love,0.4384,0.0013,0.0131,0.0211,0.0255,0.014,0.0112,0.0275,0.0902,0.2012,0.0235,0.0094,0.0025,0.0089,0.0038,0.0017,0.0096,0.0158,0.4747,0.0064,0.0088,0.0022,0.0081,0.0022,0.0078,0.2573,0.004,0.0099,love,0.0099
7,Bad Bunny,DtMF,Argentina,3sK8wGT43QFpWrvNQsrQya,love,0.03,0.018,0.0059,0.0091,0.0462,0.0093,0.0114,0.0135,0.2373,0.0091,0.0079,0.0028,0.0011,0.0224,0.0012,0.3092,0.0011,0.1047,0.796,0.0016,0.0381,0.002,0.0073,0.0024,0.0043,0.0057,0.0017,0.0268,love,0.0268
8,"Roze Oficial, Max Carra, Valen, RAMKY EN LOS CONTROLES",Tu jardín con enanitos,Argentina,6X8DTIJEgHUjZynuds0E2f,desire,0.0041,0.0011,0.0045,0.016,0.0267,0.0422,0.0018,0.0051,0.6873,0.0104,0.0074,0.0051,0.0006,0.0046,0.005,0.0014,0.001,0.0022,0.0357,0.003,0.0323,0.0007,0.0048,0.001,0.0018,0.0086,0.0008,0.1444,desire,0.1444
9,Bad Bunny,VOY A LLeVARTE PA PR,Argentina,59D4DOkspUbWyMmbAPQkxZ,neutral,0.0835,0.005,0.0049,0.0176,0.0607,0.0019,0.0046,0.0199,0.0028,0.0059,0.003,0.004,0.0009,0.0191,0.0041,0.0002,0.0004,0.0062,0.0071,0.0013,0.0047,0.0009,0.0066,0.0007,0.0002,0.0019,0.0031,0.6124,admiration,0.6124
11,"Omar Courtz, Ñengo Flow",FOREVER TU GANTEL,Argentina,1YAWMfsmduIrpqrjP45pFn,amusement,0.0844,0.6164,0.0088,0.0309,0.0208,0.0044,0.001,0.0021,0.0606,0.0062,0.005,0.0057,0.0015,0.0111,0.0007,0.0012,0.0008,0.1026,0.0997,0.0006,0.0188,0.0016,0.0059,0.0012,0.0014,0.0043,0.0011,0.0595,amusement,0.0595
12,Rels B,TU VAS SIN (fav),Argentina,6uiQ0DqbXTBc8tl0AUKZkR,love,0.0131,0.0011,0.0038,0.0063,0.1269,0.0173,0.0012,0.0019,0.1273,0.0033,0.0036,0.0018,0.0004,0.0099,0.0011,0.0009,0.0005,0.0121,0.7147,0.0007,0.0179,0.0011,0.0055,0.001,0.0009,0.0023,0.0008,0.1523,love,0.1523
13,Bad Bunny,EoO,Argentina,6J5kc12BW5HuP3d7C3vvx8,neutral,0.0029,0.0125,0.009,0.051,0.0447,0.0038,0.0007,0.0006,0.0043,0.0052,0.0067,0.0034,0.0011,0.0044,0.0008,0.0003,0.0004,0.014,0.0193,0.0004,0.0031,0.001,0.0087,0.0011,0.0004,0.002,0.0006,0.8465,annoyance,0.8465
14,"Bad Bunny, Omar Courtz, Dei V",VeLDÁ,Argentina,7d6yK8v8J484SWH5prIQiE,neutral,0.0971,0.003,0.0019,0.0056,0.0882,0.0049,0.0076,0.0174,0.0105,0.002,0.0016,0.0016,0.0006,0.0432,0.0016,0.0007,0.0004,0.0214,0.014,0.0007,0.0118,0.0012,0.0063,0.0012,0.0004,0.0017,0.0023,0.6265,admiration,0.6265
15,"ROSALÍA, Yahritza Y Su Esencia",La Perla,Argentina,4oVO4fGNRRvEn0CRuFO4qv,disappointment,0.1503,0.0007,0.0155,0.0564,0.0291,0.0061,0.07,0.141,0.0021,0.5428,0.0705,0.0067,0.006,0.0021,0.0045,0.0006,0.0037,0.0012,0.0093,0.0041,0.0095,0.0007,0.0096,0.0009,0.006,0.0735,0.0041,0.0927,disappointment,0.0927
16,Bad Bunny,NUEVAYoL,Argentina,5TFD2bmFKGhoCRbX61nXY5,approval,0.2444,0.0019,0.0013,0.0042,0.4054,0.0155,0.0238,0.1218,0.0034,0.0016,0.0049,0.0007,0.0003,0.0515,0.0031,0.0007,0.0004,0.0195,0.0081,0.002,0.0215,0.0023,0.0096,0.0035,0.0002,0.0011,0.0041,0.183,approval,0.183
17,Beéle,no tiene sentido,Argentina,1HEwEN64NjgTaHmo7LfkX8,fear,0.0013,0.003,0.0105,0.0556,0.0168,0.0026,0.1785,0.0212,0.0017,0.0482,0.2031,0.0117,0.0128,0.006,0.331,0.0003,0.0022,0.0048,0.0015,0.0596,0.003,0.0006,0.0584,0.0026,0.0007,0.017,0.0243,0.2094,fear,0.2094
18,"La T y La M, Malandro",Amor de Vago,Argentina,5MKbWaXeSQSmzmo7gPQha1,amusement,0.0087,0.4106,0.0021,0.0053,0.0217,0.0063,0.0027,0.0057,0.024,0.002,0.0018,0.0014,0.0011,0.0448,0.0018,0.0019,0.0006,0.0794,0.1117,0.0011,0.0091,0.0009,0.0069,0.0013,0.0008,0.0026,0.0018,0.3111,amusement,0.3111
20,"W Sound, Beéle, Ovy On The Drums",La Plena - W Sound 05,Argentina,6iOndD4OFo7GkaDypWQIou,love,0.0633,0.0044,0.0034,0.0047,0.0806,0.0044,0.0198,0.0326,0.0115,0.003,0.0047,0.0018,0.0009,0.0392,0.0017,0.0009,0.0005,0.0477,0.929,0.0016,0.0109,0.0009,0.0107,0.0009,0.001,0.0022,0.0075,0.0312,love,0.0312
21,Milo j,Niño,Argentina,4aDbrgm1ZaebS1Bb2dOXac,sadness,0.0106,0.0009,0.0052,0.0118,0.0265,0.1406,0.0133,0.0819,0.1931,0.0771,0.0087,0.0033,0.0011,0.0041,0.0097,0.0006,0.0154,0.0043,0.0709,0.0186,0.032,0.0008,0.0083,0.0027,0.012,0.5246,0.0025,0.0914,sadness,0.0914
22,"PEDRO SAMPAIO, Emilia, MC Meno K, Melody",JETSKI - Remix,Argentina,7z26frY6O7BXwyjeqzYo7W,amusement,0.0046,0.496,0.0038,0.0136,0.0139,0.0047,0.0015,0.0032,0.01,0.009,0.0048,0.0027,0.0012,0.0033,0.0007,0.0003,0.0009,0.0471,0.1914,0.0008,0.0064,0.0004,0.0054,0.0007,0.0019,0.0187,0.0007,0.1874,amusement,0.1874
24,"Beéle, Ovy On The Drums",mi refe,Argentina,4zhk2RS2EZODmBW6il55Qj,love,0.053,0.004,0.0127,0.0165,0.0726,0.0027,0.183,0.1142,0.0028,0.0087,0.0185,0.0036,0.0028,0.0226,0.0042,0.0012,0.0008,0.015,0.8559,0.003,0.0053,0.0008,0.0225,0.001,0.0014,0.0031,0.0592,0.0423,love,0.0423
25,"Ovy On The Drums, Quevedo, Beéle",YO y TÚ,Argentina,7koAf6aZgjO6TS7bipfPD0,neutral,0.0062,0.003,0.0031,0.0066,0.0462,0.0049,0.0047,0.0077,0.0373,0.0128,0.0124,0.0021,0.0007,0.0113,0.0016,0.0008,0.0007,0.008,0.4288,0.0012,0.006,0.0006,0.0073,0.0008,0.0015,0.0104,0.0018,0.4995,love,0.4995
26,"Myke Towers, Quevedo",SOLEAO,Argentina,4OsBqqMwFabHATATT527tH,neutral,0.0056,0.002,0.0068,0.0206,0.095,0.0282,0.0073,0.023,0.1001,0.082,0.0107,0.0029,0.0024,0.0096,0.0032,0.0013,0.0053,0.0443,0.1811,0.0122,0.0119,0.0024,0.0603,0.0082,0.0122,0.1641,0.0018,0.3939,love,0.3939
27,"Alleh, Yorghaki",capaz (merengueton),Argentina,2dd3G3ZqEcG2cNS1tp3oEk,confusion,0.0012,0.0009,0.0089,0.0276,0.0468,0.0146,0.4892,0.2816,0.0116,0.0258,0.0606,0.003,0.0017,0.003,0.0066,0.0004,0.001,0.0029,0.1607,0.0056,0.0185,0.0002,0.0148,0.0007,0.0041,0.011,0.0041,0.2055,confusion,0.2055
28,Bad Bunny,KLOuFRENS,Argentina,4MUrUT38U98olfnyzMBCzm,sadness,0.1019,0.003,0.0213,0.0249,0.0149,0.0147,0.0263,0.0981,0.0167,0.1995,0.0227,0.0081,0.0039,0.0253,0.0199,0.0017,0.0248,0.0129,0.2581,0.0254,0.0067,0.0012,0.0142,0.0023,0.0161,0.6373,0.0208,0.0168,sadness,0.0168
29,"Rauw Alejandro, Bad Bunny",Qué Pasaría...,Argentina,0l0vcZMU7AOeQmUIREoI2U,neutral,0.0031,0.039,0.026,0.141,0.0167,0.0068,0.0246,0.1473,0.0055,0.0487,0.0104,0.0032,0.0014,0.0037,0.0029,0.0001,0.0011,0.0072,0.005,0.0038,0.0093,0.0002,0.0081,0.0007,0.0006,0.0192,0.0034,0.3663,curiosity,0.3663
30,"J Balvin, Bad Bunny",LA CANCIÓN,Argentina,0fea68AdmYNygeTGI4RC18,neutral,0.0022,0.0785,0.0038,0.0295,0.0169,0.0021,0.0459,0.0173,0.0128,0.0492,0.005,0.0052,0.0123,0.016,0.0256,0.0007,0.0063,0.1237,0.0051,0.0356,0.0068,0.0018,0.194,0.0106,0.0035,0.0634,0.0336,0.379,realization,0.379
31,Babasonicos,Como Eran Las Cosas,Argentina,61qPUnazSdkvua4wgA4L8C,remorse,0.0016,0.0032,0.0086,0.0673,0.021,0.0112,0.0039,0.0023,0.0053,0.2594,0.0365,0.0047,0.0181,0.001,0.0012,0.0025,0.0054,0.0051,0.0028,0.0048,0.0102,0.0007,0.0252,0.003,0.4004,0.3697,0.0006,0.0487,remorse,0.0487
32,Omar Courtz,POR SI MAÑANA NO ESTOY,Argentina,595wwjQiad6e6lSTScmXvz,sadness,0.0028,0.0025,0.0175,0.0322,0.0135,0.047,0.0551,0.1067,0.1497,0.1956,0.0131,0.0061,0.0042,0.0043,0.0107,0.0009,0.011,0.0066,0.4131,0.0188,0.1262,0.0005,0.0164,0.002,0.0345,0.4372,0.0076,0.0608,sadness,0.0608
33,"Bizarrap, Daddy Yankee","Daddy Yankee: Bzrp Music Sessions, Vol. 0/66",Argentina,2uPMsTEKx79gJ8rB3AcT0v,neutral,0.0091,0.005,0.0025,0.0132,0.1647,0.004,0.0045,0.0249,0.0026,0.0039,0.0028,0.0008,0.0006,0.0484,0.0025,0.0001,0.0004,0.0282,0.0038,0.0019,0.0123,0.0012,0.013,0.0026,0.0002,0.0018,0.0056,0.6276,approval,0.6276
34,Bad Bunny,Tití Me Preguntó,Argentina,1IHWl5LamUGEuP4ozKQSXZ,disapproval,0.0008,0.0063,0.1186,0.1334,0.0202,0.0225,0.0232,0.0075,0.0113,0.1007,0.3065,0.0103,0.0097,0.0041,0.0056,0.0009,0.0024,0.0091,0.0907,0.0064,0.0047,0.0006,0.0164,0.0016,0.0174,0.0898,0.0026,0.1307,disapproval,0.1307
35,"Bad Bunny, Ozuna, Farruko, Arcángel, Ñengo Flow, DJ Luian, Mambo Kingz",Diles,Argentina,6C1RD7YQVvt3YQj0CmuTeu,neutral,0.0236,0.3544,0.0031,0.0121,0.0427,0.0024,0.0013,0.0039,0.006,0.0021,0.0018,0.0018,0.0008,0.0746,0.0006,0.0003,0.0003,0.0789,0.0519,0.0005,0.0058,0.0012,0.0058,0.0011,0.0004,0.001,0.0032,0.4063,amusement,0.4063
36,"Young Cister, Kreamly",QLOO*,Argentina,7CMj1OOS1ho4CPEQTFKzcN,love,0.3354,0.001,0.0095,0.0131,0.0419,0.0061,0.0019,0.0021,0.1454,0.0118,0.007,0.0052,0.0008,0.012,0.0016,0.0013,0.0008,0.0109,0.7445,0.0008,0.0125,0.0025,0.0064,0.0008,0.0009,0.0053,0.003,0.0228,love,0.0228
37,Airbag,Por Mil Noches,Argentina,5vHWh24GAsXJ7tnIu8v7UN,sadness,0.0009,0.0039,0.0162,0.07,0.0057,0.0057,0.0054,0.0069,0.16,0.3704,0.0142,0.0094,0.0064,0.0028,0.0062,0.0004,0.0116,0.0058,0.0098,0.0153,0.0168,0.0007,0.0253,0.0018,0.0241,0.5774,0.0045,0.0908,sadness,0.0908
38,Cazzu,Con Otra,Argentina,2F6PBqz7aPA7K309aFKMHt,neutral,0.0014,0.0043,0.0602,0.1328,0.0411,0.3433,0.0007,0.0005,0.0077,0.0169,0.0435,0.0041,0.0021,0.001,0.0038,0.0004,0.002,0.0078,0.0121,0.0031,0.0322,0.0013,0.0157,0.0031,0.0026,0.0237,0.0004,0.3767,caring,0.3767
39,"PEPU, Pizzu",TENGO UN FEELING,Argentina,1toIsvoqn3HCpdetMXk2sJ,neutral,0.0032,0.0904,0.0016,0.0167,0.0328,0.0007,0.0028,0.0038,0.0049,0.0063,0.0032,0.0019,0.0018,0.1094,0.0013,0.0002,0.0005,0.0685,0.0014,0.002,0.0065,0.0016,0.0313,0.0031,0.0003,0.0015,0.0144,0.6084,excitement,0.6084
40,"Bizarrap, J Balvin","J Balvin: Bzrp Music Sessions, Vol. 62/66",Argentina,04YMLAsyIAe1sLb6RO5YcC,amusement,0.0018,0.3491,0.0111,0.1149,0.013,0.0033,0.0027,0.0009,0.0101,0.1152,0.0215,0.0058,0.0112,0.0052,0.0019,0.0007,0.0026,0.218,0.0026,0.0072,0.0142,0.0022,0.0704,0.0097,0.0043,0.0611,0.0023,0.0592,amusement,0.0592
43,Djo,End of Beginning,Argentina,3qhlB30KknSejmIvZZLjOD,neutral,0.0009,0.0138,0.0013,0.0107,0.0815,0.0551,0.0772,0.0563,0.0031,0.0194,0.0108,0.0008,0.0017,0.0016,0.0056,0.0003,0.003,0.0143,0.0026,0.0176,0.0347,0.0004,0.0455,0.0056,0.0054,0.0572,0.0018,0.4524,approval,0.4524
44,"Bad Bunny, Chuwi",WELTiTA,Argentina,5WEF0icHWmAZBBMglBd599,love,0.0837,0.0034,0.0025,0.0033,0.0503,0.0102,0.0032,0.0105,0.0467,0.0026,0.0026,0.0014,0.0004,0.0218,0.0011,0.0052,0.0005,0.0484,0.9207,0.0008,0.025,0.0008,0.0048,0.0008,0.0011,0.0028,0.002,0.0196,love,0.0196
45,Plan B,Es un Secreto,Argentina,3KZCP2StVGdWkOKyRZNWA4,love,0.0652,0.0007,0.0017,0.0034,0.1462,0.0107,0.0011,0.0021,0.1321,0.0025,0.0026,0.0012,0.0003,0.0102,0.0006,0.0017,0.0004,0.0085,0.5592,0.0003,0.0255,0.0014,0.0054,0.0008,0.0006,0.0014,0.0008,0.1543,love,0.1543
46,"No Te Va Gustar, Juan Casanova",Tan Lejos,Argentina,44m9PAUZYeOEGeaTYh6NAl,disapproval,0.0015,0.0011,0.0247,0.0605,0.0335,0.0176,0.0598,0.0241,0.1712,0.2189,0.3976,0.0058,0.0029,0.0034,0.0088,0.0007,0.0028,0.0044,0.0895,0.0093,0.1043,0.0008,0.0265,0.0021,0.0113,0.0688,0.0049,0.0807,disapproval,0.0807
48,"Maria Becerra, TINI, XROSS",HASTA QUE ME ENAMORO,Argentina,7rfYGYxsZzQAhlJy5B0IcW,sadness,0.0026,0.0041,0.0125,0.0395,0.0216,0.0081,0.027,0.0097,0.0166,0.3754,0.0115,0.0061,0.0098,0.0063,0.0174,0.0008,0.0179,0.0165,0.2028,0.0623,0.0087,0.0011,0.0661,0.0054,0.0319,0.6892,0.0118,0.0327,sadness,0.0327
49,Gustavo Cerati,Adiós,Argentina,1rh4kDY9T4fHVDum8Foi5k,neutral,0.0016,0.0006,0.0052,0.0178,0.0909,0.0124,0.004,0.0013,0.0079,0.0677,0.037,0.003,0.0017,0.001,0.0021,0.0002,0.0032,0.0033,0.076,0.0028,0.0068,0.0007,0.0491,0.0024,0.0031,0.1407,0.0011,0.5521,sadness,0.5521
50,Plan B,Fronteo,Argentina,0AXKoQuC2NQ8S2QRF0Gu02,neutral,0.0153,0.0554,0.0038,0.0246,0.0442,0.0021,0.0008,0.0007,0.004,0.014,0.0108,0.0024,0.0009,0.0036,0.0006,0.0004,0.0005,0.0327,0.0706,0.0004,0.0032,0.0009,0.0105,0.0009,0.0005,0.0051,0.0006,0.6277,love,0.6277
53,Intoxicados,Nunca quise,Argentina,0ZAJ660VP57lLK4U7NlGOy,love,0.0126,0.0032,0.0196,0.0188,0.0653,0.0199,0.1129,0.0176,0.0163,0.1274,0.0642,0.0085,0.0154,0.0043,0.0119,0.0077,0.0061,0.0094,0.9329,0.0167,0.0362,0.0018,0.0728,0.0035,0.141,0.1319,0.0164,0.012,love,0.012
54,Callejeros,Creo,Argentina,5Bi9Cq5oVFy1OtUgecbegZ,admiration,0.3056,0.0008,0.0044,0.0115,0.1483,0.0325,0.0369,0.0215,0.0836,0.2496,0.1198,0.0032,0.0015,0.0058,0.009,0.0037,0.0075,0.0045,0.2744,0.0074,0.191,0.0037,0.0245,0.0036,0.0083,0.1167,0.0045,0.0257,admiration,0.0257
55,Danny Ocean,Me Rehúso,Argentina,6ifUES3keWjwXgae8pXI3o,neutral,0.0017,0.0017,0.0251,0.0523,0.0201,0.0202,0.0146,0.0328,0.0293,0.0818,0.0889,0.0035,0.0016,0.0028,0.0032,0.0005,0.0016,0.0022,0.0583,0.0038,0.0072,0.0003,0.0092,0.0007,0.004,0.0573,0.0019,0.5666,disapproval,0.5666
56,"Tiago PZK, Ke Personajes",Piel,Argentina,6kPCcIAGoTeRrh8qrmKa90,desire,0.0048,0.0014,0.0052,0.011,0.0385,0.0137,0.0085,0.0158,0.6291,0.0111,0.005,0.0027,0.0006,0.0148,0.002,0.0008,0.0011,0.0119,0.3883,0.0021,0.0248,0.0007,0.0079,0.001,0.0022,0.008,0.0017,0.1395,desire,0.1395
57,"Maria Becerra, El Alfa, XROSS",HACE CALOR,Argentina,4tabsd3NLLwuT90wkuNh7C,neutral,0.0039,0.0095,0.0026,0.0098,0.0384,0.0073,0.0228,0.0634,0.0027,0.0024,0.0027,0.0012,0.0007,0.0142,0.0012,0.0007,0.0005,0.1721,0.0048,0.0009,0.0046,0.0015,0.0085,0.0044,0.0003,0.0021,0.0034,0.7154,joy,0.7154
58,Patricio Rey y sus Redonditos de Ricota,Un Ángel para Tu Soledad,Argentina,6kUopck7LHVadAjAFcXiTj,neutral,0.0028,0.001,0.0013,0.021,0.0457,0.0125,0.0009,0.0004,0.0032,0.0536,0.0661,0.0015,0.0015,0.0012,0.0011,0.0064,0.0019,0.0077,0.0006,0.0012,0.0108,0.0018,0.0292,0.0134,0.0023,0.0271,0.0009,0.7087,disapproval,0.7087
59,"Luck Ra, Miranda!",TU MISTERIOSO ALGUIEN (CUARTETO) (feat. Miranda!),Argentina,4Kzi8hXKkT87SQoYClizh0,curiosity,0.0015,0.0011,0.0329,0.0901,0.0151,0.0116,0.1357,0.5244,0.0062,0.029,0.0266,0.0243,0.0056,0.003,0.0381,0.0001,0.0015,0.0012,0.0101,0.0099,0.0074,0.0002,0.0136,0.0005,0.0014,0.0187,0.0152,0.2044,curiosity,0.2044
60,"Omar Courtz, ROA",WO OH OH,Argentina,0h54mLixODOqU6vTcZMqVM,love,0.0274,0.0014,0.0337,0.0255,0.0306,0.0356,0.0148,0.1092,0.1258,0.017,0.0072,0.0045,0.0008,0.0094,0.0046,0.0005,0.0017,0.0101,0.6955,0.0032,0.0474,0.0007,0.0053,0.0008,0.0026,0.0147,0.0028,0.0823,love,0.0823
62,"Héctor ""El Father"", Wisin & Yandel",El Teléfono,Argentina,614NVFo5csQqRnryl4jXs2,desire,0.0051,0.0256,0.0029,0.0076,0.0328,0.012,0.0012,0.0081,0.3934,0.0036,0.0018,0.0018,0.0005,0.0472,0.0009,0.0007,0.0006,0.0355,0.1467,0.001,0.0172,0.0008,0.0036,0.0011,0.0013,0.0036,0.0011,0.2041,desire,0.2041
63,"Luck Ra, Karina, RAMKY EN LOS CONTROLES",LADRON,Argentina,2NMctdE1VuUUc4VctEqamB,love,0.0167,0.0012,0.0144,0.0148,0.1131,0.5922,0.0017,0.0019,0.0265,0.0074,0.0125,0.0038,0.0014,0.0028,0.0033,0.0051,0.005,0.0107,0.7087,0.0036,0.0195,0.0025,0.01,0.0049,0.0193,0.0373,0.0006,0.1073,love,0.1073
64,Taylor Swift,The Fate of Ophelia,Argentina,53iuhJlwXhSER5J2IYYv1W,neutral,0.0034,0.0007,0.0168,0.0394,0.0365,0.0693,0.0005,0.0003,0.0129,0.0145,0.0056,0.0041,0.001,0.0012,0.0038,0.0008,0.0025,0.005,0.0089,0.0019,0.0094,0.0018,0.0106,0.0029,0.0018,0.0342,0.0004,0.7544,caring,0.7544
65,"Anuel AA, Haze",Amanece,Argentina,1LiN0Z98FkR1t0m8KmLcAH,amusement,0.0243,0.3064,0.0128,0.0394,0.0286,0.0065,0.0081,0.0461,0.0169,0.0359,0.0166,0.0043,0.0013,0.0176,0.0017,0.0004,0.0011,0.0642,0.2375,0.0019,0.0051,0.0005,0.0101,0.0009,0.0013,0.0245,0.0024,0.2717,amusement,0.2717
68,Felix Record,Cuentame,Argentina,2lg4MDfkK2ya3dEAFu6Wh8,neutral,0.0006,0.002,0.0043,0.0217,0.0161,0.0042,0.0015,0.0016,0.0302,0.0204,0.0083,0.0031,0.0008,0.0024,0.0015,0.0003,0.0009,0.0059,0.0104,0.001,0.0065,0.0004,0.0069,0.0009,0.0015,0.0215,0.0007,0.7848,desire,0.7848
69,De La Rose,Yo te conozco :):,Argentina,1yG1za0O6OK6sKa79xGtsA,neutral,0.0011,0.0092,0.0273,0.1101,0.0127,0.0026,0.0028,0.0103,0.007,0.0066,0.0026,0.0046,0.001,0.0059,0.001,0.0001,0.0004,0.0044,0.0019,0.0006,0.0041,0.0003,0.0045,0.0004,0.0002,0.0023,0.0017,0.7724,annoyance,0.7724
70,Babasonicos,Irresponsables,Argentina,6d4d6cwiAf59mKxoRmXQoK,embarrassment,0.0029,0.0059,0.0231,0.0902,0.0186,0.0028,0.0316,0.0168,0.0015,0.1896,0.0219,0.031,0.581,0.0024,0.0083,0.0012,0.0035,0.0029,0.0066,0.0114,0.0022,0.0015,0.0359,0.0019,0.1163,0.0948,0.004,0.0319,embarrassment,0.0319
71,"Yan Block, Panda Black",444,Argentina,1o4xkdBe0RjSf2u6VXi4OI,love,0.0224,0.0008,0.0236,0.0172,0.0931,0.0441,0.0174,0.0943,0.0769,0.0099,0.0123,0.0028,0.0006,0.0159,0.0066,0.0006,0.0012,0.0082,0.8278,0.0042,0.0357,0.0007,0.0057,0.0008,0.0015,0.0076,0.0029,0.0608,love,0.0608
72,"Jere Klein, Katteyes, Mateo on the Beatz",TODO KE VER,Argentina,3D9mWy43zoJFWQUE6sz6ax,neutral,0.0144,0.1541,0.0049,0.0285,0.1079,0.002,0.0099,0.0085,0.0024,0.0182,0.0204,0.0036,0.0023,0.0031,0.0014,0.0006,0.0008,0.0164,0.0521,0.001,0.0046,0.0006,0.0191,0.0012,0.0013,0.0064,0.0012,0.5675,amusement,0.5675
73,Los Huayra,La Noche Sin Tí,Argentina,6dT5W7zuEcUZHnZuVlSIJ5,sadness,0.0012,0.0012,0.0077,0.0475,0.0072,0.0082,0.0277,0.0318,0.0842,0.3579,0.0165,0.0057,0.0042,0.0023,0.0074,0.0004,0.0088,0.0019,0.0078,0.0242,0.0077,0.0003,0.0175,0.0014,0.0118,0.5379,0.0048,0.1339,sadness,0.1339
74,Los Piojos,Bicho de Ciudad,Argentina,0oCiPqIEL5218yu2D996eP,love,0.0187,0.0017,0.0065,0.0091,0.0725,0.0383,0.0887,0.3298,0.0767,0.0213,0.0136,0.0025,0.0013,0.0329,0.0226,0.0006,0.0021,0.018,0.8257,0.0177,0.0745,0.0008,0.0148,0.0018,0.0049,0.0174,0.0146,0.0393,love,0.0393
75,Omar Courtz,KOKO,Argentina,1tz7RZirwiuaJw2p0jbdHb,amusement,0.2766,0.5221,0.0015,0.0103,0.0432,0.0025,0.0019,0.0066,0.0658,0.0048,0.003,0.0023,0.0009,0.0181,0.0004,0.0007,0.0006,0.1095,0.0234,0.0006,0.0172,0.0023,0.0074,0.0018,0.0009,0.0024,0.0014,0.0589,amusement,0.0589
76,Maluma,Borro Cassette,Argentina,6DUdDIRgLqCGq1DwkNWQTN,love,0.0181,0.0882,0.0057,0.0162,0.0576,0.0042,0.0207,0.0991,0.0049,0.0188,0.0112,0.0018,0.004,0.0734,0.004,0.0001,0.002,0.177,0.3943,0.0079,0.0059,0.0015,0.03,0.0043,0.0018,0.0159,0.048,0.0961,love,0.0961
77,"Yan Block, Panda Black",Talento,Argentina,7sChwC2NZjGc2Kdni3hlDg,admiration,0.3818,0.0007,0.0443,0.048,0.2357,0.1752,0.0257,0.0654,0.0171,0.051,0.0575,0.0068,0.0044,0.003,0.0052,0.0038,0.0043,0.0029,0.0592,0.0034,0.148,0.005,0.0105,0.003,0.0851,0.0364,0.0014,0.0404,admiration,0.0404
79,Los Tipitos,Campanas en la Noche,Argentina,0C9V5jMElp7laZZdsCHufD,neutral,0.0048,0.0013,0.0016,0.0042,0.0488,0.0047,0.0288,0.078,0.0079,0.0273,0.0044,0.0018,0.002,0.0259,0.0141,0.0002,0.0025,0.0078,0.2638,0.0092,0.0093,0.0006,0.0241,0.0018,0.0026,0.0379,0.0345,0.3877,love,0.3877
80,Omar Courtz,SI ESTÁS CON ALGUIEN,Argentina,7nyk5uxevcijIfl1FlJgmA,love,0.0026,0.0015,0.0531,0.0892,0.0217,0.0067,0.0202,0.0064,0.0154,0.2002,0.2729,0.0126,0.0054,0.003,0.0062,0.001,0.0025,0.0049,0.4466,0.0061,0.0089,0.0006,0.0228,0.0012,0.0064,0.1131,0.0045,0.0422,love,0.0422
81,"Anuel AA, Bad Bunny",Hasta Que Dios Diga,Argentina,06s3QtMJVXw1AJX3UfvZG1,neutral,0.0098,0.1794,0.0105,0.0519,0.0407,0.0031,0.0021,0.0047,0.0096,0.0049,0.0061,0.0034,0.0009,0.0049,0.0007,0.0004,0.0003,0.0182,0.0099,0.0004,0.0048,0.0007,0.0069,0.0008,0.0003,0.0017,0.0008,0.6094,amusement,0.6094
82,Ciro y los Persas,Me Gusta,Argentina,67Q93kXygxCskeQiIP0V0j,love,0.0492,0.0025,0.0056,0.0103,0.066,0.0067,0.0227,0.0215,0.0123,0.0522,0.0275,0.0023,0.0014,0.0039,0.0012,0.0007,0.002,0.0153,0.9237,0.0024,0.0062,0.0007,0.0168,0.0012,0.005,0.0585,0.0032,0.0276,love,0.0276
83,Bad Bunny,MONACO,Argentina,4MjDJD8cW7iVeWInc2Bdyj,neutral,0.043,0.0817,0.0095,0.0735,0.0702,0.0031,0.0135,0.0369,0.0036,0.0194,0.0239,0.0048,0.0017,0.003,0.0019,0.0002,0.0014,0.0089,0.0083,0.0032,0.007,0.0006,0.0184,0.0014,0.0011,0.0232,0.003,0.4491,amusement,0.4491
84,La T y La M,amor de veraNO,Argentina,6WJ2QzbVnjmPGKpmb6tmmO,love,0.0173,0.0009,0.021,0.0328,0.0442,0.0091,0.0013,0.0008,0.0298,0.0453,0.0167,0.0068,0.0015,0.0053,0.002,0.0009,0.0015,0.0078,0.8483,0.0015,0.0104,0.0017,0.0126,0.0011,0.0018,0.0213,0.0022,0.0928,love,0.0928
85,Airbag,Nunca Lo Olvides,Argentina,4581iSIX0QZNNzAQRysF3k,love,0.0051,0.001,0.0217,0.0296,0.0392,0.048,0.0283,0.0249,0.3809,0.0873,0.0236,0.0082,0.0026,0.0041,0.0082,0.0018,0.0059,0.0056,0.7034,0.012,0.0293,0.001,0.0154,0.002,0.0242,0.1374,0.0023,0.0431,love,0.0431
86,"Yan Block, TORRRES",Yo sé,Argentina,5DdLSEyKh8zgCrJq2hFj92,neutral,0.0018,0.022,0.1265,0.2877,0.0135,0.001,0.0046,0.0053,0.0019,0.0164,0.0075,0.05,0.0063,0.0019,0.0029,0.0001,0.0006,0.0021,0.0015,0.001,0.0017,0.0005,0.009,0.0003,0.0004,0.0043,0.0022,0.5177,annoyance,0.5177
87,"Milo j, Taiu",Rara Vez,Argentina,7MVIfkyzuUmQ716j8U7yGR,love,0.0148,0.0023,0.0056,0.0114,0.0663,0.0136,0.0072,0.0029,0.1797,0.0195,0.0097,0.0049,0.0024,0.0112,0.0021,0.0018,0.0017,0.0464,0.9098,0.0042,0.0275,0.0021,0.0384,0.0026,0.0074,0.0145,0.0041,0.0322,love,0.0322
88,El Plan De La Mariposa,Túnel de la Vida,Argentina,3NlHH9zJ9uGXkm6NJDbLnO,neutral,0.0171,0.0004,0.0022,0.0068,0.1548,0.1676,0.0007,0.001,0.1548,0.0021,0.0035,0.0015,0.0003,0.0038,0.0045,0.003,0.0008,0.0025,0.0076,0.0017,0.0598,0.003,0.0076,0.0027,0.0008,0.0025,0.0004,0.3575,caring,0.3575
89,DesaKTa2,No Se Ve / Chingon,Argentina,1wDZFWLswOdkP3PBOWiSwI,admiration,0.714,0.0016,0.003,0.0045,0.0813,0.0044,0.0121,0.0366,0.0029,0.0044,0.0052,0.0017,0.0005,0.0068,0.0011,0.0009,0.0005,0.0082,0.6355,0.0005,0.0044,0.0009,0.0051,0.0005,0.0005,0.0034,0.0026,0.0234,admiration,0.0234
90,Airbag,Cicatrices,Argentina,23FJGRug9hlYUIBnrmkIBX,desire,0.0022,0.0016,0.0086,0.0492,0.019,0.004,0.0239,0.0504,0.4664,0.1211,0.0202,0.0062,0.0026,0.0075,0.0026,0.0002,0.002,0.0036,0.0514,0.0059,0.0096,0.0005,0.0145,0.001,0.0042,0.0454,0.0047,0.1448,desire,0.1448
91,Pablo Chill-E,Resentia,Argentina,2ANtIUI9cipWNI685VdlZb,love,0.0028,0.2567,0.0369,0.0728,0.0222,0.0138,0.0018,0.0012,0.0089,0.0511,0.0256,0.0158,0.0078,0.0011,0.0022,0.0006,0.002,0.0064,0.3262,0.0021,0.007,0.0006,0.0161,0.001,0.0144,0.0804,0.0009,0.2397,love,0.2397
92,Jin,Don’t Say You Love Me,Argentina,27xkOIER6uDLKALIelHylZ,sadness,0.0009,0.0014,0.1181,0.1537,0.0058,0.013,0.0039,0.0039,0.0146,0.1752,0.0433,0.0291,0.0049,0.0011,0.0104,0.0003,0.0067,0.0016,0.0104,0.0086,0.0027,0.0005,0.0104,0.0009,0.0052,0.5002,0.0018,0.0899,sadness,0.0899
93,Zion & Lennox,La player (Bandolera),Argentina,0VKkyBKCXyR99navhVRqcP,neutral,0.0009,0.0029,0.0041,0.0187,0.012,0.0021,0.0122,0.0424,0.0022,0.0035,0.0033,0.0015,0.0007,0.0027,0.0015,0.0002,0.0003,0.0019,0.0009,0.0009,0.0029,0.0001,0.0066,0.0004,0.0003,0.0019,0.0022,0.9099,curiosity,0.9099
94,Tan Bionica,Obsesionario en La Mayor,Argentina,5EGVGkRRJ2udpRnVGpx8LM,sadness,0.0018,0.0014,0.0088,0.0425,0.0066,0.0062,0.0133,0.0163,0.093,0.4476,0.0139,0.0081,0.0047,0.0037,0.0149,0.0004,0.0104,0.0031,0.0154,0.0336,0.0087,0.0005,0.0177,0.0019,0.0117,0.576,0.0077,0.0719,sadness,0.0719
95,"Romeo Santos, Prince Royce",Dardos,Argentina,5SudOD9R1Of6CsJVWZy6CQ,sadness,0.0014,0.0012,0.1897,0.1762,0.0118,0.038,0.0053,0.0036,0.0334,0.1321,0.0799,0.0461,0.005,0.0021,0.025,0.001,0.0058,0.0025,0.12,0.013,0.0069,0.0008,0.0102,0.0014,0.0067,0.3207,0.0021,0.0437,sadness,0.0437
96,Anuel AA,Tú No Lo Amas,Argentina,0fLOPPoyIaPTe8dm2Mrft3,love,0.0017,0.0952,0.0295,0.0471,0.0092,0.0118,0.0085,0.0093,0.0374,0.0508,0.008,0.0071,0.0025,0.0036,0.0031,0.0002,0.0027,0.0175,0.3031,0.0034,0.0072,0.0004,0.01,0.0008,0.0036,0.0872,0.0023,0.2496,love,0.2496
97,Los Auténticos Decadentes,Un Osito de Peluche de Taiwán,Argentina,6iCnJkKswtMYoSmT58HmEn,sadness,0.0042,0.0015,0.0043,0.0155,0.0211,0.0676,0.0162,0.0088,0.0371,0.1508,0.0105,0.0036,0.0044,0.0048,0.0728,0.0011,0.0143,0.0069,0.0407,0.2365,0.0118,0.0012,0.0276,0.0065,0.0445,0.545,0.0035,0.041,sadness,0.041
98,Patricio Rey y sus Redonditos de Ricota,Un Poco de Amor Francés,Argentina,14rcLGX83RpsORAIzC4U4g,neutral,0.0172,0.1224,0.0033,0.0182,0.1303,0.0094,0.0006,0.0005,0.0014,0.0031,0.0169,0.0011,0.0006,0.0031,0.0004,0.0004,0.0004,0.1311,0.0443,0.0003,0.005,0.0013,0.011,0.003,0.0003,0.0018,0.0003,0.4054,joy,0.4054
100,La T y La M,El Doctorado,Argentina,1yg1tWFaYajN4b7vsKtYRE,neutral,0.0114,0.0012,0.0021,0.0174,0.1826,0.0123,0.0021,0.0008,0.0563,0.0675,0.0184,0.0015,0.0016,0.0054,0.0092,0.001,0.0016,0.0131,0.158,0.0114,0.0543,0.0034,0.0673,0.0125,0.0013,0.0195,0.0017,0.4304,approval,0.4304
101,Miranda!,Tu Misterioso Alguien,Argentina,4ksf1UdqNc9pU8R4ZZrgdY,curiosity,0.0011,0.0016,0.1054,0.1851,0.0065,0.0073,0.121,0.4366,0.0038,0.0521,0.0261,0.0318,0.0097,0.0021,0.0285,0.0001,0.0021,0.0012,0.0037,0.0096,0.0045,0.0002,0.0091,0.0004,0.0016,0.0311,0.0126,0.1878,curiosity,0.1878
103,KAROL G,Si Antes Te Hubiera Conocido,Argentina,73scB4Q4fcOmnsBVZPmk32,optimism,0.0585,0.0618,0.0038,0.0131,0.0199,0.0045,0.0156,0.0182,0.0491,0.0389,0.0651,0.0037,0.001,0.006,0.0059,0.0004,0.0008,0.0133,0.0128,0.0019,0.4504,0.0014,0.011,0.0012,0.0014,0.0052,0.0037,0.1243,optimism,0.1243
104,"Fuerza Regida, Grupo Frontera",COQUETA,Argentina,1PREzVLuDT6PSE9sej4wnV,sadness,0.0013,0.0012,0.0115,0.044,0.0245,0.0084,0.0436,0.0553,0.0529,0.25,0.0112,0.0061,0.0051,0.0041,0.0121,0.0002,0.0116,0.0042,0.0567,0.0293,0.0063,0.0005,0.0335,0.0022,0.0152,0.5736,0.0088,0.1415,sadness,0.1415
105,Bad Bunny,Moscow Mule,Argentina,6Xom58OOXk2SoU711L2IXO,neutral,0.0015,0.0056,0.0569,0.0822,0.0226,0.0071,0.0335,0.0055,0.0084,0.0824,0.0617,0.0056,0.0018,0.004,0.0121,0.0002,0.0009,0.006,0.0059,0.0147,0.0232,0.0005,0.0146,0.0018,0.0008,0.0136,0.002,0.5061,disappointment,0.5061
106,"Luck Ra, BM",La Morocha,Argentina,6vRQqxOhUFd78p5tL8jXr7,love,0.0126,0.0006,0.0061,0.0154,0.0684,0.0054,0.0021,0.0015,0.0386,0.0235,0.0347,0.0036,0.0007,0.0023,0.0006,0.0004,0.0006,0.0028,0.6276,0.0004,0.0065,0.0007,0.0074,0.0005,0.0015,0.0077,0.0006,0.2609,love,0.2609
108,Omar Courtz,⁠LUCES DE COLORES,Argentina,5dDlknAL9imbXXl7uG7oqe,neutral,0.0018,0.0051,0.0068,0.0384,0.0251,0.0013,0.0074,0.0195,0.0024,0.0035,0.0027,0.0044,0.001,0.0048,0.0012,0.0001,0.0003,0.0024,0.002,0.0005,0.0027,0.0002,0.0067,0.0004,0.0002,0.0012,0.0026,0.8758,annoyance,0.8758
109,The Police,Every Breath You Take,Argentina,1JSTJqkT5qHq8MDJnJbRE1,sadness,0.0021,0.0021,0.0062,0.0198,0.0073,0.0103,0.0039,0.0132,0.1134,0.1074,0.0051,0.0101,0.0028,0.0028,0.0061,0.0008,0.0205,0.0033,0.0154,0.0097,0.0039,0.0005,0.0116,0.0015,0.0096,0.7477,0.004,0.1975,sadness,0.1975
110,"Maluma, Trap Capos, Noriel, Bryant Myers, Juhn","Cuatro Babys (feat. Trap Capos, Noriel, Bryant Myers & Juhn)",Argentina,0JoHqmlqE0W0i9prt6kcHR,neutral,0.0046,0.0045,0.0359,0.1485,0.0533,0.0043,0.2202,0.0058,0.0048,0.0364,0.0171,0.007,0.003,0.0047,0.0033,0.0005,0.0013,0.0155,0.1978,0.0087,0.0046,0.0012,0.0275,0.0021,0.0042,0.0145,0.0026,0.3015,confusion,0.3015
111,Airbag,Cae el Sol,Argentina,1Mqfdem6pgGVoULjSkkcc9,confusion,0.0013,0.0013,0.0045,0.0332,0.0282,0.0027,0.3434,0.0279,0.1225,0.1092,0.0189,0.0036,0.0062,0.0053,0.0095,0.0005,0.002,0.0062,0.006,0.0183,0.0269,0.001,0.1192,0.0029,0.0061,0.0203,0.0138,0.13,confusion,0.13
113,Babasonicos,Puesto,Argentina,5zpZUFF7YyPG90nkR88RYd,admiration,0.9076,0.007,0.0018,0.0033,0.0431,0.0011,0.0023,0.0079,0.0021,0.0022,0.0022,0.0011,0.0007,0.1408,0.0013,0.0016,0.0005,0.0251,0.0135,0.0006,0.0062,0.0078,0.0078,0.0014,0.0002,0.0009,0.0394,0.0198,admiration,0.0198
118,"Bad Bunny, Bomba Estéreo",Ojitos Lindos,Argentina,3k3NWokhRRkEPhCzPmV8TW,love,0.0669,0.0063,0.0026,0.0334,0.1105,0.0029,0.0012,0.0006,0.0035,0.0298,0.0114,0.0022,0.0026,0.0089,0.0012,0.0006,0.0012,0.0561,0.4046,0.0015,0.0055,0.0037,0.1248,0.0057,0.0009,0.0086,0.0028,0.313,love,0.313
119,"Callejero Fino, Martin Vegas",TIKI TIKI,Argentina,7GSKEUunbDOtPSG1TLXq8e,neutral,0.0009,0.0048,0.0225,0.0711,0.0108,0.0049,0.0008,0.0006,0.0026,0.0126,0.0138,0.0078,0.0019,0.0011,0.0019,0.0003,0.0008,0.0028,0.0024,0.0008,0.0024,0.0005,0.0071,0.0006,0.0007,0.0103,0.0006,0.8976,annoyance,0.8976
120,No Te Va Gustar,Ese Maldito Momento,Argentina,6MuJUSYCqA4FpMogUHzb2R,disappointment,0.0009,0.0016,0.062,0.3309,0.0087,0.0045,0.0965,0.0366,0.0032,0.477,0.1377,0.0083,0.0147,0.0012,0.0054,0.0006,0.003,0.0017,0.0013,0.0128,0.0062,0.0003,0.0198,0.0011,0.0083,0.1309,0.0031,0.0778,disappointment,0.0778
121,Angela Torres,FAVORITA,Argentina,6EhX9FjpQZ5CohoGeqUM2u,love,0.0195,0.0014,0.0029,0.0088,0.1364,0.0168,0.0007,0.0009,0.0534,0.011,0.0036,0.0019,0.0007,0.0132,0.0011,0.0005,0.0013,0.0307,0.6564,0.0012,0.012,0.002,0.0131,0.0025,0.0013,0.0124,0.0015,0.2179,love,0.2179
122,Kapo,UWAIE,Argentina,0fMjldiEpgjbWQ4bBQwVzH,love,0.6634,0.0007,0.0034,0.0051,0.1141,0.0109,0.0034,0.0077,0.0561,0.0056,0.0061,0.002,0.0005,0.0085,0.0008,0.0016,0.0006,0.013,0.7193,0.0005,0.013,0.0021,0.0057,0.0009,0.0009,0.0038,0.0014,0.0217,love,0.0217
123,"Estelares, Jorge Serrano",Ella Dijo,Argentina,6cFf4Jfy7ThUwGzbqFcZsx,love,0.0032,0.0015,0.0121,0.0187,0.0568,0.0856,0.0022,0.0012,0.0259,0.0153,0.0225,0.0035,0.001,0.0034,0.0034,0.0025,0.002,0.0137,0.7851,0.0028,0.0386,0.0011,0.0088,0.0027,0.0056,0.0233,0.0007,0.142,love,0.142
125,Babasonicos,El Loco,Argentina,2jEjxOyKqMpkcThWl697hf,neutral,0.1779,0.0006,0.0043,0.0211,0.0174,0.0013,0.0037,0.0066,0.0307,0.0701,0.01,0.0071,0.0017,0.0031,0.0024,0.0007,0.002,0.0014,0.002,0.001,0.0046,0.0016,0.0078,0.0007,0.0008,0.0263,0.0024,0.5084,admiration,0.5084
126,Andrés Calamaro,Flaca,Argentina,1p7m9H4H8s0Y7SgRm7j3ED,neutral,0.0035,0.0005,0.1301,0.1763,0.106,0.1796,0.0019,0.001,0.0045,0.0313,0.1638,0.0082,0.0033,0.0006,0.0024,0.001,0.0028,0.0017,0.0145,0.002,0.0072,0.0018,0.0237,0.0028,0.0075,0.0386,0.0004,0.3113,caring,0.3113
127,Las Pelotas,Personalmente,Argentina,7q7XFO9av9VpNJSXKJwJxD,neutral,0.0032,0.0013,0.0017,0.0058,0.0541,0.0419,0.0307,0.1847,0.0255,0.0045,0.0027,0.0005,0.0003,0.0392,0.0072,0.0002,0.001,0.0143,0.0035,0.0086,0.1337,0.0006,0.0155,0.0026,0.0005,0.0059,0.0114,0.3921,curiosity,0.3921
128,"Rauw Alejandro, Romeo Santos",Khé?,Argentina,1YYfyJ2yCvGFCxwjsIqEK9,curiosity,0.0018,0.0142,0.0176,0.0515,0.0309,0.0143,0.3619,0.4152,0.024,0.0561,0.0268,0.006,0.0053,0.003,0.0076,0.0002,0.0024,0.0072,0.3371,0.0115,0.0166,0.0003,0.019,0.001,0.0168,0.0555,0.0039,0.0903,curiosity,0.0903
129,Las Pelotas,Será,Argentina,60IzIxSuVAtU71yCmHjxHH,curiosity,0.0015,0.0009,0.0016,0.0048,0.0205,0.0204,0.276,0.441,0.0141,0.0042,0.0036,0.001,0.0006,0.0042,0.0049,0.0006,0.0007,0.002,0.0218,0.0032,0.0253,0.0001,0.008,0.0005,0.0022,0.0044,0.0046,0.292,curiosity,0.292
130,Mon Laferte,Tu Falta De Querer,Argentina,4skuEIloXWuxxgekKupkEH,love,0.0034,0.002,0.0316,0.0369,0.0128,0.0319,0.0298,0.1268,0.1913,0.165,0.0172,0.0132,0.0044,0.0068,0.0152,0.001,0.0117,0.0067,0.7104,0.0221,0.0144,0.0006,0.0124,0.002,0.0221,0.4262,0.0108,0.0408,love,0.0408
131,Patricio Rey y sus Redonditos de Ricota,Esa Estrella Era Mi Lujo,Argentina,1buwr89mlvxbaqArqmvCYS,admiration,0.6803,0.0004,0.0056,0.0128,0.128,0.0076,0.0016,0.0008,0.0029,0.0136,0.0099,0.0013,0.0005,0.0033,0.0006,0.0019,0.0008,0.0073,0.2987,0.0003,0.0067,0.0052,0.0132,0.0014,0.0007,0.0043,0.0014,0.0875,admiration,0.0875
133,Romeo Santos,Imitadora,Argentina,6r46lnXFbE9fr2d3KNaGbe,curiosity,0.005,0.0011,0.0171,0.0294,0.015,0.0176,0.2193,0.6308,0.0253,0.1251,0.0427,0.0055,0.0045,0.0055,0.0121,0.0006,0.0044,0.0037,0.3133,0.0119,0.0103,0.0002,0.0101,0.001,0.015,0.1159,0.0132,0.0753,curiosity,0.0753
134,Milo j,M.A.I,Argentina,35ttE4t8lQZA2vuCYDg4G7,gratitude,0.0565,0.0008,0.0023,0.0064,0.0492,0.1274,0.0054,0.0017,0.0113,0.0157,0.0082,0.0029,0.002,0.01,0.1496,0.3995,0.0088,0.0266,0.0284,0.0567,0.0261,0.0087,0.0165,0.0329,0.0096,0.0627,0.0022,0.0153,gratitude,0.0153
135,Omar Courtz,VAMOaCOCHI,Argentina,1oghNMGW42IhtQPNU6leZz,desire,0.0039,0.0015,0.0086,0.022,0.0315,0.0126,0.0066,0.0923,0.3506,0.0072,0.003,0.0054,0.0007,0.0106,0.0025,0.0002,0.0007,0.003,0.0478,0.0014,0.0105,0.0003,0.0034,0.0005,0.001,0.0059,0.0016,0.3047,desire,0.3047
137,"Feid, ATL Jacob",LUNA,Argentina,7bywjHOc0wSjGGbj04XbVi,sadness,0.0056,0.0014,0.0165,0.0377,0.0124,0.016,0.0281,0.0467,0.1984,0.3369,0.0151,0.0076,0.0045,0.0049,0.0098,0.0006,0.0149,0.0051,0.1763,0.0256,0.0118,0.0008,0.022,0.0024,0.0274,0.5883,0.0095,0.049,sadness,0.049
138,Anuel AA,¿Qué Nos Pasó?,Argentina,7k3qWn8D43a5ISa3x8lJux,neutral,0.001,0.0079,0.1629,0.333,0.0218,0.0034,0.018,0.0526,0.0026,0.025,0.023,0.0128,0.0042,0.0035,0.0057,0.0001,0.0008,0.0034,0.001,0.0021,0.0047,0.0008,0.0108,0.0006,0.0004,0.005,0.0142,0.4156,annoyance,0.4156
139,"Jory Boy, Bad Bunny",No Te Hagas,Argentina,5hKjEpYrJIJs6uPl7zw6Y6,neutral,0.0023,0.0036,0.0812,0.0862,0.016,0.0417,0.0014,0.0019,0.0114,0.0195,0.0275,0.0076,0.0012,0.0046,0.0034,0.0005,0.0015,0.0044,0.0318,0.0016,0.0041,0.0006,0.006,0.0008,0.0015,0.0357,0.0011,0.6194,annoyance,0.6194
140,"Rauw Alejandro, Chencho Corleone",El Efecto,Argentina,4SJHHpKhcuXwDsCsPqshXj,neutral,0.003,0.0044,0.0027,0.0096,0.0225,0.0104,0.0232,0.1127,0.0241,0.0176,0.0027,0.0021,0.0044,0.0155,0.003,0.0006,0.0023,0.0126,0.0069,0.0058,0.0068,0.0007,0.0095,0.0017,0.057,0.0463,0.0035,0.5568,curiosity,0.5568
141,"KHEA, Duki, Cazzu, Omar Varela, MYKKA",Loca,Argentina,0vnrhysrKKRdNYFKLAGzRc,neutral,0.0043,0.0077,0.0379,0.044,0.026,0.0025,0.0126,0.0119,0.0042,0.0063,0.0041,0.0044,0.0014,0.0253,0.0048,0.0002,0.0006,0.0132,0.028,0.0015,0.0045,0.0009,0.0091,0.0007,0.0003,0.0034,0.0072,0.6392,annoyance,0.6392
143,"Maria Becerra, Paulo Londra, XROSS",RAMEN PARA DOS,Argentina,5KJacLbQNuqzR9IizaPI6h,sadness,0.0016,0.0013,0.0988,0.177,0.0111,0.0111,0.0579,0.0291,0.02,0.2916,0.0809,0.0078,0.0052,0.0018,0.0121,0.0005,0.0109,0.0025,0.0133,0.0202,0.0087,0.0004,0.0185,0.0014,0.0135,0.4546,0.0055,0.0791,sadness,0.0791
144,Plan B,Fanatica Sensual,Argentina,1DrDfpOx4P4LMxFhtOmeyD,neutral,0.0018,0.0071,0.0013,0.0099,0.0251,0.003,0.0111,0.07,0.008,0.0062,0.002,0.0011,0.0005,0.004,0.0017,0.0001,0.0004,0.0027,0.0027,0.0012,0.0166,0.0002,0.0108,0.0005,0.0005,0.0045,0.0022,0.7702,curiosity,0.7702
149,"Emilia, TINI, Nicki Nicole",blackout 🧊,Argentina,1KaXG7dVdwMH3gCtiAU39t,neutral,0.281,0.0044,0.0019,0.0074,0.0572,0.0017,0.0069,0.0044,0.0253,0.0032,0.0017,0.0025,0.0011,0.022,0.0017,0.0007,0.0005,0.0094,0.0215,0.0009,0.0057,0.0018,0.0417,0.001,0.0005,0.0019,0.0062,0.5255,admiration,0.5255
150,"Omar Courtz, De La Rose",Q U E V A S H A C E R H O Y ?,Argentina,0Sr7ssScx54yxdM2ols7nW,neutral,0.0025,0.011,0.0149,0.0317,0.015,0.0019,0.0032,0.0109,0.0267,0.0039,0.0025,0.0042,0.001,0.0412,0.0017,0.0002,0.0004,0.0097,0.0296,0.0007,0.0031,0.0005,0.0034,0.0005,0.0003,0.0018,0.0034,0.6772,excitement,0.6772
152,"Bad Bunny, Los Pleneros de la Cresta",CAFé CON RON,Argentina,6VNXmo59yDYgcwLS17UNAW,neutral,0.0043,0.0013,0.0041,0.0226,0.0319,0.4126,0.0169,0.0027,0.0042,0.0088,0.0197,0.0013,0.001,0.0019,0.0148,0.0021,0.0015,0.0045,0.0037,0.0093,0.0181,0.0009,0.0175,0.0043,0.0021,0.0075,0.0009,0.4593,caring,0.4593
153,"Omar Courtz, De La Rose, Haze",Kyoto,Argentina,7eNwwoxDR8KVzNAuGvliAO,neutral,0.0049,0.0054,0.0122,0.0845,0.031,0.0016,0.0039,0.0037,0.0051,0.0227,0.0042,0.0095,0.0032,0.0133,0.013,0.0001,0.0012,0.0127,0.01,0.0049,0.0033,0.0012,0.0296,0.0016,0.0005,0.0112,0.0039,0.6002,annoyance,0.6002
154,Sabrina Carpenter,Manchild,Argentina,2BwO5K8Q7EPAJSGze3AAh9,love,0.0052,0.0027,0.1076,0.1433,0.0338,0.0097,0.2841,0.251,0.0147,0.1331,0.1413,0.0107,0.0059,0.004,0.0062,0.0005,0.0021,0.0065,0.3581,0.006,0.0272,0.0005,0.0194,0.001,0.0113,0.0273,0.0089,0.0405,love,0.0405
156,"Tainy, Bad Bunny",MOJABI GHOST,Argentina,46YjJXVXWHlQ21odKktg5e,desire,0.0027,0.0025,0.0044,0.0109,0.0202,0.01,0.0288,0.0115,0.4417,0.0481,0.0135,0.0022,0.0009,0.0039,0.0039,0.0007,0.0015,0.008,0.2076,0.0034,0.3478,0.0007,0.0118,0.001,0.0074,0.0189,0.0019,0.12,desire,0.12
157,Patricio Rey y sus Redonditos de Ricota,La Bestia Pop,Argentina,6BHlafXY1L2eetDCwict05,love,0.1692,0.001,0.0028,0.0057,0.0696,0.0069,0.0006,0.0005,0.0195,0.0067,0.0028,0.0016,0.0006,0.0213,0.0015,0.0008,0.0008,0.0213,0.6322,0.0007,0.017,0.0051,0.0097,0.0015,0.0006,0.0035,0.0023,0.153,love,0.153
158,"Callejero Fino, Lea in the Mix",NO LES DA,Argentina,6pryujEohwqSNKGTW33SKE,sadness,0.0032,0.002,0.0044,0.0288,0.0318,0.0079,0.0012,0.0006,0.0033,0.1837,0.0229,0.0052,0.0144,0.0011,0.0026,0.001,0.0063,0.0055,0.0058,0.0041,0.0037,0.0013,0.0279,0.0047,0.1694,0.3805,0.0006,0.2054,sadness,0.2054
159,Boza,Hecha Pa' Mi,Argentina,3VvA1wSxukMLsvXoXtlwWx,love,0.0138,0.0051,0.0277,0.0444,0.034,0.0046,0.0089,0.0021,0.0065,0.0978,0.0246,0.0174,0.01,0.003,0.005,0.0011,0.0029,0.0096,0.8789,0.0046,0.0045,0.0012,0.0702,0.0016,0.0069,0.0783,0.0079,0.0247,love,0.0247
160,"Big One, FMK, Ke Personajes",Un Finde | CROSSOVER #2,Argentina,3tiJUOfAEqIrLFRQgGgdoY,love,0.0053,0.0016,0.0108,0.0214,0.0185,0.0162,0.0031,0.0054,0.4547,0.1444,0.0146,0.011,0.0026,0.0047,0.0034,0.0014,0.006,0.0065,0.5773,0.0049,0.0201,0.001,0.012,0.0016,0.0127,0.2259,0.0031,0.0589,love,0.0589
161,"Bryant Myers, Anuel AA, Anonimus, Almighty",Esclava - Remix,Argentina,2Mgur7BKnpr7OG3izSNFTA,amusement,0.0087,0.5308,0.0136,0.0289,0.0221,0.0062,0.0052,0.0496,0.0039,0.0026,0.004,0.0039,0.0012,0.0056,0.0008,0.0005,0.0004,0.0451,0.1611,0.0005,0.0068,0.0004,0.0047,0.0007,0.0007,0.002,0.0011,0.2758,amusement,0.2758
162,"DENNIS, Luísa Sonza, Emilia",MOTINHA 2.0 (Mete Marcha) - Remix,Argentina,2iDDnYmaz1HhedjI91fbmp,neutral,0.0076,0.007,0.0033,0.0138,0.0688,0.0024,0.0094,0.0355,0.002,0.0022,0.0039,0.0007,0.0005,0.0207,0.0011,0.0001,0.0002,0.0114,0.0011,0.0007,0.0052,0.0007,0.0066,0.0009,0.0002,0.0007,0.0021,0.831,approval,0.831
163,"Luck Ra, La K'onga, Ke Personajes",Ya No Vuelvas (Versión Cuarteto),Argentina,0u6JsFiEEXb6kaF0oqyeFi,love,0.0032,0.001,0.0336,0.0367,0.0346,0.1165,0.0293,0.0896,0.0959,0.1453,0.0317,0.0063,0.0028,0.0021,0.0086,0.0012,0.01,0.0031,0.4922,0.0127,0.0388,0.0005,0.0136,0.002,0.0512,0.3824,0.0024,0.0595,love,0.0595
164,Bad Bunny,Enséñame a Bailar,Argentina,2NMjggapJcXXM7WccGEBUO,amusement,0.1214,0.7209,0.0024,0.0116,0.0673,0.0021,0.0046,0.0113,0.0101,0.003,0.0058,0.0022,0.0009,0.0249,0.0006,0.0003,0.0004,0.2116,0.0507,0.0007,0.0093,0.0014,0.0082,0.002,0.0004,0.0013,0.0015,0.0553,amusement,0.0553
165,"Lady Gaga, Bruno Mars",Die With A Smile,Argentina,7so0lgd0zP2Sbgs2d7a1SZ,love,0.0041,0.0059,0.0193,0.0341,0.021,0.0059,0.0205,0.004,0.1248,0.1998,0.0154,0.0139,0.0153,0.0068,0.0175,0.0012,0.0103,0.0154,0.6223,0.0227,0.0246,0.0021,0.2448,0.0041,0.0294,0.2458,0.0393,0.0281,love,0.0281
166,"Intoxicados, Andrés Calamaro",Fuego,Argentina,6q41qt2R9K8BXEzmzImEGO,neutral,0.0006,0.0008,0.0107,0.0498,0.0351,0.0044,0.0012,0.0004,0.0031,0.0241,0.0124,0.0149,0.0042,0.0006,0.0201,0.0003,0.0017,0.001,0.0008,0.0033,0.0044,0.0007,0.046,0.0013,0.0018,0.0466,0.0007,0.7434,annoyance,0.7434
167,"Luck Ra, Abel Pintos",QUE ME FALTE TODO,Argentina,1TyBUtMxdmRfXhW3MmbxtQ,gratitude,0.0067,0.0012,0.004,0.0182,0.0144,0.013,0.001,0.0013,0.1055,0.0543,0.0058,0.0054,0.0024,0.0053,0.0018,0.6171,0.0086,0.0136,0.0109,0.0022,0.0052,0.0023,0.0102,0.0085,0.0179,0.2386,0.0013,0.0453,gratitude,0.0453
168,Los Piojos,Tan Solo,Argentina,6Soxxi73U6SO4rOGJwYYxI,sadness,0.0361,0.0021,0.0063,0.0251,0.0153,0.0029,0.0547,0.0545,0.0027,0.3327,0.0216,0.0049,0.004,0.0043,0.0085,0.0002,0.0154,0.0055,0.0096,0.0114,0.003,0.0006,0.0235,0.0017,0.003,0.6033,0.0125,0.069,sadness,0.069
170,Airbag,Solo aquí,Argentina,0OcYoSGA1CFGZcCuPLyfhj,sadness,0.0016,0.0015,0.0063,0.0386,0.0079,0.0069,0.0037,0.0042,0.2944,0.2368,0.0133,0.0086,0.0032,0.0016,0.0034,0.0008,0.0079,0.0022,0.0077,0.0068,0.0107,0.0006,0.0217,0.0014,0.0106,0.4136,0.0024,0.2026,sadness,0.2026
171,"Callejero Fino, La T y La M",Te invito a bailar,Argentina,17vFIehhv8hKSXYn5Ce4Pk,love,0.0078,0.2792,0.0034,0.0067,0.0216,0.0056,0.0035,0.0253,0.1982,0.0039,0.003,0.0025,0.0007,0.0198,0.0009,0.0011,0.0006,0.0355,0.5511,0.0007,0.0301,0.0004,0.0046,0.0006,0.0022,0.0042,0.0016,0.0595,love,0.0595
172,"Zion & Lennox, J Balvin",Otra Vez (feat. J Balvin),Argentina,3QwBODjSEzelZyVjxPOHdq,neutral,0.0026,0.0059,0.0033,0.0088,0.0468,0.0015,0.013,0.0485,0.0053,0.0037,0.0018,0.0026,0.0015,0.0509,0.0026,0.0006,0.0007,0.0223,0.0093,0.0015,0.0041,0.0007,0.0267,0.0014,0.0006,0.0029,0.0161,0.689,excitement,0.689
173,"Blessd, Anuel AA, SOG",TE CANTO BAJITO,Argentina,3I1jcOmPwnzUR5yduDK3yb,love,0.0245,0.2937,0.0034,0.0082,0.0373,0.0033,0.0048,0.0186,0.0524,0.0025,0.0024,0.0014,0.0006,0.0581,0.0013,0.0005,0.0004,0.0439,0.3964,0.0009,0.0134,0.0007,0.0053,0.0007,0.0006,0.0019,0.0045,0.2345,love,0.2345
175,Cosculluela,Manicomio,Argentina,3UVM7rdOSbm2vKDXB9SsWo,love,0.0065,0.0014,0.0057,0.0136,0.0992,0.0054,0.0015,0.0007,0.0061,0.0055,0.0061,0.0019,0.0006,0.007,0.0008,0.0004,0.0004,0.0131,0.6524,0.0006,0.0084,0.0009,0.0127,0.0011,0.0005,0.0026,0.0012,0.3809,love,0.3809
176,DesaKTa2,La Diabla,Argentina,6PaIQ2qR59qiqXgjeTFwJA,neutral,0.0029,0.0025,0.0182,0.0642,0.0145,0.002,0.0012,0.0011,0.0042,0.0221,0.0047,0.012,0.0019,0.0026,0.0032,0.0006,0.0009,0.0023,0.0027,0.0012,0.0021,0.0005,0.007,0.0005,0.0006,0.0184,0.0008,0.8274,annoyance,0.8274
177,Bad Bunny,Si Estuviésemos Juntos,Argentina,35wvL50xvKpCHEJPxLOLPI,love,0.0025,0.0023,0.0144,0.0328,0.0133,0.0105,0.112,0.0612,0.0387,0.4317,0.029,0.0078,0.0101,0.0087,0.0354,0.0011,0.0111,0.0056,0.5602,0.0497,0.0238,0.0006,0.0373,0.0026,0.0335,0.4043,0.053,0.037,love,0.037
178,"Los Ángeles Azules, Emilia","Perdonarte, ¿Para Qué?",Argentina,4dLLdfiniBhDP9dlJQIOi4,gratitude,0.0008,0.0208,0.0283,0.1528,0.0098,0.0051,0.0302,0.0112,0.0034,0.0326,0.2495,0.0059,0.0075,0.003,0.0014,0.7399,0.0012,0.0132,0.0013,0.0017,0.0044,0.0007,0.013,0.0052,0.0101,0.0121,0.0026,0.0192,gratitude,0.0192
181,"Cosculluela, Bad Bunny",Madura,Argentina,5n2XTRsYFlZwNBp06KAjDX,neutral,0.0017,0.1316,0.0037,0.0276,0.0199,0.0087,0.0008,0.0008,0.0026,0.0197,0.0093,0.0038,0.0024,0.0014,0.0025,0.0003,0.0024,0.0165,0.0019,0.0025,0.0044,0.0006,0.0225,0.0021,0.0014,0.0595,0.001,0.7395,amusement,0.7395
182,"Indio Solari, Los Fundamentalistas del Aire Acondicionado",Había una Vez...,Argentina,3ayHT7okY784fCWMYDbspt,love,0.0133,0.0013,0.0097,0.0157,0.0449,0.0662,0.0015,0.0018,0.2777,0.0457,0.0112,0.0068,0.0014,0.0065,0.0033,0.0027,0.0038,0.0257,0.8463,0.004,0.0517,0.002,0.0087,0.0032,0.009,0.0773,0.0015,0.0318,love,0.0318
183,Mancha De Rolando,Arde la Ciudad,Argentina,3SyKG06yOK3omo29EwZ8dP,neutral,0.0059,0.0115,0.0044,0.0416,0.0178,0.0037,0.0008,0.0009,0.0056,0.1182,0.0122,0.0019,0.0027,0.022,0.0018,0.0009,0.0042,0.2299,0.0025,0.0043,0.009,0.0048,0.0247,0.0144,0.001,0.0697,0.0043,0.4114,joy,0.4114
184,"J Balvin, Bad Bunny",QUE PRETENDES,Argentina,25ZAibhr3bdlMCLmubZDVt,neutral,0.0016,0.0018,0.1426,0.2486,0.0357,0.0034,0.0041,0.0051,0.0012,0.0071,0.0444,0.0053,0.0014,0.0007,0.0006,0.0004,0.0003,0.0009,0.001,0.0003,0.0026,0.0003,0.0064,0.0003,0.0003,0.0014,0.0008,0.6736,annoyance,0.6736
186,"JHAYCO, J Balvin, Bad Bunny",No Me Conoce - Remix,Argentina,2beS6dD5rovBxSA1zYoSHR,neutral,0.0228,0.2276,0.003,0.0117,0.0592,0.0018,0.0342,0.0817,0.0012,0.0034,0.0079,0.0021,0.001,0.0045,0.0009,0.0003,0.0003,0.0127,0.0354,0.0006,0.0044,0.0006,0.0092,0.0007,0.0004,0.0013,0.0018,0.6173,amusement,0.6173
188,Patricio Rey y sus Redonditos de Ricota,Tarea Fina,Argentina,4mZHvbJWkK9uVmD9SvHKao,disappointment,0.2524,0.0018,0.0116,0.0233,0.0235,0.0106,0.0591,0.0634,0.0089,0.4137,0.0353,0.0044,0.0028,0.0058,0.0138,0.0006,0.0121,0.0087,0.0905,0.0162,0.0169,0.0014,0.0126,0.0018,0.0072,0.3837,0.006,0.0215,disappointment,0.0215
189,Babasonicos,En Privado,Argentina,0ZyNiSXRbq68lmBjV0vJkR,admiration,0.335,0.0011,0.0021,0.0102,0.2089,0.0013,0.0262,0.0044,0.0025,0.0084,0.0064,0.001,0.0007,0.0322,0.0011,0.0006,0.0007,0.0825,0.0286,0.0017,0.0078,0.0087,0.0498,0.0048,0.0002,0.0012,0.0047,0.2046,admiration,0.2046
191,"J Balvin, Bad Bunny",Si Tu Novio Te Deja Sola,Argentina,2joKSGkqac0LIwYG9Ghrwq,neutral,0.0004,0.0025,0.0409,0.2158,0.0094,0.0081,0.0055,0.0074,0.0109,0.0522,0.0479,0.0103,0.003,0.0006,0.0017,0.0004,0.0011,0.0012,0.001,0.0012,0.0083,0.0003,0.0075,0.0006,0.0053,0.0397,0.0009,0.6143,annoyance,0.6143
193,Viejas Locas,Me Gustas Mucho,Argentina,2kB1rqoTaZ3j6ChtIWGurm,love,0.1287,0.0042,0.0028,0.0036,0.0421,0.0031,0.0079,0.0049,0.0085,0.0035,0.0045,0.0017,0.0005,0.0056,0.001,0.0036,0.0004,0.0205,0.9559,0.0006,0.0117,0.0006,0.0081,0.0005,0.0013,0.0025,0.0027,0.0105,love,0.0105
194,"PEPU, Nico Valdi, Pizzu",FAR AWAY,Argentina,3pcXMfSwwXGcucdrDb6Awd,love,0.0545,0.001,0.0033,0.0048,0.0925,0.0102,0.0793,0.2759,0.0128,0.0067,0.0073,0.0013,0.0005,0.0123,0.0041,0.0004,0.0007,0.0071,0.6752,0.0022,0.0258,0.0005,0.0107,0.0007,0.0014,0.0041,0.0057,0.0983,love,0.0983
195,Airbag,Ganas de Verte,Argentina,3JCian69xIfy8A4799Og5f,curiosity,0.0143,0.0011,0.0065,0.0128,0.0115,0.0296,0.05,0.6076,0.0657,0.0556,0.0068,0.0064,0.003,0.0081,0.0593,0.0003,0.0089,0.0017,0.03,0.026,0.0161,0.0004,0.009,0.0011,0.0052,0.18,0.0221,0.1119,curiosity,0.1119
196,La T y La M,Como Se Siente,Argentina,0tQDrJxQcB5zKGrHx43xUj,neutral,0.0013,0.0033,0.0177,0.1099,0.0136,0.0007,0.0194,0.0135,0.0009,0.011,0.0358,0.0129,0.003,0.0012,0.0015,0.0005,0.0004,0.0012,0.0006,0.0005,0.0017,0.0002,0.0095,0.0003,0.0003,0.0023,0.0024,0.8496,annoyance,0.8496
197,"Maria Becerra, Rei, XROSS",MI AMOR,Argentina,1CSdu8EHZzV0DjYB6RNXbX,love,0.0227,0.0477,0.0078,0.0132,0.0266,0.0754,0.0039,0.0034,0.0149,0.0682,0.0168,0.0035,0.002,0.0062,0.0081,0.0037,0.0024,0.027,0.8783,0.0053,0.0209,0.0011,0.0101,0.0019,0.007,0.0773,0.0022,0.0208,love,0.0208
200,"PinkPantheress, Zara Larsson",Stateside + Zara Larsson,Argentina,1DwscornXpj8fmOmYVlqZt,amusement,0.084,0.8475,0.0019,0.0056,0.0503,0.0048,0.0558,0.1303,0.0051,0.002,0.0039,0.0013,0.0012,0.0324,0.0014,0.0012,0.0006,0.1652,0.0114,0.0023,0.0265,0.0009,0.0131,0.0029,0.001,0.002,0.0054,0.0486,amusement,0.0486
1,Jin,Don’t Say You Love Me,Japan,27xkOIER6uDLKALIelHylZ,sadness,0.0009,0.0014,0.1181,0.1537,0.0058,0.013,0.0039,0.0039,0.0146,0.1752,0.0433,0.0291,0.0049,0.0011,0.0104,0.0003,0.0067,0.0016,0.0104,0.0086,0.0027,0.0005,0.0104,0.0009,0.0052,0.5002,0.0018,0.0899,sadness,0.0899
2,Kenshi Yonezu,IRIS OUT,Japan,59hVbgr8rfYkDbHfr8RcGI,love,0.0122,0.006,0.0359,0.0382,0.0333,0.0242,0.0801,0.1894,0.0097,0.183,0.0622,0.0079,0.0074,0.0053,0.0101,0.0008,0.0107,0.0094,0.8006,0.0167,0.0061,0.0006,0.0148,0.002,0.0412,0.4827,0.0059,0.0322,love,0.0322
3,Mrs. GREEN APPLE,lulu.,Japan,0vE1WglBbhmd5wDO49lcih,caring,0.0047,0.0009,0.0037,0.0109,0.0515,0.3712,0.0237,0.139,0.2198,0.0323,0.0153,0.0024,0.0009,0.0036,0.0088,0.0008,0.0054,0.0045,0.1424,0.0158,0.0402,0.0007,0.0082,0.0033,0.0131,0.1163,0.0013,0.1403,caring,0.1403
4,M!LK,Bakuretsu Aishiteru,Japan,1F1hibBCtNeObRMmEMLHNh,love,0.0497,0.0014,0.0038,0.0043,0.0816,0.0105,0.0095,0.0161,0.0164,0.0026,0.0058,0.0013,0.0006,0.0244,0.0015,0.0032,0.0005,0.0363,0.9462,0.0013,0.018,0.0009,0.0081,0.0011,0.001,0.0019,0.0058,0.0218,love,0.0218
5,HANA,Blue Jeans,Japan,6hnk0Fesq9JOhWpck8HJsj,fear,0.1355,0.0032,0.0091,0.0211,0.0824,0.0103,0.0833,0.0276,0.0049,0.1878,0.0214,0.0129,0.0175,0.014,0.3843,0.0006,0.0166,0.0118,0.3027,0.1805,0.0102,0.0039,0.1371,0.0059,0.0075,0.2622,0.0342,0.0168,fear,0.0168
6,M!LK,Sukisugite METSU!,Japan,0vDqNzQqEhl7boeRS3Joli,love,0.0178,0.0057,0.0179,0.0124,0.0268,0.016,0.0766,0.2143,0.0319,0.0157,0.0182,0.0051,0.0036,0.0288,0.0128,0.0035,0.0025,0.0299,0.9682,0.0098,0.0186,0.0007,0.0141,0.0016,0.0102,0.0222,0.0312,0.0132,love,0.0132
7,HANA,ROSE,Japan,3920QegiL2PHmaYYBVwexC,neutral,0.0027,0.0004,0.0078,0.0388,0.1508,0.0988,0.0037,0.002,0.0033,0.0236,0.0555,0.0023,0.0016,0.0008,0.0197,0.0002,0.0015,0.0009,0.0019,0.0066,0.0188,0.0009,0.0255,0.0022,0.0017,0.0199,0.0004,0.5921,approval,0.5921
8,ARASHI,Five,Japan,2cIqVZFyBH8h5dnrzBvtre,neutral,0.0005,0.001,0.0397,0.2243,0.0144,0.0016,0.0031,0.001,0.0025,0.1325,0.067,0.0308,0.0118,0.0009,0.0231,0.0003,0.0019,0.0013,0.0005,0.0058,0.0026,0.0005,0.0356,0.0011,0.0009,0.0545,0.0023,0.3666,annoyance,0.3666
9,Mrs. GREEN APPLE,ライラック,Japan,21VsLvoE7elUmJZLSawaMh,love,0.012,0.0012,0.0252,0.0365,0.0747,0.0269,0.0168,0.0145,0.0647,0.1059,0.0275,0.0118,0.0029,0.005,0.0748,0.0014,0.0037,0.0071,0.602,0.0406,0.0266,0.0009,0.0161,0.0016,0.0048,0.1041,0.0042,0.0352,love,0.0352
10,King Gnu,AIZO,Japan,65X2koe1LhDgQmRkNdJFv9,love,0.0088,0.0026,0.3518,0.0933,0.0316,0.0364,0.0229,0.0231,0.0146,0.0268,0.0601,0.0212,0.0033,0.0044,0.0109,0.0021,0.0031,0.0086,0.8926,0.0055,0.0121,0.0008,0.0108,0.001,0.0052,0.0366,0.003,0.0226,love,0.0226
11,back number,花束,Japan,3QIAwtEEDOrv0g5NKCGrXZ,love,0.0046,0.0021,0.0156,0.0132,0.0805,0.2358,0.0885,0.2011,0.121,0.0314,0.0315,0.0054,0.0066,0.0062,0.011,0.0252,0.0113,0.01,0.6109,0.0219,0.0617,0.001,0.0152,0.0058,0.4988,0.2148,0.0027,0.018,love,0.018
12,CHANMINA,SAD SONG,Japan,2zxK14g3shGRbgjUmKaj2x,love,0.0465,0.0029,0.0188,0.0186,0.0446,0.0862,0.0858,0.421,0.2976,0.079,0.0377,0.0084,0.0029,0.0187,0.0259,0.0024,0.0096,0.02,0.8347,0.0283,0.0718,0.0013,0.0109,0.0033,0.0275,0.1633,0.0101,0.0118,love,0.0118
13,back number,ブルーアンバー,Japan,35MeePbBnryubkVG0v8GbI,sadness,0.057,0.002,0.0115,0.0176,0.0209,0.0188,0.0051,0.0032,0.0116,0.2356,0.0388,0.0074,0.0035,0.0022,0.0025,0.0044,0.016,0.0068,0.4361,0.0037,0.0082,0.0011,0.0123,0.0024,0.0862,0.6677,0.0028,0.0086,sadness,0.0086
14,BE:FIRST,夢中,Japan,7KNY1e9x1MDvpBAmIAN3tz,love,0.0097,0.0033,0.0097,0.0076,0.0493,0.084,0.0458,0.2667,0.1961,0.0172,0.0121,0.0042,0.003,0.0133,0.0118,0.0039,0.005,0.0175,0.9109,0.014,0.052,0.0007,0.0115,0.0026,0.0578,0.0687,0.0054,0.0195,love,0.0195
15,Mrs. GREEN APPLE,Soranji,Japan,3YML5IHoqWbw9c9vJJvrvM,neutral,0.009,0.001,0.0027,0.0063,0.0591,0.205,0.0098,0.0553,0.2021,0.0048,0.0068,0.0012,0.0005,0.0068,0.0033,0.0149,0.0014,0.0055,0.1695,0.0025,0.2686,0.0009,0.008,0.0019,0.0059,0.0051,0.0013,0.4956,optimism,0.4956
17,back number,ハッピーエンド,Japan,4GqO80eGXA542oTvlYv4LS,love,0.0056,0.0034,0.0176,0.0177,0.0626,0.152,0.0508,0.1465,0.1888,0.0686,0.0588,0.0053,0.0085,0.0078,0.0071,0.0147,0.0129,0.0383,0.5849,0.0216,0.0467,0.0016,0.0187,0.0097,0.5045,0.3273,0.0038,0.0128,love,0.0128
18,"Mrs. GREEN APPLE, Sonoko Inoue",点描の唄,Japan,1sIIlVrnPhrvmTrHtzM7tV,love,0.0163,0.0023,0.0072,0.0067,0.0816,0.111,0.0114,0.0279,0.4249,0.008,0.0127,0.0015,0.0007,0.0199,0.0045,0.0033,0.0016,0.0665,0.7788,0.0037,0.4514,0.0018,0.0079,0.0026,0.0074,0.0065,0.0017,0.0267,love,0.0267
19,Mrs. GREEN APPLE,ダーリン,Japan,7ikOwlVju9HYUKthPiNHwr,desire,0.0021,0.0015,0.0165,0.0396,0.0175,0.0308,0.0166,0.0541,0.4622,0.1654,0.0258,0.0086,0.003,0.0059,0.0086,0.0006,0.0072,0.0053,0.1455,0.0192,0.0182,0.0006,0.0107,0.0021,0.0183,0.3195,0.0033,0.0583,desire,0.0583
20,HANA,NON STOP,Japan,2q910scaHhg6GmqnUKOGHU,neutral,0.0064,0.004,0.0026,0.0259,0.0728,0.0017,0.0479,0.1007,0.0014,0.0328,0.0439,0.0023,0.0095,0.0286,0.002,0.0003,0.0012,0.0143,0.0032,0.003,0.0025,0.0011,0.0462,0.003,0.0077,0.0081,0.0775,0.383,curiosity,0.383
22,Jimin,Who,Japan,7tI8dRuH2Yc6RuoTjxo4dU,neutral,0.0008,0.0007,0.0024,0.0133,0.0109,0.004,0.1875,0.1973,0.0389,0.0635,0.021,0.0019,0.0016,0.0025,0.0035,0.0003,0.0014,0.0012,0.0192,0.0035,0.0104,0.0001,0.0129,0.0005,0.0048,0.0317,0.0078,0.3722,curiosity,0.3722
24,back number,水平線,Japan,3RvdkNMcSy71m0aT6UF9Uf,sadness,0.0546,0.0013,0.0021,0.0078,0.0371,0.1298,0.0045,0.0046,0.014,0.0896,0.0105,0.0016,0.0011,0.0057,0.0355,0.0016,0.0163,0.0111,0.0151,0.0704,0.0168,0.0021,0.0179,0.0096,0.0041,0.4972,0.0021,0.0602,sadness,0.0602
25,"Kenshi Yonezu, Hikaru Utada",JANE DOE,Japan,4oE7MyJhqSD3BaHRpNs8Nl,neutral,0.0013,0.0213,0.0016,0.0087,0.0258,0.0058,0.0135,0.0476,0.0124,0.0061,0.0022,0.0013,0.0015,0.0411,0.0053,0.0002,0.0015,0.0939,0.0028,0.0096,0.0108,0.0007,0.0215,0.0046,0.0009,0.0118,0.008,0.5558,joy,0.5558
26,AiNA THE END,革命道中 - On The Way,Japan,1oFqKeepmT5S8BCGqJl7Ar,neutral,0.0017,0.0022,0.0018,0.0068,0.0119,0.0006,0.0193,0.0134,0.0009,0.0031,0.0054,0.0024,0.001,0.0022,0.0015,0.0007,0.0004,0.0011,0.0011,0.0004,0.0017,0.0002,0.0072,0.0002,0.0004,0.0015,0.0024,0.9487,confusion,0.9487
28,Mrs. GREEN APPLE,僕のこと,Japan,0tnhoHUrHfcLi9hPknUFZ4,nervousness,0.0787,0.0047,0.0055,0.0136,0.0769,0.0483,0.1758,0.189,0.0101,0.0676,0.0197,0.0028,0.0042,0.0582,0.2646,0.0012,0.0147,0.1743,0.1105,0.3612,0.0196,0.0045,0.0431,0.0207,0.0065,0.1867,0.0163,0.0225,nervousness,0.0225
29,HANA,Bloom,Japan,2ezkOPL49H0ZrQYM6y328n,disappointment,0.0171,0.0015,0.0362,0.2346,0.0474,0.0055,0.0423,0.0766,0.0056,0.4553,0.1045,0.0366,0.0284,0.0026,0.0044,0.0004,0.0035,0.0021,0.0127,0.0079,0.0042,0.0007,0.0169,0.0014,0.035,0.1683,0.0025,0.0294,disappointment,0.0294
30,CHANMINA,ハレンチ,Japan,2BfzhBl79bcPOHHXAXJkTY,neutral,0.0028,0.0027,0.0016,0.0063,0.0231,0.0006,0.0028,0.0014,0.0008,0.0026,0.0046,0.0026,0.0009,0.003,0.0016,0.0008,0.0003,0.0018,0.0011,0.0003,0.0015,0.0004,0.0091,0.0004,0.0003,0.0014,0.0014,0.949,approval,0.949
31,Vaundy,Kaiju no Hanauta,Japan,7dTW21YAJxnAOiUh7Rtu9S,desire,0.0206,0.0035,0.0025,0.0113,0.0683,0.0042,0.0021,0.0048,0.7479,0.0087,0.0032,0.0031,0.0006,0.0177,0.0008,0.0013,0.0008,0.012,0.0315,0.0011,0.0226,0.0017,0.0128,0.0013,0.001,0.0036,0.0016,0.1424,desire,0.1424
32,Number_i,3XL,Japan,3sNbkM4pIy1l7p6K2lhpvm,love,0.0445,0.0946,0.0088,0.0086,0.0645,0.0209,0.0663,0.0825,0.028,0.0068,0.0105,0.0026,0.002,0.0272,0.0032,0.0553,0.0027,0.2603,0.9704,0.0066,0.0245,0.0017,0.0165,0.0049,0.0111,0.0218,0.0059,0.0056,love,0.0056
33,back number,HAPPY BIRTHDAY,Japan,4FMz2RFrbDGzJO7K4D0vS3,love,0.0065,0.0022,0.0148,0.0318,0.0333,0.0137,0.1819,0.2004,0.034,0.3287,0.0231,0.0048,0.0103,0.0151,0.0167,0.0014,0.0146,0.0132,0.5982,0.0491,0.0138,0.001,0.0481,0.0045,0.0492,0.4565,0.0502,0.0303,love,0.0303
34,Mrs. GREEN APPLE,青と夏,Japan,5BC6kr6etk2Y9J62AyI4i3,love,0.0124,0.0015,0.0085,0.0202,0.0625,0.0458,0.1451,0.3343,0.03,0.2376,0.0382,0.0032,0.0041,0.0088,0.0132,0.0007,0.0082,0.012,0.5144,0.0345,0.0262,0.0007,0.0215,0.0037,0.034,0.3041,0.0081,0.0316,love,0.0316
35,King & Prince,Theater,Japan,6iltt0n1DkQ0AtCcwxXNZJ,disappointment,0.0069,0.0008,0.0067,0.2022,0.0516,0.0034,0.0175,0.0054,0.004,0.5774,0.3501,0.0043,0.0065,0.0028,0.0015,0.0007,0.0015,0.0035,0.0026,0.0044,0.0082,0.0012,0.0349,0.0034,0.0033,0.0239,0.0034,0.1635,disappointment,0.1635
36,HANA,My Body,Japan,2AdYT7oPiAASC46qF43dia,love,0.0297,0.0014,0.0365,0.0327,0.1062,0.0486,0.0137,0.0197,0.0132,0.0165,0.0592,0.004,0.0015,0.0057,0.0029,0.001,0.0014,0.0118,0.9305,0.0029,0.0113,0.0009,0.0089,0.0011,0.0029,0.0118,0.002,0.0263,love,0.0263
37,sakanaction,Kaiju,Japan,6FhWelfRDMFZRtFUU6SIdC,neutral,0.0009,0.0018,0.0034,0.0481,0.0158,0.0026,0.0088,0.0107,0.2085,0.1618,0.0102,0.0039,0.0033,0.0023,0.0025,0.0002,0.0023,0.0022,0.0033,0.0069,0.0128,0.0004,0.0663,0.0015,0.0033,0.0631,0.0046,0.3705,desire,0.3705
39,back number,どうしてもどうしても,Japan,6hlYmR30RGaHIz4UlVOG2U,desire,0.0073,0.0025,0.0099,0.0153,0.0267,0.013,0.0558,0.192,0.6387,0.0526,0.0144,0.0063,0.003,0.0325,0.0172,0.0008,0.0042,0.0203,0.5201,0.0209,0.0392,0.001,0.0177,0.0023,0.0111,0.0546,0.0162,0.0307,desire,0.0307
40,back number,ヒロイン,Japan,3hBAYbAECEix9raaTq8S3H,love,0.1675,0.0382,0.0054,0.0111,0.0478,0.0323,0.2316,0.1599,0.0107,0.0803,0.0318,0.0053,0.0077,0.0596,0.3255,0.0349,0.0184,0.2584,0.426,0.2428,0.0252,0.0055,0.0432,0.025,0.0149,0.1613,0.0335,0.0056,love,0.0056
41,Snow Man,カリスマックス - CHARISMAX,Japan,76OElzXqlyLCdlSypwSKBy,approval,0.119,0.0021,0.0018,0.0164,0.6689,0.0013,0.0024,0.0031,0.0012,0.0056,0.0139,0.0013,0.0008,0.012,0.0008,0.0006,0.0003,0.0045,0.0032,0.0004,0.0122,0.0026,0.0346,0.0021,0.0002,0.0006,0.0143,0.1807,approval,0.1807
42,Mrs. GREEN APPLE,クスシキ,Japan,57zS3lPil2VxdlBLXHu8l2,love,0.0122,0.0022,0.0114,0.0104,0.0635,0.1399,0.0571,0.2458,0.152,0.0508,0.02,0.0041,0.0032,0.0074,0.0127,0.0039,0.0084,0.0116,0.8902,0.017,0.1023,0.0009,0.0156,0.0035,0.104,0.1708,0.0072,0.0185,love,0.0185
43,CHANMINA,Never Grow Up,Japan,5aDgM8rYPT15CqjkN1EIKq,love,0.0445,0.0024,0.0189,0.0181,0.0376,0.0378,0.1778,0.244,0.0308,0.0886,0.042,0.0089,0.0048,0.0162,0.0373,0.0098,0.0113,0.0143,0.9387,0.0344,0.0242,0.0013,0.0297,0.0039,0.0222,0.1851,0.0423,0.0097,love,0.0097
44,natori,セレナーデ,Japan,0CWAQlHsvfqcKJVVz9up2R,neutral,0.0022,0.0019,0.0113,0.0189,0.0214,0.0511,0.0352,0.1403,0.1178,0.0776,0.0421,0.0051,0.0032,0.0026,0.0068,0.002,0.0077,0.0041,0.1944,0.0119,0.0228,0.0005,0.0105,0.0021,0.1021,0.2526,0.0025,0.4673,sadness,0.4673
46,back number,恋,Japan,7f9DsQEsIoeTwKxV6shsom,love,0.0347,0.002,0.0112,0.0193,0.0387,0.0387,0.0504,0.2445,0.0369,0.1439,0.0616,0.0032,0.0026,0.0103,0.0058,0.0009,0.0043,0.016,0.8123,0.0092,0.0284,0.0008,0.0086,0.002,0.0156,0.0975,0.0063,0.0275,love,0.0275
47,Lilas,恋風,Japan,3gw8n3DG28VaYGuVc3lqxl,love,0.0043,0.0106,0.0127,0.0291,0.0266,0.0235,0.0251,0.0583,0.1328,0.158,0.0141,0.0072,0.0054,0.0167,0.0181,0.0003,0.0073,0.0258,0.7361,0.0533,0.027,0.0009,0.0192,0.0031,0.0145,0.2986,0.0083,0.0262,love,0.0262
48,HANA,Tiger,Japan,20VZXnRzvcS0qVMOThjjmM,amusement,0.0033,0.5751,0.0508,0.0791,0.0247,0.0208,0.0024,0.0045,0.0043,0.0091,0.0094,0.0084,0.0049,0.0089,0.0346,0.0002,0.002,0.0995,0.004,0.0126,0.0088,0.0016,0.0169,0.0039,0.0012,0.0271,0.0023,0.0534,amusement,0.0534
49,CHANMINA,TEST ME,Japan,1chmVQLbEPT5890S0X55pe,sadness,0.0048,0.0014,0.0336,0.0751,0.0151,0.0311,0.0712,0.2312,0.018,0.4017,0.034,0.0162,0.0104,0.0041,0.0218,0.0005,0.0168,0.0029,0.1485,0.0379,0.0098,0.0005,0.0143,0.002,0.0281,0.6764,0.0108,0.0353,sadness,0.0353
50,Number_i,GOD_i,Japan,0burgYTcpItZGiRjvWhJjM,desire,0.005,0.0009,0.0041,0.0087,0.0397,0.0186,0.0133,0.09,0.6771,0.0166,0.0064,0.0024,0.0007,0.0105,0.0043,0.0005,0.0017,0.0056,0.1553,0.0034,0.0483,0.0006,0.0072,0.0011,0.0027,0.0176,0.0025,0.1478,desire,0.1478
51,Number_i,LAVALAVA,Japan,7vgZhgyZBkGJvuh37tJnJo,annoyance,0.001,0.0304,0.0423,0.5135,0.0218,0.0034,0.0131,0.005,0.0049,0.3435,0.2419,0.0075,0.013,0.0019,0.0011,0.0004,0.0011,0.0116,0.0022,0.0051,0.0072,0.0007,0.0326,0.0026,0.0037,0.0308,0.0018,0.0964,annoyance,0.0964
53,HANA,BAD LOVE,Japan,6M4fRouHq1Zxtl05ifoeAL,sadness,0.0057,0.0028,0.0433,0.0401,0.0194,0.0242,0.0157,0.0113,0.0131,0.1563,0.0225,0.009,0.0045,0.0028,0.0118,0.0011,0.0219,0.0062,0.3487,0.0156,0.0049,0.0008,0.0202,0.0023,0.0232,0.7341,0.0054,0.0312,sadness,0.0312
54,sakanaction,IRANAI,Japan,7lT3oj3gxE6AJb87ZK8up7,annoyance,0.0029,0.0017,0.374,0.4629,0.0159,0.005,0.0412,0.1255,0.0294,0.1128,0.091,0.0479,0.0071,0.0148,0.0179,0.0003,0.0021,0.0058,0.011,0.014,0.0048,0.0008,0.0098,0.0012,0.001,0.0266,0.0118,0.0407,annoyance,0.0407
55,back number,君の恋人になったら,Japan,0k4KaqElLVjdR6sVHPTS6h,love,0.0085,0.0614,0.0357,0.0985,0.0513,0.1555,0.0096,0.1071,0.1242,0.0416,0.0196,0.0082,0.0029,0.0147,0.004,0.0005,0.0048,0.0971,0.4572,0.0151,0.0216,0.0011,0.0065,0.0038,0.0123,0.1071,0.0012,0.0187,love,0.0187
56,Mrs. GREEN APPLE,GOOD DAY,Japan,61UOoqGI1B9qdeD5Dzupyb,curiosity,0.1003,0.0079,0.0039,0.0149,0.0984,0.1322,0.085,0.3463,0.0354,0.1143,0.0445,0.0018,0.0016,0.0106,0.0089,0.0007,0.0067,0.041,0.0719,0.02,0.2417,0.0015,0.0116,0.006,0.0144,0.1304,0.0029,0.0247,curiosity,0.0247
58,Remioromen,Sangatsu Kokonoka,Japan,4g066xFUp3cTUuTfOCPytT,neutral,0.0036,0.0026,0.0019,0.007,0.0123,0.0007,0.0026,0.0015,0.0009,0.0043,0.0058,0.0036,0.0013,0.0023,0.0021,0.0013,0.0005,0.0016,0.0011,0.0004,0.0015,0.0004,0.0073,0.0004,0.0004,0.0024,0.0015,0.9594,approval,0.9594
59,Sukima Switch,奏(かなで),Japan,5RbMlPFL4gVyEHW2lEOuzG,neutral,0.0033,0.0026,0.0018,0.0072,0.0141,0.0007,0.0026,0.0013,0.0008,0.004,0.0061,0.0034,0.0013,0.0022,0.0019,0.0013,0.0005,0.0016,0.001,0.0004,0.0015,0.0004,0.008,0.0004,0.0004,0.0021,0.0014,0.9579,approval,0.9579
60,back number,幸せ,Japan,1YVuXOCjN1GkGYqZ8RCcF3,love,0.0128,0.0012,0.0072,0.0118,0.0725,0.0279,0.0043,0.0056,0.4657,0.0217,0.0173,0.005,0.0014,0.0098,0.0026,0.005,0.0017,0.0154,0.8735,0.0027,0.0566,0.0015,0.012,0.0019,0.0068,0.0143,0.0033,0.0214,love,0.0214
61,Superfly,愛をこめて花束を,Japan,7CmWXD3w1xOO53AAO4LRVQ,love,0.1977,0.0027,0.0032,0.0108,0.272,0.0268,0.0501,0.0431,0.0256,0.0271,0.0183,0.0013,0.0012,0.0211,0.0023,0.0007,0.0025,0.2719,0.5295,0.0075,0.0268,0.0049,0.021,0.0102,0.0032,0.0203,0.0021,0.0283,love,0.0283
62,IVE,BANG BANG,Japan,7pBE8YpFoZ9ankC2Ci5z9X,neutral,0.002,0.0036,0.0176,0.0671,0.1497,0.0031,0.0326,0.1852,0.0059,0.0034,0.0067,0.0044,0.0018,0.0415,0.0076,0.0001,0.0004,0.0071,0.0015,0.0033,0.009,0.0006,0.017,0.0011,0.0002,0.0011,0.0096,0.3815,curiosity,0.3815
63,back number,オールドファッション,Japan,0Xn30nT5EKFPsWvpiJ2Iav,sadness,0.0613,0.0014,0.0043,0.0154,0.0485,0.0411,0.0368,0.1384,0.0285,0.1903,0.0154,0.0026,0.0022,0.0069,0.0095,0.0009,0.0193,0.01,0.0364,0.0345,0.009,0.0011,0.0152,0.0046,0.012,0.6866,0.0038,0.0277,sadness,0.0277
64,Aimyon,Marigold,Japan,2cKiHG16JBiqHdi7Llq0r7,love,0.0094,0.0262,0.0075,0.0151,0.0247,0.0364,0.0026,0.0023,0.155,0.0728,0.0185,0.0045,0.0025,0.0115,0.0033,0.0025,0.006,0.2269,0.8262,0.0075,0.0645,0.0023,0.0146,0.0068,0.0164,0.2149,0.0024,0.0114,love,0.0114
66,Hearts2Hearts,RUDE!,Japan,0WA27lZzPKFJKAbiDRmQDc,approval,0.0141,0.0054,0.0319,0.1031,0.3913,0.1024,0.0034,0.0053,0.0168,0.0085,0.0485,0.0019,0.0009,0.0236,0.0011,0.001,0.0006,0.0463,0.025,0.0016,0.0165,0.0024,0.0124,0.0052,0.0005,0.0021,0.0007,0.3022,approval,0.3022
67,Aimyon,愛を伝えたいだとか,Japan,0N8Xztr4pBHJ7V0moJWhbO,neutral,0.0025,0.0014,0.0011,0.0064,0.2014,0.0007,0.0308,0.0437,0.0007,0.0016,0.0042,0.0012,0.0005,0.0024,0.0008,0.0004,0.0002,0.0009,0.0014,0.0003,0.0031,0.0002,0.0185,0.0003,0.0002,0.0007,0.0028,0.7254,approval,0.7254
68,=LOVE,とくべチュ、して,Japan,2XS2jEncSJsetNZdVtlpeo,love,0.0452,0.0012,0.0047,0.0061,0.0859,0.0563,0.0032,0.0126,0.2984,0.0049,0.0054,0.0022,0.0005,0.0122,0.0013,0.0035,0.0011,0.0264,0.8857,0.0013,0.026,0.0013,0.0048,0.0014,0.0022,0.0053,0.0012,0.038,love,0.038
69,M!LK,E Jan,Japan,0jj4mLjwYcos3PPzjQwVzh,admiration,0.7952,0.0031,0.0029,0.0051,0.2296,0.0387,0.0146,0.0589,0.0208,0.0048,0.0156,0.0009,0.0005,0.026,0.0012,0.0026,0.0012,0.1214,0.5477,0.0014,0.0298,0.0046,0.007,0.0037,0.0012,0.0044,0.0019,0.0124,admiration,0.0124
70,BellyJay,MONTAGEM HIKARI,Japan,0XqgE9UN4MCo5ooIwUYm7l,neutral,0.0027,0.0023,0.0019,0.0073,0.0136,0.0007,0.0032,0.0015,0.0007,0.004,0.0093,0.0035,0.0012,0.0018,0.0019,0.0012,0.0004,0.0013,0.0009,0.0003,0.0013,0.0003,0.0076,0.0004,0.0004,0.0019,0.0014,0.9526,approval,0.9526
71,KANA-BOON,シルエット,Japan,1di1C0QI6Y92yZPYn6XYAZ,amusement,0.0044,0.4935,0.0037,0.0287,0.031,0.0034,0.0085,0.0018,0.0122,0.0442,0.0075,0.0052,0.0161,0.0077,0.0118,0.0007,0.006,0.1275,0.0093,0.0249,0.0169,0.0036,0.4716,0.0142,0.0069,0.0655,0.015,0.0602,amusement,0.0602
72,Aimyon,君はロックを聴かない,Japan,59eluCMn0XbOWqeWQ91FTM,neutral,0.002,0.0025,0.0018,0.0064,0.0114,0.0006,0.0288,0.0182,0.0008,0.0027,0.0042,0.0025,0.0011,0.0022,0.0016,0.0007,0.0004,0.0011,0.001,0.0004,0.0016,0.0002,0.0068,0.0002,0.0003,0.0014,0.0025,0.9409,confusion,0.9409
73,Mrs. GREEN APPLE,インフェルノ,Japan,2vOAHp8PBBFYqvQUWSoITY,sadness,0.0093,0.0016,0.0059,0.0403,0.0287,0.024,0.0187,0.0489,0.0312,0.3379,0.0178,0.0022,0.0023,0.006,0.0058,0.0004,0.0126,0.0221,0.0074,0.0333,0.0158,0.0011,0.0198,0.0068,0.0085,0.5761,0.0032,0.0553,sadness,0.0553
75,Snow Man,オドロウゼ！,Japan,0MV9cdI2SS1s0tIkl9fTR8,joy,0.0076,0.2879,0.0022,0.0268,0.0735,0.0105,0.0038,0.0055,0.0113,0.0323,0.0206,0.0012,0.0017,0.0479,0.0022,0.0004,0.0014,0.5068,0.0028,0.0093,0.0522,0.0025,0.0299,0.0177,0.001,0.0176,0.0024,0.0898,joy,0.0898
76,Fujii Kaze,Kirari,Japan,3L7ISJTvKx56uhsF28aJ4p,sadness,0.0298,0.0012,0.0055,0.0143,0.0612,0.036,0.019,0.0504,0.1035,0.2252,0.0141,0.0024,0.0022,0.0082,0.0065,0.0009,0.0209,0.0178,0.1207,0.0237,0.0123,0.0017,0.0203,0.0064,0.0186,0.7073,0.0046,0.0377,sadness,0.0377
79,SPITZ,チェリー,Japan,1ihCiJaXRl4f6Sy4LJov5z,love,0.0117,0.0018,0.0043,0.0065,0.0433,0.044,0.0018,0.003,0.477,0.0081,0.0045,0.0026,0.0008,0.0155,0.0027,0.003,0.0013,0.0295,0.8147,0.002,0.1408,0.0016,0.008,0.0018,0.0031,0.0072,0.0018,0.0463,love,0.0463
80,XG,HYPNOTIZE,Japan,3fEX9NgOeklq816Fw00uoo,neutral,0.0079,0.0068,0.0021,0.0115,0.0666,0.0032,0.001,0.0023,0.0042,0.0022,0.001,0.0017,0.0007,0.0548,0.0014,0.0002,0.0004,0.0268,0.003,0.0009,0.0053,0.0016,0.008,0.0017,0.0002,0.0011,0.002,0.8272,approval,0.8272
81,OFFICIAL HIGE DANDISM,Pretender,Japan,15HNdxGKNCIO9pgaY4n7FU,desire,0.0362,0.0011,0.0102,0.0152,0.0405,0.0332,0.0374,0.0715,0.4191,0.152,0.0333,0.0097,0.0038,0.005,0.0071,0.0028,0.0137,0.0055,0.3731,0.0113,0.0208,0.0014,0.0144,0.0027,0.066,0.4,0.0041,0.0238,desire,0.0238
82,Mrs. GREEN APPLE,ダンスホール,Japan,4QIKSlDV5YIjr0kqT1Ad32,love,0.0051,0.0044,0.0346,0.0519,0.0603,0.1347,0.0025,0.0034,0.1209,0.1073,0.0213,0.0054,0.0025,0.0051,0.0042,0.0006,0.0083,0.0572,0.4535,0.0146,0.039,0.0024,0.0154,0.0061,0.0153,0.3489,0.0009,0.0355,love,0.0355
83,Yorushika,晴る,Japan,6kFIakexzgsZwsfWDmb36o,neutral,0.0026,0.0029,0.0027,0.0094,0.0129,0.0008,0.0028,0.0015,0.0009,0.0043,0.0071,0.0041,0.0014,0.0019,0.002,0.0009,0.0005,0.0015,0.0011,0.0004,0.0014,0.0004,0.0074,0.0004,0.0004,0.0025,0.0013,0.9626,approval,0.9626
84,Kenshi Yonezu,アイネクライネ,Japan,45YBVp6zMwQZRbUDcPzmMB,desire,0.0076,0.0038,0.0059,0.0216,0.0155,0.0187,0.0082,0.0262,0.6661,0.1314,0.0122,0.0045,0.0027,0.0149,0.0038,0.0024,0.0112,0.0682,0.0255,0.0157,0.0218,0.0021,0.0129,0.0079,0.0237,0.3365,0.0038,0.0346,desire,0.0346
85,Yuuri,ドライフラワー,Japan,4kPlQKwtPrnqLgrmmKFSlA,sadness,0.001,0.0041,0.0607,0.0859,0.0138,0.0326,0.1003,0.1287,0.038,0.3511,0.0522,0.0082,0.0168,0.0035,0.0241,0.0013,0.0161,0.0074,0.0817,0.0667,0.0287,0.0006,0.0311,0.0034,0.2211,0.6174,0.0105,0.0166,sadness,0.0166
86,back number,怪盗,Japan,014Dp0tBp4d9uuFAvH1mlc,admiration,0.5749,0.001,0.0018,0.003,0.1665,0.0307,0.0137,0.1783,0.0515,0.0016,0.004,0.0009,0.0003,0.0224,0.0012,0.003,0.0005,0.0135,0.2574,0.0006,0.0543,0.0017,0.0043,0.0011,0.0008,0.0015,0.0022,0.0427,admiration,0.0427
87,Mrs. GREEN APPLE,春愁,Japan,5SHguvOUbyPTINNjCvRo8K,love,0.0062,0.0061,0.2198,0.1708,0.0806,0.0263,0.0117,0.0042,0.0176,0.0757,0.146,0.018,0.0043,0.0039,0.0035,0.0231,0.0035,0.0383,0.7619,0.0044,0.0189,0.002,0.0177,0.0051,0.0083,0.0579,0.002,0.0103,love,0.0103
88,Macaroni Empitsu,なんでもないよ、,Japan,5W7Y92LB4jWvu9NeEQ0GZl,desire,0.1253,0.0015,0.0103,0.014,0.0977,0.1148,0.0515,0.3788,0.4626,0.0192,0.0713,0.0035,0.001,0.0156,0.0076,0.0032,0.0025,0.0132,0.4,0.0057,0.248,0.0019,0.0077,0.0024,0.0089,0.0112,0.004,0.0254,desire,0.0254
89,Omoinotake,幾億光年,Japan,5Ak1F5nGzM4KRhE0H1Q3CP,neutral,0.0027,0.0024,0.0018,0.0057,0.0108,0.0007,0.011,0.0072,0.0008,0.0026,0.0033,0.0023,0.0009,0.0025,0.0015,0.0011,0.0004,0.0014,0.0011,0.0003,0.0016,0.0002,0.0062,0.0003,0.0004,0.0016,0.0019,0.9568,confusion,0.9568
91,Mr.Children,HANABI,Japan,77lmDcPPyY6kK907gdgC6i,sadness,0.0269,0.0022,0.0371,0.0322,0.0177,0.1088,0.1029,0.4056,0.2872,0.2288,0.0501,0.0092,0.0041,0.0156,0.027,0.0224,0.0257,0.0198,0.3105,0.0419,0.1356,0.0017,0.0092,0.0062,0.1186,0.4738,0.0121,0.0071,sadness,0.0071
92,RADWIMPS,Seikai,Japan,6vg9UGXRVL4YKNVqVMmOKF,neutral,0.0033,0.0527,0.0015,0.0081,0.141,0.0065,0.0637,0.0881,0.0075,0.0241,0.0141,0.0012,0.0046,0.0165,0.0057,0.0007,0.0022,0.0846,0.0668,0.0176,0.0386,0.0009,0.0636,0.0068,0.0078,0.0286,0.036,0.4513,approval,0.4513
93,RADWIMPS,me me she,Japan,0BYa5V0RyOYthDeCMUBJQZ,remorse,0.0192,0.0019,0.0078,0.0092,0.056,0.0764,0.0882,0.0334,0.0174,0.0534,0.0195,0.0037,0.0107,0.006,0.0045,0.5928,0.0198,0.0179,0.2125,0.015,0.0232,0.0027,0.0344,0.0153,0.7674,0.3869,0.0052,0.0078,remorse,0.0078
94,CHANMINA,B-list,Japan,0mBPNrXQjNv3NfzqrljAZZ,neutral,0.0009,0.0363,0.0209,0.2979,0.0064,0.0011,0.0188,0.0207,0.0026,0.0395,0.0451,0.0244,0.013,0.0034,0.0035,0.0001,0.0005,0.0028,0.0004,0.0021,0.0057,0.0004,0.0129,0.0005,0.0007,0.0033,0.0072,0.4448,annoyance,0.4448
95,"Disney, Shakira",Zoo,Japan,3vJIaiTIHxHhYafTSPNiH4,joy,0.0164,0.046,0.0022,0.0081,0.2306,0.0476,0.0139,0.0368,0.0071,0.0025,0.0067,0.0005,0.0006,0.0886,0.0014,0.0008,0.0008,0.6117,0.0122,0.0046,0.0483,0.003,0.0109,0.0176,0.0006,0.0026,0.0014,0.1243,joy,0.1243
96,King Gnu,SPECIALZ,Japan,5oQpH1uuZte4axR411rIlN,love,0.0128,0.0016,0.0235,0.016,0.0624,0.2351,0.0414,0.1516,0.0415,0.0305,0.0417,0.0037,0.0052,0.0059,0.006,0.0036,0.007,0.0102,0.7928,0.0104,0.0252,0.001,0.0111,0.0032,0.2199,0.1248,0.0026,0.0221,love,0.0221
97,BLACKPINK,GO,Japan,3FZPp9lBUvhsxFxKJi3VkB,neutral,0.0021,0.0003,0.0088,0.0527,0.0399,0.0192,0.0017,0.0032,0.0717,0.0561,0.062,0.0022,0.0006,0.0047,0.0023,0.0003,0.0008,0.0016,0.0064,0.0018,0.0127,0.0006,0.0073,0.001,0.0008,0.0159,0.0011,0.61,desire,0.61
98,GReeeeN,キセキ,Japan,7ztdl6cnbJgHRdMkKldkts,love,0.0724,0.002,0.0027,0.0032,0.0589,0.0251,0.0136,0.0543,0.0587,0.0038,0.0038,0.0012,0.0007,0.0983,0.0036,0.0094,0.0014,0.11,0.8842,0.0036,0.0645,0.0023,0.0091,0.0031,0.0019,0.0042,0.0201,0.018,love,0.018
99,Vaundy,Tokimeki,Japan,3e0Td8QexmD5l3DJzXbbcC,excitement,0.0548,0.0157,0.0017,0.0063,0.0429,0.0046,0.0063,0.0253,0.0106,0.0154,0.008,0.0018,0.002,0.5081,0.0092,0.0006,0.0029,0.1715,0.0182,0.0262,0.0038,0.0035,0.013,0.0075,0.0009,0.0351,0.013,0.037,excitement,0.037
100,sakanaction,新宝島,Japan,4a48lWUd64bZgHUDx0GZlj,neutral,0.0031,0.0024,0.0023,0.0061,0.0135,0.0009,0.003,0.0015,0.001,0.0033,0.0044,0.0026,0.001,0.0025,0.0019,0.0013,0.0005,0.002,0.0013,0.0004,0.0017,0.0004,0.007,0.0004,0.0005,0.0023,0.0013,0.9655,approval,0.9655
101,SPITZ,ロビンソン,Japan,0sVnyL71jTOuMt9TZ59bws,neutral,0.0057,0.0031,0.0012,0.0086,0.0224,0.0009,0.0011,0.0025,0.0087,0.0046,0.0013,0.0027,0.002,0.0674,0.0029,0.0005,0.0009,0.01,0.004,0.0011,0.0096,0.0018,0.0282,0.0016,0.0005,0.0019,0.087,0.6856,surprise,0.6856
102,Kenshi Yonezu,さよーならまたいつか！- Sayonara,Japan,5pN2AyWwjzwRoI7gukEVNd,neutral,0.0032,0.0031,0.0021,0.0083,0.012,0.0007,0.0022,0.0013,0.0009,0.0039,0.0048,0.0036,0.0014,0.0023,0.002,0.0012,0.0005,0.0016,0.0009,0.0004,0.0016,0.0004,0.0075,0.0004,0.0004,0.0023,0.0014,0.9592,approval,0.9592
103,Novelbright,ツキミソウ,Japan,6sElEqOIGENWjpxGFeo5ct,sadness,0.0021,0.007,0.014,0.0316,0.0137,0.0141,0.0151,0.0382,0.1551,0.1878,0.0156,0.0087,0.0044,0.003,0.0056,0.0006,0.0167,0.0076,0.1555,0.0158,0.0093,0.0005,0.0218,0.0021,0.0311,0.7449,0.0044,0.0467,sadness,0.0467
104,back number,クリスマスソング,Japan,5P8ZvBQoCrujjNcLAxO3Su,love,0.0124,0.0028,0.0097,0.0129,0.0588,0.039,0.0483,0.3406,0.2011,0.0433,0.0434,0.004,0.0022,0.0148,0.0091,0.0011,0.0031,0.013,0.8226,0.0101,0.0431,0.0006,0.0111,0.0018,0.0132,0.0526,0.0079,0.0241,love,0.0241
106,Fujii Kaze,Tabiji,Japan,7uSLJCDetmdm3tQcoYLyty,love,0.0052,0.0025,0.0048,0.007,0.1002,0.0488,0.0502,0.1652,0.075,0.013,0.0055,0.0022,0.0028,0.0203,0.0187,0.0004,0.0032,0.0162,0.7362,0.0254,0.0611,0.001,0.0447,0.0027,0.0098,0.0305,0.01,0.0904,love,0.0904
107,Kenshi Yonezu,Lemon,Japan,04TshWXkhV1qkqHzf31Hn6,love,0.0069,0.0016,0.0092,0.0114,0.0298,0.0484,0.0232,0.081,0.5294,0.0521,0.0144,0.0064,0.0017,0.0094,0.0152,0.0019,0.0063,0.0105,0.7708,0.0143,0.0735,0.0008,0.0114,0.0022,0.0162,0.1223,0.006,0.0295,love,0.0295
108,natori,プロポーズ,Japan,2BcQfb9SfauDQdeXHTfLsT,love,0.0337,0.0044,0.0509,0.0427,0.0318,0.023,0.344,0.4103,0.0083,0.1083,0.0568,0.0237,0.0175,0.024,0.4387,0.0014,0.0125,0.0148,0.6717,0.1449,0.0166,0.0015,0.0499,0.0033,0.0126,0.1553,0.097,0.013,love,0.013
109,Aimyon,Naked Heart,Japan,4Jv7U0JJpbQnOrjtDwDZTZ,love,0.0047,0.0033,0.0208,0.0178,0.0182,0.0182,0.1581,0.2496,0.2478,0.071,0.0254,0.0092,0.0042,0.0119,0.0273,0.0028,0.005,0.0125,0.866,0.0221,0.0676,0.0006,0.0187,0.0018,0.0317,0.087,0.0171,0.0225,love,0.0225
111,Lilas,パズル,Japan,2vdoeTuRLpYeyo3JZC9yzR,desire,0.0044,0.0024,0.0038,0.0087,0.0338,0.0056,0.0043,0.0057,0.6962,0.0125,0.0055,0.0045,0.0009,0.0113,0.002,0.0018,0.0009,0.007,0.4031,0.0016,0.0363,0.0007,0.0117,0.0008,0.0028,0.0069,0.0024,0.0982,desire,0.0982
112,Jimin,Be Mine,Japan,3LWVXp636uLT356Rj08Jaz,neutral,0.0034,0.0009,0.0019,0.0045,0.1412,0.0293,0.0033,0.0109,0.2192,0.0029,0.003,0.0015,0.0003,0.0073,0.0014,0.0007,0.0006,0.0035,0.2513,0.001,0.0185,0.0004,0.006,0.0007,0.0012,0.0031,0.0006,0.3842,love,0.3842
113,Yorushika,春泥棒,Japan,1rr2DJOxV0sHXeUXCAz1yf,neutral,0.0037,0.0029,0.0019,0.007,0.0149,0.0008,0.0021,0.0014,0.001,0.0038,0.0038,0.0043,0.0014,0.0025,0.0022,0.0013,0.0005,0.0018,0.0013,0.0004,0.0015,0.0005,0.0076,0.0004,0.0005,0.0026,0.0013,0.9568,approval,0.9568
114,Yorushika,ただ君に晴れ,Japan,3wJHCry960drNlAUGrJLmz,neutral,0.0034,0.0021,0.0009,0.0045,0.0683,0.0006,0.0016,0.0011,0.0005,0.0024,0.0032,0.0015,0.0006,0.0032,0.0011,0.0007,0.0002,0.0019,0.0011,0.0003,0.0018,0.0004,0.0154,0.0005,0.0002,0.0011,0.0013,0.9119,approval,0.9119
115,Ed Sheeran,Shape of You,Japan,7qiZfU4dY1lWllzX7mPBI3,love,0.0136,0.0026,0.0033,0.0061,0.0787,0.0055,0.0015,0.0012,0.0088,0.0026,0.0052,0.0014,0.0005,0.0186,0.0006,0.0013,0.0003,0.032,0.8669,0.0005,0.0091,0.0009,0.0064,0.001,0.0006,0.0014,0.0016,0.1055,love,0.1055
116,Fujii Kaze,Garden,Japan,5U4PgFWzfzY7VEg9Ck4ziF,neutral,0.0024,0.0023,0.0041,0.0173,0.0415,0.0014,0.0025,0.0049,0.0037,0.0046,0.0339,0.0021,0.0009,0.013,0.001,0.0002,0.0003,0.003,0.0044,0.0004,0.0017,0.0004,0.0078,0.0005,0.0002,0.0013,0.0027,0.8352,approval,0.8352
117,Hikaru Utada,First Love,Japan,39HrUxcvKF3jtLz7fUDWXc,love,0.0115,0.0041,0.0096,0.0089,0.0195,0.0841,0.0256,0.1094,0.2704,0.0807,0.0112,0.0064,0.0025,0.0122,0.0292,0.0025,0.0165,0.0116,0.8735,0.0252,0.1226,0.0009,0.016,0.003,0.034,0.3907,0.017,0.0181,love,0.0181
118,tuki.,晩餐歌 - Bansanka,Japan,075HUD50Nuea3rNaABIsNZ,love,0.0147,0.0016,0.0128,0.023,0.0558,0.0844,0.0257,0.114,0.3304,0.1129,0.0268,0.0051,0.0018,0.0089,0.0066,0.0015,0.0105,0.0202,0.5342,0.0163,0.0194,0.0012,0.0083,0.0044,0.0169,0.329,0.0023,0.0341,love,0.0341
119,OFFICIAL HIGE DANDISM,Subtitle,Japan,5ZkHkXPHrIM8K5twCe78i9,desire,0.0267,0.0019,0.0125,0.026,0.0726,0.0302,0.0065,0.0102,0.4617,0.1015,0.0228,0.0117,0.004,0.0035,0.0038,0.0013,0.0056,0.0054,0.2704,0.0055,0.028,0.0017,0.0175,0.0021,0.0612,0.1659,0.002,0.0728,desire,0.0728
120,Mrs. GREEN APPLE,Magic,Japan,170XOP1T4MvY9TLTgPw07D,desire,0.0241,0.0025,0.0031,0.0159,0.0693,0.0318,0.0136,0.114,0.4663,0.0496,0.0109,0.0019,0.0016,0.0537,0.0041,0.0011,0.0046,0.1399,0.0237,0.0176,0.0236,0.003,0.0109,0.0123,0.0056,0.066,0.0039,0.0404,desire,0.0404
121,PornoGraffitti,アゲハ蝶,Japan,3blWd9ZEt4VSY5udhugpRs,desire,0.0033,0.0033,0.0019,0.0071,0.0285,0.0213,0.0107,0.01,0.6039,0.0686,0.0062,0.0024,0.003,0.016,0.0128,0.0016,0.0098,0.0512,0.0488,0.0354,0.0806,0.0026,0.1037,0.0133,0.0204,0.1738,0.0177,0.051,desire,0.051
123,OFFICIAL HIGE DANDISM,I Love...,Japan,5wWLNNwMAehpj83FU4Lz0m,love,0.0765,0.0024,0.0066,0.0092,0.0479,0.0106,0.0101,0.0038,0.0076,0.017,0.0108,0.0038,0.0018,0.0086,0.0071,0.0028,0.0019,0.024,0.97,0.0057,0.0101,0.0016,0.0198,0.0017,0.0029,0.0176,0.0084,0.0124,love,0.0124
124,SG,"Us, again",Japan,6II2hXGYMd9cTZWshcPUf8,caring,0.0338,0.002,0.0016,0.0039,0.0419,0.4609,0.0012,0.0048,0.2728,0.0015,0.0027,0.0009,0.0004,0.0384,0.0021,0.2508,0.0015,0.0512,0.0302,0.002,0.2301,0.004,0.0029,0.0087,0.0041,0.0034,0.0011,0.0399,caring,0.0399
125,OFFICIAL HIGE DANDISM,115 million kilometer film,Japan,278JqkBGkjDovOYAwE8TW7,joy,0.0086,0.0095,0.0015,0.0098,0.0649,0.055,0.0016,0.0016,0.058,0.0762,0.008,0.0013,0.0015,0.0238,0.0017,0.0036,0.0051,0.4118,0.0142,0.0049,0.0805,0.0031,0.0175,0.0161,0.0069,0.2025,0.0008,0.1304,joy,0.1304
126,Aimyon,Harunohi,Japan,1oNeSCt0CMekCyyLo06kFs,joy,0.0157,0.0097,0.0016,0.0029,0.0959,0.0683,0.0136,0.0709,0.115,0.0027,0.004,0.0005,0.0005,0.1109,0.0025,0.0025,0.0013,0.4944,0.1532,0.0043,0.2816,0.0022,0.0066,0.0085,0.0022,0.0041,0.0027,0.0531,joy,0.0531
127,Yorushika,茜,Japan,2TSJ1d6cLgHqrrCIRN3bn2,joy,0.0041,0.014,0.0026,0.0093,0.0196,0.0294,0.0022,0.0035,0.0561,0.0132,0.0036,0.0017,0.0017,0.0238,0.0023,0.0027,0.0062,0.6024,0.0363,0.0111,0.0061,0.0023,0.0114,0.0189,0.005,0.158,0.0017,0.0962,joy,0.0962
128,Novelbright,愛とか恋とか,Japan,1VHL1PIkhDwWbFc65xHwOr,love,0.0175,0.0014,0.0061,0.008,0.0565,0.0348,0.0231,0.066,0.0735,0.0139,0.0085,0.0025,0.0013,0.0193,0.0069,0.0026,0.0021,0.017,0.9539,0.0078,0.031,0.0008,0.0144,0.0017,0.0049,0.0189,0.0131,0.0238,love,0.0238
130,Yuuri,ベテルギウス,Japan,4JK1kDUdH9RTBQrrSO1QfR,neutral,0.0027,0.0079,0.0012,0.0063,0.0622,0.1588,0.0061,0.0493,0.0316,0.0127,0.0033,0.0007,0.0008,0.0089,0.0043,0.0002,0.0044,0.0565,0.0134,0.0158,0.0482,0.001,0.0174,0.0087,0.0037,0.0907,0.0017,0.3083,caring,0.3083
131,OFFICIAL HIGE DANDISM,Make Me Wonder,Japan,1sgW7loPL1qtWOPimvm7X5,curiosity,0.0076,0.0083,0.0164,0.0429,0.0309,0.0325,0.217,0.3483,0.0447,0.0536,0.0372,0.0033,0.0048,0.0776,0.0428,0.0011,0.0061,0.3368,0.0308,0.1465,0.0131,0.0026,0.0183,0.0167,0.007,0.081,0.0157,0.0258,curiosity,0.0258
132,HANA,Tiger – HANA with HONEYs Ver.,Japan,3TJSJtYzjxRaDi0ULwwyTt,amusement,0.004,0.373,0.0634,0.0784,0.0328,0.067,0.0033,0.0074,0.0076,0.006,0.0124,0.0065,0.0031,0.0183,0.0659,0.0002,0.0019,0.0987,0.0087,0.0198,0.0189,0.0019,0.0124,0.0038,0.0009,0.0131,0.0024,0.0607,amusement,0.0607
133,Vaundy,踊り子,Japan,1YXot2MLAG9sttepCtBRM7,desire,0.0037,0.002,0.0032,0.0067,0.0405,0.0099,0.0118,0.0341,0.6809,0.0103,0.0045,0.0025,0.0007,0.0067,0.0019,0.0012,0.0011,0.0059,0.2895,0.0018,0.0452,0.0005,0.0126,0.0008,0.0047,0.0083,0.0019,0.14,desire,0.14
134,SUDA MASAKI,さよならエレジー,Japan,3oYD2O31b05fILFpv0AXRI,sadness,0.0072,0.0027,0.0106,0.0249,0.0148,0.0257,0.0071,0.0112,0.0897,0.3166,0.0204,0.0037,0.0019,0.0059,0.0047,0.0008,0.016,0.0338,0.1264,0.0163,0.0246,0.0012,0.0119,0.0046,0.0154,0.7231,0.0029,0.0246,sadness,0.0246
135,Kenshi Yonezu,KICK BACK,Japan,7oYCBKvdjrqp5vDbhDBuac,love,0.0691,0.0168,0.0112,0.0149,0.0299,0.0217,0.0031,0.0097,0.4683,0.0372,0.0113,0.0061,0.0017,0.0257,0.0026,0.0027,0.0041,0.1635,0.8887,0.0045,0.0277,0.0026,0.0077,0.0034,0.0068,0.069,0.0035,0.0077,love,0.0077
136,CANDY TUNE,BAIBAI FIGHT!,Japan,4oiJ7VynczppKs3oRObXSG,caring,0.0437,0.0019,0.0109,0.0203,0.254,0.4571,0.0109,0.0888,0.1049,0.0692,0.026,0.002,0.0014,0.0131,0.0057,0.0014,0.0069,0.0466,0.3526,0.0188,0.098,0.0028,0.0127,0.0092,0.0096,0.1328,0.0016,0.0475,caring,0.0475
137,Kenshi Yonezu,感電,Japan,6H0PLsSYMzDOqhLgyOlzIj,neutral,0.0027,0.0028,0.0022,0.007,0.0109,0.0007,0.0048,0.0028,0.0009,0.0036,0.0051,0.0034,0.0013,0.0022,0.002,0.001,0.0005,0.0015,0.0011,0.0004,0.0015,0.0003,0.0064,0.0003,0.0004,0.0022,0.0016,0.9618,approval,0.9618
138,Macaroni Empitsu,ブルーベリー・ナイツ,Japan,2UdvMWk0Z83lMJPbawy2Sm,love,0.0074,0.0019,0.058,0.0422,0.0263,0.1306,0.0337,0.1163,0.0798,0.0992,0.0469,0.0133,0.0037,0.0052,0.0144,0.0024,0.0145,0.0069,0.8218,0.02,0.0203,0.0007,0.0121,0.0026,0.0344,0.4228,0.0047,0.0181,love,0.0181
139,KiiiKiii,404 (New Era),Japan,24rDDbSlFY9OHrlJb48CRh,neutral,0.0086,0.0076,0.0012,0.0066,0.2796,0.0048,0.0022,0.0044,0.0039,0.0012,0.0021,0.0006,0.0004,0.029,0.0007,0.0003,0.0003,0.0429,0.0031,0.0008,0.0121,0.0014,0.0142,0.0034,0.0002,0.0007,0.0012,0.7164,approval,0.7164
140,HIRAIDAI,"Stand by me, Stand by you.",Japan,7DyS11kB1YNrfDzQqtjmTh,love,0.0541,0.0009,0.0026,0.004,0.1487,0.0499,0.0014,0.0011,0.0279,0.0034,0.0048,0.0014,0.0006,0.0082,0.0019,0.0037,0.0008,0.0158,0.868,0.001,0.0983,0.0029,0.0098,0.002,0.0016,0.0021,0.0016,0.0702,love,0.0702
142,Vaundy,花占い,Japan,4ETc1oFREuqQss7VQ1Y4mj,love,0.0043,0.0638,0.0031,0.0071,0.0565,0.0327,0.0163,0.2097,0.3432,0.0108,0.0055,0.0016,0.001,0.035,0.0035,0.0008,0.0028,0.1801,0.3564,0.0069,0.0712,0.0008,0.0089,0.0041,0.0086,0.0362,0.0027,0.0595,love,0.0595
144,Fujii Kaze,Michi Teyu Ku (Overflowing),Japan,5glPFBAuA1C85tBcVWVzvO,love,0.0191,0.0042,0.0047,0.005,0.092,0.2355,0.0184,0.0728,0.1631,0.0187,0.0112,0.0015,0.0011,0.0191,0.0089,0.0017,0.0038,0.0507,0.8534,0.0123,0.4793,0.0016,0.0137,0.0048,0.017,0.0402,0.0038,0.0254,love,0.0254
145,Mrs. GREEN APPLE,ロマンチシズム,Japan,0JcI7OdALbpSFkyKoufRYs,love,0.0083,0.0016,0.008,0.0124,0.0443,0.0192,0.0295,0.1334,0.4993,0.0618,0.0165,0.0047,0.0023,0.0169,0.0069,0.0015,0.0036,0.0105,0.7411,0.0103,0.0379,0.0007,0.0124,0.002,0.0128,0.0655,0.0069,0.0371,love,0.0371
146,Saucy Dog,Itsuka,Japan,5gjAdhfzftzFR7sriEYUCt,sadness,0.0236,0.0128,0.0047,0.0267,0.0111,0.0043,0.002,0.0021,0.0425,0.2308,0.0102,0.0049,0.0036,0.0064,0.0026,0.0009,0.0157,0.0692,0.0135,0.0082,0.0055,0.002,0.025,0.006,0.0058,0.6411,0.0034,0.027,sadness,0.027
147,GReeeeN,愛唄,Japan,7iXHLtPosbHvglVSJ4rxLq,love,0.03,0.0192,0.0163,0.0165,0.0696,0.0969,0.0478,0.1226,0.0325,0.0285,0.0225,0.0034,0.0039,0.0101,0.0048,0.005,0.0063,0.1055,0.9445,0.0126,0.0302,0.0014,0.0151,0.0053,0.0758,0.1264,0.0036,0.0065,love,0.0065
148,CHANMINA,花火,Japan,4rtJHOlUnGem3BQCVWfrjD,love,0.1719,0.0079,0.0052,0.0089,0.0524,0.0147,0.007,0.03,0.016,0.0091,0.0096,0.0017,0.0007,0.0293,0.0035,0.0006,0.0009,0.032,0.9183,0.0023,0.0335,0.0011,0.0081,0.0008,0.0008,0.0056,0.0096,0.0168,love,0.0168
149,"CHANMINA, No No Girls FINALISTS",SAD SONG - From THE FIRST TAKE,Japan,3ySFBoxNHK3YgU1D9AyMl3,sadness,0.0118,0.0043,0.027,0.0286,0.0148,0.0474,0.035,0.3649,0.0248,0.1138,0.0104,0.0074,0.0039,0.0117,0.0241,0.001,0.0327,0.0076,0.2494,0.0353,0.0069,0.0006,0.0097,0.0026,0.0173,0.805,0.0136,0.0326,sadness,0.0326
151,Fujii Kaze,Hana,Japan,5RIQU2JDuXC4NkLiHNNMon,confusion,0.02,0.0008,0.0029,0.0104,0.0593,0.0284,0.7791,0.1934,0.014,0.0373,0.0197,0.0018,0.0017,0.006,0.0103,0.0016,0.0025,0.0064,0.0552,0.0163,0.0362,0.0009,0.0212,0.0019,0.0121,0.0254,0.0039,0.072,confusion,0.072
152,Tani Yuuki,W / X / Y,Japan,4IfrM44LofE9bSs6TDZS49,sadness,0.0063,0.0024,0.0073,0.0115,0.0359,0.103,0.0183,0.0473,0.1075,0.0907,0.019,0.0042,0.0062,0.0034,0.0059,0.0081,0.0181,0.0071,0.3248,0.0141,0.0324,0.0009,0.0158,0.0042,0.4247,0.6229,0.0027,0.0193,sadness,0.0193
154,GReeeeN,遥か,Japan,4wBFubvNAwVox8q4SYXHqU,desire,0.0383,0.0128,0.002,0.0092,0.0992,0.1318,0.001,0.0017,0.5533,0.0179,0.0078,0.002,0.0015,0.0125,0.0014,0.0056,0.0041,0.2304,0.2351,0.0049,0.077,0.0078,0.0118,0.0138,0.0099,0.0511,0.0006,0.0365,desire,0.0365
155,Saucy Dog,Cinderella Boy,Japan,4ZIr1NSxVihtHcD6EnG65f,love,0.0132,0.0013,0.3224,0.1717,0.0137,0.0129,0.029,0.0142,0.0182,0.1554,0.0518,0.0403,0.0055,0.0026,0.0121,0.001,0.0056,0.0051,0.4387,0.0095,0.0057,0.001,0.0132,0.001,0.0083,0.1938,0.0034,0.0142,love,0.0142
156,back number,アイラブユー,Japan,34ayWAUrQcrjlKZOJAzqke,desire,0.0029,0.0018,0.0046,0.0255,0.0242,0.005,0.0151,0.0237,0.7137,0.039,0.0295,0.0043,0.0011,0.0049,0.0023,0.0008,0.0011,0.0037,0.0116,0.0024,0.0483,0.0006,0.0097,0.0009,0.0031,0.0108,0.0019,0.1417,desire,0.1417
157,back number,日曜日,Japan,1LDxe7AgJ7DRYdV012EmyR,desire,0.0238,0.0058,0.0025,0.0177,0.0877,0.0119,0.001,0.0014,0.7379,0.0126,0.0052,0.0035,0.001,0.0136,0.0009,0.0039,0.0013,0.0665,0.0147,0.0019,0.0548,0.0058,0.016,0.0057,0.0024,0.0066,0.0011,0.077,desire,0.077
159,Aimyon,Let the Night,Japan,6kKvmT4i0Dercz6f3kftg3,desire,0.0018,0.0025,0.0137,0.0932,0.0091,0.0047,0.0108,0.0141,0.5168,0.3229,0.0518,0.0115,0.0046,0.0061,0.0046,0.0007,0.004,0.0065,0.007,0.0108,0.0157,0.0008,0.0151,0.0021,0.0081,0.1405,0.0041,0.0793,desire,0.0793
160,Hikaru Utada,花束を君に,Japan,31yv1hR9gw1WSEmtqsaZbD,gratitude,0.0529,0.0011,0.0015,0.0053,0.0434,0.0122,0.0014,0.0014,0.4117,0.004,0.0043,0.0021,0.0006,0.0109,0.0007,0.573,0.0009,0.02,0.0825,0.0006,0.028,0.0039,0.0057,0.0035,0.0029,0.004,0.0009,0.0507,gratitude,0.0507
162,Koji Tamaki,ファンファーレ,Japan,29nEadzf4CqeLYzcf44zub,desire,0.0068,0.0011,0.0055,0.0115,0.0417,0.1619,0.0019,0.0036,0.4934,0.0282,0.0079,0.0046,0.0011,0.0039,0.0033,0.0031,0.0061,0.0086,0.2817,0.0052,0.0198,0.0017,0.0092,0.0033,0.0106,0.138,0.0009,0.1355,desire,0.1355
163,ARASHI,Love So Sweet,Japan,5I6JLJqnZICLvPebTj2YCm,love,0.0752,0.0021,0.0037,0.0052,0.0927,0.02,0.0057,0.0023,0.0556,0.0109,0.0062,0.0023,0.0013,0.0093,0.0036,0.0052,0.002,0.0348,0.9462,0.0031,0.0779,0.0032,0.0532,0.0028,0.0054,0.0135,0.0073,0.0185,love,0.0185
164,MONGOL800,小さな恋のうた,Japan,23atyJacJVHvB9RHBNhr35,love,0.0064,0.0034,0.0036,0.0071,0.068,0.0533,0.002,0.0026,0.3489,0.0123,0.0044,0.0025,0.0012,0.0179,0.0026,0.0018,0.0029,0.099,0.7824,0.0047,0.0441,0.0024,0.0181,0.0051,0.0048,0.033,0.002,0.0752,love,0.0752
165,Kenshi Yonezu,1991,Japan,3voShTcaRtbYVSPGuCLAzw,love,0.0046,0.0062,0.0071,0.0106,0.0214,0.0073,0.0169,0.0378,0.535,0.0556,0.0126,0.0059,0.0028,0.0234,0.0082,0.0008,0.0039,0.04,0.8146,0.0108,0.0349,0.001,0.0172,0.0023,0.0094,0.0711,0.0124,0.0321,love,0.0321
166,back number,新しい恋人達に,Japan,5LclntckGFFGFUVGJk9Z4x,optimism,0.0026,0.0011,0.0052,0.0223,0.0196,0.0451,0.0716,0.1758,0.2639,0.0874,0.1217,0.0024,0.0014,0.0041,0.0085,0.001,0.0021,0.0036,0.0108,0.0074,0.3802,0.0005,0.0079,0.0015,0.0124,0.0298,0.0048,0.113,optimism,0.113
167,Snow Man,STARS,Japan,7oS96qmtYu3AdEX29HNAKf,approval,0.0139,0.0014,0.0011,0.0055,0.3379,0.0247,0.0012,0.0061,0.3311,0.0038,0.0033,0.0009,0.0003,0.0482,0.0012,0.001,0.0006,0.0136,0.0062,0.0015,0.0643,0.0027,0.0085,0.0041,0.0005,0.0026,0.0013,0.2827,approval,0.2827
168,Number_i,未確認領域,Japan,7ibCDEx4MOX9zG8IS7gGDE,admiration,0.5266,0.0014,0.0013,0.0028,0.0553,0.0038,0.0797,0.4361,0.0023,0.0022,0.0042,0.001,0.0009,0.0508,0.0015,0.381,0.0011,0.0117,0.0131,0.001,0.0057,0.0018,0.0118,0.0029,0.0011,0.0018,0.0558,0.02,admiration,0.02
170,"Jung Kook, Latto",Seven (feat. Latto) (Explicit Ver.),Japan,2HRgqmZQC0MC7GeNuDIXHN,neutral,0.0021,0.0022,0.0047,0.0117,0.0385,0.0067,0.0021,0.0029,0.0188,0.0024,0.0019,0.0015,0.0005,0.0079,0.001,0.0007,0.0004,0.0057,0.0221,0.0004,0.0092,0.0005,0.0057,0.0006,0.0003,0.0016,0.0011,0.8285,approval,0.8285
171,Kenshi Yonezu,春雷,Japan,6megNXGjmim4OitjZnIn9v,neutral,0.0036,0.0028,0.0019,0.0064,0.0125,0.0008,0.0025,0.0016,0.0009,0.0037,0.0041,0.0035,0.0013,0.0028,0.0022,0.0014,0.0005,0.0019,0.0012,0.0004,0.0015,0.0004,0.0069,0.0004,0.0004,0.0024,0.0014,0.959,approval,0.959
173,Vaundy,Tokyo Flash,Japan,04e72JtsOIIlHUQ7CvWwvX,love,0.1396,0.0013,0.0049,0.0096,0.5365,0.0687,0.0417,0.1424,0.0068,0.0071,0.0141,0.0015,0.0008,0.0116,0.0048,0.001,0.0016,0.0219,0.6639,0.0053,0.0203,0.0018,0.0186,0.004,0.0023,0.0091,0.0038,0.0437,love,0.0437
174,Kenshi Yonezu,BOW AND ARROW,Japan,0NHu2Lo9MWkvhOggEy1bYg,neutral,0.0026,0.0011,0.001,0.0086,0.0388,0.0099,0.0165,0.0431,0.0271,0.0253,0.0026,0.0013,0.002,0.021,0.0287,0.0002,0.002,0.0045,0.0013,0.0434,0.0411,0.0008,0.055,0.004,0.0012,0.0221,0.0412,0.3329,realization,0.3329
175,CHANMINA,Angel,Japan,3vXHM9HaxNYrky9r1zxLWa,neutral,0.0014,0.0036,0.0027,0.0066,0.0091,0.0011,0.0225,0.0378,0.0022,0.0022,0.003,0.002,0.0008,0.0036,0.0013,0.0004,0.0004,0.0015,0.0026,0.0004,0.0019,0.0001,0.0038,0.0002,0.0004,0.0014,0.0025,0.936,curiosity,0.936
178,[Alexandros],ワタリドリ,Japan,0ve9Tpz8Yw0I4eXhWsy21o,desire,0.0019,0.0094,0.0074,0.048,0.0176,0.012,0.0012,0.0018,0.3915,0.1514,0.0192,0.0061,0.0022,0.0031,0.0019,0.0004,0.0051,0.0156,0.0098,0.0049,0.0274,0.0012,0.0179,0.0025,0.0058,0.262,0.001,0.1534,desire,0.1534
179,noa,1000 days of moments,Japan,3HGHvxci8vnRg7RZ5E6lzi,amusement,0.0032,0.5019,0.0021,0.0251,0.0506,0.0079,0.051,0.0999,0.0113,0.0186,0.0249,0.0011,0.0027,0.0171,0.0014,0.0005,0.0011,0.3453,0.0031,0.0068,0.0447,0.0009,0.0379,0.01,0.0029,0.0091,0.005,0.0723,amusement,0.0723
180,クレイジーウォウウォ！！,Tontsukatantan,Japan,2bonDeesq7NsHnfeMNDhZv,excitement,0.011,0.0108,0.0075,0.0163,0.0158,0.0091,0.0301,0.072,0.0236,0.0274,0.011,0.0073,0.0039,0.4101,0.3047,0.0039,0.0035,0.0396,0.0295,0.119,0.0213,0.0013,0.02,0.0029,0.0016,0.0359,0.0473,0.0657,excitement,0.0657
182,ORANGE RANGE,イケナイ太陽,Japan,7emibp3qHeqNNYqZ2Y09xb,neutral,0.0064,0.0033,0.0022,0.0115,0.0915,0.0014,0.0131,0.0257,0.0084,0.0083,0.0305,0.0026,0.0012,0.2555,0.0026,0.0003,0.0005,0.0282,0.0098,0.0023,0.0038,0.0013,0.0105,0.0021,0.0003,0.0024,0.0062,0.4641,excitement,0.4641
183,Mrs. GREEN APPLE,breakfast,Japan,2Co1E8jcju2tCgPZIqxkTr,sadness,0.0016,0.0009,0.0122,0.0526,0.0253,0.0905,0.0229,0.0388,0.0826,0.2797,0.0686,0.0039,0.0024,0.0012,0.0095,0.0004,0.0078,0.0025,0.0065,0.0211,0.0754,0.0006,0.0141,0.0026,0.0285,0.4044,0.0011,0.1097,sadness,0.1097
184,"ROSÉ, Bruno Mars",APT.,Japan,4wJ5Qq0jBN4ajy7ouZIV1c,neutral,0.0025,0.0043,0.0021,0.006,0.0356,0.0075,0.0076,0.0859,0.0286,0.0012,0.001,0.0007,0.0003,0.0378,0.0011,0.0004,0.0003,0.0099,0.0109,0.0008,0.0103,0.0003,0.0028,0.0007,0.0004,0.001,0.0021,0.7481,curiosity,0.7481
186,ONE OK ROCK,Wherever you are,Japan,1TZjEATJpF5LaVL7oJHDMn,caring,0.0191,0.0009,0.003,0.0051,0.1549,0.4674,0.0015,0.0042,0.1388,0.0025,0.0047,0.0013,0.0003,0.0072,0.002,0.0051,0.0013,0.012,0.4136,0.0017,0.0512,0.0015,0.0043,0.0033,0.0025,0.0047,0.0005,0.1274,caring,0.1274
187,Yorushika,だから僕は音楽を辞めた,Japan,5j7ixaLeGTGSv4DzKs0pCM,neutral,0.002,0.002,0.0029,0.0109,0.0151,0.0011,0.0023,0.0012,0.0008,0.0041,0.0153,0.0028,0.0008,0.0012,0.0013,0.0009,0.0004,0.0011,0.0009,0.0003,0.0017,0.0003,0.0064,0.0003,0.0003,0.0019,0.0008,0.9621,disapproval,0.9621
188,BE:FIRST,街灯,Japan,5M1nuhRqpXnrkAIltucV7I,optimism,0.0085,0.0189,0.0037,0.0068,0.0646,0.0169,0.0106,0.0558,0.192,0.0063,0.0072,0.0012,0.0007,0.1787,0.0036,0.0007,0.0008,0.199,0.2277,0.0038,0.3503,0.0016,0.0066,0.0027,0.0016,0.0037,0.0043,0.0502,optimism,0.0502
189,back number,僕は君の事が好きだけど君は僕を別に好きじゃないみたい,Japan,1WutVejYvP7220sofj3xId,love,0.005,0.0009,0.0145,0.0279,0.0662,0.0578,0.0999,0.1662,0.1247,0.1165,0.0847,0.0057,0.0026,0.0054,0.0092,0.0008,0.0048,0.0053,0.652,0.0154,0.028,0.0006,0.0167,0.0023,0.0225,0.1397,0.0046,0.0524,love,0.0524
191,SPITZ,美しい鰭,Japan,1H3qOzheTPhE7aVvJOWfvA,gratitude,0.034,0.0008,0.0011,0.0035,0.0331,0.0105,0.0845,0.2284,0.0131,0.0108,0.0026,0.0012,0.0018,0.0407,0.008,0.7088,0.0052,0.0155,0.0058,0.0136,0.0093,0.0025,0.0196,0.0139,0.0081,0.034,0.0396,0.023,gratitude,0.023
192,Da-iCE,I wonder,Japan,0voOaunLYYqPHrsgXbFVlW,love,0.1441,0.0013,0.0033,0.0046,0.0348,0.0054,0.0034,0.0126,0.3534,0.0086,0.0034,0.0031,0.0008,0.0619,0.0034,0.001,0.0014,0.0163,0.6586,0.0019,0.0399,0.0019,0.0091,0.001,0.001,0.0065,0.0203,0.0238,love,0.0238
193,Yuuri,世界が終わりました,Japan,5XyD56RYaj2XGxfyc34jQD,sadness,0.0036,0.0008,0.0072,0.0263,0.0986,0.0623,0.0019,0.0033,0.2147,0.1149,0.0299,0.0048,0.0021,0.0027,0.0022,0.0011,0.0079,0.0067,0.079,0.0068,0.0135,0.0016,0.0281,0.005,0.0134,0.3703,0.0014,0.1203,sadness,0.1203
194,King Gnu,逆夢,Japan,6ZiEWet0uFRwWBCEKCQ8rY,love,0.0029,0.0011,0.0051,0.0137,0.0421,0.0166,0.002,0.0017,0.2579,0.0334,0.0073,0.0033,0.0009,0.0053,0.0026,0.0004,0.0021,0.011,0.3951,0.0027,0.0442,0.0011,0.017,0.0016,0.0028,0.0464,0.0012,0.2979,love,0.2979
195,AI,Story,Japan,0V2axJ946WH1vt9t5SGMLV,joy,0.0093,0.0796,0.0022,0.0106,0.0389,0.1474,0.0023,0.004,0.1624,0.0133,0.007,0.0012,0.0015,0.0146,0.003,0.0016,0.0048,0.5709,0.0313,0.0155,0.061,0.0041,0.0152,0.0242,0.0066,0.0878,0.0011,0.0368,joy,0.0368
196,HY,366日,Japan,22aZD7yaGYfhgCYazL4nbc,sadness,0.0212,0.0161,0.0101,0.0175,0.034,0.0447,0.0565,0.1308,0.026,0.113,0.0152,0.0114,0.0094,0.013,0.2506,0.001,0.0355,0.0224,0.357,0.205,0.0154,0.0015,0.0517,0.0065,0.0225,0.7197,0.0252,0.0096,sadness,0.0096
197,Shota Shimizu,PUZZLE,Japan,5NTtQCnREVVfZuBjVMF4dm,neutral,0.0063,0.0058,0.0017,0.0053,0.0178,0.0136,0.0317,0.1892,0.076,0.0485,0.0046,0.0026,0.0018,0.0211,0.0178,0.001,0.0053,0.0177,0.0145,0.022,0.1964,0.0009,0.0235,0.0037,0.0075,0.0852,0.0491,0.4944,optimism,0.4944
198,King Gnu,一途,Japan,7ncPjJBktLEOpstY5JOUMK,love,0.0047,0.0012,0.0207,0.0276,0.1091,0.0617,0.0256,0.0089,0.0447,0.0119,0.0211,0.0033,0.0014,0.0064,0.0051,0.0008,0.0015,0.0128,0.8593,0.0061,0.0596,0.0011,0.0204,0.0017,0.003,0.0082,0.0021,0.0778,love,0.0778
199,King Gnu,カメレオン,Japan,0J0P8iSE6l3pYHbUdNFYdS,sadness,0.0033,0.014,0.0033,0.0243,0.0194,0.0077,0.134,0.1707,0.0399,0.1723,0.0248,0.0021,0.0045,0.012,0.0049,0.0005,0.009,0.0759,0.0133,0.0295,0.0063,0.0006,0.0232,0.0061,0.0151,0.3729,0.0081,0.0658,sadness,0.0658
200,Yuuri,ビリミリオン,Japan,7M0dIdZWN1FDcveRdoOzbZ,love,0.0075,0.0009,0.0051,0.0117,0.0787,0.0702,0.0197,0.1071,0.2637,0.0965,0.0296,0.0023,0.0012,0.0073,0.0066,0.0006,0.0039,0.0058,0.3117,0.0116,0.0911,0.0007,0.0111,0.0025,0.0129,0.1139,0.0026,0.0686,love,0.0686
1,Jin,Don’t Say You Love Me,Singapore,27xkOIER6uDLKALIelHylZ,sadness,0.0009,0.0014,0.1181,0.1537,0.0058,0.013,0.0039,0.0039,0.0146,0.1752,0.0433,0.0291,0.0049,0.0011,0.0104,0.0003,0.0067,0.0016,0.0104,0.0086,0.0027,0.0005,0.0104,0.0009,0.0052,0.5002,0.0018,0.0899,sadness,0.0899
2,Bruno Mars,Risk It All,Singapore,5y2ijHECwFYWqcAHKTZgzD,approval,0.034,0.002,0.0027,0.0132,0.5711,0.0283,0.0009,0.0034,0.1002,0.0024,0.0067,0.0014,0.0003,0.0335,0.0012,0.0007,0.0004,0.0078,0.0134,0.0006,0.0832,0.003,0.0084,0.0023,0.0004,0.0008,0.001,0.2708,approval,0.2708
3,Jimin,Who,Singapore,7tI8dRuH2Yc6RuoTjxo4dU,neutral,0.0008,0.0007,0.0024,0.0133,0.0109,0.004,0.1875,0.1973,0.0389,0.0635,0.021,0.0019,0.0016,0.0025,0.0035,0.0003,0.0014,0.0012,0.0192,0.0035,0.0104,0.0001,0.0129,0.0005,0.0048,0.0317,0.0078,0.3722,curiosity,0.3722
4,"PinkPantheress, Zara Larsson",Stateside + Zara Larsson,Singapore,1DwscornXpj8fmOmYVlqZt,amusement,0.084,0.8475,0.0019,0.0056,0.0503,0.0048,0.0558,0.1303,0.0051,0.002,0.0039,0.0013,0.0012,0.0324,0.0014,0.0012,0.0006,0.1652,0.0114,0.0023,0.0265,0.0009,0.0131,0.0029,0.001,0.002,0.0054,0.0486,amusement,0.0486
5,BLACKPINK,GO,Singapore,3FZPp9lBUvhsxFxKJi3VkB,neutral,0.0021,0.0003,0.0088,0.0527,0.0399,0.0192,0.0017,0.0032,0.0717,0.0561,0.062,0.0022,0.0006,0.0047,0.0023,0.0003,0.0008,0.0016,0.0064,0.0018,0.0127,0.0006,0.0073,0.001,0.0008,0.0159,0.0011,0.61,desire,0.61
6,Olivia Dean,So Easy (To Fall In Love),Singapore,6sGIMrtIzQjdzNndVxe397,love,0.0153,0.0024,0.002,0.0043,0.2143,0.0066,0.002,0.0013,0.0084,0.0035,0.0053,0.0012,0.0005,0.0082,0.0007,0.0008,0.0004,0.0303,0.8439,0.0006,0.0117,0.0009,0.0116,0.0015,0.001,0.0027,0.0012,0.0914,love,0.0914
7,Taylor Swift,The Fate of Ophelia,Singapore,53iuhJlwXhSER5J2IYYv1W,neutral,0.0034,0.0007,0.0168,0.0394,0.0365,0.0693,0.0005,0.0003,0.0129,0.0145,0.0056,0.0041,0.001,0.0012,0.0038,0.0008,0.0025,0.005,0.0089,0.0019,0.0094,0.0018,0.0106,0.0029,0.0018,0.0342,0.0004,0.7544,caring,0.7544
8,"Jung Kook, Latto",Seven (feat. Latto) (Explicit Ver.),Singapore,2HRgqmZQC0MC7GeNuDIXHN,neutral,0.0021,0.0022,0.0047,0.0117,0.0385,0.0067,0.0021,0.0029,0.0188,0.0024,0.0019,0.0015,0.0005,0.0079,0.001,0.0007,0.0004,0.0057,0.0221,0.0004,0.0092,0.0005,0.0057,0.0006,0.0003,0.0016,0.0011,0.8285,approval,0.8285
9,BLACKPINK,Champion,Singapore,43BJVWcBzHRIDaQCg7abnX,approval,0.048,0.001,0.0038,0.0204,0.4944,0.027,0.0007,0.0005,0.0046,0.0038,0.0408,0.0008,0.0004,0.0065,0.001,0.0016,0.0005,0.005,0.0015,0.0004,0.0697,0.0067,0.0156,0.0044,0.0003,0.0013,0.0009,0.3635,approval,0.3635
10,sombr,back to friends,Singapore,7qjZnBKE73H4Oxkopwulqe,fear,0.003,0.003,0.0072,0.0186,0.0116,0.0169,0.0858,0.1002,0.0091,0.0252,0.0066,0.0081,0.0068,0.0062,0.7221,0.0004,0.0062,0.0034,0.0077,0.1899,0.0075,0.0006,0.0245,0.0022,0.0031,0.0687,0.0136,0.1888,fear,0.1888
11,Jin,Running Wild,Singapore,50zAEIE4B1QqhPjRMK2Xmh,love,0.0061,0.0022,0.0021,0.0032,0.0493,0.0196,0.008,0.0284,0.0826,0.0027,0.0018,0.0006,0.0004,0.0836,0.0022,0.0006,0.0009,0.1107,0.566,0.0028,0.0306,0.0009,0.0077,0.0021,0.001,0.0037,0.0032,0.1539,love,0.1539
13,Bruno Mars,I Just Might,Singapore,6f68Ac5tt5BQOpwr0BV9oN,curiosity,0.0027,0.0008,0.0327,0.0842,0.0209,0.0162,0.0771,0.3633,0.0395,0.1444,0.0679,0.0105,0.0028,0.0058,0.0229,0.0001,0.0031,0.002,0.0168,0.0132,0.0173,0.0003,0.0086,0.0008,0.0027,0.1006,0.0061,0.1354,curiosity,0.1354
14,Djo,End of Beginning,Singapore,3qhlB30KknSejmIvZZLjOD,neutral,0.0009,0.0138,0.0013,0.0107,0.0815,0.0551,0.0772,0.0563,0.0031,0.0194,0.0108,0.0008,0.0017,0.0016,0.0056,0.0003,0.003,0.0143,0.0026,0.0176,0.0347,0.0004,0.0455,0.0056,0.0054,0.0572,0.0018,0.4524,approval,0.4524
16,LBI利比,Jumping Machine (跳楼机),Singapore,1XZE0InCx3SdCnLpVsPpZl,sadness,0.0039,0.0028,0.0087,0.0354,0.0223,0.0273,0.1359,0.1787,0.0088,0.2364,0.0133,0.0038,0.0066,0.0045,0.0825,0.0004,0.0176,0.0055,0.0179,0.203,0.0094,0.0006,0.0446,0.0036,0.0203,0.6188,0.0097,0.0532,sadness,0.0532
18,Taylor Swift,Opalite,Singapore,3yWuTOYDztXjZxdE2cIRUa,amusement,0.0048,0.3286,0.0044,0.0168,0.0221,0.0018,0.0045,0.0046,0.0031,0.0205,0.005,0.0038,0.005,0.0706,0.0046,0.0005,0.0018,0.029,0.119,0.0038,0.0061,0.0014,0.0556,0.0023,0.0024,0.0389,0.0612,0.3008,amusement,0.3008
19,Daniel Caesar,Who Knows,Singapore,6DH13QYXK7lKkYHSU88N48,love,0.1315,0.0021,0.0056,0.0112,0.1013,0.0183,0.2136,0.3548,0.0226,0.054,0.0262,0.0033,0.0016,0.0094,0.0081,0.001,0.0023,0.0121,0.7135,0.0073,0.0513,0.0008,0.016,0.0014,0.0071,0.0236,0.0074,0.0211,love,0.0211
20,张远,看着我的眼睛说,Singapore,7d6eShN6yVeR4Y2Md9uCA4,neutral,0.0038,0.0009,0.0014,0.0056,0.0652,0.0015,0.004,0.0035,0.0014,0.0025,0.0034,0.0018,0.0004,0.0012,0.001,0.0004,0.0003,0.0005,0.0026,0.0003,0.0045,0.0002,0.0135,0.0003,0.0003,0.0015,0.0007,0.9238,approval,0.9238
21,SIENNA SPIRO,Die On This Hill,Singapore,2gYTC8DsplN3RNdpdBcCOQ,neutral,0.0082,0.0002,0.007,0.0193,0.2108,0.0431,0.0085,0.0334,0.1857,0.0112,0.1129,0.0016,0.0007,0.0043,0.0016,0.0008,0.0008,0.0021,0.0203,0.0011,0.0648,0.0015,0.0104,0.0015,0.0021,0.0043,0.0012,0.3223,approval,0.3223
22,Bad Bunny,DtMF,Singapore,3sK8wGT43QFpWrvNQsrQya,love,0.03,0.018,0.0059,0.0091,0.0462,0.0093,0.0114,0.0135,0.2373,0.0091,0.0079,0.0028,0.0011,0.0224,0.0012,0.3092,0.0011,0.1047,0.796,0.0016,0.0381,0.002,0.0073,0.0024,0.0043,0.0057,0.0017,0.0268,love,0.0268
23,"Dave, Tems",Raindance (feat. Tems),Singapore,3oTuTpF1F3A7rEC6RKsMRz,love,0.0135,0.02,0.0066,0.0098,0.0364,0.0184,0.0034,0.0066,0.1427,0.017,0.0074,0.0039,0.0018,0.0052,0.0018,0.0008,0.0022,0.0306,0.8803,0.0021,0.0169,0.0008,0.0096,0.0013,0.0117,0.0404,0.0015,0.0903,love,0.0903
24,Hearts2Hearts,RUDE!,Singapore,0WA27lZzPKFJKAbiDRmQDc,approval,0.0141,0.0054,0.0319,0.1031,0.3913,0.1024,0.0034,0.0053,0.0168,0.0085,0.0485,0.0019,0.0009,0.0236,0.0011,0.001,0.0006,0.0463,0.025,0.0016,0.0165,0.0024,0.0124,0.0052,0.0005,0.0021,0.0007,0.3022,approval,0.3022
26,"Lady Gaga, Bruno Mars",Die With A Smile,Singapore,7so0lgd0zP2Sbgs2d7a1SZ,love,0.0041,0.0059,0.0193,0.0341,0.021,0.0059,0.0205,0.004,0.1248,0.1998,0.0154,0.0139,0.0153,0.0068,0.0175,0.0012,0.0103,0.0154,0.6223,0.0227,0.0246,0.0021,0.2448,0.0041,0.0294,0.2458,0.0393,0.0281,love,0.0281
28,BLACKPINK,Fxxxboy,Singapore,7m0duH1vdTNxM2g8BLfR0F,annoyance,0.0011,0.0024,0.2365,0.5546,0.0255,0.0048,0.005,0.0113,0.0079,0.0907,0.0322,0.0179,0.0037,0.0017,0.0012,0.0001,0.0008,0.0022,0.006,0.0014,0.0066,0.0005,0.0084,0.0004,0.0008,0.0118,0.0015,0.2295,annoyance,0.2295
29,BLACKPINK,Me and my,Singapore,5MXcM263QvCTWriH3nVusc,amusement,0.1347,0.4501,0.0016,0.0098,0.0831,0.0012,0.001,0.0012,0.0011,0.0017,0.0031,0.0013,0.0006,0.0061,0.0003,0.0007,0.0002,0.05,0.0084,0.0002,0.0042,0.0014,0.008,0.0011,0.0002,0.0005,0.0008,0.3066,amusement,0.3066
30,Madison Beer,bittersweet,Singapore,6vDVu9IM9s8L8XMQ1c1Yti,sadness,0.0021,0.0017,0.0133,0.0591,0.0118,0.0098,0.0163,0.0288,0.0495,0.3907,0.016,0.0051,0.004,0.0054,0.0178,0.0003,0.0179,0.0124,0.0084,0.0559,0.0101,0.0008,0.0286,0.0044,0.0072,0.6992,0.0104,0.0836,sadness,0.0836
32,Billie Eilish,BIRDS OF A FEATHER,Singapore,6dOtVTDdiauQNBQEDOtlAB,love,0.0045,0.0015,0.0384,0.0388,0.0292,0.0483,0.0213,0.016,0.1745,0.0483,0.0307,0.0142,0.0022,0.0044,0.012,0.0012,0.0035,0.0052,0.8861,0.0088,0.0396,0.0007,0.0146,0.0011,0.0081,0.0506,0.0038,0.0372,love,0.0372
33,Ravyn Lenae,Love Me Not,Singapore,4WFgvKVfEhb3IUAFGrutTR,desire,0.002,0.0017,0.0105,0.029,0.0118,0.0332,0.0079,0.0184,0.5708,0.1352,0.0169,0.0113,0.0028,0.0043,0.0082,0.0012,0.0075,0.0035,0.1,0.0166,0.0179,0.0007,0.0107,0.002,0.03,0.3403,0.0027,0.0598,desire,0.0598
34,"Tame Impala, JENNIE",Dracula - JENNIE Remix,Singapore,5yvVYFDUpbnjcnRBgjwTzM,amusement,0.0222,0.3959,0.0028,0.0047,0.0343,0.0065,0.018,0.0785,0.0447,0.0038,0.005,0.0026,0.0013,0.0327,0.0045,0.0007,0.0008,0.109,0.0791,0.0023,0.2194,0.0012,0.0105,0.0021,0.0021,0.0038,0.0111,0.3683,amusement,0.3683
36,"ROSÉ, Bruno Mars",APT.,Singapore,4wJ5Qq0jBN4ajy7ouZIV1c,neutral,0.0025,0.0043,0.0021,0.006,0.0356,0.0075,0.0076,0.0859,0.0286,0.0012,0.001,0.0007,0.0003,0.0378,0.0011,0.0004,0.0003,0.0099,0.0109,0.0008,0.0103,0.0003,0.0028,0.0007,0.0004,0.001,0.0021,0.7481,curiosity,0.7481
37,The Script,The Man Who Can't Be Moved,Singapore,3nqqDo8CcCLke3ZoTgiOKf,neutral,0.0012,0.0017,0.0061,0.0164,0.0107,0.011,0.0535,0.0711,0.022,0.0707,0.0107,0.0019,0.0019,0.0054,0.0071,0.0003,0.0027,0.0022,0.0376,0.0059,0.037,0.0003,0.0151,0.0009,0.0074,0.0846,0.0117,0.5643,sadness,0.5643
38,Alex Warren,Ordinary,Singapore,2RkZ5LkEzeHGRsmDqKwmaJ,neutral,0.0123,0.0008,0.003,0.0067,0.0374,0.0103,0.0033,0.0236,0.1939,0.0057,0.0016,0.0017,0.0005,0.044,0.0023,0.0002,0.0008,0.0087,0.2003,0.0015,0.0165,0.0009,0.0045,0.001,0.0007,0.0042,0.0053,0.4195,love,0.4195
39,IVE,BANG BANG,Singapore,7pBE8YpFoZ9ankC2Ci5z9X,neutral,0.002,0.0036,0.0176,0.0671,0.1497,0.0031,0.0326,0.1852,0.0059,0.0034,0.0067,0.0044,0.0018,0.0415,0.0076,0.0001,0.0004,0.0071,0.0015,0.0033,0.009,0.0006,0.017,0.0011,0.0002,0.0011,0.0096,0.3815,curiosity,0.3815
40,KATSEYE,Gabriela,Singapore,1xOqGUkyxGQRdCvGpvWKmL,neutral,0.0014,0.0035,0.0019,0.0089,0.0154,0.0026,0.0112,0.0505,0.0053,0.0033,0.0032,0.002,0.0012,0.0138,0.0092,0.0001,0.0005,0.0026,0.0024,0.0026,0.0059,0.0003,0.0084,0.0005,0.0004,0.0021,0.0213,0.7987,curiosity,0.7987
41,HWASA,Good Goodbye,Singapore,3cLXrotzCjYCkN73PewALM,sadness,0.0038,0.0147,0.0111,0.0182,0.0256,0.0604,0.0045,0.0155,0.014,0.0551,0.0066,0.0033,0.0067,0.0019,0.0029,0.001,0.0233,0.0133,0.0238,0.0082,0.006,0.0008,0.0116,0.0029,0.2907,0.7606,0.0007,0.0546,sadness,0.0546
42,She & Him,I Thought I Saw Your Face Today,Singapore,0myRViRgmQ3J8izICXEAVO,love,0.0181,0.0015,0.0152,0.0274,0.0756,0.008,0.0066,0.0009,0.0078,0.0278,0.0414,0.0067,0.0037,0.0059,0.0055,0.001,0.0015,0.0122,0.8858,0.0035,0.0081,0.0019,0.056,0.0021,0.0029,0.0127,0.0085,0.042,love,0.042
43,Dominic Fike,Babydoll,Singapore,7yNf9YjeO5JXUE3JEBgnYc,sadness,0.0013,0.0016,0.0064,0.0396,0.0098,0.0155,0.0012,0.0019,0.0112,0.1768,0.0143,0.0056,0.0028,0.0017,0.0038,0.0005,0.0116,0.0037,0.0042,0.0086,0.0031,0.0005,0.0144,0.0021,0.007,0.7091,0.0019,0.2321,sadness,0.2321
45,The 1975,About You,Singapore,3hEfpBHxgieRLz4t3kLNEg,sadness,0.0025,0.0029,0.0057,0.0132,0.0084,0.0336,0.0496,0.1293,0.0666,0.2293,0.0083,0.0032,0.0034,0.0034,0.017,0.0007,0.0221,0.0041,0.0452,0.0386,0.0398,0.0004,0.0194,0.0023,0.0672,0.7567,0.0085,0.0675,sadness,0.0675
47,Bruno Mars,Cha Cha Cha,Singapore,6QletrrmpkUpeJkipX9pgf,love,0.0159,0.1341,0.0051,0.0221,0.0527,0.0038,0.0242,0.0062,0.0042,0.0481,0.0171,0.0033,0.006,0.0234,0.0101,0.0002,0.0018,0.1649,0.3947,0.0208,0.0072,0.0018,0.036,0.0054,0.003,0.0246,0.0054,0.0565,love,0.0565
48,张远,嘉賓,Singapore,5jAmIkIpskwu2hRz2YaEHi,gratitude,0.0242,0.001,0.0083,0.0174,0.0288,0.0654,0.0581,0.2276,0.0742,0.099,0.0247,0.003,0.0033,0.0099,0.0043,0.5125,0.0079,0.0102,0.1331,0.0087,0.2937,0.0027,0.011,0.0067,0.0499,0.1314,0.0155,0.0153,gratitude,0.0153
50,Billie Eilish,WILDFLOWER,Singapore,3QaPy1KgI7nu9FJEQUgn6h,love,0.0051,0.0021,0.0053,0.0108,0.0376,0.0247,0.0414,0.1212,0.022,0.0925,0.0087,0.0021,0.0033,0.0077,0.0089,0.0003,0.0117,0.0113,0.5033,0.0188,0.0116,0.0007,0.0333,0.0031,0.0133,0.4118,0.0155,0.1436,love,0.1436
51,Tyla,CHANEL,Singapore,4VxTzYm00mg82MuoT35Ja7,neutral,0.0005,0.002,0.0362,0.1136,0.0149,0.0042,0.0179,0.0342,0.0036,0.0137,0.0265,0.0031,0.0013,0.0017,0.0011,0.0001,0.0005,0.0022,0.0076,0.0008,0.0034,0.0002,0.0066,0.0003,0.0006,0.0048,0.0022,0.7334,annoyance,0.7334
52,Gracie Abrams,That’s So True,Singapore,7ne4VBA60CxGM75vw0EYad,sadness,0.0285,0.0093,0.0731,0.094,0.1254,0.0142,0.0115,0.0093,0.0038,0.2452,0.0373,0.0167,0.0148,0.0029,0.0113,0.0005,0.0103,0.0142,0.3476,0.0193,0.0053,0.0017,0.0376,0.0037,0.0321,0.4979,0.0028,0.0076,sadness,0.0076
53,ILLIT,NOT CUTE ANYMORE,Singapore,1k0JAiH11gHL9dc5dfQjQr,disappointment,0.007,0.002,0.0128,0.1095,0.0236,0.0023,0.0335,0.0144,0.0025,0.4827,0.385,0.0101,0.0166,0.0087,0.0072,0.0003,0.0023,0.0084,0.0246,0.0148,0.002,0.0009,0.0215,0.0026,0.0034,0.072,0.0088,0.0626,disappointment,0.0626
54,The Goo Goo Dolls,Iris,Singapore,6Qyc6fS4DsZjB2mRW9DsQs,desire,0.0027,0.0012,0.0056,0.0277,0.0194,0.0224,0.0022,0.0056,0.679,0.0345,0.0134,0.0075,0.001,0.0027,0.0024,0.0009,0.0021,0.0021,0.0191,0.003,0.015,0.0006,0.0087,0.001,0.0029,0.046,0.0009,0.267,desire,0.267
55,Jay Chou,擱淺,Singapore,0cOMncRq4cmDLO4tPQnkBF,neutral,0.0015,0.0008,0.0018,0.033,0.0249,0.0027,0.0041,0.0017,0.002,0.0887,0.0313,0.0025,0.0021,0.0004,0.0013,0.0003,0.0008,0.0006,0.0007,0.0015,0.0062,0.0003,0.023,0.0008,0.0014,0.0213,0.0006,0.8466,disappointment,0.8466
57,"ZXKAI, slxughter",NO BATIDÃO,Singapore,7vg9noSnFEyPfwLiaCW4vi,admiration,0.7685,0.0008,0.003,0.0085,0.1069,0.0239,0.0008,0.0006,0.004,0.0118,0.0094,0.0012,0.0006,0.0118,0.0014,0.0019,0.0011,0.0245,0.1999,0.0009,0.0125,0.013,0.0103,0.0036,0.0007,0.005,0.0015,0.0718,admiration,0.0718
58,Coldplay,Yellow,Singapore,3AJwUDP919kvQ9QcozQPxg,love,0.2902,0.0025,0.0038,0.0071,0.0606,0.0031,0.0011,0.001,0.0041,0.0044,0.0026,0.0025,0.0007,0.02,0.0014,0.0007,0.0006,0.0291,0.8142,0.0005,0.0044,0.0026,0.0102,0.001,0.0004,0.0027,0.0045,0.0506,love,0.0506
59,Bruno Mars,Dance With Me,Singapore,1myZ6GQewhAzMH2dKtKSWK,love,0.0143,0.0035,0.0043,0.0043,0.0325,0.0207,0.0096,0.0507,0.2658,0.0042,0.0046,0.0016,0.0007,0.0786,0.0036,0.0027,0.0008,0.0394,0.8581,0.002,0.1782,0.0008,0.006,0.0011,0.0022,0.0029,0.0076,0.0349,love,0.0349
60,Bruno Mars,That's What I Like,Singapore,0KKkJNfGyhkQ5aFogxQAPU,love,0.1773,0.002,0.0017,0.0035,0.2539,0.0088,0.0033,0.0144,0.0055,0.0017,0.003,0.0008,0.0003,0.0168,0.0006,0.0021,0.0003,0.0503,0.727,0.0004,0.0097,0.0016,0.0054,0.0014,0.0006,0.0012,0.0014,0.0504,love,0.0504
61,Sabrina Carpenter,Manchild,Singapore,2BwO5K8Q7EPAJSGze3AAh9,love,0.0052,0.0027,0.1076,0.1433,0.0338,0.0097,0.2841,0.251,0.0147,0.1331,0.1413,0.0107,0.0059,0.004,0.0062,0.0005,0.0021,0.0065,0.3581,0.006,0.0272,0.0005,0.0194,0.001,0.0113,0.0273,0.0089,0.0405,love,0.0405
62,Kehlani,Folded,Singapore,0bxPRWprUVpQK0UFcddkrA,love,0.0101,0.0012,0.0081,0.0141,0.1026,0.0878,0.0044,0.0497,0.2866,0.004,0.0064,0.0016,0.0004,0.0249,0.0014,0.001,0.0007,0.0155,0.4714,0.0012,0.0362,0.0007,0.0036,0.0013,0.0011,0.0026,0.0013,0.1422,love,0.1422
63,ROSÉ,toxic till the end,Singapore,1z5ebC9238uGoBgzYyvGpQ,neutral,0.0027,0.0008,0.0261,0.2106,0.027,0.003,0.0032,0.0058,0.0041,0.243,0.0184,0.0128,0.0048,0.0011,0.0019,0.0001,0.002,0.0012,0.0025,0.0023,0.0022,0.0005,0.0161,0.0007,0.0015,0.0889,0.0011,0.5048,disappointment,0.5048
64,Twenty One Pilots,Drag Path,Singapore,0TlcczkVTGpinpkGJpT81L,neutral,0.0007,0.0023,0.0012,0.0072,0.0146,0.005,0.0388,0.0906,0.005,0.0111,0.0026,0.0011,0.0011,0.0019,0.0029,0.0002,0.0015,0.0026,0.0015,0.0027,0.0071,0.0002,0.0132,0.0009,0.0014,0.0234,0.0037,0.8034,curiosity,0.8034
65,Addison Rae,Fame is a Gun,Singapore,7B3BwNecBhKvNwSMOOl7Gk,love,0.0153,0.001,0.0074,0.0112,0.2095,0.0148,0.0047,0.0171,0.1402,0.0076,0.0154,0.0016,0.0006,0.0391,0.0009,0.0006,0.0007,0.0592,0.5796,0.0011,0.0132,0.0017,0.0064,0.0025,0.001,0.0033,0.0016,0.0902,love,0.0902
66,Don Toliver,E85,Singapore,3B4cjvGlPvyBLNG3AzEgkZ,love,0.0074,0.0382,0.0048,0.0093,0.035,0.0177,0.0014,0.0011,0.0296,0.0087,0.0049,0.0027,0.0011,0.0082,0.0018,0.001,0.0013,0.0955,0.8998,0.0019,0.0422,0.0011,0.0093,0.0019,0.0026,0.0147,0.0015,0.0643,love,0.0643
67,One Direction,Night Changes,Singapore,5O2P9iiztwhomNh8xkR9lJ,neutral,0.0016,0.0048,0.0023,0.0138,0.0198,0.0057,0.0577,0.12,0.0035,0.0291,0.0075,0.0024,0.0042,0.0097,0.0787,0.0001,0.0027,0.0052,0.0013,0.0498,0.0093,0.0004,0.0555,0.0027,0.0012,0.0317,0.0365,0.5434,curiosity,0.5434
68,"V, Park Hyo Shin",Winter Ahead (with PARK HYO SHIN),Singapore,7G7mSV4BebkoHWwKTDvXu9,neutral,0.0022,0.0017,0.001,0.0026,0.0214,0.0013,0.0058,0.0039,0.0054,0.0036,0.0029,0.0013,0.0005,0.0043,0.0013,0.0009,0.0006,0.0029,0.0077,0.0005,0.0066,0.0003,0.012,0.0004,0.0006,0.0029,0.0017,0.9533,approval,0.9533
69,"The Weeknd, JENNIE, Lily-Rose Depp","One Of The Girls (with JENNIE, Lily Rose Depp)",Singapore,7CyPwkp0oE8Ro9Dd5CUDjW,neutral,0.001,0.002,0.0033,0.0103,0.0094,0.002,0.0193,0.0419,0.005,0.0062,0.003,0.0027,0.0009,0.0023,0.0024,0.0001,0.0006,0.0012,0.0048,0.001,0.0055,0.0001,0.006,0.0002,0.0006,0.0055,0.0027,0.9103,curiosity,0.9103
70,Justin Bieber,DAISIES,Singapore,5BZsQlgw21vDOAjoqkNgKb,love,0.009,0.0006,0.0043,0.0073,0.2237,0.1473,0.0052,0.0192,0.0261,0.0025,0.0038,0.001,0.0003,0.0077,0.0015,0.0005,0.0007,0.007,0.4299,0.0014,0.0303,0.0006,0.0054,0.0015,0.0013,0.0027,0.0007,0.3363,love,0.3363
71,Bruno Mars,Why You Wanna Fight?,Singapore,3Ac4AjYkqsvop2ydbSAhTX,love,0.0044,0.0015,0.0297,0.0359,0.0469,0.1428,0.0265,0.2041,0.0355,0.0648,0.0483,0.0037,0.0033,0.0065,0.0064,0.0004,0.0053,0.0095,0.5479,0.0111,0.0158,0.0005,0.0074,0.0021,0.0295,0.16,0.0025,0.0653,love,0.0653
74,Ariana Grande,we can't be friends (wait for your love),Singapore,51ZQ1vr10ffzbwIjDCwqm4,love,0.0053,0.0012,0.0336,0.0279,0.0355,0.0182,0.0177,0.0229,0.0808,0.0191,0.0557,0.0091,0.002,0.0173,0.007,0.0048,0.0014,0.0095,0.9212,0.0044,0.0246,0.0006,0.0082,0.0011,0.0038,0.0103,0.0064,0.0216,love,0.0216
78,Bruno Mars,Just the Way You Are,Singapore,7BqBn9nzAq8spo5e7cZ0dJ,admiration,0.775,0.0041,0.0063,0.0141,0.0309,0.0074,0.0031,0.0033,0.0044,0.114,0.019,0.0042,0.0015,0.0033,0.0024,0.0019,0.0101,0.0079,0.0364,0.0024,0.0052,0.0025,0.0126,0.0024,0.0021,0.3193,0.0034,0.0134,admiration,0.0134
79,"Firdhaus, DIOR 大穎",在加納共和國離婚,Singapore,6GyUt7yJ0sOktc5HjvVnFh,neutral,0.0041,0.001,0.002,0.0068,0.09,0.0026,0.1011,0.2849,0.0017,0.0018,0.0037,0.0009,0.0004,0.0019,0.0012,0.0003,0.0003,0.0007,0.003,0.0005,0.0072,0.0001,0.0135,0.0003,0.0004,0.0013,0.003,0.6447,curiosity,0.6447
80,陈村长,爱怎么了,Singapore,0c9gjnRGBRke9VmLaZWmhM,sadness,0.0078,0.0042,0.0076,0.0127,0.0197,0.0244,0.0852,0.1452,0.0105,0.1433,0.0152,0.0033,0.0135,0.0037,0.0049,0.0031,0.0221,0.007,0.0521,0.0187,0.0073,0.0006,0.0236,0.0029,0.5691,0.7177,0.0051,0.0145,sadness,0.0145
81,The Marías,No One Noticed,Singapore,3siwsiaEoU4Kuuc9WKMUy5,disappointment,0.001,0.0018,0.0055,0.0421,0.0256,0.007,0.0083,0.0102,0.1366,0.3057,0.0597,0.0039,0.0041,0.0138,0.0086,0.0002,0.0037,0.0067,0.0134,0.0234,0.0121,0.0007,0.0343,0.0032,0.005,0.2176,0.0055,0.1563,disappointment,0.1563
82,Jay Chou,晴天,Singapore,5pIcwtJYNJx93l420oR2Vm,desire,0.0023,0.0021,0.0072,0.0203,0.0102,0.0091,0.0144,0.0253,0.5937,0.1751,0.0133,0.0078,0.0027,0.0065,0.0063,0.0007,0.005,0.0061,0.3059,0.0111,0.0369,0.0006,0.0171,0.0016,0.012,0.1668,0.0081,0.0805,desire,0.0805
83,Malcolm Todd,Sweet Boy,Singapore,59c2xv2kMzYM6HR9oY6BIa,annoyance,0.0008,0.0008,0.0388,0.3346,0.0792,0.06,0.0061,0.0139,0.0141,0.1188,0.1096,0.0038,0.0017,0.0011,0.0026,0.0002,0.0011,0.0014,0.0013,0.0046,0.0241,0.0004,0.0151,0.0016,0.0015,0.0237,0.0007,0.3281,annoyance,0.3281
84,"Jung Kook, Jack Harlow",3D (feat. Jack Harlow),Singapore,01qFKNWq73UfEslI0GvumE,love,0.0335,0.0021,0.0037,0.006,0.0653,0.0056,0.0056,0.016,0.0764,0.0052,0.0049,0.002,0.0006,0.0184,0.0011,0.0008,0.0005,0.0231,0.9106,0.0009,0.0114,0.0007,0.0067,0.0007,0.0009,0.003,0.0031,0.0507,love,0.0507
88,ROSÉ,number one girl,Singapore,1lcBt7LoEikqYmhUoa2cez,love,0.0325,0.0011,0.0046,0.008,0.0395,0.0215,0.0307,0.3735,0.3438,0.0098,0.0067,0.0024,0.0006,0.021,0.004,0.0015,0.0012,0.0056,0.3924,0.0031,0.0206,0.0004,0.0034,0.0008,0.0029,0.0096,0.0031,0.0491,love,0.0491
89,yung kai,blue,Singapore,6W614n8yLUeS3zsZSeBwyq,love,0.0225,0.0018,0.006,0.0052,0.0693,0.2623,0.0087,0.0388,0.1387,0.003,0.0054,0.0019,0.0005,0.0097,0.0043,0.0138,0.0014,0.0139,0.8709,0.0028,0.1821,0.0008,0.0047,0.0015,0.0045,0.0042,0.0016,0.0225,love,0.0225
90,"Charlie Puth, Selena Gomez",We Don't Talk Anymore (feat. Selena Gomez),Singapore,54PbBpquVfhfrwRwvjSXbI,disappointment,0.0029,0.0016,0.0285,0.0502,0.009,0.0103,0.2432,0.234,0.0488,0.3082,0.0585,0.0191,0.0185,0.0108,0.1707,0.0006,0.01,0.0058,0.2547,0.1028,0.014,0.0007,0.0342,0.0024,0.0183,0.2394,0.0663,0.0426,disappointment,0.0426
91,"Sean Kingston, Justin Bieber",Eenie Meenie,Singapore,4vVTI94F9uJ8lHNDWKv0i2,neutral,0.0009,0.0008,0.0262,0.0936,0.0171,0.0103,0.0032,0.0048,0.0979,0.0337,0.1148,0.009,0.0012,0.0014,0.0017,0.0003,0.0007,0.0009,0.0142,0.001,0.0056,0.0003,0.0068,0.0004,0.0015,0.0095,0.0008,0.5116,disapproval,0.5116
92,Taylor Swift,Style,Singapore,0ug5NqcwcFR2xrfTkc7k8e,neutral,0.0069,0.0078,0.0014,0.0084,0.0953,0.0011,0.001,0.0009,0.0022,0.003,0.0018,0.0016,0.0009,0.0199,0.0014,0.0002,0.0004,0.0159,0.0066,0.0007,0.0039,0.0016,0.0346,0.0015,0.0003,0.0012,0.0032,0.8419,approval,0.8419
93,Laufey,From The Start,Singapore,43iIQbw5hx986dUEZbr3eN,love,0.0065,0.0014,0.0531,0.0503,0.0125,0.0243,0.0255,0.0703,0.339,0.0811,0.0253,0.024,0.0037,0.0084,0.0288,0.0009,0.0055,0.005,0.6832,0.0185,0.0145,0.0007,0.0088,0.0012,0.0109,0.1062,0.007,0.0379,love,0.0379
96,"Disco Lines, Tinashe",No Broke Boys,Singapore,3cZajhyr8LmtPfHZ9296tj,annoyance,0.0129,0.0012,0.3454,0.5338,0.0134,0.0016,0.005,0.007,0.0055,0.1807,0.0937,0.0334,0.0036,0.0023,0.0012,0.0004,0.001,0.0016,0.0032,0.001,0.0029,0.0008,0.0068,0.0005,0.0006,0.012,0.0037,0.0775,annoyance,0.0775
98,"The Chainsmokers, Coldplay",Something Just Like This,Singapore,6RUKPb4LETWmmr3iAEQktW,neutral,0.0009,0.0009,0.002,0.0187,0.0245,0.0019,0.0264,0.0509,0.0472,0.0142,0.0431,0.0011,0.0005,0.0026,0.0008,0.0002,0.0003,0.0016,0.0018,0.0007,0.0073,0.0002,0.0069,0.0004,0.0004,0.0027,0.0013,0.7118,curiosity,0.7118
99,Ed Sheeran,Photograph,Singapore,6fxVffaTuwjgEk5h9QyRjy,love,0.0137,0.0012,0.0042,0.0057,0.1172,0.282,0.0018,0.0018,0.0483,0.0053,0.0054,0.0017,0.0006,0.004,0.0024,0.0027,0.0022,0.014,0.8214,0.0024,0.0494,0.0015,0.0115,0.0031,0.0051,0.0147,0.0008,0.0995,love,0.0995
100,"Maroon 5, Wiz Khalifa",Payphone,Singapore,1XGmzt0PVuFgQYYnV2It7A,sadness,0.002,0.0022,0.039,0.1276,0.007,0.0059,0.0083,0.0145,0.0064,0.3151,0.0162,0.0115,0.0055,0.0014,0.0042,0.0007,0.0133,0.0023,0.0047,0.0073,0.0035,0.0004,0.012,0.001,0.006,0.6296,0.0034,0.0923,sadness,0.0923
101,Bruno Mars,It Will Rain,Singapore,4rMNgxEwGWoPHIUcvB5BrB,neutral,0.0007,0.0019,0.004,0.0299,0.0115,0.0042,0.0019,0.0009,0.0044,0.186,0.0152,0.005,0.0046,0.0008,0.0278,0.0002,0.0054,0.0018,0.0011,0.0144,0.0086,0.0005,0.0501,0.0022,0.0034,0.2829,0.0027,0.5397,sadness,0.5397
102,Justin Bieber,Ghost,Singapore,6I3mqTwhRpn34SLVafSH7G,love,0.0141,0.0021,0.0063,0.0116,0.0373,0.0448,0.0019,0.0046,0.5676,0.0388,0.0077,0.0069,0.0015,0.0084,0.003,0.0023,0.0053,0.0201,0.714,0.0045,0.0197,0.0017,0.0093,0.0026,0.0091,0.1215,0.002,0.0431,love,0.0431
103,"Ariana Grande, The Weeknd",Love Me Harder,Singapore,5J4ZkQpzMUFojo1CtAZYpn,love,0.0154,0.0025,0.0131,0.0099,0.0432,0.0313,0.0103,0.0455,0.0178,0.0037,0.0051,0.0028,0.0007,0.0119,0.0031,0.0032,0.0008,0.0145,0.9368,0.002,0.0188,0.0005,0.0053,0.0007,0.0017,0.0047,0.0025,0.0435,love,0.0435
104,Bruno Mars,On My Soul,Singapore,4i4BVY2JiH4mDSLIBdNGKD,love,0.0048,0.0026,0.0044,0.0065,0.0393,0.0135,0.0049,0.0196,0.276,0.0054,0.0045,0.0032,0.0007,0.022,0.0021,0.0013,0.0009,0.0129,0.8611,0.0016,0.0227,0.0004,0.0062,0.0008,0.0019,0.0057,0.0031,0.0885,love,0.0885
105,"Kendrick Lamar, SZA","All The Stars (with SZA) - From ""Black Panther: The Album""",Singapore,3GCdLUSnKSMJhs4Tj6CV3s,curiosity,0.0016,0.0012,0.2564,0.1574,0.0107,0.0126,0.1636,0.3381,0.0069,0.0327,0.0678,0.0099,0.0028,0.0033,0.0116,0.001,0.0014,0.002,0.0456,0.0055,0.0088,0.0002,0.0057,0.0005,0.0022,0.015,0.0059,0.1453,curiosity,0.1453
106,Coldplay,Sparks,Singapore,7D0RhFcb3CrfPuTJ0obrod,caring,0.0039,0.0005,0.0095,0.0142,0.1896,0.3671,0.0112,0.0411,0.0192,0.0289,0.0127,0.0015,0.0012,0.0032,0.0224,0.0004,0.0062,0.0019,0.0358,0.0226,0.063,0.0011,0.0268,0.0042,0.0097,0.1369,0.0026,0.1573,caring,0.1573
108,sombr,12 to 12,Singapore,05od2qm2MTSKCHxy1GBp5W,curiosity,0.0014,0.0014,0.0086,0.0213,0.0274,0.0113,0.2792,0.5343,0.0165,0.0398,0.0205,0.0042,0.0038,0.003,0.0098,0.0003,0.0018,0.0024,0.1874,0.0068,0.015,0.0002,0.0218,0.0006,0.01,0.0312,0.0086,0.1283,curiosity,0.1283
109,Daniel Caesar,Always,Singapore,2LlOeW5rVcvl3QcPNPcDus,optimism,0.0009,0.023,0.0042,0.0237,0.0684,0.082,0.022,0.0049,0.0892,0.0931,0.0394,0.0018,0.0028,0.0015,0.0037,0.0009,0.004,0.0201,0.0542,0.0126,0.4353,0.001,0.0741,0.005,0.0254,0.1038,0.0009,0.1199,optimism,0.1199
110,The Police,Every Breath You Take,Singapore,1JSTJqkT5qHq8MDJnJbRE1,sadness,0.0021,0.0021,0.0062,0.0198,0.0073,0.0103,0.0039,0.0132,0.1134,0.1074,0.0051,0.0101,0.0028,0.0028,0.0061,0.0008,0.0205,0.0033,0.0154,0.0097,0.0039,0.0005,0.0116,0.0015,0.0096,0.7477,0.004,0.1975,sadness,0.1975
111,The Neighbourhood,Sweater Weather,Singapore,0cQVqPuHQP4KEwc7ZUQmj6,neutral,0.0019,0.0014,0.0259,0.0688,0.0374,0.0046,0.0021,0.0012,0.0245,0.0252,0.0551,0.0146,0.0018,0.0055,0.0024,0.0002,0.0008,0.0054,0.2701,0.0013,0.0032,0.0007,0.0103,0.0008,0.0008,0.0119,0.0014,0.389,love,0.389
112,Keane,Somewhere Only We Know,Singapore,0ll8uFnc0nANY35E0Lfxvg,curiosity,0.002,0.0012,0.0064,0.0226,0.0178,0.0182,0.1197,0.4285,0.1355,0.1229,0.0151,0.0053,0.0043,0.0053,0.0194,0.0003,0.0042,0.0028,0.094,0.026,0.023,0.0003,0.0171,0.0012,0.0164,0.1239,0.0109,0.0994,curiosity,0.0994
113,Benson Boone,Beautiful Things,Singapore,3xkHsmpQCBMytMJNiDf3Ii,love,0.0289,0.0005,0.0064,0.0095,0.085,0.1617,0.0243,0.0406,0.2822,0.0377,0.0236,0.0027,0.0011,0.0167,0.0331,0.0016,0.0041,0.0152,0.4533,0.0279,0.3244,0.0025,0.0135,0.0047,0.0123,0.0401,0.0048,0.0224,love,0.0224
114,Joji,SLOW DANCING IN THE DARK,Singapore,6rY5FAWxCdAGllYEOZMbjW,annoyance,0.1057,0.0016,0.172,0.351,0.0255,0.0038,0.0245,0.0741,0.0057,0.099,0.1619,0.0163,0.0024,0.0051,0.0027,0.0003,0.001,0.002,0.0031,0.0018,0.0054,0.0009,0.0053,0.0005,0.0004,0.0074,0.0035,0.0928,annoyance,0.0928
115,Bad Bunny,Tití Me Preguntó,Singapore,1IHWl5LamUGEuP4ozKQSXZ,disapproval,0.0008,0.0063,0.1186,0.1334,0.0202,0.0225,0.0232,0.0075,0.0113,0.1007,0.3065,0.0103,0.0097,0.0041,0.0056,0.0009,0.0024,0.0091,0.0907,0.0064,0.0047,0.0006,0.0164,0.0016,0.0174,0.0898,0.0026,0.1307,disapproval,0.1307
116,Jung Kook,Standing Next to You,Singapore,2KslE17cAJNHTsI2MI0jb2,neutral,0.0499,0.0009,0.0018,0.004,0.3113,0.1151,0.0005,0.0008,0.0134,0.0014,0.0022,0.0007,0.0003,0.0151,0.0009,0.0023,0.0006,0.0215,0.1579,0.0005,0.0378,0.0047,0.0055,0.0043,0.0006,0.0011,0.0006,0.4081,approval,0.4081
117,Cup of Joe,Multo,Singapore,5tlb0AxuzsMWL2GtEppXGX,sadness,0.0012,0.0018,0.0052,0.0312,0.0113,0.0358,0.1928,0.1738,0.0061,0.1241,0.0125,0.0027,0.0053,0.003,0.0443,0.0003,0.0091,0.0038,0.0042,0.126,0.0072,0.0004,0.0221,0.0028,0.013,0.3426,0.0069,0.168,sadness,0.168
118,LNGSHOT,Moonwalkin',Singapore,46V2ciN6F5bxjQWityNhkY,neutral,0.0049,0.0017,0.0016,0.006,0.0946,0.0156,0.0013,0.0047,0.2448,0.0028,0.0017,0.0015,0.0004,0.0511,0.0012,0.001,0.0005,0.0121,0.094,0.0012,0.0144,0.001,0.0063,0.0015,0.0008,0.0024,0.0014,0.4026,desire,0.4026
119,The Marías,Sienna,Singapore,0InIeZW4P6VO7dUGRM4AKH,joy,0.1451,0.0063,0.0015,0.0045,0.0946,0.0152,0.0009,0.0011,0.0363,0.0032,0.0023,0.0009,0.0006,0.054,0.0008,0.0025,0.0011,0.6326,0.3763,0.0015,0.0182,0.0074,0.0076,0.0093,0.0009,0.0044,0.0012,0.0602,joy,0.0602
120,Bruno Mars,Locked out of Heaven,Singapore,5g7sDjBhZ4I3gcFIpkrLuI,neutral,0.006,0.0028,0.0017,0.0082,0.1179,0.0021,0.0076,0.045,0.0213,0.0078,0.0035,0.0013,0.0008,0.205,0.002,0.0002,0.0007,0.0329,0.025,0.0028,0.0057,0.001,0.012,0.0023,0.0004,0.004,0.011,0.3855,excitement,0.3855
122,KiiiKiii,404 (New Era),Singapore,24rDDbSlFY9OHrlJb48CRh,neutral,0.0086,0.0076,0.0012,0.0066,0.2796,0.0048,0.0022,0.0044,0.0039,0.0012,0.0021,0.0006,0.0004,0.029,0.0007,0.0003,0.0003,0.0429,0.0031,0.0008,0.0121,0.0014,0.0142,0.0034,0.0002,0.0007,0.0012,0.7164,approval,0.7164
123,"B.o.B, Bruno Mars",Nothin' on You (feat. Bruno Mars),Singapore,59dLtGBS26x7kc0rHbaPrq,neutral,0.0332,0.224,0.0076,0.0792,0.136,0.011,0.0025,0.0019,0.0313,0.0905,0.0246,0.0042,0.004,0.0042,0.0006,0.0007,0.0008,0.0385,0.0155,0.0014,0.0147,0.0017,0.0223,0.0025,0.0012,0.0117,0.001,0.3638,amusement,0.3638
125,Bad Bunny,NUEVAYoL,Singapore,5TFD2bmFKGhoCRbX61nXY5,approval,0.2444,0.0019,0.0013,0.0042,0.4054,0.0155,0.0238,0.1218,0.0034,0.0016,0.0049,0.0007,0.0003,0.0515,0.0031,0.0007,0.0004,0.0195,0.0081,0.002,0.0215,0.0023,0.0096,0.0035,0.0002,0.0011,0.0041,0.183,approval,0.183
126,Ed Sheeran,Perfect,Singapore,0tgVpDi06FyKpA1z0VMD4v,love,0.4057,0.0012,0.0046,0.005,0.0814,0.0439,0.003,0.0023,0.1054,0.0099,0.0226,0.0024,0.0008,0.0117,0.0029,0.0128,0.0015,0.032,0.8712,0.0012,0.2933,0.0057,0.0089,0.0023,0.0042,0.0055,0.0031,0.0117,love,0.0117
127,OneRepublic,Counting Stars,Singapore,2tpWsVSb9UEmDRxAl1zhX1,neutral,0.0013,0.0006,0.0215,0.0713,0.052,0.0147,0.0014,0.0006,0.0088,0.1835,0.0512,0.0054,0.0024,0.0015,0.0067,0.0003,0.0042,0.0041,0.0301,0.0078,0.0082,0.0012,0.0388,0.003,0.0031,0.2678,0.0016,0.3303,sadness,0.3303
128,Cigarettes After Sex,Apocalypse,Singapore,1oAwsWBovWRIp7qLMGPIet,neutral,0.0011,0.0012,0.0073,0.0147,0.0107,0.0097,0.0032,0.008,0.0304,0.0043,0.0015,0.0035,0.0005,0.0022,0.0026,0.0003,0.001,0.0015,0.0118,0.001,0.0037,0.0002,0.0042,0.0003,0.0009,0.0103,0.0009,0.8593,desire,0.8593
129,Bruno Mars,Talking to the Moon,Singapore,161DnLWsx1i3u1JT05lzqU,neutral,0.001,0.0067,0.0137,0.1116,0.015,0.0016,0.0877,0.1486,0.0045,0.0155,0.0052,0.0028,0.0043,0.0127,0.0038,0.0001,0.0007,0.0093,0.0007,0.0049,0.0078,0.0005,0.0189,0.0011,0.0005,0.0025,0.0233,0.4302,curiosity,0.4302
130,"JISOO, ZAYN",EYES CLOSED (with ZAYN),Singapore,4WFfPxJv1KRekG6mxn837K,neutral,0.0014,0.0006,0.0169,0.125,0.1763,0.0197,0.0026,0.0007,0.0043,0.0724,0.1778,0.0052,0.0022,0.001,0.0024,0.0002,0.0008,0.0015,0.0117,0.0023,0.0129,0.0008,0.0444,0.002,0.0012,0.017,0.0007,0.4001,disapproval,0.4001
132,Malcolm Todd,Earrings,Singapore,0eAuGrXyGFYwur9ARUe7LJ,optimism,0.0015,0.0022,0.0028,0.006,0.0281,0.0377,0.0019,0.0012,0.1048,0.0144,0.0121,0.0018,0.0007,0.0016,0.0037,0.0015,0.0013,0.0036,0.0628,0.0013,0.4901,0.0008,0.0114,0.0012,0.0074,0.0127,0.0009,0.4194,optimism,0.4194
133,"Justin Bieber, Nicki Minaj",Beauty And A Beat,Singapore,6QFCMUUq1T2Vf5sFUXcuQ7,desire,0.0408,0.0025,0.0019,0.0056,0.0919,0.0193,0.0009,0.004,0.4403,0.0025,0.0019,0.0011,0.0003,0.0701,0.0006,0.0026,0.0005,0.0405,0.1442,0.0007,0.0377,0.0023,0.0037,0.0017,0.0007,0.0014,0.0009,0.1372,desire,0.1372
134,Arctic Monkeys,I Wanna Be Yours,Singapore,5XeFesFbtLpXzIVDNQP22n,desire,0.0068,0.0031,0.0039,0.0135,0.025,0.0086,0.002,0.0082,0.7524,0.0067,0.0029,0.004,0.0006,0.0092,0.0013,0.0013,0.0006,0.0044,0.0276,0.001,0.0237,0.0007,0.0045,0.0007,0.0013,0.0041,0.0008,0.1975,desire,0.1975
135,Harry Styles,As It Was,Singapore,4Dvkj6JhhA12EX05fT7y2e,neutral,0.0005,0.0009,0.0054,0.0821,0.0164,0.0022,0.0443,0.0274,0.0013,0.0339,0.188,0.0022,0.0021,0.0008,0.0012,0.0001,0.0005,0.0009,0.0003,0.0013,0.0032,0.0001,0.0191,0.0005,0.0004,0.0044,0.0037,0.6966,disapproval,0.6966
136,Bruno Mars,When I Was Your Man,Singapore,0B7wvvmu9EISAwZnOpjhNI,sadness,0.0033,0.0015,0.0087,0.0264,0.0157,0.0211,0.0017,0.0017,0.1916,0.2599,0.0114,0.0088,0.0039,0.0018,0.0045,0.0009,0.012,0.0041,0.0553,0.0086,0.0444,0.0012,0.0225,0.0023,0.0504,0.6171,0.0018,0.0551,sadness,0.0551
137,"Saja Boys, Andrew Choi, Neckwav, Danny Chung, KEVIN WOO, samUIL Lee, KPop Demon Hunters Cast",Soda Pop,Singapore,02sy7FAs8dkDNYsHp4Ul3f,desire,0.0161,0.0018,0.003,0.0125,0.1194,0.0119,0.001,0.0033,0.387,0.006,0.0033,0.0027,0.0005,0.0415,0.0008,0.0009,0.0006,0.0215,0.1167,0.001,0.0086,0.002,0.0064,0.0019,0.0007,0.0036,0.0011,0.2192,desire,0.2192
139,"Jay Chou, Lara Liang",珊瑚海,Singapore,3Qj9Fy8BPbWmICTiNkuqB7,neutral,0.0018,0.0028,0.0026,0.0091,0.0195,0.001,0.0023,0.0016,0.0012,0.0038,0.0043,0.0028,0.0008,0.0018,0.0014,0.0003,0.0004,0.0015,0.0015,0.0004,0.0017,0.0003,0.0086,0.0003,0.0003,0.0026,0.0008,0.9563,approval,0.9563
140,"The Weeknd, Daft Punk",Starboy,Singapore,7MXVkk9YMctZqd1Srtv4MB,love,0.0028,0.0088,0.1201,0.2356,0.0221,0.0104,0.0013,0.0012,0.0313,0.0466,0.0242,0.0197,0.0039,0.0046,0.0017,0.0003,0.0011,0.0115,0.3171,0.0015,0.0066,0.0012,0.0089,0.0009,0.0017,0.0193,0.0016,0.1669,love,0.1669
142,Olivia Dean,A Couple Minutes,Singapore,312z6PZ8wwREck8613PkJk,curiosity,0.0059,0.0009,0.0033,0.0156,0.143,0.2,0.026,0.3355,0.059,0.0465,0.0542,0.001,0.0013,0.013,0.0042,0.0009,0.003,0.0246,0.0389,0.0119,0.0428,0.0008,0.0102,0.0087,0.0096,0.0492,0.0034,0.0996,curiosity,0.0996
144,Joker Xue,演员,Singapore,5Sib99jpYybZAicUMETb3h,love,0.0291,0.0013,0.0117,0.0209,0.0804,0.14,0.0508,0.2204,0.0223,0.0307,0.043,0.0029,0.0015,0.005,0.0056,0.002,0.0028,0.0283,0.6186,0.0081,0.0208,0.0013,0.0107,0.0021,0.0104,0.0458,0.0019,0.063,love,0.063
145,Charlie Puth,Attention,Singapore,5cF0dROlMOK5uNZtivgu50,neutral,0.0012,0.0027,0.005,0.0282,0.0154,0.0058,0.0418,0.2131,0.0029,0.0526,0.007,0.0022,0.0146,0.0016,0.0018,0.0003,0.0018,0.0015,0.0023,0.0026,0.004,0.0002,0.0116,0.0007,0.0569,0.0719,0.0026,0.5376,curiosity,0.5376
146,Chappell Roan,"Good Luck, Babe!",Singapore,0WbMK4wrZ1wFSty9F7FCgu,caring,0.0058,0.0009,0.0866,0.124,0.107,0.4667,0.0095,0.0489,0.0693,0.0605,0.0606,0.0079,0.0014,0.0025,0.0047,0.0016,0.0058,0.0044,0.1535,0.0088,0.0529,0.001,0.0061,0.0029,0.0115,0.1182,0.0008,0.0503,caring,0.0503
147,"郭家瑋, DIOR 大穎",過了幾天(合唱版),Singapore,4GEWZ1vDFVkmhG55zpKFLO,neutral,0.002,0.003,0.003,0.0082,0.0181,0.0011,0.0023,0.0016,0.0013,0.0035,0.0039,0.0028,0.0008,0.0018,0.0014,0.0003,0.0004,0.0017,0.0019,0.0004,0.0017,0.0003,0.0073,0.0003,0.0003,0.0027,0.0008,0.9603,approval,0.9603
148,Khalil Fong,特別的人,Singapore,0VTzUEuHYD8s7CgQ15cDPo,neutral,0.0037,0.0008,0.002,0.0091,0.07,0.0014,0.0067,0.0069,0.0015,0.0031,0.0039,0.0018,0.0005,0.0012,0.001,0.0002,0.0002,0.0005,0.002,0.0003,0.0058,0.0002,0.0183,0.0003,0.0003,0.0015,0.0011,0.9004,approval,0.9004
151,Radiohead,Let Down,Singapore,2fuYa3Lx06QQJAm0MjztKr,disappointment,0.0021,0.0015,0.0046,0.0599,0.0082,0.0024,0.006,0.0048,0.0093,0.792,0.0412,0.004,0.0072,0.0018,0.0019,0.0006,0.0034,0.0025,0.0051,0.0044,0.0178,0.0004,0.0188,0.0016,0.0103,0.1902,0.0043,0.2061,disappointment,0.2061
152,"The Weeknd, Playboi Carti",Timeless (feat Playboi Carti),Singapore,0FIDCNYYjNvPVimz5icugS,neutral,0.0017,0.0038,0.0548,0.1253,0.0183,0.0032,0.0009,0.001,0.0115,0.0548,0.0085,0.0246,0.0043,0.0044,0.0068,0.0002,0.0035,0.0054,0.0104,0.0029,0.0029,0.0011,0.013,0.0013,0.0011,0.1113,0.0025,0.563,annoyance,0.563
153,KATSEYE,Touch,Singapore,6aJn7Cst74cj4lNIiPRgav,amusement,0.0019,0.5569,0.0091,0.1061,0.0085,0.0034,0.0054,0.0055,0.0052,0.1309,0.0164,0.0083,0.0147,0.0024,0.0013,0.0002,0.0025,0.0225,0.0166,0.006,0.0048,0.0005,0.0314,0.0016,0.0109,0.1437,0.0022,0.0654,amusement,0.0654
154,Rihanna,Kiss It Better,Singapore,0UHB9METy4VCXNgkcGqHqS,annoyance,0.0013,0.001,0.1581,0.3224,0.0174,0.0214,0.0177,0.0806,0.0059,0.0799,0.0294,0.0073,0.0026,0.0007,0.002,0.0001,0.0019,0.0008,0.0018,0.0025,0.0059,0.0003,0.0064,0.0004,0.0016,0.0431,0.0012,0.2883,annoyance,0.2883
155,Alex Warren,FEVER DREAM,Singapore,7ogpGbKc4Io6NCU6ydxXwZ,sadness,0.0009,0.0034,0.0059,0.0337,0.0082,0.0062,0.0558,0.1024,0.024,0.2844,0.0069,0.0059,0.0077,0.0041,0.0321,0.0002,0.0116,0.0038,0.0082,0.0648,0.0113,0.0004,0.0424,0.0021,0.0107,0.519,0.0225,0.1661,sadness,0.1661
156,Jay Chou,告白氣球,Singapore,2tqF9MPNdYdJU70U0ULO23,neutral,0.0032,0.0009,0.0055,0.019,0.0516,0.0027,0.0019,0.001,0.0022,0.0079,0.0049,0.007,0.003,0.0042,0.0507,0.0002,0.0009,0.0012,0.0016,0.0039,0.0045,0.001,0.0201,0.0009,0.0005,0.0062,0.0027,0.8494,approval,0.8494
157,Zara Larsson,Midnight Sun,Singapore,1qRV1dKLOfH1s00b9J2LUQ,love,0.1104,0.0028,0.0019,0.0055,0.1516,0.0127,0.0014,0.0012,0.0105,0.0065,0.0053,0.0012,0.0007,0.0374,0.001,0.0016,0.0013,0.4435,0.5552,0.0019,0.007,0.006,0.0109,0.0102,0.0008,0.0077,0.0015,0.06,love,0.06
158,小阿七,从前说,Singapore,3t5edAHbyFEW67wFApp7EO,neutral,0.0021,0.0007,0.0035,0.0289,0.033,0.0567,0.068,0.1516,0.0838,0.1163,0.0445,0.0015,0.0017,0.002,0.0055,0.0004,0.0029,0.0026,0.0049,0.0095,0.1315,0.0005,0.0178,0.0022,0.0117,0.0615,0.0048,0.3146,curiosity,0.3146
159,Bruno Mars,Nothing Left,Singapore,0Sq6JK9kyC4MQa3KrJj5CB,sadness,0.0032,0.0021,0.0084,0.0231,0.0136,0.0112,0.0046,0.0054,0.1566,0.3257,0.014,0.0063,0.0036,0.0046,0.0046,0.0007,0.0124,0.0079,0.2304,0.0122,0.0128,0.0009,0.022,0.0025,0.0172,0.6143,0.006,0.0571,sadness,0.0571
160,Eric Chou,怎麼了,Singapore,5cU1O9P0EDA0rPkPDykhIm,neutral,0.0042,0.0007,0.0019,0.0059,0.1032,0.002,0.0042,0.004,0.0013,0.0025,0.0038,0.0018,0.0004,0.001,0.0009,0.0004,0.0002,0.0005,0.0041,0.0002,0.0045,0.0002,0.0144,0.0003,0.0003,0.0015,0.0006,0.8961,approval,0.8961
161,sombr,undressed,Singapore,0TFTAtCYhp2tQ9KcJIZb55,neutral,0.0005,0.0016,0.0102,0.1193,0.0127,0.0016,0.0025,0.0009,0.0047,0.0307,0.0876,0.011,0.0024,0.0008,0.0025,0.0002,0.0005,0.0009,0.0005,0.0012,0.0023,0.0003,0.016,0.0005,0.0005,0.0081,0.001,0.7589,annoyance,0.7589
162,Katy Perry,The One That Got Away,Singapore,6hkOqJ5mE093AQf2lbZnsG,neutral,0.0013,0.0043,0.005,0.0427,0.0095,0.0013,0.001,0.0009,0.0071,0.2959,0.0166,0.0036,0.0077,0.0032,0.0029,0.0006,0.0066,0.009,0.0033,0.004,0.005,0.0009,0.0693,0.0034,0.0052,0.286,0.0084,0.3941,disappointment,0.3941
163,"The Kid LAROI, Justin Bieber",STAY (with Justin Bieber),Singapore,567e29TDzLwZwfDuEpGTwo,neutral,0.0018,0.0038,0.0026,0.0115,0.0181,0.0012,0.004,0.0031,0.0028,0.0141,0.0055,0.0037,0.0019,0.003,0.0022,0.0003,0.0011,0.0042,0.0042,0.0012,0.0032,0.0004,0.0134,0.0009,0.0007,0.0148,0.0017,0.9395,approval,0.9395
167,Justin Bieber,Sorry,Singapore,09CtPGIpYB4BrO8qb1RGsF,remorse,0.002,0.0032,0.0096,0.0195,0.0229,0.0464,0.0408,0.1682,0.0381,0.0899,0.0264,0.0041,0.0192,0.0024,0.0057,0.0027,0.008,0.0029,0.0077,0.0115,0.0522,0.0005,0.0163,0.0022,0.7521,0.3116,0.003,0.0299,remorse,0.0299
169,ILLIT,Magnetic,Singapore,1aKvZDoLGkNMxoRYgkckZG,love,0.0164,0.0008,0.003,0.0059,0.1728,0.0044,0.0033,0.0053,0.0623,0.0029,0.0035,0.0014,0.0005,0.0584,0.0008,0.0005,0.0004,0.0134,0.4206,0.0008,0.0073,0.0013,0.0094,0.0011,0.0006,0.0014,0.0032,0.2322,love,0.2322
170,BTS,Life Goes On,Singapore,5FVbvttjEvQ8r2BgUcJgNg,remorse,0.0013,0.0021,0.0038,0.013,0.0152,0.0174,0.0341,0.0499,0.0096,0.0692,0.0065,0.003,0.0086,0.0031,0.0037,0.222,0.0098,0.0055,0.0043,0.0125,0.0101,0.0005,0.018,0.0059,0.4861,0.3831,0.0026,0.0225,remorse,0.0225
171,Taylor Swift,Blank Space,Singapore,1u8c2t2Cy7UBoG4ArRcF5g,love,0.011,0.0061,0.005,0.0066,0.0605,0.0082,0.0131,0.1128,0.0208,0.0035,0.0053,0.0043,0.0012,0.0528,0.0099,0.0003,0.0005,0.0187,0.7194,0.0031,0.0176,0.0005,0.0093,0.0008,0.0007,0.0032,0.0054,0.0993,love,0.0993
172,Coldplay,The Scientist,Singapore,75JFxkI2RXiU7L9VXzMkle,disappointment,0.0023,0.0028,0.0095,0.0774,0.0076,0.0019,0.0052,0.0073,0.0024,0.5798,0.0354,0.0161,0.1225,0.002,0.0032,0.0005,0.0035,0.0018,0.0083,0.0045,0.0022,0.0005,0.013,0.0011,0.0408,0.204,0.0031,0.1148,disappointment,0.1148
173,Jay Chou,青花瓷,Singapore,10VuSw48iPN2UK2xX9Y6P0,admiration,0.4624,0.0015,0.001,0.003,0.0743,0.0014,0.0012,0.0015,0.0031,0.0023,0.0016,0.0012,0.0003,0.0102,0.0009,0.0004,0.0003,0.0043,0.0526,0.0003,0.0058,0.0021,0.0094,0.0004,0.0002,0.0011,0.0013,0.4234,admiration,0.4234
174,"Disney, Shakira",Zoo,Singapore,3vJIaiTIHxHhYafTSPNiH4,joy,0.0164,0.046,0.0022,0.0081,0.2306,0.0476,0.0139,0.0368,0.0071,0.0025,0.0067,0.0005,0.0006,0.0886,0.0014,0.0008,0.0008,0.6117,0.0122,0.0046,0.0483,0.003,0.0109,0.0176,0.0006,0.0026,0.0014,0.1243,joy,0.1243
175,Cigarettes After Sex,Cry,Singapore,3p4hRhMcb6ch8OLtATMaLw,desire,0.0048,0.003,0.0094,0.02,0.0127,0.0299,0.0025,0.0062,0.7796,0.0702,0.0101,0.0161,0.0021,0.0041,0.004,0.0033,0.0068,0.005,0.163,0.0052,0.0289,0.001,0.0089,0.0017,0.0223,0.2212,0.0021,0.0457,desire,0.0457
177,Laufey,Promise,Singapore,08PdFBcXzpkn1cWNgmKqhn,disappointment,0.001,0.0015,0.036,0.2609,0.0079,0.0038,0.0165,0.0161,0.0079,0.5185,0.0652,0.0397,0.0165,0.0014,0.0112,0.0003,0.0038,0.0014,0.002,0.0147,0.0047,0.0003,0.0169,0.001,0.0053,0.2712,0.0026,0.0601,disappointment,0.0601
180,Bruno Mars,Versace on the Floor,Singapore,0kN8xEmgMW9mh7UmDYHlJP,love,0.0136,0.0012,0.0082,0.0123,0.0591,0.0168,0.0046,0.0056,0.0122,0.0132,0.0724,0.0023,0.0011,0.02,0.0029,0.0005,0.001,0.0242,0.802,0.0021,0.005,0.001,0.0074,0.0016,0.001,0.0083,0.0028,0.1233,love,0.1233
181,Gracie Abrams,"I Love You, I'm Sorry",Singapore,51rfRCiUSvxXlCSCfIztBy,love,0.0172,0.0162,0.0292,0.0348,0.0773,0.0595,0.0026,0.0017,0.0811,0.0778,0.0282,0.0166,0.0045,0.0025,0.0054,0.0066,0.0054,0.0286,0.8492,0.0054,0.219,0.0025,0.0199,0.0041,0.0569,0.1336,0.0012,0.0078,love,0.0078
182,"Daniel Caesar, H.E.R.",Best Part (feat. H.E.R.),Singapore,1Q7EgiMOuwDcB0PJC6AzON,love,0.5342,0.0013,0.0034,0.004,0.1029,0.026,0.0137,0.1181,0.1187,0.0035,0.0052,0.0016,0.0005,0.0178,0.0016,0.0038,0.0009,0.019,0.7278,0.0011,0.0292,0.0015,0.0051,0.0011,0.0014,0.0031,0.0031,0.0152,love,0.0152
183,Radiohead,Creep,Singapore,70LcF31zb1H0PyJoS1Sx1r,desire,0.1734,0.0016,0.0591,0.0924,0.0243,0.0107,0.0068,0.0195,0.7068,0.0525,0.0284,0.0298,0.0021,0.0174,0.0035,0.0019,0.0023,0.0079,0.1099,0.0034,0.0201,0.0035,0.0059,0.0012,0.0022,0.0164,0.0034,0.0215,desire,0.0215
184,CORTIS,GO!,Singapore,6OWWZtNQORY1McaZmOrwhc,neutral,0.0048,0.0036,0.0032,0.055,0.1348,0.0019,0.0006,0.0008,0.0174,0.0162,0.0103,0.0029,0.0008,0.0113,0.001,0.0002,0.0004,0.0061,0.0007,0.0007,0.0109,0.0015,0.015,0.0018,0.0002,0.0025,0.0008,0.7245,approval,0.7245
185,Charli xcx,party 4 u,Singapore,2RdEC8Ff83WkX7kDVCHseE,desire,0.002,0.003,0.0026,0.0108,0.0167,0.013,0.0058,0.0338,0.5398,0.0227,0.0033,0.0021,0.0008,0.0129,0.0054,0.0006,0.0012,0.0074,0.0203,0.007,0.1729,0.0007,0.0107,0.0014,0.0028,0.0136,0.0026,0.2364,desire,0.2364
186,SZA,Nobody Gets Me,Singapore,5Y35SjAfXjjG0sFQ3KOxmm,disappointment,0.0005,0.0012,0.0582,0.2787,0.0081,0.0066,0.0525,0.0374,0.0071,0.3448,0.0395,0.0085,0.0061,0.0008,0.0086,0.0002,0.0035,0.001,0.0015,0.0132,0.0077,0.0003,0.0173,0.0008,0.0036,0.1472,0.0031,0.2685,disappointment,0.2685
187,Joji,Glimpse of Us,Singapore,2mlNgAeIBnL78ZriXgrRHz,neutral,0.0013,0.0015,0.002,0.0132,0.0079,0.0035,0.1603,0.2323,0.053,0.0836,0.0196,0.0024,0.002,0.0018,0.0042,0.0002,0.002,0.0014,0.0051,0.0043,0.0162,0.0002,0.0139,0.0005,0.004,0.0525,0.0066,0.3492,curiosity,0.3492
188,Ariana Grande,Into You,Singapore,76FZM38RC8XaAjJ77CVTNe,neutral,0.0079,0.0013,0.0031,0.0085,0.1099,0.0125,0.0065,0.0241,0.0165,0.0034,0.0026,0.003,0.0017,0.0423,0.014,0.0005,0.0007,0.0054,0.1327,0.0084,0.0056,0.0007,0.0119,0.0012,0.0008,0.0034,0.0047,0.4395,love,0.4395
189,Jay Chou,楓,Singapore,1pALOIA4ytESmhl7Fxjdic,neutral,0.0017,0.0028,0.0031,0.0091,0.0183,0.0011,0.0023,0.0015,0.0013,0.0039,0.0044,0.0028,0.0008,0.0017,0.0015,0.0003,0.0004,0.0016,0.0018,0.0004,0.0016,0.0003,0.008,0.0003,0.0003,0.003,0.0008,0.956,approval,0.956
190,Stefanie Sun,遇見,Singapore,3xJK8ywApYVEYIDhymYMC6,neutral,0.0036,0.0014,0.0008,0.0038,0.141,0.0016,0.004,0.0053,0.0091,0.0019,0.0023,0.001,0.0003,0.0069,0.0011,0.0004,0.0002,0.0014,0.0025,0.0004,0.0315,0.0005,0.0184,0.0005,0.0003,0.0008,0.0011,0.8611,approval,0.8611
191,d4vd,Here With Me,Singapore,0dS2u2UFd88TIzDDaZDLvS,desire,0.0478,0.0038,0.0021,0.0079,0.0496,0.0204,0.0012,0.0024,0.7913,0.0083,0.0033,0.0024,0.0009,0.0396,0.0014,0.0147,0.0018,0.1081,0.0296,0.0025,0.0539,0.0069,0.0101,0.0071,0.0031,0.0093,0.0019,0.0361,desire,0.0361
192,Lana Del Rey,Cinnamon Girl,Singapore,2mdEsXPu8ZmkHRRtAdC09e,love,0.0047,0.0012,0.0079,0.0142,0.0826,0.0266,0.0016,0.0026,0.1691,0.0047,0.006,0.0018,0.0005,0.0137,0.0009,0.0007,0.0006,0.0142,0.4818,0.0008,0.0175,0.001,0.007,0.0012,0.0009,0.003,0.0008,0.3209,love,0.3209
193,Nadhif Basalamah,kota ini tak sama tanpamu,Singapore,13CwOTXUgBugeBByE9oIWb,love,0.0214,0.0006,0.0022,0.0032,0.0992,0.018,0.0205,0.0319,0.0872,0.0059,0.0077,0.0013,0.0004,0.0096,0.0021,0.0009,0.0006,0.0086,0.8498,0.0016,0.0519,0.0005,0.0089,0.0007,0.0017,0.0037,0.002,0.0703,love,0.0703
195,Tate McRae,greedy,Singapore,3rUGC1vUpkDG9CZFHMur1t,curiosity,0.0023,0.0007,0.0315,0.0875,0.0697,0.1331,0.1557,0.3116,0.0113,0.0184,0.1549,0.0035,0.0014,0.0042,0.0139,0.0006,0.001,0.002,0.0038,0.0097,0.0628,0.0004,0.0073,0.0014,0.0014,0.0053,0.0031,0.2104,curiosity,0.2104
196,LNGSHOT,Never Let Go,Singapore,37xebnhvUyM8VyyDDeo65d,disapproval,0.0008,0.0009,0.0301,0.1525,0.0278,0.0096,0.0684,0.029,0.0144,0.0368,0.403,0.0045,0.0014,0.0023,0.0029,0.0004,0.0006,0.0017,0.0016,0.0026,0.0083,0.0004,0.0122,0.0009,0.0007,0.0087,0.0018,0.3418,disapproval,0.3418
197,ATEEZ,Adrenaline,Singapore,2VKGO4DNyUK5UxCQB3b3DF,neutral,0.0052,0.0169,0.0066,0.0195,0.0527,0.0045,0.0027,0.0058,0.0046,0.0024,0.0031,0.0022,0.0011,0.2816,0.0082,0.0004,0.0005,0.0448,0.0012,0.005,0.0059,0.0022,0.0087,0.0027,0.0002,0.0014,0.0072,0.6338,excitement,0.6338
198,Lauv,I Like Me Better,Singapore,4MagTPnkPiDuIa4P8GtW1b,love,0.0211,0.0021,0.0032,0.0054,0.119,0.005,0.0045,0.0029,0.0087,0.0031,0.0046,0.0015,0.0005,0.0119,0.001,0.0007,0.0004,0.0184,0.9098,0.0008,0.0129,0.0007,0.0113,0.0008,0.0007,0.0017,0.0021,0.0631,love,0.0631
200,Lana Del Rey,Young And Beautiful,Singapore,2nMeu6UenVvwUktBCpLMK9,love,0.03,0.0014,0.007,0.0088,0.0307,0.115,0.0539,0.4446,0.1002,0.0346,0.011,0.0019,0.001,0.0102,0.0103,0.0009,0.0049,0.0106,0.6025,0.0104,0.0714,0.0007,0.0061,0.0018,0.0106,0.082,0.0049,0.0457,love,0.0457
1,Quevedo,NI BORRACHO,Spain,3ltpc2goYCfKT8AbWwqQvc,neutral,0.0055,0.014,0.0456,0.1677,0.0279,0.0051,0.0363,0.0407,0.0067,0.0403,0.0223,0.0085,0.0042,0.0273,0.2218,0.0005,0.0021,0.0349,0.1349,0.0331,0.0076,0.0014,0.0227,0.0032,0.0011,0.0238,0.0139,0.3026,fear,0.3026
2,"Omar Courtz, Ñengo Flow",FOREVER TU GANTEL,Spain,1YAWMfsmduIrpqrjP45pFn,amusement,0.0844,0.6164,0.0088,0.0309,0.0208,0.0044,0.001,0.0021,0.0606,0.0062,0.005,0.0057,0.0015,0.0111,0.0007,0.0012,0.0008,0.1026,0.0997,0.0006,0.0188,0.0016,0.0059,0.0012,0.0014,0.0043,0.0011,0.0595,amusement,0.0595
3,"Omar Courtz, Dei V, Clarent, Tito ""El Bambino""",$UELTA GATITA $UELTA,Spain,01xWRzLhSgANX9CGgBzssk,amusement,0.0541,0.3768,0.0042,0.0166,0.0513,0.0249,0.002,0.0075,0.0072,0.0026,0.0056,0.0023,0.0013,0.0319,0.001,0.0017,0.0005,0.0892,0.0111,0.0008,0.027,0.0018,0.0082,0.0026,0.0004,0.0013,0.0152,0.3545,amusement,0.3545
4,Aitana,SUPERESTRELLA,Spain,6hpuesKPNa3WhV48O7Fa47,confusion,0.0037,0.0021,0.0873,0.1505,0.0171,0.0031,0.5269,0.2065,0.0644,0.0644,0.0395,0.0144,0.0052,0.0153,0.0167,0.0003,0.0013,0.0059,0.0651,0.0131,0.0183,0.0007,0.0149,0.0008,0.0021,0.0087,0.0222,0.0662,confusion,0.0662
5,"Romeo Santos, Prince Royce",Dardos,Spain,5SudOD9R1Of6CsJVWZy6CQ,sadness,0.0014,0.0012,0.1897,0.1762,0.0118,0.038,0.0053,0.0036,0.0334,0.1321,0.0799,0.0461,0.005,0.0021,0.025,0.001,0.0058,0.0025,0.12,0.013,0.0069,0.0008,0.0102,0.0014,0.0067,0.3207,0.0021,0.0437,sadness,0.0437
6,"Ryan Castro, Kapo, Gangsta",LA VILLA,Spain,2ZyrAym0sRLwt4PhGotHuI,neutral,0.0339,0.0371,0.0021,0.008,0.0844,0.0024,0.0013,0.0016,0.0021,0.0023,0.0037,0.0016,0.0007,0.0237,0.0012,0.0007,0.0004,0.1176,0.1237,0.0005,0.0035,0.0018,0.0098,0.0016,0.0003,0.0011,0.0015,0.583,love,0.583
7,"Omar Courtz, ROA",WO OH OH,Spain,0h54mLixODOqU6vTcZMqVM,love,0.0274,0.0014,0.0337,0.0255,0.0306,0.0356,0.0148,0.1092,0.1258,0.017,0.0072,0.0045,0.0008,0.0094,0.0046,0.0005,0.0017,0.0101,0.6955,0.0032,0.0474,0.0007,0.0053,0.0008,0.0026,0.0147,0.0028,0.0823,love,0.0823
8,"W Sound, Beéle, Ovy On The Drums",La Plena - W Sound 05,Spain,6iOndD4OFo7GkaDypWQIou,love,0.0633,0.0044,0.0034,0.0047,0.0806,0.0044,0.0198,0.0326,0.0115,0.003,0.0047,0.0018,0.0009,0.0392,0.0017,0.0009,0.0005,0.0477,0.929,0.0016,0.0109,0.0009,0.0107,0.0009,0.001,0.0022,0.0075,0.0312,love,0.0312
9,Bad Bunny,NUEVAYoL,Spain,5TFD2bmFKGhoCRbX61nXY5,approval,0.2444,0.0019,0.0013,0.0042,0.4054,0.0155,0.0238,0.1218,0.0034,0.0016,0.0049,0.0007,0.0003,0.0515,0.0031,0.0007,0.0004,0.0195,0.0081,0.002,0.0215,0.0023,0.0096,0.0035,0.0002,0.0011,0.0041,0.183,approval,0.183
10,Bad Bunny,BAILE INoLVIDABLE,Spain,2lTm559tuIvatlT1u0JYG2,sadness,0.006,0.0013,0.0291,0.0681,0.0153,0.0072,0.0037,0.0031,0.0507,0.2945,0.0338,0.0216,0.0065,0.0036,0.0044,0.0005,0.0073,0.007,0.3679,0.0068,0.0041,0.001,0.0158,0.0017,0.0128,0.4268,0.003,0.0412,sadness,0.0412
11,"ROSALÍA, Yahritza Y Su Esencia",La Perla,Spain,4oVO4fGNRRvEn0CRuFO4qv,disappointment,0.1503,0.0007,0.0155,0.0564,0.0291,0.0061,0.07,0.141,0.0021,0.5428,0.0705,0.0067,0.006,0.0021,0.0045,0.0006,0.0037,0.0012,0.0093,0.0041,0.0095,0.0007,0.0096,0.0009,0.006,0.0735,0.0041,0.0927,disappointment,0.0927
12,Rels B,TU VAS SIN (fav),Spain,6uiQ0DqbXTBc8tl0AUKZkR,love,0.0131,0.0011,0.0038,0.0063,0.1269,0.0173,0.0012,0.0019,0.1273,0.0033,0.0036,0.0018,0.0004,0.0099,0.0011,0.0009,0.0005,0.0121,0.7147,0.0007,0.0179,0.0011,0.0055,0.001,0.0009,0.0023,0.0008,0.1523,love,0.1523
13,Clarent,BIENVENIDA,Spain,7zwgHkTKv86nMOREN5k1hx,neutral,0.0017,0.0017,0.0292,0.0813,0.0403,0.0112,0.0008,0.0012,0.0041,0.0047,0.0072,0.0028,0.0009,0.0175,0.0015,0.0006,0.0005,0.0065,0.0165,0.0005,0.0119,0.0009,0.0066,0.0011,0.0003,0.0022,0.0072,0.669,annoyance,0.669
14,Omar Courtz,POR SI MAÑANA NO ESTOY,Spain,595wwjQiad6e6lSTScmXvz,sadness,0.0028,0.0025,0.0175,0.0322,0.0135,0.047,0.0551,0.1067,0.1497,0.1956,0.0131,0.0061,0.0042,0.0043,0.0107,0.0009,0.011,0.0066,0.4131,0.0188,0.1262,0.0005,0.0164,0.002,0.0345,0.4372,0.0076,0.0608,sadness,0.0608
15,"JC Reyes, Slayter",LOQUITA,Spain,3zkGK0pIRra9Mql8fKmROf,neutral,0.0048,0.0616,0.025,0.0735,0.0124,0.0015,0.0034,0.0108,0.0037,0.0042,0.0028,0.004,0.0015,0.1233,0.0014,0.0002,0.0004,0.0551,0.0028,0.0015,0.0028,0.0012,0.0052,0.0012,0.0002,0.0012,0.0111,0.5346,excitement,0.5346
16,Beéle,no tiene sentido,Spain,1HEwEN64NjgTaHmo7LfkX8,fear,0.0013,0.003,0.0105,0.0556,0.0168,0.0026,0.1785,0.0212,0.0017,0.0482,0.2031,0.0117,0.0128,0.006,0.331,0.0003,0.0022,0.0048,0.0015,0.0596,0.003,0.0006,0.0584,0.0026,0.0007,0.017,0.0243,0.2094,fear,0.2094
17,Quevedo,TUCHAT,Spain,3bAAv8knmzFpYQsLFoK6de,neutral,0.001,0.0033,0.0116,0.0841,0.0111,0.0047,0.0746,0.049,0.0485,0.1087,0.0476,0.0058,0.0052,0.0033,0.107,0.0003,0.0041,0.0043,0.0028,0.0965,0.0075,0.0004,0.0304,0.0019,0.0026,0.1064,0.0076,0.3601,disappointment,0.3601
18,"YOVNGCHIMI, JC Reyes",MVLAN,Spain,74t17BRV4el0mU0Tb8XY1k,neutral,0.0013,0.0021,0.0067,0.0296,0.0528,0.003,0.007,0.0236,0.0031,0.0024,0.0031,0.0014,0.0004,0.0028,0.0007,0.0002,0.0002,0.005,0.0012,0.0003,0.0054,0.0003,0.0063,0.0005,0.0002,0.0009,0.0009,0.8305,approval,0.8305
19,Omar Courtz,KOKO,Spain,1tz7RZirwiuaJw2p0jbdHb,amusement,0.2766,0.5221,0.0015,0.0103,0.0432,0.0025,0.0019,0.0066,0.0658,0.0048,0.003,0.0023,0.0009,0.0181,0.0004,0.0007,0.0006,0.1095,0.0234,0.0006,0.0172,0.0023,0.0074,0.0018,0.0009,0.0024,0.0014,0.0589,amusement,0.0589
20,Bad Bunny,DtMF,Spain,3sK8wGT43QFpWrvNQsrQya,love,0.03,0.018,0.0059,0.0091,0.0462,0.0093,0.0114,0.0135,0.2373,0.0091,0.0079,0.0028,0.0011,0.0224,0.0012,0.3092,0.0011,0.1047,0.796,0.0016,0.0381,0.002,0.0073,0.0024,0.0043,0.0057,0.0017,0.0268,love,0.0268
21,"Kidd Voodoo, JC Reyes",Me Mareo,Spain,6jBoUckd6VEImt6pg8RpDr,neutral,0.0078,0.0027,0.0236,0.0363,0.1057,0.2793,0.0012,0.0013,0.0215,0.0054,0.0227,0.0022,0.0007,0.0081,0.0024,0.0019,0.0015,0.166,0.0089,0.0033,0.0695,0.0053,0.0096,0.0294,0.0015,0.0066,0.0004,0.4424,caring,0.4424
22,"Alleh, Yorghaki",capaz (merengueton),Spain,2dd3G3ZqEcG2cNS1tp3oEk,confusion,0.0012,0.0009,0.0089,0.0276,0.0468,0.0146,0.4892,0.2816,0.0116,0.0258,0.0606,0.003,0.0017,0.003,0.0066,0.0004,0.001,0.0029,0.1607,0.0056,0.0185,0.0002,0.0148,0.0007,0.0041,0.011,0.0041,0.2055,confusion,0.2055
23,Omar Courtz,SI ESTÁS CON ALGUIEN,Spain,7nyk5uxevcijIfl1FlJgmA,love,0.0026,0.0015,0.0531,0.0892,0.0217,0.0067,0.0202,0.0064,0.0154,0.2002,0.2729,0.0126,0.0054,0.003,0.0062,0.001,0.0025,0.0049,0.4466,0.0061,0.0089,0.0006,0.0228,0.0012,0.0064,0.1131,0.0045,0.0422,love,0.0422
24,"Bad Gyal, Chencho Corleone",Choque,Spain,68KElV3TDyDy2zHPCWjUyt,excitement,0.0165,0.0145,0.0041,0.0096,0.0263,0.0021,0.0022,0.0067,0.0096,0.0023,0.0019,0.0027,0.0014,0.4686,0.0028,0.0012,0.0006,0.0574,0.0998,0.0014,0.0059,0.0019,0.0078,0.0014,0.0003,0.0012,0.0752,0.2317,excitement,0.2317
26,"Ovy On The Drums, Quevedo, Beéle",YO y TÚ,Spain,7koAf6aZgjO6TS7bipfPD0,neutral,0.0062,0.003,0.0031,0.0066,0.0462,0.0049,0.0047,0.0077,0.0373,0.0128,0.0124,0.0021,0.0007,0.0113,0.0016,0.0008,0.0007,0.008,0.4288,0.0012,0.006,0.0006,0.0073,0.0008,0.0015,0.0104,0.0018,0.4995,love,0.4995
28,"Yan Block, Panda Black",Talento,Spain,7sChwC2NZjGc2Kdni3hlDg,admiration,0.3818,0.0007,0.0443,0.048,0.2357,0.1752,0.0257,0.0654,0.0171,0.051,0.0575,0.0068,0.0044,0.003,0.0052,0.0038,0.0043,0.0029,0.0592,0.0034,0.148,0.005,0.0105,0.003,0.0851,0.0364,0.0014,0.0404,admiration,0.0404
29,Clarent,LOVE,Spain,21syhl9aagHDATZqFHkfjD,remorse,0.0011,0.0009,0.0076,0.0162,0.0384,0.1116,0.0522,0.1981,0.0163,0.0277,0.0198,0.0019,0.0063,0.0026,0.008,0.0759,0.0064,0.0044,0.0077,0.0141,0.0211,0.0007,0.0109,0.0067,0.3144,0.1044,0.0026,0.0703,remorse,0.0703
30,GRECAS,Bad Voy,Spain,0WIVpc0hKNxjHkl9xNxw6P,love,0.0028,0.0014,0.0241,0.1663,0.022,0.002,0.0067,0.002,0.0062,0.048,0.0891,0.0094,0.0026,0.0017,0.0015,0.0007,0.0007,0.0024,0.4173,0.0009,0.0043,0.0004,0.0154,0.0005,0.0011,0.0076,0.0025,0.3853,love,0.3853
31,"Omar Courtz, Bad Gyal",COMERNOS,Spain,2TYZU0Fvfp5b7gbfqdIAq6,neutral,0.0359,0.0186,0.0043,0.0169,0.0268,0.0011,0.0021,0.0072,0.0254,0.0067,0.0025,0.0125,0.0034,0.0834,0.0029,0.0002,0.0008,0.0245,0.2032,0.0014,0.0029,0.0011,0.0075,0.001,0.0006,0.0051,0.0063,0.4504,love,0.4504
32,"Bizarrap, Daddy Yankee","Daddy Yankee: Bzrp Music Sessions, Vol. 0/66",Spain,2uPMsTEKx79gJ8rB3AcT0v,neutral,0.0091,0.005,0.0025,0.0132,0.1647,0.004,0.0045,0.0249,0.0026,0.0039,0.0028,0.0008,0.0006,0.0484,0.0025,0.0001,0.0004,0.0282,0.0038,0.0019,0.0123,0.0012,0.013,0.0026,0.0002,0.0018,0.0056,0.6276,approval,0.6276
33,"Héctor ""El Father"", Wisin & Yandel",El Teléfono,Spain,614NVFo5csQqRnryl4jXs2,desire,0.0051,0.0256,0.0029,0.0076,0.0328,0.012,0.0012,0.0081,0.3934,0.0036,0.0018,0.0018,0.0005,0.0472,0.0009,0.0007,0.0006,0.0355,0.1467,0.001,0.0172,0.0008,0.0036,0.0011,0.0013,0.0036,0.0011,0.2041,desire,0.2041
34,"El Bogueto, Yung Beef",Cuando No Era Cantante,Spain,6N2iccqxRInhTLHc2Fu3W0,love,0.0053,0.4219,0.0068,0.0171,0.0194,0.0149,0.0018,0.0048,0.1494,0.0233,0.0071,0.0053,0.0024,0.0057,0.0012,0.0007,0.0023,0.0675,0.5206,0.0022,0.0265,0.0008,0.0105,0.0018,0.0094,0.0717,0.0013,0.0272,love,0.0272
35,"Bad Bunny, Omar Courtz, Dei V",VeLDÁ,Spain,7d6yK8v8J484SWH5prIQiE,neutral,0.0971,0.003,0.0019,0.0056,0.0882,0.0049,0.0076,0.0174,0.0105,0.002,0.0016,0.0016,0.0006,0.0432,0.0016,0.0007,0.0004,0.0214,0.014,0.0007,0.0118,0.0012,0.0063,0.0012,0.0004,0.0017,0.0023,0.6265,admiration,0.6265
36,"Beéle, Ovy On The Drums",mi refe,Spain,4zhk2RS2EZODmBW6il55Qj,love,0.053,0.004,0.0127,0.0165,0.0726,0.0027,0.183,0.1142,0.0028,0.0087,0.0185,0.0036,0.0028,0.0226,0.0042,0.0012,0.0008,0.015,0.8559,0.003,0.0053,0.0008,0.0225,0.001,0.0014,0.0031,0.0592,0.0423,love,0.0423
38,"Mora, C. Tangana",DROGA,Spain,1cmfXbOvNJt7iDrnJy5BRE,remorse,0.0097,0.0016,0.009,0.036,0.0507,0.0728,0.0354,0.0115,0.0104,0.1665,0.0233,0.0031,0.0097,0.0019,0.0032,0.0055,0.0103,0.0104,0.0263,0.0163,0.0139,0.0015,0.0236,0.0057,0.4793,0.4025,0.0009,0.0267,remorse,0.0267
39,Bad Bunny,EoO,Spain,6J5kc12BW5HuP3d7C3vvx8,neutral,0.0029,0.0125,0.009,0.051,0.0447,0.0038,0.0007,0.0006,0.0043,0.0052,0.0067,0.0034,0.0011,0.0044,0.0008,0.0003,0.0004,0.014,0.0193,0.0004,0.0031,0.001,0.0087,0.0011,0.0004,0.002,0.0006,0.8465,annoyance,0.8465
40,GRECAS,Que culpa tiene el lunes de no ser un sabado,Spain,5bDRGw4njjPCO5ZYvSgRXr,neutral,0.0013,0.0009,0.005,0.1039,0.0494,0.0044,0.0344,0.0459,0.0013,0.1605,0.0341,0.005,0.0328,0.0008,0.0041,0.0001,0.0015,0.001,0.0006,0.0056,0.0061,0.0005,0.0359,0.0015,0.0042,0.0245,0.0023,0.4739,disappointment,0.4739
41,Bad Bunny,VOY A LLeVARTE PA PR,Spain,59D4DOkspUbWyMmbAPQkxZ,neutral,0.0835,0.005,0.0049,0.0176,0.0607,0.0019,0.0046,0.0199,0.0028,0.0059,0.003,0.004,0.0009,0.0191,0.0041,0.0002,0.0004,0.0062,0.0071,0.0013,0.0047,0.0009,0.0066,0.0007,0.0002,0.0019,0.0031,0.6124,admiration,0.6124
42,"La La Love You, Axolotes Mexicanos",El Fin del Mundo,Spain,6XXQA6e8qXPJ1sZtRxvbws,sadness,0.061,0.0036,0.0154,0.0231,0.0181,0.011,0.0029,0.0024,0.005,0.1602,0.0131,0.0098,0.0081,0.0024,0.0028,0.0027,0.0289,0.0072,0.0789,0.0042,0.0031,0.0014,0.0169,0.0025,0.1315,0.8057,0.0026,0.0096,sadness,0.0096
43,"Delaossa, Quevedo, Bigla The Kid",Still Luvin,Spain,1k4Iyemx6P5fba7RRcHmeb,love,0.0092,0.1908,0.0072,0.0202,0.0868,0.0165,0.051,0.007,0.0055,0.144,0.0282,0.0032,0.0054,0.0033,0.0023,0.0014,0.0051,0.068,0.5392,0.0067,0.0129,0.0009,0.0254,0.0031,0.0867,0.2268,0.0016,0.033,love,0.033
44,"Juseph, La Pantera, Lucho RK",CUPIDOxX,Spain,3vYFpgpkQF0EY5E9h9BF1r,neutral,0.015,0.0028,0.0885,0.2343,0.0532,0.0043,0.0006,0.0004,0.0066,0.0534,0.0255,0.0304,0.0036,0.0063,0.0016,0.0008,0.0011,0.0177,0.0298,0.0009,0.0035,0.0043,0.0097,0.0035,0.0006,0.0124,0.0015,0.3703,annoyance,0.3703
45,"Young Cister, Kreamly",QLOO*,Spain,7CMj1OOS1ho4CPEQTFKzcN,love,0.3354,0.001,0.0095,0.0131,0.0419,0.0061,0.0019,0.0021,0.1454,0.0118,0.007,0.0052,0.0008,0.012,0.0016,0.0013,0.0008,0.0109,0.7445,0.0008,0.0125,0.0025,0.0064,0.0008,0.0009,0.0053,0.003,0.0228,love,0.0228
46,"Luck Ra, BM",La Morocha,Spain,6vRQqxOhUFd78p5tL8jXr7,love,0.0126,0.0006,0.0061,0.0154,0.0684,0.0054,0.0021,0.0015,0.0386,0.0235,0.0347,0.0036,0.0007,0.0023,0.0006,0.0004,0.0006,0.0028,0.6276,0.0004,0.0065,0.0007,0.0074,0.0005,0.0015,0.0077,0.0006,0.2609,love,0.2609
47,Djo,End of Beginning,Spain,3qhlB30KknSejmIvZZLjOD,neutral,0.0009,0.0138,0.0013,0.0107,0.0815,0.0551,0.0772,0.0563,0.0031,0.0194,0.0108,0.0008,0.0017,0.0016,0.0056,0.0003,0.003,0.0143,0.0026,0.0176,0.0347,0.0004,0.0455,0.0056,0.0054,0.0572,0.0018,0.4524,approval,0.4524
48,"Myke Towers, Quevedo",SOLEAO,Spain,4OsBqqMwFabHATATT527tH,neutral,0.0056,0.002,0.0068,0.0206,0.095,0.0282,0.0073,0.023,0.1001,0.082,0.0107,0.0029,0.0024,0.0096,0.0032,0.0013,0.0053,0.0443,0.1811,0.0122,0.0119,0.0024,0.0603,0.0082,0.0122,0.1641,0.0018,0.3939,love,0.3939
51,"La Pantera, Lucho RK, Pana YMB",PINKY PROMISE 2,Spain,6hFzA2zbArwtGpmTQEsxnn,love,0.0126,0.0452,0.0242,0.0286,0.0455,0.0051,0.0091,0.036,0.0076,0.0058,0.0097,0.0042,0.0012,0.0071,0.0015,0.0002,0.0005,0.0212,0.8598,0.0009,0.0069,0.0003,0.0059,0.0004,0.0008,0.0036,0.0017,0.1092,love,0.1092
53,"Omar Courtz, KARBeats",EL MUNDO SE VA A ACABAR,Spain,6SkbzQSYMJzrmmDBEvbh0S,neutral,0.0115,0.003,0.0169,0.0332,0.0318,0.0076,0.0069,0.0304,0.0192,0.0038,0.003,0.002,0.0005,0.0169,0.0017,0.0003,0.0004,0.0135,0.419,0.0009,0.0122,0.0004,0.0044,0.0005,0.0004,0.0026,0.0021,0.4436,love,0.4436
54,KAROL G,Si Antes Te Hubiera Conocido,Spain,73scB4Q4fcOmnsBVZPmk32,optimism,0.0585,0.0618,0.0038,0.0131,0.0199,0.0045,0.0156,0.0182,0.0491,0.0389,0.0651,0.0037,0.001,0.006,0.0059,0.0004,0.0008,0.0133,0.0128,0.0019,0.4504,0.0014,0.011,0.0012,0.0014,0.0052,0.0037,0.1243,optimism,0.1243
55,"Mora, De La Rose",AURORA,Spain,18m5dJOPB2geFwOymXNaWg,neutral,0.0013,0.0016,0.0042,0.0192,0.0421,0.0139,0.0014,0.0023,0.1036,0.0085,0.0089,0.0029,0.0005,0.0026,0.0011,0.0005,0.0005,0.0025,0.0165,0.0006,0.0101,0.0004,0.007,0.0007,0.0007,0.0046,0.0007,0.7706,desire,0.7706
56,"Juseph, Quevedo",CHUOS,Spain,58l1aV1cOGrHMsm2j3GU2W,neutral,0.0067,0.354,0.0081,0.047,0.0324,0.0022,0.0015,0.0016,0.0033,0.0084,0.033,0.0845,0.0022,0.0028,0.0095,0.0004,0.0004,0.0309,0.0282,0.0007,0.004,0.0006,0.0076,0.0008,0.0005,0.0027,0.0008,0.3917,amusement,0.3917
57,"LAJA, JC Reyes",SETEADORA REMIX (with JC Reyes),Spain,55ZSaezLr7fNrkLL0WCpOD,neutral,0.0013,0.0037,0.0051,0.0215,0.0129,0.0013,0.0232,0.0602,0.0017,0.0029,0.0048,0.0017,0.0008,0.003,0.0009,0.0002,0.0003,0.0017,0.0013,0.0004,0.0021,0.0001,0.0041,0.0003,0.0003,0.0014,0.0022,0.9008,curiosity,0.9008
58,"Rauw Alejandro, Bad Bunny",Qué Pasaría...,Spain,0l0vcZMU7AOeQmUIREoI2U,neutral,0.0031,0.039,0.026,0.141,0.0167,0.0068,0.0246,0.1473,0.0055,0.0487,0.0104,0.0032,0.0014,0.0037,0.0029,0.0001,0.0011,0.0072,0.005,0.0038,0.0093,0.0002,0.0081,0.0007,0.0006,0.0192,0.0034,0.3663,curiosity,0.3663
59,rusowsky,malibU,Spain,4uulymZhmebsjKedRaJ1gQ,neutral,0.0018,0.0028,0.0017,0.0068,0.0335,0.0008,0.0912,0.0849,0.0008,0.0018,0.0035,0.0015,0.0007,0.0026,0.0013,0.0004,0.0003,0.0014,0.0018,0.0005,0.0024,0.0002,0.0133,0.0003,0.0003,0.0011,0.0041,0.8594,confusion,0.8594
60,Taylor Swift,The Fate of Ophelia,Spain,53iuhJlwXhSER5J2IYYv1W,neutral,0.0034,0.0007,0.0168,0.0394,0.0365,0.0693,0.0005,0.0003,0.0129,0.0145,0.0056,0.0041,0.001,0.0012,0.0038,0.0008,0.0025,0.005,0.0089,0.0019,0.0094,0.0018,0.0106,0.0029,0.0018,0.0342,0.0004,0.7544,caring,0.7544
61,"SAIKO, SINAKA, Kennat, Benja Valencia",FLAITEERA,Spain,2mh6vP7zo6mDXXKLnpHLPt,curiosity,0.0303,0.1018,0.0055,0.0188,0.0553,0.0127,0.0233,0.3762,0.0578,0.0137,0.0148,0.0021,0.001,0.019,0.0022,0.0002,0.0014,0.0266,0.2317,0.0024,0.0188,0.0005,0.0064,0.0013,0.0031,0.0243,0.0031,0.1874,curiosity,0.1874
62,"Aissa, Rvfv, Kreamly",MUCHACHA,Spain,4rDCRcln8WCHWPRt0YTFLs,love,0.3891,0.0016,0.0092,0.0075,0.0343,0.0054,0.0043,0.0112,0.0078,0.0035,0.0048,0.0021,0.0005,0.0073,0.001,0.0038,0.0004,0.0102,0.8332,0.0004,0.0062,0.0009,0.0036,0.0004,0.0007,0.0022,0.002,0.0243,love,0.0243
64,Omar Courtz,VAMOaCOCHI,Spain,1oghNMGW42IhtQPNU6leZz,desire,0.0039,0.0015,0.0086,0.022,0.0315,0.0126,0.0066,0.0923,0.3506,0.0072,0.003,0.0054,0.0007,0.0106,0.0025,0.0002,0.0007,0.003,0.0478,0.0014,0.0105,0.0003,0.0034,0.0005,0.001,0.0059,0.0016,0.3047,desire,0.3047
65,Danny Ocean,Me Rehúso,Spain,6ifUES3keWjwXgae8pXI3o,neutral,0.0017,0.0017,0.0251,0.0523,0.0201,0.0202,0.0146,0.0328,0.0293,0.0818,0.0889,0.0035,0.0016,0.0028,0.0032,0.0005,0.0016,0.0022,0.0583,0.0038,0.0072,0.0003,0.0092,0.0007,0.004,0.0573,0.0019,0.5666,disapproval,0.5666
66,Bruno Mars,Risk It All,Spain,5y2ijHECwFYWqcAHKTZgzD,approval,0.034,0.002,0.0027,0.0132,0.5711,0.0283,0.0009,0.0034,0.1002,0.0024,0.0067,0.0014,0.0003,0.0335,0.0012,0.0007,0.0004,0.0078,0.0134,0.0006,0.0832,0.003,0.0084,0.0023,0.0004,0.0008,0.001,0.2708,approval,0.2708
67,Aitana,6 DE FEBRERO,Spain,6l18mUHOGVZRr5wTyITX0M,love,0.0043,0.003,0.0477,0.0752,0.0204,0.0109,0.0882,0.2064,0.0108,0.3443,0.0383,0.0196,0.0343,0.0058,0.0217,0.0007,0.0082,0.0049,0.6005,0.0277,0.0076,0.0005,0.0269,0.0016,0.0392,0.3279,0.0196,0.0207,love,0.0207
68,"Kabasaki, Zeno El Faraón, l0rna, Kristina",LA SACAPUNTAS,Spain,7mjWqfMjappj2v1Iw3rXeR,neutral,0.0072,0.2363,0.0035,0.016,0.0942,0.0031,0.0013,0.0013,0.0046,0.0099,0.0056,0.0042,0.0012,0.0085,0.0013,0.0004,0.0006,0.0822,0.2335,0.0008,0.005,0.0008,0.0186,0.0013,0.0007,0.0064,0.001,0.3762,amusement,0.3762
69,Extremoduro,La vereda de la puerta de atrás,Spain,4kJP8Z888wREJ8bRMWNMuk,neutral,0.0006,0.002,0.0088,0.0505,0.007,0.0018,0.044,0.0933,0.0062,0.0066,0.0064,0.0033,0.001,0.0011,0.0015,0.0002,0.0004,0.0007,0.001,0.0007,0.0042,0.0001,0.0051,0.0002,0.0004,0.0023,0.0024,0.801,curiosity,0.801
70,"Tainy, Rauw Alejandro, JHAYCO",ROSITA,Spain,4HyPxBQDLUnY3w7gukITrW,neutral,0.0036,0.2924,0.0225,0.0508,0.042,0.1329,0.0013,0.0008,0.0033,0.0067,0.0361,0.0028,0.001,0.0016,0.0012,0.0008,0.0008,0.0211,0.0079,0.0008,0.0096,0.0007,0.0103,0.0016,0.0009,0.0052,0.0006,0.4879,amusement,0.4879
71,"Clarent, Omar Courtz",Scat Pack,Spain,4yWrEuYXr9YB1nHbuPxfUU,neutral,0.0006,0.0064,0.1519,0.2607,0.0136,0.0109,0.0112,0.0181,0.0032,0.0304,0.0437,0.0057,0.0023,0.001,0.0023,0.0001,0.0009,0.0019,0.0008,0.0022,0.005,0.0003,0.0095,0.0005,0.0006,0.0147,0.0017,0.5409,annoyance,0.5409
72,Bruno Mars,I Just Might,Spain,6f68Ac5tt5BQOpwr0BV9oN,curiosity,0.0027,0.0008,0.0327,0.0842,0.0209,0.0162,0.0771,0.3633,0.0395,0.1444,0.0679,0.0105,0.0028,0.0058,0.0229,0.0001,0.0031,0.002,0.0168,0.0132,0.0173,0.0003,0.0086,0.0008,0.0027,0.1006,0.0061,0.1354,curiosity,0.1354
73,Bad Bunny,Tití Me Preguntó,Spain,1IHWl5LamUGEuP4ozKQSXZ,disapproval,0.0008,0.0063,0.1186,0.1334,0.0202,0.0225,0.0232,0.0075,0.0113,0.1007,0.3065,0.0103,0.0097,0.0041,0.0056,0.0009,0.0024,0.0091,0.0907,0.0064,0.0047,0.0006,0.0164,0.0016,0.0174,0.0898,0.0026,0.1307,disapproval,0.1307
74,Arde Bogotá,La Salvación,Spain,0txzIz1WcoAn6m07xypcD5,desire,0.0018,0.0008,0.0194,0.0592,0.0408,0.0248,0.003,0.0029,0.3562,0.1486,0.0678,0.0119,0.0025,0.0028,0.0043,0.0007,0.0037,0.0029,0.1008,0.0065,0.0118,0.0011,0.018,0.0021,0.0073,0.1708,0.0014,0.1427,desire,0.1427
75,"Rawayana, Manuel Turizo",Inglés En Miami,Spain,3Y1xjjepdqMP141ipYCAqA,admiration,0.3,0.0272,0.0054,0.0189,0.0186,0.0105,0.0293,0.1718,0.0321,0.1504,0.0239,0.0027,0.0025,0.0119,0.0032,0.0006,0.0084,0.0311,0.0145,0.0108,0.0072,0.0014,0.0079,0.0033,0.0054,0.2768,0.0028,0.0259,admiration,0.0259
76,"Romeo Santos, Prince Royce",Lokita Por Mí,Spain,2aG4AXf3TUtlmk4s9BLYDi,love,0.1103,0.1647,0.0104,0.0135,0.03,0.0054,0.0029,0.0028,0.0049,0.0044,0.0065,0.0034,0.0011,0.0069,0.0011,0.0032,0.0006,0.0497,0.9521,0.0008,0.0097,0.0008,0.0069,0.0007,0.0012,0.0034,0.002,0.0077,love,0.0077
77,Omar Courtz,⁠LUCES DE COLORES,Spain,5dDlknAL9imbXXl7uG7oqe,neutral,0.0018,0.0051,0.0068,0.0384,0.0251,0.0013,0.0074,0.0195,0.0024,0.0035,0.0027,0.0044,0.001,0.0048,0.0012,0.0001,0.0003,0.0024,0.002,0.0005,0.0027,0.0002,0.0067,0.0004,0.0002,0.0012,0.0026,0.8758,annoyance,0.8758
80,"Yan Block, TORRRES",Yo sé,Spain,5DdLSEyKh8zgCrJq2hFj92,neutral,0.0018,0.022,0.1265,0.2877,0.0135,0.001,0.0046,0.0053,0.0019,0.0164,0.0075,0.05,0.0063,0.0019,0.0029,0.0001,0.0006,0.0021,0.0015,0.001,0.0017,0.0005,0.009,0.0003,0.0004,0.0043,0.0022,0.5177,annoyance,0.5177
81,"Bad Bunny, Ozuna, Farruko, Arcángel, Ñengo Flow, DJ Luian, Mambo Kingz",Diles,Spain,6C1RD7YQVvt3YQj0CmuTeu,neutral,0.0236,0.3544,0.0031,0.0121,0.0427,0.0024,0.0013,0.0039,0.006,0.0021,0.0018,0.0018,0.0008,0.0746,0.0006,0.0003,0.0003,0.0789,0.0519,0.0005,0.0058,0.0012,0.0058,0.0011,0.0004,0.001,0.0032,0.4063,amusement,0.4063
82,Manuel Turizo,La Bachata,Spain,3tt9i3Hhzq84dPS8H7iSiJ,sadness,0.0027,0.0014,0.0228,0.0354,0.0194,0.0517,0.0219,0.0076,0.1685,0.242,0.0644,0.0089,0.0036,0.0018,0.0101,0.0016,0.0084,0.0041,0.254,0.0151,0.0798,0.0009,0.0213,0.0023,0.0769,0.3671,0.002,0.028,sadness,0.028
83,"J Balvin, Bad Bunny",LA CANCIÓN,Spain,0fea68AdmYNygeTGI4RC18,neutral,0.0022,0.0785,0.0038,0.0295,0.0169,0.0021,0.0459,0.0173,0.0128,0.0492,0.005,0.0052,0.0123,0.016,0.0256,0.0007,0.0063,0.1237,0.0051,0.0356,0.0068,0.0018,0.194,0.0106,0.0035,0.0634,0.0336,0.379,realization,0.379
84,Omar Courtz,L a k e n o s h i,Spain,6OoYmAP9oZtBiSomWpDTWP,neutral,0.0029,0.0032,0.206,0.1702,0.0528,0.0058,0.0071,0.0187,0.0034,0.0052,0.0269,0.0062,0.0008,0.002,0.0006,0.0003,0.0003,0.0028,0.0296,0.0003,0.0035,0.0003,0.0053,0.0003,0.0003,0.0013,0.0009,0.5269,anger,0.5269
85,Kapo,UWAIE,Spain,0fMjldiEpgjbWQ4bBQwVzH,love,0.6634,0.0007,0.0034,0.0051,0.1141,0.0109,0.0034,0.0077,0.0561,0.0056,0.0061,0.002,0.0005,0.0085,0.0008,0.0016,0.0006,0.013,0.7193,0.0005,0.013,0.0021,0.0057,0.0009,0.0009,0.0038,0.0014,0.0217,love,0.0217
86,"Clarent, Mora",IA,Spain,7lcbpfihslisNObKdHjyLo,neutral,0.0011,0.0011,0.0319,0.1794,0.0199,0.0293,0.0012,0.0006,0.0064,0.0653,0.2485,0.0064,0.0025,0.0006,0.0013,0.0073,0.0017,0.0013,0.0011,0.0012,0.0071,0.0006,0.0135,0.0018,0.0065,0.0415,0.0007,0.4171,disapproval,0.4171
87,Maluma,Borro Cassette,Spain,6DUdDIRgLqCGq1DwkNWQTN,love,0.0181,0.0882,0.0057,0.0162,0.0576,0.0042,0.0207,0.0991,0.0049,0.0188,0.0112,0.0018,0.004,0.0734,0.004,0.0001,0.002,0.177,0.3943,0.0079,0.0059,0.0015,0.03,0.0043,0.0018,0.0159,0.048,0.0961,love,0.0961
88,"Bryant Myers, Dei V, SAIKO",Duro Ma,Spain,0Ze1qv8LIgg5Y7Bu4jzXIo,neutral,0.022,0.0013,0.006,0.0273,0.0558,0.0267,0.0013,0.0009,0.0073,0.0618,0.009,0.0037,0.0027,0.0018,0.0009,0.0026,0.0057,0.0073,0.0362,0.0015,0.0042,0.0016,0.0116,0.0034,0.0947,0.2157,0.0005,0.494,sadness,0.494
89,"Anuel AA, Haze",Amanece,Spain,1LiN0Z98FkR1t0m8KmLcAH,amusement,0.0243,0.3064,0.0128,0.0394,0.0286,0.0065,0.0081,0.0461,0.0169,0.0359,0.0166,0.0043,0.0013,0.0176,0.0017,0.0004,0.0011,0.0642,0.2375,0.0019,0.0051,0.0005,0.0101,0.0009,0.0013,0.0245,0.0024,0.2717,amusement,0.2717
90,"Quevedo, La Pantera",HALO,Spain,58ldPuiCULxm08TCZ8qX4D,neutral,0.003,0.0046,0.0454,0.183,0.0856,0.0132,0.0041,0.0048,0.0015,0.0051,0.0207,0.0037,0.0016,0.0009,0.0009,0.0004,0.0003,0.0019,0.0008,0.0006,0.0062,0.0008,0.0113,0.0013,0.0004,0.0017,0.0007,0.7463,annoyance,0.7463
92,Plan B,Es un Secreto,Spain,3KZCP2StVGdWkOKyRZNWA4,love,0.0652,0.0007,0.0017,0.0034,0.1462,0.0107,0.0011,0.0021,0.1321,0.0025,0.0026,0.0012,0.0003,0.0102,0.0006,0.0017,0.0004,0.0085,0.5592,0.0003,0.0255,0.0014,0.0054,0.0008,0.0006,0.0014,0.0008,0.1543,love,0.1543
93,Dani Fernández,Me has invitado a bailar,Spain,3tMftGMXTPbQlmjh4FzXpZ,desire,0.0959,0.0008,0.0022,0.0097,0.0913,0.003,0.0526,0.0963,0.3096,0.0103,0.0068,0.0018,0.0004,0.0215,0.0019,0.0004,0.0005,0.0039,0.0126,0.0016,0.077,0.0012,0.0079,0.0007,0.0005,0.0018,0.0036,0.1205,desire,0.1205
94,The Police,Every Breath You Take,Spain,1JSTJqkT5qHq8MDJnJbRE1,sadness,0.0021,0.0021,0.0062,0.0198,0.0073,0.0103,0.0039,0.0132,0.1134,0.1074,0.0051,0.0101,0.0028,0.0028,0.0061,0.0008,0.0205,0.0033,0.0154,0.0097,0.0039,0.0005,0.0116,0.0015,0.0096,0.7477,0.004,0.1975,sadness,0.1975
95,Viva Suecia,El Bien,Spain,6IuZFiKCeyQINqL0Id3xF2,disappointment,0.0016,0.0155,0.0205,0.2734,0.0274,0.0114,0.0344,0.0469,0.0025,0.323,0.2041,0.0031,0.0064,0.0012,0.0028,0.0002,0.0022,0.004,0.0008,0.0114,0.0128,0.0004,0.0328,0.0022,0.0032,0.0825,0.0024,0.1469,disappointment,0.1469
96,Mora,DETRÁS DE TU ALMA,Spain,2BvPMS2XWfnCpHHvWeOyeC,fear,0.0015,0.0014,0.0051,0.0202,0.0313,0.0114,0.0873,0.0444,0.0051,0.0562,0.0077,0.0055,0.0082,0.0027,0.3527,0.0002,0.0066,0.003,0.0064,0.1352,0.0066,0.0006,0.0629,0.0029,0.0053,0.1506,0.0083,0.2699,fear,0.2699
97,Melendi,Fecha de Caducidad,Spain,3LTHhkihfdgYtQMUNJQBgv,confusion,0.0029,0.0007,0.0054,0.0201,0.2099,0.0285,0.3693,0.015,0.0075,0.0322,0.0413,0.0023,0.0019,0.0012,0.0038,0.0005,0.002,0.0035,0.0931,0.0074,0.0181,0.0007,0.0943,0.0024,0.0093,0.027,0.0013,0.1785,confusion,0.1785
100,Bad Bunny,KLOuFRENS,Spain,4MUrUT38U98olfnyzMBCzm,sadness,0.1019,0.003,0.0213,0.0249,0.0149,0.0147,0.0263,0.0981,0.0167,0.1995,0.0227,0.0081,0.0039,0.0253,0.0199,0.0017,0.0248,0.0129,0.2581,0.0254,0.0067,0.0012,0.0142,0.0023,0.0161,0.6373,0.0208,0.0168,sadness,0.0168
103,"Omar Courtz, Eladio Carrion",MOONLIGHT,Spain,2TOsEYW3J1miYhmEeI9yBW,love,0.0366,0.2988,0.0054,0.0166,0.066,0.0075,0.0027,0.0071,0.0428,0.0052,0.0049,0.0027,0.0008,0.0159,0.0009,0.0002,0.0006,0.1438,0.3744,0.001,0.0075,0.0011,0.0072,0.0015,0.0006,0.003,0.0014,0.1563,love,0.1563
104,"PinkPantheress, Zara Larsson",Stateside + Zara Larsson,Spain,1DwscornXpj8fmOmYVlqZt,amusement,0.084,0.8475,0.0019,0.0056,0.0503,0.0048,0.0558,0.1303,0.0051,0.002,0.0039,0.0013,0.0012,0.0324,0.0014,0.0012,0.0006,0.1652,0.0114,0.0023,0.0265,0.0009,0.0131,0.0029,0.001,0.002,0.0054,0.0486,amusement,0.0486
105,"JC Reyes, Hades66",BARRIO FINO,Spain,5IuFotpjpllXzv7eOLKeqb,amusement,0.1113,0.3941,0.0718,0.064,0.0255,0.0024,0.0062,0.0192,0.0021,0.005,0.0076,0.0087,0.0014,0.005,0.001,0.0003,0.0004,0.023,0.0866,0.0006,0.0042,0.0009,0.0057,0.0005,0.0004,0.0016,0.0017,0.2881,amusement,0.2881
106,"Yan Block, Panda Black",444,Spain,1o4xkdBe0RjSf2u6VXi4OI,love,0.0224,0.0008,0.0236,0.0172,0.0931,0.0441,0.0174,0.0943,0.0769,0.0099,0.0123,0.0028,0.0006,0.0159,0.0066,0.0006,0.0012,0.0082,0.8278,0.0042,0.0357,0.0007,0.0057,0.0008,0.0015,0.0076,0.0029,0.0608,love,0.0608
107,"Omar Courtz, De La Rose",Q U E V A S H A C E R H O Y ?,Spain,0Sr7ssScx54yxdM2ols7nW,neutral,0.0025,0.011,0.0149,0.0317,0.015,0.0019,0.0032,0.0109,0.0267,0.0039,0.0025,0.0042,0.001,0.0412,0.0017,0.0002,0.0004,0.0097,0.0296,0.0007,0.0031,0.0005,0.0034,0.0005,0.0003,0.0018,0.0034,0.6772,excitement,0.6772
112,Chayanne,Bailando Bachata,Spain,2dK99lWPkBVwNen6gK1AtI,love,0.004,0.0033,0.0196,0.0309,0.0225,0.0145,0.0593,0.1329,0.1609,0.1561,0.0178,0.0067,0.0046,0.0133,0.0074,0.0006,0.009,0.0278,0.6864,0.0176,0.0105,0.0007,0.0152,0.0031,0.0249,0.3309,0.0085,0.0461,love,0.0461
113,Omar Courtz,UNA NOTi,Spain,61tC2eD62xjmkEX9FGEad7,neutral,0.002,0.0056,0.0752,0.2552,0.0141,0.0016,0.0151,0.0279,0.1027,0.0218,0.0379,0.0091,0.002,0.0147,0.0019,0.0002,0.0005,0.0036,0.0016,0.0012,0.0075,0.0006,0.0068,0.0005,0.0003,0.0027,0.005,0.463,annoyance,0.463
114,Omar Courtz,SKY,Spain,52eJOGfsKEEkHrfZt6Kl3p,neutral,0.0354,0.0032,0.0068,0.0687,0.0636,0.0009,0.01,0.0042,0.0018,0.0237,0.0062,0.0074,0.0067,0.0042,0.0019,0.0002,0.0009,0.0041,0.0068,0.0011,0.0029,0.0012,0.0786,0.0013,0.0007,0.0063,0.0037,0.6589,realization,0.6589
115,"Marshmello, Manuel Turizo",El Merengue,Spain,5KbBVSj6AJZ5662fO8EYFh,sadness,0.0006,0.0012,0.019,0.0699,0.0137,0.0083,0.0054,0.005,0.018,0.1717,0.0111,0.0051,0.0131,0.0015,0.0038,0.0003,0.0073,0.0039,0.0203,0.0089,0.0041,0.0007,0.0607,0.0023,0.0454,0.3477,0.0038,0.2365,sadness,0.2365
116,Alex Warren,Ordinary,Spain,2RkZ5LkEzeHGRsmDqKwmaJ,neutral,0.0123,0.0008,0.003,0.0067,0.0374,0.0103,0.0033,0.0236,0.1939,0.0057,0.0016,0.0017,0.0005,0.044,0.0023,0.0002,0.0008,0.0087,0.2003,0.0015,0.0165,0.0009,0.0045,0.001,0.0007,0.0042,0.0053,0.4195,love,0.4195
117,Siloé,Todos los Besos,Spain,2vSJKKmOEJQA5tr082p5XX,neutral,0.0042,0.0007,0.003,0.0101,0.0699,0.2665,0.0008,0.0012,0.0386,0.0016,0.0026,0.0012,0.0004,0.0052,0.0059,0.001,0.0007,0.0034,0.0069,0.0029,0.0384,0.0014,0.0072,0.0025,0.0007,0.0021,0.0006,0.5593,caring,0.5593
118,"8belial, yyy891, JOHNNYFUU",YSL,Spain,10lwU4asYs565RmEkPWHn5,neutral,0.0057,0.0119,0.0022,0.0122,0.0476,0.001,0.0012,0.0007,0.0033,0.0042,0.0023,0.0027,0.0019,0.0334,0.0017,0.0007,0.0007,0.0447,0.0063,0.0011,0.003,0.0031,0.0408,0.003,0.0005,0.0021,0.0046,0.8368,approval,0.8368
120,"Quevedo, Aitana",GRAN VÍA,Spain,2kQ1OvmMzs1xdlH020aJJh,confusion,0.0017,0.0437,0.0071,0.0462,0.0425,0.0186,0.4505,0.1613,0.0084,0.0867,0.0662,0.0032,0.0115,0.007,0.0078,0.0004,0.0034,0.0289,0.014,0.0251,0.012,0.0006,0.0335,0.0038,0.0836,0.1584,0.0042,0.1252,confusion,0.1252
121,"JC Reyes, Dei V",FLIPA,Spain,1dnKyTHMBWzbYZ2LDXBefu,neutral,0.0295,0.0022,0.0075,0.0275,0.0341,0.0034,0.0008,0.0011,0.0757,0.0044,0.0032,0.0045,0.0006,0.009,0.001,0.0005,0.0003,0.0046,0.0161,0.0004,0.006,0.0014,0.0049,0.0006,0.0003,0.0016,0.0007,0.6327,desire,0.6327
122,Manuel Turizo,Por un Pendejo no se llora,Spain,4VPl3WGYKxQG8EVis7uLDt,confusion,0.0111,0.1788,0.0093,0.0577,0.0674,0.0072,0.3884,0.285,0.0026,0.0151,0.0184,0.0022,0.0025,0.0057,0.003,0.0003,0.0009,0.0491,0.0057,0.0054,0.0314,0.0007,0.0232,0.0029,0.001,0.0027,0.0077,0.1313,confusion,0.1313
124,Yan Block,111,Spain,2SPBFiD8iITb8CKJGz1TEQ,neutral,0.0004,0.0009,0.0406,0.1205,0.0079,0.006,0.0584,0.0516,0.0064,0.0756,0.0113,0.0088,0.0038,0.0006,0.0089,0.0001,0.0035,0.0008,0.0027,0.0069,0.0036,0.0002,0.0164,0.0005,0.0026,0.1234,0.0039,0.4489,sadness,0.4489
125,"Danny Ocean, Kapo",Imagínate,Spain,7ns16ylM6sbxo9ZWIwyE5d,curiosity,0.0324,0.003,0.0015,0.0039,0.0819,0.0083,0.099,0.3434,0.1111,0.0017,0.0027,0.0008,0.0004,0.0473,0.0011,0.0009,0.0004,0.0306,0.0849,0.0008,0.0174,0.0008,0.0046,0.0012,0.0005,0.0012,0.0038,0.2292,curiosity,0.2292
127,"Bad Bunny, Los Pleneros de la Cresta",CAFé CON RON,Spain,6VNXmo59yDYgcwLS17UNAW,neutral,0.0043,0.0013,0.0041,0.0226,0.0319,0.4126,0.0169,0.0027,0.0042,0.0088,0.0197,0.0013,0.001,0.0019,0.0148,0.0021,0.0015,0.0045,0.0037,0.0093,0.0181,0.0009,0.0175,0.0043,0.0021,0.0075,0.0009,0.4593,caring,0.4593
128,"Mr Plata, El Americano 4KT",Las Muñequitas,Spain,4nJJCRYru4QQakCiUA155f,amusement,0.004,0.3923,0.029,0.0646,0.0214,0.0037,0.0039,0.0077,0.0184,0.0081,0.0121,0.0073,0.0019,0.0029,0.0008,0.0002,0.0005,0.0137,0.1057,0.0005,0.0035,0.0004,0.0075,0.0004,0.0006,0.0034,0.0011,0.3227,amusement,0.3227
129,"Anuel AA, Bad Bunny",Hasta Que Dios Diga,Spain,06s3QtMJVXw1AJX3UfvZG1,neutral,0.0098,0.1794,0.0105,0.0519,0.0407,0.0031,0.0021,0.0047,0.0096,0.0049,0.0061,0.0034,0.0009,0.0049,0.0007,0.0004,0.0003,0.0182,0.0099,0.0004,0.0048,0.0007,0.0069,0.0008,0.0003,0.0017,0.0008,0.6094,amusement,0.6094
130,Melendi,Caminando por la vida,Spain,47rUM6vGXo8gBGpeG5TuU7,neutral,0.0008,0.0023,0.0084,0.0307,0.0241,0.0148,0.0012,0.0011,0.0055,0.0554,0.0335,0.0042,0.0023,0.0012,0.0036,0.0004,0.0044,0.0081,0.006,0.0038,0.0027,0.0006,0.0197,0.0027,0.0034,0.2221,0.0009,0.6867,sadness,0.6867
131,Hades66,YO QUIERO,Spain,47sQ0h1xhlDWJ3nHbwYPrg,love,0.0156,0.1206,0.1494,0.1197,0.0182,0.0023,0.0025,0.0035,0.0308,0.0137,0.0203,0.0329,0.0022,0.0077,0.0012,0.0004,0.0006,0.023,0.4063,0.0005,0.006,0.001,0.0046,0.0005,0.0007,0.004,0.0017,0.0558,love,0.0558
132,"JC Reyes, De La Rose, MC Menor JP",NINFO,Spain,1CTTIrl42flqn1WYUoxl0H,neutral,0.0209,0.0015,0.0072,0.0279,0.0537,0.0029,0.0007,0.0007,0.0089,0.0291,0.0061,0.0095,0.0014,0.0049,0.0031,0.0003,0.0016,0.0052,0.0322,0.0018,0.0025,0.0014,0.0139,0.0013,0.0009,0.047,0.0012,0.7089,approval,0.7089
133,"La La Love You, Samuraï",El Principio de algo,Spain,10KB4HkYIpNOd0QhyohMre,love,0.0187,0.0013,0.1754,0.0872,0.0506,0.1166,0.0779,0.0791,0.0384,0.0286,0.0718,0.0125,0.0023,0.009,0.0188,0.0025,0.0034,0.0097,0.8688,0.014,0.0372,0.0012,0.0112,0.0016,0.0062,0.0226,0.0044,0.0211,love,0.0211
134,Zion & Lennox,La player (Bandolera),Spain,0VKkyBKCXyR99navhVRqcP,neutral,0.0009,0.0029,0.0041,0.0187,0.012,0.0021,0.0122,0.0424,0.0022,0.0035,0.0033,0.0015,0.0007,0.0027,0.0015,0.0002,0.0003,0.0019,0.0009,0.0009,0.0029,0.0001,0.0066,0.0004,0.0003,0.0019,0.0022,0.9099,curiosity,0.9099
135,Cristina Lora,2 PUÑALAITAS (de Andalucía),Spain,19FOoq7R0ULz8bamEpOprK,realization,0.0038,0.0104,0.0028,0.0212,0.0485,0.0008,0.0104,0.0051,0.0025,0.0225,0.0075,0.0071,0.0132,0.0168,0.0298,0.0003,0.0021,0.0094,0.0028,0.0103,0.0076,0.0019,0.4668,0.0044,0.0008,0.0078,0.2305,0.3767,realization,0.3767
136,Quevedo,Columbia,Spain,0uqt3MShCD4uYCIRNm6d4o,neutral,0.0114,0.0009,0.0096,0.0136,0.1044,0.0273,0.0039,0.0015,0.0413,0.0117,0.0055,0.004,0.0009,0.0035,0.0267,0.0021,0.0015,0.004,0.1564,0.0107,0.014,0.0012,0.0098,0.0015,0.0019,0.016,0.001,0.5219,love,0.5219
137,"Camin, Rvfv",Golfista,Spain,2R0RvdGFAOCznsB85KN0f4,neutral,0.0009,0.0013,0.0087,0.0638,0.0172,0.0028,0.0104,0.0242,0.1409,0.0418,0.02,0.003,0.0013,0.0027,0.003,0.0002,0.001,0.0018,0.0011,0.0029,0.0168,0.0004,0.0148,0.0008,0.0009,0.0156,0.0029,0.6265,desire,0.6265
138,Omar Courtz,SUSU,Spain,6dWJciH0aK0TWiDvVmMUX6,love,0.0084,0.0035,0.0033,0.0048,0.0322,0.0066,0.004,0.0178,0.1373,0.0027,0.002,0.0017,0.0004,0.0292,0.001,0.001,0.0004,0.0201,0.764,0.0007,0.0103,0.0004,0.0032,0.0005,0.0008,0.0022,0.0015,0.1396,love,0.1396
139,Estopa,Como Camarón,Spain,1VB4sadHjFcFklHcZuoROi,remorse,0.0083,0.0011,0.0065,0.0281,0.053,0.0099,0.1058,0.1113,0.0037,0.1629,0.0135,0.0032,0.0312,0.0017,0.0035,0.001,0.0067,0.0022,0.01,0.0085,0.0051,0.0008,0.0343,0.0018,0.3393,0.2278,0.0023,0.1064,remorse,0.1064
140,"Lady Gaga, Bruno Mars",Die With A Smile,Spain,7so0lgd0zP2Sbgs2d7a1SZ,love,0.0041,0.0059,0.0193,0.0341,0.021,0.0059,0.0205,0.004,0.1248,0.1998,0.0154,0.0139,0.0153,0.0068,0.0175,0.0012,0.0103,0.0154,0.6223,0.0227,0.0246,0.0021,0.2448,0.0041,0.0294,0.2458,0.0393,0.0281,love,0.0281
141,Romeo Santos,Imitadora,Spain,6r46lnXFbE9fr2d3KNaGbe,curiosity,0.005,0.0011,0.0171,0.0294,0.015,0.0176,0.2193,0.6308,0.0253,0.1251,0.0427,0.0055,0.0045,0.0055,0.0121,0.0006,0.0044,0.0037,0.3133,0.0119,0.0103,0.0002,0.0101,0.001,0.015,0.1159,0.0132,0.0753,curiosity,0.0753
142,Olivia Dean,So Easy (To Fall In Love),Spain,6sGIMrtIzQjdzNndVxe397,love,0.0153,0.0024,0.002,0.0043,0.2143,0.0066,0.002,0.0013,0.0084,0.0035,0.0053,0.0012,0.0005,0.0082,0.0007,0.0008,0.0004,0.0303,0.8439,0.0006,0.0117,0.0009,0.0116,0.0015,0.001,0.0027,0.0012,0.0914,love,0.0914
143,Ozuna,Se Preparó,Spain,1m69ELEgE6k5ZWsap40ozt,amusement,0.0686,0.756,0.0057,0.0226,0.0168,0.0026,0.0017,0.003,0.0032,0.0172,0.008,0.0048,0.0039,0.0013,0.0004,0.0005,0.0015,0.0287,0.0194,0.0005,0.0035,0.0006,0.0099,0.001,0.0056,0.0339,0.0008,0.0518,amusement,0.0518
144,"Omar Courtz, De La Rose, Haze",Kyoto,Spain,7eNwwoxDR8KVzNAuGvliAO,neutral,0.0049,0.0054,0.0122,0.0845,0.031,0.0016,0.0039,0.0037,0.0051,0.0227,0.0042,0.0095,0.0032,0.0133,0.013,0.0001,0.0012,0.0127,0.01,0.0049,0.0033,0.0012,0.0296,0.0016,0.0005,0.0112,0.0039,0.6002,annoyance,0.6002
146,Beéle,si te pillara,Spain,1C7NXX8UJ6pgNx8EkmyZDd,neutral,0.0021,0.0036,0.0032,0.016,0.016,0.0029,0.006,0.0049,0.0051,0.1473,0.0053,0.0042,0.0029,0.0055,0.0167,0.0005,0.0075,0.0042,0.0033,0.0242,0.0044,0.0005,0.0176,0.0012,0.0035,0.3729,0.0038,0.5286,sadness,0.5286
147,Clarent,Enzaciao,Spain,0h0mWHM5SkpS9rcmGyBoox,neutral,0.0017,0.0023,0.003,0.0283,0.0855,0.002,0.0043,0.004,0.0014,0.0062,0.1083,0.0009,0.0008,0.0028,0.0009,0.0004,0.0003,0.0034,0.0004,0.0006,0.0046,0.0006,0.0233,0.0015,0.0002,0.0015,0.0014,0.7487,disapproval,0.7487
149,Melendi,Tu jardín con enanitos,Spain,6yCjU5j6YHbux2VQCBTTE1,desire,0.0051,0.0024,0.0048,0.0117,0.0567,0.0332,0.0015,0.0027,0.4128,0.0114,0.0072,0.0043,0.0007,0.0045,0.0024,0.0013,0.0012,0.0052,0.3289,0.0018,0.0317,0.0008,0.0077,0.0013,0.0027,0.0136,0.0007,0.2495,desire,0.2495
150,Extremoduro,Stand By,Spain,6BxCmy6vGbuOckxg6YfQOW,neutral,0.0011,0.0034,0.0046,0.0142,0.0074,0.004,0.0017,0.0016,0.0294,0.0051,0.0027,0.0037,0.0008,0.0027,0.0027,0.0007,0.0008,0.0033,0.0025,0.0008,0.0065,0.0004,0.0057,0.0005,0.0008,0.0058,0.001,0.9317,desire,0.9317
151,Benson Boone,Beautiful Things,Spain,3xkHsmpQCBMytMJNiDf3Ii,love,0.0289,0.0005,0.0064,0.0095,0.085,0.1617,0.0243,0.0406,0.2822,0.0377,0.0236,0.0027,0.0011,0.0167,0.0331,0.0016,0.0041,0.0152,0.4533,0.0279,0.3244,0.0025,0.0135,0.0047,0.0123,0.0401,0.0048,0.0224,love,0.0224
152,"Abraham Mateo, Ana Mena",Quiero Decirte,Spain,4Oc1qHsjM4kM0AARvlwSs3,love,0.0054,0.0052,0.0229,0.0134,0.0354,0.0816,0.0554,0.0836,0.1288,0.0639,0.0271,0.006,0.0162,0.0064,0.0201,0.0037,0.0107,0.0116,0.726,0.0228,0.2026,0.0015,0.0576,0.0038,0.5116,0.2098,0.0118,0.0142,love,0.0142
153,"Feid, ATL Jacob",LUNA,Spain,7bywjHOc0wSjGGbj04XbVi,sadness,0.0056,0.0014,0.0165,0.0377,0.0124,0.016,0.0281,0.0467,0.1984,0.3369,0.0151,0.0076,0.0045,0.0049,0.0098,0.0006,0.0149,0.0051,0.1763,0.0256,0.0118,0.0008,0.022,0.0024,0.0274,0.5883,0.0095,0.049,sadness,0.049
154,"Bryant Myers, Anuel AA, Anonimus, Almighty",Esclava - Remix,Spain,2Mgur7BKnpr7OG3izSNFTA,amusement,0.0087,0.5308,0.0136,0.0289,0.0221,0.0062,0.0052,0.0496,0.0039,0.0026,0.004,0.0039,0.0012,0.0056,0.0008,0.0005,0.0004,0.0451,0.1611,0.0005,0.0068,0.0004,0.0047,0.0007,0.0007,0.002,0.0011,0.2758,amusement,0.2758
156,"Pepe y Vizio, Delaossa, KIDDO",El Patio,Spain,0PtLrH95CQ2lKf6pym5LmA,neutral,0.0038,0.0018,0.0025,0.0187,0.0178,0.0031,0.0015,0.0011,0.0096,0.1356,0.0044,0.0028,0.0022,0.0045,0.0022,0.0016,0.0061,0.0085,0.0044,0.0036,0.0043,0.0011,0.0196,0.0031,0.0034,0.2731,0.0018,0.589,sadness,0.589
157,"Maluma, Trap Capos, Noriel, Bryant Myers, Juhn","Cuatro Babys (feat. Trap Capos, Noriel, Bryant Myers & Juhn)",Spain,0JoHqmlqE0W0i9prt6kcHR,neutral,0.0046,0.0045,0.0359,0.1485,0.0533,0.0043,0.2202,0.0058,0.0048,0.0364,0.0171,0.007,0.003,0.0047,0.0033,0.0005,0.0013,0.0155,0.1978,0.0087,0.0046,0.0012,0.0275,0.0021,0.0042,0.0145,0.0026,0.3015,confusion,0.3015
158,"ROSALÍA, Björk, Yves Tumor",Berghain,Spain,2T8yuUKl1nhmtaIocqWo4i,love,0.01,0.0009,0.0332,0.0166,0.0691,0.094,0.0031,0.0021,0.0239,0.0072,0.0066,0.006,0.0014,0.0084,0.0625,0.0014,0.0027,0.0062,0.7528,0.0105,0.0264,0.0021,0.0153,0.002,0.0023,0.0146,0.0028,0.0858,love,0.0858
159,Boza,Hecha Pa' Mi,Spain,3VvA1wSxukMLsvXoXtlwWx,love,0.0138,0.0051,0.0277,0.0444,0.034,0.0046,0.0089,0.0021,0.0065,0.0978,0.0246,0.0174,0.01,0.003,0.005,0.0011,0.0029,0.0096,0.8789,0.0046,0.0045,0.0012,0.0702,0.0016,0.0069,0.0783,0.0079,0.0247,love,0.0247
160,"JC Reyes, David Marley",CELOSA,Spain,0dLdgRj8l4N0rmAwDxIV1Z,neutral,0.0025,0.002,0.0128,0.0127,0.0374,0.0124,0.0015,0.0011,0.0114,0.0058,0.0034,0.0036,0.0008,0.0046,0.0043,0.0003,0.0016,0.0069,0.3387,0.0015,0.0044,0.0008,0.0115,0.001,0.0011,0.0143,0.0014,0.6912,love,0.6912
161,Fito y Fitipaldis,Me equivocaría otra vez,Spain,5SMdW9cbM4wTMMPI8Ck08a,confusion,0.002,0.0732,0.0084,0.0764,0.0505,0.0078,0.3532,0.0349,0.0195,0.0833,0.0716,0.0022,0.0059,0.0134,0.0044,0.0007,0.0019,0.3061,0.0065,0.0294,0.0349,0.0016,0.065,0.0134,0.0054,0.0236,0.0039,0.061,confusion,0.061
162,sombr,back to friends,Spain,7qjZnBKE73H4Oxkopwulqe,fear,0.003,0.003,0.0072,0.0186,0.0116,0.0169,0.0858,0.1002,0.0091,0.0252,0.0066,0.0081,0.0068,0.0062,0.7221,0.0004,0.0062,0.0034,0.0077,0.1899,0.0075,0.0006,0.0245,0.0022,0.0031,0.0687,0.0136,0.1888,fear,0.1888
163,Los Delinqüentes,El aire de la calle,Spain,2PaETSKl3w3IdtLIbDnQXJ,neutral,0.0029,0.0038,0.0412,0.0495,0.0176,0.0026,0.0032,0.0022,0.0046,0.0471,0.0117,0.0179,0.0113,0.003,0.0046,0.0005,0.0016,0.0044,0.3944,0.0022,0.0026,0.0007,0.0136,0.0007,0.003,0.0306,0.0036,0.4796,love,0.4796
164,"Quevedo, Pitbull",MR. MOONDIAL,Spain,67LKV40NfSSGIJnm0xz6fi,neutral,0.0045,0.2492,0.0023,0.009,0.0462,0.0025,0.0017,0.0037,0.0026,0.002,0.0017,0.0016,0.001,0.0124,0.001,0.0003,0.0004,0.0593,0.0237,0.0006,0.0049,0.0008,0.0124,0.0013,0.0005,0.0019,0.0017,0.6206,amusement,0.6206
165,Teddy Swims,Lose Control,Spain,17phhZDn6oGtzMe56NuWvj,disappointment,0.0007,0.0013,0.0253,0.2104,0.014,0.009,0.0269,0.0332,0.0256,0.4297,0.0261,0.0147,0.0107,0.0023,0.0161,0.0002,0.006,0.0019,0.0047,0.0446,0.0063,0.0004,0.0231,0.0017,0.0075,0.3678,0.0048,0.127,disappointment,0.127
166,Kapo,OHNANA,Spain,482PEx8hfMHSsuGtHd960A,admiration,0.5663,0.0032,0.0033,0.0089,0.0366,0.0009,0.0057,0.0053,0.006,0.0071,0.0061,0.0021,0.001,0.3364,0.0031,0.0006,0.0009,0.068,0.0902,0.0019,0.0032,0.0074,0.013,0.0018,0.0002,0.0018,0.0515,0.0324,admiration,0.0324
167,"Mora, Bad Bunny, Sech",Volando - Remix,Spain,0G2zPzWqVjR68iNPmx2TBe,disappointment,0.0203,0.0045,0.0144,0.0907,0.0426,0.0067,0.0579,0.0707,0.0218,0.3248,0.0554,0.0037,0.0047,0.0077,0.003,0.0004,0.0028,0.0744,0.125,0.0141,0.0135,0.0011,0.0232,0.0056,0.0062,0.0807,0.0031,0.0613,disappointment,0.0613
168,Romeo Santos,Propuesta Indecente,Spain,5PycBIeabfvX3n9ILG7Vrv,joy,0.1498,0.0658,0.0024,0.0062,0.1392,0.0163,0.0291,0.2795,0.0056,0.0015,0.0049,0.0008,0.0009,0.1279,0.0014,0.0016,0.0008,0.5543,0.0457,0.0024,0.0171,0.0027,0.0063,0.0065,0.0007,0.0015,0.0042,0.0459,joy,0.0459
169,ROSALÍA,Reliquia,Spain,4ORvXsPK9AJmDzm36BYcdy,sadness,0.0051,0.0006,0.0035,0.0231,0.1076,0.0128,0.0018,0.0007,0.0029,0.1767,0.0923,0.0023,0.0031,0.0019,0.0031,0.0016,0.0068,0.0105,0.0069,0.0057,0.0034,0.0023,0.0492,0.0118,0.0059,0.3346,0.0017,0.1931,sadness,0.1931
170,"JC Reyes, Pirlo",REMEDIO,Spain,63zeT81t627KKfZsC920QN,neutral,0.0018,0.0005,0.0125,0.0568,0.0476,0.0261,0.0799,0.0217,0.0349,0.0214,0.0208,0.0029,0.0013,0.0023,0.0033,0.0005,0.0012,0.0031,0.2747,0.0035,0.0167,0.0005,0.0118,0.0011,0.0024,0.0123,0.0012,0.409,love,0.409
171,Pablo Chill-E,Resentia,Spain,2ANtIUI9cipWNI685VdlZb,love,0.0028,0.2567,0.0369,0.0728,0.0222,0.0138,0.0018,0.0012,0.0089,0.0511,0.0256,0.0158,0.0078,0.0011,0.0022,0.0006,0.002,0.0064,0.3262,0.0021,0.007,0.0006,0.0161,0.001,0.0144,0.0804,0.0009,0.2397,love,0.2397
172,"Bad Bunny, Chuwi",WELTiTA,Spain,5WEF0icHWmAZBBMglBd599,love,0.0837,0.0034,0.0025,0.0033,0.0503,0.0102,0.0032,0.0105,0.0467,0.0026,0.0026,0.0014,0.0004,0.0218,0.0011,0.0052,0.0005,0.0484,0.9207,0.0008,0.025,0.0008,0.0048,0.0008,0.0011,0.0028,0.002,0.0196,love,0.0196
173,Anuel AA,¿Qué Nos Pasó?,Spain,7k3qWn8D43a5ISa3x8lJux,neutral,0.001,0.0079,0.1629,0.333,0.0218,0.0034,0.018,0.0526,0.0026,0.025,0.023,0.0128,0.0042,0.0035,0.0057,0.0001,0.0008,0.0034,0.001,0.0021,0.0047,0.0008,0.0108,0.0006,0.0004,0.005,0.0142,0.4156,annoyance,0.4156
174,The Goo Goo Dolls,Iris,Spain,6Qyc6fS4DsZjB2mRW9DsQs,desire,0.0027,0.0012,0.0056,0.0277,0.0194,0.0224,0.0022,0.0056,0.679,0.0345,0.0134,0.0075,0.001,0.0027,0.0024,0.0009,0.0021,0.0021,0.0191,0.003,0.015,0.0006,0.0087,0.001,0.0029,0.046,0.0009,0.267,desire,0.267
176,Siloé,"Si Me Necesitas, Llámame",Spain,4DEdfr4plBy97DH4YPg4At,annoyance,0.0007,0.0012,0.0923,0.3829,0.0101,0.0033,0.0682,0.0166,0.012,0.3076,0.0281,0.0153,0.0103,0.0028,0.0313,0.0002,0.0033,0.0023,0.0025,0.0375,0.0078,0.0007,0.039,0.0015,0.0022,0.0792,0.01,0.1809,annoyance,0.1809
177,"Omar Courtz, BASSYY",GANTEL y BELLAKz,Spain,7cVS9dvpA6p2dIVibiGaso,neutral,0.0024,0.112,0.0093,0.0524,0.0248,0.0046,0.0008,0.001,0.0031,0.0058,0.0129,0.0026,0.001,0.0032,0.001,0.0002,0.0004,0.0216,0.0135,0.0006,0.0048,0.0005,0.007,0.0009,0.0004,0.0035,0.0006,0.7286,amusement,0.7286
178,"Sebastian Yatra, Manuel Turizo, Beéle",Vagabundo,Spain,68nZjz3bLH1MM0cURT1YVH,love,0.0174,0.002,0.0085,0.0148,0.0577,0.0151,0.0212,0.0077,0.014,0.0174,0.0113,0.0029,0.001,0.0028,0.0019,0.0042,0.0012,0.0066,0.8969,0.0027,0.0124,0.0005,0.0154,0.0008,0.0041,0.0192,0.0017,0.0578,love,0.0578
179,SAIKO,COSAS QUE NO TE DIJE,Spain,5xSt1wxZobFcLzHrFakv6z,love,0.0083,0.002,0.0072,0.014,0.0432,0.0222,0.2275,0.2815,0.0213,0.0189,0.0158,0.0061,0.0035,0.0116,0.2472,0.0007,0.0026,0.0071,0.4255,0.0555,0.032,0.0008,0.0285,0.0015,0.0043,0.018,0.0132,0.1058,love,0.1058
180,"Eflexx, D.Valentino, Enry-K",Tititi,Spain,1V6EjrslcQOQrKgjrUvgi1,neutral,0.007,0.1736,0.0069,0.0212,0.1541,0.0697,0.0055,0.0191,0.0117,0.0126,0.0095,0.001,0.0007,0.0051,0.0015,0.0008,0.0011,0.0927,0.0971,0.0028,0.0325,0.0014,0.013,0.0042,0.0017,0.0099,0.0005,0.3075,amusement,0.3075
181,"Bad Bunny, Bomba Estéreo",Ojitos Lindos,Spain,3k3NWokhRRkEPhCzPmV8TW,love,0.0669,0.0063,0.0026,0.0334,0.1105,0.0029,0.0012,0.0006,0.0035,0.0298,0.0114,0.0022,0.0026,0.0089,0.0012,0.0006,0.0012,0.0561,0.4046,0.0015,0.0055,0.0037,0.1248,0.0057,0.0009,0.0086,0.0028,0.313,love,0.313
182,"Lauta, Amigo de Artistas, Tote",Puñaladas,Spain,4AL4EamHEBKPpdcFRkYdXN,love,0.4384,0.0013,0.0131,0.0211,0.0255,0.014,0.0112,0.0275,0.0902,0.2012,0.0235,0.0094,0.0025,0.0089,0.0038,0.0017,0.0096,0.0158,0.4747,0.0064,0.0088,0.0022,0.0081,0.0022,0.0078,0.2573,0.004,0.0099,love,0.0099
183,LAJA,SETEADORA,Spain,3jKrhSKDKOUlKYpNL12zjb,neutral,0.0018,0.0034,0.0042,0.0115,0.0125,0.0013,0.0172,0.0736,0.002,0.0026,0.0037,0.0018,0.0007,0.0029,0.0012,0.0005,0.0004,0.0022,0.0014,0.0004,0.0025,0.0003,0.0048,0.0003,0.0003,0.0019,0.0018,0.9147,curiosity,0.9147
184,Bad Bunny,MONACO,Spain,4MjDJD8cW7iVeWInc2Bdyj,neutral,0.043,0.0817,0.0095,0.0735,0.0702,0.0031,0.0135,0.0369,0.0036,0.0194,0.0239,0.0048,0.0017,0.003,0.0019,0.0002,0.0014,0.0089,0.0083,0.0032,0.007,0.0006,0.0184,0.0014,0.0011,0.0232,0.003,0.4491,amusement,0.4491
185,"De La Rose, Omar Courtz",NUBES,Spain,5PPYg2Fa1fCkrRBv6vIeeU,sadness,0.0529,0.0027,0.0057,0.0155,0.0587,0.0033,0.0062,0.0203,0.0046,0.0953,0.0056,0.0056,0.0031,0.0131,0.0017,0.0006,0.0086,0.0084,0.0634,0.0016,0.0025,0.001,0.0116,0.0012,0.0244,0.3344,0.003,0.3313,sadness,0.3313
186,Omar Courtz,M U S A E L E V Á,Spain,7vPsviPvbWsFd9VuftF5JT,neutral,0.0006,0.0019,0.0027,0.0216,0.0186,0.0037,0.0269,0.0306,0.0095,0.0095,0.0036,0.0018,0.0011,0.0083,0.0046,0.0001,0.0007,0.0054,0.002,0.0061,0.0042,0.0003,0.0122,0.0011,0.0004,0.0063,0.003,0.7681,curiosity,0.7681
187,"KAROL G, Feid",Verano Rosa,Spain,0nafF9MxcXJBQWv3BTKtdF,love,0.0041,0.002,0.0093,0.0254,0.0287,0.0037,0.0687,0.2465,0.0087,0.017,0.012,0.0042,0.0026,0.0082,0.0035,0.0001,0.001,0.004,0.386,0.0028,0.0042,0.0002,0.0117,0.0005,0.0014,0.0096,0.0114,0.2394,love,0.2394
188,Omar Courtz,OUTRO,Spain,3nREMKR9AuM6AikqWwcAUA,neutral,0.1115,0.0015,0.0141,0.0663,0.0587,0.0082,0.0781,0.0582,0.0042,0.0284,0.0279,0.0058,0.0029,0.0071,0.0037,0.0146,0.001,0.0092,0.2482,0.0024,0.0094,0.0025,0.0175,0.0017,0.0019,0.0056,0.0063,0.4685,love,0.4685
189,"ROSALÍA, Rauw Alejandro",BESO,Spain,609E1JCInJncactoMmkDon,love,0.0089,0.0013,0.0851,0.044,0.0204,0.0265,0.0247,0.0688,0.0678,0.0273,0.0196,0.0091,0.0016,0.0079,0.0079,0.0006,0.0027,0.0104,0.8859,0.0054,0.0093,0.0005,0.0076,0.0008,0.0035,0.0366,0.0035,0.0529,love,0.0529
190,"SAIKO, Omar Courtz",LOKENECESITAS,Spain,1cQx85WypWumn7ZQjUxWQi,admiration,0.4408,0.0012,0.0036,0.0078,0.1563,0.0039,0.0117,0.0219,0.0027,0.0049,0.0053,0.0016,0.0004,0.0053,0.0008,0.0003,0.0004,0.0043,0.414,0.0004,0.0055,0.001,0.0076,0.0004,0.0004,0.0023,0.0019,0.1116,admiration,0.1116
191,"JHAYCO, J Balvin, Bad Bunny",No Me Conoce - Remix,Spain,2beS6dD5rovBxSA1zYoSHR,neutral,0.0228,0.2276,0.003,0.0117,0.0592,0.0018,0.0342,0.0817,0.0012,0.0034,0.0079,0.0021,0.001,0.0045,0.0009,0.0003,0.0003,0.0127,0.0354,0.0006,0.0044,0.0006,0.0092,0.0007,0.0004,0.0013,0.0018,0.6173,amusement,0.6173
192,Ultraligera,Lapsus,Spain,5gaHUShVDYB2kn5s0xzIAi,sadness,0.0046,0.0038,0.009,0.0305,0.0358,0.0209,0.0031,0.0031,0.0408,0.2132,0.0168,0.0037,0.0036,0.0064,0.002,0.0006,0.0084,0.0565,0.4236,0.0106,0.0077,0.0015,0.0233,0.0057,0.014,0.4737,0.0025,0.0415,sadness,0.0415
193,"C. Tangana, Niño de Elche, La Húngara",Tú Me Dejaste De Querer,Spain,5ddFjrPG8NgQQ6xlOQIVd2,neutral,0.0062,0.0138,0.0096,0.0166,0.0335,0.01,0.0081,0.0184,0.0223,0.1233,0.0085,0.0039,0.0072,0.0656,0.0031,0.0006,0.0049,0.0227,0.2906,0.0059,0.0068,0.0011,0.0164,0.0019,0.0638,0.2328,0.0085,0.3969,love,0.3969
194,Don Omar,Dile,Spain,69Ej1xrGjOcHvIMtMKxK0G,neutral,0.001,0.0022,0.0115,0.0357,0.0097,0.0032,0.0021,0.0019,0.0046,0.0071,0.0058,0.0043,0.001,0.001,0.0013,0.0003,0.0006,0.0012,0.0035,0.0004,0.0042,0.0003,0.006,0.0003,0.0007,0.0039,0.0007,0.9383,annoyance,0.9383
195,Fito y Fitipaldis,La casa por el tejado,Spain,428cFrawSqeLoyooQjAW9d,realization,0.0057,0.003,0.0041,0.0685,0.0702,0.002,0.3398,0.0283,0.0019,0.1549,0.0155,0.0047,0.0221,0.0048,0.0163,0.0028,0.0041,0.0257,0.0015,0.0424,0.0141,0.0031,0.3943,0.0197,0.0037,0.0181,0.0329,0.0992,realization,0.0992
196,"Yapi, SOUNDPLUG",POR TI,Spain,3Ip1sc72P5uz8BUB9kb4QQ,sadness,0.0456,0.0007,0.0053,0.0353,0.0564,0.0151,0.0008,0.0009,0.0164,0.1776,0.0167,0.0041,0.0009,0.0014,0.0015,0.0006,0.0062,0.0041,0.0137,0.0027,0.0044,0.0014,0.0146,0.0023,0.0015,0.3639,0.0007,0.1719,sadness,0.1719
197,La Oreja de Van Gogh,Rosas,Spain,4waqcUQWdj0yH26STWl2Rq,love,0.0104,0.0017,0.0062,0.0118,0.0184,0.0065,0.0164,0.0311,0.0721,0.0969,0.0071,0.0044,0.0028,0.0198,0.0105,0.0006,0.0052,0.015,0.8815,0.0123,0.02,0.0009,0.0245,0.0018,0.0054,0.1216,0.0313,0.0581,love,0.0581
198,C. Tangana,Mala Mujer,Spain,067QpM2xLhK24hTiovC3Zo,sadness,0.001,0.0013,0.029,0.0957,0.0062,0.0036,0.0023,0.0022,0.0297,0.2178,0.0144,0.0257,0.005,0.0018,0.0181,0.0004,0.0092,0.0022,0.003,0.0117,0.0028,0.0006,0.0172,0.0012,0.0025,0.4846,0.0033,0.2037,sadness,0.2037
199,Sabrina Carpenter,Manchild,Spain,2BwO5K8Q7EPAJSGze3AAh9,love,0.0052,0.0027,0.1076,0.1433,0.0338,0.0097,0.2841,0.251,0.0147,0.1331,0.1413,0.0107,0.0059,0.004,0.0062,0.0005,0.0021,0.0065,0.3581,0.006,0.0272,0.0005,0.0194,0.001,0.0113,0.0273,0.0089,0.0405,love,0.0405
200,"John Pollõn, TylerB",Vehículo longo,Spain,0GHaZd4ggGCx2RlMsDr9Vj,disappointment,0.0007,0.0152,0.0103,0.1825,0.0693,0.0114,0.0211,0.0123,0.0149,0.3234,0.1421,0.0027,0.0112,0.0014,0.002,0.0002,0.0024,0.0113,0.0029,0.0094,0.0224,0.0006,0.0358,0.0043,0.0188,0.1115,0.0009,0.1396,disappointment,0.1396
