rank,artist,title,region,spotify_uri,dominant_emotion,emotion_love,emotion_longing,emotion_joy,emotion_heartbreak,emotion_grief,emotion_despair,emotion_hope,emotion_lonely,emotion_sensual,emotion_anger
1,"Mr Plata, El Americano 4KT",Las Muñequitas,Colombia,4nJJCRYru4QQakCiUA155f,sensual,0.4198,0.8852,0.1638,0.5387,0.5822,0.2368,0.1735,0.6317,0.9628,0.7417
2,"ARIA VEGA, Ryan Castro",CHÉVERE (premium_remix),Colombia,3CBEVPwR3kUXDoTx1lqFUQ,null,null,null,null,null,null,null,null,null,null,null
3,"Ryan Castro, Kapo, Gangsta",LA VILLA,Colombia,2ZyrAym0sRLwt4PhGotHuI,sensual,0.2096,0.399,0.3485,0.0,0.1351,0.0,0.1933,0.1446,0.9865,0.2804
4,Kris R.,GANAS,Colombia,4KE9Ne3hgh18B3Th4xcylg,null,null,null,null,null,null,null,null,null,null,null
5,"W Sound, Beéle, Ovy On The Drums",La Plena - W Sound 05,Colombia,6iOndD4OFo7GkaDypWQIou,sensual,0.9199,0.9352,0.2911,0.0,0.0,0.0,0.1598,0.0,0.9919,0.0
6,Beéle,no tiene sentido,Colombia,1HEwEN64NjgTaHmo7LfkX8,longing,0.8587,0.9793,0.0,0.8316,0.844,0.7556,0.3391,0.8399,0.8988,0.7297
7,"J Balvin, Ryan Castro, DJ Snake",Tonto,Colombia,7mU1fei7P9h4mpjP2Otdw5,null,null,null,null,null,null,null,null,null,null,null
8,Beéle,quédate,Colombia,6VfL3MEuYeJbDlD8m011HR,longing,0.94,0.982,0.2165,0.957,0.8765,0.6019,0.2767,0.8553,0.9389,0.6352
9,Grupo Firme,El Beneficio De La Duda,Colombia,5yXt80BNZGbmHFd0NHZHNn,null,null,null,null,null,null,null,null,null,null,null
10,"Yeison Jimenez, Luis Alfonso",Destino Final,Colombia,2E4TYekUduml1DWIqQWNcj,null,null,null,null,null,null,null,null,null,null,null
11,"Blessd, Los Money Makers, Prodmonja",NUEVA YORK,Colombia,5U3sC7aA5NxoMSeI1kmO2n,null,null,null,null,null,null,null,null,null,null,null
12,Blessd,YOGURCITO,Colombia,6rZno3nqeT7hv2PnSWRuYS,null,null,null,null,null,null,null,null,null,null,null
13,"Beéle, Ovy On The Drums",mi refe,Colombia,4zhk2RS2EZODmBW6il55Qj,love,0.9869,0.9439,0.3927,0.2606,0.1864,0.1337,0.3401,0.413,0.9534,0.1616
14,Bad Bunny,BAILE INoLVIDABLE,Colombia,2lTm559tuIvatlT1u0JYG2,lonely,0.9417,0.9651,0.4153,0.9632,0.9165,0.6286,0.2942,0.9786,0.9704,0.4609
15,"Omar Courtz, Ñengo Flow",FOREVER TU GANTEL,Colombia,1YAWMfsmduIrpqrjP45pFn,sensual,0.4148,0.9397,0.0,0.4799,0.3199,0.0,0.0,0.7327,0.9675,0.6846
16,"Blessd, Ovy On The Drums",AMISTA,Colombia,1kJyDcBrZ7rSKnFtKc82vm,null,null,null,null,null,null,null,null,null,null,null
17,"Blessd, Anuel AA, Yan Block, Luar La L, Kris R., ROA","YOGURCITO REMIX (feat. Kris R., ROA)",Colombia,7nrd0eIftH3NQLfgk20Qp9,sensual,0.6704,0.9276,0.4736,0.318,0.2331,0.0,0.1783,0.5253,0.9942,0.5545
18,Yeison Jimenez,Por Qué la Envidia,Colombia,433eYQkvCgJKXh1o7LtplV,null,null,null,null,null,null,null,null,null,null,null
19,"Fuerza Regida, Grupo Frontera",COQUETA,Colombia,1PREzVLuDT6PSE9sej4wnV,sensual,0.8836,0.9923,0.1263,0.8438,0.6688,0.1326,0.204,0.631,0.9979,0.1218
20,"Blessd, Ovy On The Drums","""EMHDM""",Colombia,5NbIHx26LyFkW2oSNSCYBV,null,null,null,null,null,null,null,null,null,null,null
21,"Ryan Castro, Dongo",SANKA,Colombia,46ufabZP6oK3ixmN6Gd753,null,null,null,null,null,null,null,null,null,null,null
22,Bad Bunny,DtMF,Colombia,3sK8wGT43QFpWrvNQsrQya,longing,0.8705,0.8742,0.7961,0.5457,0.4095,0.0,0.6442,0.4561,0.874,0.751
23,"Kapo, Ryan Castro",DÓNDE,Colombia,4zqFA9MOG86u7uugR8QFDU,null,null,null,null,null,null,null,null,null,null,null
24,"J Balvin, Bad Bunny",LA CANCIÓN,Colombia,0fea68AdmYNygeTGI4RC18,lonely,0.8145,0.9289,0.2435,0.9284,0.8183,0.7526,0.66,0.9619,0.8217,0.4781
25,Omar Courtz,POR SI MAÑANA NO ESTOY,Colombia,595wwjQiad6e6lSTScmXvz,lonely,0.9196,0.9829,0.3349,0.966,0.8683,0.6676,0.5895,0.9918,0.9607,0.6077
26,Arcángel,Por Amar A Ciegas,Colombia,2BrfJdTXohQRtWBKsBTIp0,null,null,null,null,null,null,null,null,null,null,null
27,Kapo,UWAIE,Colombia,0fMjldiEpgjbWQ4bBQwVzH,sensual,0.9759,0.9755,0.6875,0.1239,0.0,0.0,0.4903,0.1743,0.9867,0.0
28,Yeison Jimenez,Vete,Colombia,6cZcn282SIMmuO8FHN8634,null,null,null,null,null,null,null,null,null,null,null
29,Lenin Ramírez,Todo Lo Fue,Colombia,0Sa8aRfGckW0qUGLrBwoBG,null,null,null,null,null,null,null,null,null,null,null
30,Bad Bunny,EoO,Colombia,6J5kc12BW5HuP3d7C3vvx8,longing,0.5536,0.97,0.6187,0.1103,0.4303,0.1006,0.3754,0.0,0.8936,0.392
31,ARIA VEGA,CHÉVERE (joesón_type_beat),Colombia,5OQCghydcEeA76eGdJ6GEa,null,null,null,null,null,null,null,null,null,null,null
32,"Nanpa Básico, Beéle",Hasta Aquí Llegué,Colombia,0Qe2g06yzLBuuSvVmFiweP,null,null,null,null,null,null,null,null,null,null,null
33,"Ovy On The Drums, Quevedo, Beéle",YO y TÚ,Colombia,7koAf6aZgjO6TS7bipfPD0,sensual,0.4436,0.4481,0.1626,0.4679,0.2748,0.0,0.2027,0.0,0.8813,0.0
34,"Kybba, Sean Paul, Ryan Castro, Busy Signal",Ba Ba Bad Remix,Colombia,0lMafSfME2iJEE972bsQaK,null,null,null,null,null,null,null,null,null,null,null
35,"Héctor ""El Father"", Wisin & Yandel",El Teléfono,Colombia,614NVFo5csQqRnryl4jXs2,longing,0.5988,0.9753,0.125,0.607,0.3078,0.2913,0.2194,0.8876,0.9715,0.6218
36,Herencia De Grandes,Ya Borracho,Colombia,4NyUIohBa3CEMGcXURYSOh,null,null,null,null,null,null,null,null,null,null,null
37,"Yeison Jimenez, Chayín Rubio",El Mejor - Remix,Colombia,1xRRW5ZrL7I9EG8CGZrXHE,null,null,null,null,null,null,null,null,null,null,null
38,Bad Bunny,NO ME QUIERO CASAR,Colombia,39L3LdlHS3gqB62HPWaJRg,sensual,0.1705,0.8154,0.121,0.7817,0.3661,0.2439,0.2748,0.8478,0.8973,0.6626
39,Beéle,top diesel,Colombia,2QP041AcWg8PwPIWP95RKN,null,null,null,null,null,null,null,null,null,null,null
40,"Bad Bunny, Omar Courtz, Dei V",VeLDÁ,Colombia,7d6yK8v8J484SWH5prIQiE,sensual,0.639,0.8098,0.2829,0.0,0.2054,0.0,0.4967,0.157,0.9394,0.3125
41,"Luister La Voz, maikol el insoportable",Ozono,Colombia,4acvrfbXrDPFQNNDnFZnpC,null,null,null,null,null,null,null,null,null,null,null
42,Yeison Jimenez,Un Perro Enamorado,Colombia,3kcr3teEgyTOVIAxMPOPeO,null,null,null,null,null,null,null,null,null,null,null
43,Arcángel,Pa' Que La Pases Bien,Colombia,1pLCpA1RN8avJxSD3ZCwhj,null,null,null,null,null,null,null,null,null,null,null
44,"El Bogueto, Yung Beef",Cuando No Era Cantante,Colombia,6N2iccqxRInhTLHc2Fu3W0,longing,0.9043,0.9929,0.4282,0.9134,0.7976,0.2507,0.8156,0.9518,0.9892,0.7434
45,"Bad Bunny, Ozuna, Farruko, Arcángel, Ñengo Flow, DJ Luian, Mambo Kingz",Diles,Colombia,6C1RD7YQVvt3YQj0CmuTeu,sensual,0.227,0.7566,0.2718,0.0,0.1666,0.0,0.1115,0.0,0.9948,0.5378
46,Bad Bunny,VOY A LLeVARTE PA PR,Colombia,59D4DOkspUbWyMmbAPQkxZ,sensual,0.2833,0.8849,0.4292,0.3169,0.3863,0.1404,0.4609,0.4861,0.9909,0.6639
47,Arcángel,Hace Mucho Tiempo,Colombia,0a6ogDrZBvYgDjILgsQVaJ,null,null,null,null,null,null,null,null,null,null,null
48,"Feid, ATL Jacob",LUNA,Colombia,7bywjHOc0wSjGGbj04XbVi,longing,0.7103,0.9914,0.2024,0.9845,0.9555,0.8998,0.1585,0.9805,0.9045,0.9727
49,"El Bogueto, Anuel AA, Fuerza Regida, Yung Beef",Cuando No Era Cantante - Remix,Colombia,2pbSCYzxrG0wa6qcj8IyiE,sensual,0.8646,0.9782,0.1985,0.5664,0.4762,0.0,0.4974,0.6412,0.9932,0.529
50,Kris R.,MIL D AURA,Colombia,0LvxvoeJmdhkxRIC4orlJ3,null,null,null,null,null,null,null,null,null,null,null
51,"Blessd, Fuerza Regida, Ovy On The Drums",COMO OREO,Colombia,7sRXb5IgYWwVv1DaavHSNs,null,null,null,null,null,null,null,null,null,null,null
52,Plan B,Es un Secreto,Colombia,3KZCP2StVGdWkOKyRZNWA4,sensual,0.8752,0.9424,0.6731,0.0,0.0,0.0,0.7725,0.1035,0.9886,0.0
53,Yeison Jimenez,MLP,Colombia,4DAMvNqHt0s8zJr6JwOoye,null,null,null,null,null,null,null,null,null,null,null
54,"Blessd, Los Money Makers, Prodmonja",URUS BLUE,Colombia,4sTnItbNUAcS5KDG6vTA5B,null,null,null,null,null,null,null,null,null,null,null
55,"Maluma, Trap Capos, Noriel, Bryant Myers, Juhn","Cuatro Babys (feat. Trap Capos, Noriel, Bryant Myers & Juhn)",Colombia,0JoHqmlqE0W0i9prt6kcHR,sensual,0.6281,0.8572,0.1439,0.7529,0.6225,0.7793,0.0,0.7585,0.9218,0.5224
56,"Danny Ocean, Kapo",Imagínate,Colombia,7ns16ylM6sbxo9ZWIwyE5d,sensual,0.5235,0.8129,0.3978,0.2047,0.1172,0.0,0.441,0.4442,0.8571,0.1078
57,"Bryant Myers, Anuel AA, Anonimus, Almighty",Esclava - Remix,Colombia,2Mgur7BKnpr7OG3izSNFTA,sensual,0.3761,0.7495,0.2364,0.4707,0.4826,0.5564,0.1385,0.2492,0.9806,0.7961
58,"CARABIN3, SVNTI",MUSA,Colombia,0QuHK1VvIZ1Kt2GfqRrdVo,null,null,null,null,null,null,null,null,null,null,null
59,Arcángel,Me Prefieres A Mi,Colombia,3GhmL9fuM8jwGcHCFbeo3v,null,null,null,null,null,null,null,null,null,null,null
60,"Blessd, GeezyDee",DIOMEDEZ,Colombia,6qDTm2QbRSLlSmaUSJE6bF,null,null,null,null,null,null,null,null,null,null,null
61,Bad Bunny,NUEVAYoL,Colombia,5TFD2bmFKGhoCRbX61nXY5,sensual,0.6064,0.9418,0.8949,0.0,0.4016,0.0,0.5258,0.2685,0.9692,0.2498
62,"Kris R., ROA",PASIÓN Y SEXO,Colombia,4pjkZyNZnOJEPpBmzOqTC2,null,null,null,null,null,null,null,null,null,null,null
63,Kapo,NO CRY,Colombia,4YM3IYESNKXWYHbPXvMMVD,null,null,null,null,null,null,null,null,null,null,null
64,Rels B,TU VAS SIN (fav),Colombia,6uiQ0DqbXTBc8tl0AUKZkR,longing,0.911,0.9854,0.5265,0.4147,0.3363,0.0,0.4968,0.1765,0.9833,0.9112
65,"Blessd, J Alvarez",FANÁTICO,Colombia,0e3d2UZRjtvviXWWMRYGQo,null,null,null,null,null,null,null,null,null,null,null
66,"Blessd, Ovy On The Drums",Mírame,Colombia,2btNsI4OvcVl7SAHQQDHFB,null,null,null,null,null,null,null,null,null,null,null
67,Ñengo Flow,En Las Noches Frias,Colombia,0a0JiZejbYYem1W31fldde,null,null,null,null,null,null,null,null,null,null,null
68,"Tony Dize, Plan B",Solos,Colombia,3CbiuLMBPM6uV4a7HvkOib,null,null,null,null,null,null,null,null,null,null,null
69,"KAROL G, Feid",Verano Rosa,Colombia,0nafF9MxcXJBQWv3BTKtdF,sensual,0.8483,0.9272,0.5164,0.4672,0.4646,0.2176,0.2441,0.6557,0.9938,0.8747
70,Danny Ocean,Me Rehúso,Colombia,6ifUES3keWjwXgae8pXI3o,sensual,0.5289,0.6151,0.1699,0.4939,0.3833,0.2753,0.2021,0.4058,0.8709,0.2477
71,"Yan Block, Panda Black",444,Colombia,1o4xkdBe0RjSf2u6VXi4OI,longing,0.7907,0.973,0.1455,0.884,0.6835,0.5691,0.0,0.9255,0.9705,0.8506
72,"W Sound, Blessd, Ovy On The Drums",Soltera - W Sound 01,Colombia,13BDiikG6y5o5cQTK0HpW6,null,null,null,null,null,null,null,null,null,null,null
73,Willie Colón,Idilio,Colombia,5iwgEFKEktjBBZV3C9TTZj,null,null,null,null,null,null,null,null,null,null,null
74,"Yan Block, Panda Black",Talento,Colombia,7sChwC2NZjGc2Kdni3hlDg,anger,0.7062,0.9192,0.4025,0.8336,0.9416,0.5101,0.956,0.9297,0.9901,0.9905
75,"Rauw Alejandro, Bad Bunny",Qué Pasaría...,Colombia,0l0vcZMU7AOeQmUIREoI2U,sensual,0.4293,0.9484,0.2031,0.5954,0.5342,0.2296,0.1852,0.9377,0.9895,0.8864
76,"Boza, ELENA ROSE",orióN,Colombia,4feh4Ak3ZJfC6ibxkNzlkE,null,null,null,null,null,null,null,null,null,null,null
77,Luis Alberto Posada,Mal Amor,Colombia,1j4XwpoLvqdkWllikDu7Rm,null,null,null,null,null,null,null,null,null,null,null
78,Arcángel,Ganas De Ti,Colombia,71w26UK674tLfGtJFfDSjE,null,null,null,null,null,null,null,null,null,null,null
79,Romeo Santos,Imitadora,Colombia,6r46lnXFbE9fr2d3KNaGbe,longing,0.869,0.9871,0.1531,0.9763,0.9336,0.764,0.4137,0.9794,0.9753,0.895
80,Maluma,Borro Cassette,Colombia,6DUdDIRgLqCGq1DwkNWQTN,sensual,0.9024,0.9485,0.2512,0.8802,0.7519,0.4656,0.1442,0.3218,0.9916,0.872
81,"Yan Block, TORRRES",Yo sé,Colombia,5DdLSEyKh8zgCrJq2hFj92,sensual,0.1853,0.8727,0.0,0.8717,0.7735,0.6956,0.0,0.2822,0.994,0.8982
82,"El Americano 4KT, Kobby",The Flow's Son Black!,Colombia,6uLcqYE347zlvXD6rhiM4J,null,null,null,null,null,null,null,null,null,null,null
83,Dalmata,Dile a Tu Amiga,Colombia,3u2jlo9kygiIAq7SPVuw6S,null,null,null,null,null,null,null,null,null,null,null
84,"Kris R., GeezyDee, Prodmonja",BOBADITA,Colombia,52IeC2QBiJqk9jAR5gbe14,null,null,null,null,null,null,null,null,null,null,null
85,"Omar Courtz, ROA",WO OH OH,Colombia,0h54mLixODOqU6vTcZMqVM,sensual,0.9318,0.9831,0.5477,0.4188,0.462,0.0,0.8094,0.4967,0.9932,0.7571
86,Yeison Jimenez,Ya No Mi Amor,Colombia,7qbPQqOYYMPdQqRqv7bNin,null,null,null,null,null,null,null,null,null,null,null
87,Omar Courtz,SI ESTÁS CON ALGUIEN,Colombia,7nyk5uxevcijIfl1FlJgmA,heartbreak,0.7007,0.5769,0.1033,0.7951,0.563,0.5663,0.2966,0.7026,0.5724,0.3779
88,"Alzate, Yeison Jimenez",Mi Venganza,Colombia,3f4AsGGYt94t7g1lHcsa8D,null,null,null,null,null,null,null,null,null,null,null
89,"Arcángel, Bad Bunny, Mambo Kingz, DJ Luian",Tu No Vive Asi (feat. Mambo Kingz & DJ Luian),Colombia,6NSMQFKgjpQb0KkjMDYIK0,sensual,0.0,0.0,0.0,0.0,0.0,0.0,0.0,0.0,0.1031,0.0
90,"TURY, CARABIN3",CHUCHA,Colombia,01dFxiEOMTTzim5J3kytjA,null,null,null,null,null,null,null,null,null,null,null
91,Bad Bunny,KLOuFRENS,Colombia,4MUrUT38U98olfnyzMBCzm,heartbreak,0.9254,0.922,0.1677,0.9581,0.8746,0.6425,0.0,0.9514,0.5157,0.4619
92,"KAROL G, Feid, DFZM, Ovy On The Drums, J Balvin, Maluma, Ryan Castro, Blessd",+57,Colombia,3mg9jYNC1NihbthlglzrWP,null,null,null,null,null,null,null,null,null,null,null
93,Yeison Jimenez,El Mejor Caballo,Colombia,4Udf3NPZZVggwmVXHcjuqA,null,null,null,null,null,null,null,null,null,null,null
94,"Yeison Maje, Ciro Quiñonez, Luis Alfonso, Yeison Jimenez",El Embustero RMX,Colombia,72q1JMsCJbKNbWgzipGi6x,null,null,null,null,null,null,null,null,null,null,null
95,Milo j,Niño,Colombia,4aDbrgm1ZaebS1Bb2dOXac,longing,0.8104,0.9819,0.0,0.9789,0.9769,0.8578,0.1182,0.5846,0.8732,0.1223
96,"Yan Block, De La Rose, Hades66, Ñengo Flow",444 - Remix,Colombia,5AK6QqM8aUXXTk6oY00ZRh,sensual,0.6919,0.9737,0.2927,0.6797,0.6577,0.5322,0.2093,0.8006,0.9764,0.7945
97,"La Combinación Vallenata, Jean Carlos Centeno",Ayer Y Hoy,Colombia,5HCk7iruzhQ1FbxyS3igmM,null,null,null,null,null,null,null,null,null,null,null
98,Omar Courtz,KOKO,Colombia,1tz7RZirwiuaJw2p0jbdHb,sensual,0.7466,0.9698,0.2061,0.0,0.0,0.0,0.2694,0.9863,0.9984,0.4178
99,Kapo,OHNANA,Colombia,482PEx8hfMHSsuGtHd960A,lonely,0.8513,0.9645,0.4478,0.7764,0.8269,0.6811,0.2247,0.9892,0.9755,0.4257
100,"Tony Dize, Yandel",Permítame,Colombia,6OaGIYcVzx5c7aEKkuYS1M,null,null,null,null,null,null,null,null,null,null,null
101,"Kenny Die, Blessd, Kris R., Sebas",Ultra Complicado (feat. Sebas) - Remix,Colombia,569xAmXCkpM3IsEOiG4hWe,null,null,null,null,null,null,null,null,null,null,null
102,"Topboy TGR, Kzadores",MÁS DE AHÍ,Colombia,4ATzrqMF84B9iSCGUUqfTT,null,null,null,null,null,null,null,null,null,null,null
103,Yeison Jimenez,Se Acabó,Colombia,2T6BBNQW4t81x2ddqWrGzs,null,null,null,null,null,null,null,null,null,null,null
104,"Blessd, Anuel AA, Kris R., Young Fatty, CARABIN3, GeezyDee, TURY","BUENOS DIAS (feat. Tury, GeezyDee, CARABIN3)",Colombia,10B0cONtHL7b8hdMRE2Du6,null,null,null,null,null,null,null,null,null,null,null
105,"Anuel AA, Daddy Yankee, Zion & Lennox, Farruko, Wisin",Sola (Remix),Colombia,5q2JbCNi4FcnglgPfxcV65,longing,0.6892,0.9675,0.3512,0.9545,0.8627,0.7038,0.3658,0.9346,0.9342,0.8491
106,Fuerza Regida,Marlboro Rojo,Colombia,3hpm0fTeSqlhJbnqAgaLZs,null,null,null,null,null,null,null,null,null,null,null
107,Frankie Ruiz,Tú Con Él,Colombia,6cHHrFD3fmBG9MR3k8kvep,null,null,null,null,null,null,null,null,null,null,null
108,"KAROL G, Marco Antonio Solís",Coleccionando Heridas,Colombia,3ddJ8Vbc5tYPxq5zKRVke6,null,null,null,null,null,null,null,null,null,null,null
109,Bad Bunny,MONACO,Colombia,4MjDJD8cW7iVeWInc2Bdyj,sensual,0.7394,0.8604,0.5676,0.3518,0.6171,0.2669,0.3309,0.6033,0.9874,0.8342
110,Yeison Jimenez,Ni Tengo Ni Necesito,Colombia,6829KtrgNt2ZwrsE19nTEd,null,null,null,null,null,null,null,null,null,null,null
111,"Kris R., Blessd",Las Piponas (Remix),Colombia,281YJmnThveWjsWVic9Ym6,null,null,null,null,null,null,null,null,null,null,null
112,Luister La Voz,Amarte más no pude - En vivo,Colombia,1OHj2WRXOR9XdCV6PuptXv,null,null,null,null,null,null,null,null,null,null,null
113,"Blessd, Kris R.",POLOS OPUESTOS REMIX - BLESSD VERSION,Colombia,2ALQyXMC26Vew7JX7ert9M,null,null,null,null,null,null,null,null,null,null,null
114,"Rauw Alejandro, Romeo Santos",Khé?,Colombia,1YYfyJ2yCvGFCxwjsIqEK9,longing,0.8341,0.9667,0.0,0.9518,0.768,0.6802,0.0,0.8603,0.9065,0.7645
115,Yeison Jimenez,Qué Día Es Hoy,Colombia,5PB1ITleNasy7UMYEaBWkL,null,null,null,null,null,null,null,null,null,null,null
116,Zion & Lennox,La player (Bandolera),Colombia,0VKkyBKCXyR99navhVRqcP,lonely,0.3185,0.8276,0.2119,0.5219,0.4109,0.4816,0.2445,0.9677,0.9003,0.6889
117,"Kris R., Blessd",COSITAS,Colombia,3ClyThLf2bguwdMcm7hqZ2,null,null,null,null,null,null,null,null,null,null,null
118,"Blessd, Sebastian Ledher, Tayson Kryss, Joseph Ren",UNA NOCHE DE LOCURA,Colombia,2tKVinInf0PJS1iG04zzqi,null,null,null,null,null,null,null,null,null,null,null
119,Beéle,si te pillara,Colombia,1C7NXX8UJ6pgNx8EkmyZDd,longing,0.4474,0.8733,0.3571,0.5186,0.644,0.4064,0.5645,0.4479,0.791,0.5938
120,"Don Omar, Kendo Kapponi",RX,Colombia,3NgDulHteTVdF026IxY5bW,null,null,null,null,null,null,null,null,null,null,null
121,Willie Colón,Oh Qué Será?,Colombia,2n1MTLCis6qPSDKdr5XSDI,null,null,null,null,null,null,null,null,null,null,null
122,Blessd,Palabras Sobran,Colombia,4wu7jIeJCUhQJaXsXVit0e,null,null,null,null,null,null,null,null,null,null,null
123,KAROL G,Si Antes Te Hubiera Conocido,Colombia,73scB4Q4fcOmnsBVZPmk32,longing,0.7654,0.9796,0.3249,0.6016,0.5642,0.387,0.9656,0.4634,0.9788,0.8784
124,ARIA VEGA,AY MAMA (mi tiburón),Colombia,7yHZ66udwjeUafGohI7T46,null,null,null,null,null,null,null,null,null,null,null
125,Yeison Jimenez,Aventurero,Colombia,0ftcn4ddKESqQMA784Ebc0,null,null,null,null,null,null,null,null,null,null,null
126,Willie Colón,Gitana,Colombia,4VTb5wB46sZDsfL8XgroGt,null,null,null,null,null,null,null,null,null,null,null
127,Tito Rojas,Siempre Sere,Colombia,4ZGk5h0sIfeunWEKzXEoHr,null,null,null,null,null,null,null,null,null,null,null
128,Yandel,Encantadora,Colombia,7LABrQFfRYcZUqUwng0Heb,sensual,0.4656,0.4837,0.1369,0.1969,0.2099,0.368,0.1516,0.4454,0.4927,0.2662
129,Yiyo Sarante,Corazon de Acero,Colombia,21nc3O8OncUv1jjSrC1ML2,null,null,null,null,null,null,null,null,null,null,null
130,GeezyDee,El Peor Hombre Del Mundo,Colombia,0TBFzXKWtoF7Lwh0LKFt8f,null,null,null,null,null,null,null,null,null,null,null
131,Yiyo Sarante,Manos de Tijera,Colombia,5ds1Hh3lo4JUF2vflqyayK,null,null,null,null,null,null,null,null,null,null,null
132,Frankie Ruiz,Deseándote,Colombia,0FsXZAMf6NACvNJ2LI6ySp,null,null,null,null,null,null,null,null,null,null,null
133,"Pipe Bueno, Jessi Uribe, Yeison Jimenez, Carín León, Alzate, Darío Gómez, Luis Alberto Posada, El Charrito Negro, Jhonny Rivera, Jhon Alex Castaño, Juan Pablo Navarrete",Guaro (Remix),Colombia,5sMHuOIvtsSuFZafTcF19Q,null,null,null,null,null,null,null,null,null,null,null
134,"Zion & Lennox, J Balvin",Otra Vez (feat. J Balvin),Colombia,3QwBODjSEzelZyVjxPOHdq,sensual,0.7819,0.9493,0.6538,0.1618,0.1513,0.1081,0.3598,0.1636,0.9834,0.2003
135,"Grupo Frontera, Grupo Firme",EL AMOR DE SU VIDA,Colombia,34vXRJ2bCSFiZKQzVUYVOb,null,null,null,null,null,null,null,null,null,null,null
136,Yeison Jimenez,Te Voy a Olvidar,Colombia,6jbDhMUR3Hc3yVPT2tEVxY,null,null,null,null,null,null,null,null,null,null,null
137,"W Sound, Myke Towers, Ovy On The Drums",5 Estrellas - W Sound 23,Colombia,7hYlC6s0SXSIwtFlW6NgjT,null,null,null,null,null,null,null,null,null,null,null
138,"Romeo Santos, Prince Royce",Dardos,Colombia,5SudOD9R1Of6CsJVWZy6CQ,longing,0.933,0.959,0.0,0.9524,0.9145,0.8918,0.0,0.7073,0.7729,0.8667
139,Grupo Niche,Sin Sentimientos,Colombia,7xDwU3I38ReireLvv79h63,null,null,null,null,null,null,null,null,null,null,null
140,"Yeison Jimenez, Pasabordo",Hasta La Madre,Colombia,1nDvFYTsaQwxt5CTk7LJ5E,null,null,null,null,null,null,null,null,null,null,null
141,Clarent,BIENVENIDA,Colombia,7zwgHkTKv86nMOREN5k1hx,anger,0.1871,0.3977,0.0,0.2675,0.4049,0.1988,0.1034,0.2133,0.4444,0.7878
142,Yeison Jimenez,Tu Mal Sabor,Colombia,1LNLFgc99bgCWPAaJ9zUQi,null,null,null,null,null,null,null,null,null,null,null
143,"JHAYCO, J Balvin, Bad Bunny",No Me Conoce - Remix,Colombia,2beS6dD5rovBxSA1zYoSHR,sensual,0.4511,0.6982,0.3138,0.2017,0.42,0.2712,0.3259,0.4409,0.9073,0.6168
144,Beéle,frente al mar,Colombia,1i1n7hUzCDkXGFqIJSSzom,null,null,null,null,null,null,null,null,null,null,null
145,"Maluma, Yeison Jimenez",Con el Corazón,Colombia,1xTWu5aArww0QtXqX2ScBI,null,null,null,null,null,null,null,null,null,null,null
146,"J Balvin, Bad Bunny, Marciano Cantero",UN PESO,Colombia,7hynhxDoDpgMIV12JuVtNa,null,null,null,null,null,null,null,null,null,null,null
147,"El Americano 4KT, THE FAVORITES",MAMAXITA,Colombia,3UJN0IUZIeXnrmo48e6XXx,null,null,null,null,null,null,null,null,null,null,null
148,Aventura,Dile al Amor,Colombia,2Bhmj4XK33InfhqKPxcJ1v,null,null,null,null,null,null,null,null,null,null,null
149,"Peso Pluma, Estevan Plazola",HOLLYWOOD,Colombia,5GTBdEjZe7zEDp1N0eCZE4,null,null,null,null,null,null,null,null,null,null,null
150,Rayo & Toby,Movimiento de Caderas,Colombia,5u4XWSNpF4wE6W6i78Uf1B,null,null,null,null,null,null,null,null,null,null,null
151,Fuerza Regida,ANSIEDAD,Colombia,1a7onn7lPqqRWul5ogyMyX,null,null,null,null,null,null,null,null,null,null,null
152,Aventura,El Perdedor,Colombia,27ze5t5tIDPlVits0KRbxT,null,null,null,null,null,null,null,null,null,null,null
153,Tego Calderón,Pa' Que Retozen,Colombia,5YJ4BVvTFmVCxUyhKejHfR,null,null,null,null,null,null,null,null,null,null,null
154,"Georgy Parra Salvaje, Yeison Jimenez",GPS #5 - Dime Que Sí,Colombia,7BNTVOitDoUC5HVN8HleQy,null,null,null,null,null,null,null,null,null,null,null
155,BTS,Dynamite,Colombia,5QDLhrAOJJdNAmCTJ8xMyW,null,null,null,null,null,null,null,null,null,null,null
156,"J Balvin, Bad Bunny",QUE PRETENDES,Colombia,25ZAibhr3bdlMCLmubZDVt,longing,0.1208,0.9277,0.0,0.4786,0.3594,0.4356,0.0,0.4662,0.9127,0.5015
157,Mon Laferte,Tu Falta De Querer,Colombia,4skuEIloXWuxxgekKupkEH,longing,0.9385,0.9912,0.0,0.981,0.963,0.9405,0.0,0.9636,0.7485,0.9258
158,Bad Bunny,Tití Me Preguntó,Colombia,1IHWl5LamUGEuP4ozKQSXZ,heartbreak,0.8081,0.8692,0.0,0.9262,0.7401,0.8109,0.0,0.9194,0.7565,0.7201
159,ROA,FANTASÍA,Colombia,5hWpXZOs7vpz0JD3CIylsb,null,null,null,null,null,null,null,null,null,null,null
160,"Blessd, CARABIN3, SVNTI",MUSA REMIX,Colombia,5ReIuecGjsHabpYSNlKnuR,null,null,null,null,null,null,null,null,null,null,null
161,Don Omar,Dile,Colombia,69Ej1xrGjOcHvIMtMKxK0G,sensual,0.892,0.9414,0.2143,0.8754,0.7141,0.3928,0.7692,0.5395,0.9573,0.8899
162,"Ryan Castro, Blaiz Fayah, Tribal Kush",BOMBASTIK<3,Colombia,2Kx9AfJPaJib9DwAdDYdB9,null,null,null,null,null,null,null,null,null,null,null
163,Luister La Voz,Las Cartas,Colombia,73BrH4q0vUdhT34uK9j98O,null,null,null,null,null,null,null,null,null,null,null
164,"Ryan Castro, Blessd",LEJANIA,Colombia,4py8x8qXCOTi0Rrm4NbCTK,null,null,null,null,null,null,null,null,null,null,null
165,Ele A El Dominio,Hace Mucho Tiempo,Colombia,3eIvjtwoYC16ElxYE6ph7J,null,null,null,null,null,null,null,null,null,null,null
166,"Trap Capos, Noriel, Bad Bunny, Arcángel",De las 2 (feat. Bad Bunny & Arcángel),Colombia,4DS7HoqrKq1dDjeYOKBlu9,longing,0.5906,0.8516,0.1776,0.2933,0.3135,0.1604,0.1396,0.3692,0.7442,0.3804
167,"Bad Bunny, Feid",PERRO NEGRO,Colombia,7iQXYTyuG13aoeHxGG28Nh,null,null,null,null,null,null,null,null,null,null,null
168,Grupo Niche,Algo Que Se Quede,Colombia,1JXcB149QtbcIpDUA6YZOB,null,null,null,null,null,null,null,null,null,null,null
169,"Alleh, Yorghaki",capaz (merengueton),Colombia,2dd3G3ZqEcG2cNS1tp3oEk,sensual,0.8545,0.8758,0.1232,0.7705,0.5782,0.6709,0.1307,0.4377,0.9819,0.6688
170,"Alexis y Fido, Arcángel, De La Ghetto",Camuflaje (Remix),Colombia,1dAQ93kw8Sy9n4JCz2G9Nf,null,null,null,null,null,null,null,null,null,null,null
171,Los Hijos De Puerto Rico,Separados,Colombia,2HbmLkHkkI15eES8kpWRuI,null,null,null,null,null,null,null,null,null,null,null
172,Adolescent's Orquesta,Virgen,Colombia,5HCGrYR7g9u2X9Ju83yQLm,null,null,null,null,null,null,null,null,null,null,null
173,"El Americano 4KT, Tony Monta",WELCOME,Colombia,2lGGv17kLfOrdVzNFzuQWM,null,null,null,null,null,null,null,null,null,null,null
174,Yeison Jimenez,Maldita Traga,Colombia,4ysgNOWbc02RUnCxQMzpeL,null,null,null,null,null,null,null,null,null,null,null
175,"Luis Silva, Yeison Jimenez",Como No Voy a Decirlo,Colombia,0ToktqlTchGYvCRHUCWnG5,null,null,null,null,null,null,null,null,null,null,null
176,"Blessd, Hades66, Blackinny, Young Fatty",MAS QUE AMIGOS,Colombia,0sOrHE0vkEhrmWZnhqjP36,null,null,null,null,null,null,null,null,null,null,null
177,"Oscar Maydon, Fuerza Regida",Tu Boda,Colombia,5mp6OBKCAjN4UYRvhOuUze,null,null,null,null,null,null,null,null,null,null,null
178,Omar Courtz,⁠LUCES DE COLORES,Colombia,5dDlknAL9imbXXl7uG7oqe,sensual,0.6166,0.9734,0.6434,0.0,0.269,0.0,0.3572,0.5468,0.998,0.4336
179,"La Factoria, Eddy Lover",Perdóname,Colombia,6yLqoieklk9gwabLaUDJ4s,null,null,null,null,null,null,null,null,null,null,null
180,"Piso 21, Marc Anthony, Beéle",Volver,Colombia,61C7zXd4t2Zuhz6DRwgsLM,null,null,null,null,null,null,null,null,null,null,null
181,Farruko,Cositas Que Haciamos,Colombia,5BrVJGkFTBPAMRl5hIE9A7,null,null,null,null,null,null,null,null,null,null,null
182,"Blessd, Kris R., Young Fatty, TURY, CARABIN3, GeezyDee","MIU MIU (feat. GeezyDee, CARABIN3)",Colombia,1btsXTZnL2wVSW8oDWvjMM,null,null,null,null,null,null,null,null,null,null,null
183,Willie Colón,Talento De Televisión,Colombia,3fRIuTih8bzc0vtY9fHhvF,null,null,null,null,null,null,null,null,null,null,null
184,"Don Omar, Plan B",Hooka,Colombia,0BenZn1xELuxhb7Pjwyjxv,null,null,null,null,null,null,null,null,null,null,null
185,Blessd,Instagram,Colombia,0EFxJw34fK8DWlTxx9qYeW,null,null,null,null,null,null,null,null,null,null,null
186,Juliana,El AchanTAdo,Colombia,3fr52NaaVxb2UxPNxDtaQx,null,null,null,null,null,null,null,null,null,null,null
187,"J Alvarez, Ñejo & Dalmata","Sexo, Sudor y Calor",Colombia,4eDjNcAyIuJFhQ31Fvvoc1,null,null,null,null,null,null,null,null,null,null,null
188,Maluma,El Perdedor,Colombia,1iEwyiSLAunPR6uouANE0O,longing,0.8832,0.9573,0.0,0.9133,0.6084,0.537,0.0,0.8763,0.8867,0.336
189,"Victor Valverde, JR Torres",El Mayor De Los Ranas,Colombia,6v5qt5KPQHJt5ckWuhDGtM,null,null,null,null,null,null,null,null,null,null,null
190,Luis Enrique,Yo No Sé Mañana,Colombia,5jJTqI5yteOyLWoDTjiHCO,null,null,null,null,null,null,null,null,null,null,null
191,Hades66,YO QUIERO,Colombia,47sQ0h1xhlDWJ3nHbwYPrg,longing,0.0,0.9927,0.3398,0.2952,0.776,0.4684,0.1215,0.7266,0.9743,0.9753
192,Fuerza Regida,TU SANCHO,Colombia,6eLQXa6uk2EW8drsiKbABZ,null,null,null,null,null,null,null,null,null,null,null
193,"GeezyDee, Kris R.",Parche Tranqui,Colombia,2ROj8GoI45RQouYomaLDTm,null,null,null,null,null,null,null,null,null,null,null
194,Jose Luis Carrascal,Como Duele El Frio,Colombia,2QcUxndr7skMMHLElnl4Bo,null,null,null,null,null,null,null,null,null,null,null
195,Fresto Music,Me Hace Daño Verte,Colombia,4dyzxv5SsdBtunuU3qj7Ti,null,null,null,null,null,null,null,null,null,null,null
196,David Pabon,Aquel Viejo Motel,Colombia,286NP8kXWzx2uHb5tr7TGv,null,null,null,null,null,null,null,null,null,null,null
197,Frankie Ruiz,Desnúdate Mujer,Colombia,65nL3OLuHHfEYxKkHMQ1fL,null,null,null,null,null,null,null,null,null,null,null
198,"Grupo Firme, Gerardo Coronel",Qué Onda Perdida,Colombia,6IV5Y1eWaQZ1jV5apkUMS4,null,null,null,null,null,null,null,null,null,null,null
199,Romeo Santos,Eres Mía,Colombia,6I86RF3odBlcuZA9Vfjzeq,null,null,null,null,null,null,null,null,null,null,null
200,"Bad Bunny, Bomba Estéreo",Ojitos Lindos,Colombia,3k3NWokhRRkEPhCzPmV8TW,sensual,0.5863,0.7735,0.2577,0.3631,0.2391,0.3007,0.0,0.3365,0.9414,0.2993
1,Bad Bunny,DtMF,Global,3sK8wGT43QFpWrvNQsrQya,longing,0.8705,0.8742,0.7961,0.5457,0.4095,0.0,0.6442,0.4561,0.874,0.751
2,"PinkPantheress, Zara Larsson",Stateside + Zara Larsson,Global,1DwscornXpj8fmOmYVlqZt,longing,0.7268,0.9839,0.17,0.7028,0.7868,0.6918,0.9605,0.8899,0.9242,0.8725
3,Bruno Mars,Risk It All,Global,5y2ijHECwFYWqcAHKTZgzD,love,0.9434,0.9402,0.2861,0.0,0.2745,0.0,0.5861,0.119,0.8722,0.1524
4,Djo,End of Beginning,Global,3qhlB30KknSejmIvZZLjOD,heartbreak,0.0,0.9244,0.0,0.952,0.9477,0.3827,0.0,0.6831,0.5004,0.0
5,Olivia Dean,Man I Need,Global,1qbmS6ep2hbBRaEZFpn7BX,sensual,0.8202,0.9604,0.4927,0.2884,0.2912,0.1998,0.8102,0.9045,0.9606,0.3285
6,Taylor Swift,The Fate of Ophelia,Global,53iuhJlwXhSER5J2IYYv1W,heartbreak,0.8548,0.8917,0.4806,0.9754,0.8572,0.7167,0.6854,0.8724,0.8773,0.7087
7,Olivia Dean,So Easy (To Fall In Love),Global,6sGIMrtIzQjdzNndVxe397,love,0.9767,0.7887,0.6937,0.0,0.1084,0.0,0.8132,0.1058,0.9477,0.0
8,Bad Bunny,BAILE INoLVIDABLE,Global,2lTm559tuIvatlT1u0JYG2,lonely,0.9417,0.9651,0.4153,0.9632,0.9165,0.6286,0.2942,0.9786,0.9704,0.4609
9,Bruno Mars,I Just Might,Global,6f68Ac5tt5BQOpwr0BV9oN,heartbreak,0.6779,0.7762,0.1486,0.9105,0.5574,0.369,0.3083,0.0,0.8765,0.3443
10,Bad Bunny,NUEVAYoL,Global,5TFD2bmFKGhoCRbX61nXY5,sensual,0.6064,0.9418,0.8949,0.0,0.4016,0.0,0.5258,0.2685,0.9692,0.2498
11,sombr,back to friends,Global,7qjZnBKE73H4Oxkopwulqe,sensual,0.4331,0.9834,0.0,0.863,0.5823,0.6766,0.1248,0.7621,0.9926,0.4478
12,Dominic Fike,Babydoll,Global,7yNf9YjeO5JXUE3JEBgnYc,lonely,0.5863,0.9688,0.1665,0.8637,0.7253,0.8253,0.296,0.9715,0.898,0.7727
13,RAYE,WHERE IS MY HUSBAND!,Global,55lijDD6OAjLFFUHU9tcDm,lonely,0.807,0.9904,0.4645,0.7864,0.7887,0.7885,0.5919,0.9924,0.9813,0.7075
14,"Dave, Tems",Raindance (feat. Tems),Global,3oTuTpF1F3A7rEC6RKsMRz,sensual,0.9218,0.9644,0.5276,0.4639,0.3171,0.0,0.5517,0.584,0.9818,0.2056
15,Bad Bunny,Tití Me Preguntó,Global,1IHWl5LamUGEuP4ozKQSXZ,heartbreak,0.8081,0.8692,0.0,0.9262,0.7401,0.8109,0.0,0.9194,0.7565,0.7201
16,Zara Larsson,Lush Life,Global,1rIKgCH4H52lrvDcz50hS8,heartbreak,0.8825,0.7523,0.5462,0.9562,0.1866,0.0,0.1519,0.187,0.9189,0.235
17,Alex Warren,Ordinary,Global,2RkZ5LkEzeHGRsmDqKwmaJ,love,0.9969,0.9626,0.9183,0.5757,0.7099,0.8434,0.8303,0.1576,0.9738,0.5039
18,"HUNTR/X, EJAE, AUDREY NUNA, REI AMI, KPop Demon Hunters Cast",Golden,Global,1CPZ5BxNNd0n0nF4Orb9JS,lonely,0.8064,0.9557,0.7701,0.5332,0.4801,0.1756,0.9468,0.9853,0.9182,0.3085
19,Bad Bunny,EoO,Global,6J5kc12BW5HuP3d7C3vvx8,longing,0.5536,0.97,0.6187,0.1103,0.4303,0.1006,0.3754,0.0,0.8936,0.392
20,"Lady Gaga, Bruno Mars",Die With A Smile,Global,7so0lgd0zP2Sbgs2d7a1SZ,longing,0.9794,0.9844,0.1561,0.917,0.7965,0.3927,0.0,0.2333,0.9156,0.0
21,Alex Warren,FEVER DREAM,Global,7ogpGbKc4Io6NCU6ydxXwZ,lonely,0.9064,0.9868,0.0,0.9727,0.9099,0.9699,0.8022,0.9939,0.9338,0.6029
22,SIENNA SPIRO,Die On This Hill,Global,2gYTC8DsplN3RNdpdBcCOQ,lonely,0.9514,0.9561,0.5098,0.8136,0.813,0.6327,0.5806,0.9603,0.7046,0.7446
23,BLACKPINK,GO,Global,3FZPp9lBUvhsxFxKJi3VkB,heartbreak,0.9376,0.8011,0.2808,0.991,0.742,0.6124,0.6532,0.4627,0.9415,0.3977
24,The Goo Goo Dolls,Iris,Global,6Qyc6fS4DsZjB2mRW9DsQs,longing,0.9086,0.9849,0.1849,0.9385,0.8814,0.4034,0.0,0.6519,0.6912,0.0
25,sombr,Homewrecker,Global,7tICCrK3CcyRFKza7yrR0z,sensual,0.87,0.9327,0.0,0.9412,0.7887,0.5152,0.2845,0.3062,0.9564,0.5098
26,Billie Eilish,BIRDS OF A FEATHER,Global,6dOtVTDdiauQNBQEDOtlAB,love,0.9797,0.9598,0.3611,0.8613,0.8957,0.439,0.2772,0.6404,0.8956,0.332
27,The Police,Every Breath You Take,Global,1JSTJqkT5qHq8MDJnJbRE1,lonely,0.9504,0.9929,0.1769,0.9902,0.9767,0.9458,0.2521,0.9932,0.8225,0.6221
28,Ravyn Lenae,Love Me Not,Global,4WFgvKVfEhb3IUAFGrutTR,longing,0.879,0.9838,0.1042,0.9329,0.8537,0.829,0.293,0.8187,0.7578,0.5831
29,She & Him,I Thought I Saw Your Face Today,Global,0myRViRgmQ3J8izICXEAVO,love,0.9788,0.8865,0.4776,0.5901,0.8036,0.0,0.3116,0.4674,0.9587,0.0
30,Sabrina Carpenter,Manchild,Global,2BwO5K8Q7EPAJSGze3AAh9,sensual,0.4798,0.8186,0.2315,0.8875,0.8501,0.804,0.4441,0.6034,0.9935,0.9415
31,Bad Bunny,VOY A LLeVARTE PA PR,Global,59D4DOkspUbWyMmbAPQkxZ,sensual,0.2833,0.8849,0.4292,0.3169,0.3863,0.1404,0.4609,0.4861,0.9909,0.6639
32,sombr,12 to 12,Global,05od2qm2MTSKCHxy1GBp5W,sensual,0.9843,0.9718,0.3537,0.9359,0.8371,0.727,0.4107,0.9673,0.9851,0.6932
33,Gigi Perez,Sailor Song,Global,21IYMdzTrzSe191Cy5eMap,sensual,0.8209,0.9442,0.4039,0.31,0.5062,0.0,0.8258,0.1204,0.9796,0.4582
34,Taylor Swift,Opalite,Global,3yWuTOYDztXjZxdE2cIRUa,sensual,0.635,0.9123,0.5136,0.8291,0.6652,0.4662,0.4489,0.6175,0.9177,0.441
35,Bella Kay,iloveitiloveitiloveit,Global,5IMpnpD0tQVcqWlVIgtAtV,null,null,null,null,null,null,null,null,null,null,null
36,The Neighbourhood,Sweater Weather,Global,0cQVqPuHQP4KEwc7ZUQmj6,sensual,0.9371,0.9679,0.2308,0.1304,0.1045,0.1102,0.1641,0.2279,0.9873,0.0
37,Billie Eilish,WILDFLOWER,Global,3QaPy1KgI7nu9FJEQUgn6h,heartbreak,0.8731,0.9603,0.0,0.9832,0.9061,0.6845,0.0,0.7024,0.9083,0.4965
38,Radiohead,Creep,Global,70LcF31zb1H0PyJoS1Sx1r,longing,0.1046,0.9402,0.0,0.9357,0.6177,0.6494,0.0,0.7999,0.6023,0.7712
39,Bruno Mars,That's What I Like,Global,0KKkJNfGyhkQ5aFogxQAPU,sensual,0.92,0.8441,0.8207,0.0,0.1048,0.0,0.6937,0.1149,0.9939,0.2288
40,"J Balvin, Bad Bunny",LA CANCIÓN,Global,0fea68AdmYNygeTGI4RC18,lonely,0.8145,0.9289,0.2435,0.9284,0.8183,0.7526,0.66,0.9619,0.8217,0.4781
41,"Disco Lines, Tinashe",No Broke Boys,Global,3cZajhyr8LmtPfHZ9296tj,anger,0.1363,0.775,0.0,0.908,0.6945,0.7263,0.0,0.9548,0.8066,0.9602
42,"Drake, Wizkid, Kyla",One Dance,Global,1zi7xx7UVEFkmKfv06H8x0,null,null,null,null,null,null,null,null,null,null,null
43,Benson Boone,Beautiful Things,Global,3xkHsmpQCBMytMJNiDf3Ii,longing,0.9097,0.9707,0.3246,0.7035,0.8138,0.4388,0.7875,0.5192,0.7183,0.1302
44,Ella Langley,Choosin' Texas,Global,65DbTqJKhbwqYbZ1Okr0rc,null,null,null,null,null,null,null,null,null,null,null
45,"El Bogueto, Anuel AA, Fuerza Regida, Yung Beef",Cuando No Era Cantante - Remix,Global,2pbSCYzxrG0wa6qcj8IyiE,sensual,0.8646,0.9782,0.1985,0.5664,0.4762,0.0,0.4974,0.6412,0.9932,0.529
46,Bruno Mars,Cha Cha Cha,Global,6QletrrmpkUpeJkipX9pgf,sensual,0.9085,0.9858,0.5088,0.0,0.5417,0.1917,0.9817,0.1838,0.9978,0.9391
47,Don Toliver,E85,Global,3B4cjvGlPvyBLNG3AzEgkZ,love,0.9959,0.9693,0.9218,0.4997,0.7015,0.0,0.9466,0.2332,0.9917,0.6052
48,Bruno Mars,Locked out of Heaven,Global,5g7sDjBhZ4I3gcFIpkrLuI,longing,0.8981,0.9712,0.6347,0.0,0.1184,0.0,0.9206,0.0,0.874,0.0
49,Jin,Don’t Say You Love Me,Global,27xkOIER6uDLKALIelHylZ,heartbreak,0.1976,0.847,0.0,0.9554,0.8966,0.9015,0.1853,0.6932,0.4393,0.8572
50,Arctic Monkeys,I Wanna Be Yours,Global,5XeFesFbtLpXzIVDNQP22n,sensual,0.9472,0.9821,0.545,0.2976,0.2122,0.0,0.7948,0.1649,0.9929,0.1075
51,The Killers,Mr. Brightside,Global,003vvx7Niy0yvhvHt4a68B,null,null,null,null,null,null,null,null,null,null,null
52,"Sean Paul, Keyshia Cole",(When You Gonna) Give It Up to Me - Radio Version,Global,5nEdwtSv0qqeE0l4o1lR4q,null,null,null,null,null,null,null,null,null,null,null
53,"The Weeknd, JENNIE, Lily-Rose Depp","One Of The Girls (with JENNIE, Lily Rose Depp)",Global,7CyPwkp0oE8Ro9Dd5CUDjW,unclassified,0.0,0.0,0.0,0.0,0.0,0.0,0.0,0.0,0.0,0.0
54,Coldplay,Yellow,Global,3AJwUDP919kvQ9QcozQPxg,love,0.9874,0.946,0.5852,0.1153,0.1663,0.0,0.3298,0.1532,0.9556,0.1126
55,Bruno Mars,God Was Showing Off,Global,1sVBT215CDmVJvfy1E2OCU,sensual,0.88,0.7788,0.8005,0.0,0.0,0.0,0.7094,0.0,0.975,0.0
56,"Rauw Alejandro, Bad Bunny",Qué Pasaría...,Global,0l0vcZMU7AOeQmUIREoI2U,sensual,0.4293,0.9484,0.2031,0.5954,0.5342,0.2296,0.1852,0.9377,0.9895,0.8864
57,"El Bogueto, Yung Beef",Cuando No Era Cantante,Global,6N2iccqxRInhTLHc2Fu3W0,longing,0.9043,0.9929,0.4282,0.9134,0.7976,0.2507,0.8156,0.9518,0.9892,0.7434
58,Sabrina Carpenter,Espresso,Global,2HRqTpkrJO5ggZyyK6NPWz,longing,0.7879,0.9821,0.1889,0.7276,0.6767,0.9635,0.1412,0.8918,0.9743,0.2908
59,KATSEYE,Gabriela,Global,1xOqGUkyxGQRdCvGpvWKmL,sensual,0.9548,0.935,0.0,0.9804,0.7422,0.8217,0.0,0.3394,0.9913,0.9094
60,Fleetwood Mac,Dreams,Global,0ofHAoxe9vBkTCp2UQIavz,null,null,null,null,null,null,null,null,null,null,null
61,Jimin,Who,Global,7tI8dRuH2Yc6RuoTjxo4dU,love,0.9868,0.9805,0.2249,0.9269,0.8285,0.8052,0.664,0.9354,0.7137,0.5504
62,"Peso Pluma, Tito Double P",dopamina,Global,3e32UUqXzrI4g2y5kNZrwC,null,null,null,null,null,null,null,null,null,null,null
63,BLACKPINK,JUMP,Global,5H1sKFMzDeMtXwND3V6hRY,sensual,0.3665,0.9321,0.5143,0.6624,0.4741,0.1011,0.2884,0.0,0.9924,0.7449
64,"The Weeknd, Daft Punk",Starboy,Global,7MXVkk9YMctZqd1Srtv4MB,sensual,0.0,0.8461,0.0,0.2147,0.326,0.1154,0.1313,0.1187,0.9364,0.8809
65,Coldplay,Sparks,Global,7D0RhFcb3CrfPuTJ0obrod,heartbreak,0.89,0.9228,0.1244,0.9349,0.8345,0.5013,0.3707,0.4208,0.7813,0.5298
66,"Ryan Castro, Kapo, Gangsta",LA VILLA,Global,2ZyrAym0sRLwt4PhGotHuI,sensual,0.2096,0.399,0.3485,0.0,0.1351,0.0,0.1933,0.1446,0.9865,0.2804
67,Harry Styles,As It Was,Global,4Dvkj6JhhA12EX05fT7y2e,lonely,0.5661,0.9268,0.0,0.9284,0.8687,0.838,0.0,0.9869,0.6763,0.6893
68,"ROSÉ, Bruno Mars",APT.,Global,4wJ5Qq0jBN4ajy7ouZIV1c,sensual,0.7633,0.9881,0.5805,0.1776,0.1354,0.0,0.55,0.5216,0.997,0.4004
69,Dominic Fike,White Keys,Global,5ViLKrbyL3HD6wsq3AB9eI,null,null,null,null,null,null,null,null,null,null,null
70,"Bad Bunny, Omar Courtz, Dei V",VeLDÁ,Global,7d6yK8v8J484SWH5prIQiE,sensual,0.639,0.8098,0.2829,0.0,0.2054,0.0,0.4967,0.157,0.9394,0.3125
71,Teddy Swims,Lose Control,Global,17phhZDn6oGtzMe56NuWvj,heartbreak,0.4637,0.9486,0.0,0.9816,0.7743,0.881,0.0,0.9153,0.7064,0.6283
72,"Gorillaz, De La Soul",Feel Good Inc.,Global,0d28khcov6AiegSCpG5TuT,null,null,null,null,null,null,null,null,null,null,null
73,"Kendrick Lamar, SZA",All The Stars,Global,3GCdLUSnKSMJhs4Tj6CV3s,anger,0.0,0.1442,0.0,0.0,0.0,0.0,0.0,0.0,0.167,0.1931
74,Vance Joy,Riptide,Global,2uXlHCUbq9OMUwx3hrk06o,null,null,null,null,null,null,null,null,null,null,null
75,Arctic Monkeys,505,Global,58ge6dfP91o9oXMzq3XkIS,null,null,null,null,null,null,null,null,null,null,null
76,Daniel Caesar,Who Knows,Global,6DH13QYXK7lKkYHSU88N48,sensual,0.8299,0.9157,0.2101,0.8558,0.7268,0.2247,0.406,0.4445,0.9589,0.1014
77,sombr,undressed,Global,0TFTAtCYhp2tQ9KcJIZb55,heartbreak,0.5212,0.8388,0.0,0.947,0.6854,0.6569,0.0,0.5794,0.4052,0.6184
78,Bruno Mars,Why You Wanna Fight?,Global,3Ac4AjYkqsvop2ydbSAhTX,longing,0.985,0.9953,0.568,0.9886,0.9605,0.9219,0.9344,0.9605,0.9625,0.8998
79,Addison Rae,Fame is a Gun,Global,7B3BwNecBhKvNwSMOOl7Gk,love,0.9802,0.9671,0.7286,0.9627,0.6304,0.1576,0.4846,0.367,0.9613,0.325
80,Herencia De Grandes,Ya Borracho,Global,4NyUIohBa3CEMGcXURYSOh,null,null,null,null,null,null,null,null,null,null,null
81,Linkin Park,In the End,Global,60a0Rd6pjrkxjPbaKzXjfq,null,null,null,null,null,null,null,null,null,null,null
82,"Jung Kook, Latto",Seven (feat. Latto) (Explicit Ver.),Global,2HRgqmZQC0MC7GeNuDIXHN,sensual,0.41,0.6051,0.2996,0.2583,0.1082,0.0,0.5144,0.0,0.6998,0.1693
83,Bruno Mars,Dance With Me,Global,1myZ6GQewhAzMH2dKtKSWK,hope,0.9819,0.9772,0.7134,0.5139,0.3636,0.0,0.9891,0.3561,0.9844,0.0
84,Michael Jackson,Billie Jean,Global,7J1uxwnxfQLu4APicE5Rnj,null,null,null,null,null,null,null,null,null,null,null
85,Nadhif Basalamah,kota ini tak sama tanpamu,Global,13CwOTXUgBugeBByE9oIWb,sensual,0.995,0.9844,0.8786,0.0,0.1529,0.0,0.8554,0.5826,0.9979,0.0
86,Lord Huron,The Night We Met,Global,5yJaXWIErrrsjQ3J0eR5aK,null,null,null,null,null,null,null,null,null,null,null
87,"Peso Pluma, Tito Double P",daño,Global,136BeIIoBGrrU9fI1jbcDR,null,null,null,null,null,null,null,null,null,null,null
88,Bruno Mars,Just the Way You Are,Global,7BqBn9nzAq8spo5e7cZ0dJ,sensual,0.9113,0.5023,0.4023,0.9119,0.7277,0.4029,0.1928,0.1697,0.9949,0.0
89,Neton Vega,Pvta Luna,Global,33MeEaRCeIQMSRyFTr5ZJU,null,null,null,null,null,null,null,null,null,null,null
90,Gracie Abrams,That’s So True,Global,7ne4VBA60CxGM75vw0EYad,sensual,0.7152,0.8679,0.3309,0.9357,0.8002,0.6658,0.1799,0.6039,0.9534,0.8729
91,"W Sound, Beéle, Ovy On The Drums",La Plena - W Sound 05,Global,6iOndD4OFo7GkaDypWQIou,sensual,0.9199,0.9352,0.2911,0.0,0.0,0.0,0.1598,0.0,0.9919,0.0
92,The Marías,No One Noticed,Global,3siwsiaEoU4Kuuc9WKMUy5,lonely,0.8159,0.9599,0.2037,0.9153,0.8343,0.9298,0.708,0.9951,0.9065,0.5102
93,BLACKPINK,Champion,Global,43BJVWcBzHRIDaQCg7abnX,hope,0.3415,0.5066,0.4068,0.0,0.0,0.0,0.755,0.0,0.7398,0.1773
94,"Peso Pluma, Tito Double P",7-3,Global,4lzo6zPM2paqyP8oBp3DOs,null,null,null,null,null,null,null,null,null,null,null
95,Don Toliver,Body,Global,0FlcmZ13DGRmscCroro9GO,null,null,null,null,null,null,null,null,null,null,null
96,Lenin Ramírez,Todo Lo Fue,Global,0Sa8aRfGckW0qUGLrBwoBG,null,null,null,null,null,null,null,null,null,null,null
97,"The Weeknd, Playboi Carti",Timeless (feat Playboi Carti),Global,0FIDCNYYjNvPVimz5icugS,heartbreak,0.493,0.8713,0.0,0.943,0.805,0.6057,0.0,0.2059,0.8607,0.8985
98,Coldplay,Viva La Vida,Global,1mea3bSkSGXuIRvnydlB5b,lonely,0.1415,0.9647,0.4011,0.9712,0.8459,0.8952,0.1104,0.998,0.9314,0.8497
99,Lil Uzi Vert,What You Saying,Global,7cjoZVmWe2xsGR4wcXiV2v,null,null,null,null,null,null,null,null,null,null,null
100,Bruno Mars,On My Soul,Global,4i4BVY2JiH4mDSLIBdNGKD,love,0.9892,0.9804,0.7585,0.7813,0.5186,0.158,0.8764,0.4214,0.9773,0.0
101,Evanescence,Bring Me To Life,Global,0COqiPhxzoWICwFCS4eZcp,null,null,null,null,null,null,null,null,null,null,null
102,Bruno Mars,When I Was Your Man,Global,0B7wvvmu9EISAwZnOpjhNI,heartbreak,0.7198,0.9385,0.0,0.9824,0.9348,0.8254,0.8271,0.8354,0.7327,0.7222
103,Empire Of The Sun,We Are The People,Global,3zEN0ii6s4DHHBpnTp3RP7,null,null,null,null,null,null,null,null,null,null,null
104,"Don Omar, Lucenzo",Danza Kuduro,Global,2a1o6ZejUi8U3wzzOtCOYw,null,null,null,null,null,null,null,null,null,null,null
105,Fuerza Regida,Marlboro Rojo,Global,3hpm0fTeSqlhJbnqAgaLZs,null,null,null,null,null,null,null,null,null,null,null
106,Tame Impala,The Less I Know The Better,Global,6K4t31amVTZDgR3sKmwUJJ,null,null,null,null,null,null,null,null,null,null,null
107,Olivia Dean,Nice To Each Other,Global,7gKxCvTDWwV9wBhdeBbr3l,null,null,null,null,null,null,null,null,null,null,null
108,Chappell Roan,"Good Luck, Babe!",Global,0WbMK4wrZ1wFSty9F7FCgu,sensual,0.6956,0.8479,0.1521,0.9407,0.6682,0.394,0.1231,0.784,0.9979,0.4562
109,Beéle,no tiene sentido,Global,1HEwEN64NjgTaHmo7LfkX8,longing,0.8587,0.9793,0.0,0.8316,0.844,0.7556,0.3391,0.8399,0.8988,0.7297
110,Piche Kota,Bahagia Lagi,Global,5tZaKZPJtiHh6teQfVEHB5,null,null,null,null,null,null,null,null,null,null,null
111,Olivia Dean,A Couple Minutes,Global,312z6PZ8wwREck8613PkJk,love,0.9853,0.9696,0.4034,0.9517,0.8899,0.2502,0.9825,0.8411,0.8959,0.2552
112,Ed Sheeran,Shape of You,Global,7qiZfU4dY1lWllzX7mPBI3,sensual,0.9222,0.9574,0.195,0.0,0.0,0.0,0.4273,0.0,0.9963,0.0
113,"DJ Snake, Justin Bieber",Let Me Love You,Global,0lYBSQXN6rCTvUZvg9S0lU,longing,0.7795,0.894,0.0,0.8553,0.6923,0.4376,0.4849,0.2413,0.6517,0.5661
114,The Script,The Man Who Can't Be Moved,Global,3nqqDo8CcCLke3ZoTgiOKf,longing,0.9017,0.965,0.0,0.858,0.8958,0.6691,0.507,0.8223,0.5097,0.3372
115,Harry Styles,Aperture,Global,45Z3m6yazmAi4jZuW0tzW0,null,null,null,null,null,null,null,null,null,null,null
116,Zara Larsson,Midnight Sun,Global,1qRV1dKLOfH1s00b9J2LUQ,sensual,0.9333,0.9588,0.884,0.1809,0.166,0.0,0.6452,0.9496,0.9963,0.0
117,Lana Del Rey,Cinnamon Girl,Global,2mdEsXPu8ZmkHRRtAdC09e,sensual,0.1591,0.8946,0.0,0.0,0.0,0.0,0.426,0.0,0.984,0.8538
118,Tyla,CHANEL,Global,4VxTzYm00mg82MuoT35Ja7,sensual,0.8234,0.8986,0.0,0.7845,0.589,0.578,0.1274,0.3424,0.9048,0.8595
119,The Weeknd,Blinding Lights,Global,0VjIjW4GlUZAMYd2vXMi3b,null,null,null,null,null,null,null,null,null,null,null
120,Tame Impala,Dracula,Global,1NXbNEAcPvY5G1xvfN57aA,null,null,null,null,null,null,null,null,null,null,null
121,"Fuerza Regida, Grupo Frontera",COQUETA,Global,1PREzVLuDT6PSE9sej4wnV,sensual,0.8836,0.9923,0.1263,0.8438,0.6688,0.1326,0.204,0.631,0.9979,0.1218
122,Nirvana,Smells Like Teen Spirit,Global,0gucTLf7trAf37Ua1uAyAu,null,null,null,null,null,null,null,null,null,null,null
123,"Tame Impala, JENNIE",Dracula - JENNIE Remix,Global,5yvVYFDUpbnjcnRBgjwTzM,longing,0.4634,0.674,0.1725,0.2649,0.1515,0.1854,0.4907,0.4325,0.5639,0.2392
124,KAROL G,Si Antes Te Hubiera Conocido,Global,73scB4Q4fcOmnsBVZPmk32,longing,0.7654,0.9796,0.3249,0.6016,0.5642,0.387,0.9656,0.4634,0.9788,0.8784
125,"Pitbull, AFROJACK, Ne-Yo, Nayer",Give Me Everything (feat. Nayer),Global,4QNpBfC0zvjKqPJcyqBy9W,null,null,null,null,null,null,null,null,null,null,null
126,"Tyler, The Creator, Kali Uchis",See You Again (feat. Kali Uchis),Global,7KA4W4McWYRpgf0fWsJZWB,null,null,null,null,null,null,null,null,null,null,null
127,"Kendrick Lamar, SZA",luther (with sza),Global,2CGNAOSuO1MEFCbBRgUzjd,longing,0.9378,0.9807,0.4307,0.9739,0.7916,0.1891,0.5712,0.1372,0.9729,0.2837
128,Don Toliver,No Pole,Global,0eaVIYo2zeOaGJeqZ5TwYz,null,null,null,null,null,null,null,null,null,null,null
129,Justin Bieber,DAISIES,Global,5BZsQlgw21vDOAjoqkNgKb,sensual,0.9948,0.9881,0.4304,0.9445,0.8034,0.5715,0.6676,0.5714,0.9969,0.3681
130,"Shakira, Wyclef Jean",Hips Don't Lie (feat. Wyclef Jean),Global,3d0WouFnFmr0K3kjeza3fF,null,null,null,null,null,null,null,null,null,null,null
131,Keane,Somewhere Only We Know,Global,0ll8uFnc0nANY35E0Lfxvg,lonely,0.4392,0.9708,0.1975,0.7168,0.5003,0.6241,0.0,0.9914,0.9356,0.3967
132,Rihanna,Only Girl (In The World),Global,2ENexcMEMsYk0rVJigVD3i,null,null,null,null,null,null,null,null,null,null,null
133,Rihanna,Don't Stop The Music,Global,1Jo0Zg7XlrA6z0mFTZVdkn,null,null,null,null,null,null,null,null,null,null,null
134,"Omar Courtz, Ñengo Flow",FOREVER TU GANTEL,Global,1YAWMfsmduIrpqrjP45pFn,sensual,0.4148,0.9397,0.0,0.4799,0.3199,0.0,0.0,0.7327,0.9675,0.6846
135,Kehlani,Folded,Global,0bxPRWprUVpQK0UFcddkrA,longing,0.7756,0.9541,0.2658,0.8268,0.7668,0.5483,0.639,0.7359,0.854,0.8673
136,Eminem,Without Me,Global,7lQ8MOhq6IN2w8EYcFNSUk,null,null,null,null,null,null,null,null,null,null,null
137,OneRepublic,Counting Stars,Global,2tpWsVSb9UEmDRxAl1zhX1,longing,0.9822,0.9962,0.3709,0.8546,0.7949,0.4954,0.9911,0.2241,0.9509,0.5799
138,TOTO,Africa,Global,2374M0fQpWi3dLnB54qaLX,null,null,null,null,null,null,null,null,null,null,null
139,Linkin Park,Numb,Global,2nLtzopw4rPReszdYBJU6h,null,null,null,null,null,null,null,null,null,null,null
140,Bad Bunny,KLOuFRENS,Global,4MUrUT38U98olfnyzMBCzm,heartbreak,0.9254,0.922,0.1677,0.9581,0.8746,0.6425,0.0,0.9514,0.5157,0.4619
141,Danny Ocean,Me Rehúso,Global,6ifUES3keWjwXgae8pXI3o,sensual,0.5289,0.6151,0.1699,0.4939,0.3833,0.2753,0.2021,0.4058,0.8709,0.2477
142,Lana Del Rey,Young And Beautiful,Global,2nMeu6UenVvwUktBCpLMK9,longing,0.9501,0.9868,0.6347,0.6949,0.7209,0.1606,0.8524,0.6039,0.9693,0.4495
143,Ed Sheeran,Perfect,Global,0tgVpDi06FyKpA1z0VMD4v,sensual,0.9787,0.9496,0.7248,0.0,0.296,0.0,0.9382,0.2297,0.9915,0.0
144,Laufey,From The Start,Global,43iIQbw5hx986dUEZbr3eN,lonely,0.862,0.9851,0.0,0.984,0.94,0.909,0.2392,0.986,0.5129,0.8385
145,Idgitaf,Sedia Aku Sebelum Hujan,Global,64qfw9JZl3RYCrq4Mn0WvT,null,null,null,null,null,null,null,null,null,null,null
146,"Macklemore, Ryan Lewis, Macklemore & Ryan Lewis, Ray Dalton",Can't Hold Us (feat. Ray Dalton),Global,22skzmqfdWrjJylampe0kt,null,null,null,null,null,null,null,null,null,null,null
147,EsDeeKid,4 Raws,Global,554qQSs9lpRVq6TlaaiIKT,null,null,null,null,null,null,null,null,null,null,null
148,Radiohead,Let Down,Global,2fuYa3Lx06QQJAm0MjztKr,despair,0.0,0.8764,0.0,0.9029,0.618,0.9884,0.2433,0.2414,0.7333,0.1853
149,Cigarettes After Sex,Apocalypse,Global,1oAwsWBovWRIp7qLMGPIet,sensual,0.5871,0.9592,0.0,0.9155,0.8062,0.8,0.1969,0.3571,0.9855,0.5517
150,JENNIE,like JENNIE,Global,0fK7ie6XwGxQTIkpFoWkd1,longing,0.6388,0.9519,0.4558,0.4817,0.706,0.3494,0.4813,0.8081,0.8864,0.9139
151,rihanna,We Found Love,Global,1zv3WFUbZ5vPxFq9I2jAU1,null,null,null,null,null,null,null,null,null,null,null
152,Sam Fender,Rein Me In,Global,0MUXBhPUDF8or0kfQ0EHwV,null,null,null,null,null,null,null,null,null,null,null
153,Creedence Clearwater Revival,Have You Ever Seen The Rain,Global,2LawezPeJhN4AWuSB0GtAU,null,null,null,null,null,null,null,null,null,null,null
154,BLACKPINK,Me and my,Global,5MXcM263QvCTWriH3nVusc,sensual,0.4158,0.6735,0.7616,0.0,0.1172,0.0,0.3579,0.1015,0.993,0.5085
155,Justin Bieber,Sorry,Global,09CtPGIpYB4BrO8qb1RGsF,anger,0.2747,0.8739,0.0,0.8223,0.6895,0.566,0.8845,0.4599,0.4618,0.9774
156,Bruno Mars,It Will Rain,Global,4rMNgxEwGWoPHIUcvB5BrB,heartbreak,0.8461,0.9202,0.0,0.9244,0.888,0.7558,0.2362,0.7158,0.7008,0.7395
157,Rihanna,Kiss It Better,Global,0UHB9METy4VCXNgkcGqHqS,longing,0.9376,0.9966,0.5082,0.9477,0.8592,0.8641,0.6985,0.6687,0.9853,0.949
158,Tom Odell,Another Love,Global,7jtQIBanIiJOMS6RyCx6jZ,null,null,null,null,null,null,null,null,null,null,null
159,"Peso Pluma, Tito Double P, LENCHO",chiclona,Global,5Q4HTsEGKanxOwL1nYCnhQ,null,null,null,null,null,null,null,null,null,null,null
160,Guns N' Roses,Sweet Child O' Mine,Global,7snQQk1zcKl8gZ92AnueZW,null,null,null,null,null,null,null,null,null,null,null
161,"The Chainsmokers, Halsey",Closer,Global,7BKLCZ1jbUBVqRi2FVlTVw,sensual,0.9061,0.982,0.2793,0.9505,0.7922,0.2741,0.4897,0.8587,0.9852,0.9183
162,Tears For Fears,Everybody Wants To Rule The World,Global,2YiCMmONQcoMPX2bV1LxE0,null,null,null,null,null,null,null,null,null,null,null
163,Fleetwood Mac,The Chain - 2004 Remaster,Global,5e9TFTbltYBg2xThimr0rU,null,null,null,null,null,null,null,null,null,null,null
164,Ed Sheeran,Photograph,Global,6fxVffaTuwjgEk5h9QyRjy,love,0.9907,0.9413,0.2107,0.9282,0.8098,0.0,0.5496,0.7166,0.8645,0.0
165,"Tate McRae, F1 The Album",Just Keep Watching (From F1® The Movie),Global,2yWlGEgEfPot0lv3OAjuG3,unclassified,0.0,0.0,0.0,0.0,0.0,0.0,0.0,0.0,0.0,0.0
166,"DJ Japa NK, MC Meno K, MC Ryan SP, Mc Jacaré, DJ DAVI DOGDOG",Posso Até Não Te Dar Flores,Global,4G7bbgD2DHORU4frrWoCXp,null,null,null,null,null,null,null,null,null,null,null
167,"Nelly Furtado, Timbaland",Promiscuous,Global,2gam98EZKrF9XuOkU13ApN,null,null,null,null,null,null,null,null,null,null,null
168,Lady Gaga,Poker Face,Global,1QV6tiMFM6fSOKOGLMHYYg,null,null,null,null,null,null,null,null,null,null,null
169,Bad Bunny,MONACO,Global,4MjDJD8cW7iVeWInc2Bdyj,sensual,0.7394,0.8604,0.5676,0.3518,0.6171,0.2669,0.3309,0.6033,0.9874,0.8342
170,"French Montana, Swae Lee",Unforgettable,Global,3B54sVLJ402zGa6Xm4YGNe,null,null,null,null,null,null,null,null,null,null,null
171,"Coolio, L.V.",Gangsta's Paradise,Global,1DIXPcTDzTj8ZMHt3PDt8p,null,null,null,null,null,null,null,null,null,null,null
172,Rihanna,Love On The Brain,Global,5oO3drDxtziYU2H1X23ZIp,null,null,null,null,null,null,null,null,null,null,null
173,Ariana Grande,we can't be friends (wait for your love),Global,51ZQ1vr10ffzbwIjDCwqm4,lonely,0.9333,0.9675,0.3099,0.9005,0.8002,0.3832,0.772,0.9853,0.8826,0.7569
174,Bruno Mars,Something Serious,Global,0PV4VQCmE6Ujssr1bnswdF,love,0.9668,0.9529,0.176,0.5119,0.7759,0.3287,0.6037,0.315,0.4956,0.6704
175,Lana Del Rey,Summertime Sadness,Global,1FEiijYPJtyswChfcpv3p0,null,null,null,null,null,null,null,null,null,null,null
176,Taylor Swift,Style,Global,0ug5NqcwcFR2xrfTkc7k8e,sensual,0.8606,0.9257,0.1035,0.5205,0.4495,0.1735,0.1405,0.7356,0.9734,0.6235
177,Twenty One Pilots,Stressed Out,Global,3CRDbSIZ4r5MsZ0YwxuEkn,null,null,null,null,null,null,null,null,null,null,null
178,Hotel Ugly,Shut up My Moms Calling,Global,3hxIUxnT27p5WcmjGUXNwx,null,null,null,null,null,null,null,null,null,null,null
179,Linkin Park,Somewhere I Belong,Global,3fjmSxt0PskST13CSdBUFx,null,null,null,null,null,null,null,null,null,null,null
180,Tate McRae,Sports car,Global,5UJbgR4XF4y1DvbkxEqe8S,sensual,0.8156,0.9795,0.3271,0.6172,0.8066,0.6745,0.448,0.2049,0.9953,0.694
181,The Cure,Boys Don't Cry,Global,1QFh8OH1e78dGd3VyJZCAC,null,null,null,null,null,null,null,null,null,null,null
182,"Maroon 5, Wiz Khalifa",Payphone,Global,1XGmzt0PVuFgQYYnV2It7A,heartbreak,0.3909,0.5688,0.0,0.9646,0.7545,0.876,0.0,0.5416,0.3142,0.79
183,Coldplay,The Scientist,Global,75JFxkI2RXiU7L9VXzMkle,longing,0.9356,0.9737,0.1212,0.9648,0.9354,0.8907,0.411,0.5511,0.8358,0.7857
184,Hozier,Take Me To Church,Global,3dYD57lRAUcMHufyqn9GcI,null,null,null,null,null,null,null,null,null,null,null
185,Rels B,TU VAS SIN (fav),Global,6uiQ0DqbXTBc8tl0AUKZkR,longing,0.911,0.9854,0.5265,0.4147,0.3363,0.0,0.4968,0.1765,0.9833,0.9112
186,Fuerza Regida,TU SANCHO,Global,6eLQXa6uk2EW8drsiKbABZ,null,null,null,null,null,null,null,null,null,null,null
187,Bruno Mars,Nothing Left,Global,0Sq6JK9kyC4MQa3KrJj5CB,lonely,0.9632,0.9905,0.1873,0.9768,0.9668,0.9053,0.6729,0.9967,0.8645,0.6743
188,Nirvana,Come As You Are,Global,5AEOqLsRJFAoSS4ay4Jzao,null,null,null,null,null,null,null,null,null,null,null
189,Rihanna,S&M,Global,7ySUcLPVX7KudhnmNcgY2D,null,null,null,null,null,null,null,null,null,null,null
190,"The Chainsmokers, Coldplay",Something Just Like This,Global,6RUKPb4LETWmmr3iAEQktW,longing,0.6082,0.9903,0.7275,0.3717,0.5242,0.3749,0.4962,0.9329,0.964,0.5874
191,Chappell Roan,Pink Pony Club,Global,6393yGahSJ9slVdOwSxOVR,null,null,null,null,null,null,null,null,null,null,null
192,"Post Malone, Swae Lee",Sunflower - Spider-Man: Into the Spider-Verse,Global,0RiRZpuVRbi7oqRdSMwhQY,null,null,null,null,null,null,null,null,null,null,null
193,Rihanna,Breakin' Dishes,Global,5EcG8eMMlwkHRVa4aTR1qd,null,null,null,null,null,null,null,null,null,null,null
194,"Kanye West, Dwele",Flashing Lights,Global,5TRPicyLGbAF2LGBFbHGvO,null,null,null,null,null,null,null,null,null,null,null
195,a-ha,Take on Me,Global,04aigH9HRGebQZu1JAN6X1,null,null,null,null,null,null,null,null,null,null,null
196,Lola Young,Messy,Global,35ISBknsCeZQtq66xABI9g,null,null,null,null,null,null,null,null,null,null,null
197,"Charlie Puth, Selena Gomez",We Don't Talk Anymore (feat. Selena Gomez),Global,54PbBpquVfhfrwRwvjSXbI,heartbreak,0.9142,0.967,0.1707,0.9692,0.9369,0.9229,0.0,0.9596,0.8471,0.8618
198,"Calvin Harris, Ellie Goulding",Outside (feat. Ellie Goulding),Global,7MmG8p0F9N3C4AXdK6o6Eb,null,null,null,null,null,null,null,null,null,null,null
199,Oasis,Wonderwall,Global,5qqabIl2vWzo9ApSC317sa,null,null,null,null,null,null,null,null,null,null,null
200,"ZXKAI, slxughter",NO BATIDÃO,Global,7vg9noSnFEyPfwLiaCW4vi,sensual,0.6517,0.9221,0.0,0.7212,0.0,0.0,0.0,0.0,0.9427,0.0
1,"V, Park Hyo Shin",Winter Ahead (with PARK HYO SHIN),Taiwan,7G7mSV4BebkoHWwKTDvXu9,sensual,0.3275,0.2367,0.0,0.1414,0.0,0.0,0.0,0.0,0.6345,0.0
2,BLACKPINK,GO,Taiwan,3FZPp9lBUvhsxFxKJi3VkB,heartbreak,0.9376,0.8011,0.2808,0.991,0.742,0.6124,0.6532,0.4627,0.9415,0.3977
3,Jin,Don’t Say You Love Me,Taiwan,27xkOIER6uDLKALIelHylZ,heartbreak,0.1976,0.847,0.0,0.9554,0.8966,0.9015,0.1853,0.6932,0.4393,0.8572
4,A-Lin,幸福在歌唱 - 電影《陽光女子合唱團》幸福版主題曲,Taiwan,3VHi5bCUek6XdiDmqqrirs,null,null,null,null,null,null,null,null,null,null,null
5,Jimin,Who,Taiwan,7tI8dRuH2Yc6RuoTjxo4dU,love,0.9868,0.9805,0.2249,0.9269,0.8285,0.8052,0.664,0.9354,0.7137,0.5504
6,Crowd Lu,太陽與地球,Taiwan,0bQSWXtpau3VkNI1ZcXTQA,null,null,null,null,null,null,null,null,null,null,null
7,Pei-Yu Hung,再見的時候 - 電影〈陽光女子合唱團〉主題曲-再見版,Taiwan,3IBYp3fKyydZ5dDtirLY6P,null,null,null,null,null,null,null,null,null,null,null
8,Hearts2Hearts,RUDE!,Taiwan,0WA27lZzPKFJKAbiDRmQDc,sensual,0.1436,0.43,0.2716,0.0,0.1856,0.1147,0.1885,0.3453,0.7938,0.3563
9,IVE,BANG BANG,Taiwan,7pBE8YpFoZ9ankC2Ci5z9X,anger,0.309,0.4493,0.0,0.0,0.2927,0.0,0.0,0.0,0.7151,0.9733
10,BLACKPINK,Champion,Taiwan,43BJVWcBzHRIDaQCg7abnX,hope,0.3415,0.5066,0.4068,0.0,0.0,0.0,0.755,0.0,0.7398,0.1773
11,Khalil Fong,特別的人,Taiwan,0VTzUEuHYD8s7CgQ15cDPo,joy,0.9675,0.9876,0.9929,0.6101,0.6514,0.0,0.99,0.279,0.9246,0.8715
12,BLACKPINK,JUMP,Taiwan,5H1sKFMzDeMtXwND3V6hRY,sensual,0.3665,0.9321,0.5143,0.6624,0.4741,0.1011,0.2884,0.0,0.9924,0.7449
13,V,Slow Dancing,Taiwan,5h1BN75CEh8wdSwE1xrbSe,null,null,null,null,null,null,null,null,null,null,null
14,Patrick Brasca,單程票,Taiwan,3woBOD3Ldh81fAwpsnD8yC,null,null,null,null,null,null,null,null,null,null,null
15,"Top Barry, INDEcompany",一半一半,Taiwan,21x0N6lu6D9kO8rVtTU3mH,null,null,null,null,null,null,null,null,null,null,null
16,V,Love Me Again,Taiwan,2N0SPREDYqILVEFSsWF5N5,null,null,null,null,null,null,null,null,null,null,null
17,HWASA,Good Goodbye,Taiwan,3cLXrotzCjYCkN73PewALM,lonely,0.3624,0.7507,0.1552,0.8668,0.8911,0.5569,0.0,0.9129,0.8921,0.6872
18,"HUNTR/X, EJAE, AUDREY NUNA, REI AMI, KPop Demon Hunters Cast",Golden,Taiwan,1CPZ5BxNNd0n0nF4Orb9JS,lonely,0.8064,0.9557,0.7701,0.5332,0.4801,0.1756,0.9468,0.9853,0.9182,0.3085
19,Evangeline Wong,離開我的依賴,Taiwan,23WLgtD54AeluEPRr5muHo,unclassified,0.0,0.0,0.0,0.0,0.0,0.0,0.0,0.0,0.0,0.0
20,BLACKPINK,Fxxxboy,Taiwan,7m0duH1vdTNxM2g8BLfR0F,heartbreak,0.972,0.9027,0.0,0.9851,0.8803,0.8934,0.0,0.9153,0.9232,0.9478
21,IVE,BLACKHOLE,Taiwan,2ytQFMxdreEFPPZTtyDdqM,sensual,0.857,0.8631,0.7173,0.0,0.0,0.0,0.9491,0.0,0.9564,0.2204
22,黃奇斌,若無你我欲去佗位,Taiwan,76EfpqmO6JUL2TTR1SIGwz,null,null,null,null,null,null,null,null,null,null,null
23,"Patrick Brasca, mac ova seas",左轉燈 (1000 Times+1),Taiwan,4UwZyC0wEV6XDEAr9kaQhi,null,null,null,null,null,null,null,null,null,null,null
24,Jay Chou,擱淺,Taiwan,0cOMncRq4cmDLO4tPQnkBF,despair,0.0,0.9429,0.0,0.8092,0.8495,0.964,0.0,0.4294,0.64,0.9251
25,BLACKPINK,Me and my,Taiwan,5MXcM263QvCTWriH3nVusc,sensual,0.4158,0.6735,0.7616,0.0,0.1172,0.0,0.3579,0.1015,0.993,0.5085
26,KiiiKiii,404 (New Era),Taiwan,24rDDbSlFY9OHrlJb48CRh,sensual,0.0,0.7444,0.3128,0.1067,0.2905,0.0,0.1881,0.1476,0.9943,0.51
27,Bestards,離開的一路上,Taiwan,1NoDTQhJsrd5rnpb6PQthK,null,null,null,null,null,null,null,null,null,null,null
28,Crowd Lu,一夜一夜一夜,Taiwan,3wofqqt5YJWdhLI9IFaX39,null,null,null,null,null,null,null,null,null,null,null
29,JENNIE,like JENNIE,Taiwan,0fK7ie6XwGxQTIkpFoWkd1,longing,0.6388,0.9519,0.4558,0.4817,0.706,0.3494,0.4813,0.8081,0.8864,0.9139
30,Crowd Lu,幾分之幾 - 電影<花甲大人轉男孩>主題曲,Taiwan,4F7ZAsndEIJXyFzJUHNlRu,null,null,null,null,null,null,null,null,null,null,null
31,"i-dle, skaiwater",Mono (feat. skaiwater),Taiwan,3VxmXJ4FdtbWI27p3Gx4Wh,null,null,null,null,null,null,null,null,null,null,null
32,EggPlantEgg,閣愛妳一擺,Taiwan,4Zwn8WxD61diTwqv9hyTQA,null,null,null,null,null,null,null,null,null,null,null
33,Stefanie Sun,遇見,Taiwan,3xJK8ywApYVEYIDhymYMC6,hope,0.585,0.9943,0.6899,0.0,0.0,0.0,0.9984,0.0,0.853,0.3945
34,CORTIS,GO!,Taiwan,6OWWZtNQORY1McaZmOrwhc,sensual,0.1007,0.5109,0.2782,0.0,0.0,0.0,0.4888,0.0,0.8369,0.7304
35,Stefanie Sun,我懷念的,Taiwan,7z2M7DsEjZjwXBkWG3zd21,null,null,null,null,null,null,null,null,null,null,null
36,ROSÉ,toxic till the end,Taiwan,1z5ebC9238uGoBgzYyvGpQ,heartbreak,0.0,0.8254,0.0,0.9181,0.7405,0.5767,0.0,0.3687,0.7879,0.8601
37,BABYMONSTER,PSYCHO,Taiwan,491ca80N1C63tpoLvAsLKb,null,null,null,null,null,null,null,null,null,null,null
38,Khalil Fong,愛愛愛,Taiwan,59lBAMCis4C6NsPdUV35Vz,null,null,null,null,null,null,null,null,null,null,null
39,"LE SSERAFIM, j-hope",SPAGHETTI,Taiwan,2N9miXnewVmUrgl6JSK1FI,sensual,0.8068,0.7059,0.4939,0.158,0.2884,0.0,0.0,0.5033,0.8952,0.2685
40,"Patrick Brasca, 陳華",你沒等我去的舊金山,Taiwan,1aNVW0fujBVx7JTorTO1jn,null,null,null,null,null,null,null,null,null,null,null
41,Bestards,不是因為天氣晴朗才愛你,Taiwan,2VEt42QSQxILgEf9B50xxm,null,null,null,null,null,null,null,null,null,null,null
42,aespa,Whiplash,Taiwan,7Cnpb1vBbC46RgVyyKLH7p,null,null,null,null,null,null,null,null,null,null,null
43,Amazing Show,愛情的大壞蛋,Taiwan,5HVq8nS0pbM6G7YK8M7DY4,null,null,null,null,null,null,null,null,null,null,null
44,Jay Chou,晴天,Taiwan,5pIcwtJYNJx93l420oR2Vm,love,0.9863,0.9732,0.0,0.9377,0.7707,0.4129,0.1691,0.9595,0.8835,0.0
45,A-Mei Chang,連名帶姓,Taiwan,3LlQoKvVnkVvq3KC8anUn8,null,null,null,null,null,null,null,null,null,null,null
46,陳粒,小半,Taiwan,3QxWTqyIT4O9bokIZlNDpo,null,null,null,null,null,null,null,null,null,null,null
47,BABYMONSTER,WE GO UP,Taiwan,1tonXoW6dcb7GGNpec3PTl,null,null,null,null,null,null,null,null,null,null,null
48,"Jay Chou, Lara Liang",珊瑚海,Taiwan,3Qj9Fy8BPbWmICTiNkuqB7,anger,0.3155,0.4651,0.2557,0.1907,0.3768,0.279,0.34,0.2582,0.6488,0.794
49,Pets Tseng,一個人想著一個人,Taiwan,3n3zzFH7zzO0gJNaw4RKSm,null,null,null,null,null,null,null,null,null,null,null
50,ILLIT,NOT CUTE ANYMORE,Taiwan,1k0JAiH11gHL9dc5dfQjQr,lonely,0.0,0.564,0.0,0.4764,0.2852,0.4874,0.0,0.9174,0.8031,0.0
51,张远,看着我的眼睛说,Taiwan,7d6eShN6yVeR4Y2Md9uCA4,anger,0.6804,0.8489,0.4648,0.7174,0.681,0.6934,0.7891,0.2043,0.8466,0.8873
52,Stefanie Sun,開始懂了,Taiwan,68tZwwRuo9ip5gRQFG1XWF,null,null,null,null,null,null,null,null,null,null,null
53,David Tao,愛我還是他,Taiwan,13bw75oRjvxMv9VGIeM32i,null,null,null,null,null,null,null,null,null,null,null
54,LBI利比,Jumping Machine (跳楼机),Taiwan,1XZE0InCx3SdCnLpVsPpZl,lonely,0.166,0.8313,0.0,0.8964,0.7134,0.623,0.1148,0.9904,0.3957,0.6024
55,Bruno Mars,Risk It All,Taiwan,5y2ijHECwFYWqcAHKTZgzD,love,0.9434,0.9402,0.2861,0.0,0.2745,0.0,0.5861,0.119,0.8722,0.1524
56,JOLIN,布拉格廣場 - JOLIN Version/ 星宇航空布拉格開航主題曲,Taiwan,0HnESxAFR5lTHioAlI7wo3,null,null,null,null,null,null,null,null,null,null,null
57,EggPlantEgg,浪流連,Taiwan,1IS0WFyiVpwsATeSzjEvpI,null,null,null,null,null,null,null,null,null,null,null
58,Sam Lee,痴心絕對,Taiwan,0D0n4q2o54VTOmDJdL6ikY,null,null,null,null,null,null,null,null,null,null,null
59,Djo,End of Beginning,Taiwan,3qhlB30KknSejmIvZZLjOD,heartbreak,0.0,0.9244,0.0,0.952,0.9477,0.3827,0.0,0.6831,0.5004,0.0
60,"PinkPantheress, Zara Larsson",Stateside + Zara Larsson,Taiwan,1DwscornXpj8fmOmYVlqZt,longing,0.7268,0.9839,0.17,0.7028,0.7868,0.6918,0.9605,0.8899,0.9242,0.8725
61,EggPlantEgg,愛情你比我想的閣較偉大 (《當男人戀愛時》電影主題曲),Taiwan,6m2I6ZyWRkxjBrrLVQILfl,null,null,null,null,null,null,null,null,null,null,null
62,"Firdhaus, DIOR 大穎",在加納共和國離婚,Taiwan,6GyUt7yJ0sOktc5HjvVnFh,anger,0.8189,0.8528,0.6487,0.6881,0.802,0.5896,0.8822,0.43,0.8565,0.9545
63,icyball 冰球樂團,不在乎,Taiwan,1t2mpO9GpLjRHDDX6SFWRn,null,null,null,null,null,null,null,null,null,null,null
64,Jay Chou,楓,Taiwan,1pALOIA4ytESmhl7Fxjdic,sensual,0.7241,0.5935,0.5582,0.465,0.5666,0.1894,0.522,0.2805,0.8722,0.7344
65,"马也_Crabbit, Cole先生",海屿你,Taiwan,6UO9nrihAk6sFGvVHDVTz8,null,null,null,null,null,null,null,null,null,null,null
66,艾薇 Ivy,天使借的溫柔,Taiwan,3ITUmRLMjxf3ZqCPSDD2gk,null,null,null,null,null,null,null,null,null,null,null
67,Taylor Swift,The Fate of Ophelia,Taiwan,53iuhJlwXhSER5J2IYYv1W,heartbreak,0.8548,0.8917,0.4806,0.9754,0.8572,0.7167,0.6854,0.8724,0.8773,0.7087
68,LNGSHOT,Moonwalkin',Taiwan,46V2ciN6F5bxjQWityNhkY,sensual,0.4608,0.8928,0.483,0.2204,0.7355,0.4332,0.5068,0.5844,0.9418,0.3588
69,"ROSÉ, Bruno Mars",APT.,Taiwan,4wJ5Qq0jBN4ajy7ouZIV1c,sensual,0.7633,0.9881,0.5805,0.1776,0.1354,0.0,0.55,0.5216,0.997,0.4004
70,G.E.M.,多遠都要在一起,Taiwan,55d0jw269HE9pbOt5ntCo8,null,null,null,null,null,null,null,null,null,null,null
71,Joker Xue,演员,Taiwan,5Sib99jpYybZAicUMETb3h,love,0.9468,0.2495,0.2156,0.3473,0.1659,0.1996,0.4137,0.1623,0.2862,0.0
72,张远,嘉賓,Taiwan,5jAmIkIpskwu2hRz2YaEHi,love,0.8929,0.6589,0.1302,0.4825,0.4694,0.3363,0.4838,0.5474,0.4437,0.3199
73,CORTIS,FaSHioN,Taiwan,4ecdsGz3Hg6TKPwQ0ZOdJz,null,null,null,null,null,null,null,null,null,null,null
74,Taylor Swift,Opalite,Taiwan,3yWuTOYDztXjZxdE2cIRUa,sensual,0.635,0.9123,0.5136,0.8291,0.6652,0.4662,0.4489,0.6175,0.9177,0.441
75,A-Mei Chang,人質,Taiwan,6OAUhxFZzaRHHC8XiuIkvb,null,null,null,null,null,null,null,null,null,null,null
76,sombr,back to friends,Taiwan,7qjZnBKE73H4Oxkopwulqe,sensual,0.4331,0.9834,0.0,0.863,0.5823,0.6766,0.1248,0.7621,0.9926,0.4478
77,BABYMONSTER,DRIP,Taiwan,1MUZitHRpmng5NevrvNx4T,null,null,null,null,null,null,null,null,null,null,null
78,Richael Liu,两三句,Taiwan,0BkBM5rY934yzHViRhd8Em,null,null,null,null,null,null,null,null,null,null,null
79,Olivia Dean,So Easy (To Fall In Love),Taiwan,6sGIMrtIzQjdzNndVxe397,love,0.9767,0.7887,0.6937,0.0,0.1084,0.0,0.8132,0.1058,0.9477,0.0
80,"Jay Chou, A-Mei Chang",不該,Taiwan,5miH0BWhRVTvHAwmnoeyXH,null,null,null,null,null,null,null,null,null,null,null
81,Sam Lee,手放開,Taiwan,2Dd9EXYXI2NNrLG61OtWQv,null,null,null,null,null,null,null,null,null,null,null
82,Kenshi Yonezu,IRIS OUT,Taiwan,59hVbgr8rfYkDbHfr8RcGI,love,0.9881,0.9472,0.3558,0.9257,0.7909,0.2781,0.0,0.1995,0.9538,0.2564
83,CORTIS,"Mention Me - From The Movie ""GOAT""",Taiwan,3f0OEJd7mlPNhmH3fUOrqy,null,null,null,null,null,null,null,null,null,null,null
84,F.I.R.,月牙灣,Taiwan,1b5IRT3iraxjHOsKZx93sW,null,null,null,null,null,null,null,null,null,null,null
85,"Lady Gaga, Bruno Mars",Die With A Smile,Taiwan,7so0lgd0zP2Sbgs2d7a1SZ,longing,0.9794,0.9844,0.1561,0.917,0.7965,0.3927,0.0,0.2333,0.9156,0.0
86,ILLIT,Magnetic,Taiwan,1aKvZDoLGkNMxoRYgkckZG,sensual,0.9489,0.9651,0.7441,0.0,0.1527,0.0,0.5671,0.0,0.9711,0.1289
87,PIZZALI,做我的初戀,Taiwan,4flk8ZgDFry6o2t0SdKsnB,null,null,null,null,null,null,null,null,null,null,null
88,ROSÉ,number one girl,Taiwan,1lcBt7LoEikqYmhUoa2cez,lonely,0.8808,0.9853,0.2554,0.5786,0.4809,0.5069,0.7723,0.9918,0.8278,0.1528
89,A-Lin,給我一個理由忘記,Taiwan,2DcmVSLAg0ZzfOQxDshZHY,null,null,null,null,null,null,null,null,null,null,null
90,David Tao,就是愛妳,Taiwan,73eCSQ1DxQbaOnzy8PhKx3,null,null,null,null,null,null,null,null,null,null,null
91,Joker Xue,其实,Taiwan,6Mmdzst5fLkrKjhdkGhLpe,null,null,null,null,null,null,null,null,null,null,null
92,DIOR 大穎,人的這一生,Taiwan,2Jox8DFhnUpJZJWLsVAsAR,unclassified,0.0,0.0,0.0,0.0,0.0,0.0,0.0,0.0,0.0,0.0
93,Hearts2Hearts,FOCUS,Taiwan,6jYiHr12NVKLzn0X7K8aSK,null,null,null,null,null,null,null,null,null,null,null
94,Silence Wang,像晴天像雨天（电视剧《难哄》心动曲）,Taiwan,1zFuSla4RQ5qAJwDIQYixW,unclassified,0.0,0.0,0.0,0.0,0.0,0.0,0.0,0.0,0.0,0.0
95,Amazing Show,偷偷愛,Taiwan,0L7R4dmkwk46DEZgqx1fF7,null,null,null,null,null,null,null,null,null,null,null
96,"Disney, Shakira",Zoo,Taiwan,3vJIaiTIHxHhYafTSPNiH4,sensual,0.9413,0.4564,0.9346,0.0,0.0,0.0,0.6081,0.0,0.9852,0.2951
97,Fish Leong,慢冷,Taiwan,3NNDJfWMGHuNpvHWTImmlW,null,null,null,null,null,null,null,null,null,null,null
98,WeiBird,"如果可以 - 電影""月老""主題曲",Taiwan,72OVnXDzugvrCU25lMi9au,unclassified,0.0,0.0,0.0,0.0,0.0,0.0,0.0,0.0,0.0,0.0
99,Ronghao Li,"不將就 (電影""何以笙簫默""片尾曲)",Taiwan,5DH8nF7aWoXXg5Sm3gjCWD,null,null,null,null,null,null,null,null,null,null,null
100,aespa,Rich Man,Taiwan,1sUjTLLCJzcxC15GUBrOlg,null,null,null,null,null,null,null,null,null,null,null
101,F.I.R.,我們的愛,Taiwan,0Q4YuuiCuxIIKUw2fb1cmV,null,null,null,null,null,null,null,null,null,null,null
102,Crowd Lu,愚人節快樂,Taiwan,3bQeHxH1x4pVUfsRpuLAlH,null,null,null,null,null,null,null,null,null,null,null
103,JOLIN,妥協,Taiwan,0m1cI6aV1jq537JamnL592,null,null,null,null,null,null,null,null,null,null,null
104,李浩瑋 Howard Lee,無垢,Taiwan,08VBl78Lgs7VIEzCL1Btyv,null,null,null,null,null,null,null,null,null,null,null
105,"JISOO, ZAYN",EYES CLOSED (with ZAYN),Taiwan,4WFfPxJv1KRekG6mxn837K,unclassified,0.0,0.0,0.0,0.0,0.0,0.0,0.0,0.0,0.0,0.0
106,"Jung Kook, Latto",Seven (feat. Latto) (Explicit Ver.),Taiwan,2HRgqmZQC0MC7GeNuDIXHN,sensual,0.41,0.6051,0.2996,0.2583,0.1082,0.0,0.5144,0.0,0.6998,0.1693
107,Andrew Tan,天后,Taiwan,4D0KlK4Fl8lotvsoys1bYQ,null,null,null,null,null,null,null,null,null,null,null
108,TWS,OVERDRIVE,Taiwan,5qAfVxNUxjrELshgTpWxLf,null,null,null,null,null,null,null,null,null,null,null
109,Billie Eilish,BIRDS OF A FEATHER,Taiwan,6dOtVTDdiauQNBQEDOtlAB,love,0.9797,0.9598,0.3611,0.8613,0.8957,0.439,0.2772,0.6404,0.8956,0.332
110,Wu Bai,淚橋,Taiwan,0NAcDn6U2GB2Arhspmh38S,null,null,null,null,null,null,null,null,null,null,null
111,"G-DRAGON, TAEYANG, DAESUNG",HOME SWEET HOME (feat. TAEYANG & DAESUNG),Taiwan,5doooVlMVRZztQbySqARMI,null,null,null,null,null,null,null,null,null,null,null
112,"The Kid LAROI, Justin Bieber",STAY (with Justin Bieber),Taiwan,567e29TDzLwZwfDuEpGTwo,sensual,0.0,0.0,0.0,0.0,0.0,0.228,0.0,0.0,0.2934,0.1756
113,TWICE,THIS IS FOR,Taiwan,18AMT576rBlQFMzUTS7WBa,null,null,null,null,null,null,null,null,null,null,null
114,高爾宣 OSN,Without You,Taiwan,0KWnRv3wxjltYVB3MqjNd2,null,null,null,null,null,null,null,null,null,null,null
115,A-Mei Chang,如果你也聽說,Taiwan,2JH8WubSk2IWYUDBUguSQv,null,null,null,null,null,null,null,null,null,null,null
116,NMIXX,Blue Valentine,Taiwan,4i0HNuFEH6P6K4UnsY5uUh,null,null,null,null,null,null,null,null,null,null,null
117,A-Lin,失戀無罪,Taiwan,2s96YKKpfBUbQP3lJuhkfX,null,null,null,null,null,null,null,null,null,null,null
118,G.E.M.,泡沫,Taiwan,2IfSPLPDW6RGosdB5huwAA,null,null,null,null,null,null,null,null,null,null,null
119,Jay Chou,七里香,Taiwan,57w29bSwdIZ6gr6xXOqwc1,null,null,null,null,null,null,null,null,null,null,null
120,Bruno Mars,I Just Might,Taiwan,6f68Ac5tt5BQOpwr0BV9oN,heartbreak,0.6779,0.7762,0.1486,0.9105,0.5574,0.369,0.3083,0.0,0.8765,0.3443
121,Eric Chou,怎麼了,Taiwan,5cU1O9P0EDA0rPkPDykhIm,anger,0.8701,0.856,0.4464,0.7346,0.724,0.7718,0.5958,0.5139,0.7746,0.8798
122,Leehom Wang,愛錯,Taiwan,4vdX5mQE0oXkflFqsqQkUP,null,null,null,null,null,null,null,null,null,null,null
123,BABYMONSTER,Really Like You,Taiwan,5xqM1HOndjxfH7NmyD8SVS,null,null,null,null,null,null,null,null,null,null,null
124,"艾薇 Ivy, 吳霏",我受夠了,Taiwan,3w71TlXbEeZeZcI7BtHy2G,null,null,null,null,null,null,null,null,null,null,null
125,EggPlantEgg,浪子回頭,Taiwan,301mxTHzMyFOVUXl6U22sf,null,null,null,null,null,null,null,null,null,null,null
126,"高爾宣 OSN, Patrick Brasca",Hold On,Taiwan,580BvW3DyUNoYFgQgoD2GI,null,null,null,null,null,null,null,null,null,null,null
127,Juice Boy,一萬公里外的你,Taiwan,6FIhcAp2lj45eFlUkTriAr,null,null,null,null,null,null,null,null,null,null,null
128,A-Mei Chang,掉了,Taiwan,4yLirljV93Y0vIoERjeTv5,null,null,null,null,null,null,null,null,null,null,null
129,"The Chainsmokers, Halsey",Closer,Taiwan,7BKLCZ1jbUBVqRi2FVlTVw,sensual,0.9061,0.982,0.2793,0.9505,0.7922,0.2741,0.4897,0.8587,0.9852,0.9183
130,"Kenshi Yonezu, Hikaru Utada",JANE DOE,Taiwan,4oE7MyJhqSD3BaHRpNs8Nl,sensual,0.8104,0.984,0.5552,0.5017,0.4582,0.174,0.2928,0.6992,0.9852,0.1886
131,"ROSÉ, F1 The Album",Messy (From F1® The Movie),Taiwan,6Wobsw9uZ0D0xkfOjxXSq9,null,null,null,null,null,null,null,null,null,null,null
132,Stefanie Sun,雨天,Taiwan,5tZbcQ5PYID0xB0VNblmrK,null,null,null,null,null,null,null,null,null,null,null
133,玖壹壹,下輩子,Taiwan,73Ijz3vN9KP1W5qrfNeWMI,null,null,null,null,null,null,null,null,null,null,null
134,Amazing Show,捲菸,Taiwan,7ks6KrwN2DKhEm06X85qEK,null,null,null,null,null,null,null,null,null,null,null
135,TWICE,What is Love?,Taiwan,5Ek40FyMPprcvtyZDjqylX,null,null,null,null,null,null,null,null,null,null,null
136,Stefanie Sun,我不難過,Taiwan,4XrWar13kLO1jr535AzKrQ,null,null,null,null,null,null,null,null,null,null,null
137,Jay Chou,說好的幸福呢,Taiwan,4OoExItZJ0jePoCZDbHx4t,null,null,null,null,null,null,null,null,null,null,null
138,IVE,XOXZ,Taiwan,2c6xH9usslUoHnOzsRhpcP,null,null,null,null,null,null,null,null,null,null,null
139,Crowd Lu,刻在我心底的名字 (Your Name Engraved Herein) - 電影<刻在你心底的名字>主題曲,Taiwan,3OC84eKMxRJ4x0Hcwl9i4i,null,null,null,null,null,null,null,null,null,null,null
140,en王翊恩,嚣张,Taiwan,1vfUASvUGt3gxQ1x3T3u1C,unclassified,0.0,0.0,0.0,0.0,0.0,0.0,0.0,0.0,0.0,0.0
141,831,想見你想見你想見你 - 電視劇《想見你》片尾曲,Taiwan,69zgyr5HVKdInjeKpq1qHa,null,null,null,null,null,null,null,null,null,null,null
142,ALLDAY PROJECT,ONE MORE TIME,Taiwan,7FyKqLLICVzwBiAUtbVYUW,null,null,null,null,null,null,null,null,null,null,null
143,"The Chainsmokers, Coldplay",Something Just Like This,Taiwan,6RUKPb4LETWmmr3iAEQktW,longing,0.6082,0.9903,0.7275,0.3717,0.5242,0.3749,0.4962,0.9329,0.964,0.5874
144,Zhang Zhen Yue,愛我別走,Taiwan,2fc2vUA5H3mTAr9rQoBDKt,null,null,null,null,null,null,null,null,null,null,null
145,Jay Chou,一路向北,Taiwan,7KoqEF76fGnDYdxTSHLxcm,null,null,null,null,null,null,null,null,null,null,null
146,Bruno Mars,That's What I Like,Taiwan,0KKkJNfGyhkQ5aFogxQAPU,sensual,0.92,0.8441,0.8207,0.0,0.1048,0.0,0.6937,0.1149,0.9939,0.2288
147,"Saja Boys, Andrew Choi, Neckwav, Danny Chung, KEVIN WOO, samUIL Lee, KPop Demon Hunters Cast",Soda Pop,Taiwan,02sy7FAs8dkDNYsHp4Ul3f,sensual,0.9213,0.9828,0.7733,0.3445,0.3866,0.1455,0.8305,0.7669,0.9979,0.4556
148,Olivia Dean,Man I Need,Taiwan,1qbmS6ep2hbBRaEZFpn7BX,sensual,0.8202,0.9604,0.4927,0.2884,0.2912,0.1998,0.8102,0.9045,0.9606,0.3285
149,"阿涵, Ayo97",感谢你曾来过,Taiwan,1JLtvvPsHwLyd2ufASdkWV,unclassified,0.0,0.0,0.0,0.0,0.0,0.0,0.0,0.0,0.0,0.0
150,Khalil Fong,紅豆,Taiwan,5TkQbhQm9BXONk2agDo4w9,null,null,null,null,null,null,null,null,null,null,null
151,IVE,Odd (GAEUL Solo),Taiwan,2dl3pNKU8pr0fcI4XrKcGF,null,null,null,null,null,null,null,null,null,null,null
152,David Tao,"愛, 很簡單",Taiwan,3OXHwY8gI2QUh0QliXBwrI,null,null,null,null,null,null,null,null,null,null,null
153,菲菲公主,第57次取消发送,Taiwan,2xYrGeWUjwGvB0KMAfUFSd,null,null,null,null,null,null,null,null,null,null,null
154,Cheer Chen,太聰明,Taiwan,4DCB1S7G6SmH9qlDpEVIzP,null,null,null,null,null,null,null,null,null,null,null
155,頑童Mj116,SPOTLIGHT,Taiwan,4IazYww9msi3dR81d9itO7,null,null,null,null,null,null,null,null,null,null,null
156,艾薇 Ivy,失重前幸福,Taiwan,3SJgTyb8a7z66suw0kBZ0T,null,null,null,null,null,null,null,null,null,null,null
157,Rainie Yang,雨愛,Taiwan,553GNiNqcudWfsF55RBDqz,null,null,null,null,null,null,null,null,null,null,null
158,CORTIS,JoyRide,Taiwan,6T17ZI0glfM2IGLdUwtnLK,null,null,null,null,null,null,null,null,null,null,null
159,JENNIE,Mantra,Taiwan,1kUyOJb3fzUo8r0OCz5SQk,null,null,null,null,null,null,null,null,null,null,null
160,Shi Shi,少一點天份,Taiwan,7lCLZlVt6g4ifoHXpXEHZm,null,null,null,null,null,null,null,null,null,null,null
161,Amazing Show,心悶,Taiwan,5PpuqQ7vLG2e66SUpjUVYg,null,null,null,null,null,null,null,null,null,null,null
162,陈村长,爱怎么了,Taiwan,0c9gjnRGBRke9VmLaZWmhM,unclassified,0.0,0.0,0.0,0.0,0.0,0.0,0.0,0.0,0.0,0.0
163,ZQS,这是你期盼的长大吗,Taiwan,3AKYofM0vFekNthGbpjMpN,unclassified,0.0,0.0,0.0,0.0,0.0,0.0,0.0,0.0,0.0,0.0
164,Hearts2Hearts,STYLE,Taiwan,5EoV2HmAlkqN1XvsIjOBZZ,null,null,null,null,null,null,null,null,null,null,null
165,"Kendrick Lamar, SZA",luther (with sza),Taiwan,2CGNAOSuO1MEFCbBRgUzjd,longing,0.9378,0.9807,0.4307,0.9739,0.7916,0.1891,0.5712,0.1372,0.9729,0.2837
166,Rene Liu,後來,Taiwan,2wzXhxWPX0aODraKNXoJYY,null,null,null,null,null,null,null,null,null,null,null
167,sodagreen,小情歌,Taiwan,4FhJ7YSRxATHnaRg4nGs6t,null,null,null,null,null,null,null,null,null,null,null
168,Ricky Hsiao,末班車,Taiwan,4oELKeBS6hWwN3CTuN6acA,null,null,null,null,null,null,null,null,null,null,null
169,"Marz23, Faye 詹雯婷",不簡單的歌 (feat. Faye 詹雯婷),Taiwan,77Y69dj99sTYGAWule3nz8,null,null,null,null,null,null,null,null,null,null,null
170,WOODZ,Drowning,Taiwan,4xeugB5MqWh0jwvXZPxahq,null,null,null,null,null,null,null,null,null,null,null
171,芒果醬 Mango Jump,我喜歡你,Taiwan,6FpUCVpLvO0QXwsovSfWEa,null,null,null,null,null,null,null,null,null,null,null
172,JOLIN,倒帶,Taiwan,4XipvtwRgtUrGb2j2l0wNG,null,null,null,null,null,null,null,null,null,null,null
173,Eason Chan,淘汰,Taiwan,5sYtvIl1mx9QuIgwC6FDU1,null,null,null,null,null,null,null,null,null,null,null
174,黃小琥,沒那麽簡單,Taiwan,4xZIMRwaaBx7CZMmM6KLuh,null,null,null,null,null,null,null,null,null,null,null
175,"Ronghao Li, A-Mei Chang",對等關係 (feat. 張惠妹),Taiwan,0mGNDAW085Jkn8IbEalZG3,null,null,null,null,null,null,null,null,null,null,null
176,aespa,UP - KARINA Solo,Taiwan,5sjnkOfTLCLNfkkchI2re2,null,null,null,null,null,null,null,null,null,null,null
177,Amazing Show,擋一根,Taiwan,6439IQyiZV5I7aOo8UREgm,null,null,null,null,null,null,null,null,null,null,null
178,Bad Bunny,DtMF,Taiwan,3sK8wGT43QFpWrvNQsrQya,longing,0.8705,0.8742,0.7961,0.5457,0.4095,0.0,0.6442,0.4561,0.874,0.751
179,Sam Lee,最近,Taiwan,0ONg8VCxzW3CCNDxDY0DNe,null,null,null,null,null,null,null,null,null,null,null
180,"Charlie Puth, Selena Gomez",We Don't Talk Anymore (feat. Selena Gomez),Taiwan,54PbBpquVfhfrwRwvjSXbI,heartbreak,0.9142,0.967,0.1707,0.9692,0.9369,0.9229,0.0,0.9596,0.8471,0.8618
181,LNGSHOT,Never Let Go,Taiwan,37xebnhvUyM8VyyDDeo65d,longing,0.7673,0.9272,0.1918,0.5098,0.4958,0.3513,0.8365,0.662,0.7784,0.6662
182,F.I.R.,Lydia,Taiwan,4D4KVgVNxed4Hd3rGWlCo2,null,null,null,null,null,null,null,null,null,null,null
183,Nicky Lee,想太多,Taiwan,7IiSESHLOtsoEXTlXa0bjJ,null,null,null,null,null,null,null,null,null,null,null
184,颜人中,有些,Taiwan,4bDJJr7yG31MApWuvEasAo,null,null,null,null,null,null,null,null,null,null,null
185,David Tao,普通朋友,Taiwan,7CTitzr4eVIDCPUJi5Dr4B,null,null,null,null,null,null,null,null,null,null,null
186,Taylor Swift,Cruel Summer,Taiwan,1BxfuPKGuaTgP7aM0Bbdwr,longing,0.7905,0.9882,0.1304,0.9033,0.7463,0.6768,0.0,0.513,0.9859,0.7444
187,aespa,Drama,Taiwan,5XWlyfo0kZ8LF7VSyfS4Ew,null,null,null,null,null,null,null,null,null,null,null
188,icyball 冰球樂團,能不能和我留在台北（陪我幾天）,Taiwan,63N9fNPJ5kkbvtntCwgIbm,null,null,null,null,null,null,null,null,null,null,null
189,KATSEYE,Gabriela,Taiwan,1xOqGUkyxGQRdCvGpvWKmL,sensual,0.9548,0.935,0.0,0.9804,0.7422,0.8217,0.0,0.3394,0.9913,0.9094
190,Wu Bai,夢醒時分,Taiwan,51fGtLs5vdK2NOumVhMXru,null,null,null,null,null,null,null,null,null,null,null
191,IVE,I AM,Taiwan,70t7Q6AYG6ZgTYmJWcnkUM,null,null,null,null,null,null,null,null,null,null,null
192,BY2,我知道,Taiwan,7iXPSlDdL0EQwPFtUR8ye1,null,null,null,null,null,null,null,null,null,null,null
193,XG,HYPNOTIZE,Taiwan,3fEX9NgOeklq816Fw00uoo,sensual,0.4992,0.6912,0.3306,0.0,0.163,0.1565,0.2412,0.0,0.9465,0.0
194,ATEEZ,Adrenaline,Taiwan,2VKGO4DNyUK5UxCQB3b3DF,sensual,0.0,0.6,0.4854,0.0,0.1121,0.0,0.0,0.6969,0.9082,0.7592
195,Eason Chan,十年,Taiwan,25pWemriUQVrZ3yIiS2IBf,null,null,null,null,null,null,null,null,null,null,null
196,Eric Chou,想念你想我,Taiwan,1sl9O7VLwGwdw4iXqnkbDP,null,null,null,null,null,null,null,null,null,null,null
197,Eric Chou,摯友,Taiwan,5evE7bweEhX83fd1ZmwPjP,null,null,null,null,null,null,null,null,null,null,null
198,BABYMONSTER,FOREVER,Taiwan,7a6vvAM1cjAuyVQpqv9pmu,null,null,null,null,null,null,null,null,null,null,null
199,NewJeans,Ditto,Taiwan,3r8RuvgbX9s7ammBn07D3W,null,null,null,null,null,null,null,null,null,null,null
200,马师傅,善后,Taiwan,6gYS6CQc7UMnj0Ubq3C0QT,unclassified,0.0,0.0,0.0,0.0,0.0,0.0,0.0,0.0,0.0,0.0
1,Bruno Mars,Risk It All,USA,5y2ijHECwFYWqcAHKTZgzD,love,0.9434,0.9402,0.2861,0.0,0.2745,0.0,0.5861,0.119,0.8722,0.1524
2,"PinkPantheress, Zara Larsson",Stateside + Zara Larsson,USA,1DwscornXpj8fmOmYVlqZt,longing,0.7268,0.9839,0.17,0.7028,0.7868,0.6918,0.9605,0.8899,0.9242,0.8725
3,Ella Langley,Choosin' Texas,USA,65DbTqJKhbwqYbZ1Okr0rc,null,null,null,null,null,null,null,null,null,null,null
4,Bruno Mars,I Just Might,USA,6f68Ac5tt5BQOpwr0BV9oN,heartbreak,0.6779,0.7762,0.1486,0.9105,0.5574,0.369,0.3083,0.0,0.8765,0.3443
5,Bad Bunny,DtMF,USA,3sK8wGT43QFpWrvNQsrQya,longing,0.8705,0.8742,0.7961,0.5457,0.4095,0.0,0.6442,0.4561,0.874,0.751
6,Olivia Dean,Man I Need,USA,1qbmS6ep2hbBRaEZFpn7BX,sensual,0.8202,0.9604,0.4927,0.2884,0.2912,0.1998,0.8102,0.9045,0.9606,0.3285
7,Dominic Fike,Babydoll,USA,7yNf9YjeO5JXUE3JEBgnYc,lonely,0.5863,0.9688,0.1665,0.8637,0.7253,0.8253,0.296,0.9715,0.898,0.7727
8,Don Toliver,E85,USA,3B4cjvGlPvyBLNG3AzEgkZ,love,0.9959,0.9693,0.9218,0.4997,0.7015,0.0,0.9466,0.2332,0.9917,0.6052
9,Olivia Dean,So Easy (To Fall In Love),USA,6sGIMrtIzQjdzNndVxe397,love,0.9767,0.7887,0.6937,0.0,0.1084,0.0,0.8132,0.1058,0.9477,0.0
10,Bad Bunny,BAILE INoLVIDABLE,USA,2lTm559tuIvatlT1u0JYG2,lonely,0.9417,0.9651,0.4153,0.9632,0.9165,0.6286,0.2942,0.9786,0.9704,0.4609
11,Bad Bunny,Tití Me Preguntó,USA,1IHWl5LamUGEuP4ozKQSXZ,heartbreak,0.8081,0.8692,0.0,0.9262,0.7401,0.8109,0.0,0.9194,0.7565,0.7201
12,Bad Bunny,NUEVAYoL,USA,5TFD2bmFKGhoCRbX61nXY5,sensual,0.6064,0.9418,0.8949,0.0,0.4016,0.0,0.5258,0.2685,0.9692,0.2498
13,Bruno Mars,Cha Cha Cha,USA,6QletrrmpkUpeJkipX9pgf,sensual,0.9085,0.9858,0.5088,0.0,0.5417,0.1917,0.9817,0.1838,0.9978,0.9391
14,Djo,End of Beginning,USA,3qhlB30KknSejmIvZZLjOD,heartbreak,0.0,0.9244,0.0,0.952,0.9477,0.3827,0.0,0.6831,0.5004,0.0
15,Don Toliver,Body,USA,0FlcmZ13DGRmscCroro9GO,null,null,null,null,null,null,null,null,null,null,null
16,Bruno Mars,God Was Showing Off,USA,1sVBT215CDmVJvfy1E2OCU,sensual,0.88,0.7788,0.8005,0.0,0.0,0.0,0.7094,0.0,0.975,0.0
17,Alex Warren,FEVER DREAM,USA,7ogpGbKc4Io6NCU6ydxXwZ,lonely,0.9064,0.9868,0.0,0.9727,0.9099,0.9699,0.8022,0.9939,0.9338,0.6029
18,Alex Warren,Ordinary,USA,2RkZ5LkEzeHGRsmDqKwmaJ,love,0.9969,0.9626,0.9183,0.5757,0.7099,0.8434,0.8303,0.1576,0.9738,0.5039
19,Bad Bunny,EoO,USA,6J5kc12BW5HuP3d7C3vvx8,longing,0.5536,0.97,0.6187,0.1103,0.4303,0.1006,0.3754,0.0,0.8936,0.392
20,Bella Kay,iloveitiloveitiloveit,USA,5IMpnpD0tQVcqWlVIgtAtV,null,null,null,null,null,null,null,null,null,null,null
21,The Killers,Mr. Brightside,USA,003vvx7Niy0yvhvHt4a68B,null,null,null,null,null,null,null,null,null,null,null
22,sombr,Homewrecker,USA,7tICCrK3CcyRFKza7yrR0z,sensual,0.87,0.9327,0.0,0.9412,0.7887,0.5152,0.2845,0.3062,0.9564,0.5098
23,sombr,back to friends,USA,7qjZnBKE73H4Oxkopwulqe,sensual,0.4331,0.9834,0.0,0.863,0.5823,0.6766,0.1248,0.7621,0.9926,0.4478
24,"HUNTR/X, EJAE, AUDREY NUNA, REI AMI, KPop Demon Hunters Cast",Golden,USA,1CPZ5BxNNd0n0nF4Orb9JS,lonely,0.8064,0.9557,0.7701,0.5332,0.4801,0.1756,0.9468,0.9853,0.9182,0.3085
25,Taylor Swift,The Fate of Ophelia,USA,53iuhJlwXhSER5J2IYYv1W,heartbreak,0.8548,0.8917,0.4806,0.9754,0.8572,0.7167,0.6854,0.8724,0.8773,0.7087
26,Fleetwood Mac,Dreams,USA,0ofHAoxe9vBkTCp2UQIavz,null,null,null,null,null,null,null,null,null,null,null
27,Bruno Mars,Why You Wanna Fight?,USA,3Ac4AjYkqsvop2ydbSAhTX,longing,0.985,0.9953,0.568,0.9886,0.9605,0.9219,0.9344,0.9605,0.9625,0.8998
28,Ella Langley,Be Her,USA,05CjWFAcAlY6O9po6Qwakk,null,null,null,null,null,null,null,null,null,null,null
29,Ella Langley,weren't for the wind,USA,2A22iI0x4EYAVXNpKPhNEM,null,null,null,null,null,null,null,null,null,null,null
30,Bruno Mars,Dance With Me,USA,1myZ6GQewhAzMH2dKtKSWK,hope,0.9819,0.9772,0.7134,0.5139,0.3636,0.0,0.9891,0.3561,0.9844,0.0
31,Luke Combs,Be By You,USA,7aLndReanHBzpTGE5Am9H8,null,null,null,null,null,null,null,null,null,null,null
32,Morgan Wallen,I Got Better,USA,4gfrYDtaRmp6HPvN80V2ob,null,null,null,null,null,null,null,null,null,null,null
33,RAYE,WHERE IS MY HUSBAND!,USA,55lijDD6OAjLFFUHU9tcDm,lonely,0.807,0.9904,0.4645,0.7864,0.7887,0.7885,0.5919,0.9924,0.9813,0.7075
34,Bruno Mars,On My Soul,USA,4i4BVY2JiH4mDSLIBdNGKD,love,0.9892,0.9804,0.7585,0.7813,0.5186,0.158,0.8764,0.4214,0.9773,0.0
35,Radiohead,Creep,USA,70LcF31zb1H0PyJoS1Sx1r,longing,0.1046,0.9402,0.0,0.9357,0.6177,0.6494,0.0,0.7999,0.6023,0.7712
36,The Goo Goo Dolls,Iris,USA,6Qyc6fS4DsZjB2mRW9DsQs,longing,0.9086,0.9849,0.1849,0.9385,0.8814,0.4034,0.0,0.6519,0.6912,0.0
37,Lil Uzi Vert,What You Saying,USA,7cjoZVmWe2xsGR4wcXiV2v,null,null,null,null,null,null,null,null,null,null,null
38,SIENNA SPIRO,Die On This Hill,USA,2gYTC8DsplN3RNdpdBcCOQ,lonely,0.9514,0.9561,0.5098,0.8136,0.813,0.6327,0.5806,0.9603,0.7046,0.7446
39,Zara Larsson,Lush Life,USA,1rIKgCH4H52lrvDcz50hS8,heartbreak,0.8825,0.7523,0.5462,0.9562,0.1866,0.0,0.1519,0.187,0.9189,0.235
40,Arctic Monkeys,505,USA,58ge6dfP91o9oXMzq3XkIS,null,null,null,null,null,null,null,null,null,null,null
41,The Neighbourhood,Sweater Weather,USA,0cQVqPuHQP4KEwc7ZUQmj6,sensual,0.9371,0.9679,0.2308,0.1304,0.1045,0.1102,0.1641,0.2279,0.9873,0.0
42,Taylor Swift,Opalite,USA,3yWuTOYDztXjZxdE2cIRUa,sensual,0.635,0.9123,0.5136,0.8291,0.6652,0.4662,0.4489,0.6175,0.9177,0.441
43,Noah Kahan,The Great Divide,USA,77zqs8ucHCSk5jh9TYec4b,null,null,null,null,null,null,null,null,null,null,null
44,She & Him,I Thought I Saw Your Face Today,USA,0myRViRgmQ3J8izICXEAVO,love,0.9788,0.8865,0.4776,0.5901,0.8036,0.0,0.3116,0.4674,0.9587,0.0
45,Don Toliver,No Pole,USA,0eaVIYo2zeOaGJeqZ5TwYz,null,null,null,null,null,null,null,null,null,null,null
46,Bruno Mars,Something Serious,USA,0PV4VQCmE6Ujssr1bnswdF,love,0.9668,0.9529,0.176,0.5119,0.7759,0.3287,0.6037,0.315,0.4956,0.6704
47,sombr,12 to 12,USA,05od2qm2MTSKCHxy1GBp5W,sensual,0.9843,0.9718,0.3537,0.9359,0.8371,0.727,0.4107,0.9673,0.9851,0.6932
48,"Lady Gaga, Bruno Mars",Die With A Smile,USA,7so0lgd0zP2Sbgs2d7a1SZ,longing,0.9794,0.9844,0.1561,0.917,0.7965,0.3927,0.0,0.2333,0.9156,0.0
49,Bruno Mars,Nothing Left,USA,0Sq6JK9kyC4MQa3KrJj5CB,lonely,0.9632,0.9905,0.1873,0.9768,0.9668,0.9053,0.6729,0.9967,0.8645,0.6743
50,Dominic Fike,White Keys,USA,5ViLKrbyL3HD6wsq3AB9eI,null,null,null,null,null,null,null,null,null,null,null
51,"Waka Flocka Flame, Roscoe Dash, Wale",No Hands,USA,03tqyYWC9Um2ZqU0ZN849H,null,null,null,null,null,null,null,null,null,null,null
52,"BigXthaPlug, Ella Langley",Hell At Night (feat. Ella Langley),USA,3pAVk6Ydn0dcGpG8gDyxSJ,null,null,null,null,null,null,null,null,null,null,null
53,Whiskey Myers,Broken Window Serenade,USA,1VOSSXuWRcBj2rpfxNdX9v,null,null,null,null,null,null,null,null,null,null,null
54,Drake,Headlines,USA,6LxSe8YmdPxy095Ux6znaQ,null,null,null,null,null,null,null,null,null,null,null
55,Olivia Dean,A Couple Minutes,USA,312z6PZ8wwREck8613PkJk,love,0.9853,0.9696,0.4034,0.9517,0.8899,0.2502,0.9825,0.8411,0.8959,0.2552
56,Sabrina Carpenter,Manchild,USA,2BwO5K8Q7EPAJSGze3AAh9,sensual,0.4798,0.8186,0.2315,0.8875,0.8501,0.804,0.4441,0.6034,0.9935,0.9415
57,Bruno Mars,That's What I Like,USA,0KKkJNfGyhkQ5aFogxQAPU,sensual,0.92,0.8441,0.8207,0.0,0.1048,0.0,0.6937,0.1149,0.9939,0.2288
58,"Mac Miller, Empire Of The Sun",The Spins,USA,2QGVKiAGTa1YcDqPMhAzF7,null,null,null,null,null,null,null,null,null,null,null
59,Ravyn Lenae,Love Me Not,USA,4WFgvKVfEhb3IUAFGrutTR,longing,0.879,0.9838,0.1042,0.9329,0.8537,0.829,0.293,0.8187,0.7578,0.5831
60,Billie Eilish,BIRDS OF A FEATHER,USA,6dOtVTDdiauQNBQEDOtlAB,love,0.9797,0.9598,0.3611,0.8613,0.8957,0.439,0.2772,0.6404,0.8956,0.332
61,Gigi Perez,Sailor Song,USA,21IYMdzTrzSe191Cy5eMap,sensual,0.8209,0.9442,0.4039,0.31,0.5062,0.0,0.8258,0.1204,0.9796,0.4582
62,Malcolm Todd,Earrings,USA,0eAuGrXyGFYwur9ARUe7LJ,lonely,0.9691,0.9411,0.0,0.9514,0.7709,0.6794,0.2126,0.9759,0.4851,0.0
63,"Kendrick Lamar, SZA",luther (with sza),USA,2CGNAOSuO1MEFCbBRgUzjd,longing,0.9378,0.9807,0.4307,0.9739,0.7916,0.1891,0.5712,0.1372,0.9729,0.2837
64,The Marías,No One Noticed,USA,3siwsiaEoU4Kuuc9WKMUy5,lonely,0.8159,0.9599,0.2037,0.9153,0.8343,0.9298,0.708,0.9951,0.9065,0.5102
65,EsDeeKid,4 Raws,USA,554qQSs9lpRVq6TlaaiIKT,null,null,null,null,null,null,null,null,null,null,null
66,Addison Rae,Fame is a Gun,USA,7B3BwNecBhKvNwSMOOl7Gk,love,0.9802,0.9671,0.7286,0.9627,0.6304,0.1576,0.4846,0.367,0.9613,0.325
67,"Zach Bryan, Kacey Musgraves",I Remember Everything (feat. Kacey Musgraves),USA,4KULAymBBJcPRpk1yO4dOG,null,null,null,null,null,null,null,null,null,null,null
68,Fetty Wap,Trap Queen,USA,2d8JP84HNLKhmd6IYOoupQ,null,null,null,null,null,null,null,null,null,null,null
69,Tame Impala,The Less I Know The Better,USA,6K4t31amVTZDgR3sKmwUJJ,null,null,null,null,null,null,null,null,null,null,null
70,"Drake, Wizkid, Kyla",One Dance,USA,1zi7xx7UVEFkmKfv06H8x0,null,null,null,null,null,null,null,null,null,null,null
71,"White Noise Radiance, Rain Sounds","Rain Sounds for Sleeping, Pt. 06 (Continuous No Gaps)",USA,7gF2mPcjipv2hLGHY7bi17,null,null,null,null,null,null,null,null,null,null,null
72,Morgan Wallen,I'm The Problem,USA,7AeM1BGYM7emrqmQn1PuWv,null,null,null,null,null,null,null,null,null,null,null
73,Bad Bunny,VOY A LLeVARTE PA PR,USA,59D4DOkspUbWyMmbAPQkxZ,sensual,0.2833,0.8849,0.4292,0.3169,0.3863,0.1404,0.4609,0.4861,0.9909,0.6639
74,Brent Faiyaz,butterflies.,USA,4jyyma8YdFC4S4llusSFRu,null,null,null,null,null,null,null,null,null,null,null
75,Daniel Caesar,Who Knows,USA,6DH13QYXK7lKkYHSU88N48,sensual,0.8299,0.9157,0.2101,0.8558,0.7268,0.2247,0.406,0.4445,0.9589,0.1014
76,"Kendrick Lamar, SZA",All The Stars,USA,3GCdLUSnKSMJhs4Tj6CV3s,anger,0.0,0.1442,0.0,0.0,0.0,0.0,0.0,0.0,0.167,0.1931
77,J. Cole,No Role Modelz,USA,68Dni7IE4VyPkTOH9mRWHr,null,null,null,null,null,null,null,null,null,null,null
78,Tame Impala,Dracula,USA,1NXbNEAcPvY5G1xvfN57aA,null,null,null,null,null,null,null,null,null,null,null
79,Benson Boone,Beautiful Things,USA,3xkHsmpQCBMytMJNiDf3Ii,longing,0.9097,0.9707,0.3246,0.7035,0.8138,0.4388,0.7875,0.5192,0.7183,0.1302
80,Chappell Roan,Pink Pony Club,USA,6393yGahSJ9slVdOwSxOVR,null,null,null,null,null,null,null,null,null,null,null
81,Frank Ocean,Nights,USA,7eqoqGkKwgOaWNNHx90uEZ,null,null,null,null,null,null,null,null,null,null,null
82,Lit,My Own Worst Enemy,USA,33iv3wnGMrrDugd7GBso1z,null,null,null,null,null,null,null,null,null,null,null
83,"The Weeknd, Playboi Carti",Timeless (feat Playboi Carti),USA,0FIDCNYYjNvPVimz5icugS,heartbreak,0.493,0.8713,0.0,0.943,0.805,0.6057,0.0,0.2059,0.8607,0.8985
84,"Post Malone, Morgan Wallen",I Had Some Help (Feat. Morgan Wallen),USA,5IZXB5IKAD2qlvTPJYDCFB,null,null,null,null,null,null,null,null,null,null,null
85,"Disco Lines, Tinashe",No Broke Boys,USA,3cZajhyr8LmtPfHZ9296tj,anger,0.1363,0.775,0.0,0.908,0.6945,0.7263,0.0,0.9548,0.8066,0.9602
86,Zach Bryan,Something in the Orange,USA,3WMj8moIAXJhHsyLaqIIHI,null,null,null,null,null,null,null,null,null,null,null
87,Coldplay,Sparks,USA,7D0RhFcb3CrfPuTJ0obrod,heartbreak,0.89,0.9228,0.1244,0.9349,0.8345,0.5013,0.3707,0.4208,0.7813,0.5298
88,Foo Fighters,Everlong,USA,5UWwZ5lm5PKu6eKsHAGxOk,null,null,null,null,null,null,null,null,null,null,null
89,Teddy Swims,Lose Control,USA,17phhZDn6oGtzMe56NuWvj,heartbreak,0.4637,0.9486,0.0,0.9816,0.7743,0.881,0.0,0.9153,0.7064,0.6283
90,Chris Stapleton,You Should Probably Leave,USA,2UikqkwBv7aIvlixeVXHWt,null,null,null,null,null,null,null,null,null,null,null
91,Childish Gambino,Les,USA,7ghKr0pCYyPPyp7t1FH8k4,null,null,null,null,null,null,null,null,null,null,null
92,Drake,Passionfruit,USA,5mCPDVBb16L4XQwDdbRUpz,null,null,null,null,null,null,null,null,null,null,null
93,"Nelly Furtado, Timbaland",Promiscuous,USA,2gam98EZKrF9XuOkU13ApN,null,null,null,null,null,null,null,null,null,null,null
94,"Kanye West, Dwele",Flashing Lights,USA,5TRPicyLGbAF2LGBFbHGvO,null,null,null,null,null,null,null,null,null,null,null
95,Fleetwood Mac,The Chain - 2004 Remaster,USA,5e9TFTbltYBg2xThimr0rU,null,null,null,null,null,null,null,null,null,null,null
96,Fleetwood Mac,Landslide,USA,5ihS6UUlyQAfmp48eSkxuQ,null,null,null,null,null,null,null,null,null,null,null
97,Rihanna,Don't Stop The Music,USA,1Jo0Zg7XlrA6z0mFTZVdkn,null,null,null,null,null,null,null,null,null,null,null
98,Chappell Roan,"Good Luck, Babe!",USA,0WbMK4wrZ1wFSty9F7FCgu,sensual,0.6956,0.8479,0.1521,0.9407,0.6682,0.394,0.1231,0.784,0.9979,0.4562
99,Bruno Mars,Locked out of Heaven,USA,5g7sDjBhZ4I3gcFIpkrLuI,longing,0.8981,0.9712,0.6347,0.0,0.1184,0.0,0.9206,0.0,0.874,0.0
100,The Police,Every Breath You Take,USA,1JSTJqkT5qHq8MDJnJbRE1,lonely,0.9504,0.9929,0.1769,0.9902,0.9767,0.9458,0.2521,0.9932,0.8225,0.6221
101,"Gorillaz, De La Soul",Feel Good Inc.,USA,0d28khcov6AiegSCpG5TuT,null,null,null,null,null,null,null,null,null,null,null
102,"J Balvin, Bad Bunny",LA CANCIÓN,USA,0fea68AdmYNygeTGI4RC18,lonely,0.8145,0.9289,0.2435,0.9284,0.8183,0.7526,0.66,0.9619,0.8217,0.4781
103,Treaty Oak Revival,Missed Call,USA,6ybZUqlfk938oS6WeBmDab,null,null,null,null,null,null,null,null,null,null,null
104,Tate McRae,Sports car,USA,5UJbgR4XF4y1DvbkxEqe8S,sensual,0.8156,0.9795,0.3271,0.6172,0.8066,0.6745,0.448,0.2049,0.9953,0.694
105,Olivia Dean,Nice To Each Other,USA,7gKxCvTDWwV9wBhdeBbr3l,null,null,null,null,null,null,null,null,null,null,null
106,Zara Larsson,Midnight Sun,USA,1qRV1dKLOfH1s00b9J2LUQ,sensual,0.9333,0.9588,0.884,0.1809,0.166,0.0,0.6452,0.9496,0.9963,0.0
107,Riley Green,Worst Way,USA,1osfLqL6L2iQsirRf83ded,null,null,null,null,null,null,null,null,null,null,null
108,The Marías,Sienna,USA,0InIeZW4P6VO7dUGRM4AKH,sensual,0.8037,0.9783,0.8066,0.9158,0.8497,0.1682,0.61,0.8661,0.9939,0.5969
109,Sublime,Santeria,USA,2hnMS47jN0etwvFPzYk11f,null,null,null,null,null,null,null,null,null,null,null
110,"Tyler, The Creator, Kali Uchis",See You Again (feat. Kali Uchis),USA,7KA4W4McWYRpgf0fWsJZWB,null,null,null,null,null,null,null,null,null,null,null
111,Red Hot Chili Peppers,Scar Tissue,USA,32sx78QsGg6pKXn42XvF9L,null,null,null,null,null,null,null,null,null,null,null
112,Vance Joy,Riptide,USA,2uXlHCUbq9OMUwx3hrk06o,null,null,null,null,null,null,null,null,null,null,null
113,sombr,undressed,USA,0TFTAtCYhp2tQ9KcJIZb55,heartbreak,0.5212,0.8388,0.0,0.947,0.6854,0.6569,0.0,0.5794,0.4052,0.6184
114,Kehlani,Folded,USA,0bxPRWprUVpQK0UFcddkrA,longing,0.7756,0.9541,0.2658,0.8268,0.7668,0.5483,0.639,0.7359,0.854,0.8673
115,Chris Stapleton,Tennessee Whiskey,USA,3fqwjXwUGN6vbzIwvyFMhx,null,null,null,null,null,null,null,null,null,null,null
116,Luke Combs,Sleepless in a Hotel Room,USA,2za9t2qpWyUpIhnJcwopPt,null,null,null,null,null,null,null,null,null,null,null
117,"Morgan Wallen, Tate McRae",What I Want (feat. Tate McRae),USA,04emojnbYkrRmv5qtJcgVP,null,null,null,null,null,null,null,null,null,null,null
118,Harry Styles,Aperture,USA,45Z3m6yazmAi4jZuW0tzW0,null,null,null,null,null,null,null,null,null,null,null
119,Noah Kahan,Stick Season,USA,0mflMxspEfB0VbI1kyLiAv,null,null,null,null,null,null,null,null,null,null,null
120,Don Toliver,ATM,USA,03auLpFLdCv4HozP4pQseu,null,null,null,null,null,null,null,null,null,null,null
121,Shaboozey,A Bar Song (Tipsy),USA,5fZJQrFKWQLb7FpJXZ1g7K,null,null,null,null,null,null,null,null,null,null,null
122,Kendrick Lamar,Not Like Us,USA,6AI3ezQ4o3HUoP6Dhudph3,null,null,null,null,null,null,null,null,null,null,null
123,Billie Eilish,WILDFLOWER,USA,3QaPy1KgI7nu9FJEQUgn6h,heartbreak,0.8731,0.9603,0.0,0.9832,0.9061,0.6845,0.0,0.7024,0.9083,0.4965
124,Evanescence,Bring Me To Life,USA,0COqiPhxzoWICwFCS4eZcp,null,null,null,null,null,null,null,null,null,null,null
125,Ella Langley,Dandelion,USA,7FudQLDIYCX6F7ruexVn2X,null,null,null,null,null,null,null,null,null,null,null
126,Malcolm Todd,Sweet Boy,USA,59c2xv2kMzYM6HR9oY6BIa,sensual,0.7315,0.8466,0.3029,0.5491,0.5376,0.3762,0.6334,0.7933,0.8744,0.3814
127,Creedence Clearwater Revival,Have You Ever Seen The Rain,USA,2LawezPeJhN4AWuSB0GtAU,null,null,null,null,null,null,null,null,null,null,null
128,Justin Bieber,DAISIES,USA,5BZsQlgw21vDOAjoqkNgKb,sensual,0.9948,0.9881,0.4304,0.9445,0.8034,0.5715,0.6676,0.5714,0.9969,0.3681
129,"Rauw Alejandro, Bad Bunny",Qué Pasaría...,USA,0l0vcZMU7AOeQmUIREoI2U,sensual,0.4293,0.9484,0.2031,0.5954,0.5342,0.2296,0.1852,0.9377,0.9895,0.8864
130,Nirvana,Smells Like Teen Spirit,USA,0gucTLf7trAf37Ua1uAyAu,null,null,null,null,null,null,null,null,null,null,null
131,Kanye West,Heartless,USA,4EWCNWgDS8707fNSZ1oaA5,null,null,null,null,null,null,null,null,null,null,null
132,"Don Toliver, Rema",Secondhand (feat. Rema),USA,4Z5KKoBGxpJo8YbDcGQXd5,null,null,null,null,null,null,null,null,null,null,null
133,Laufey,From The Start,USA,43iIQbw5hx986dUEZbr3eN,lonely,0.862,0.9851,0.0,0.984,0.94,0.909,0.2392,0.986,0.5129,0.8385
134,Twenty One Pilots,Drag Path,USA,0TlcczkVTGpinpkGJpT81L,lonely,0.0,0.9932,0.0,0.9889,0.9563,0.9939,0.0,0.998,0.9949,0.5726
135,Rihanna,Love On The Brain,USA,5oO3drDxtziYU2H1X23ZIp,null,null,null,null,null,null,null,null,null,null,null
136,Don Toliver,Gemstone,USA,6d9Cs2D2RSIl9c0ulgnFe8,null,null,null,null,null,null,null,null,null,null,null
137,Lil Uzi Vert,20 Min,USA,0uxSUdBrJy9Un0EYoBowng,null,null,null,null,null,null,null,null,null,null,null
138,Sabrina Carpenter,Espresso,USA,2HRqTpkrJO5ggZyyK6NPWz,longing,0.7879,0.9821,0.1889,0.7276,0.6767,0.9635,0.1412,0.8918,0.9743,0.2908
139,Rihanna,Kiss It Better,USA,0UHB9METy4VCXNgkcGqHqS,longing,0.9376,0.9966,0.5082,0.9477,0.8592,0.8641,0.6985,0.6687,0.9853,0.949
140,Frank Ocean,Pink + White,USA,3xKsf9qdS1CyvXSMEid6g8,null,null,null,null,null,null,null,null,null,null,null
141,Tears For Fears,Everybody Wants To Rule The World,USA,2YiCMmONQcoMPX2bV1LxE0,null,null,null,null,null,null,null,null,null,null,null
142,Zach Bryan,Pink Skies,USA,4ZJ4vzLQekI0WntDbanNC7,null,null,null,null,null,null,null,null,null,null,null
143,"J. Cole, Miguel",Power Trip (feat. Miguel),USA,2uwnP6tZVVmTovzX5ELooy,null,null,null,null,null,null,null,null,null,null,null
144,Nirvana,Come As You Are,USA,5AEOqLsRJFAoSS4ay4Jzao,null,null,null,null,null,null,null,null,null,null,null
145,Hozier,Take Me To Church,USA,3dYD57lRAUcMHufyqn9GcI,null,null,null,null,null,null,null,null,null,null,null
146,J. Cole,Work Out,USA,2wAJTrFhCnQyNSD3oUgTZO,null,null,null,null,null,null,null,null,null,null,null
147,Miguel,Sure Thing,USA,0JXXNGljqupsJaZsgSbMZV,null,null,null,null,null,null,null,null,null,null,null
148,"Dave, Tems",Raindance (feat. Tems),USA,3oTuTpF1F3A7rEC6RKsMRz,sensual,0.9218,0.9644,0.5276,0.4639,0.3171,0.0,0.5517,0.584,0.9818,0.2056
149,Brooks & Dunn,Neon Moon,USA,2M38X60UJnupGPbFTkVPNQ,null,null,null,null,null,null,null,null,null,null,null
150,Morgan Wallen,Last Night,USA,583dMdiUquLMenarTp7PQm,null,null,null,null,null,null,null,null,null,null,null
151,Baby Keem,Ca$ino,USA,3VW6HJYa5l0uzGcCRA222P,null,null,null,null,null,null,null,null,null,null,null
152,Linkin Park,Somewhere I Belong,USA,3fjmSxt0PskST13CSdBUFx,null,null,null,null,null,null,null,null,null,null,null
153,Rihanna,Breakin' Dishes,USA,5EcG8eMMlwkHRVa4aTR1qd,null,null,null,null,null,null,null,null,null,null,null
154,Frank Ocean,Novacane,USA,4osgfFTICMkcGbbigdsa53,null,null,null,null,null,null,null,null,null,null,null
155,Frank Ocean,Thinkin Bout You,USA,7DfFc7a6Rwfi3YQMRbDMau,null,null,null,null,null,null,null,null,null,null,null
156,Tory Lanez,The Color Violet,USA,3azJifCSqg9fRij2yKIbWz,null,null,null,null,null,null,null,null,null,null,null
157,"Lil Wayne, Drake, Future",Love Me,USA,2XHzzp1j4IfTNp1FTn7YFg,null,null,null,null,null,null,null,null,null,null,null
158,SZA,Snooze,USA,4iZ4pt7kvcaH6Yo8UoZ4s2,sensual,0.5918,0.7802,0.2843,0.1635,0.3253,0.2193,0.8494,0.779,0.9696,0.7959
159,Linkin Park,In the End,USA,60a0Rd6pjrkxjPbaKzXjfq,null,null,null,null,null,null,null,null,null,null,null
160,TV Girl,Lovers Rock,USA,6dBUzqjtbnIa1TwYbyw5CM,null,null,null,null,null,null,null,null,null,null,null
161,Mazzy Star,Fade Into You,USA,1LzNfuep1bnAUR9skqdHCK,null,null,null,null,null,null,null,null,null,null,null
162,Coldplay,Yellow,USA,3AJwUDP919kvQ9QcozQPxg,love,0.9874,0.946,0.5852,0.1153,0.1663,0.0,0.3298,0.1532,0.9556,0.1126
163,Gracie Abrams,That’s So True,USA,7ne4VBA60CxGM75vw0EYad,sensual,0.7152,0.8679,0.3309,0.9357,0.8002,0.6658,0.1799,0.6039,0.9534,0.8729
164,Hozier,Too Sweet,USA,19XpFsce28aByvCC4g89tJ,null,null,null,null,null,null,null,null,null,null,null
165,Jeff Buckley,"Lover, You Should've Come Over",USA,6Jv7kjGkhY2fT4yuBF3aTz,null,null,null,null,null,null,null,null,null,null,null
166,Julia Wolf,In My Room,USA,2Ui2JtVjnbHZuExldryCOA,null,null,null,null,null,null,null,null,null,null,null
167,Malcolm Todd,Roommates,USA,5vPUv0xziXbV4lnWeVNXNq,null,null,null,null,null,null,null,null,null,null,null
168,3 Doors Down,Kryptonite,USA,6ZOBP3NvffbU4SZcrnt1k6,null,null,null,null,null,null,null,null,null,null,null
169,Chris Stapleton,Think I'm In Love With You,USA,3Gn1zuHNLtGuGEOXwq0k7e,null,null,null,null,null,null,null,null,null,null,null
170,Radiohead,Let Down,USA,2fuYa3Lx06QQJAm0MjztKr,despair,0.0,0.8764,0.0,0.9029,0.618,0.9884,0.2433,0.2414,0.7333,0.1853
171,The Red Clay Strays,Wondering Why,USA,1HbzxLqpNVPdiBXvpC7Ovb,null,null,null,null,null,null,null,null,null,null,null
172,KATSEYE,Gabriela,USA,1xOqGUkyxGQRdCvGpvWKmL,sensual,0.9548,0.935,0.0,0.9804,0.7422,0.8217,0.0,0.3394,0.9913,0.9094
173,Justin Bieber,YUKON,USA,29iva9idM6rFCPUlu7Rhxl,null,null,null,null,null,null,null,null,null,null,null
174,Hotel Ugly,Shut up My Moms Calling,USA,3hxIUxnT27p5WcmjGUXNwx,null,null,null,null,null,null,null,null,null,null,null
175,Morgan Wallen,20 Cigarettes,USA,0YsIYFRoxkmEvbKCwTp0Tg,null,null,null,null,null,null,null,null,null,null,null
176,Joji,SLOW DANCING IN THE DARK,USA,6rY5FAWxCdAGllYEOZMbjW,longing,0.3048,0.9873,0.0,0.7674,0.4544,0.7332,0.0,0.93,0.7667,0.9204
177,Red Hot Chili Peppers,Can't Stop,USA,6ojiTSzyv2qPMWqyhUKAqz,null,null,null,null,null,null,null,null,null,null,null
178,Olivia Dean,The Hardest Part,USA,3cPoiK69oQ1SdbB2j2ulGm,null,null,null,null,null,null,null,null,null,null,null
179,King Von,Took Her To The O,USA,7fEoXCZTZFosUFvFQg1BmW,null,null,null,null,null,null,null,null,null,null,null
180,TLC,No Scrubs,USA,1KGi9sZVMeszgZOWivFpxs,null,null,null,null,null,null,null,null,null,null,null
181,Rihanna,Only Girl (In The World),USA,2ENexcMEMsYk0rVJigVD3i,null,null,null,null,null,null,null,null,null,null,null
182,Don Toliver,Tiramisu,USA,2GHKo6nrSjruvBEQbzD7Fw,null,null,null,null,null,null,null,null,null,null,null
183,"B.o.B, Bruno Mars",Nothin' on You (feat. Bruno Mars),USA,59dLtGBS26x7kc0rHbaPrq,sensual,0.899,0.9344,0.2967,0.0,0.2008,0.0,0.1569,0.1702,0.9415,0.347
184,Hudson Westbrook,House Again,USA,1zM8S2pnIclcdTmrfFnWtX,null,null,null,null,null,null,null,null,null,null,null
185,Michael Jackson,Billie Jean,USA,7J1uxwnxfQLu4APicE5Rnj,null,null,null,null,null,null,null,null,null,null,null
186,Daniel Caesar,Superpowers,USA,736PP5LTtREkDgktNmX3Gu,null,null,null,null,null,null,null,null,null,null,null
187,"Baby Keem, Kendrick Lamar, Momo Boyd",Good Flirts (feat. Kendrick Lamar & Momo Boyd),USA,5sHeIGDbdzw8DeO57XZKIy,null,null,null,null,null,null,null,null,null,null,null
188,BLACKPINK,GO,USA,3FZPp9lBUvhsxFxKJi3VkB,heartbreak,0.9376,0.8011,0.2808,0.991,0.742,0.6124,0.6532,0.4627,0.9415,0.3977
189,"Tame Impala, JENNIE",Dracula - JENNIE Remix,USA,5yvVYFDUpbnjcnRBgjwTzM,longing,0.4634,0.674,0.1725,0.2649,0.1515,0.1854,0.4907,0.4325,0.5639,0.2392
190,The Cure,Boys Don't Cry,USA,1QFh8OH1e78dGd3VyJZCAC,null,null,null,null,null,null,null,null,null,null,null
191,Tate McRae,TIT FOR TAT,USA,1dByUyyoRKL99fJJ6VCQzb,null,null,null,null,null,null,null,null,null,null,null
192,"Kendrick Lamar, Lefty Gunplay",tv off (feat. lefty gunplay),USA,0aB0v4027ukVziUGwVGYpG,null,null,null,null,null,null,null,null,null,null,null
193,"USHER, Lil Jon, Ludacris",Yeah! (feat. Lil Jon & Ludacris),USA,5rb9QrpfcKFHM1EUbSIurX,null,null,null,null,null,null,null,null,null,null,null
194,Olivia Dean,Dive,USA,36vmaZyO0iAE6FZ7287fg2,sensual,0.8528,0.8941,0.2037,0.4768,0.5276,0.5223,0.5314,0.4302,0.9828,0.304
195,"Kendrick Lamar, Jay Rock",Money Trees,USA,2HbKqm4o0w5wEeEFXm2sD4,null,null,null,null,null,null,null,null,null,null,null
196,Prince,Purple Rain,USA,1uvyZBs4IZYRebHIB1747m,null,null,null,null,null,null,null,null,null,null,null
197,The Cranberries,Linger,USA,0gEyKnHvgkrkBM6fbeHdwK,null,null,null,null,null,null,null,null,null,null,null
198,Coldplay,Viva La Vida,USA,1mea3bSkSGXuIRvnydlB5b,lonely,0.1415,0.9647,0.4011,0.9712,0.8459,0.8952,0.1104,0.998,0.9314,0.8497
199,Morgan Wallen,Whiskey Glasses,USA,57TEkZN3f84tFJFHFrD4pO,null,null,null,null,null,null,null,null,null,null,null
200,Noah Kahan,Northern Attitude,USA,4O2rRsoSPb5aN7N3tG6Y3v,null,null,null,null,null,null,null,null,null,null,null
1,"Ryan Castro, Kapo, Gangsta",LA VILLA,Argentina,2ZyrAym0sRLwt4PhGotHuI,sensual,0.2096,0.399,0.3485,0.0,0.1351,0.0,0.1933,0.1446,0.9865,0.2804
2,Bad Bunny,BAILE INoLVIDABLE,Argentina,2lTm559tuIvatlT1u0JYG2,lonely,0.9417,0.9651,0.4153,0.9632,0.9165,0.6286,0.2942,0.9786,0.9704,0.4609
3,"El Bogueto, Yung Beef",Cuando No Era Cantante,Argentina,6N2iccqxRInhTLHc2Fu3W0,longing,0.9043,0.9929,0.4282,0.9134,0.7976,0.2507,0.8156,0.9518,0.9892,0.7434
4,La T y La M,Soy Favela,Argentina,3TfRpsYPQSXqqramSoWlNg,lonely,0.8501,0.9401,0.0,0.8709,0.5528,0.0,0.3343,0.9788,0.9626,0.463
5,Max Carra,UWAIE - versión cumbia,Argentina,6UO9DhCUq4ZbQz7PXwelFV,unclassified,0.0,0.0,0.0,0.0,0.0,0.0,0.0,0.0,0.0,0.0
6,"Lauta, Amigo de Artistas, Tote",Puñaladas,Argentina,4AL4EamHEBKPpdcFRkYdXN,sensual,0.9337,0.9692,0.4151,0.9662,0.8864,0.5732,0.1674,0.9093,0.9739,0.244
7,Bad Bunny,DtMF,Argentina,3sK8wGT43QFpWrvNQsrQya,longing,0.8705,0.8742,0.7961,0.5457,0.4095,0.0,0.6442,0.4561,0.874,0.751
8,"Roze Oficial, Max Carra, Valen, RAMKY EN LOS CONTROLES",Tu jardín con enanitos,Argentina,6X8DTIJEgHUjZynuds0E2f,sensual,0.9783,0.8778,0.0,0.2013,0.17,0.0,0.1479,0.1578,0.9903,0.0
9,Bad Bunny,VOY A LLeVARTE PA PR,Argentina,59D4DOkspUbWyMmbAPQkxZ,sensual,0.2833,0.8849,0.4292,0.3169,0.3863,0.1404,0.4609,0.4861,0.9909,0.6639
10,"El Bogueto, Anuel AA, Fuerza Regida, Yung Beef",Cuando No Era Cantante - Remix,Argentina,2pbSCYzxrG0wa6qcj8IyiE,sensual,0.8646,0.9782,0.1985,0.5664,0.4762,0.0,0.4974,0.6412,0.9932,0.529
11,"Omar Courtz, Ñengo Flow",FOREVER TU GANTEL,Argentina,1YAWMfsmduIrpqrjP45pFn,sensual,0.4148,0.9397,0.0,0.4799,0.3199,0.0,0.0,0.7327,0.9675,0.6846
12,Rels B,TU VAS SIN (fav),Argentina,6uiQ0DqbXTBc8tl0AUKZkR,longing,0.911,0.9854,0.5265,0.4147,0.3363,0.0,0.4968,0.1765,0.9833,0.9112
13,Bad Bunny,EoO,Argentina,6J5kc12BW5HuP3d7C3vvx8,longing,0.5536,0.97,0.6187,0.1103,0.4303,0.1006,0.3754,0.0,0.8936,0.392
14,"Bad Bunny, Omar Courtz, Dei V",VeLDÁ,Argentina,7d6yK8v8J484SWH5prIQiE,sensual,0.639,0.8098,0.2829,0.0,0.2054,0.0,0.4967,0.157,0.9394,0.3125
15,"ROSALÍA, Yahritza Y Su Esencia",La Perla,Argentina,4oVO4fGNRRvEn0CRuFO4qv,lonely,0.0,0.5727,0.0,0.9419,0.532,0.8306,0.0,0.989,0.9603,0.7328
16,Bad Bunny,NUEVAYoL,Argentina,5TFD2bmFKGhoCRbX61nXY5,sensual,0.6064,0.9418,0.8949,0.0,0.4016,0.0,0.5258,0.2685,0.9692,0.2498
17,Beéle,no tiene sentido,Argentina,1HEwEN64NjgTaHmo7LfkX8,longing,0.8587,0.9793,0.0,0.8316,0.844,0.7556,0.3391,0.8399,0.8988,0.7297
18,"La T y La M, Malandro",Amor de Vago,Argentina,5MKbWaXeSQSmzmo7gPQha1,sensual,0.9155,0.9253,0.2533,0.1526,0.0,0.0,0.4554,0.0,0.9782,0.3018
19,Airbag,Pensamientos,Argentina,1H7ktqkQx1PIuPfNtqvaBs,longing,0.6463,0.988,0.1783,0.9147,0.8834,0.8752,0.4162,0.6592,0.9107,0.9345
20,"W Sound, Beéle, Ovy On The Drums",La Plena - W Sound 05,Argentina,6iOndD4OFo7GkaDypWQIou,sensual,0.9199,0.9352,0.2911,0.0,0.0,0.0,0.1598,0.0,0.9919,0.0
21,Milo j,Niño,Argentina,4aDbrgm1ZaebS1Bb2dOXac,longing,0.8104,0.9819,0.0,0.9789,0.9769,0.8578,0.1182,0.5846,0.8732,0.1223
22,"PEDRO SAMPAIO, Emilia, MC Meno K, Melody",JETSKI - Remix,Argentina,7z26frY6O7BXwyjeqzYo7W,sensual,0.8524,0.9546,0.406,0.9306,0.7556,0.8248,0.1787,0.5045,0.9982,0.5959
23,La T y La M,No Se Va,Argentina,1Zh6HllrXT0Khrwk2j3TrZ,unclassified,0.0,0.0,0.0,0.0,0.0,0.0,0.0,0.0,0.0,0.0
24,"Beéle, Ovy On The Drums",mi refe,Argentina,4zhk2RS2EZODmBW6il55Qj,love,0.9869,0.9439,0.3927,0.2606,0.1864,0.1337,0.3401,0.413,0.9534,0.1616
25,"Ovy On The Drums, Quevedo, Beéle",YO y TÚ,Argentina,7koAf6aZgjO6TS7bipfPD0,sensual,0.4436,0.4481,0.1626,0.4679,0.2748,0.0,0.2027,0.0,0.8813,0.0
26,"Myke Towers, Quevedo",SOLEAO,Argentina,4OsBqqMwFabHATATT527tH,sensual,0.7878,0.7086,0.3031,0.4605,0.2788,0.0,0.1298,0.4176,0.9565,0.4054
27,"Alleh, Yorghaki",capaz (merengueton),Argentina,2dd3G3ZqEcG2cNS1tp3oEk,sensual,0.8545,0.8758,0.1232,0.7705,0.5782,0.6709,0.1307,0.4377,0.9819,0.6688
28,Bad Bunny,KLOuFRENS,Argentina,4MUrUT38U98olfnyzMBCzm,heartbreak,0.9254,0.922,0.1677,0.9581,0.8746,0.6425,0.0,0.9514,0.5157,0.4619
29,"Rauw Alejandro, Bad Bunny",Qué Pasaría...,Argentina,0l0vcZMU7AOeQmUIREoI2U,sensual,0.4293,0.9484,0.2031,0.5954,0.5342,0.2296,0.1852,0.9377,0.9895,0.8864
30,"J Balvin, Bad Bunny",LA CANCIÓN,Argentina,0fea68AdmYNygeTGI4RC18,lonely,0.8145,0.9289,0.2435,0.9284,0.8183,0.7526,0.66,0.9619,0.8217,0.4781
31,Babasonicos,Como Eran Las Cosas,Argentina,61qPUnazSdkvua4wgA4L8C,anger,0.3218,0.8917,0.1207,0.7949,0.7144,0.5932,0.2428,0.3243,0.7861,0.9172
32,Omar Courtz,POR SI MAÑANA NO ESTOY,Argentina,595wwjQiad6e6lSTScmXvz,lonely,0.9196,0.9829,0.3349,0.966,0.8683,0.6676,0.5895,0.9918,0.9607,0.6077
33,"Bizarrap, Daddy Yankee","Daddy Yankee: Bzrp Music Sessions, Vol. 0/66",Argentina,2uPMsTEKx79gJ8rB3AcT0v,sensual,0.7709,0.8185,0.4076,0.0,0.3613,0.0,0.6257,0.1962,0.8848,0.8553
34,Bad Bunny,Tití Me Preguntó,Argentina,1IHWl5LamUGEuP4ozKQSXZ,heartbreak,0.8081,0.8692,0.0,0.9262,0.7401,0.8109,0.0,0.9194,0.7565,0.7201
35,"Bad Bunny, Ozuna, Farruko, Arcángel, Ñengo Flow, DJ Luian, Mambo Kingz",Diles,Argentina,6C1RD7YQVvt3YQj0CmuTeu,sensual,0.227,0.7566,0.2718,0.0,0.1666,0.0,0.1115,0.0,0.9948,0.5378
36,"Young Cister, Kreamly",QLOO*,Argentina,7CMj1OOS1ho4CPEQTFKzcN,sensual,0.9568,0.9321,0.37,0.0,0.2584,0.0,0.2702,0.0,0.9893,0.1127
37,Airbag,Por Mil Noches,Argentina,5vHWh24GAsXJ7tnIu8v7UN,longing,0.6117,0.9858,0.0,0.9701,0.9383,0.9366,0.0,0.9708,0.6568,0.858
38,Cazzu,Con Otra,Argentina,2F6PBqz7aPA7K309aFKMHt,longing,0.4416,0.9319,0.0,0.8507,0.6561,0.5586,0.0,0.8543,0.3352,0.7534
39,"PEPU, Pizzu",TENGO UN FEELING,Argentina,1toIsvoqn3HCpdetMXk2sJ,longing,0.5343,0.9809,0.7767,0.0,0.3261,0.0,0.6798,0.0,0.823,0.331
40,"Bizarrap, J Balvin","J Balvin: Bzrp Music Sessions, Vol. 62/66",Argentina,04YMLAsyIAe1sLb6RO5YcC,lonely,0.2248,0.8454,0.2938,0.7522,0.5214,0.2122,0.2743,0.9863,0.7307,0.6973
41,"Blessd, Anuel AA, Yan Block, Luar La L, Kris R., ROA","YOGURCITO REMIX (feat. Kris R., ROA)",Argentina,7nrd0eIftH3NQLfgk20Qp9,sensual,0.6704,0.9276,0.4736,0.318,0.2331,0.0,0.1783,0.5253,0.9942,0.5545
42,No Te Va Gustar,A las Nueve,Argentina,0CgpCtEPvyDizcg2p47VrU,despair,0.6351,0.7658,0.0,0.9226,0.8256,0.9325,0.0,0.8217,0.6079,0.8084
43,Djo,End of Beginning,Argentina,3qhlB30KknSejmIvZZLjOD,heartbreak,0.0,0.9244,0.0,0.952,0.9477,0.3827,0.0,0.6831,0.5004,0.0
44,"Bad Bunny, Chuwi",WELTiTA,Argentina,5WEF0icHWmAZBBMglBd599,sensual,0.9637,0.9318,0.8597,0.0,0.0,0.0,0.8659,0.0,0.9917,0.0
45,Plan B,Es un Secreto,Argentina,3KZCP2StVGdWkOKyRZNWA4,sensual,0.8752,0.9424,0.6731,0.0,0.0,0.0,0.7725,0.1035,0.9886,0.0
46,"No Te Va Gustar, Juan Casanova",Tan Lejos,Argentina,44m9PAUZYeOEGeaTYh6NAl,longing,0.3127,0.9187,0.1472,0.7172,0.5588,0.2015,0.4453,0.7303,0.6508,0.3639
47,"Milo j, Trueno",Gil,Argentina,5jgmQkVypORb3enASCxjYs,heartbreak,0.5819,0.7363,0.0,0.785,0.4581,0.5099,0.2916,0.6363,0.4089,0.5391
48,"Maria Becerra, TINI, XROSS",HASTA QUE ME ENAMORO,Argentina,7rfYGYxsZzQAhlJy5B0IcW,lonely,0.9547,0.9504,0.0,0.9591,0.8842,0.9283,0.0,0.9838,0.5642,0.3496
49,Gustavo Cerati,Adiós,Argentina,1rh4kDY9T4fHVDum8Foi5k,heartbreak,0.5896,0.8264,0.0,0.9274,0.8956,0.5492,0.2151,0.4446,0.6495,0.0
50,Plan B,Fronteo,Argentina,0AXKoQuC2NQ8S2QRF0Gu02,sensual,0.4535,0.473,0.1423,0.2142,0.3035,0.0,0.0,0.3397,0.936,0.4301
51,Bad Bunny,NO ME QUIERO CASAR,Argentina,39L3LdlHS3gqB62HPWaJRg,sensual,0.1705,0.8154,0.121,0.7817,0.3661,0.2439,0.2748,0.8478,0.8973,0.6626
52,"Tincho & Javi, Max Carra",Loco Enamorado I Varieté #4,Argentina,0UaxhDrvCVcCWCqYQUeeFF,unclassified,0.0,0.0,0.0,0.0,0.0,0.0,0.0,0.0,0.0,0.0
53,Intoxicados,Nunca quise,Argentina,0ZAJ660VP57lLK4U7NlGOy,anger,0.3248,0.7567,0.0,0.7632,0.5147,0.1316,0.0,0.2535,0.7407,0.8848
54,Callejeros,Creo,Argentina,5Bi9Cq5oVFy1OtUgecbegZ,sensual,0.7808,0.8355,0.0,0.8972,0.8669,0.2472,0.5147,0.3541,0.9583,0.0
55,Danny Ocean,Me Rehúso,Argentina,6ifUES3keWjwXgae8pXI3o,sensual,0.5289,0.6151,0.1699,0.4939,0.3833,0.2753,0.2021,0.4058,0.8709,0.2477
56,"Tiago PZK, Ke Personajes",Piel,Argentina,6kPCcIAGoTeRrh8qrmKa90,lonely,0.7576,0.9671,0.1584,0.1611,0.1696,0.0,0.3646,0.9683,0.94,0.0
57,"Maria Becerra, El Alfa, XROSS",HACE CALOR,Argentina,4tabsd3NLLwuT90wkuNh7C,sensual,0.3877,0.8222,0.1807,0.265,0.5444,0.1488,0.4382,0.0,0.9618,0.7818
58,Patricio Rey y sus Redonditos de Ricota,Un Ángel para Tu Soledad,Argentina,6kUopck7LHVadAjAFcXiTj,heartbreak,0.0,0.6807,0.154,0.9285,0.7336,0.9076,0.2377,0.8513,0.8383,0.3572
59,"Luck Ra, Miranda!",TU MISTERIOSO ALGUIEN (CUARTETO) (feat. Miranda!),Argentina,4Kzi8hXKkT87SQoYClizh0,love,0.9486,0.4622,0.0,0.4475,0.0,0.0,0.0,0.2212,0.47,0.0
60,"Omar Courtz, ROA",WO OH OH,Argentina,0h54mLixODOqU6vTcZMqVM,sensual,0.9318,0.9831,0.5477,0.4188,0.462,0.0,0.8094,0.4967,0.9932,0.7571
61,"Q' Lokura, Los Herrera",Cuidado Que Te Supero,Argentina,2Xetks48zQL2K7xUbJBHRn,unclassified,0.0,0.0,0.0,0.0,0.0,0.0,0.0,0.0,0.0,0.0
62,"Héctor ""El Father"", Wisin & Yandel",El Teléfono,Argentina,614NVFo5csQqRnryl4jXs2,longing,0.5988,0.9753,0.125,0.607,0.3078,0.2913,0.2194,0.8876,0.9715,0.6218
63,"Luck Ra, Karina, RAMKY EN LOS CONTROLES",LADRON,Argentina,2NMctdE1VuUUc4VctEqamB,sensual,0.8875,0.8598,0.2276,0.9105,0.9515,0.3099,0.1987,0.3966,0.983,0.8363
64,Taylor Swift,The Fate of Ophelia,Argentina,53iuhJlwXhSER5J2IYYv1W,heartbreak,0.8548,0.8917,0.4806,0.9754,0.8572,0.7167,0.6854,0.8724,0.8773,0.7087
65,"Anuel AA, Haze",Amanece,Argentina,1LiN0Z98FkR1t0m8KmLcAH,longing,0.8703,0.9768,0.2737,0.8919,0.6681,0.5376,0.1935,0.609,0.9738,0.8354
66,Turf,Pasos Al Costado,Argentina,7upAH0ezzsThyvr33YKn4u,heartbreak,0.1516,0.2909,0.0,0.5743,0.5234,0.2869,0.0,0.46,0.2109,0.0
67,"Anuel AA, Daddy Yankee, Zion & Lennox, Farruko, Wisin",Sola (Remix),Argentina,5q2JbCNi4FcnglgPfxcV65,longing,0.6892,0.9675,0.3512,0.9545,0.8627,0.7038,0.3658,0.9346,0.9342,0.8491
68,Felix Record,Cuentame,Argentina,2lg4MDfkK2ya3dEAFu6Wh8,sensual,0.8278,0.979,0.1346,0.8054,0.4745,0.3823,0.2319,0.1747,0.9933,0.838
69,De La Rose,Yo te conozco :):,Argentina,1yG1za0O6OK6sKa79xGtsA,longing,0.7789,0.9934,0.2755,0.9309,0.8222,0.755,0.9365,0.9412,0.9863,0.9834
70,Babasonicos,Irresponsables,Argentina,6d4d6cwiAf59mKxoRmXQoK,love,0.9976,0.8823,0.0,0.6376,0.5368,0.6864,0.0,0.2236,0.6864,0.4682
71,"Yan Block, Panda Black",444,Argentina,1o4xkdBe0RjSf2u6VXi4OI,longing,0.7907,0.973,0.1455,0.884,0.6835,0.5691,0.0,0.9255,0.9705,0.8506
72,"Jere Klein, Katteyes, Mateo on the Beatz",TODO KE VER,Argentina,3D9mWy43zoJFWQUE6sz6ax,sensual,0.2644,0.5033,0.0,0.4253,0.2009,0.5513,0.1191,0.3817,0.7375,0.6843
73,Los Huayra,La Noche Sin Tí,Argentina,6dT5W7zuEcUZHnZuVlSIJ5,lonely,0.8384,0.9767,0.0,0.9804,0.95,0.95,0.0,0.9972,0.56,0.5863
74,Los Piojos,Bicho de Ciudad,Argentina,0oCiPqIEL5218yu2D996eP,sensual,0.9404,0.9696,0.6295,0.8778,0.5716,0.0,0.5473,0.4389,0.9899,0.1291
75,Omar Courtz,KOKO,Argentina,1tz7RZirwiuaJw2p0jbdHb,sensual,0.7466,0.9698,0.2061,0.0,0.0,0.0,0.2694,0.9863,0.9984,0.4178
76,Maluma,Borro Cassette,Argentina,6DUdDIRgLqCGq1DwkNWQTN,sensual,0.9024,0.9485,0.2512,0.8802,0.7519,0.4656,0.1442,0.3218,0.9916,0.872
77,"Yan Block, Panda Black",Talento,Argentina,7sChwC2NZjGc2Kdni3hlDg,anger,0.7062,0.9192,0.4025,0.8336,0.9416,0.5101,0.956,0.9297,0.9901,0.9905
78,"Pablo Chill-E, Ñengo Flow, Jere Klein",Bastardo (feat. Ñengo Flow & Jere Klein),Argentina,7xjFEvchFCiAmuseCBModI,unclassified,0.0,0.0,0.0,0.0,0.0,0.0,0.0,0.0,0.0,0.0
79,Los Tipitos,Campanas en la Noche,Argentina,0C9V5jMElp7laZZdsCHufD,lonely,0.6702,0.9439,0.0,0.3964,0.2691,0.0,0.2007,0.9671,0.4904,0.0
80,Omar Courtz,SI ESTÁS CON ALGUIEN,Argentina,7nyk5uxevcijIfl1FlJgmA,heartbreak,0.7007,0.5769,0.1033,0.7951,0.563,0.5663,0.2966,0.7026,0.5724,0.3779
81,"Anuel AA, Bad Bunny",Hasta Que Dios Diga,Argentina,06s3QtMJVXw1AJX3UfvZG1,sensual,0.6429,0.7215,0.4179,0.3431,0.4049,0.1517,0.3783,0.3974,0.7992,0.6896
82,Ciro y los Persas,Me Gusta,Argentina,67Q93kXygxCskeQiIP0V0j,sensual,0.966,0.9644,0.4615,0.7023,0.4649,0.17,0.4253,0.3887,0.9957,0.2436
83,Bad Bunny,MONACO,Argentina,4MjDJD8cW7iVeWInc2Bdyj,sensual,0.7394,0.8604,0.5676,0.3518,0.6171,0.2669,0.3309,0.6033,0.9874,0.8342
84,La T y La M,amor de veraNO,Argentina,6WJ2QzbVnjmPGKpmb6tmmO,sensual,0.9117,0.8814,0.5493,0.3751,0.3082,0.0,0.2252,0.2587,0.9885,0.3798
85,Airbag,Nunca Lo Olvides,Argentina,4581iSIX0QZNNzAQRysF3k,longing,0.8484,0.981,0.0,0.8414,0.7596,0.5301,0.1524,0.8726,0.9479,0.4661
86,"Yan Block, TORRRES",Yo sé,Argentina,5DdLSEyKh8zgCrJq2hFj92,sensual,0.1853,0.8727,0.0,0.8717,0.7735,0.6956,0.0,0.2822,0.994,0.8982
87,"Milo j, Taiu",Rara Vez,Argentina,7MVIfkyzuUmQ716j8U7yGR,longing,0.9468,0.9489,0.6871,0.8135,0.4997,0.0,0.4305,0.8686,0.8545,0.2842
88,El Plan De La Mariposa,Túnel de la Vida,Argentina,3NlHH9zJ9uGXkm6NJDbLnO,hope,0.7762,0.6538,0.2982,0.0,0.0,0.0,0.9428,0.0,0.5124,0.0
89,DesaKTa2,No Se Ve / Chingon,Argentina,1wDZFWLswOdkP3PBOWiSwI,sensual,0.8886,0.9821,0.409,0.4922,0.7547,0.2106,0.1764,0.7868,0.998,0.6663
90,Airbag,Cicatrices,Argentina,23FJGRug9hlYUIBnrmkIBX,longing,0.2183,0.9851,0.0,0.8516,0.7349,0.8866,0.0,0.9829,0.8938,0.8095
91,Pablo Chill-E,Resentia,Argentina,2ANtIUI9cipWNI685VdlZb,heartbreak,0.4373,0.6597,0.0,0.6933,0.6273,0.5343,0.1543,0.505,0.4409,0.4963
92,Jin,Don’t Say You Love Me,Argentina,27xkOIER6uDLKALIelHylZ,heartbreak,0.1976,0.847,0.0,0.9554,0.8966,0.9015,0.1853,0.6932,0.4393,0.8572
93,Zion & Lennox,La player (Bandolera),Argentina,0VKkyBKCXyR99navhVRqcP,lonely,0.3185,0.8276,0.2119,0.5219,0.4109,0.4816,0.2445,0.9677,0.9003,0.6889
94,Tan Bionica,Obsesionario en La Mayor,Argentina,5EGVGkRRJ2udpRnVGpx8LM,lonely,0.9684,0.9751,0.0,0.986,0.9416,0.9494,0.3674,0.9862,0.9071,0.5805
95,"Romeo Santos, Prince Royce",Dardos,Argentina,5SudOD9R1Of6CsJVWZy6CQ,longing,0.933,0.959,0.0,0.9524,0.9145,0.8918,0.0,0.7073,0.7729,0.8667
96,Anuel AA,Tú No Lo Amas,Argentina,0fLOPPoyIaPTe8dm2Mrft3,longing,0.8967,0.9854,0.0,0.8464,0.6893,0.508,0.2631,0.9767,0.953,0.7439
97,Los Auténticos Decadentes,Un Osito de Peluche de Taiwán,Argentina,6iCnJkKswtMYoSmT58HmEn,sensual,0.5749,0.9706,0.0,0.9002,0.7953,0.6566,0.0,0.9827,0.9945,0.0
98,Patricio Rey y sus Redonditos de Ricota,Un Poco de Amor Francés,Argentina,14rcLGX83RpsORAIzC4U4g,sensual,0.931,0.8062,0.1164,0.0,0.0,0.0,0.0,0.0,0.9973,0.0
99,Q' Lokura,Quédate / Soy Favela / Lo que hay x aqui - En Vivo,Argentina,3sfrXcrMPS2KMQmzdmjEmp,unclassified,0.0,0.0,0.0,0.0,0.0,0.0,0.0,0.0,0.0,0.0
100,La T y La M,El Doctorado,Argentina,1yg1tWFaYajN4b7vsKtYRE,longing,0.3517,0.8629,0.4685,0.2624,0.2282,0.18,0.7296,0.1882,0.7891,0.5384
101,Miranda!,Tu Misterioso Alguien,Argentina,4ksf1UdqNc9pU8R4ZZrgdY,heartbreak,0.4717,0.4064,0.0,0.7107,0.1974,0.1005,0.0,0.515,0.4351,0.2757
102,"Luciano Pereyra, Ezequiel Y La Clave, Un Poco de Ruido, Pinky SD",Si No Es Muy Tarde - Versión Cumbia,Argentina,4KRlNVLHn2ZgGvpjnga31N,unclassified,0.0,0.0,0.0,0.0,0.0,0.0,0.0,0.0,0.0,0.0
103,KAROL G,Si Antes Te Hubiera Conocido,Argentina,73scB4Q4fcOmnsBVZPmk32,longing,0.7654,0.9796,0.3249,0.6016,0.5642,0.387,0.9656,0.4634,0.9788,0.8784
104,"Fuerza Regida, Grupo Frontera",COQUETA,Argentina,1PREzVLuDT6PSE9sej4wnV,sensual,0.8836,0.9923,0.1263,0.8438,0.6688,0.1326,0.204,0.631,0.9979,0.1218
105,Bad Bunny,Moscow Mule,Argentina,6Xom58OOXk2SoU711L2IXO,longing,0.274,0.9621,0.4797,0.5029,0.629,0.3842,0.1392,0.5632,0.8803,0.9551
106,"Luck Ra, BM",La Morocha,Argentina,6vRQqxOhUFd78p5tL8jXr7,lonely,0.9883,0.9939,0.1624,0.5899,0.2573,0.4242,0.5465,0.9988,0.9865,0.423
107,Los Auténticos Decadentes,Loco (Tu Forma De Ser),Argentina,3ydweVPwq9PCEVJ8WwqT6u,heartbreak,0.0,0.344,0.0,0.7045,0.1794,0.0,0.0,0.0,0.2498,0.2551
108,Omar Courtz,⁠LUCES DE COLORES,Argentina,5dDlknAL9imbXXl7uG7oqe,sensual,0.6166,0.9734,0.6434,0.0,0.269,0.0,0.3572,0.5468,0.998,0.4336
109,The Police,Every Breath You Take,Argentina,1JSTJqkT5qHq8MDJnJbRE1,lonely,0.9504,0.9929,0.1769,0.9902,0.9767,0.9458,0.2521,0.9932,0.8225,0.6221
110,"Maluma, Trap Capos, Noriel, Bryant Myers, Juhn","Cuatro Babys (feat. Trap Capos, Noriel, Bryant Myers & Juhn)",Argentina,0JoHqmlqE0W0i9prt6kcHR,sensual,0.6281,0.8572,0.1439,0.7529,0.6225,0.7793,0.0,0.7585,0.9218,0.5224
111,Airbag,Cae el Sol,Argentina,1Mqfdem6pgGVoULjSkkcc9,longing,0.9132,0.989,0.2566,0.8801,0.8483,0.7297,0.69,0.9792,0.8427,0.7206
112,"Eugenia Quevedo, Angela Leiva, La banda de Carlitos",No Podrás - En Vivo,Argentina,3X8jKI7kHrbhqgLboG14tw,heartbreak,0.5797,0.7327,0.0,0.9576,0.8838,0.8639,0.0,0.9518,0.4991,0.9318
113,Babasonicos,Puesto,Argentina,5zpZUFF7YyPG90nkR88RYd,sensual,0.9197,0.7633,0.8959,0.1105,0.4004,0.0,0.5706,0.0,0.9913,0.7274
114,Soda Stereo,Trátame Suavemente - Remasterizado 2007,Argentina,65DBZofI0b79kfHTcWWDuU,unclassified,0.0,0.0,0.0,0.0,0.0,0.0,0.0,0.0,0.0,0.0
115,"DesaKTa2, Aneley",Estaba Aqui Pensando,Argentina,5GUgnXDDO4raKkT9lO5F1x,unclassified,0.0,0.0,0.0,0.0,0.0,0.0,0.0,0.0,0.0,0.0
116,Yandel,Encantadora,Argentina,7LABrQFfRYcZUqUwng0Heb,sensual,0.4656,0.4837,0.1369,0.1969,0.2099,0.368,0.1516,0.4454,0.4927,0.2662
117,Bad Bunny,Otra Noche en Miami,Argentina,4vCAzANUWDE24URV6wQ4ra,lonely,0.4395,0.9696,0.0,0.9434,0.7492,0.6356,0.0,0.9848,0.669,0.6396
118,"Bad Bunny, Bomba Estéreo",Ojitos Lindos,Argentina,3k3NWokhRRkEPhCzPmV8TW,sensual,0.5863,0.7735,0.2577,0.3631,0.2391,0.3007,0.0,0.3365,0.9414,0.2993
119,"Callejero Fino, Martin Vegas",TIKI TIKI,Argentina,7GSKEUunbDOtPSG1TLXq8e,anger,0.2299,0.5215,0.1413,0.6791,0.6763,0.3208,0.0,0.1656,0.8696,0.8932
120,No Te Va Gustar,Ese Maldito Momento,Argentina,6MuJUSYCqA4FpMogUHzb2R,lonely,0.0,0.5852,0.0,0.9445,0.9059,0.9436,0.0,0.9986,0.2263,0.7569
121,Angela Torres,FAVORITA,Argentina,6EhX9FjpQZ5CohoGeqUM2u,sensual,0.8778,0.7815,0.1009,0.8466,0.4844,0.5462,0.0,0.0,0.9773,0.4463
122,Kapo,UWAIE,Argentina,0fMjldiEpgjbWQ4bBQwVzH,sensual,0.9759,0.9755,0.6875,0.1239,0.0,0.0,0.4903,0.1743,0.9867,0.0
123,"Estelares, Jorge Serrano",Ella Dijo,Argentina,6cFf4Jfy7ThUwGzbqFcZsx,heartbreak,0.9266,0.9337,0.1827,0.9657,0.8607,0.9067,0.1072,0.866,0.9625,0.7524
124,La T y La M,Un Montón de Estrellas - En Vivo Gran Rex,Argentina,1R3ubqAHKHE6f64Hz37q8h,unclassified,0.0,0.0,0.0,0.0,0.0,0.0,0.0,0.0,0.0,0.0
125,Babasonicos,El Loco,Argentina,2jEjxOyKqMpkcThWl697hf,heartbreak,0.0,0.9527,0.0,0.975,0.8147,0.8719,0.0,0.9078,0.9624,0.8673
126,Andrés Calamaro,Flaca,Argentina,1p7m9H4H8s0Y7SgRm7j3ED,love,0.9615,0.8805,0.275,0.749,0.6909,0.4368,0.6541,0.8569,0.6894,0.2703
127,Las Pelotas,Personalmente,Argentina,7q7XFO9av9VpNJSXKJwJxD,sensual,0.445,0.9495,0.4251,0.9371,0.9252,0.447,0.9467,0.7569,0.9559,0.7088
128,"Rauw Alejandro, Romeo Santos",Khé?,Argentina,1YYfyJ2yCvGFCxwjsIqEK9,longing,0.8341,0.9667,0.0,0.9518,0.768,0.6802,0.0,0.8603,0.9065,0.7645
129,Las Pelotas,Será,Argentina,60IzIxSuVAtU71yCmHjxHH,longing,0.8909,0.998,0.1472,0.9559,0.9588,0.6776,0.762,0.7733,0.9849,0.9457
130,Mon Laferte,Tu Falta De Querer,Argentina,4skuEIloXWuxxgekKupkEH,longing,0.9385,0.9912,0.0,0.981,0.963,0.9405,0.0,0.9636,0.7485,0.9258
131,Patricio Rey y sus Redonditos de Ricota,Esa Estrella Era Mi Lujo,Argentina,1buwr89mlvxbaqArqmvCYS,sensual,0.8887,0.7534,0.4291,0.3766,0.2685,0.0,0.0,0.3564,0.9751,0.1547
132,"Yan Block, De La Rose, Hades66, Ñengo Flow",444 - Remix,Argentina,5AK6QqM8aUXXTk6oY00ZRh,sensual,0.6919,0.9737,0.2927,0.6797,0.6577,0.5322,0.2093,0.8006,0.9764,0.7945
133,Romeo Santos,Imitadora,Argentina,6r46lnXFbE9fr2d3KNaGbe,longing,0.869,0.9871,0.1531,0.9763,0.9336,0.764,0.4137,0.9794,0.9753,0.895
134,Milo j,M.A.I,Argentina,35ttE4t8lQZA2vuCYDg4G7,love,0.9948,0.9587,0.6176,0.9677,0.9257,0.7801,0.8508,0.9285,0.8226,0.6874
135,Omar Courtz,VAMOaCOCHI,Argentina,1oghNMGW42IhtQPNU6leZz,sensual,0.8343,0.9625,0.3488,0.0,0.1208,0.0,0.363,0.7901,0.9845,0.3152
136,"Ke Personajes, Onda Sabanera",Pobre Corazón - En Vivo,Argentina,1AX4aybSRyXHWrjg27wTFE,unclassified,0.0,0.0,0.0,0.0,0.0,0.0,0.0,0.0,0.0,0.0
137,"Feid, ATL Jacob",LUNA,Argentina,7bywjHOc0wSjGGbj04XbVi,longing,0.7103,0.9914,0.2024,0.9845,0.9555,0.8998,0.1585,0.9805,0.9045,0.9727
138,Anuel AA,¿Qué Nos Pasó?,Argentina,7k3qWn8D43a5ISa3x8lJux,anger,0.0,0.5996,0.0,0.7505,0.5793,0.443,0.0,0.3716,0.6019,0.8565
139,"Jory Boy, Bad Bunny",No Te Hagas,Argentina,5hKjEpYrJIJs6uPl7zw6Y6,sensual,0.4157,0.7515,0.2056,0.5246,0.5605,0.3776,0.1219,0.5547,0.8742,0.5379
140,"Rauw Alejandro, Chencho Corleone",El Efecto,Argentina,4SJHHpKhcuXwDsCsPqshXj,sensual,0.4275,0.6397,0.31,0.0,0.0,0.0,0.1703,0.3957,0.9735,0.2263
141,"KHEA, Duki, Cazzu, Omar Varela, MYKKA",Loca,Argentina,0vnrhysrKKRdNYFKLAGzRc,sensual,0.4693,0.8026,0.0,0.7538,0.4311,0.3265,0.0,0.3665,0.9215,0.674
142,"Luciano Pereyra, The La Planta, Un Poco de Ruido, Pinky SD",Es Mi Culpa - Versión Cumbia,Argentina,78OOLg1XsVW0QQkfHP2VEV,unclassified,0.0,0.0,0.0,0.0,0.0,0.0,0.0,0.0,0.0,0.0
143,"Maria Becerra, Paulo Londra, XROSS",RAMEN PARA DOS,Argentina,5KJacLbQNuqzR9IizaPI6h,lonely,0.3382,0.8874,0.0,0.9394,0.8363,0.8842,0.3119,0.9855,0.644,0.7279
144,Plan B,Fanatica Sensual,Argentina,1DrDfpOx4P4LMxFhtOmeyD,sensual,0.9642,0.9415,0.3382,0.0,0.2617,0.0,0.619,0.3245,0.9985,0.4671
145,"Marc Seguí, Rauw Alejandro, Pol Granch",Tiroteo - Remix,Argentina,4OwhwvKESFtuu06dTgct7i,longing,0.8418,0.9768,0.1164,0.9163,0.8297,0.6185,0.5463,0.8867,0.7595,0.5678
146,Cumbia rocha,"Suena en la Previa, Vol. 2",Argentina,0LswOwsXAfPYLGVwqRlNyW,unclassified,0.0,0.0,0.0,0.0,0.0,0.0,0.0,0.0,0.0,0.0
147,"Trap Capos, Noriel, Bad Bunny, Arcángel",De las 2 (feat. Bad Bunny & Arcángel),Argentina,4DS7HoqrKq1dDjeYOKBlu9,longing,0.5906,0.8516,0.1776,0.2933,0.3135,0.1604,0.1396,0.3692,0.7442,0.3804
148,"DobleP, Peipper, Locura Mix, VERNAZ",PUTERÍ4,Argentina,1IgrATr9zMmRjtFVFY6O7s,unclassified,0.0,0.0,0.0,0.0,0.0,0.0,0.0,0.0,0.0,0.0
149,"Emilia, TINI, Nicki Nicole",blackout 🧊,Argentina,1KaXG7dVdwMH3gCtiAU39t,sensual,0.1282,0.4854,0.0,0.0,0.0,0.0,0.0,0.0,0.9885,0.4327
150,"Omar Courtz, De La Rose",Q U E V A S H A C E R H O Y ?,Argentina,0Sr7ssScx54yxdM2ols7nW,sensual,0.7743,0.9766,0.354,0.0,0.1787,0.0,0.2002,0.2246,0.9949,0.659
151,"Pinky SD, Un Poco de Ruido, Uriel Lozano",Conmigo Te Gustó,Argentina,4eqXTlaHeK6xkM1fRx9wR5,unclassified,0.0,0.0,0.0,0.0,0.0,0.0,0.0,0.0,0.0,0.0
152,"Bad Bunny, Los Pleneros de la Cresta",CAFé CON RON,Argentina,6VNXmo59yDYgcwLS17UNAW,sensual,0.0,0.6706,0.0,0.2802,0.4701,0.5538,0.1286,0.1082,0.7321,0.6141
153,"Omar Courtz, De La Rose, Haze",Kyoto,Argentina,7eNwwoxDR8KVzNAuGvliAO,sensual,0.7694,0.9305,0.3473,0.3023,0.29,0.0,0.2781,0.677,0.9915,0.287
154,Sabrina Carpenter,Manchild,Argentina,2BwO5K8Q7EPAJSGze3AAh9,sensual,0.4798,0.8186,0.2315,0.8875,0.8501,0.804,0.4441,0.6034,0.9935,0.9415
155,"Ulises Bueno, DesaKTa2",No Puedo Fingirlo,Argentina,06WyITrA2pZJT5Nt79AOrb,unclassified,0.0,0.0,0.0,0.0,0.0,0.0,0.0,0.0,0.0,0.0
156,"Tainy, Bad Bunny",MOJABI GHOST,Argentina,46YjJXVXWHlQ21odKktg5e,lonely,0.5843,0.9872,0.2126,0.9703,0.9211,0.7721,0.9614,0.9961,0.9773,0.7843
157,Patricio Rey y sus Redonditos de Ricota,La Bestia Pop,Argentina,6BHlafXY1L2eetDCwict05,love,0.996,0.9851,0.9603,0.0,0.0,0.0,0.8005,0.0,0.9827,0.0
158,"Callejero Fino, Lea in the Mix",NO LES DA,Argentina,6pryujEohwqSNKGTW33SKE,anger,0.0,0.4297,0.0,0.3376,0.4789,0.1688,0.1247,0.0,0.8939,0.9312
159,Boza,Hecha Pa' Mi,Argentina,3VvA1wSxukMLsvXoXtlwWx,sensual,0.6604,0.6937,0.3814,0.1132,0.0,0.0,0.2004,0.489,0.9479,0.1123
160,"Big One, FMK, Ke Personajes",Un Finde | CROSSOVER #2,Argentina,3tiJUOfAEqIrLFRQgGgdoY,longing,0.9687,0.981,0.1074,0.9684,0.8525,0.6699,0.6773,0.9695,0.8568,0.5491
161,"Bryant Myers, Anuel AA, Anonimus, Almighty",Esclava - Remix,Argentina,2Mgur7BKnpr7OG3izSNFTA,sensual,0.3761,0.7495,0.2364,0.4707,0.4826,0.5564,0.1385,0.2492,0.9806,0.7961
162,"DENNIS, Luísa Sonza, Emilia",MOTINHA 2.0 (Mete Marcha) - Remix,Argentina,2iDDnYmaz1HhedjI91fbmp,anger,0.0,0.6872,0.2214,0.4845,0.806,0.6532,0.0,0.3958,0.9414,0.995
163,"Luck Ra, La K'onga, Ke Personajes",Ya No Vuelvas (Versión Cuarteto),Argentina,0u6JsFiEEXb6kaF0oqyeFi,heartbreak,0.7487,0.7646,0.0,0.9962,0.8945,0.4006,0.0,0.7187,0.1588,0.0
164,Bad Bunny,Enséñame a Bailar,Argentina,2NMjggapJcXXM7WccGEBUO,sensual,0.7953,0.9432,0.6495,0.0,0.1646,0.0,0.3339,0.161,0.9846,0.2081
165,"Lady Gaga, Bruno Mars",Die With A Smile,Argentina,7so0lgd0zP2Sbgs2d7a1SZ,longing,0.9794,0.9844,0.1561,0.917,0.7965,0.3927,0.0,0.2333,0.9156,0.0
166,"Intoxicados, Andrés Calamaro",Fuego,Argentina,6q41qt2R9K8BXEzmzImEGO,anger,0.0,0.6515,0.0,0.4828,0.4999,0.5969,0.0,0.1115,0.0,0.79
167,"Luck Ra, Abel Pintos",QUE ME FALTE TODO,Argentina,1TyBUtMxdmRfXhW3MmbxtQ,lonely,0.8987,0.9952,0.0,0.9948,0.9715,0.762,0.4766,0.9953,0.5453,0.0
168,Los Piojos,Tan Solo,Argentina,6Soxxi73U6SO4rOGJwYYxI,lonely,0.0,0.8871,0.0,0.889,0.7845,0.9105,0.0,0.9915,0.6546,0.137
169,"Feid, ICON",FERXXO 151,Argentina,2Cl4HCBmPddQNZEncdoXp0,sensual,0.955,0.9923,0.8646,0.105,0.8631,0.0,0.8578,0.4159,0.9973,0.9104
170,Airbag,Solo aquí,Argentina,0OcYoSGA1CFGZcCuPLyfhj,lonely,0.4582,0.9682,0.0,0.9865,0.9226,0.9649,0.0,0.9984,0.486,0.56
171,"Callejero Fino, La T y La M",Te invito a bailar,Argentina,17vFIehhv8hKSXYn5Ce4Pk,sensual,0.9223,0.9875,0.328,0.0,0.0,0.0,0.6219,0.1916,0.9934,0.0
172,"Zion & Lennox, J Balvin",Otra Vez (feat. J Balvin),Argentina,3QwBODjSEzelZyVjxPOHdq,sensual,0.7819,0.9493,0.6538,0.1618,0.1513,0.1081,0.3598,0.1636,0.9834,0.2003
173,"Blessd, Anuel AA, SOG",TE CANTO BAJITO,Argentina,3I1jcOmPwnzUR5yduDK3yb,sensual,0.8751,0.9317,0.0,0.0,0.2818,0.0,0.0,0.1452,0.9921,0.4574
174,Maluma,El Perdedor,Argentina,1iEwyiSLAunPR6uouANE0O,longing,0.8832,0.9573,0.0,0.9133,0.6084,0.537,0.0,0.8763,0.8867,0.336
175,Cosculluela,Manicomio,Argentina,3UVM7rdOSbm2vKDXB9SsWo,love,0.9853,0.82,0.4297,0.0,0.2878,0.0,0.2688,0.1432,0.9307,0.2465
176,DesaKTa2,La Diabla,Argentina,6PaIQ2qR59qiqXgjeTFwJA,sensual,0.5187,0.8475,0.1162,0.7772,0.6193,0.4996,0.0,0.4012,0.9059,0.8994
177,Bad Bunny,Si Estuviésemos Juntos,Argentina,35wvL50xvKpCHEJPxLOLPI,longing,0.9331,0.9925,0.1079,0.9773,0.9519,0.8834,0.2725,0.9904,0.9751,0.6202
178,"Los Ángeles Azules, Emilia","Perdonarte, ¿Para Qué?",Argentina,4dLLdfiniBhDP9dlJQIOi4,heartbreak,0.2219,0.6807,0.3792,0.9619,0.8978,0.7519,0.0,0.8433,0.5313,0.7502
179,"Eugenia Quevedo, La banda de Carlitos",Como Lo Hizo? - En Vivo,Argentina,3KAdpFK7rveKAAwpgjwhNn,heartbreak,0.8625,0.6995,0.0,0.9116,0.7844,0.6009,0.5404,0.8119,0.5184,0.7073
180,Soda Stereo,De Música Ligera - Remasterizado 2007,Argentina,2WD9ggmpZE7Wodh3qVVCgg,unclassified,0.0,0.0,0.0,0.0,0.0,0.0,0.0,0.0,0.0,0.0
181,"Cosculluela, Bad Bunny",Madura,Argentina,5n2XTRsYFlZwNBp06KAjDX,sensual,0.6454,0.8159,0.1546,0.5342,0.6716,0.2399,0.1508,0.5284,0.9074,0.7394
182,"Indio Solari, Los Fundamentalistas del Aire Acondicionado",Había una Vez...,Argentina,3ayHT7okY784fCWMYDbspt,hope,0.739,0.9261,0.4639,0.896,0.7448,0.1042,0.9787,0.7016,0.5329,0.7228
183,Mancha De Rolando,Arde la Ciudad,Argentina,3SyKG06yOK3omo29EwZ8dP,heartbreak,0.2179,0.9326,0.4136,0.9808,0.9261,0.5033,0.0,0.7373,0.7561,0.7714
184,"J Balvin, Bad Bunny",QUE PRETENDES,Argentina,25ZAibhr3bdlMCLmubZDVt,longing,0.1208,0.9277,0.0,0.4786,0.3594,0.4356,0.0,0.4662,0.9127,0.5015
185,"Arcángel, Bad Bunny, Mambo Kingz, DJ Luian",Tu No Vive Asi (feat. Mambo Kingz & DJ Luian),Argentina,6NSMQFKgjpQb0KkjMDYIK0,sensual,0.0,0.0,0.0,0.0,0.0,0.0,0.0,0.0,0.1031,0.0
186,"JHAYCO, J Balvin, Bad Bunny",No Me Conoce - Remix,Argentina,2beS6dD5rovBxSA1zYoSHR,sensual,0.4511,0.6982,0.3138,0.2017,0.42,0.2712,0.3259,0.4409,0.9073,0.6168
187,"Max Carra, Lira",VIAJEMOS EN EL TIEMPO #1 | Quien Te Quiere Como Yo,Argentina,6il9B9hrZPNpXei57XM1Sv,unclassified,0.0,0.0,0.0,0.0,0.0,0.0,0.0,0.0,0.0,0.0
188,Patricio Rey y sus Redonditos de Ricota,Tarea Fina,Argentina,4mZHvbJWkK9uVmD9SvHKao,lonely,0.0,0.9299,0.0,0.9675,0.7986,0.8277,0.0,0.9899,0.85,0.706
189,Babasonicos,En Privado,Argentina,0ZyNiSXRbq68lmBjV0vJkR,longing,0.3414,0.9438,0.1665,0.7618,0.4585,0.2974,0.2846,0.4922,0.8866,0.6046
190,RAYE,WHERE IS MY HUSBAND!,Argentina,55lijDD6OAjLFFUHU9tcDm,lonely,0.807,0.9904,0.4645,0.7864,0.7887,0.7885,0.5919,0.9924,0.9813,0.7075
191,"J Balvin, Bad Bunny",Si Tu Novio Te Deja Sola,Argentina,2joKSGkqac0LIwYG9Ghrwq,sensual,0.4415,0.8905,0.0,0.7368,0.684,0.5269,0.2418,0.8785,0.9418,0.9404
192,Airbag,Verte De Cerca,Argentina,3pevHGhwL0brjFQfPABwns,longing,0.0,0.9882,0.0,0.894,0.8374,0.937,0.0,0.8743,0.9524,0.9592
193,Viejas Locas,Me Gustas Mucho,Argentina,2kB1rqoTaZ3j6ChtIWGurm,sensual,0.9469,0.9227,0.6879,0.0,0.2279,0.0,0.6695,0.0,0.9898,0.0
194,"PEPU, Nico Valdi, Pizzu",FAR AWAY,Argentina,3pcXMfSwwXGcucdrDb6Awd,sensual,0.9662,0.9841,0.3779,0.4342,0.1826,0.0,0.3272,0.6285,0.9963,0.6314
195,Airbag,Ganas de Verte,Argentina,3JCian69xIfy8A4799Og5f,heartbreak,0.1744,0.946,0.0,0.9596,0.8818,0.7619,0.1043,0.7622,0.7065,0.2126
196,La T y La M,Como Se Siente,Argentina,0tQDrJxQcB5zKGrHx43xUj,sensual,0.3564,0.7231,0.3551,0.6136,0.6547,0.5103,0.3691,0.5985,0.9105,0.755
197,"Maria Becerra, Rei, XROSS",MI AMOR,Argentina,1CSdu8EHZzV0DjYB6RNXbX,longing,0.9497,0.9669,0.6755,0.5642,0.3747,0.1137,0.5622,0.0,0.9518,0.0
198,Bad Bunny,TURiSTA,Argentina,7tCuCjhxzjX2XCz4JiiAsp,heartbreak,0.828,0.7565,0.0,0.9855,0.8358,0.2405,0.0,0.7219,0.9082,0.252
199,Beéle,quédate,Argentina,6VfL3MEuYeJbDlD8m011HR,longing,0.94,0.982,0.2165,0.957,0.8765,0.6019,0.2767,0.8553,0.9389,0.6352
200,"PinkPantheress, Zara Larsson",Stateside + Zara Larsson,Argentina,1DwscornXpj8fmOmYVlqZt,longing,0.7268,0.9839,0.17,0.7028,0.7868,0.6918,0.9605,0.8899,0.9242,0.8725
1,Jin,Don’t Say You Love Me,Japan,27xkOIER6uDLKALIelHylZ,heartbreak,0.1976,0.847,0.0,0.9554,0.8966,0.9015,0.1853,0.6932,0.4393,0.8572
2,Kenshi Yonezu,IRIS OUT,Japan,59hVbgr8rfYkDbHfr8RcGI,love,0.9881,0.9472,0.3558,0.9257,0.7909,0.2781,0.0,0.1995,0.9538,0.2564
3,Mrs. GREEN APPLE,lulu.,Japan,0vE1WglBbhmd5wDO49lcih,longing,0.7458,0.9266,0.0,0.7862,0.658,0.2841,0.1749,0.9047,0.6267,0.0
4,M!LK,Bakuretsu Aishiteru,Japan,1F1hibBCtNeObRMmEMLHNh,love,0.9654,0.5598,0.6093,0.0,0.0,0.0,0.4659,0.0,0.8435,0.0
5,HANA,Blue Jeans,Japan,6hnk0Fesq9JOhWpck8HJsj,sensual,0.9401,0.8951,0.2665,0.5969,0.5408,0.191,0.3715,0.6795,0.9862,0.2136
6,M!LK,Sukisugite METSU!,Japan,0vDqNzQqEhl7boeRS3Joli,love,0.9679,0.9131,0.5595,0.0,0.479,0.0,0.4,0.118,0.9175,0.1764
7,HANA,ROSE,Japan,3920QegiL2PHmaYYBVwexC,lonely,0.3902,0.8358,0.2366,0.4417,0.4588,0.2629,0.5882,0.9548,0.9157,0.4074
8,ARASHI,Five,Japan,2cIqVZFyBH8h5dnrzBvtre,sensual,0.1648,0.9089,0.3297,0.3912,0.5335,0.2248,0.3512,0.2516,0.9679,0.2612
9,Mrs. GREEN APPLE,ライラック,Japan,21VsLvoE7elUmJZLSawaMh,love,0.9439,0.585,0.2046,0.762,0.6513,0.5364,0.6566,0.8344,0.5223,0.2296
10,King Gnu,AIZO,Japan,65X2koe1LhDgQmRkNdJFv9,longing,0.8865,0.9586,0.0,0.9341,0.8693,0.8432,0.0,0.9128,0.905,0.8525
11,back number,花束,Japan,3QIAwtEEDOrv0g5NKCGrXZ,sensual,0.8367,0.9237,0.6646,0.4538,0.5085,0.18,0.702,0.496,0.9335,0.2643
12,CHANMINA,SAD SONG,Japan,2zxK14g3shGRbgjUmKaj2x,love,0.9859,0.9119,0.0,0.9722,0.8465,0.6427,0.0,0.8864,0.3289,0.0
13,back number,ブルーアンバー,Japan,35MeePbBnryubkVG0v8GbI,sensual,0.1321,0.5932,0.0,0.6612,0.2746,0.0,0.0,0.456,0.7328,0.0
14,BE:FIRST,夢中,Japan,7KNY1e9x1MDvpBAmIAN3tz,love,0.9946,0.9782,0.7554,0.8624,0.8023,0.0,0.8692,0.6038,0.9882,0.0
15,Mrs. GREEN APPLE,Soranji,Japan,3YML5IHoqWbw9c9vJJvrvM,hope,0.5772,0.6642,0.279,0.33,0.2759,0.0,0.9234,0.4553,0.7855,0.1689
16,HANA,Cold Night,Japan,79wd94vXLJngCwTAVtzYvr,longing,0.3867,0.9243,0.2631,0.5775,0.4416,0.3595,0.6721,0.6466,0.7834,0.3741
17,back number,ハッピーエンド,Japan,4GqO80eGXA542oTvlYv4LS,longing,0.9246,0.9269,0.0,0.864,0.7433,0.2157,0.2925,0.8543,0.7235,0.1655
18,"Mrs. GREEN APPLE, Sonoko Inoue",点描の唄,Japan,1sIIlVrnPhrvmTrHtzM7tV,longing,0.9589,0.9772,0.5793,0.684,0.755,0.0,0.9106,0.389,0.8544,0.1402
19,Mrs. GREEN APPLE,ダーリン,Japan,7ikOwlVju9HYUKthPiNHwr,lonely,0.809,0.9579,0.1964,0.8334,0.6703,0.8339,0.5667,0.9834,0.7006,0.3003
20,HANA,NON STOP,Japan,2q910scaHhg6GmqnUKOGHU,sensual,0.1139,0.7675,0.447,0.0,0.1606,0.0,0.1461,0.0,0.9526,0.7787
21,HANA,Drop,Japan,3OOKZkrUWnMdWJFAvy0b58,lonely,0.1912,0.9687,0.4026,0.2209,0.3765,0.1594,0.4025,0.9848,0.9064,0.6051
22,Jimin,Who,Japan,7tI8dRuH2Yc6RuoTjxo4dU,love,0.9868,0.9805,0.2249,0.9269,0.8285,0.8052,0.664,0.9354,0.7137,0.5504
23,back number,高嶺の花子さん,Japan,2jdbZGFp8KVTuk0YxDNL4l,longing,0.8735,0.9509,0.0,0.3328,0.2828,0.3051,0.2817,0.7087,0.3973,0.3254
24,back number,水平線,Japan,3RvdkNMcSy71m0aT6UF9Uf,heartbreak,0.0,0.8821,0.0,0.9196,0.8174,0.6754,0.0,0.6148,0.1847,0.1017
25,"Kenshi Yonezu, Hikaru Utada",JANE DOE,Japan,4oE7MyJhqSD3BaHRpNs8Nl,sensual,0.8104,0.984,0.5552,0.5017,0.4582,0.174,0.2928,0.6992,0.9852,0.1886
26,AiNA THE END,革命道中 - On The Way,Japan,1oFqKeepmT5S8BCGqJl7Ar,sensual,0.7906,0.9241,0.5749,0.5118,0.3754,0.3222,0.8538,0.1682,0.9352,0.8182
27,HANA,ALL IN,Japan,6lOUOvcscCHUofusbjbYV2,sensual,0.8348,0.6661,0.6848,0.0,0.1364,0.0,0.7828,0.0,0.9365,0.3096
28,Mrs. GREEN APPLE,僕のこと,Japan,0tnhoHUrHfcLi9hPknUFZ4,love,0.9634,0.8369,0.8157,0.6894,0.3178,0.0,0.6593,0.9026,0.889,0.0
29,HANA,Bloom,Japan,2ezkOPL49H0ZrQYM6y328n,sensual,0.7292,0.744,0.5364,0.7869,0.5845,0.1433,0.4,0.6289,0.9688,0.5821
30,CHANMINA,ハレンチ,Japan,2BfzhBl79bcPOHHXAXJkTY,sensual,0.6156,0.9624,0.4447,0.8701,0.7796,0.6773,0.394,0.614,0.971,0.9709
31,Vaundy,Kaiju no Hanauta,Japan,7dTW21YAJxnAOiUh7Rtu9S,longing,0.4807,0.974,0.1845,0.0,0.1466,0.0,0.1879,0.2452,0.8353,0.1343
32,Number_i,3XL,Japan,3sNbkM4pIy1l7p6K2lhpvm,sensual,0.929,0.8776,0.3175,0.0,0.0,0.0,0.5318,0.0,0.9587,0.0
33,back number,HAPPY BIRTHDAY,Japan,4FMz2RFrbDGzJO7K4D0vS3,lonely,0.9695,0.9917,0.1628,0.9923,0.8892,0.8793,0.2103,0.9984,0.5907,0.4471
34,Mrs. GREEN APPLE,青と夏,Japan,5BC6kr6etk2Y9J62AyI4i3,lonely,0.9521,0.9634,0.353,0.8286,0.5984,0.2177,0.3757,0.9787,0.9509,0.6591
35,King & Prince,Theater,Japan,6iltt0n1DkQ0AtCcwxXNZJ,longing,0.3628,0.8739,0.429,0.7163,0.6743,0.7107,0.7365,0.4642,0.8398,0.6126
36,HANA,My Body,Japan,2AdYT7oPiAASC46qF43dia,sensual,0.8388,0.9015,0.5418,0.21,0.3196,0.0,0.5551,0.4007,0.9674,0.2906
37,sakanaction,Kaiju,Japan,6FhWelfRDMFZRtFUU6SIdC,lonely,0.3003,0.9677,0.1028,0.6236,0.5425,0.7439,0.335,0.9974,0.8292,0.5908
38,Mrs. GREEN APPLE,ケセラセラ,Japan,0teqQ0PYqVDyyXJuPOyMhu,lonely,0.9664,0.9537,0.3088,0.967,0.9489,0.7638,0.7887,0.9814,0.687,0.8765
39,back number,どうしてもどうしても,Japan,6hlYmR30RGaHIz4UlVOG2U,love,0.9039,0.8951,0.3842,0.3799,0.2254,0.0,0.1423,0.6843,0.4695,0.173
40,back number,ヒロイン,Japan,3hBAYbAECEix9raaTq8S3H,lonely,0.6429,0.8724,0.2282,0.8739,0.6525,0.3421,0.4025,0.9897,0.7673,0.1603
41,Snow Man,カリスマックス - CHARISMAX,Japan,76OElzXqlyLCdlSypwSKBy,love,0.9442,0.6396,0.5204,0.0,0.2448,0.0,0.6236,0.0,0.6889,0.342
42,Mrs. GREEN APPLE,クスシキ,Japan,57zS3lPil2VxdlBLXHu8l2,lonely,0.9025,0.9394,0.1118,0.8698,0.7162,0.4737,0.4247,0.943,0.7976,0.3177
43,CHANMINA,Never Grow Up,Japan,5aDgM8rYPT15CqjkN1EIKq,heartbreak,0.6332,0.7502,0.0,0.8004,0.5336,0.2204,0.0,0.6601,0.6436,0.0
44,natori,セレナーデ,Japan,0CWAQlHsvfqcKJVVz9up2R,longing,0.3157,0.9111,0.0,0.7897,0.3533,0.1718,0.7219,0.8029,0.599,0.2386
45,"HUNTR/X, EJAE, AUDREY NUNA, REI AMI, KPop Demon Hunters Cast",Golden,Japan,1CPZ5BxNNd0n0nF4Orb9JS,lonely,0.8064,0.9557,0.7701,0.5332,0.4801,0.1756,0.9468,0.9853,0.9182,0.3085
46,back number,恋,Japan,7f9DsQEsIoeTwKxV6shsom,longing,0.8586,0.8948,0.0,0.6363,0.3499,0.0,0.1097,0.8417,0.664,0.0
47,Lilas,恋風,Japan,3gw8n3DG28VaYGuVc3lqxl,lonely,0.9558,0.9797,0.0,0.7953,0.1012,0.0,0.486,0.9804,0.9689,0.0
48,HANA,Tiger,Japan,20VZXnRzvcS0qVMOThjjmM,anger,0.2065,0.7754,0.3692,0.4778,0.6443,0.0,0.6309,0.1408,0.6627,0.9598
49,CHANMINA,TEST ME,Japan,1chmVQLbEPT5890S0X55pe,heartbreak,0.1418,0.6273,0.0,0.9342,0.8848,0.8671,0.0,0.6095,0.1533,0.8765
50,Number_i,GOD_i,Japan,0burgYTcpItZGiRjvWhJjM,longing,0.907,0.9788,0.2936,0.8489,0.4232,0.2304,0.6176,0.3577,0.9324,0.4212
51,Number_i,LAVALAVA,Japan,7vgZhgyZBkGJvuh37tJnJo,sensual,0.7068,0.908,0.0,0.9788,0.6894,0.8781,0.0,0.3993,0.986,0.4204
52,HANA,Burning Flower,Japan,5a3s0iaDfGW06yLfwFnmT7,sensual,0.8931,0.6464,0.3366,0.0,0.0,0.0,0.7439,0.0,0.9483,0.4769
53,HANA,BAD LOVE,Japan,6M4fRouHq1Zxtl05ifoeAL,heartbreak,0.4257,0.7523,0.0,0.8818,0.7567,0.6345,0.0,0.6295,0.3386,0.5828
54,sakanaction,IRANAI,Japan,7lT3oj3gxE6AJb87ZK8up7,longing,0.0,0.9658,0.0,0.5043,0.2575,0.5005,0.0,0.911,0.7309,0.686
55,back number,君の恋人になったら,Japan,0k4KaqElLVjdR6sVHPTS6h,longing,0.8896,0.9626,0.2785,0.1498,0.1041,0.0,0.4353,0.744,0.9468,0.0
56,Mrs. GREEN APPLE,GOOD DAY,Japan,61UOoqGI1B9qdeD5Dzupyb,hope,0.3799,0.7988,0.2438,0.6413,0.447,0.3766,0.9416,0.1803,0.9354,0.1441
57,back number,瞬き,Japan,7hIfpcdUZcyCKHYy8gp49E,joy,0.7754,0.6679,0.9178,0.0,0.0,0.0,0.4773,0.723,0.8291,0.0
58,Remioromen,Sangatsu Kokonoka,Japan,4g066xFUp3cTUuTfOCPytT,sensual,0.3307,0.6815,0.2054,0.5504,0.5393,0.58,0.2669,0.1673,0.8727,0.8187
59,Sukima Switch,奏(かなで),Japan,5RbMlPFL4gVyEHW2lEOuzG,anger,0.8346,0.9282,0.588,0.9205,0.9036,0.7614,0.7097,0.1766,0.9666,0.9692
60,back number,幸せ,Japan,1YVuXOCjN1GkGYqZ8RCcF3,love,0.9565,0.8383,0.3561,0.4269,0.1879,0.0,0.4337,0.7926,0.7803,0.1754
61,Superfly,愛をこめて花束を,Japan,7CmWXD3w1xOO53AAO4LRVQ,sensual,0.9508,0.936,0.8155,0.0,0.1314,0.0,0.7633,0.2392,0.9811,0.0
62,IVE,BANG BANG,Japan,7pBE8YpFoZ9ankC2Ci5z9X,anger,0.309,0.4493,0.0,0.0,0.2927,0.0,0.0,0.0,0.7151,0.9733
63,back number,オールドファッション,Japan,0Xn30nT5EKFPsWvpiJ2Iav,sensual,0.2567,0.3289,0.0,0.0,0.0,0.0,0.0,0.0,0.7584,0.0
64,Aimyon,Marigold,Japan,2cKiHG16JBiqHdi7Llq0r7,longing,0.964,0.9781,0.7777,0.5952,0.6897,0.0,0.6447,0.5406,0.9773,0.0
65,=LOVE,劇薬中毒,Japan,6FomeOYunnOCSG2eqkaHn0,unclassified,0.0,0.0,0.0,0.0,0.0,0.0,0.0,0.0,0.0,0.0
66,Hearts2Hearts,RUDE!,Japan,0WA27lZzPKFJKAbiDRmQDc,sensual,0.1436,0.43,0.2716,0.0,0.1856,0.1147,0.1885,0.3453,0.7938,0.3563
67,Aimyon,愛を伝えたいだとか,Japan,0N8Xztr4pBHJ7V0moJWhbO,sensual,0.6009,0.8074,0.291,0.8295,0.676,0.632,0.7469,0.3218,0.949,0.9057
68,=LOVE,とくべチュ、して,Japan,2XS2jEncSJsetNZdVtlpeo,sensual,0.9707,0.9805,0.8413,0.3843,0.3692,0.1295,0.9116,0.4121,0.992,0.1184
69,M!LK,E Jan,Japan,0jj4mLjwYcos3PPzjQwVzh,love,0.8466,0.5414,0.6266,0.816,0.7285,0.2836,0.6607,0.1534,0.8014,0.0
70,BellyJay,MONTAGEM HIKARI,Japan,0XqgE9UN4MCo5ooIwUYm7l,sensual,0.4668,0.8072,0.2383,0.4374,0.2147,0.3447,0.4046,0.2248,0.9181,0.761
71,KANA-BOON,シルエット,Japan,1di1C0QI6Y92yZPYn6XYAZ,longing,0.588,0.885,0.2835,0.3659,0.4508,0.1183,0.769,0.6397,0.7704,0.1876
72,Aimyon,君はロックを聴かない,Japan,59eluCMn0XbOWqeWQ91FTM,sensual,0.5015,0.7535,0.2284,0.5571,0.4494,0.4377,0.4206,0.104,0.908,0.8957
73,Mrs. GREEN APPLE,インフェルノ,Japan,2vOAHp8PBBFYqvQUWSoITY,sensual,0.2327,0.3896,0.141,0.3258,0.1365,0.0,0.2792,0.6366,0.8327,0.167
74,Macaroni Empitsu,恋人ごっこ,Japan,2SihT7AVMiI2VtaAyVIcnO,unclassified,0.0,0.0,0.0,0.0,0.0,0.0,0.0,0.0,0.0,0.0
75,Snow Man,オドロウゼ！,Japan,0MV9cdI2SS1s0tIkl9fTR8,longing,0.6027,0.9845,0.7935,0.0,0.0,0.0,0.9476,0.0,0.9781,0.1118
76,Fujii Kaze,Kirari,Japan,3L7ISJTvKx56uhsF28aJ4p,lonely,0.9571,0.8827,0.5862,0.6216,0.4954,0.0,0.7789,0.9954,0.9236,0.0
77,yangskinny,Setsugekka,Japan,21UVLrJ0yuJ6CGeElXMG0C,unclassified,0.0,0.0,0.0,0.0,0.0,0.0,0.0,0.0,0.0,0.0
78,SPITZ,楓,Japan,0b7IBgZjedM53ufZV4f4CL,longing,0.9326,0.9773,0.5783,0.8795,0.8522,0.3699,0.8601,0.9122,0.8251,0.1114
79,SPITZ,チェリー,Japan,1ihCiJaXRl4f6Sy4LJov5z,longing,0.2003,0.8711,0.0,0.636,0.2912,0.0,0.0,0.2224,0.5456,0.1431
80,XG,HYPNOTIZE,Japan,3fEX9NgOeklq816Fw00uoo,sensual,0.4992,0.6912,0.3306,0.0,0.163,0.1565,0.2412,0.0,0.9465,0.0
81,OFFICIAL HIGE DANDISM,Pretender,Japan,15HNdxGKNCIO9pgaY4n7FU,love,0.9639,0.873,0.2451,0.9429,0.94,0.2651,0.1117,0.8965,0.8566,0.0
82,Mrs. GREEN APPLE,ダンスホール,Japan,4QIKSlDV5YIjr0kqT1Ad32,anger,0.941,0.6529,0.6851,0.7365,0.2298,0.0,0.8415,0.2454,0.6815,0.9482
83,Yorushika,晴る,Japan,6kFIakexzgsZwsfWDmb36o,heartbreak,0.5274,0.9673,0.2933,0.9944,0.8471,0.9559,0.3352,0.9384,0.9475,0.7653
84,Kenshi Yonezu,アイネクライネ,Japan,45YBVp6zMwQZRbUDcPzmMB,longing,0.4461,0.8852,0.0,0.8509,0.8553,0.2684,0.1496,0.6,0.553,0.6058
85,Yuuri,ドライフラワー,Japan,4kPlQKwtPrnqLgrmmKFSlA,heartbreak,0.0,0.5483,0.0,0.5946,0.4,0.1693,0.0,0.5748,0.5184,0.0
86,back number,怪盗,Japan,014Dp0tBp4d9uuFAvH1mlc,sensual,0.7973,0.6581,0.605,0.0,0.0,0.0,0.7313,0.3512,0.9609,0.0
87,Mrs. GREEN APPLE,春愁,Japan,5SHguvOUbyPTINNjCvRo8K,sensual,0.8119,0.5521,0.4991,0.2349,0.3991,0.0,0.6208,0.5125,0.8972,0.3491
88,Macaroni Empitsu,なんでもないよ、,Japan,5W7Y92LB4jWvu9NeEQ0GZl,lonely,0.0,0.9251,0.0,0.4373,0.4415,0.8241,0.7193,0.9826,0.8085,0.6215
89,Omoinotake,幾億光年,Japan,5Ak1F5nGzM4KRhE0H1Q3CP,love,0.9212,0.7935,0.4786,0.713,0.7142,0.5207,0.5536,0.5199,0.837,0.8951
90,King Gnu,白日,Japan,172fMG26G2OoEzzg0wn26r,longing,0.0,0.7964,0.0,0.4767,0.563,0.6933,0.5295,0.5541,0.4808,0.4795
91,Mr.Children,HANABI,Japan,77lmDcPPyY6kK907gdgC6i,longing,0.8413,0.9034,0.0,0.8626,0.6453,0.7197,0.5405,0.8836,0.5303,0.1363
92,RADWIMPS,Seikai,Japan,6vg9UGXRVL4YKNVqVMmOKF,lonely,0.3442,0.4693,0.3273,0.3555,0.2533,0.117,0.2405,0.8855,0.3801,0.1237
93,RADWIMPS,me me she,Japan,0BYa5V0RyOYthDeCMUBJQZ,love,0.9896,0.8051,0.1226,0.6641,0.1882,0.0,0.3067,0.9265,0.4912,0.0
94,CHANMINA,B-list,Japan,0mBPNrXQjNv3NfzqrljAZZ,sensual,0.8449,0.9143,0.2946,0.9255,0.8571,0.9047,0.9473,0.9209,0.9489,0.9145
95,"Disney, Shakira",Zoo,Japan,3vJIaiTIHxHhYafTSPNiH4,sensual,0.9413,0.4564,0.9346,0.0,0.0,0.0,0.6081,0.0,0.9852,0.2951
96,King Gnu,SPECIALZ,Japan,5oQpH1uuZte4axR411rIlN,sensual,0.709,0.8887,0.2877,0.1753,0.2343,0.0,0.333,0.5068,0.9377,0.4584
97,BLACKPINK,GO,Japan,3FZPp9lBUvhsxFxKJi3VkB,heartbreak,0.9376,0.8011,0.2808,0.991,0.742,0.6124,0.6532,0.4627,0.9415,0.3977
98,GReeeeN,キセキ,Japan,7ztdl6cnbJgHRdMkKldkts,love,0.9459,0.4631,0.6979,0.0,0.0,0.0,0.897,0.0,0.774,0.0
99,Vaundy,Tokimeki,Japan,3e0Td8QexmD5l3DJzXbbcC,sensual,0.0,0.0,0.0,0.469,0.152,0.0,0.0,0.0,0.8757,0.0
100,sakanaction,新宝島,Japan,4a48lWUd64bZgHUDx0GZlj,sensual,0.6208,0.6432,0.2415,0.1634,0.215,0.144,0.3735,0.0,0.843,0.7498
101,SPITZ,ロビンソン,Japan,0sVnyL71jTOuMt9TZ59bws,sensual,0.8276,0.9284,0.394,0.0,0.0,0.0,0.6488,0.0,0.978,0.0
102,Kenshi Yonezu,さよーならまたいつか！- Sayonara,Japan,5pN2AyWwjzwRoI7gukEVNd,anger,0.7715,0.9058,0.6277,0.8708,0.7867,0.81,0.7986,0.464,0.9539,0.9684
103,Novelbright,ツキミソウ,Japan,6sElEqOIGENWjpxGFeo5ct,lonely,0.7046,0.8844,0.0,0.973,0.9211,0.7994,0.0,0.9812,0.5235,0.3947
104,back number,クリスマスソング,Japan,5P8ZvBQoCrujjNcLAxO3Su,love,0.9356,0.9282,0.1246,0.7581,0.3293,0.0,0.2385,0.8787,0.7339,0.0
105,Vaundy,Fukakoryoku,Japan,6AncLCxf4U7ivJEaqih9zA,sensual,0.9223,0.6588,0.4571,0.3822,0.206,0.1589,0.3652,0.8347,0.9865,0.6451
106,Fujii Kaze,Tabiji,Japan,7uSLJCDetmdm3tQcoYLyty,longing,0.7818,0.9192,0.3849,0.4752,0.2592,0.0,0.5225,0.4866,0.5075,0.0
107,Kenshi Yonezu,Lemon,Japan,04TshWXkhV1qkqHzf31Hn6,lonely,0.5847,0.9334,0.0,0.9312,0.8661,0.7289,0.0,0.958,0.5098,0.0
108,natori,プロポーズ,Japan,2BcQfb9SfauDQdeXHTfLsT,love,0.9024,0.7796,0.0,0.7775,0.4431,0.2191,0.0,0.6224,0.8291,0.0
109,Aimyon,Naked Heart,Japan,4Jv7U0JJpbQnOrjtDwDZTZ,lonely,0.9677,0.9976,0.0,0.9249,0.6474,0.6474,0.4807,0.9984,0.8532,0.3633
110,Mr.Children,Again,Japan,242tGHok7sRTVjCaTS0FoH,unclassified,0.0,0.0,0.0,0.0,0.0,0.0,0.0,0.0,0.0,0.0
111,Lilas,パズル,Japan,2vdoeTuRLpYeyo3JZC9yzR,love,0.9926,0.9712,0.292,0.0,0.0,0.0,0.694,0.0,0.8917,0.0
112,Jimin,Be Mine,Japan,3LWVXp636uLT356Rj08Jaz,sensual,0.9897,0.9495,0.6821,0.0,0.0,0.0,0.6295,0.0,0.9942,0.0
113,Yorushika,春泥棒,Japan,1rr2DJOxV0sHXeUXCAz1yf,sensual,0.8923,0.8956,0.7347,0.8543,0.8887,0.8017,0.8025,0.5911,0.9618,0.9595
114,Yorushika,ただ君に晴れ,Japan,3wJHCry960drNlAUGrJLmz,sensual,0.9184,0.916,0.8275,0.3735,0.6725,0.2711,0.8195,0.0,0.9727,0.9445
115,Ed Sheeran,Shape of You,Japan,7qiZfU4dY1lWllzX7mPBI3,sensual,0.9222,0.9574,0.195,0.0,0.0,0.0,0.4273,0.0,0.9963,0.0
116,Fujii Kaze,Garden,Japan,5U4PgFWzfzY7VEg9Ck4ziF,longing,0.9293,0.9685,0.403,0.4757,0.2271,0.0,0.3253,0.3283,0.8963,0.0
117,Hikaru Utada,First Love,Japan,39HrUxcvKF3jtLz7fUDWXc,love,0.9883,0.9723,0.0,0.9588,0.8784,0.8697,0.0,0.9403,0.3062,0.1147
118,tuki.,晩餐歌 - Bansanka,Japan,075HUD50Nuea3rNaABIsNZ,lonely,0.8993,0.835,0.113,0.9479,0.7133,0.4769,0.1845,0.9915,0.5122,0.2967
119,OFFICIAL HIGE DANDISM,Subtitle,Japan,5ZkHkXPHrIM8K5twCe78i9,longing,0.4553,0.8935,0.0,0.8529,0.5136,0.6304,0.1329,0.6888,0.4819,0.1333
120,Mrs. GREEN APPLE,Magic,Japan,170XOP1T4MvY9TLTgPw07D,lonely,0.3606,0.9228,0.5091,0.8386,0.449,0.2296,0.4136,0.9859,0.9643,0.2274
121,PornoGraffitti,アゲハ蝶,Japan,3blWd9ZEt4VSY5udhugpRs,sensual,0.6746,0.9627,0.2465,0.4894,0.2534,0.0,0.3314,0.7264,0.9735,0.0
122,OFFICIAL HIGE DANDISM,Rashisa,Japan,2TRxremVZ0t2JVu5OFxbiA,sensual,0.3011,0.3786,0.243,0.3119,0.4032,0.3556,0.0,0.2333,0.5348,0.2476
123,OFFICIAL HIGE DANDISM,I Love...,Japan,5wWLNNwMAehpj83FU4Lz0m,love,0.9655,0.6944,0.4607,0.776,0.2496,0.0,0.2,0.342,0.8966,0.0
124,SG,"Us, again",Japan,6II2hXGYMd9cTZWshcPUf8,longing,0.4721,0.7601,0.568,0.0,0.0,0.0,0.0,0.0,0.4055,0.0
125,OFFICIAL HIGE DANDISM,115 million kilometer film,Japan,278JqkBGkjDovOYAwE8TW7,sensual,0.3026,0.6339,0.1248,0.4164,0.1463,0.0,0.4726,0.0,0.8534,0.0
126,Aimyon,Harunohi,Japan,1oNeSCt0CMekCyyLo06kFs,longing,0.6699,0.9566,0.8763,0.0,0.0,0.0,0.9384,0.0,0.8998,0.0
127,Yorushika,茜,Japan,2TSJ1d6cLgHqrrCIRN3bn2,sensual,0.7515,0.8469,0.4644,0.0,0.1234,0.0,0.1383,0.1044,0.9431,0.0
128,Novelbright,愛とか恋とか,Japan,1VHL1PIkhDwWbFc65xHwOr,longing,0.8545,0.9184,0.0,0.3225,0.1465,0.5628,0.0,0.4211,0.827,0.0
129,BLACKPINK,JUMP,Japan,5H1sKFMzDeMtXwND3V6hRY,sensual,0.3665,0.9321,0.5143,0.6624,0.4741,0.1011,0.2884,0.0,0.9924,0.7449
130,Yuuri,ベテルギウス,Japan,4JK1kDUdH9RTBQrrSO1QfR,love,0.9338,0.8115,0.6268,0.2465,0.3992,0.0,0.8915,0.3803,0.9272,0.0
131,OFFICIAL HIGE DANDISM,Make Me Wonder,Japan,1sgW7loPL1qtWOPimvm7X5,longing,0.4645,0.8248,0.2012,0.2757,0.1616,0.0,0.0,0.4923,0.7269,0.1625
132,HANA,Tiger – HANA with HONEYs Ver.,Japan,3TJSJtYzjxRaDi0ULwwyTt,anger,0.1344,0.7502,0.5035,0.5597,0.6369,0.0,0.722,0.1524,0.8671,0.955
133,Vaundy,踊り子,Japan,1YXot2MLAG9sttepCtBRM7,love,0.992,0.9849,0.2274,0.6254,0.2012,0.0,0.8164,0.6894,0.7901,0.0
134,SUDA MASAKI,さよならエレジー,Japan,3oYD2O31b05fILFpv0AXRI,hope,0.465,0.9185,0.1603,0.8549,0.5857,0.5627,0.9937,0.9799,0.5093,0.0
135,Kenshi Yonezu,KICK BACK,Japan,7oYCBKvdjrqp5vDbhDBuac,longing,0.9123,0.9736,0.8554,0.1071,0.1175,0.0,0.8465,0.4228,0.9471,0.0
136,CANDY TUNE,BAIBAI FIGHT!,Japan,4oiJ7VynczppKs3oRObXSG,hope,0.5111,0.3101,0.3842,0.212,0.1609,0.0,0.5698,0.1346,0.4109,0.0
137,Kenshi Yonezu,感電,Japan,6H0PLsSYMzDOqhLgyOlzIj,anger,0.7811,0.9495,0.521,0.8708,0.8884,0.8824,0.8188,0.5694,0.948,0.9565
138,Macaroni Empitsu,ブルーベリー・ナイツ,Japan,2UdvMWk0Z83lMJPbawy2Sm,longing,0.7307,0.9618,0.0,0.9424,0.8064,0.724,0.1089,0.9554,0.9013,0.4646
139,KiiiKiii,404 (New Era),Japan,24rDDbSlFY9OHrlJb48CRh,sensual,0.0,0.7444,0.3128,0.1067,0.2905,0.0,0.1881,0.1476,0.9943,0.51
140,HIRAIDAI,"Stand by me, Stand by you.",Japan,7DyS11kB1YNrfDzQqtjmTh,sensual,0.952,0.3439,0.8093,0.0,0.0,0.0,0.7504,0.0,0.9547,0.0
141,Takaya Kawasaki,ぬくもり,Japan,105cC947hT8ToEXt5ZN6qz,unclassified,0.0,0.0,0.0,0.0,0.0,0.0,0.0,0.0,0.0,0.0
142,Vaundy,花占い,Japan,4ETc1oFREuqQss7VQ1Y4mj,love,0.9468,0.9239,0.6185,0.6646,0.4474,0.1193,0.706,0.3566,0.8624,0.0
143,IVE,BLACKHOLE,Japan,2ytQFMxdreEFPPZTtyDdqM,sensual,0.857,0.8631,0.7173,0.0,0.0,0.0,0.9491,0.0,0.9564,0.2204
144,Fujii Kaze,Michi Teyu Ku (Overflowing),Japan,5glPFBAuA1C85tBcVWVzvO,love,0.9627,0.9364,0.9244,0.8704,0.6387,0.2817,0.9148,0.5637,0.9237,0.0
145,Mrs. GREEN APPLE,ロマンチシズム,Japan,0JcI7OdALbpSFkyKoufRYs,heartbreak,0.8365,0.5936,0.2473,0.9569,0.1179,0.0,0.27,0.4514,0.8166,0.0
146,Saucy Dog,Itsuka,Japan,5gjAdhfzftzFR7sriEYUCt,lonely,0.7639,0.9435,0.0,0.6078,0.3093,0.1622,0.3847,0.9733,0.9694,0.0
147,GReeeeN,愛唄,Japan,7iXHLtPosbHvglVSJ4rxLq,love,0.9815,0.7479,0.5821,0.4587,0.5531,0.2056,0.8083,0.7691,0.825,0.0
148,CHANMINA,花火,Japan,4rtJHOlUnGem3BQCVWfrjD,love,0.9724,0.9553,0.6106,0.8633,0.7542,0.8326,0.7222,0.9719,0.9684,0.7569
149,"CHANMINA, No No Girls FINALISTS",SAD SONG - From THE FIRST TAKE,Japan,3ySFBoxNHK3YgU1D9AyMl3,sensual,0.7657,0.794,0.483,0.1174,0.0,0.0,0.3281,0.3455,0.8585,0.0
150,"ryo (supercell), Kaguya(cv.Yuko Natsuyoshi), Yachiyo Runami(cv.Saori Hayami)",World is Mine - Kaguya&Yachiyo Runami ver. - CPK! Remix,Japan,1qaQyHIAzk6vAMEhACi0tH,unclassified,0.0,0.0,0.0,0.0,0.0,0.0,0.0,0.0,0.0,0.0
151,Fujii Kaze,Hana,Japan,5RIQU2JDuXC4NkLiHNNMon,lonely,0.5759,0.9379,0.3675,0.9045,0.7284,0.9202,0.6295,0.9638,0.8646,0.0
152,Tani Yuuki,W / X / Y,Japan,4IfrM44LofE9bSs6TDZS49,lonely,0.4282,0.7303,0.0,0.4629,0.2529,0.448,0.3164,0.8573,0.4569,0.0
153,Vaundy,napori,Japan,7hDX39mc6Uf6zp8RXYUQ6d,sensual,0.954,0.9869,0.7605,0.0,0.0,0.0,0.8812,0.0,0.9969,0.0
154,GReeeeN,遥か,Japan,4wBFubvNAwVox8q4SYXHqU,lonely,0.9397,0.6698,0.6806,0.1857,0.4331,0.0,0.9181,0.9618,0.913,0.0
155,Saucy Dog,Cinderella Boy,Japan,4ZIr1NSxVihtHcD6EnG65f,anger,0.7912,0.8784,0.0,0.9786,0.6665,0.71,0.0,0.9473,0.5296,0.9936
156,back number,アイラブユー,Japan,34ayWAUrQcrjlKZOJAzqke,longing,0.2694,0.9717,0.7454,0.0,0.0,0.0,0.5921,0.1771,0.9302,0.0
157,back number,日曜日,Japan,1LDxe7AgJ7DRYdV012EmyR,longing,0.6186,0.9546,0.9031,0.0,0.169,0.0,0.7875,0.9087,0.798,0.0
158,Macaroni Empitsu,ミスター・ブルースカイ,Japan,6glcoO077gTGhgdVI9X5wA,unclassified,0.0,0.0,0.0,0.0,0.0,0.0,0.0,0.0,0.0,0.0
159,Aimyon,Let the Night,Japan,6kKvmT4i0Dercz6f3kftg3,despair,0.1563,0.9833,0.0,0.8493,0.5976,0.9869,0.1064,0.9356,0.9662,0.4156
160,Hikaru Utada,花束を君に,Japan,31yv1hR9gw1WSEmtqsaZbD,heartbreak,0.729,0.7712,0.1352,0.7764,0.5746,0.0,0.1073,0.175,0.617,0.0
161,"neguse., 汐れいら",織姫とBABY,Japan,2RMBCQdXkfFArpX3NIuuNm,unclassified,0.0,0.0,0.0,0.0,0.0,0.0,0.0,0.0,0.0,0.0
162,Koji Tamaki,ファンファーレ,Japan,29nEadzf4CqeLYzcf44zub,heartbreak,0.958,0.8814,0.0,0.995,0.9269,0.5057,0.0,0.6216,0.4597,0.0
163,ARASHI,Love So Sweet,Japan,5I6JLJqnZICLvPebTj2YCm,love,0.9897,0.9275,0.6976,0.9582,0.9458,0.1278,0.9416,0.8849,0.9159,0.0
164,MONGOL800,小さな恋のうた,Japan,23atyJacJVHvB9RHBNhr35,love,0.9829,0.8068,0.9463,0.2523,0.0,0.0,0.445,0.3919,0.8709,0.0
165,Kenshi Yonezu,1991,Japan,3voShTcaRtbYVSPGuCLAzw,lonely,0.9624,0.9746,0.0,0.97,0.8416,0.6419,0.1006,0.9895,0.6565,0.0
166,back number,新しい恋人達に,Japan,5LclntckGFFGFUVGJk9Z4x,lonely,0.428,0.923,0.268,0.8932,0.8148,0.8053,0.6713,0.9592,0.4242,0.203
167,Snow Man,STARS,Japan,7oS96qmtYu3AdEX29HNAKf,longing,0.7251,0.9696,0.6335,0.3642,0.3218,0.0,0.9333,0.12,0.9116,0.1914
168,Number_i,未確認領域,Japan,7ibCDEx4MOX9zG8IS7gGDE,sensual,0.8624,0.8263,0.933,0.6929,0.1865,0.0,0.7719,0.9116,0.9967,0.8518
169,SPITZ,空も飛べるはず,Japan,3P2aSkjcbUYbcYr13EFE8n,longing,0.5466,0.9798,0.3236,0.7818,0.4769,0.0,0.4998,0.4979,0.8649,0.0
170,"Jung Kook, Latto",Seven (feat. Latto) (Explicit Ver.),Japan,2HRgqmZQC0MC7GeNuDIXHN,sensual,0.41,0.6051,0.2996,0.2583,0.1082,0.0,0.5144,0.0,0.6998,0.1693
171,Kenshi Yonezu,春雷,Japan,6megNXGjmim4OitjZnIn9v,anger,0.6848,0.7264,0.3428,0.7506,0.6165,0.6368,0.5095,0.254,0.8114,0.8345
172,Vaundy,呼び声,Japan,3kQf453SpkwX7ALdgzNSNY,hope,0.0,0.9786,0.0,0.4464,0.3446,0.0,0.9927,0.5495,0.7431,0.0
173,Vaundy,Tokyo Flash,Japan,04e72JtsOIIlHUQ7CvWwvX,sensual,0.8193,0.9113,0.2542,0.1251,0.3663,0.3193,0.1972,0.837,0.9527,0.119
174,Kenshi Yonezu,BOW AND ARROW,Japan,0NHu2Lo9MWkvhOggEy1bYg,sensual,0.4588,0.6729,0.3863,0.159,0.0,0.0,0.3915,0.0,0.9435,0.193
175,CHANMINA,Angel,Japan,3vXHM9HaxNYrky9r1zxLWa,sensual,0.9558,0.9614,0.5845,0.7444,0.4954,0.6993,0.9361,0.7044,0.9813,0.9259
176,"Kaguya(cv.Yuko Natsuyoshi), Yachiyo Runami(cv.Saori Hayami), TAKU INOUE",ray - Cosmic Princess Kaguya! Version,Japan,3V5bJpqNCHHi56pGZHNy1f,unclassified,0.0,0.0,0.0,0.0,0.0,0.0,0.0,0.0,0.0,0.0
177,HIRAIDAI,また逢う日まで,Japan,3awymLmIrvn9lkJeFpmRSf,unclassified,0.0,0.0,0.0,0.0,0.0,0.0,0.0,0.0,0.0,0.0
178,[Alexandros],ワタリドリ,Japan,0ve9Tpz8Yw0I4eXhWsy21o,longing,0.6055,0.9592,0.4288,0.6613,0.7138,0.1754,0.8245,0.3713,0.7309,0.5997
179,noa,1000 days of moments,Japan,3HGHvxci8vnRg7RZ5E6lzi,longing,0.1822,0.8844,0.2749,0.25,0.3474,0.322,0.4533,0.7904,0.7863,0.2902
180,クレイジーウォウウォ！！,Tontsukatantan,Japan,2bonDeesq7NsHnfeMNDhZv,joy,0.8862,0.5536,0.9395,0.4612,0.2897,0.2669,0.8143,0.4357,0.8984,0.259
181,SixTONES,一秒,Japan,1jzBL9oiCg4qaZbazOxBQ8,longing,0.0,0.7596,0.0,0.5728,0.2706,0.132,0.2855,0.0,0.6146,0.1036
182,ORANGE RANGE,イケナイ太陽,Japan,7emibp3qHeqNNYqZ2Y09xb,sensual,0.4179,0.9475,0.2486,0.7789,0.1129,0.0,0.4016,0.1999,0.9949,0.175
183,Mrs. GREEN APPLE,breakfast,Japan,2Co1E8jcju2tCgPZIqxkTr,heartbreak,0.0,0.4214,0.0,0.7923,0.5081,0.5335,0.1497,0.7238,0.5097,0.2029
184,"ROSÉ, Bruno Mars",APT.,Japan,4wJ5Qq0jBN4ajy7ouZIV1c,sensual,0.7633,0.9881,0.5805,0.1776,0.1354,0.0,0.55,0.5216,0.997,0.4004
185,"MISIA, HIDE (GReeeeN)",アイノカタチ,Japan,7mSVOYRseiZi20xtBKhHnF,unclassified,0.0,0.0,0.0,0.0,0.0,0.0,0.0,0.0,0.0,0.0
186,ONE OK ROCK,Wherever you are,Japan,1TZjEATJpF5LaVL7oJHDMn,love,0.9757,0.9393,0.7101,0.0,0.0,0.0,0.7303,0.0,0.9141,0.0
187,Yorushika,だから僕は音楽を辞めた,Japan,5j7ixaLeGTGSv4DzKs0pCM,anger,0.6221,0.61,0.4307,0.733,0.6043,0.4476,0.6888,0.413,0.6901,0.9079
188,BE:FIRST,街灯,Japan,5M1nuhRqpXnrkAIltucV7I,longing,0.9477,0.97,0.5742,0.6614,0.2555,0.1021,0.8395,0.1869,0.9588,0.1123
189,back number,僕は君の事が好きだけど君は僕を別に好きじゃないみたい,Japan,1WutVejYvP7220sofj3xId,despair,0.8484,0.8453,0.0,0.8405,0.6236,0.9754,0.0,0.3836,0.7149,0.0
190,=LOVE,ラブソングに襲われる,Japan,3xIy1bAkKbLtXdzHKwCjqE,unclassified,0.0,0.0,0.0,0.0,0.0,0.0,0.0,0.0,0.0,0.0
191,SPITZ,美しい鰭,Japan,1H3qOzheTPhE7aVvJOWfvA,sensual,0.1401,0.3851,0.1378,0.5269,0.1674,0.0,0.6135,0.135,0.7356,0.0
192,Da-iCE,I wonder,Japan,0voOaunLYYqPHrsgXbFVlW,longing,0.3513,0.9697,0.0,0.7442,0.4742,0.0,0.5037,0.7553,0.9311,0.0
193,Yuuri,世界が終わりました,Japan,5XyD56RYaj2XGxfyc34jQD,heartbreak,0.5248,0.8852,0.2134,0.9346,0.5715,0.2364,0.1235,0.724,0.5283,0.1157
194,King Gnu,逆夢,Japan,6ZiEWet0uFRwWBCEKCQ8rY,love,0.9886,0.9647,0.2085,0.9572,0.8443,0.6478,0.7503,0.8486,0.774,0.2401
195,AI,Story,Japan,0V2axJ946WH1vt9t5SGMLV,lonely,0.6152,0.7828,0.2922,0.7504,0.507,0.0,0.6576,0.868,0.8415,0.0
196,HY,366日,Japan,22aZD7yaGYfhgCYazL4nbc,longing,0.9525,0.9692,0.0,0.9037,0.7967,0.3688,0.354,0.9216,0.622,0.1048
197,Shota Shimizu,PUZZLE,Japan,5NTtQCnREVVfZuBjVMF4dm,hope,0.41,0.9675,0.5587,0.4218,0.2849,0.1843,0.9879,0.3841,0.8512,0.0
198,King Gnu,一途,Japan,7ncPjJBktLEOpstY5JOUMK,love,0.9747,0.9613,0.4214,0.9076,0.753,0.1555,0.712,0.4851,0.9196,0.3914
199,King Gnu,カメレオン,Japan,0J0P8iSE6l3pYHbUdNFYdS,lonely,0.1261,0.892,0.0,0.9507,0.7887,0.8536,0.0,0.9829,0.5247,0.1019
200,Yuuri,ビリミリオン,Japan,7M0dIdZWN1FDcveRdoOzbZ,longing,0.6802,0.7481,0.0,0.0,0.0,0.0,0.4209,0.5961,0.4364,0.0
1,Jin,Don’t Say You Love Me,Singapore,27xkOIER6uDLKALIelHylZ,heartbreak,0.1976,0.847,0.0,0.9554,0.8966,0.9015,0.1853,0.6932,0.4393,0.8572
2,Bruno Mars,Risk It All,Singapore,5y2ijHECwFYWqcAHKTZgzD,love,0.9434,0.9402,0.2861,0.0,0.2745,0.0,0.5861,0.119,0.8722,0.1524
3,Jimin,Who,Singapore,7tI8dRuH2Yc6RuoTjxo4dU,love,0.9868,0.9805,0.2249,0.9269,0.8285,0.8052,0.664,0.9354,0.7137,0.5504
4,"PinkPantheress, Zara Larsson",Stateside + Zara Larsson,Singapore,1DwscornXpj8fmOmYVlqZt,longing,0.7268,0.9839,0.17,0.7028,0.7868,0.6918,0.9605,0.8899,0.9242,0.8725
5,BLACKPINK,GO,Singapore,3FZPp9lBUvhsxFxKJi3VkB,heartbreak,0.9376,0.8011,0.2808,0.991,0.742,0.6124,0.6532,0.4627,0.9415,0.3977
6,Olivia Dean,So Easy (To Fall In Love),Singapore,6sGIMrtIzQjdzNndVxe397,love,0.9767,0.7887,0.6937,0.0,0.1084,0.0,0.8132,0.1058,0.9477,0.0
7,Taylor Swift,The Fate of Ophelia,Singapore,53iuhJlwXhSER5J2IYYv1W,heartbreak,0.8548,0.8917,0.4806,0.9754,0.8572,0.7167,0.6854,0.8724,0.8773,0.7087
8,"Jung Kook, Latto",Seven (feat. Latto) (Explicit Ver.),Singapore,2HRgqmZQC0MC7GeNuDIXHN,sensual,0.41,0.6051,0.2996,0.2583,0.1082,0.0,0.5144,0.0,0.6998,0.1693
9,BLACKPINK,Champion,Singapore,43BJVWcBzHRIDaQCg7abnX,hope,0.3415,0.5066,0.4068,0.0,0.0,0.0,0.755,0.0,0.7398,0.1773
10,sombr,back to friends,Singapore,7qjZnBKE73H4Oxkopwulqe,sensual,0.4331,0.9834,0.0,0.863,0.5823,0.6766,0.1248,0.7621,0.9926,0.4478
11,Jin,Running Wild,Singapore,50zAEIE4B1QqhPjRMK2Xmh,love,0.9892,0.9671,0.6879,0.3386,0.3834,0.0,0.9121,0.1611,0.8932,0.1471
12,BLACKPINK,JUMP,Singapore,5H1sKFMzDeMtXwND3V6hRY,sensual,0.3665,0.9321,0.5143,0.6624,0.4741,0.1011,0.2884,0.0,0.9924,0.7449
13,Bruno Mars,I Just Might,Singapore,6f68Ac5tt5BQOpwr0BV9oN,heartbreak,0.6779,0.7762,0.1486,0.9105,0.5574,0.369,0.3083,0.0,0.8765,0.3443
14,Djo,End of Beginning,Singapore,3qhlB30KknSejmIvZZLjOD,heartbreak,0.0,0.9244,0.0,0.952,0.9477,0.3827,0.0,0.6831,0.5004,0.0
15,"HUNTR/X, EJAE, AUDREY NUNA, REI AMI, KPop Demon Hunters Cast",Golden,Singapore,1CPZ5BxNNd0n0nF4Orb9JS,lonely,0.8064,0.9557,0.7701,0.5332,0.4801,0.1756,0.9468,0.9853,0.9182,0.3085
16,LBI利比,Jumping Machine (跳楼机),Singapore,1XZE0InCx3SdCnLpVsPpZl,lonely,0.166,0.8313,0.0,0.8964,0.7134,0.623,0.1148,0.9904,0.3957,0.6024
17,Olivia Dean,Man I Need,Singapore,1qbmS6ep2hbBRaEZFpn7BX,sensual,0.8202,0.9604,0.4927,0.2884,0.2912,0.1998,0.8102,0.9045,0.9606,0.3285
18,Taylor Swift,Opalite,Singapore,3yWuTOYDztXjZxdE2cIRUa,sensual,0.635,0.9123,0.5136,0.8291,0.6652,0.4662,0.4489,0.6175,0.9177,0.441
19,Daniel Caesar,Who Knows,Singapore,6DH13QYXK7lKkYHSU88N48,sensual,0.8299,0.9157,0.2101,0.8558,0.7268,0.2247,0.406,0.4445,0.9589,0.1014
20,张远,看着我的眼睛说,Singapore,7d6eShN6yVeR4Y2Md9uCA4,anger,0.6804,0.8489,0.4648,0.7174,0.681,0.6934,0.7891,0.2043,0.8466,0.8873
21,SIENNA SPIRO,Die On This Hill,Singapore,2gYTC8DsplN3RNdpdBcCOQ,lonely,0.9514,0.9561,0.5098,0.8136,0.813,0.6327,0.5806,0.9603,0.7046,0.7446
22,Bad Bunny,DtMF,Singapore,3sK8wGT43QFpWrvNQsrQya,longing,0.8705,0.8742,0.7961,0.5457,0.4095,0.0,0.6442,0.4561,0.874,0.751
23,"Dave, Tems",Raindance (feat. Tems),Singapore,3oTuTpF1F3A7rEC6RKsMRz,sensual,0.9218,0.9644,0.5276,0.4639,0.3171,0.0,0.5517,0.584,0.9818,0.2056
24,Hearts2Hearts,RUDE!,Singapore,0WA27lZzPKFJKAbiDRmQDc,sensual,0.1436,0.43,0.2716,0.0,0.1856,0.1147,0.1885,0.3453,0.7938,0.3563
25,JENNIE,like JENNIE,Singapore,0fK7ie6XwGxQTIkpFoWkd1,longing,0.6388,0.9519,0.4558,0.4817,0.706,0.3494,0.4813,0.8081,0.8864,0.9139
26,"Lady Gaga, Bruno Mars",Die With A Smile,Singapore,7so0lgd0zP2Sbgs2d7a1SZ,longing,0.9794,0.9844,0.1561,0.917,0.7965,0.3927,0.0,0.2333,0.9156,0.0
27,RAYE,WHERE IS MY HUSBAND!,Singapore,55lijDD6OAjLFFUHU9tcDm,lonely,0.807,0.9904,0.4645,0.7864,0.7887,0.7885,0.5919,0.9924,0.9813,0.7075
28,BLACKPINK,Fxxxboy,Singapore,7m0duH1vdTNxM2g8BLfR0F,heartbreak,0.972,0.9027,0.0,0.9851,0.8803,0.8934,0.0,0.9153,0.9232,0.9478
29,BLACKPINK,Me and my,Singapore,5MXcM263QvCTWriH3nVusc,sensual,0.4158,0.6735,0.7616,0.0,0.1172,0.0,0.3579,0.1015,0.993,0.5085
30,Madison Beer,bittersweet,Singapore,6vDVu9IM9s8L8XMQ1c1Yti,lonely,0.7956,0.9281,0.114,0.9824,0.964,0.9366,0.0,0.9949,0.4896,0.8828
31,Zara Larsson,Lush Life,Singapore,1rIKgCH4H52lrvDcz50hS8,heartbreak,0.8825,0.7523,0.5462,0.9562,0.1866,0.0,0.1519,0.187,0.9189,0.235
32,Billie Eilish,BIRDS OF A FEATHER,Singapore,6dOtVTDdiauQNBQEDOtlAB,love,0.9797,0.9598,0.3611,0.8613,0.8957,0.439,0.2772,0.6404,0.8956,0.332
33,Ravyn Lenae,Love Me Not,Singapore,4WFgvKVfEhb3IUAFGrutTR,longing,0.879,0.9838,0.1042,0.9329,0.8537,0.829,0.293,0.8187,0.7578,0.5831
34,"Tame Impala, JENNIE",Dracula - JENNIE Remix,Singapore,5yvVYFDUpbnjcnRBgjwTzM,longing,0.4634,0.674,0.1725,0.2649,0.1515,0.1854,0.4907,0.4325,0.5639,0.2392
35,sombr,Homewrecker,Singapore,7tICCrK3CcyRFKza7yrR0z,sensual,0.87,0.9327,0.0,0.9412,0.7887,0.5152,0.2845,0.3062,0.9564,0.5098
36,"ROSÉ, Bruno Mars",APT.,Singapore,4wJ5Qq0jBN4ajy7ouZIV1c,sensual,0.7633,0.9881,0.5805,0.1776,0.1354,0.0,0.55,0.5216,0.997,0.4004
37,The Script,The Man Who Can't Be Moved,Singapore,3nqqDo8CcCLke3ZoTgiOKf,longing,0.9017,0.965,0.0,0.858,0.8958,0.6691,0.507,0.8223,0.5097,0.3372
38,Alex Warren,Ordinary,Singapore,2RkZ5LkEzeHGRsmDqKwmaJ,love,0.9969,0.9626,0.9183,0.5757,0.7099,0.8434,0.8303,0.1576,0.9738,0.5039
39,IVE,BANG BANG,Singapore,7pBE8YpFoZ9ankC2Ci5z9X,anger,0.309,0.4493,0.0,0.0,0.2927,0.0,0.0,0.0,0.7151,0.9733
40,KATSEYE,Gabriela,Singapore,1xOqGUkyxGQRdCvGpvWKmL,sensual,0.9548,0.935,0.0,0.9804,0.7422,0.8217,0.0,0.3394,0.9913,0.9094
41,HWASA,Good Goodbye,Singapore,3cLXrotzCjYCkN73PewALM,lonely,0.3624,0.7507,0.1552,0.8668,0.8911,0.5569,0.0,0.9129,0.8921,0.6872
42,She & Him,I Thought I Saw Your Face Today,Singapore,0myRViRgmQ3J8izICXEAVO,love,0.9788,0.8865,0.4776,0.5901,0.8036,0.0,0.3116,0.4674,0.9587,0.0
43,Dominic Fike,Babydoll,Singapore,7yNf9YjeO5JXUE3JEBgnYc,lonely,0.5863,0.9688,0.1665,0.8637,0.7253,0.8253,0.296,0.9715,0.898,0.7727
44,Silence Wang,像晴天像雨天（电视剧《难哄》心动曲）,Singapore,1zFuSla4RQ5qAJwDIQYixW,unclassified,0.0,0.0,0.0,0.0,0.0,0.0,0.0,0.0,0.0,0.0
45,The 1975,About You,Singapore,3hEfpBHxgieRLz4t3kLNEg,longing,0.9168,0.9667,0.0,0.818,0.7014,0.2445,0.9662,0.7962,0.7735,0.0
46,马师傅,善后,Singapore,6gYS6CQc7UMnj0Ubq3C0QT,unclassified,0.0,0.0,0.0,0.0,0.0,0.0,0.0,0.0,0.0,0.0
47,Bruno Mars,Cha Cha Cha,Singapore,6QletrrmpkUpeJkipX9pgf,sensual,0.9085,0.9858,0.5088,0.0,0.5417,0.1917,0.9817,0.1838,0.9978,0.9391
48,张远,嘉賓,Singapore,5jAmIkIpskwu2hRz2YaEHi,love,0.8929,0.6589,0.1302,0.4825,0.4694,0.3363,0.4838,0.5474,0.4437,0.3199
49,Gigi Perez,Sailor Song,Singapore,21IYMdzTrzSe191Cy5eMap,sensual,0.8209,0.9442,0.4039,0.31,0.5062,0.0,0.8258,0.1204,0.9796,0.4582
50,Billie Eilish,WILDFLOWER,Singapore,3QaPy1KgI7nu9FJEQUgn6h,heartbreak,0.8731,0.9603,0.0,0.9832,0.9061,0.6845,0.0,0.7024,0.9083,0.4965
51,Tyla,CHANEL,Singapore,4VxTzYm00mg82MuoT35Ja7,sensual,0.8234,0.8986,0.0,0.7845,0.589,0.578,0.1274,0.3424,0.9048,0.8595
52,Gracie Abrams,That’s So True,Singapore,7ne4VBA60CxGM75vw0EYad,sensual,0.7152,0.8679,0.3309,0.9357,0.8002,0.6658,0.1799,0.6039,0.9534,0.8729
53,ILLIT,NOT CUTE ANYMORE,Singapore,1k0JAiH11gHL9dc5dfQjQr,lonely,0.0,0.564,0.0,0.4764,0.2852,0.4874,0.0,0.9174,0.8031,0.0
54,The Goo Goo Dolls,Iris,Singapore,6Qyc6fS4DsZjB2mRW9DsQs,longing,0.9086,0.9849,0.1849,0.9385,0.8814,0.4034,0.0,0.6519,0.6912,0.0
55,Jay Chou,擱淺,Singapore,0cOMncRq4cmDLO4tPQnkBF,despair,0.0,0.9429,0.0,0.8092,0.8495,0.964,0.0,0.4294,0.64,0.9251
56,Bruno Mars,God Was Showing Off,Singapore,1sVBT215CDmVJvfy1E2OCU,sensual,0.88,0.7788,0.8005,0.0,0.0,0.0,0.7094,0.0,0.975,0.0
57,"ZXKAI, slxughter",NO BATIDÃO,Singapore,7vg9noSnFEyPfwLiaCW4vi,sensual,0.6517,0.9221,0.0,0.7212,0.0,0.0,0.0,0.0,0.9427,0.0
58,Coldplay,Yellow,Singapore,3AJwUDP919kvQ9QcozQPxg,love,0.9874,0.946,0.5852,0.1153,0.1663,0.0,0.3298,0.1532,0.9556,0.1126
59,Bruno Mars,Dance With Me,Singapore,1myZ6GQewhAzMH2dKtKSWK,hope,0.9819,0.9772,0.7134,0.5139,0.3636,0.0,0.9891,0.3561,0.9844,0.0
60,Bruno Mars,That's What I Like,Singapore,0KKkJNfGyhkQ5aFogxQAPU,sensual,0.92,0.8441,0.8207,0.0,0.1048,0.0,0.6937,0.1149,0.9939,0.2288
61,Sabrina Carpenter,Manchild,Singapore,2BwO5K8Q7EPAJSGze3AAh9,sensual,0.4798,0.8186,0.2315,0.8875,0.8501,0.804,0.4441,0.6034,0.9935,0.9415
62,Kehlani,Folded,Singapore,0bxPRWprUVpQK0UFcddkrA,longing,0.7756,0.9541,0.2658,0.8268,0.7668,0.5483,0.639,0.7359,0.854,0.8673
63,ROSÉ,toxic till the end,Singapore,1z5ebC9238uGoBgzYyvGpQ,heartbreak,0.0,0.8254,0.0,0.9181,0.7405,0.5767,0.0,0.3687,0.7879,0.8601
64,Twenty One Pilots,Drag Path,Singapore,0TlcczkVTGpinpkGJpT81L,lonely,0.0,0.9932,0.0,0.9889,0.9563,0.9939,0.0,0.998,0.9949,0.5726
65,Addison Rae,Fame is a Gun,Singapore,7B3BwNecBhKvNwSMOOl7Gk,love,0.9802,0.9671,0.7286,0.9627,0.6304,0.1576,0.4846,0.367,0.9613,0.325
66,Don Toliver,E85,Singapore,3B4cjvGlPvyBLNG3AzEgkZ,love,0.9959,0.9693,0.9218,0.4997,0.7015,0.0,0.9466,0.2332,0.9917,0.6052
67,One Direction,Night Changes,Singapore,5O2P9iiztwhomNh8xkR9lJ,longing,0.817,0.9838,0.1697,0.8655,0.7281,0.4995,0.4452,0.4211,0.9464,0.6881
68,"V, Park Hyo Shin",Winter Ahead (with PARK HYO SHIN),Singapore,7G7mSV4BebkoHWwKTDvXu9,sensual,0.3275,0.2367,0.0,0.1414,0.0,0.0,0.0,0.0,0.6345,0.0
69,"The Weeknd, JENNIE, Lily-Rose Depp","One Of The Girls (with JENNIE, Lily Rose Depp)",Singapore,7CyPwkp0oE8Ro9Dd5CUDjW,unclassified,0.0,0.0,0.0,0.0,0.0,0.0,0.0,0.0,0.0,0.0
70,Justin Bieber,DAISIES,Singapore,5BZsQlgw21vDOAjoqkNgKb,sensual,0.9948,0.9881,0.4304,0.9445,0.8034,0.5715,0.6676,0.5714,0.9969,0.3681
71,Bruno Mars,Why You Wanna Fight?,Singapore,3Ac4AjYkqsvop2ydbSAhTX,longing,0.985,0.9953,0.568,0.9886,0.9605,0.9219,0.9344,0.9605,0.9625,0.8998
72,"Kendrick Lamar, SZA",luther (with sza),Singapore,2CGNAOSuO1MEFCbBRgUzjd,longing,0.9378,0.9807,0.4307,0.9739,0.7916,0.1891,0.5712,0.1372,0.9729,0.2837
73,1119,福气马上来,Singapore,3b6RZmPmYzg2mRyfoIznYS,unclassified,0.0,0.0,0.0,0.0,0.0,0.0,0.0,0.0,0.0,0.0
74,Ariana Grande,we can't be friends (wait for your love),Singapore,51ZQ1vr10ffzbwIjDCwqm4,lonely,0.9333,0.9675,0.3099,0.9005,0.8002,0.3832,0.772,0.9853,0.8826,0.7569
75,IVE,BLACKHOLE,Singapore,2ytQFMxdreEFPPZTtyDdqM,sensual,0.857,0.8631,0.7173,0.0,0.0,0.0,0.9491,0.0,0.9564,0.2204
76,ZQS,这是你期盼的长大吗,Singapore,3AKYofM0vFekNthGbpjMpN,unclassified,0.0,0.0,0.0,0.0,0.0,0.0,0.0,0.0,0.0,0.0
77,"Tate McRae, F1 The Album",Just Keep Watching (From F1® The Movie),Singapore,2yWlGEgEfPot0lv3OAjuG3,unclassified,0.0,0.0,0.0,0.0,0.0,0.0,0.0,0.0,0.0,0.0
78,Bruno Mars,Just the Way You Are,Singapore,7BqBn9nzAq8spo5e7cZ0dJ,sensual,0.9113,0.5023,0.4023,0.9119,0.7277,0.4029,0.1928,0.1697,0.9949,0.0
79,"Firdhaus, DIOR 大穎",在加納共和國離婚,Singapore,6GyUt7yJ0sOktc5HjvVnFh,anger,0.8189,0.8528,0.6487,0.6881,0.802,0.5896,0.8822,0.43,0.8565,0.9545
80,陈村长,爱怎么了,Singapore,0c9gjnRGBRke9VmLaZWmhM,unclassified,0.0,0.0,0.0,0.0,0.0,0.0,0.0,0.0,0.0,0.0
81,The Marías,No One Noticed,Singapore,3siwsiaEoU4Kuuc9WKMUy5,lonely,0.8159,0.9599,0.2037,0.9153,0.8343,0.9298,0.708,0.9951,0.9065,0.5102
82,Jay Chou,晴天,Singapore,5pIcwtJYNJx93l420oR2Vm,love,0.9863,0.9732,0.0,0.9377,0.7707,0.4129,0.1691,0.9595,0.8835,0.0
83,Malcolm Todd,Sweet Boy,Singapore,59c2xv2kMzYM6HR9oY6BIa,sensual,0.7315,0.8466,0.3029,0.5491,0.5376,0.3762,0.6334,0.7933,0.8744,0.3814
84,"Jung Kook, Jack Harlow",3D (feat. Jack Harlow),Singapore,01qFKNWq73UfEslI0GvumE,sensual,0.763,0.8824,0.1548,0.0,0.109,0.0,0.2128,0.4684,0.9719,0.1596
85,Evangeline Wong,離開我的依賴,Singapore,23WLgtD54AeluEPRr5muHo,unclassified,0.0,0.0,0.0,0.0,0.0,0.0,0.0,0.0,0.0,0.0
86,Taylor Swift,Cruel Summer,Singapore,1BxfuPKGuaTgP7aM0Bbdwr,longing,0.7905,0.9882,0.1304,0.9033,0.7463,0.6768,0.0,0.513,0.9859,0.7444
87,Sabrina Carpenter,Espresso,Singapore,2HRqTpkrJO5ggZyyK6NPWz,longing,0.7879,0.9821,0.1889,0.7276,0.6767,0.9635,0.1412,0.8918,0.9743,0.2908
88,ROSÉ,number one girl,Singapore,1lcBt7LoEikqYmhUoa2cez,lonely,0.8808,0.9853,0.2554,0.5786,0.4809,0.5069,0.7723,0.9918,0.8278,0.1528
89,yung kai,blue,Singapore,6W614n8yLUeS3zsZSeBwyq,sensual,0.9421,0.9669,0.3327,0.0,0.2957,0.0,0.793,0.0,0.9779,0.0
90,"Charlie Puth, Selena Gomez",We Don't Talk Anymore (feat. Selena Gomez),Singapore,54PbBpquVfhfrwRwvjSXbI,heartbreak,0.9142,0.967,0.1707,0.9692,0.9369,0.9229,0.0,0.9596,0.8471,0.8618
91,"Sean Kingston, Justin Bieber",Eenie Meenie,Singapore,4vVTI94F9uJ8lHNDWKv0i2,lonely,0.9759,0.9714,0.5938,0.9466,0.8126,0.8281,0.894,0.9832,0.9536,0.8371
92,Taylor Swift,Style,Singapore,0ug5NqcwcFR2xrfTkc7k8e,sensual,0.8606,0.9257,0.1035,0.5205,0.4495,0.1735,0.1405,0.7356,0.9734,0.6235
93,Laufey,From The Start,Singapore,43iIQbw5hx986dUEZbr3eN,lonely,0.862,0.9851,0.0,0.984,0.94,0.909,0.2392,0.986,0.5129,0.8385
94,DIOR 大穎,人的這一生,Singapore,2Jox8DFhnUpJZJWLsVAsAR,unclassified,0.0,0.0,0.0,0.0,0.0,0.0,0.0,0.0,0.0,0.0
95,Coldplay,Viva La Vida,Singapore,1mea3bSkSGXuIRvnydlB5b,lonely,0.1415,0.9647,0.4011,0.9712,0.8459,0.8952,0.1104,0.998,0.9314,0.8497
96,"Disco Lines, Tinashe",No Broke Boys,Singapore,3cZajhyr8LmtPfHZ9296tj,anger,0.1363,0.775,0.0,0.908,0.6945,0.7263,0.0,0.9548,0.8066,0.9602
97,"The Chainsmokers, Halsey",Closer,Singapore,7BKLCZ1jbUBVqRi2FVlTVw,sensual,0.9061,0.982,0.2793,0.9505,0.7922,0.2741,0.4897,0.8587,0.9852,0.9183
98,"The Chainsmokers, Coldplay",Something Just Like This,Singapore,6RUKPb4LETWmmr3iAEQktW,longing,0.6082,0.9903,0.7275,0.3717,0.5242,0.3749,0.4962,0.9329,0.964,0.5874
99,Ed Sheeran,Photograph,Singapore,6fxVffaTuwjgEk5h9QyRjy,love,0.9907,0.9413,0.2107,0.9282,0.8098,0.0,0.5496,0.7166,0.8645,0.0
100,"Maroon 5, Wiz Khalifa",Payphone,Singapore,1XGmzt0PVuFgQYYnV2It7A,heartbreak,0.3909,0.5688,0.0,0.9646,0.7545,0.876,0.0,0.5416,0.3142,0.79
101,Bruno Mars,It Will Rain,Singapore,4rMNgxEwGWoPHIUcvB5BrB,heartbreak,0.8461,0.9202,0.0,0.9244,0.888,0.7558,0.2362,0.7158,0.7008,0.7395
102,Justin Bieber,Ghost,Singapore,6I3mqTwhRpn34SLVafSH7G,lonely,0.9485,0.9779,0.2617,0.9561,0.8793,0.7251,0.8433,0.9945,0.7554,0.2329
103,"Ariana Grande, The Weeknd",Love Me Harder,Singapore,5J4ZkQpzMUFojo1CtAZYpn,love,0.9768,0.8277,0.2897,0.2589,0.2817,0.0,0.4034,0.2333,0.9051,0.2808
104,Bruno Mars,On My Soul,Singapore,4i4BVY2JiH4mDSLIBdNGKD,love,0.9892,0.9804,0.7585,0.7813,0.5186,0.158,0.8764,0.4214,0.9773,0.0
105,"Kendrick Lamar, SZA","All The Stars (with SZA) - From ""Black Panther: The Album""",Singapore,3GCdLUSnKSMJhs4Tj6CV3s,anger,0.0,0.1442,0.0,0.0,0.0,0.0,0.0,0.0,0.167,0.1931
106,Coldplay,Sparks,Singapore,7D0RhFcb3CrfPuTJ0obrod,heartbreak,0.89,0.9228,0.1244,0.9349,0.8345,0.5013,0.3707,0.4208,0.7813,0.5298
107,Eric Chou,你，好不好？ - TVBS連續劇【遺憾拼圖】片尾曲,Singapore,2gug6MRv4xQFYi9LA3PJCS,unclassified,0.0,0.0,0.0,0.0,0.0,0.0,0.0,0.0,0.0,0.0
108,sombr,12 to 12,Singapore,05od2qm2MTSKCHxy1GBp5W,sensual,0.9843,0.9718,0.3537,0.9359,0.8371,0.727,0.4107,0.9673,0.9851,0.6932
109,Daniel Caesar,Always,Singapore,2LlOeW5rVcvl3QcPNPcDus,love,0.9822,0.9647,0.4259,0.8878,0.7399,0.229,0.9087,0.5524,0.8825,0.2747
110,The Police,Every Breath You Take,Singapore,1JSTJqkT5qHq8MDJnJbRE1,lonely,0.9504,0.9929,0.1769,0.9902,0.9767,0.9458,0.2521,0.9932,0.8225,0.6221
111,The Neighbourhood,Sweater Weather,Singapore,0cQVqPuHQP4KEwc7ZUQmj6,sensual,0.9371,0.9679,0.2308,0.1304,0.1045,0.1102,0.1641,0.2279,0.9873,0.0
112,Keane,Somewhere Only We Know,Singapore,0ll8uFnc0nANY35E0Lfxvg,lonely,0.4392,0.9708,0.1975,0.7168,0.5003,0.6241,0.0,0.9914,0.9356,0.3967
113,Benson Boone,Beautiful Things,Singapore,3xkHsmpQCBMytMJNiDf3Ii,longing,0.9097,0.9707,0.3246,0.7035,0.8138,0.4388,0.7875,0.5192,0.7183,0.1302
114,Joji,SLOW DANCING IN THE DARK,Singapore,6rY5FAWxCdAGllYEOZMbjW,longing,0.3048,0.9873,0.0,0.7674,0.4544,0.7332,0.0,0.93,0.7667,0.9204
115,Bad Bunny,Tití Me Preguntó,Singapore,1IHWl5LamUGEuP4ozKQSXZ,heartbreak,0.8081,0.8692,0.0,0.9262,0.7401,0.8109,0.0,0.9194,0.7565,0.7201
116,Jung Kook,Standing Next to You,Singapore,2KslE17cAJNHTsI2MI0jb2,sensual,0.9714,0.8993,0.7195,0.0,0.0,0.0,0.9524,0.1876,0.976,0.0
117,Cup of Joe,Multo,Singapore,5tlb0AxuzsMWL2GtEppXGX,lonely,0.0,0.8752,0.0,0.8683,0.7609,0.8912,0.0,0.9749,0.398,0.4315
118,LNGSHOT,Moonwalkin',Singapore,46V2ciN6F5bxjQWityNhkY,sensual,0.4608,0.8928,0.483,0.2204,0.7355,0.4332,0.5068,0.5844,0.9418,0.3588
119,The Marías,Sienna,Singapore,0InIeZW4P6VO7dUGRM4AKH,sensual,0.8037,0.9783,0.8066,0.9158,0.8497,0.1682,0.61,0.8661,0.9939,0.5969
120,Bruno Mars,Locked out of Heaven,Singapore,5g7sDjBhZ4I3gcFIpkrLuI,longing,0.8981,0.9712,0.6347,0.0,0.1184,0.0,0.9206,0.0,0.874,0.0
121,于冬然,座位,Singapore,4s3iUkYgh9gCeGYqCODrQe,unclassified,0.0,0.0,0.0,0.0,0.0,0.0,0.0,0.0,0.0,0.0
122,KiiiKiii,404 (New Era),Singapore,24rDDbSlFY9OHrlJb48CRh,sensual,0.0,0.7444,0.3128,0.1067,0.2905,0.0,0.1881,0.1476,0.9943,0.51
123,"B.o.B, Bruno Mars",Nothin' on You (feat. Bruno Mars),Singapore,59dLtGBS26x7kc0rHbaPrq,sensual,0.899,0.9344,0.2967,0.0,0.2008,0.0,0.1569,0.1702,0.9415,0.347
124,SZA,Snooze,Singapore,4iZ4pt7kvcaH6Yo8UoZ4s2,sensual,0.5918,0.7802,0.2843,0.1635,0.3253,0.2193,0.8494,0.779,0.9696,0.7959
125,Bad Bunny,NUEVAYoL,Singapore,5TFD2bmFKGhoCRbX61nXY5,sensual,0.6064,0.9418,0.8949,0.0,0.4016,0.0,0.5258,0.2685,0.9692,0.2498
126,Ed Sheeran,Perfect,Singapore,0tgVpDi06FyKpA1z0VMD4v,sensual,0.9787,0.9496,0.7248,0.0,0.296,0.0,0.9382,0.2297,0.9915,0.0
127,OneRepublic,Counting Stars,Singapore,2tpWsVSb9UEmDRxAl1zhX1,longing,0.9822,0.9962,0.3709,0.8546,0.7949,0.4954,0.9911,0.2241,0.9509,0.5799
128,Cigarettes After Sex,Apocalypse,Singapore,1oAwsWBovWRIp7qLMGPIet,sensual,0.5871,0.9592,0.0,0.9155,0.8062,0.8,0.1969,0.3571,0.9855,0.5517
129,Bruno Mars,Talking to the Moon,Singapore,161DnLWsx1i3u1JT05lzqU,lonely,0.781,0.9872,0.1455,0.8769,0.7782,0.7888,0.9053,0.9873,0.8344,0.6893
130,"JISOO, ZAYN",EYES CLOSED (with ZAYN),Singapore,4WFfPxJv1KRekG6mxn837K,unclassified,0.0,0.0,0.0,0.0,0.0,0.0,0.0,0.0,0.0,0.0
131,"王赫野, 姚晓棠",最后一页 - Live,Singapore,0ahuxmprOO8tfKpG5Sgkt2,unclassified,0.0,0.0,0.0,0.0,0.0,0.0,0.0,0.0,0.0,0.0
132,Malcolm Todd,Earrings,Singapore,0eAuGrXyGFYwur9ARUe7LJ,lonely,0.9691,0.9411,0.0,0.9514,0.7709,0.6794,0.2126,0.9759,0.4851,0.0
133,"Justin Bieber, Nicki Minaj",Beauty And A Beat,Singapore,6QFCMUUq1T2Vf5sFUXcuQ7,sensual,0.9449,0.9424,0.7303,0.0,0.2713,0.0,0.846,0.0,0.9873,0.3174
134,Arctic Monkeys,I Wanna Be Yours,Singapore,5XeFesFbtLpXzIVDNQP22n,sensual,0.9472,0.9821,0.545,0.2976,0.2122,0.0,0.7948,0.1649,0.9929,0.1075
135,Harry Styles,As It Was,Singapore,4Dvkj6JhhA12EX05fT7y2e,lonely,0.5661,0.9268,0.0,0.9284,0.8687,0.838,0.0,0.9869,0.6763,0.6893
136,Bruno Mars,When I Was Your Man,Singapore,0B7wvvmu9EISAwZnOpjhNI,heartbreak,0.7198,0.9385,0.0,0.9824,0.9348,0.8254,0.8271,0.8354,0.7327,0.7222
137,"Saja Boys, Andrew Choi, Neckwav, Danny Chung, KEVIN WOO, samUIL Lee, KPop Demon Hunters Cast",Soda Pop,Singapore,02sy7FAs8dkDNYsHp4Ul3f,sensual,0.9213,0.9828,0.7733,0.3445,0.3866,0.1455,0.8305,0.7669,0.9979,0.4556
138,Tate McRae,Sports car,Singapore,5UJbgR4XF4y1DvbkxEqe8S,sensual,0.8156,0.9795,0.3271,0.6172,0.8066,0.6745,0.448,0.2049,0.9953,0.694
139,"Jay Chou, Lara Liang",珊瑚海,Singapore,3Qj9Fy8BPbWmICTiNkuqB7,anger,0.3155,0.4651,0.2557,0.1907,0.3768,0.279,0.34,0.2582,0.6488,0.794
140,"The Weeknd, Daft Punk",Starboy,Singapore,7MXVkk9YMctZqd1Srtv4MB,sensual,0.0,0.8461,0.0,0.2147,0.326,0.1154,0.1313,0.1187,0.9364,0.8809
141,keshi,Soft Spot,Singapore,2aL4lMGhWdPpyPL6COPou7,longing,0.898,0.9641,0.4172,0.5093,0.4713,0.3533,0.6424,0.828,0.9631,0.0
142,Olivia Dean,A Couple Minutes,Singapore,312z6PZ8wwREck8613PkJk,love,0.9853,0.9696,0.4034,0.9517,0.8899,0.2502,0.9825,0.8411,0.8959,0.2552
143,"LE SSERAFIM, j-hope",SPAGHETTI,Singapore,2N9miXnewVmUrgl6JSK1FI,sensual,0.8068,0.7059,0.4939,0.158,0.2884,0.0,0.0,0.5033,0.8952,0.2685
144,Joker Xue,演员,Singapore,5Sib99jpYybZAicUMETb3h,love,0.9468,0.2495,0.2156,0.3473,0.1659,0.1996,0.4137,0.1623,0.2862,0.0
145,Charlie Puth,Attention,Singapore,5cF0dROlMOK5uNZtivgu50,anger,0.5002,0.8193,0.3349,0.7241,0.7709,0.7227,0.3768,0.5565,0.7446,0.923
146,Chappell Roan,"Good Luck, Babe!",Singapore,0WbMK4wrZ1wFSty9F7FCgu,sensual,0.6956,0.8479,0.1521,0.9407,0.6682,0.394,0.1231,0.784,0.9979,0.4562
147,"郭家瑋, DIOR 大穎",過了幾天(合唱版),Singapore,4GEWZ1vDFVkmhG55zpKFLO,anger,0.6068,0.7074,0.5222,0.4519,0.6043,0.366,0.5194,0.2543,0.8803,0.8817
148,Khalil Fong,特別的人,Singapore,0VTzUEuHYD8s7CgQ15cDPo,joy,0.9675,0.9876,0.9929,0.6101,0.6514,0.0,0.99,0.279,0.9246,0.8715
149,"阿涵, Ayo97",感谢你曾来过,Singapore,1JLtvvPsHwLyd2ufASdkWV,unclassified,0.0,0.0,0.0,0.0,0.0,0.0,0.0,0.0,0.0,0.0
150,en王翊恩,嚣张,Singapore,1vfUASvUGt3gxQ1x3T3u1C,unclassified,0.0,0.0,0.0,0.0,0.0,0.0,0.0,0.0,0.0,0.0
151,Radiohead,Let Down,Singapore,2fuYa3Lx06QQJAm0MjztKr,despair,0.0,0.8764,0.0,0.9029,0.618,0.9884,0.2433,0.2414,0.7333,0.1853
152,"The Weeknd, Playboi Carti",Timeless (feat Playboi Carti),Singapore,0FIDCNYYjNvPVimz5icugS,heartbreak,0.493,0.8713,0.0,0.943,0.805,0.6057,0.0,0.2059,0.8607,0.8985
153,KATSEYE,Touch,Singapore,6aJn7Cst74cj4lNIiPRgav,love,0.9941,0.986,0.6791,0.9729,0.9061,0.8123,0.5008,0.988,0.9823,0.8639
154,Rihanna,Kiss It Better,Singapore,0UHB9METy4VCXNgkcGqHqS,longing,0.9376,0.9966,0.5082,0.9477,0.8592,0.8641,0.6985,0.6687,0.9853,0.949
155,Alex Warren,FEVER DREAM,Singapore,7ogpGbKc4Io6NCU6ydxXwZ,lonely,0.9064,0.9868,0.0,0.9727,0.9099,0.9699,0.8022,0.9939,0.9338,0.6029
156,Jay Chou,告白氣球,Singapore,2tqF9MPNdYdJU70U0ULO23,sensual,0.5498,0.845,0.3234,0.5258,0.5738,0.4061,0.5033,0.1364,0.9813,0.9658
157,Zara Larsson,Midnight Sun,Singapore,1qRV1dKLOfH1s00b9J2LUQ,sensual,0.9333,0.9588,0.884,0.1809,0.166,0.0,0.6452,0.9496,0.9963,0.0
158,小阿七,从前说,Singapore,3t5edAHbyFEW67wFApp7EO,longing,0.4429,0.9168,0.2017,0.6852,0.637,0.1995,0.2255,0.8133,0.8159,0.2389
159,Bruno Mars,Nothing Left,Singapore,0Sq6JK9kyC4MQa3KrJj5CB,lonely,0.9632,0.9905,0.1873,0.9768,0.9668,0.9053,0.6729,0.9967,0.8645,0.6743
160,Eric Chou,怎麼了,Singapore,5cU1O9P0EDA0rPkPDykhIm,anger,0.8701,0.856,0.4464,0.7346,0.724,0.7718,0.5958,0.5139,0.7746,0.8798
161,sombr,undressed,Singapore,0TFTAtCYhp2tQ9KcJIZb55,heartbreak,0.5212,0.8388,0.0,0.947,0.6854,0.6569,0.0,0.5794,0.4052,0.6184
162,Katy Perry,The One That Got Away,Singapore,6hkOqJ5mE093AQf2lbZnsG,heartbreak,0.8631,0.9731,0.1042,0.9902,0.9605,0.886,0.1217,0.8249,0.8338,0.8375
163,"The Kid LAROI, Justin Bieber",STAY (with Justin Bieber),Singapore,567e29TDzLwZwfDuEpGTwo,sensual,0.0,0.0,0.0,0.0,0.0,0.228,0.0,0.0,0.2934,0.1756
164,Ariana Grande,One Last Time,Singapore,7xoUc6faLbCqZO6fQEYprd,heartbreak,0.9411,0.9062,0.1097,0.9476,0.8712,0.8356,0.5148,0.7939,0.92,0.7755
165,WeiBird,"如果可以 - 電影""月老""主題曲",Singapore,72OVnXDzugvrCU25lMi9au,unclassified,0.0,0.0,0.0,0.0,0.0,0.0,0.0,0.0,0.0,0.0
166,Dhruv,double take,Singapore,0QzuaeCEEOV40Pn7IvKEny,sensual,0.9764,0.9857,0.6688,0.7145,0.6631,0.1432,0.7284,0.6716,0.9882,0.1692
167,Justin Bieber,Sorry,Singapore,09CtPGIpYB4BrO8qb1RGsF,anger,0.2747,0.8739,0.0,0.8223,0.6895,0.566,0.8845,0.4599,0.4618,0.9774
168,"DJ Snake, Justin Bieber",Let Me Love You,Singapore,0lYBSQXN6rCTvUZvg9S0lU,longing,0.7795,0.894,0.0,0.8553,0.6923,0.4376,0.4849,0.2413,0.6517,0.5661
169,ILLIT,Magnetic,Singapore,1aKvZDoLGkNMxoRYgkckZG,sensual,0.9489,0.9651,0.7441,0.0,0.1527,0.0,0.5671,0.0,0.9711,0.1289
170,BTS,Life Goes On,Singapore,5FVbvttjEvQ8r2BgUcJgNg,longing,0.4588,0.9326,0.2,0.8721,0.8636,0.7997,0.3002,0.7693,0.7739,0.5865
171,Taylor Swift,Blank Space,Singapore,1u8c2t2Cy7UBoG4ArRcF5g,longing,0.4952,0.6871,0.0,0.4137,0.2205,0.0,0.0,0.0,0.5024,0.3696
172,Coldplay,The Scientist,Singapore,75JFxkI2RXiU7L9VXzMkle,longing,0.9356,0.9737,0.1212,0.9648,0.9354,0.8907,0.411,0.5511,0.8358,0.7857
173,Jay Chou,青花瓷,Singapore,10VuSw48iPN2UK2xX9Y6P0,sensual,0.9216,0.9241,0.9439,0.0,0.0,0.0,0.989,0.0,0.9932,0.1351
174,"Disney, Shakira",Zoo,Singapore,3vJIaiTIHxHhYafTSPNiH4,sensual,0.9413,0.4564,0.9346,0.0,0.0,0.0,0.6081,0.0,0.9852,0.2951
175,Cigarettes After Sex,Cry,Singapore,3p4hRhMcb6ch8OLtATMaLw,heartbreak,0.9656,0.9599,0.0,0.9703,0.7445,0.7278,0.0,0.6902,0.1913,0.2522
176,Olivia Dean,Dive,Singapore,36vmaZyO0iAE6FZ7287fg2,sensual,0.8528,0.8941,0.2037,0.4768,0.5276,0.5223,0.5314,0.4302,0.9828,0.304
177,Laufey,Promise,Singapore,08PdFBcXzpkn1cWNgmKqhn,lonely,0.1328,0.8508,0.0,0.9434,0.8288,0.8292,0.0,0.9585,0.6836,0.7199
178,Bruno Mars,Something Serious,Singapore,0PV4VQCmE6Ujssr1bnswdF,love,0.9668,0.9529,0.176,0.5119,0.7759,0.3287,0.6037,0.315,0.4956,0.6704
179,en王翊恩,我走后 (深情版),Singapore,4iWXBvFiGanzt0ntGnMALN,unclassified,0.0,0.0,0.0,0.0,0.0,0.0,0.0,0.0,0.0,0.0
180,Bruno Mars,Versace on the Floor,Singapore,0kN8xEmgMW9mh7UmDYHlJP,lonely,0.9162,0.9641,0.7156,0.1419,0.2112,0.0,0.476,0.9956,0.9946,0.1167
181,Gracie Abrams,"I Love You, I'm Sorry",Singapore,51rfRCiUSvxXlCSCfIztBy,longing,0.8275,0.9776,0.5165,0.9588,0.9062,0.8385,0.4349,0.7858,0.7694,0.9389
182,"Daniel Caesar, H.E.R.",Best Part (feat. H.E.R.),Singapore,1Q7EgiMOuwDcB0PJC6AzON,sensual,0.9356,0.9137,0.7171,0.0,0.0,0.0,0.437,0.1056,0.99,0.0
183,Radiohead,Creep,Singapore,70LcF31zb1H0PyJoS1Sx1r,longing,0.1046,0.9402,0.0,0.9357,0.6177,0.6494,0.0,0.7999,0.6023,0.7712
184,CORTIS,GO!,Singapore,6OWWZtNQORY1McaZmOrwhc,sensual,0.1007,0.5109,0.2782,0.0,0.0,0.0,0.4888,0.0,0.8369,0.7304
185,Charli xcx,party 4 u,Singapore,2RdEC8Ff83WkX7kDVCHseE,longing,0.5197,0.9743,0.3751,0.6981,0.5965,0.3859,0.7474,0.9578,0.8212,0.5517
186,SZA,Nobody Gets Me,Singapore,5Y35SjAfXjjG0sFQ3KOxmm,lonely,0.8096,0.9281,0.0,0.9568,0.8358,0.9273,0.0,0.9854,0.9428,0.9198
187,Joji,Glimpse of Us,Singapore,2mlNgAeIBnL78ZriXgrRHz,longing,0.8069,0.9881,0.4674,0.7701,0.6244,0.1656,0.9551,0.8598,0.8761,0.1926
188,Ariana Grande,Into You,Singapore,76FZM38RC8XaAjJ77CVTNe,sensual,0.9073,0.9047,0.344,0.0,0.1448,0.0,0.2992,0.0,0.9757,0.2425
189,Jay Chou,楓,Singapore,1pALOIA4ytESmhl7Fxjdic,sensual,0.7241,0.5935,0.5582,0.465,0.5666,0.1894,0.522,0.2805,0.8722,0.7344
190,Stefanie Sun,遇見,Singapore,3xJK8ywApYVEYIDhymYMC6,hope,0.585,0.9943,0.6899,0.0,0.0,0.0,0.9984,0.0,0.853,0.3945
191,d4vd,Here With Me,Singapore,0dS2u2UFd88TIzDDaZDLvS,longing,0.9491,0.9807,0.8075,0.8232,0.8629,0.4101,0.8442,0.4118,0.8442,0.1536
192,Lana Del Rey,Cinnamon Girl,Singapore,2mdEsXPu8ZmkHRRtAdC09e,sensual,0.1591,0.8946,0.0,0.0,0.0,0.0,0.426,0.0,0.984,0.8538
193,Nadhif Basalamah,kota ini tak sama tanpamu,Singapore,13CwOTXUgBugeBByE9oIWb,sensual,0.995,0.9844,0.8786,0.0,0.1529,0.0,0.8554,0.5826,0.9979,0.0
194,卢卢快闭嘴,字字句句,Singapore,7fAdinC2UTc0Y9GiKrkTtu,unclassified,0.0,0.0,0.0,0.0,0.0,0.0,0.0,0.0,0.0,0.0
195,Tate McRae,greedy,Singapore,3rUGC1vUpkDG9CZFHMur1t,sensual,0.8168,0.9681,0.4822,0.4238,0.6424,0.4596,0.4257,0.6202,0.9803,0.7657
196,LNGSHOT,Never Let Go,Singapore,37xebnhvUyM8VyyDDeo65d,longing,0.7673,0.9272,0.1918,0.5098,0.4958,0.3513,0.8365,0.662,0.7784,0.6662
197,ATEEZ,Adrenaline,Singapore,2VKGO4DNyUK5UxCQB3b3DF,sensual,0.0,0.6,0.4854,0.0,0.1121,0.0,0.0,0.6969,0.9082,0.7592
198,Lauv,I Like Me Better,Singapore,4MagTPnkPiDuIa4P8GtW1b,sensual,0.9736,0.9292,0.4027,0.0,0.201,0.0,0.4164,0.3245,0.9764,0.0
199,Justin Bieber,Love Yourself,Singapore,50kpGaPAhYJ3sGmk6vplg0,heartbreak,0.5604,0.6601,0.0,0.973,0.8746,0.8515,0.0,0.7784,0.7134,0.8917
200,Lana Del Rey,Young And Beautiful,Singapore,2nMeu6UenVvwUktBCpLMK9,longing,0.9501,0.9868,0.6347,0.6949,0.7209,0.1606,0.8524,0.6039,0.9693,0.4495
1,Quevedo,NI BORRACHO,Spain,3ltpc2goYCfKT8AbWwqQvc,anger,0.3465,0.9089,0.1317,0.3951,0.4757,0.3825,0.1215,0.6301,0.5992,0.9138
2,"Omar Courtz, Ñengo Flow",FOREVER TU GANTEL,Spain,1YAWMfsmduIrpqrjP45pFn,sensual,0.4148,0.9397,0.0,0.4799,0.3199,0.0,0.0,0.7327,0.9675,0.6846
3,"Omar Courtz, Dei V, Clarent, Tito ""El Bambino""",$UELTA GATITA $UELTA,Spain,01xWRzLhSgANX9CGgBzssk,sensual,0.2937,0.7504,0.3016,0.1057,0.3897,0.1693,0.2448,0.4259,0.9513,0.7521
4,Aitana,SUPERESTRELLA,Spain,6hpuesKPNa3WhV48O7Fa47,sensual,0.4344,0.6897,0.0,0.0,0.1477,0.0,0.0,0.0,0.9226,0.1896
5,"Romeo Santos, Prince Royce",Dardos,Spain,5SudOD9R1Of6CsJVWZy6CQ,longing,0.933,0.959,0.0,0.9524,0.9145,0.8918,0.0,0.7073,0.7729,0.8667
6,"Ryan Castro, Kapo, Gangsta",LA VILLA,Spain,2ZyrAym0sRLwt4PhGotHuI,sensual,0.2096,0.399,0.3485,0.0,0.1351,0.0,0.1933,0.1446,0.9865,0.2804
7,"Omar Courtz, ROA",WO OH OH,Spain,0h54mLixODOqU6vTcZMqVM,sensual,0.9318,0.9831,0.5477,0.4188,0.462,0.0,0.8094,0.4967,0.9932,0.7571
8,"W Sound, Beéle, Ovy On The Drums",La Plena - W Sound 05,Spain,6iOndD4OFo7GkaDypWQIou,sensual,0.9199,0.9352,0.2911,0.0,0.0,0.0,0.1598,0.0,0.9919,0.0
9,Bad Bunny,NUEVAYoL,Spain,5TFD2bmFKGhoCRbX61nXY5,sensual,0.6064,0.9418,0.8949,0.0,0.4016,0.0,0.5258,0.2685,0.9692,0.2498
10,Bad Bunny,BAILE INoLVIDABLE,Spain,2lTm559tuIvatlT1u0JYG2,lonely,0.9417,0.9651,0.4153,0.9632,0.9165,0.6286,0.2942,0.9786,0.9704,0.4609
11,"ROSALÍA, Yahritza Y Su Esencia",La Perla,Spain,4oVO4fGNRRvEn0CRuFO4qv,lonely,0.0,0.5727,0.0,0.9419,0.532,0.8306,0.0,0.989,0.9603,0.7328
12,Rels B,TU VAS SIN (fav),Spain,6uiQ0DqbXTBc8tl0AUKZkR,longing,0.911,0.9854,0.5265,0.4147,0.3363,0.0,0.4968,0.1765,0.9833,0.9112
13,Clarent,BIENVENIDA,Spain,7zwgHkTKv86nMOREN5k1hx,anger,0.1871,0.3977,0.0,0.2675,0.4049,0.1988,0.1034,0.2133,0.4444,0.7878
14,Omar Courtz,POR SI MAÑANA NO ESTOY,Spain,595wwjQiad6e6lSTScmXvz,lonely,0.9196,0.9829,0.3349,0.966,0.8683,0.6676,0.5895,0.9918,0.9607,0.6077
15,"JC Reyes, Slayter",LOQUITA,Spain,3zkGK0pIRra9Mql8fKmROf,sensual,0.2294,0.6521,0.3595,0.0,0.4053,0.0,0.0,0.4704,0.9962,0.7665
16,Beéle,no tiene sentido,Spain,1HEwEN64NjgTaHmo7LfkX8,longing,0.8587,0.9793,0.0,0.8316,0.844,0.7556,0.3391,0.8399,0.8988,0.7297
17,Quevedo,TUCHAT,Spain,3bAAv8knmzFpYQsLFoK6de,sensual,0.5034,0.8908,0.0,0.6882,0.5558,0.5447,0.1557,0.7957,0.9038,0.5606
18,"YOVNGCHIMI, JC Reyes",MVLAN,Spain,74t17BRV4el0mU0Tb8XY1k,sensual,0.4362,0.7982,0.5226,0.1085,0.3572,0.0,0.3728,0.1118,0.9616,0.8284
19,Omar Courtz,KOKO,Spain,1tz7RZirwiuaJw2p0jbdHb,sensual,0.7466,0.9698,0.2061,0.0,0.0,0.0,0.2694,0.9863,0.9984,0.4178
20,Bad Bunny,DtMF,Spain,3sK8wGT43QFpWrvNQsrQya,longing,0.8705,0.8742,0.7961,0.5457,0.4095,0.0,0.6442,0.4561,0.874,0.751
21,"Kidd Voodoo, JC Reyes",Me Mareo,Spain,6jBoUckd6VEImt6pg8RpDr,sensual,0.5218,0.7301,0.1552,0.52,0.5521,0.2389,0.7355,0.5053,0.9824,0.4726
22,"Alleh, Yorghaki",capaz (merengueton),Spain,2dd3G3ZqEcG2cNS1tp3oEk,sensual,0.8545,0.8758,0.1232,0.7705,0.5782,0.6709,0.1307,0.4377,0.9819,0.6688
23,Omar Courtz,SI ESTÁS CON ALGUIEN,Spain,7nyk5uxevcijIfl1FlJgmA,heartbreak,0.7007,0.5769,0.1033,0.7951,0.563,0.5663,0.2966,0.7026,0.5724,0.3779
24,"Bad Gyal, Chencho Corleone",Choque,Spain,68KElV3TDyDy2zHPCWjUyt,sensual,0.473,0.9642,0.1017,0.1664,0.7757,0.2582,0.0,0.2623,0.9847,0.9153
25,"Blessd, Anuel AA, Yan Block, Luar La L, Kris R., ROA","YOGURCITO REMIX (feat. Kris R., ROA)",Spain,7nrd0eIftH3NQLfgk20Qp9,sensual,0.6704,0.9276,0.4736,0.318,0.2331,0.0,0.1783,0.5253,0.9942,0.5545
26,"Ovy On The Drums, Quevedo, Beéle",YO y TÚ,Spain,7koAf6aZgjO6TS7bipfPD0,sensual,0.4436,0.4481,0.1626,0.4679,0.2748,0.0,0.2027,0.0,0.8813,0.0
27,"El Bogueto, Anuel AA, Fuerza Regida, Yung Beef",Cuando No Era Cantante - Remix,Spain,2pbSCYzxrG0wa6qcj8IyiE,sensual,0.8646,0.9782,0.1985,0.5664,0.4762,0.0,0.4974,0.6412,0.9932,0.529
28,"Yan Block, Panda Black",Talento,Spain,7sChwC2NZjGc2Kdni3hlDg,anger,0.7062,0.9192,0.4025,0.8336,0.9416,0.5101,0.956,0.9297,0.9901,0.9905
29,Clarent,LOVE,Spain,21syhl9aagHDATZqFHkfjD,longing,0.4647,0.9724,0.1972,0.9473,0.694,0.5569,0.6376,0.524,0.8973,0.8907
30,GRECAS,Bad Voy,Spain,0WIVpc0hKNxjHkl9xNxw6P,sensual,0.455,0.6821,0.0,0.1453,0.1119,0.0,0.0,0.0,0.9046,0.2928
31,"Omar Courtz, Bad Gyal",COMERNOS,Spain,2TYZU0Fvfp5b7gbfqdIAq6,sensual,0.6719,0.9915,0.2937,0.1984,0.7605,0.1302,0.1426,0.2,0.9965,0.6969
32,"Bizarrap, Daddy Yankee","Daddy Yankee: Bzrp Music Sessions, Vol. 0/66",Spain,2uPMsTEKx79gJ8rB3AcT0v,sensual,0.7709,0.8185,0.4076,0.0,0.3613,0.0,0.6257,0.1962,0.8848,0.8553
33,"Héctor ""El Father"", Wisin & Yandel",El Teléfono,Spain,614NVFo5csQqRnryl4jXs2,longing,0.5988,0.9753,0.125,0.607,0.3078,0.2913,0.2194,0.8876,0.9715,0.6218
34,"El Bogueto, Yung Beef",Cuando No Era Cantante,Spain,6N2iccqxRInhTLHc2Fu3W0,longing,0.9043,0.9929,0.4282,0.9134,0.7976,0.2507,0.8156,0.9518,0.9892,0.7434
35,"Bad Bunny, Omar Courtz, Dei V",VeLDÁ,Spain,7d6yK8v8J484SWH5prIQiE,sensual,0.639,0.8098,0.2829,0.0,0.2054,0.0,0.4967,0.157,0.9394,0.3125
36,"Beéle, Ovy On The Drums",mi refe,Spain,4zhk2RS2EZODmBW6il55Qj,love,0.9869,0.9439,0.3927,0.2606,0.1864,0.1337,0.3401,0.413,0.9534,0.1616
37,"Omar Courtz, Myke Towers",WHAT U NEED? (SexPlaylist 2),Spain,7jnSlMG2jKJmKvAWxufk2I,sensual,0.4732,0.6848,0.0,0.0,0.2409,0.0,0.1866,0.1682,0.9447,0.6974
38,"Mora, C. Tangana",DROGA,Spain,1cmfXbOvNJt7iDrnJy5BRE,heartbreak,0.7141,0.7962,0.1884,0.8298,0.7046,0.4843,0.1062,0.7425,0.8153,0.4953
39,Bad Bunny,EoO,Spain,6J5kc12BW5HuP3d7C3vvx8,longing,0.5536,0.97,0.6187,0.1103,0.4303,0.1006,0.3754,0.0,0.8936,0.392
40,GRECAS,Que culpa tiene el lunes de no ser un sabado,Spain,5bDRGw4njjPCO5ZYvSgRXr,sensual,0.0,0.6955,0.0,0.2445,0.4719,0.1168,0.0,0.1004,0.7652,0.1987
41,Bad Bunny,VOY A LLeVARTE PA PR,Spain,59D4DOkspUbWyMmbAPQkxZ,sensual,0.2833,0.8849,0.4292,0.3169,0.3863,0.1404,0.4609,0.4861,0.9909,0.6639
42,"La La Love You, Axolotes Mexicanos",El Fin del Mundo,Spain,6XXQA6e8qXPJ1sZtRxvbws,heartbreak,0.9036,0.9296,0.0,0.9768,0.8937,0.8984,0.0,0.3018,0.6095,0.0
43,"Delaossa, Quevedo, Bigla The Kid",Still Luvin,Spain,1k4Iyemx6P5fba7RRcHmeb,longing,0.8859,0.9526,0.2653,0.7675,0.6185,0.1483,0.3293,0.9412,0.7473,0.2493
44,"Juseph, La Pantera, Lucho RK",CUPIDOxX,Spain,3vYFpgpkQF0EY5E9h9BF1r,sensual,0.0,0.7474,0.1095,0.4117,0.6896,0.0,0.0,0.1859,0.9219,0.8507
45,"Young Cister, Kreamly",QLOO*,Spain,7CMj1OOS1ho4CPEQTFKzcN,sensual,0.9568,0.9321,0.37,0.0,0.2584,0.0,0.2702,0.0,0.9893,0.1127
46,"Luck Ra, BM",La Morocha,Spain,6vRQqxOhUFd78p5tL8jXr7,lonely,0.9883,0.9939,0.1624,0.5899,0.2573,0.4242,0.5465,0.9988,0.9865,0.423
47,Djo,End of Beginning,Spain,3qhlB30KknSejmIvZZLjOD,heartbreak,0.0,0.9244,0.0,0.952,0.9477,0.3827,0.0,0.6831,0.5004,0.0
48,"Myke Towers, Quevedo",SOLEAO,Spain,4OsBqqMwFabHATATT527tH,sensual,0.7878,0.7086,0.3031,0.4605,0.2788,0.0,0.1298,0.4176,0.9565,0.4054
49,"HUNTR/X, EJAE, AUDREY NUNA, REI AMI, KPop Demon Hunters Cast",Golden,Spain,1CPZ5BxNNd0n0nF4Orb9JS,lonely,0.8064,0.9557,0.7701,0.5332,0.4801,0.1756,0.9468,0.9853,0.9182,0.3085
50,"Dei V, JC Reyes",NYX00 (with JC Reyes),Spain,0FI11LoJ41qud3TkFEYlzI,unclassified,0.0,0.0,0.0,0.0,0.0,0.0,0.0,0.0,0.0,0.0
51,"La Pantera, Lucho RK, Pana YMB",PINKY PROMISE 2,Spain,6hFzA2zbArwtGpmTQEsxnn,sensual,0.9816,0.9713,0.6158,0.0,0.2564,0.0,0.3168,0.2224,0.9886,0.2675
52,Bad Bunny,NO ME QUIERO CASAR,Spain,39L3LdlHS3gqB62HPWaJRg,sensual,0.1705,0.8154,0.121,0.7817,0.3661,0.2439,0.2748,0.8478,0.8973,0.6626
53,"Omar Courtz, KARBeats",EL MUNDO SE VA A ACABAR,Spain,6SkbzQSYMJzrmmDBEvbh0S,sensual,0.8005,0.9701,0.4788,0.7037,0.6926,0.6622,0.51,0.8742,0.972,0.7761
54,KAROL G,Si Antes Te Hubiera Conocido,Spain,73scB4Q4fcOmnsBVZPmk32,longing,0.7654,0.9796,0.3249,0.6016,0.5642,0.387,0.9656,0.4634,0.9788,0.8784
55,"Mora, De La Rose",AURORA,Spain,18m5dJOPB2geFwOymXNaWg,sensual,0.8447,0.9469,0.3576,0.1405,0.2087,0.0,0.664,0.4824,0.9943,0.4855
56,"Juseph, Quevedo",CHUOS,Spain,58l1aV1cOGrHMsm2j3GU2W,sensual,0.529,0.7097,0.5671,0.4499,0.3409,0.1794,0.3344,0.5212,0.9832,0.678
57,"LAJA, JC Reyes",SETEADORA REMIX (with JC Reyes),Spain,55ZSaezLr7fNrkLL0WCpOD,anger,0.1213,0.8647,0.0,0.924,0.9644,0.9487,0.1945,0.4907,0.8279,0.9742
58,"Rauw Alejandro, Bad Bunny",Qué Pasaría...,Spain,0l0vcZMU7AOeQmUIREoI2U,sensual,0.4293,0.9484,0.2031,0.5954,0.5342,0.2296,0.1852,0.9377,0.9895,0.8864
59,rusowsky,malibU,Spain,4uulymZhmebsjKedRaJ1gQ,heartbreak,0.8332,0.971,0.0,0.9915,0.9734,0.8896,0.1159,0.964,0.9018,0.8829
60,Taylor Swift,The Fate of Ophelia,Spain,53iuhJlwXhSER5J2IYYv1W,heartbreak,0.8548,0.8917,0.4806,0.9754,0.8572,0.7167,0.6854,0.8724,0.8773,0.7087
61,"SAIKO, SINAKA, Kennat, Benja Valencia",FLAITEERA,Spain,2mh6vP7zo6mDXXKLnpHLPt,sensual,0.2904,0.7112,0.0,0.5948,0.3044,0.327,0.0,0.2437,0.9471,0.6434
62,"Aissa, Rvfv, Kreamly",MUCHACHA,Spain,4rDCRcln8WCHWPRt0YTFLs,love,0.9741,0.9192,0.3034,0.4256,0.7653,0.3992,0.1468,0.1623,0.943,0.9722
63,RAYE,WHERE IS MY HUSBAND!,Spain,55lijDD6OAjLFFUHU9tcDm,lonely,0.807,0.9904,0.4645,0.7864,0.7887,0.7885,0.5919,0.9924,0.9813,0.7075
64,Omar Courtz,VAMOaCOCHI,Spain,1oghNMGW42IhtQPNU6leZz,sensual,0.8343,0.9625,0.3488,0.0,0.1208,0.0,0.363,0.7901,0.9845,0.3152
65,Danny Ocean,Me Rehúso,Spain,6ifUES3keWjwXgae8pXI3o,sensual,0.5289,0.6151,0.1699,0.4939,0.3833,0.2753,0.2021,0.4058,0.8709,0.2477
66,Bruno Mars,Risk It All,Spain,5y2ijHECwFYWqcAHKTZgzD,love,0.9434,0.9402,0.2861,0.0,0.2745,0.0,0.5861,0.119,0.8722,0.1524
67,Aitana,6 DE FEBRERO,Spain,6l18mUHOGVZRr5wTyITX0M,lonely,0.9966,0.9881,0.0,0.991,0.9535,0.9037,0.0,0.999,0.6385,0.8514
68,"Kabasaki, Zeno El Faraón, l0rna, Kristina",LA SACAPUNTAS,Spain,7mjWqfMjappj2v1Iw3rXeR,sensual,0.1661,0.8888,0.3862,0.2623,0.4865,0.1858,0.3364,0.2847,0.997,0.8507
69,Extremoduro,La vereda de la puerta de atrás,Spain,4kJP8Z888wREJ8bRMWNMuk,longing,0.6516,0.9344,0.1385,0.9142,0.7748,0.6799,0.2308,0.6856,0.876,0.6628
70,"Tainy, Rauw Alejandro, JHAYCO",ROSITA,Spain,4HyPxBQDLUnY3w7gukITrW,sensual,0.0,0.5545,0.0,0.1467,0.3359,0.0,0.0,0.6496,0.8274,0.6963
71,"Clarent, Omar Courtz",Scat Pack,Spain,4yWrEuYXr9YB1nHbuPxfUU,anger,0.4547,0.871,0.2868,0.5795,0.5271,0.2804,0.2355,0.3664,0.8811,0.9154
72,Bruno Mars,I Just Might,Spain,6f68Ac5tt5BQOpwr0BV9oN,heartbreak,0.6779,0.7762,0.1486,0.9105,0.5574,0.369,0.3083,0.0,0.8765,0.3443
73,Bad Bunny,Tití Me Preguntó,Spain,1IHWl5LamUGEuP4ozKQSXZ,heartbreak,0.8081,0.8692,0.0,0.9262,0.7401,0.8109,0.0,0.9194,0.7565,0.7201
74,Arde Bogotá,La Salvación,Spain,0txzIz1WcoAn6m07xypcD5,heartbreak,0.937,0.9748,0.1954,0.981,0.9045,0.4826,0.7586,0.5387,0.8644,0.3015
75,"Rawayana, Manuel Turizo",Inglés En Miami,Spain,3Y1xjjepdqMP141ipYCAqA,sensual,0.7855,0.9753,0.1842,0.9827,0.9407,0.8033,0.1793,0.928,0.9913,0.9671
76,"Romeo Santos, Prince Royce",Lokita Por Mí,Spain,2aG4AXf3TUtlmk4s9BLYDi,love,0.9903,0.9388,0.5023,0.0,0.1607,0.0,0.2578,0.1821,0.9597,0.4297
77,Omar Courtz,⁠LUCES DE COLORES,Spain,5dDlknAL9imbXXl7uG7oqe,sensual,0.6166,0.9734,0.6434,0.0,0.269,0.0,0.3572,0.5468,0.998,0.4336
78,Omar Courtz,SIRENA,Spain,75DhU4mfqAkkqsL7CiYWLa,sensual,0.7914,0.9903,0.2591,0.9097,0.7673,0.4071,0.5185,0.9903,0.9959,0.6754
79,"Yan Block, De La Rose, Hades66, Ñengo Flow",444 - Remix,Spain,5AK6QqM8aUXXTk6oY00ZRh,sensual,0.6919,0.9737,0.2927,0.6797,0.6577,0.5322,0.2093,0.8006,0.9764,0.7945
80,"Yan Block, TORRRES",Yo sé,Spain,5DdLSEyKh8zgCrJq2hFj92,sensual,0.1853,0.8727,0.0,0.8717,0.7735,0.6956,0.0,0.2822,0.994,0.8982
81,"Bad Bunny, Ozuna, Farruko, Arcángel, Ñengo Flow, DJ Luian, Mambo Kingz",Diles,Spain,6C1RD7YQVvt3YQj0CmuTeu,sensual,0.227,0.7566,0.2718,0.0,0.1666,0.0,0.1115,0.0,0.9948,0.5378
82,Manuel Turizo,La Bachata,Spain,3tt9i3Hhzq84dPS8H7iSiJ,longing,0.5162,0.9921,0.1218,0.9782,0.9423,0.6011,0.4571,0.8429,0.7993,0.8814
83,"J Balvin, Bad Bunny",LA CANCIÓN,Spain,0fea68AdmYNygeTGI4RC18,lonely,0.8145,0.9289,0.2435,0.9284,0.8183,0.7526,0.66,0.9619,0.8217,0.4781
84,Omar Courtz,L a k e n o s h i,Spain,6OoYmAP9oZtBiSomWpDTWP,sensual,0.2556,0.745,0.1525,0.2701,0.5768,0.1761,0.1073,0.0,0.9832,0.8528
85,Kapo,UWAIE,Spain,0fMjldiEpgjbWQ4bBQwVzH,sensual,0.9759,0.9755,0.6875,0.1239,0.0,0.0,0.4903,0.1743,0.9867,0.0
86,"Clarent, Mora",IA,Spain,7lcbpfihslisNObKdHjyLo,anger,0.147,0.7003,0.0,0.8805,0.721,0.7871,0.0,0.7854,0.5687,0.9182
87,Maluma,Borro Cassette,Spain,6DUdDIRgLqCGq1DwkNWQTN,sensual,0.9024,0.9485,0.2512,0.8802,0.7519,0.4656,0.1442,0.3218,0.9916,0.872
88,"Bryant Myers, Dei V, SAIKO",Duro Ma,Spain,0Ze1qv8LIgg5Y7Bu4jzXIo,sensual,0.6833,0.8811,0.3738,0.4925,0.5221,0.2916,0.1942,0.5901,0.9944,0.518
89,"Anuel AA, Haze",Amanece,Spain,1LiN0Z98FkR1t0m8KmLcAH,longing,0.8703,0.9768,0.2737,0.8919,0.6681,0.5376,0.1935,0.609,0.9738,0.8354
90,"Quevedo, La Pantera",HALO,Spain,58ldPuiCULxm08TCZ8qX4D,sensual,0.2299,0.6303,0.1006,0.3359,0.3789,0.162,0.1062,0.2698,0.9795,0.8326
91,Zara Larsson,Lush Life,Spain,1rIKgCH4H52lrvDcz50hS8,heartbreak,0.8825,0.7523,0.5462,0.9562,0.1866,0.0,0.1519,0.187,0.9189,0.235
92,Plan B,Es un Secreto,Spain,3KZCP2StVGdWkOKyRZNWA4,sensual,0.8752,0.9424,0.6731,0.0,0.0,0.0,0.7725,0.1035,0.9886,0.0
93,Dani Fernández,Me has invitado a bailar,Spain,3tMftGMXTPbQlmjh4FzXpZ,sensual,0.9633,0.9596,0.6803,0.2087,0.4256,0.0,0.7509,0.2055,0.9933,0.4033
94,The Police,Every Breath You Take,Spain,1JSTJqkT5qHq8MDJnJbRE1,lonely,0.9504,0.9929,0.1769,0.9902,0.9767,0.9458,0.2521,0.9932,0.8225,0.6221
95,Viva Suecia,El Bien,Spain,6IuZFiKCeyQINqL0Id3xF2,anger,0.0,0.1515,0.0,0.6235,0.4688,0.4218,0.0,0.3994,0.1909,0.6549
96,Mora,DETRÁS DE TU ALMA,Spain,2BvPMS2XWfnCpHHvWeOyeC,longing,0.6345,0.9582,0.0,0.8758,0.8282,0.4831,0.1721,0.5271,0.652,0.2028
97,Melendi,Fecha de Caducidad,Spain,3LTHhkihfdgYtQMUNJQBgv,lonely,0.9098,0.4833,0.2206,0.5474,0.1428,0.1577,0.3669,0.9627,0.4723,0.0
98,"Anuel AA, Daddy Yankee, Zion & Lennox, Farruko, Wisin",Sola (Remix),Spain,5q2JbCNi4FcnglgPfxcV65,longing,0.6892,0.9675,0.3512,0.9545,0.8627,0.7038,0.3658,0.9346,0.9342,0.8491
99,Juan Magán,Bailando por Ahi,Spain,6sHBvzRsuGunQTfCk18KXi,sensual,0.9112,0.9708,0.8548,0.9521,0.7642,0.106,0.323,0.5273,0.9939,0.4402
100,Bad Bunny,KLOuFRENS,Spain,4MUrUT38U98olfnyzMBCzm,heartbreak,0.9254,0.922,0.1677,0.9581,0.8746,0.6425,0.0,0.9514,0.5157,0.4619
101,"JC Reyes, Alba Moreno",DA LA LUZ,Spain,7JqZxa2Ibtf0lpJ5ANYSwH,unclassified,0.0,0.0,0.0,0.0,0.0,0.0,0.0,0.0,0.0,0.0
102,Fito y Fitipaldis,Por la boca vive el pez,Spain,24UStI5AYA7g5ufFDh3LH0,grief,0.8544,0.9671,0.1542,0.8529,0.984,0.7284,0.1685,0.7976,0.8594,0.2038
103,"Omar Courtz, Eladio Carrion",MOONLIGHT,Spain,2TOsEYW3J1miYhmEeI9yBW,sensual,0.9268,0.9772,0.8887,0.4131,0.4222,0.1344,0.2455,0.0,0.9951,0.4988
104,"PinkPantheress, Zara Larsson",Stateside + Zara Larsson,Spain,1DwscornXpj8fmOmYVlqZt,longing,0.7268,0.9839,0.17,0.7028,0.7868,0.6918,0.9605,0.8899,0.9242,0.8725
105,"JC Reyes, Hades66",BARRIO FINO,Spain,5IuFotpjpllXzv7eOLKeqb,anger,0.0,0.7628,0.0,0.3743,0.7623,0.3431,0.0,0.2968,0.9534,0.9685
106,"Yan Block, Panda Black",444,Spain,1o4xkdBe0RjSf2u6VXi4OI,longing,0.7907,0.973,0.1455,0.884,0.6835,0.5691,0.0,0.9255,0.9705,0.8506
107,"Omar Courtz, De La Rose",Q U E V A S H A C E R H O Y ?,Spain,0Sr7ssScx54yxdM2ols7nW,sensual,0.7743,0.9766,0.354,0.0,0.1787,0.0,0.2002,0.2246,0.9949,0.659
108,"Lucho RK, La Pantera",TOCATE SOLA,Spain,1ouj0AkMXny8V1su2tuoci,sensual,0.8499,0.9746,0.316,0.7962,0.781,0.287,0.4816,0.5518,0.9925,0.9073
109,Dei V,Te Capie,Spain,4WXVp5dzCDDaQjr4Ueukbm,sensual,0.8059,0.952,0.4495,0.0,0.4827,0.1252,0.3493,0.2909,0.9929,0.8261
110,Bad Gyal,Da Me,Spain,4ppQIsBpwNRKjOPPBZTgd0,sensual,0.0,0.6715,0.0,0.3029,0.7947,0.5555,0.0,0.0,0.994,0.9204
111,Extremoduro,Si te vas...,Spain,2x59pa3xDf8hHZ4N3f5fGQ,longing,0.7735,0.9747,0.0,0.7158,0.7414,0.4982,0.8312,0.9424,0.8852,0.4396
112,Chayanne,Bailando Bachata,Spain,2dK99lWPkBVwNen6gK1AtI,sensual,0.9544,0.9835,0.8069,0.0,0.3409,0.0,0.3002,0.4334,0.9891,0.181
113,Omar Courtz,UNA NOTi,Spain,61tC2eD62xjmkEX9FGEad7,sensual,0.6603,0.9753,0.0,0.5024,0.4754,0.2562,0.0,0.5585,0.9805,0.8981
114,Omar Courtz,SKY,Spain,52eJOGfsKEEkHrfZt6Kl3p,sensual,0.5031,0.9273,0.3255,0.512,0.3691,0.0,0.1305,0.2292,0.9624,0.4132
115,"Marshmello, Manuel Turizo",El Merengue,Spain,5KbBVSj6AJZ5662fO8EYFh,longing,0.9341,0.9747,0.1768,0.9546,0.8885,0.5541,0.1438,0.9545,0.7756,0.776
116,Alex Warren,Ordinary,Spain,2RkZ5LkEzeHGRsmDqKwmaJ,love,0.9969,0.9626,0.9183,0.5757,0.7099,0.8434,0.8303,0.1576,0.9738,0.5039
117,Siloé,Todos los Besos,Spain,2vSJKKmOEJQA5tr082p5XX,sensual,0.8917,0.7867,0.4497,0.6806,0.6438,0.2936,0.5506,0.0,0.9609,0.6117
118,"8belial, yyy891, JOHNNYFUU",YSL,Spain,10lwU4asYs565RmEkPWHn5,sensual,0.5562,0.707,0.3127,0.0,0.1967,0.0,0.163,0.1698,0.9749,0.5692
119,"Ya Ice Dilan, Rey Tony, Helabusador, JipMusic Global, Dj Honda",Dichavate,Spain,6Ab2trdJulkRRhaJ9zVGQa,unclassified,0.0,0.0,0.0,0.0,0.0,0.0,0.0,0.0,0.0,0.0
120,"Quevedo, Aitana",GRAN VÍA,Spain,2kQ1OvmMzs1xdlH020aJJh,longing,0.0,0.9715,0.0,0.6705,0.4805,0.407,0.2724,0.839,0.9426,0.6431
121,"JC Reyes, Dei V",FLIPA,Spain,1dnKyTHMBWzbYZ2LDXBefu,sensual,0.3023,0.7685,0.1154,0.0,0.3137,0.0,0.0,0.1419,0.9845,0.8299
122,Manuel Turizo,Por un Pendejo no se llora,Spain,4VPl3WGYKxQG8EVis7uLDt,heartbreak,0.6334,0.583,0.1259,0.7985,0.5656,0.2678,0.0,0.7068,0.5158,0.6331
123,Fito y Fitipaldis,Antes de que cuente diez,Spain,3xiNRrrVROKlHrflHGNTfG,heartbreak,0.9352,0.904,0.0,0.9472,0.7679,0.5319,0.0,0.8499,0.657,0.6596
124,Yan Block,111,Spain,2SPBFiD8iITb8CKJGz1TEQ,lonely,0.8891,0.9741,0.1142,0.96,0.8037,0.7413,0.0,0.9784,0.9324,0.7434
125,"Danny Ocean, Kapo",Imagínate,Spain,7ns16ylM6sbxo9ZWIwyE5d,sensual,0.5235,0.8129,0.3978,0.2047,0.1172,0.0,0.441,0.4442,0.8571,0.1078
126,Fito y Fitipaldis,Soldadito marinero,Spain,0eVborSuxUeSg0meWYd9dZ,heartbreak,0.2048,0.7778,0.0,0.9389,0.5868,0.4301,0.0,0.1333,0.772,0.2418
127,"Bad Bunny, Los Pleneros de la Cresta",CAFé CON RON,Spain,6VNXmo59yDYgcwLS17UNAW,sensual,0.0,0.6706,0.0,0.2802,0.4701,0.5538,0.1286,0.1082,0.7321,0.6141
128,"Mr Plata, El Americano 4KT",Las Muñequitas,Spain,4nJJCRYru4QQakCiUA155f,sensual,0.4198,0.8852,0.1638,0.5387,0.5822,0.2368,0.1735,0.6317,0.9628,0.7417
129,"Anuel AA, Bad Bunny",Hasta Que Dios Diga,Spain,06s3QtMJVXw1AJX3UfvZG1,sensual,0.6429,0.7215,0.4179,0.3431,0.4049,0.1517,0.3783,0.3974,0.7992,0.6896
130,Melendi,Caminando por la vida,Spain,47rUM6vGXo8gBGpeG5TuU7,longing,0.843,0.9365,0.4039,0.5155,0.6024,0.3258,0.6917,0.4382,0.8623,0.1533
131,Hades66,YO QUIERO,Spain,47sQ0h1xhlDWJ3nHbwYPrg,longing,0.0,0.9927,0.3398,0.2952,0.776,0.4684,0.1215,0.7266,0.9743,0.9753
132,"JC Reyes, De La Rose, MC Menor JP",NINFO,Spain,1CTTIrl42flqn1WYUoxl0H,longing,0.2149,0.9914,0.0,0.5153,0.45,0.4026,0.0,0.446,0.5968,0.5113
133,"La La Love You, Samuraï",El Principio de algo,Spain,10KB4HkYIpNOd0QhyohMre,longing,0.9217,0.9607,0.0,0.8539,0.6292,0.4001,0.0,0.6255,0.87,0.4599
134,Zion & Lennox,La player (Bandolera),Spain,0VKkyBKCXyR99navhVRqcP,lonely,0.3185,0.8276,0.2119,0.5219,0.4109,0.4816,0.2445,0.9677,0.9003,0.6889
135,Cristina Lora,2 PUÑALAITAS (de Andalucía),Spain,19FOoq7R0ULz8bamEpOprK,unclassified,0.0,0.0,0.0,0.0,0.0,0.0,0.0,0.0,0.0,0.0
136,Quevedo,Columbia,Spain,0uqt3MShCD4uYCIRNm6d4o,sensual,0.3725,0.4478,0.0,0.4332,0.338,0.103,0.2152,0.3662,0.5004,0.4255
137,"Camin, Rvfv",Golfista,Spain,2R0RvdGFAOCznsB85KN0f4,longing,0.0,0.57,0.0,0.0,0.0,0.0,0.4881,0.4226,0.5569,0.0
138,Omar Courtz,SUSU,Spain,6dWJciH0aK0TWiDvVmMUX6,sensual,0.9534,0.989,0.735,0.1389,0.3339,0.0,0.4269,0.628,0.9957,0.4084
139,Estopa,Como Camarón,Spain,1VB4sadHjFcFklHcZuoROi,anger,0.49,0.8819,0.0,0.9082,0.83,0.5994,0.0,0.1131,0.8449,0.9168
140,"Lady Gaga, Bruno Mars",Die With A Smile,Spain,7so0lgd0zP2Sbgs2d7a1SZ,longing,0.9794,0.9844,0.1561,0.917,0.7965,0.3927,0.0,0.2333,0.9156,0.0
141,Romeo Santos,Imitadora,Spain,6r46lnXFbE9fr2d3KNaGbe,longing,0.869,0.9871,0.1531,0.9763,0.9336,0.764,0.4137,0.9794,0.9753,0.895
142,Olivia Dean,So Easy (To Fall In Love),Spain,6sGIMrtIzQjdzNndVxe397,love,0.9767,0.7887,0.6937,0.0,0.1084,0.0,0.8132,0.1058,0.9477,0.0
143,Ozuna,Se Preparó,Spain,1m69ELEgE6k5ZWsap40ozt,heartbreak,0.6768,0.6518,0.3243,0.9626,0.7793,0.2872,0.294,0.2081,0.958,0.7759
144,"Omar Courtz, De La Rose, Haze",Kyoto,Spain,7eNwwoxDR8KVzNAuGvliAO,sensual,0.7694,0.9305,0.3473,0.3023,0.29,0.0,0.2781,0.677,0.9915,0.287
145,Olivia Dean,Man I Need,Spain,1qbmS6ep2hbBRaEZFpn7BX,sensual,0.8202,0.9604,0.4927,0.2884,0.2912,0.1998,0.8102,0.9045,0.9606,0.3285
146,Beéle,si te pillara,Spain,1C7NXX8UJ6pgNx8EkmyZDd,longing,0.4474,0.8733,0.3571,0.5186,0.644,0.4064,0.5645,0.4479,0.791,0.5938
147,Clarent,Enzaciao,Spain,0h0mWHM5SkpS9rcmGyBoox,sensual,0.1046,0.4864,0.2095,0.3239,0.3592,0.3156,0.2432,0.3888,0.5079,0.506
148,"Marc Seguí, Rauw Alejandro, Pol Granch",Tiroteo - Remix,Spain,4OwhwvKESFtuu06dTgct7i,longing,0.8418,0.9768,0.1164,0.9163,0.8297,0.6185,0.5463,0.8867,0.7595,0.5678
149,Melendi,Tu jardín con enanitos,Spain,6yCjU5j6YHbux2VQCBTTE1,love,0.9441,0.8807,0.3157,0.3215,0.2762,0.0,0.3296,0.3075,0.6113,0.0
150,Extremoduro,Stand By,Spain,6BxCmy6vGbuOckxg6YfQOW,longing,0.3378,0.9661,0.0,0.533,0.361,0.3138,0.0,0.7257,0.907,0.3832
151,Benson Boone,Beautiful Things,Spain,3xkHsmpQCBMytMJNiDf3Ii,longing,0.9097,0.9707,0.3246,0.7035,0.8138,0.4388,0.7875,0.5192,0.7183,0.1302
152,"Abraham Mateo, Ana Mena",Quiero Decirte,Spain,4Oc1qHsjM4kM0AARvlwSs3,love,0.9836,0.9697,0.1287,0.9602,0.9302,0.8204,0.9785,0.9676,0.8341,0.6372
153,"Feid, ATL Jacob",LUNA,Spain,7bywjHOc0wSjGGbj04XbVi,longing,0.7103,0.9914,0.2024,0.9845,0.9555,0.8998,0.1585,0.9805,0.9045,0.9727
154,"Bryant Myers, Anuel AA, Anonimus, Almighty",Esclava - Remix,Spain,2Mgur7BKnpr7OG3izSNFTA,sensual,0.3761,0.7495,0.2364,0.4707,0.4826,0.5564,0.1385,0.2492,0.9806,0.7961
155,"Midnvght, ROA, Mora, Eladio Carrion, Clarent, Finesse",Falsas Promesas (Remix),Spain,09djeJtz8wrtQFs5YtwgD4,unclassified,0.0,0.0,0.0,0.0,0.0,0.0,0.0,0.0,0.0,0.0
156,"Pepe y Vizio, Delaossa, KIDDO",El Patio,Spain,0PtLrH95CQ2lKf6pym5LmA,longing,0.513,0.9526,0.4342,0.5718,0.5703,0.0,0.7837,0.4872,0.9449,0.3209
157,"Maluma, Trap Capos, Noriel, Bryant Myers, Juhn","Cuatro Babys (feat. Trap Capos, Noriel, Bryant Myers & Juhn)",Spain,0JoHqmlqE0W0i9prt6kcHR,sensual,0.6281,0.8572,0.1439,0.7529,0.6225,0.7793,0.0,0.7585,0.9218,0.5224
158,"ROSALÍA, Björk, Yves Tumor",Berghain,Spain,2T8yuUKl1nhmtaIocqWo4i,longing,0.3981,0.9132,0.0,0.8723,0.6484,0.2138,0.0,0.1484,0.848,0.8979
159,Boza,Hecha Pa' Mi,Spain,3VvA1wSxukMLsvXoXtlwWx,sensual,0.6604,0.6937,0.3814,0.1132,0.0,0.0,0.2004,0.489,0.9479,0.1123
160,"JC Reyes, David Marley",CELOSA,Spain,0dLdgRj8l4N0rmAwDxIV1Z,despair,0.9755,0.9373,0.4192,0.9295,0.8796,0.9794,0.6054,0.8269,0.9195,0.8908
161,Fito y Fitipaldis,Me equivocaría otra vez,Spain,5SMdW9cbM4wTMMPI8Ck08a,longing,0.2053,0.9674,0.0,0.8832,0.4873,0.6054,0.0,0.9035,0.5853,0.4014
162,sombr,back to friends,Spain,7qjZnBKE73H4Oxkopwulqe,sensual,0.4331,0.9834,0.0,0.863,0.5823,0.6766,0.1248,0.7621,0.9926,0.4478
163,Los Delinqüentes,El aire de la calle,Spain,2PaETSKl3w3IdtLIbDnQXJ,sensual,0.3348,0.7841,0.1226,0.6719,0.4777,0.5181,0.0,0.2946,0.7998,0.6747
164,"Quevedo, Pitbull",MR. MOONDIAL,Spain,67LKV40NfSSGIJnm0xz6fi,sensual,0.8745,0.9205,0.6483,0.183,0.2247,0.0,0.704,0.6621,0.9894,0.1776
165,Teddy Swims,Lose Control,Spain,17phhZDn6oGtzMe56NuWvj,heartbreak,0.4637,0.9486,0.0,0.9816,0.7743,0.881,0.0,0.9153,0.7064,0.6283
166,Kapo,OHNANA,Spain,482PEx8hfMHSsuGtHd960A,lonely,0.8513,0.9645,0.4478,0.7764,0.8269,0.6811,0.2247,0.9892,0.9755,0.4257
167,"Mora, Bad Bunny, Sech",Volando - Remix,Spain,0G2zPzWqVjR68iNPmx2TBe,longing,0.9084,0.9746,0.1217,0.8257,0.6234,0.2215,0.2476,0.599,0.9668,0.4199
168,Romeo Santos,Propuesta Indecente,Spain,5PycBIeabfvX3n9ILG7Vrv,sensual,0.4378,0.7762,0.5505,0.0,0.344,0.0,0.1031,0.0,0.9956,0.2008
169,ROSALÍA,Reliquia,Spain,4ORvXsPK9AJmDzm36BYcdy,heartbreak,0.3487,0.7657,0.1213,0.8652,0.5557,0.0,0.2841,0.2338,0.721,0.1638
170,"JC Reyes, Pirlo",REMEDIO,Spain,63zeT81t627KKfZsC920QN,sensual,0.4466,0.5607,0.0,0.6199,0.4608,0.3871,0.0,0.3109,0.8883,0.8296
171,Pablo Chill-E,Resentia,Spain,2ANtIUI9cipWNI685VdlZb,heartbreak,0.4373,0.6597,0.0,0.6933,0.6273,0.5343,0.1543,0.505,0.4409,0.4963
172,"Bad Bunny, Chuwi",WELTiTA,Spain,5WEF0icHWmAZBBMglBd599,sensual,0.9637,0.9318,0.8597,0.0,0.0,0.0,0.8659,0.0,0.9917,0.0
173,Anuel AA,¿Qué Nos Pasó?,Spain,7k3qWn8D43a5ISa3x8lJux,anger,0.0,0.5996,0.0,0.7505,0.5793,0.443,0.0,0.3716,0.6019,0.8565
174,The Goo Goo Dolls,Iris,Spain,6Qyc6fS4DsZjB2mRW9DsQs,longing,0.9086,0.9849,0.1849,0.9385,0.8814,0.4034,0.0,0.6519,0.6912,0.0
175,Beéle,quédate,Spain,6VfL3MEuYeJbDlD8m011HR,longing,0.94,0.982,0.2165,0.957,0.8765,0.6019,0.2767,0.8553,0.9389,0.6352
176,Siloé,"Si Me Necesitas, Llámame",Spain,4DEdfr4plBy97DH4YPg4At,lonely,0.4599,0.8528,0.0,0.8564,0.7821,0.8351,0.0,0.8871,0.8582,0.8398
177,"Omar Courtz, BASSYY",GANTEL y BELLAKz,Spain,7cVS9dvpA6p2dIVibiGaso,sensual,0.3885,0.8885,0.2122,0.0,0.4528,0.0,0.5267,0.3017,0.9775,0.7884
178,"Sebastian Yatra, Manuel Turizo, Beéle",Vagabundo,Spain,68nZjz3bLH1MM0cURT1YVH,love,0.9719,0.8518,0.2148,0.5297,0.2587,0.0,0.2208,0.2468,0.826,0.1514
179,SAIKO,COSAS QUE NO TE DIJE,Spain,5xSt1wxZobFcLzHrFakv6z,longing,0.7169,0.8402,0.238,0.2636,0.277,0.0,0.4054,0.2366,0.6369,0.1266
180,"Eflexx, D.Valentino, Enry-K",Tititi,Spain,1V6EjrslcQOQrKgjrUvgi1,love,0.9497,0.8627,0.5197,0.1425,0.2726,0.0,0.406,0.0,0.892,0.1407
181,"Bad Bunny, Bomba Estéreo",Ojitos Lindos,Spain,3k3NWokhRRkEPhCzPmV8TW,sensual,0.5863,0.7735,0.2577,0.3631,0.2391,0.3007,0.0,0.3365,0.9414,0.2993
182,"Lauta, Amigo de Artistas, Tote",Puñaladas,Spain,4AL4EamHEBKPpdcFRkYdXN,sensual,0.9337,0.9692,0.4151,0.9662,0.8864,0.5732,0.1674,0.9093,0.9739,0.244
183,LAJA,SETEADORA,Spain,3jKrhSKDKOUlKYpNL12zjb,sensual,0.0,0.8063,0.0,0.7227,0.8422,0.7975,0.0,0.1235,0.8958,0.8606
184,Bad Bunny,MONACO,Spain,4MjDJD8cW7iVeWInc2Bdyj,sensual,0.7394,0.8604,0.5676,0.3518,0.6171,0.2669,0.3309,0.6033,0.9874,0.8342
185,"De La Rose, Omar Courtz",NUBES,Spain,5PPYg2Fa1fCkrRBv6vIeeU,sensual,0.8768,0.9745,0.3325,0.6484,0.596,0.3518,0.292,0.8909,0.9954,0.6374
186,Omar Courtz,M U S A E L E V Á,Spain,7vPsviPvbWsFd9VuftF5JT,sensual,0.245,0.7274,0.1666,0.3599,0.4634,0.0,0.5343,0.8287,0.9389,0.5226
187,"KAROL G, Feid",Verano Rosa,Spain,0nafF9MxcXJBQWv3BTKtdF,sensual,0.8483,0.9272,0.5164,0.4672,0.4646,0.2176,0.2441,0.6557,0.9938,0.8747
188,Omar Courtz,OUTRO,Spain,3nREMKR9AuM6AikqWwcAUA,anger,0.413,0.6661,0.2066,0.2886,0.3325,0.5059,0.0,0.1589,0.6074,0.6969
189,"ROSALÍA, Rauw Alejandro",BESO,Spain,609E1JCInJncactoMmkDon,sensual,0.969,0.9717,0.4842,0.6975,0.7887,0.2358,0.6455,0.7939,0.9836,0.3445
190,"SAIKO, Omar Courtz",LOKENECESITAS,Spain,1cQx85WypWumn7ZQjUxWQi,sensual,0.4113,0.7903,0.172,0.2164,0.2042,0.0,0.1836,0.1821,0.9421,0.4843
191,"JHAYCO, J Balvin, Bad Bunny",No Me Conoce - Remix,Spain,2beS6dD5rovBxSA1zYoSHR,sensual,0.4511,0.6982,0.3138,0.2017,0.42,0.2712,0.3259,0.4409,0.9073,0.6168
192,Ultraligera,Lapsus,Spain,5gaHUShVDYB2kn5s0xzIAi,love,0.9956,0.8491,0.0,0.9047,0.3147,0.1146,0.0,0.302,0.7012,0.0
193,"C. Tangana, Niño de Elche, La Húngara",Tú Me Dejaste De Querer,Spain,5ddFjrPG8NgQQ6xlOQIVd2,longing,0.475,0.8192,0.435,0.4976,0.4776,0.4539,0.2678,0.4294,0.7998,0.7127
194,Don Omar,Dile,Spain,69Ej1xrGjOcHvIMtMKxK0G,sensual,0.892,0.9414,0.2143,0.8754,0.7141,0.3928,0.7692,0.5395,0.9573,0.8899
195,Fito y Fitipaldis,La casa por el tejado,Spain,428cFrawSqeLoyooQjAW9d,lonely,0.5956,0.8447,0.3154,0.9108,0.7824,0.7199,0.3622,0.9613,0.7797,0.449
196,"Yapi, SOUNDPLUG",POR TI,Spain,3Ip1sc72P5uz8BUB9kb4QQ,longing,0.9175,0.9844,0.2308,0.9537,0.9091,0.5833,0.1635,0.8001,0.9685,0.9137
197,La Oreja de Van Gogh,Rosas,Spain,4waqcUQWdj0yH26STWl2Rq,hope,0.9425,0.9395,0.2479,0.9488,0.6602,0.4735,0.9546,0.9247,0.8849,0.169
198,C. Tangana,Mala Mujer,Spain,067QpM2xLhK24hTiovC3Zo,longing,0.0,0.9825,0.0,0.9396,0.9097,0.963,0.0,0.6564,0.9145,0.9006
199,Sabrina Carpenter,Manchild,Spain,2BwO5K8Q7EPAJSGze3AAh9,sensual,0.4798,0.8186,0.2315,0.8875,0.8501,0.804,0.4441,0.6034,0.9935,0.9415
200,"John Pollõn, TylerB",Vehículo longo,Spain,0GHaZd4ggGCx2RlMsDr9Vj,sensual,0.6602,0.9565,0.0,0.5913,0.4821,0.4657,0.1143,0.6149,0.9858,0.6903
