artist,title,spotify_uri,lyrics
"Ryan Castro, Kapo, Gangsta",LA VILLA,2ZyrAym0sRLwt4PhGotHuI,"Kapo, Ryan Castro, Gangsta
Qué chimba, SOG
The real combination one more time
Again and again and again

Yeah, ay, si quiere me busca', me busca' en un party
Si quiere me busca', me busca que aquí 'toy
Me gusta tu boca y la curva de tu body
Ven, bailemo', que ya casi me voy
Que suene duro ese vals y si entra el awoo
Mami, que prendan los flash
Yo no me voy de aquí si no tengo una peli black
Que escuche dancehall y tenga grande eso atrás
Un recuerdo, un flashback
Hasta sin joya' tú brilla'
Eso nuevecito, mamacita, cero milla'
Vamos todo el finde a parcharno' en la villa
Esto es secretico donde nadie nos pilla
Nadie nos pilla

Ay, una que baile dancehall el doctor me recetó
Su mini, mini, mini, mini a mí me hipnotizó
Sexy gyal, tú anda' suelta, mami, lo sé to'
Su mini, mini, mini, mini a mí me hipnotizó
Una que baile dancehall el doctor me recetó
Su mini, mini a mí me hipnotizó
Sexy gyal, tú anda' suelta, mami, lo sé to'
Su mini, mini a mí me hipnotizó

Llego to'a la mafia que convoquen las muñeca'
Hoy yo voy salido pa' la lleca
Vamo' pa' la finca después de la discoteca
No te haga' la santa, mamacita, que tú peca'
Oh, no, baby, don't go, vamo' a cogerlo slow
Siente la vibra escuchando este dancehall
Pero tenemo' algo pendiente tú y yo después de este show, awoo
Bye-bye, todos nos miran, pero chao
Bye-bye, conmigo estás chimba, no woman, no cry
Aunque yo ya sé que e' la que menos runfly
Bam-bam-biram, bam-bam

Ay, una que baile dancehall el doctor me recetó
Su mini, mini, mini, mini a mí me hipnotizó
Sexy gyal, tú anda' suelta, mami, lo sé to'
Su mini, mini, mini, mini a mí me hipnotizó
Una que baile dancehall el doctor me recetó
Su mini, mini a mí me hipnotizó
Sexy gyal, tú anda' suelta, mami, lo sé to'
Su mini, mini a mí me hipnotizó

Ay, me fascina tu style, me fascina tu style, arrebata
Hopi bo sanka, mami, me sonsaca
Y pon la mano en la pared
Así tal cual el doctor me la médico
Nada genérico, original, sin químico
Yo soy su Kapo, también soy su lollipop
Brilla mi lollipop, como estrella de pop, mami
Be-bebé, bye

Ayy, ay, ay
Bam-bam-biram, bam-bam
Tu booty smile
Ayy, ay, ay
Bam-bam-biram, bam-bam

Una que baile dancehall el doctor me recetó
Su mini, mini, mini, mini a mí me hipnotizó
Sexy gyal, tú anda' suelta, mami, lo sé to'
Su mini, mini, mini a mí me hipnotizó
Una que baile dancehall el doctor me recetó
Su mini, mini, mini, mini a mí me hipnotizó
Sexy gyal, tú anda' suelta, mami, lo sé to'
Su mini, mini a mí me hipnotizó

Yo, Gangsta"
Bad Bunny,BAILE INoLVIDABLE,2lTm559tuIvatlT1u0JYG2,"Pensaba que contigo iba a envejecer
En otra vida, en otro mundo podrá ser
En esta solo queda irme un día
Y solamente verte en el atardecer
Si me ven solo y triste, no me hablen
Si me ven solo y triste, soy culpable
La vida es una fiesta que un día termina
Y fuiste tú mi baile inolvidable
Y fuiste tú mi baile inolvidable
Eh-eh, eh-eh
Eh-eh, eh-eh

Mientras uno está vivo
Uno debe amar lo más que pueda

Pensaba que contigo iba a envejecer
En otra vida, en otro mundo podrá ser
En esta solo queda irme un día
Y ver pa'l cielo a ver si te veo caer
Si me ven solo y triste, no me hablen
Si me ven solo y triste, soy culpable
La vida es una fiesta que un día termina
Y fuiste tú mi baile inolvidable

No, no te puedo olvidar
No, no te puedo borrar
Tú me enseñaste a querer
Me enseñaste a bailar
No, no te puedo olvidar
No, no te puedo borrar
Tú me enseñaste a querer
Me enseñaste a bailar

Yeah-yeah-yeah-yeah, ey
Dime cómo le hago pa' olvidarte
Hay un paso nuevo que quiero enseñarte
En las noche' ya ni puedo dormir
Lo que hago es soñarte

No, no te puedo olvidar
No, no te puedo borrar
Tú me enseñaste a querer
Me enseñaste a bailar

Cómo tú me besabas, cómo yo te lo hacía
Cómo tú me mirabas, bellaquito me ponía
Se siente feo no tenerte cerquita
La nueva mama bien, pero no es tu boquita
Mi diabla, mi ángel, mi loquita
Mi diabla, mi ángel, mi loquita, ey

Esto suena cabrón
Vamo' a hacerlo otra ve'
Como anoche, como anoche
Tan, tan, ta-na-na, ta-na-na
Aprieta, chamaquito, aprieta
¡Ahí, ahí, ahí, vamo' allá!

No, no te puedo olvidar
No, no te puedo borrar
Tú me enseñaste a querer
Me enseñaste a bailar

Ay, yo con cualquiera me puedo acostar
Pero no con cualquiera quiero despertar
Solo con usted, con usted
Yo bailo con usted, na' más con usted
Un beso donde estés, donde estés, bebé

No, no te puedo olvidar
No, no te puedo borrar
Tú me enseñaste a querer
Me enseñaste a bailar

Y yo he tenido muchas novia'
Pero como tú, ninguna
Ya no tengo mi sol, me paso en la luna
Si te pienso, me tiro de una
Eh-eh, mi diabla, mi ángel, mi loquita
Mi diabla, mi ángel, mi loquita, eh-eh"
"El Bogueto, Yung Beef",Cuando No Era Cantante,6N2iccqxRInhTLHc2Fu3W0,"Jajajajaja
Jaja, QueHicisteBella

Como antes, baby, vamo' a hacerlo como antes
Como cuando no era cantante
(Antes de que yo me hiciera un gánster)

Mami, extraño tu olor, necesito tu calor
Ven, que yo te quiero hacer el amor
Escuchando de fondo La Mafia del Amor
Como lo hacíamos antes dentro de tu habitación
Mami, extraño tu olor, necesito tu calor
Ven, que yo te quiero hacer el amor
Escuchando de fondo La Mafia del Amor
Como lo hacíamos antes dentro de tu habitación

Como antеs, baby, vamo' a hacerlo como antes
Como cuando no era cantantе
Antes de que yo me hiciera un gánster
Antes de ponerte eso' implante'
Como antes, baby, vamo' a hacerlo como antes
Como cuando no era cantante
Antes de que yo me hiciera un gánster
Antes de ponerte eso' implante'

Deja de esconderte, vo'a salir a buscarte
Deja demostrarte que ya no soy el de ante'
Rico vo'a tratarte, lo nuestro, eso e' aparte
Vamo' a hacer deporte, después pa'l restaurante
Baby, vamo' a hacerlo, 'cerlo duro como ante'
Y si tú quiere', mañana puede' olvidarte
Y dale un beso a tu mamá de mi parte
Y si tú quiere', ya sabe' dónde encontrarme

Como antes, baby, vamo' a hacerlo como antes
Como cuando no era cantante
(Antes de que yo fuera un gánster)
(Antes de que yo fuera cantante)

Mami, extraño tu olor, necesito tu calor
Ven, que yo te quiero hacer el amor
Escuchando de fondo La Mafia del Amor
Como lo hacíamos antes dentro de tu habitación
Mami, extraño tu olor, necesito tu calor
Ven, que yo te quiero hacer el amor
Escuchando de fondo La Mafia del Amor (Prr)
Como lo hacíamos antes dentro de tu habitación (Ah, ah)

Ando por la calle, ando en el joseo
Tú sabes, mami, yo me cuido de los feos
Pendiente a ti, a las otras yo ni las leo
Extraño los perreos dándote de'o
Me tienes preso, ven, dame de eso
Eso a mí me dejó el cora ileso
Te juro que ha sido difícil el proceso
Ando con culos, pero, mami, yo te pienso
Y ahora soy un bandido, pero roto
Vamos pa' la Louis V, yo te la exploto
Ma', todavía tengo las fotos
Estoy loquito por romperte ese toto

(Mami, extraño tu olor, necesito tu calor)
(Ven, que yo te quiero hacer el amor)
(Escuchando de fondo La Mafia del Amor)
(Como lo hacíamos antes dentro de tu habitación)

Como antes, baby, vamo' a hacerlo como antes
Como cuando no era cantante
Antes de que yo me hiciera un gánster
Antes de ponerte eso' implante'
Como antes, baby, vamo' a hacerlo como antes
Como cuando no era cantante
Antes de que yo me hiciera un gánster
Antes de ponerte eso' implante'

Jajajajaja
Jaja, QueHicisteBella"
La T y La M,Soy Favela,3TfRpsYPQSXqqramSoWlNg,"¡Ay!

He caminado tantas calles pero no he encontrado a nadie que tenga toa' su belleza
Soy de un barrio humilde pero aún mi corazón se enamoró de esta Cenicienta
Ella de zona sur, bonita, ojos azul
Pero su padre es el problema
No importa mi color ni mi condición
Ella es la dueña de mi corazón

Hoy yo la voy a ver
Y voy a hablar de la verdad con ella
Hoy yo la voy a ver
Y voy a hablar de la verdad con ella, ey

Dile a tu padre que yo no quiero dinero
Quе yo tengo una riqueza y que еres tú
Si querés casar, me caso
Vamo' a intentarnos amarnos, mujer
Dile a tu padre que yo no quiero dinero
Que yo tengo una riqueza y que eres tú
Si querés casar, me caso
Vamo' a intentarnos amarnos, mujer

Cumbia, cumbia, cumbia
La T y la M, ja
¡Ay!

He caminado tantas calles pero no he encontrado a nadie que tenga toa' su belleza
Soy de un barrio humilde pero aún mi corazón se enamoró de esta Cenicienta
Ella de zona sur, bonita, ojos azul
Pero su padre es el problema
No importa mi color ni mi condición
Ella es la dueña de mi corazón

Hoy yo la voy a ver
Y voy a hablar de la verdad con ella
Hoy yo la voy a ver
Y voy a hablar de la verdad con ella, ey

Dile a tu padre que yo no quiero dinero
Que yo tengo una riqueza y que eres tú
Si querés casar, me caso
Vamo' a intentarnos amarnos, mujer
Dile a tu padre que yo no quiero dinero
Que yo tengo una riqueza y que eres tú
Si querés casar, me caso
Vamo' a intentarnos amarnos, mujer

Va"
Max Carra,UWAIE - versión cumbia,6UO9DhCUq4ZbQz7PXwelFV,
"Lauta, Amigo de Artistas, Tote",Puñaladas,4AL4EamHEBKPpdcFRkYdXN,"Si tu espejo hablara, te diría esto

Esa cara de ternura sé que esconde una atrevida
Solo quiero dedicarte lo que me queda de vida
¡Qué lindo!, ¡qué lindo!
Quiero darte alta noche y decirte buenos días
Cómo hago para que entiendas que vos me alegrás la vida
¡Qué lindo! (Ah)

Te ves tan linda arreglada
Vos con la almohada pegada
Un domingo a la mañana o un sábado por la noche
Coleccionando miradas
Bailando un toque entonada
Vos sos la piba soñada
Qué dolor no ser tu hombre
Duele como puñaladas (Ah)
(Es Lauta (Ah) con Amigo de Artistas)

Pero más me duele que tú no veas lo bonita que eres
Que a veces no te quieres
Si fuera por mí, te dedico mil atardeceres
Solo para que te quedes un ratito más
Porque algo se apaga cuando tú te vas
Cuando no estas aquí
Siento que te necesito
Eres mi lugar favorito
Pa' que bajarte la luna
Si verte a ti para mí es igual
Pero tú no lo ves (Woh, oh)
Mi enfermedad y mi cura
Me gustas tanto que me haces mal
Pero tú no lo ves

Te ves tan linda arreglada
Vos con la almohada pegada
Un domingo a la mañana o un sábado por la noche
Coleccionando miradas
Bailando un toque entonada
Eres mi chica soñada
Que dolor no ser tu hombre
Duele como puñaladas

Oh-oh, oh-oh (Ah)
Con el Tote
Oh-oh (Ah)
Esa cara de ternura sé que esconde una atrevida
Solo quiero dedicarte lo que me queda de vida
¡Qué lindo! (Ah), ¡qué lindo!"
Bad Bunny,DtMF,3sK8wGT43QFpWrvNQsrQya,"Eh, eh, eh, eh

Otro sunset bonito que veo en San Juan
Disfrutando de todas esas cosas que extrañan los que se van
Disfrutando de noche' de esas que ya no se dan
Que ya no se dan
Pero queriendo volver a la última vez
Que a los ojos te miré
Y contarte las cosas que no te conté (Te parece' a mi crush, jaja)
Y tirarte la' foto' que no te tiré (Acho, jura'o te ves bien linda, déjame tirarte una foto)
Ey, tengo el pecho pela'o, me dio una matá'
El corazón dándome patá'
Dime, baby, ¿dónde tú está'?
Pa' llegarle con RoRo, Julito, Krystal
Roig, Edgar, Seba, Óscar, Darnell y Big Jay, tocando batá
Hoy la calle la dejamo' 'esbaratá
Y sería cabrón que tú me toque' el güiro
Yo veo tu nombre y me salen suspiro'
No sé si son petardo' o si son tiro'
Mi blanquita, perico, mi kilo
Yo estoy en PR, tranquilo, pero

Debí tirar más fotos de cuando te tuve
Debí darte más beso' y abrazo' las vece' que pude
Ey, ojalá que los mío' nunca se muden
Y si hoy me emborracho, pues que me ayuden
Debí tirar más foto' de cuando te tuve
Debí darte más beso' y abrazo' las veces que pude
Ojalá que los mío' nunca se muden
Y si hoy me emborracho, pues que me ayuden

Ey, hoy voy a estar con abuelo to'l día, jugando dominó
Si me pregunta si aún pienso en ti, yo le digo que no
Que mi estadía cerquita de ti ya se terminó
Ya se terminó, ey
Que prendan la' máquina', voy pa' Santurce
Aquí todavía se da caña
Chequéate las babie', diablo, mami, qué dulce
Hoy yo quiero beber, beber, beber
Y hablar mierda hasta que me expulsen
'Toy bien loco ('Toy bien loco), 'toy bien loco ('Toy bien loco)
Cabrón, guía tú, que hasta caminando yo estoy que choco
'Toy bien loco ('Toy bien loco), 'toy bien loco ('Toy bien loco)
Vamo' a disfrutar, que nunca se sabe si nos queda poco
Debí tirar más f—

Gente, lo' quiero con cojone', los amo
Gracias por estar aquí, de verdad
Para mí e' bien importante que estén aquí
Cada uno de ustede' significa mucho para mí
Así que, vamo' pa' la foto, vengan pa'cá
Métase to'l mundo, to'l corillo, vamo'
Zumba

Ya Bernie tiene el nene y Jan la nena
Ya no estamo' pa' la movie' y las cadena'
'Tamos pa' las cosa' que valgan la pena
Ey, pa'l perreo, la salsa, la bomba y la plena
Chequéate la mía cómo es que suena

Debí tirar más fotos de cuando te tuve
Debí darte más besos y abrazo' las veces que pude
Ojalá que los mío' nunca se muden
Y que tú me envíe' más nude'
Y si hoy me emborracho, que Beno me ayude"
"Roze Oficial, Max Carra, Valen, RAMKY EN LOS CONTROLES",Tu jardín con enanitos,6X8DTIJEgHUjZynuds0E2f,"Con este tema, te voy a hacer viajar en el tiempo
Escuchá

Hoy le pido a mis sueños (Hoy le pido a mis sueños)
Que te quiten la ropa (Que te quiten la ropa)
Que conviertan en besos
Todos mis intentos de morderte la boca
Y aunque entiendo que tú
Tú siempre tienes la última palabra en esto del amor

Yo hoy le pido a tu ángel de la guarda que comparta
Que me dé valor y arrojo en la batalla pa' ganarla (Escuchá)

Y es que yo no quiero pasar por tu vida como las modas
No se asuste, señorita, nadie le ha hablado de boda
Yo tan solo quiero ser las cuatro patas de tu cama
Tu guerra todas las noches, tu tregua cada mañana
Quiero ser tu medicina, tus silencios y tus gritos
Tu ladrón, tu policía, tu jardín con enanitos
Quiero ser la escoba que en tu vida barra la tristeza
Quiero ser tu incertidumbre y sobre todo, tu certeza

Ja, esto es Roze
Otra vez, otra vez
Es la V y la V
Max Carra
Ramky en los controle’

Y hoy le pido a la luna (Y hoy le pido a la luna)
Que me alargue esta noche (Que me alargue esta noche)
Y que alumbre con fuerza este sentimiento y baile en los corazones
Y aunque entiendo que tú
Serás siempre ese sueño que quizás nunca podré alcanzar

Y es que yo no quiero pasar por tu vida como las modas
No se asuste, señorita, nadie le ha hablado de boda
Yo tan solo quiero ser las cuatro patas de tu cama
Tu guerra todas las noche' y tu tregua cada mañana
Quiero ser tu medicina, tus silencios y tus gritos
Tu ladrón, tu policía, tu jardín con enanitos
Quiero ser la escoba que en tu vida barra la tristeza
Quiero ser tu incertidumbre y sobre todo, tu certeza"
Bad Bunny,VOY A LLeVARTE PA PR,59D4DOkspUbWyMmbAPQkxZ,"Acho, PR es otra cosa
Yo la conocí en Miami, en Brickell
Ella sabe que aquí hay ticket
Quiere que yo se la aplique
Que pa' casa la trafique

Vo'a llevarte pa' PR, mami, pa' que vea' cómo es que se perrea
Tráete a tu amiga si te gusta la idea
Dile que esta noche vamo' a janguear
Que rico la vamo' a pasar
Aquí nadie se va a casar
Pero tú te va' a querer quedar (Ey, ey)

Aprovecha, quе estoy soltero (Ay), single
Míramе mal si quiere' que te singue
Te vo'a llevar pa' PR to' el finde
Despué' de mí va' a borrar Tinder
Y estoy suelto, mami, estoy suelto
Mírame ahora, perreando un experto
Estoy suelto, mami, estoy suelto, ey, ey, ey
Hoy la calle está prendía', hookah, pastilla molía'
Yo no pierdo tiempo, yo las cambio como ROSALÍA
La que me mira a los ojo' por cinco segundo' ya yo sé que es mía
¿Dónde están las mala'? Que son bienvenía'
'Toy puesto pa'l lío, dime si tú lía'
Tus amiga' y to' el corillo 'tán bien rica'
Pero ese culo tuyo, wow, sobresalía
Salimo' de la disco y estaba de día
Obviamente salí con la que quería, ey
Que viva la putería
Dale pa'trá', pa'trá', tan-tan, chulería, ey
Dime si te va' a montar, pa' la isla tengo el portal
Bien borracho' los tre', baby, a las do' me las vo'a llevar
Oh, oh, me quiere besar, ja, yo que la puse mal
Tírate fotitos ahora porque ahorita te vo'a despeinar
Yeah-eh-eh-eh-eh

Vo'a llevarte pa' PR, mami, pa' que vea' cómo es que se perrea
Tráete a tu amiga si te gusta la idea
Dile que esta noche vamo' a janguear
Que rico la vamo' a pasar
Aquí nadie se va a casar
Pero tú te va' a querer quedar, yeah

Yeah, sí, sí
Esto es PR, mami
Aquí nací yo y el reggaetón, pa' que sepa'
Ey, ey, ey
Voy cazando y muero perreando
Voy cazando y muero perreando
Voy cazando y muero perreando
Que bailen toa' las gata', nos fuimo' algarete
'Tás escuchando al que más le mete
Dale, mami, suéltate el grillete
Ponte en cuatro, que te vo'a dar fuete
Ponte en cuatro, que te vo'a dar fue—"
"El Bogueto, Anuel AA, Fuerza Regida, Yung Beef",Cuando No Era Cantante - Remix,2pbSCYzxrG0wa6qcj8IyiE,"Uh-uh-uh
How pretty that ass loo-oo-ooks
In the bedroom we turn off the li-i-ghts (Jajaja)
When I'm inside you scream ""uh-uh-uh"" (Jajaja, QueHicisteBella)
You go, ""uh-uh-uh""
Cutie, you only call when you're alone
When your parents leave you home alone
Nothing too extravagant
Not a restaurant, I'm an elegant cholo
And what would happen if we saw each other again?
To kill this desire to see each other
To give you those sloppy kisses

Like before, baby, we're gonna do it like before (Fuerza Regida; Real until death, baby; Bo-Bogueto)
Like back when I wasn't a singer (Real until death, baby)
Before I became a gangster (This is the remix; Anuel)

Mami, I miss your scent, I need your warmth
Come here, I want to make love to you
Listening to La Mafia del Amor in the background
Like when we used to fuck in your room
Mami, I miss your scent, I need your warmth
Come here, I want to make love to you
Listening to La Mafia del Amor in the background
Like we did before in your bedroom (The AA)

Like before, baby, we're gonna do it like before
Like back when I wasn't a singer
Before I became a gangster
Before you got those implants
Like before, baby, we're gonna do it like before
Like back when I wasn't a singer
Before I became a gangster
Before you got those implants

Fucking like before, don't come and complain afterwards
I think about you, and if I call you don't hesitate in picking up
I've seen that you've been looking for love in other places lately
But I step out of the Lamborghini (Oah) and you're gonna get wet (Oah)
I know, baby, baby, I know (Yo sé)
That you feel something in your pussy if you see me (if you see me)
I bought you Prada boots with Chanel perfume (Chanel)
She has a boyfriend, but I fuck her better than him (Uah)
I met her, I waited for her impatiently (I waited for her impatiently)
I fucked her because he wasn't treating her right (Real until death)
She was sad, I got rid of her depression (the depression)
Bitch drops it low, now she has me restless again

We're gonna fuck like it's 2012
With my Draco on top for back when I wasn't famous
I still remember the kilos hidden in my closet (Uah)
You were smoking while I was sucking on your pussy
We're gonna fuck like it's 2012 (2012)
With my Draco on top for back when I wasn't famous (famous)
I still remember the kilos hidden in my closet (Uah)
You were smoking while I was sucking on your pussy (pussy)

Like before, baby, we're gonna do it like before
Like back when I wasn't a singer
Before I became a gangster
Before you got those implants

Stop hiding, I'm gonna go out and find you
Let me show you that I'm not the same as before
I'm gonna treat you nice, me and you, we're different
We're gonna play sports, then go to a restaurant
Baby, we're gonna do it, do it hard like before
And if you want, tomorrow you can forget about it
And give your mom a kiss for me
And should you want to, you already know where to find me

Like before, baby, we're gonna do it like before
Like back when I wasn't a singer
(Before I was a gangster)
(Before I was a singer)

Mami, I miss your scent, I need your warmth
Come here, I want to make love to you
Listening to La Mafia del Amor in the background
Like when we used to fuck in your room

We're gonna fuck like back when I wasn't singing
When the packs weren't stacking up yet
Before I got swamped with groupies and fame
Like back when I wasn't anything yet
Before I filled my fucking neck up with diamonds  (Diamonds)
Mami, before you got those implants (-plants)
Back when you loved me, we used to fuck so good
Let yourself go one more time, if you want, then afterwards nothing

Like before, we're gonna eat each other like before
I'll put a diamond ring on you
Of your ass and of your heart I'm a lover (Brr!), baby, come before (El Bogue)

I'm out in the streets, I'm out hustling
Everyday I'm fucking some new ass
But the fame and the money don't fulfill me
Go and tell that guy you were fucking that he can suck me that bastard
I was loyal, you were my real until death
Please don't go, baby, don't let go of me
I want to fuck you on top of $100 dollar bills
For my girl something nice
I'll always be your forbidden love, your real gangster (your real gangster)
I'm at the top, but I can't fuck you
I'll buy you the block, an AP with diamonds
Before the world ends, let's do it like before (Uah, uah)

Mami, I miss your scent, I need your warmth (Real until death)
Come here, I want to make love to you (Real until death)
Listening to La Mafia del Amor in the background (Uah, Uah)
Like we did before in your bedroom

Like before, baby, we're gonna do it like before
Like back when I wasn't a singer
Before I became a gangster
Before you got those implants
Like before, baby, we're gonna do it like before
Like back when I wasn't a singer
Before I became a gangster
Before you got those implants

Fuerza
Brr, oye
Mera, tell me, Fuerza Regida
Bo-Bogueto
Mera, tell me, Bogueto
The AA
Mera, tell me, Yung Beef
Anuel, brr
Real until death, baby
Jaja, QueHicisteBella"
"Omar Courtz, Ñengo Flow",FOREVER TU GANTEL,1YAWMfsmduIrpqrjP45pFn,"Voy a darte duro, mami, pa' que lo sienta'
En las noche' frías sé que mi nombre piensas
Jajajaja
Bri-ba-ba-ba-bai-ba
Bellaquita, bellaquita
Real G4 Life foreva

Baby, por las noches tú me piensa', me pasa también (Mami, mami)
Yo siempre quiero ser quien te calienta (Forever), quien besa tu piel (Bri-ba-ba-ba-bai-ba)
Baby, vamo' a hacerlo como ante', cuando estábamo' bien (Mami)
Yo forever voy a ser tu gangster (Jajajaja), tú mi nena, bebé (Real G4 Life foreva)

Fore-Forever mi lova (Mi lova), yo nunca la dejo sola
Esa nena es mi gata, ella nunca me abandona (Yo)
Tengo el poder de erizar tu piel si te toco por la zona
Yo soy tu bandido, el que el corazón te roba
Una noche de placer es lo que la nena pide
Que le pongan música pa' que se motive (Ah)
Cuerpo con cuerpo la bellaquera coincide (Jajaja)
Me hace to' los truco' pa' que yo nunca la olvide, ma (Yo)
Forever mi gata, el que te toque, vo'a jalarle las pata' (Se va a morir)
Pensando en ti es que Ñengo se arrebata
Pone mis cancione' en la bocina pa' ponerse má' bellaca
De pasarla bien, eso se trata, ma (Es obvio)
Real G4 Life, baby

Baby, por las noches tú me piensa' (Uh-uh), me pasa también (Ma)
Yo siempre quiero ser quien te calienta, quien bese tu piel
Baby, vamo' a hacerlo como ante' (Jajajajaja), cuando estábamo' bien
Yo forever voy a ser tu gangster, tú mi nena, bebé (Jajajajaja; bellaquita)

Tú me piensa' cuando bebe', cuando fuma'
Cuando te sientes solita, cuando está' arriba 'e la luna
Yo sueno en las motorita', en los Can-Am y toa' las Chuma
Yo paso empeliculea'o en la nave por tu urba
Mami, ahí es que yo te robo-obo
Como yo te como, nadie te lo hace, hace
De tocarte, ma, te mojo (Mojo)
Chequea el piquete este, como que camino cojo
No es que yo esté bien cabrón, es que ellos to's son flojo', flojo' (Ey)
Mi-Mi bebecita yo me encierro en el cuarto con ella
La pongo a cerrar los ojo' pa' que vea la' estrella'
Cuando tú me mira' así, diablo, qué bellaquera
Está' escuchando al Ñengo con el de la nueva era
Y yo recuerdo tú y yo (Ah-ah) entrando en calor
La noche nos pedía, mami, sexo y sudor
En mi mente tus beso', tus pose', y tu olor (Eh-eh)
Tú todavía busca' a alguien que te lo haga como yo
Y son recuerdo', mi amor, entrando en calor
La noche nos pedía, mami, sexo y sudor
En mi mente tus beso', tus pose', y tu olor
Aquí me tienes solito esperando el call, mami (Jajajajaja, Real G4 Life, baby)

Baby, por las noches tú me piensa', me pasa también (Ma)
Yo siempre quiero ser quien te calienta, quien besa tu piel (Sí)
Bab-Baby, vamo' a hacerlo como ante' (Jajajaja), cuando estábamos bien
Yo forever voy a ser tu gangster, tú mi nena, bebé

Tú está' bellaca, y yo lo sé
Sus ojo' me están hablando
Si sigue como va, vamo' a terminar chingando, chingando
Lo sé, sus ojos me están hablando
Si sigue como va, vamo' a terminar chingando
Real G4 Life, baby
Orientando a las generacione' nueva'
Dime, Ousi
Bellaquita, bellaquita
Nosotro' estamo' poniendo los culo' a retumbar desde ante' de que ustede' nacieran
Real G4 Life foreva (Jajajaja)
Ousi
Ja"
Rels B,TU VAS SIN (fav),6uiQ0DqbXTBc8tl0AUKZkR,"Ve-Ve-Vente y no te quites, que tú vas sin
Me dijo un man, que tú eres mi señora
Se la tiro de que sí, y ahora le toca que sí
No tengo miedo si te tengo enfrente
Tirando labia, que yo voy pa'lante
Si yo sé que te las sabes todas
Siempre me sale en ""For you""
Yo la quería pa' mí, mi bebeci—, bebeci—

Una varita diseñó su cuerpo
Y la verdad, si está más buena, explota
Ella tiene el truquito, el pasito de baile
Yo me la pegué pa' que baile, me baile
Una varita diseñó su cuerpo
Y la verdad, si está más buena, explota
Ella tiene el truquito, el pasito de baile (Ey, yo)
Yo me la pegué pa' que baile, me baile

A mí me gusta que me tires corazones
Porque llevo tiempo detrás de ti (Yeah, yeah)
Yo quiero todo, quiero que tú te enamores, baby
Yo te quiero solo pa' mí, yeah, yeah
Bebé, en la calle todo' saben quiénes somos
Por eso que están mirando pa' aquí, yeah, yeah
Porque brillamos como bli-bling
Yeah, bli-bling, yeah, bli-ling (Ey, yo)

Vente y no te quites, que tú vas sin
Me dijo un man, que tú eres mi señora
Se la tiro de que sí, y ahora le toca que sí
No tengo miedo si te tengo enfrente
Tirando labia, que yo voy pa'lante
Si yo sé que te las sabes todas
Siempre me sale en ""For you""
Yo la quería pa' mí, mi bebeci—, bebeci—

Una varita diseñó su cuerpo
Y la verdad, si está más buena, explota
Ella tiene el truquito, el pasito de baile
Yo me la pegué pa' que baile, me baile
Una varita diseñó su cuerpo
Y la verdad, si está más buena, explota
Ella tiene el truquito, el pasito de baile
Yo me la pegué pa' que baile, me baile"
Bad Bunny,EoO,6J5kc12BW5HuP3d7C3vvx8,"Ella viene por ahí y nunca llega sola, so-so-so-so—
Ella nunca llega sola
To' los bandi-bandido' le sueltan las pistola', pa-pa-pa-pa—
Esta es noche lo que hay-hay-hay-hay-hay (Dice)

Perreo, baby (
Sobeteo, baby
)
Tra-tra, baby (
Hasta abajo, baby
)
En la disco, baby (
Yo te cojo, baby
)
Tra-tra, baby (
Tra-tra, baby
)
Perreo, baby (
Sobeteo, baby
)
Tra-tra, baby (
Hasta abajo, baby
)
En la disco, baby (
Yo te cojo, baby
)
Ey (
Tra-tra, baby
), ey (
Tra-tra, baby
)

Yo se la mamo y se pone contenta
Está wheeleá' y ya cumplió los 30
Después de las 12 no los cuenta
No la llame' en el jangueo si no quiere' que mienta
'Tás escuchando al número uno en venta'
Por eso con nosotro' nadiе inventa
Me siento como un bichotе en los 90
Lo tengo para'o, ven pa' que lo sienta'
Dale, mami, pégate (¡Ah!), vírate
Si me mira' mucho, sabe' que voy a besarte
Dale, mami, pégate (¡Ah!), vírate
Si te beso y me lo agarra', entonce' vo'a llevarte

Mira, puñeta, no me quiten el pe-pe-pe-pe-pe-pe-pe—

Mami, yo sé que tú te vuelve' loca cuando el perreo te azota
Pero obliga'o tú te acuerda' de mí si me ve' por ahí
Mami, yo sé que tú te vuelve' loca cuando el perreo te azota
Pero obliga'o tú te acuerda' de mí, de cuando te di

Perreo, baby, tra-tra, baby
En la disco, baby, vamo' a darle, baby
Hasta abajo, baby, no te quite', baby
Bellaqueo, baby, tú y yo solos, baby
Perreo, baby, tra-tra, baby
En la disco, baby, te lo meto, baby
Aquí mismo, baby, delante de tu baby
Te compro la BM y también el AP

Ey, te doy de'o bailando, mami, estoy testing (Dale), ey
Tráete a tu bestie (Uh), que a la do' le bajamo' el panty (Tra)
Tiene a 20 en lista 'e waiting (Dale)
Te lo tiro en la espalda, body painting (
¡Oh!
)
Rompiendo la calle desde los twenty
Anda cazando, no está dating
Rompe la calle siempre que sale
Mami, tú 'tá fit, vo'a lamberte lo' abdominale'
Rompe la calle siempre que sale
Me gusta' porque tú y yo somo' iguale'
Siempre queremo' perreo, -eo
Tú y yo 'tamo envuelto' en el bellaqueo
Cuando nos ponen perreo, -eo, ey
No me ronquen, cabrone', que acá no lo' veo

'Tás escuchando música de Puerto Rico, cabrón
Nosotro' nos criamo' escuchando y cantando esto
En los caserío', en los barrio'
Desde los 90 hasta el 2000 por siempre
Y ando con el mejor de to' los tiempo, Tainy
Y yo no tengo que roncar, ustedes saben ya
Yeah-yeah-yeah-yeah, yeah-yeah-yeah-yeah
Bad Bunny, baby, Bad Bunny, baby, eh
Tainy, Tainy, Tainy, Tainy
Chequéate la historia"
"Bad Bunny, Omar Courtz, Dei V",VeLDÁ,7d6yK8v8J484SWH5prIQiE,"Freaky girl
Freaky girl
Eh
Ayo, it's Ousi
Yeah-yeah
Dei V, Underwater
Freaky girl

You followed me and I followed you back
You gave me a like and I gave two back
Take that, the other day you put me in your close friends
That’s what you want, babe
I'm heading to the DMs, from the back, side, or front
You look amazing in all your pics
Baby, I'll give it to you now and later too
You posted a story nearby, I’m ready to walk over if I have to, eh
Ooh, babe, I want you to be my wolf
You've got me walking a fine line
Woah-oh, if we go underwatеr, you'll get wet
I'm gonna eat you up likе running a red light

And come on, get ready
Who's paying tonight? Babe, don't worry about it
You're coming, I'm going, just follow me
With that anime-style ass, babe, anime-style
Come on, get ready (Yeah)
Who’s paying tonight? Baby, don’t worry about it
Are you coming or should I come? Just follow me
This is what you've been waiting for
My flirty message

We’ll see if it's true (Ooh-ooh), eh
We'll see if it's true, we’ll see if it's true, we'll see if it's true
Baby
We'll see if it's true (We'll see if it's true), eh

Baby, you do it like you knew how (Like you knew how)
Even you would get turned on if you saw yourself through my eyes
Saw yourself through my eyes

Hey (Hey), you and I are gonna meet, we're gonna get to know each other
We're gonna dance (We're gonna dance), we're gonna drink (We're gonna drink)
We're gonna hook up (We're gonna hook up), then get it on
You're gonna get addicted, and this is gonna get wild
We're gonna end badly, yeah
Because I'm trouble
And because you're hot
But I've got my girls
The ones I don't let go of, but you're loose, yeah
But you're fr—, but-but you're loose, hey (Hey)
You're a pitcher, baby, but I grew up on the mound
You'll be dreaming of me after I eat you up
I'll roll up to your block, lowkey in the Tacoma
Or maybe in the Lambo, living a crazy movie life
Hey (Hey), check the AP, it's always on time
That's why no girl rushes me or tricks me
I'm ready to knock you up right now (Horny)

She showed up all wild, like a white girl in La Perla
Baby, this is Ousi, it's a pleasure to meet you
I'm with Bad Bo, with Dei V, and you're with your girls
And I don't know if it's the weed, but you've got
Those tiny little eyes like Don
I ran my tongue over you like sealing a blunt
Baby, you let loose with tequila and lime
That thing in the back, baby, it's huge, like a Yukon
Close your eyes and think of me
I'm drinking and blazing too
She wants a message that says, ""Come over""
I spend my time staring at that booty online

Baby (Baby), that ass belongs to a boss
And I've always wanted to be a boss
Let's go somewhere no one will notice
So when I hit it, hey (Hit it)

We'll see if it's true
We'll see if it's true, we'll see if it's true, we'll see if it's true
Eh-eh
We'll see if it's true, we'll see if it's true

Baby, you do it like you knew how
Even you would get turned on if you saw yourself through my eyes, saw yourself through my eyes (Eyes)

What? Baby, I heard you get things done
Who leads the new generation?
The multi-platinum league
Bad Bunny, Dei V, Omar Courtz
You know, your idols
You're probably wondering how they do it
You've gotta step it up, boom!

Hey, yeah-yeah
Hey
Close your eyes and think of me, hey
I'm drinking and blazing too
She wants a message that says, ""Come over""
I spend my time staring at that booty online"
"ROSALÍA, Yahritza Y Su Esencia",La Perla,4oVO4fGNRRvEn0CRuFO4qv,"Hola, ladrón de paz
Campo de minas para mi sensibilidad
Playboy, un campeón
Gasta el dinero que tiene y también el que no
Él es tan encantador, estrella de la sinrazón
Un espejismo, medalla olímpica de oro al más cabrón
Tienes el podio de la gran desilusión

La decepción local, rompecorazones nacional
Un terrorista emocional, el mayor desastre mundial
Es una perla, nadie se fía
Es una perla, una de mucho cuida'o

El rey de la 13-14, no sabe lo que es cotizar
Él es el centro del mundo
Y ya después, ¿lo demás qué dará?
Por fin vas a terapia, vas al psicólogo y también psiquiatra
¿Pero de qué te sirve si siempre mientes más que hablas?
Te harán un monumento a la deshonestidad

No me das pena, quien queda contigo se drena
Siempre se autoinvita, si puede vive en casa ajena
Red flag andante, tremendo desastre
Dirá que no fue él, que fue su doppelgänger

(Bueno, es que, claro, no referirse a él como icono)
(Sería para él una narrativa reduccionista, ¿me entiendes?)
Nunca le prestes na', no lo devolverá
Ser bala perdida es su especialidad
La lealtad y la fidelidad
Es un idioma que nunca entenderá
Su masterpiece, su colección de bras
Si le pides ayuda desaparecerá

La decepción local, rompecorazones nacional
Un terrorista emocional, el mayor desastre mundial
Es una perla, nadie se fía
Es una perla, una de mucho cuida'o"
Bad Bunny,NUEVAYoL,5TFD2bmFKGhoCRbX61nXY5,"¡
Nueva
 Yol
!

Si te quieres divertir
Con encanto y con primor
Solo tienes que vivir (
¿Pa' dónde?
)
Un verano en Nueva York (
¡Nueva York!
)
Si te quieres divertir
Con encanto y con primor (
¿Pero qué es esto?
)
Solo tienes que vivir (
¿Y este frío?
)
Un verano en Nueva York (
Un ratito na' má'
)

Ey, ey, ey, 4 de julio, 4th de July
Ando con mi primo, borracho, rulay
Los mío' en El Bronx saben la que hay
Con la nota en high por Washington Heights
Willie Colón, me dicen ""еl malo"", ey
Porque pasan los año' y sigo dando palo'
Vendiеndo disco' como cuadro' 'e Frida Kahlo
El perico es blanco, sí, sí, el tusi rosita, eh, eh
No te confunda', no, no, mejor evita, ey (Ey)
Un shot de cañita en casa de Toñita y PR se siente cerquita
Sí, sí, sí, tengo el campeonato, nadie me lo quita

The best in the world
Number one, the best in the world, ¿okey? ¡Puerto Rico!

¿Cómo Bad Bunny va a ser rey del pop, ey
Con reggaetón y dembow? Ey
Con reggaetón y dembow, sí
Con reggaetón y dembow
¿Cómo Bad Bunny va a ser rey del pop, ey
Con reggaetón y dembow?
Me siento como el Lapiz en ""Capea El Dough""
Cuando yo nací, fue que nació el flow
De la'o a la'o, ping-pong
Un flow pesa'o, Big Pun
Con silenciador les robamo' las gata', James Bond, ey
Yo estoy en la mía, no tengo adversario, no
Con Los Yankee' y Los Met', Juan Soto
A correr, que otra ve' la sacamo' 'el estadio (Ey)

Si te quieres divertir
Con encanto y con primor
Solo tienes que vivir (
Ya mismo nos vamo'
)
Un verano en Nueva— (
Un ratito má', un ratito
)

Shh, cuida'o, que nadie nos escuche
Shh, cuida'o, que nadie nos escuche
Shh, cuida'o, que nadie nos escuche
Shh, cuida—

Tú tiene' piquete, mami, yo también
Tú estás buena, yo estoy bueno también
Huelo rico y ando con los de cien
Si tú lo quiere', lo tiene' que mover
Tú tiene' piquete, mami, yo también
Tú estás buena, yo estoy bueno también
Huelo rico y ando con los de cien
Si tú lo quiere', lo tiene' que mover

Lo tiene' que move'-ve'-ve'-ve'-ve'-ve'-ve'-ve'-ve'-ve'-ve'-ve'
Lo tiene' que move'-ve'-ve'-ve'-ve'-ve'-ve'-ve'-ve'-ve'-ve'-ve'
Lo tiene' que move'-ve'-ve'-ve'-ve'-ve'-ve'-ve'-ve'-ve'-ve'-ve'
Lo tiene' que move'-ve'-ve'-ve'-ve'-ve'-ve'-ve'-ve'-ve'-ve'-ve'-ve'-ve'-ve'-ve'
Shh"
Beéle,no tiene sentido,1HEwEN64NjgTaHmo7LfkX8,"(¡Uh-wu-wu-wu-wu-wu-wu-wu!)
Baby, ¿Qué tú espera'? (Ah-ah)
Si tú y yo conectamo' la primera vez que nos vimo' a los ojo'
No hay manera (Óyelo), de que me olvide de esa piel canela
Quedaron secuela' de esa noche (Yeah, yeah)

Que tú y yo paramo' el tiempo
Frente a frente (Alright), cuerpo a cuerpo
Yo no sé por qué tan lejos, vo', ah-ah

No tiene sentido que con esto que sentimo'
Tú esté' por otro camino, no еs normal
Bebé, tú allá y yo acá
Eso no tiene sеntido, baby, si ya coincidimo'
Y un par de cosas vivimo', no es normal
Bebé, tú allá y yo acá
Eso no tiene sentido (No; wuh-wuh-wuh)
Eso no tiene sentido (No; aye)
No tiene sentido (No; alright, wu-wu-wu-wu)
No tiene sentido (Óyelo)

Dime, mami, ¿qué fue? ¿Qué se me hizo? (Uh)
Que hace tiempo no te localizo (Uh)
Manda ubi que yo te aterrizo (Wuh-wuh)
Te pienso y me erizo (Aye)
A tu nombre yo me desahogo
El video que hicimo' a vece' lo utilizo
Las ganas en el cielo y la ropa en el piso
Bebé (Bebé), hace tiempo que no te veo (Que no)
Que no me escribes (Que no), que no te leo (Que no)
Con mi mente a veces peleo (Que no)
Porque me dice (Que no) que me olvide, baby

Que tú y yo paramo' el tiempo (Tú y yo)
Frente a frente, cuerpo a cuerpo
Yo no sé por qué tan lejos, vo' (Alright, alright), ah-ah

No tiene sentido que con esto que sentimo'
Tú esté' por otro camino, no es normal
Bebé, tú allá y yo acá
Eso no tiene sentido, baby, si ya coincidimo'
Y un par de cosas vivimo', no es normal
Bebé, tú allá y yo acá
Eso no tiene sentido (No; wuh-wuh-wuh)
Eso no tiene sentido (No; aye)
No tiene sentido (No; alright, wu-wu-wu-wu)
No tiene sentido (No; óyelo)"
"La T y La M, Malandro",Amor de Vago,5MKbWaXeSQSmzmo7gPQha1,"El Malandro de América
La T y La M, perro

No es lo mismo un beso normal
Que un besito de los vaguito'
Un abrazo y bien despacito
Y con banda de ganas de amar
No es lo mismo un beso de vago
Que los celos de ese tontito
Porque sabe que estamo' al ritmo
Y tiene miedo de pestañear (Jajaja)
Sé que toda la cuadra entera (Toda)
Me tiene como el del problema (Ajá)
Y que si tu papá se entera (Tss)
Mamadera, la que me espera (-pera)
Y aunque yo soy un calavera (Jaja)
Día y noche en esa' veredas (Sí)
Para amar tengo mil maneras (Mil)
Mil poemas pa' vos, mi nena (Pa vo')

Abajo 'el foquito en esa esquina, acá hay fuego
Donde está la bronca y el bardo (Ahí)
Para ver si con vos la encuadro (Ajá)
Estoy tratando de agarrar Wi-Fi
Abajo 'el foquito en esa esquina, te espero (Ahí te espero)
Para darte el beso más largo
El verdadero beso de vago (De vago)
Que no vas a olvidar jamás (Ajá)

Es que me tiene loco su manera de mirarme
Cómo ella le hace pa' llegarme
Cómo lo hace tierno al amarme
Sus ojos marrones con la luna brillar
Segundeame hasta el mediodía
Hasta que abra la panadería
Pasamos el día con la flía, me rompo el asado y algo pa' tomar
Es que conmigo la pasas mejor, te pinté el día de color
Una cumbia, ritmo y sabor, unos besitos y un alfajor
Y si a tu mami la veo pasar, por vos le voy a preguntar
Yo me le voy a declarar, me vuelve loco tu caminar

Abajo 'el foquito en esa esquina, acá hay fuego
Donde está la bronca y el bardo
Para ver si con vos la encuadro
Estoy tratando de agarrar Wi-Fi
Abajo 'el foquito en esa esquina, te espero
Para darte el beso más largo
El verdadero beso de vago
Que no vas a olvidar jamás

Abajo del foquito
Frente al fueguito
Dos mil besitos
Y unos abrazos de madrugá'"
Airbag,Pensamientos,1H7ktqkQx1PIuPfNtqvaBs,"Oh-oh-oh-oh
Oh-oh-oh-oh

Esperaba que me digas
Lo que nos va a pasar
Si pudiera mataría
Por verte una vez más

De tu boca no salían
Palabras al azar
Como ves, ya no hay salida
No puedo escapar

Oh-oh-oh-oh
Y lee mis pensamientos, sabe lo que siento
Oh-oh-oh-oh
Y sexo y amargura en esta locura
Oh-oh-oh-oh
Hemos tomado tanto, no sé lo que hablo
Oh-oh-oh-oh
Y no quiero que te alejes
Que te alejes

Y pasamos todo el día
Tirados sin hablar
Nos dijimos las mentiras
Que quería escuchar

Esta noche está dormida
Tendré que festejar
Como vеs ya no hay salida
No puedo escapar

Oh-oh-oh-oh
Y lee mis pensamiеntos, sabe lo que siento
Oh-oh-oh-oh
Y sexo y amargura en esta locura
Oh-oh-oh-oh
Hemos tomado tanto, no sé lo que hablo
Oh-oh-oh-oh
Oh, prendido a tu cintura en esta locura
Oh-oh-oh-oh
Y tal vez en la mañana encuentre la calma
Oh-oh-oh-oh
Y no quiero que te alejes
Que te alejes

Y lee mis pensamientos, sabe lo que siento
Eh-eh, eh-eh-eh, oh-oh
Esperaba que me digas"
"W Sound, Beéle, Ovy On The Drums",La Plena - W Sound 05,6iOndD4OFo7GkaDypWQIou,"O-O-Ovy On The Drums
You're the apple of my eye, you
Are everything I want
A beer to quench the thirst? Nah
Better to be kissed by your little mouth, my love
Temptations like you
Deserve sinners like me
Oh, if you want it, just give the signal (Aye)
You know I won't say no

Ay, you've got that magic
You really have that little something I love, it drives me crazy (Ay-ay)
Sleeping with you was love at first sight, when you danced like that
On the neck, kisses and tongue, I know you love it, it drives you crazy
I know you love it, it drives you crazy
And sometimes

Ooh, ooh, ooh (I know you love it, it drives you crazy)
Ooh, ooh, ooh (For real)
Ooh, ooh, ooh
Ooh (Listen), ooh, ooh

Hey, the thing is that ever since I saw your face
I fell in love with all of you, you've just got that something and I don't know what it is
I feel like the same thing happens to you when I look at you
What do you say, we chill and watch the sunrise together? (Prra)
I wanna do everything, I want you to be my everthing
I tell you, ""Rub it, go ahread,"" and then she comes and rubs it (Ooh-ah)
Let's meet up later
If you don't like hell, why you flirting with the devil?
And she, a cutie from Medellín, and I'm from the coast, a coleto
I press her close on a single tile
To keep it real with you, no fake stuff
It's clear you're pure poison

Ay, you've got that magic
You really have that little something I love, it drives me crazy (Ay-ay)
Sleeping with you was love at first sight, when you danced like that
On the neck, kisses and tongue, I know you love it, it drives you crazy (Ooh)
I know you love it, it drives you crazy
And sometimes

Ooh, ooh, ooh (I know you love it, it drives you crazy)
Ooh, ooh, ooh (Listen, for real)
Ooh, ooh, ooh (I know you love it, it drives you crazy)
Ooh, ooh, ooh

Beéle
Ovy On The Rasta Drums
W Sound
Aye
Alright"
Milo j,Niño,4aDbrgm1ZaebS1Bb2dOXac,"¿Cómo estarán en la ensenada, el viejo ceibal
Los jazmineros y orquídeas en flor?
Donde cantó dulcemente el zorzal
Quiero volver a contemplarme en tus ojos cambá
Y que me beses como te besé
Bajo la sombra del jacarandá

Niño, apoyate en mis recuerdos, intentá dormir en paz
Siento el peso en tu conciencia por el llanto de mamá
Vi que el miеdo al abandono no te deja respirar
Siеnto el nudo de tu panza cuando te hablan de papá
Niño, haz las paces con la vida, no es de piedra el pastizal
La nostalgia de tu antes no te deja caminar
¿Quién mató tu sonrisita de ilusión y de bondad?
Sé que te querés dormir pa' no volver a despertar

Amor, no llores, veo luz en tus males
Siguiéndote el corazón, bailando en un canto de zorzales

Niño, soy un hombre con tristeza, sé del peso en tu verdad
Escaparte por robar porque robás para cenar
Vi tus dedos en el barro con olor a libertad
Sé que te querés dormir pa’ no volver a despertar
Por el mundo vas de pillo con alma de caramelo
Vi la vida en tus nudillos y su odio en tus hoyuelos (Ah, ah, ah, ah)
Le rezaste a unos amigos, pues no todos van al cielo
Pero vos sos un grial

Amor, no llores, veo luz en tus males
Siguiéndote el corazón, bailando en un canto de zorza—
Amor, no llores, veo luz en tus males
Siguiéndote el corazón

Hijo, me robaron tus ojitos los momentos que perdí
Pedí tiempo a mi destino, y dijo: ""Hoy te toca a ti""
Sé que un día serás grande, sé que un día entenderás
Los consejos de tu viejo, estoy descansando en paz"
"PEDRO SAMPAIO, Emilia, MC Meno K, Melody",JETSKI - Remix,7z26frY6O7BXwyjeqzYo7W,"Te gustará cómo nuestros cuerpos chocarán
Bajo el agua, nadie lo sabrá
Safado conmigo
Que sean las olas las que escuchen mis gemidos

(Encima, encima) Encima del jetski, vo'a rebolar pra vos
(Oh-oh-oh)
Nessa onda sexy, te dejo maluco
(Oh-oh-oh)
Em cima do jetski, vou rebolar pra tu
(Oh-oh-oh)
Nessa onda sexy, te deixo maluco (Deixa sim, hahaha, deixa sim)
(Oh-oh-oh)

PE-DRO SAM-PAI-O, ¡uh!

Es de Vidigal, fala en portugués
Me subió al jetski, fuerte lo agarré
Él me pone mal, lo hace tudo bem
Hoy me voy a ahogar, boca a boca sálvame
Dame un—Dame un besito, brasilero exquisito
Un videíto, material inédito
Cuando todo me quitó, se desquitó
Te quiero todo mojado, no se quitó (-tó), no se quitó

Tu gosta, né? (Uh-huh) De correr perigo
Gosta, né? De um sexo proibido
Só quem vai ver sou eu e os golfinho'
As onda' batendo, ai, que delícia o barulhinho

(Encima, encima) Encima del jetski (O quê?), vo'a rebolar pra vos (Ah)
(Oh-oh-oh)
Nessa onda sexy (Uh), te dejo maluco (Deixa sim, hahaha, deixa sim)
(Oh-oh-oh)
E-e-e-e-e-em cima do jetski, vou rebolar pra tu
(Oh-oh-oh)
Nessa onda sexy, te deixo maluco
(Oh-oh-oh)

Melody
PE-DRO SAM-PA-IO, ¡uh!
Oh
É o K na voz

Ay, yo lo empiezo a rebolar
Piensa' que soy brasilera y vengo de Argentina
Nadie se compara con una latina
Y quiero más

Encima del jetski
No paro de rebotar
No paro de rebotar
No paro de rebotar
Encima del jetski
No paro de rebotar
No paro de rebotar
No paro de rebotar
En-en-encima del jetski

De jet, no jet, ela bota a boca e vem no mete
Se pá, tu não vai ter um match, repete o que eu vou falar
Vou colocar, colocar, colocar, vou botar e tu vai tomar
Vou colocar, colocar, colocar, e-e-encima del jetski
Vou colocar, colocar, colocar, vou botar e tu vai tomar
Vou colocar, colocar, colocar, e-e-encima del jetski"
La T y La M,No Se Va,1Zh6HllrXT0Khrwk2j3TrZ,"Te convertí en una reina pa' cualquier rey
Eres la unica ley, que nadie puede romper

Llendo sin razón del tiempo voy con las neon cegando la ciudad
¿Ma' cuanto hielo hace pesar mi cuello y cuantos locos creyendo tener autoridad?
Los escucho hablar entre paredes escupiendo mierda banal
¿En que realidad estan? no lo sé, yo sigo con mi cualidad
Pero como si me importará, tengo obras bailando y gozando en las esquinas de los continentes
Desde aca la vibra se siente, por algo varias caras me desean la muerte

Dream team
Dream team
No pueden frontearnos
Dream team
Ah, el dream team
Niño tranquilo, convertido
En un fenómeno, ah, muy intensivo
Causó estragos, palo por palo
Y ahora todos, ah, siguen sus pasos
Buscan un caso, pa' aclarar tantos
No hay jurado, sigue negado
Esta elevado, potenciado
Salió del barrio, ahora e' empresario
Va po'el camino, millonario
No va armado, va sobrado
De talento, hombro cargado
Tiene su tambor, su vocablo
Y se ha armado, desarrollado, su
Dream team
Dream team
No pueden frontearlo
Dream team
Ah, el dream team
Dream team
No pueden frontearlos
Dream team
Ah, el dream team
Categoría cinco, las barras y flow
Mi whole squad en posición
Listo pa' entablar evolución
Cerrando contratos, dos de cuatro
Las vidas de mi equipo rozan el millón
¿Y después del millón?
¿Qué más llegara? ¿Acaso el billón?
Soñando con trillón, equipo ganador, mundial el escuadrón
Muchos buscan el truco pero se multiplica cada ve' que pisamo' el acelerador
Ellos quieren frontear, les falta condición
Cuesta abajo, sin frenos
Constamos de lo necesario en nuestras manos pa' crear la revolución

Esa' jaurías de detectives no encuentran formas, ey
Le hacen ganar valor pegándose entero a mi slogan, qué
Preguntádome por en que precio se torna, yeah
¿Cuánto empoderamiento tiene lo mío en tu zona?, sí
Trampas caen en coma y perros besan la lona, eh
Este loco, mal del coco, a todos impresiona, yeah
Cómo aplica y acciona e interacciona en cualquier zona
Grabó y saco un palo en 20 y se olvidan como reaccionar
Mi trap prendido fuego como los bosque' de Arizona, yeah
Por mi no me molesta que se peguen a mi rola, ey
Yo sigo dominando con correa las horas, yeah
Por el globo estoy movilizando par de olas, ey
Enjaular los presidentes sea peso, euro o dollar, yeah
Gasto energía y duermo sin romper un Clona, yeh
Lo mío sube y sube y para ellos es solo moda
Pero darán a entender, que para cuellos sobran sogas

Aceleramos los tempos en tiempos lentos
Contra el viento, en cada momento, estamos en lo cierto
Mis blancos saben como partir el cemento
Desde los cimientos, bandidos de nacimiento
Es correcto que lo incorrecto sea no ser como el resto
Porque manejamos de otra manera nuestro temperamento
Ma' neggo, ma' fuego, dale ma' candela al juego
Que la performance ya la tenemos desde luego
Con la cara a transpirar y con los huevos bien puestos
Salimos a jugar aunque nos juegue en contra el viento
Miento, si digo que no puedo partirlos en contexto
Vengan de a uno, así anulo, to' su nexo

Pase años buscando el tiempo
Ideas y el momento pa' empezar a modelar
Siempre buscando todo' esos tempos
Que hagan que mis barras empiezen a volar
A pico y pala puliendo mi forma, gane experiencia
Con lo que hago, gano por excelencia
Con esto vuelvo a poner a prueba a la ciencia
No todo' es como piensan
Con la forma que rimo, me visto y me muestro al public no soy de este planeta
Aún sigo bajando la cresta, ¿que tanto les molesta?
Sigo siendo el mismo de ante' solo que con más opciones para una respuesta
Sigan fronteando dando el papel de payaso que nadie va sacar el ticket
Ustedes siganme nombrando que yo ando ocupado aplicando mafia en el business
Muchas cosas se hablan, pero nadie la encaja, nadie dice la verdad, no me sirve
Busquen otro pa' su vicio que yo si entro puedo dejar sus carrera' en declive
Si tanto lo desean, que vengan que voy sin suerte
Traten de encadenarme con ella haber si pueden
Se que no podran, el truco no lo tienen
¿Cuantas caras se caen por querer detenerme?
Fuck eso' rappa' y su beef, conmigo no intenten
Que ando loco de lunes a viernes
Y los findes lindo como para hacer que lo suyo me interese
Haciendo cosas que a otros les duele
Porque no les sale o no sé pero que les queme, yeah
Tanto loco' en la vida y yo siendo uno ma' de la especie, ah
Su beef un fin de semana como pa' mirar farandula en la tele, fuck

Desde lo más profundo de mis pensamientos
Buscando alzar mi nombre a lo cuatro' viento'
Perdón si no quiero ser lo que mi mama quería hace tiempo
Voy buscando lo mío, el sobre esta expuesto
Entre mil lamentos busco como estar contento
Lo siento, no me sale lo de ser perfecto
Volando en ritmo lento, 90 de tempo
Multinacionale' que buscan un puesto
Y yo que me muestro expuesto
En el centro del mar abierto
Pero no voy a vivir en la boca del resto
No me importa si se me va la oportunidad de tocar el cielo
Con la mierda que hago ya me siento que voy en pleno vuelo
Chupasangre no, ma', fuck todo' eso' sello'
Sin make up sueno bello, aunque me vea feo
Me río en la vida viendo lo que dicen ello'
Pasa mi nombre en mano en mano hasta su cuello
Entre boca a boca luego lo vomitan al suelo
Me cansé de ser el segundo o el tercero
O voy más que nunca a quedarme primero
Sigo con mi' ojo' aunque este rodea'o de un par de cuervo'
Apuesto al doble sin jugar y aún me quemo con fuego
No busquen duelo, no le voy a dar el gusto
Solo soy yo contra mi disgusto
No me oculto, muestro lo que soy pa' ser justo
Si no te agrado pues no me parecera fortuno
Esta todo bien, el Dios y el Diablo no van en conjunto

Poseen buena dirección, caja de transmisión
Pero con la suspensión tienen dudas, entran a mi pista y no clasifican
Pierden el tiempo, buscando ese tiempo de vuelta que yo se que no lo van a encontrar
Quieren manchar mi distintivo, pero soy un distinto, siempre encuentro como hacerlo brillar
Tanto loco' frustados, a mi trap están pegados, y no lo pueden nisiquiera imitar
Ni menos sacar, loco hijo de puta que me vinieron a probar
Top 3 o 5 en la liga, lo' miro de arriba, par de números abajo, estoy por encima
Se mueren por ser como yo, por ser lo que soy, pero Tekay hay uno y eso no va a cambiar
Cargo trucos especiales, engranajes mortales
Pistones esenciales, aca no hay con que jugar
Presidentes muertos en la bodega
Y un par de blancos que aprenden de papa
Tengo un team de oro que quema la hoguera
Y otro par de blancos que quieren verme bajo tierra
 (Inspirado en ""Run It Up"" de Lil Baby ft. Offset)
Cuidandome de lo' halcone' en el cielo
Par de luce' en el centro del ghetto
El plug sigue en pie bajo el criterio
Lo' azule' vinieron en busca de premio
No vivi ni vivo en la boca del resto
Escupir banal es bueno para ellos
Zona sur, G.B.A, es mi templo
Del barrio a lo' estadio, mi trofeo
Bandanas recorren todo area metro
Mis blancos decididos a mostrar lo nuevo
 (Inspirado en ""Been A Long Time"" de Mustard ft. YG & Ty Dolla $ign)
Oiga nena, ¿cuál es su nombre?
Los bajos no aguantan presión
Que acción hay en su cuerpo
Poco a poco se adueña del dance floor
Oiga nena, ¿cuál es su nombre?
Los bajos no aguantan presión
Que acción hay en su cuerpo
Poco a poco se adueña del dance floor
Oh, damn, underground
Si te lo pido tú lo haces, twerk it down
¿Cómo es? Lo baja suave
Me va dejando poco a poco sin aire
Una salvaje, mamichula, con ella no puede nadie
Una tiger, mata blanco' por un precio deseable
Les gustan leales (Yeah), no cobardes
Odia lo simple, es fan de las complejidades
No quiere igualdades, pero si verdades
Mas vale no caerle tarde
Puede que se alarde
 (Inspirado en ""Deadz"" de Migos ft. 2 Chainz)
Estoy en el espacio
Estoy en el espacio
Avancemos despacio
Que estoy en el espacio
Uh, estoy, fuera del system
Uh, estoy, fuera del system
Uh, estoy, fuera del system
Uh, estoy, fuera del system
Uh, estoy, fuera del system
Uh, estoy, fuera del system
Cuento presidentes
Muertos, no pain no flex

Disfrute todo este tiempo rapear sobre varios ritmos
En viajar sobre esos ciclos formando mi propio estilo
Mientras perseguía mi sueño el cual pensaban que era un mito
Y deje lenguas malas mal paradas en el mal camino
Buscando entre mis letras porque el mundo esta podrido
Dos polos opuestos con una opinión sobre lo escrito
Un soldado mal herído, su familia aún en el nido
Preocupados por eso que tanto aman caiga en el olvido
Rezen por mí si no quieren de mí un último grito
Aún me sobran ideas pa' sustituir mi himno
El circo de mis crías aún sigue con sus actos
Siguen bajo mi ala por miedo al orfanato
La escasez les pesa y no pueden pasar el rato
Pero no puedo limpiarlos, siguen los restos en mi plato
Agradezcan que soy yo y no soy cualquier otro forro
Ese idioma es conocido, se escucha y no se los cobro
El contorno de sus temas esta libre y deja hollos
Si andan buscando pruebas, la evidencia en sus escombros
Dirty trap under, combo de rap y flow en linaje
Hay desniveles en su pista, guarda el sobreviraje
Ejecuten bien su acción para evitarse contraparte
Abstenerse el que declare si ven que uno 'e lo' mío' falle
Las reglas fueron claras desde la primera parte
Fuck them, la mierda que ingieran y la que se traguen
Yo siempre estuve ahí cuando no estuvo nadie
Yo siempre brinde amor cuando todos buscaban odiarme
Se muere quien te delata y vive quien te salve
Los demas buscan fama, pero lo' mío' están en el sample
Entrax acelerando el beat, pisandolo cual McLaren
Pronto todos nos encontraremos en el mismo lado
Nuestro gran arte hoy vive pero será un simple decorado
Nuevas generaciones vienen pa'l punto final y el cambio
Como Dr. Dre dijo: ""Prepararse para no estar más pegado""
Pegarse es algo lindo pero el despegarse es algo hardcore
No todo dura para siempre, eso esta de más aclararlo
Es un lucha interna en la que hay que dejar molerse a palos
Pero puede haber excepciones si se hace algo extraordinario
Algunos aún no pierden el toque, otros siguen de pura suerte
Yo no tengo una explicación y supongo que otros tampoco la tienen
 (Inspirado en ""East Coast REMIX"" de A$AP Ferg ft. Snoop Dogg, Rick Ross, French Montana, Dave East, A$AP Rocky & Busta Rhymes)
Mis ojos no negocian con el sol
No se vos, pero yo, se que no
Asique so, dame dos, golpeo shots
Una hoe, en cuatro, en el cuarto
Quiere flow, le doy flow
She want more, she want show
Give me some, número
Babe you know, what I'm talk
Dale beba prende y pasa que se acaba hoy
 (Inspirado en ""GATTI"" de JACKBOYS, Pop Smoke & Travis Scott)
Como si estuviese en el hood (Yeah)
Voy escapando de los blues
Pajaros llegan al sur, y yo con a— (Woo)
Aleja tus mentiras 'e mi cara, babe
Dime girl, ¿cuanto hice yo por usted? (Usted)
Yo le dí una chance y volteo el tape
No pretendas conmigo intentar volver (Let's roll)
Necesitas un hombre, no un ruin (Okey)
Te volvíste alguien débil (Débil), ya no puedes ni fingir
¿Cómo te volviste tan vil?
Tengo otra que parte el beat (El beat)
No quiero saber más de tí (De tí)
Lo tuve que hacer por mí (Por mí)
Oh, me cuide Dios, porque yo
No, no puedo, como voy, 2-0
Vuelvo al ruedo, al juego, again
Report, de sur a' nor (Nah-nah-nah-nah-nah)
 (Inspirado en ""Pray 4 Love"" de Travis Scott ft. The Weeknd)
Oh, oh, olvida ese amor
Oh, oh, no te sientas la dos
Pero tú rezaras por mí, uh-oh
Y llorarás por mí
Cuando este en el club, oh yeah
En el club, oh yeah
En el club, uh yeah
En el, en el...
(Inspirado en ""The Catalyst"" de Linkin Park)
Mi team en posición
Sale a cazar en luna llena pa' marcar
Que tus G's no ladren
Mantengan la línea
Busquen su ruta
Ahorrense un nombre, ¡oh!
Mi team en posición
Sale a cazar en luna llena pa' marcar
Que tus G's no ladren
Mantengan la línea
Busquen su ruta
Ahorrense un nombre, ¡oh!
Cuando cae el atardecer
No se piensa en el amanecer
Mi team en posición
Sale a cazar en luna llena pa' marcar
Oh, deseas que vuelva el tiempo atras
Y eso se te nota en tu mirada
Si pongo mis pies en el dance floor
Lloraras por mí cuando este en el club
Mis ojos, con el sol
No negocian, no se llevan
Mis ojos, con el sol
No negocian, no se llevan
Mis ojos, con el sol
No negocian, no se llevan
Mis ojos, con el sol
No negocian, no se llevan

Se morirían por ser como yo, puede ser
Moriría por su amor, puede ser
Moriría ilumina'o bajo el sol, puede ser
Moriría quema'o por el calor, puede ser
Puede ser que me maten dentro de un hotel
O afuera de el, like Lennon, no sé
Puede ser que se mueran por verme quien soy
Puede ser lo que nadie jamas imagino
Quieren verme colgado con la soga en el cuello
Pero mi cara de nene de 15 va a ser el punto de inflexión (Oh yeah)
No me apuro por un boicot
La trampa no me pesa pero si ese complot
El reloj de arena en su frente
Movilizen su' fuerza aérea ante' que despegue
Antes de que vuele
Antes de que todo' su' fuckin' planes se alteren
Locos van y vienen, de lune' a vierne'
No les contesto, estoy encerrado en el estudio to' lo' weekends

Tekay, baby
Keep it gangsta
Juega en la zona caliente
Keep it hard, baby
Mato par de presidentes, hay confidentes
Si caen los federales, baby
Pues no lo sé, yeah (Okey)
Voy con mis alas suicidas recorriendo la ciudad
Acelero, skrt, skrt, skrt, skrt, skrt
Entre bandos criminales
Transacciones ilegales
Muchas diablas, rostros infames
Siempre rozando los pecados capitales (Que flex)
La escudería sobre mí, escuadrón internacional (Worldwide)
Niño argento, jóven lunfardo, mi argot nacional (Forreo)
Mis ojos son el cristal de todo el panorama
Tantas idas y tantas vueltas y cambie la trama (Yeah)
Mueren por ser como yo, van colgados de mi soga (Es verdad)
No voy ni tre' y medio y ya estoy siendo moda (Yeh)
Tengo blanco' loco' que me desean la muer-
Pero no le freno, skrt, skrt, skrt, skrt, skrt
(Let's roll)

Y vamo' de nuevo
Desperte con un nuevo cuero
Demonios recorren mi cuerpo
Los ángeles sin sueño ligero
Noches largas en el gueto
Para que vuelva a empezar de cero
¿De qué sirvió entonces el juego?
Si al final no había tablero

Hoy por los cielos hoy se surca
Piso el Aventador que borro mis propias huellas
Algunos rappers estan bajo mi suela
Es un hecho real, duela a quien le duela
Cambio de marcha, golpeo levas
Si lo' azule' no se acercan es por que el baby es una fiera
Sin los 911 en las avenidas
Voy por la ciudad con las puertas suicidas (Butterfly doors!)
 (Inspirado en ""Lord Pretty Flacko Jodye 2 )
¿Quién es el blanco con lo' diente' de oro?
Fuckin' blanco, este si es bueno con todo
Distintivo en el pecho, el ""T.K."" recto
Evapora beats mientras gana terreno
¿Dime algo que me falta?
De A en B, y de C a D
Ocupe un maldito lugar
Se que no llegué puntual
Me moví por la ciudad
No tengo ese tiempo que tu junta busca
Aplico acción y reacción para el business
Yo metí presión, ma' de do', así me lleve el juego
Mate en un clip y pase al V.I.P
Lo' blanco' de mi lado saben que esto fue así
Algunos se mueren por querer alcanzarme
Se que me quieren medir, no busquen mi línea
Hotline rap, high bars
No jugar con fire si se van a quemar
Tekay, bitches
Tekay, bitches
It's Tekay, bitches
Tekay, bitches
Nunca tuve tiempo para fake raps
Ello' buscaron soga al cuello asíque no hay de que hablar
Mi trap esta en la punta de la fusca para pesar
Mis negro' loco' en el prado no piensan ni frenar
Se comen lo' segundo' y lo minuto' ya se prestan
Armé otro palo y lo arranque en el final de la cresta
Ni su mierda ma' cara hara' que yo desaparezca
Vine pa' quedarme y pa' joder la competencia
Tu hoe', no dudo, ni uno, maldito segundo
Bozal pa' que se queden mudos
Quieren que lo que es mío, sea támbien suyo
Yo con to'a esa mierda no influyo
Piensan que soy malo, fuckin' rapper' vende' humo
Dice que no valgo y ca' ve' que resto, sumo
Que se adapten a mi slogan no es pa' mi un recibo
Ustede' buscan mi camino
Intentan patear el ritmo
Algunos se mueren por querer alcanzarme
Se que me quieren medir, no busquen mi línea
Hotline rap, high bars
No jugar con fire si se van a quemar
Tekay, bitches
Tekay, bitches
It's Tekay, bitches
Tekay, bitches

Ella es una bandida que ya recorrío varias pistas
Tiene precio su cabeza pero no le importa estar en lista
Una criminal de carrera, guapa modelo de alto rango
Y hagas lo que hagas ella no va a pasar el rato
Obtiene lo que busca, es así de sencilla
Tiene el cuerpo de una atleta pero la mirada de una asesina
Fría y manipuladora, mejor no frontiarla, es una fiera
Es loca y desquiciada, por algo es ""La Gatillera""
 (Inspirado en ""Blocka La Flame"" de Travis Scott)
Yo-yo-yo-yo siempre suelo derrapar, hoy voy a acelerar, ya
Voy a tatuar mi nombre en el mapa, salgo a cazar
Guerrero sin espada, orden en mi espalda
Quiero volar, yeah
Mantenerme en vuelo like 6 Mafia
Voy con gran motor, ventiun' pulgada' de grosor
Pa' la transmisión hay turbo
Los bajos no aguantan presión
Revolucione' por minuto, con todo al máximo
BPM's volando, el beat entrando en vapor
Esta todo bajo control
El panorama siente el calor
Tengo par de loco' espiando bajo el cerrojo
Eso' cuervos estan viendo hacia mis ojos
Loco A$AP Ferg, traigo el trap de Dios
Busquen otro puerto que no embarcaran en el mío
Navego a mar abierto, voy en busca de mís ríos
Yo-yo-yo-yo siempre suelo derrapar, hoy voy a acelerar, ya
Voy a tatuar mi nombre en el mapa, salgo a cazar
Guerrero sin espada, orden en mi espalda
Quiero volar, yeah
Mantenerme en vuelo like 6 Mafia
Alabado sea el señor, dijo Rocky
Flex, flex, flex, gracias Lord
Guardo ese tiempo de dedicación
Ya tengo mis caballos en el mar
Ahora me deslizo cual ruta polar
Suelto los cane', momento de estar
No puedo frenar, pasa el tiempo
Y es mi momento de el tiro ejecutar
Cargo, recargo, disparo, no a la nada
Sino a lo que le tengo que dar
Veo las ventanas del alma del panorama
Cuantos perros conviviendo con rabia
Pero esto es cosa de tiempo
Son cosas que se saben que son muy sabias
Tengo precisión justa pa' dar en la diana
Mi objetivo llenar lo que pueda la bodega de lana
 (Inspirado en ""Nobody's Listening"" de Linkin Park)
A la mierda la police, todas sus Glock o nueve
A la mierda la police, sus placas no nos mueven
A la mierda la police, y todas sus ordenes
A la mierda la police, ya no interceden
Su peli caduco, proteger y servir, ya nadie lo ve
Ustede' hacen de todo menos lo que deberían hacer
Ese eslogan queda chico pa' una placa sucia sin nombre
Golpear y tirar de nueves demuestra ajeno desinterés
Sobre la vida y el derecho de to' los habitantes
Ahora uno 'e sus renos cumple condena en la carcel
Los otros tres reyes magos con cargos por involucrarse
Y un ángel nuevo en el cielo ahora acompaña a mi padre
La justicia muerde de nuevo aunque calme poco el hambre
Pero el mundo sigue firme y claro con el mensaje
Desde el lado sur del mundo seguimos el linaje
Va más alla de la raza, son los mismos canales
Nuestros pueblos con el derecho de expresarse
Y todo departamento con orden de callarse
Nunca voy a olvidarme de tus iniciales en mi piel
Con mi maldito cuello exhaustado a punto de caer
Su maldita protección solo sirve al mundo más estres
Todos somos uno y bajamos por un mismo andén
 (Inspirado en ""Hella Hoes"" de A$AP Mob ft. A$AP Nast, A$AP Rocky, A$AP Ferg & A$AP Twelvyy)
Oh, tengo un cuero nuevo que me quiere dar parte superi-
Oh, ella busca un punto pero yo no tengo punto inferi-
Oh, me quiere medir, busca algo de mí, rastrea el click
Su mano en mi jean, quiere el switch
Cajita feliz, tu defensa va
Esta en la zona, busca horas
Ta' candente, like Arizona
Aplica y acciona, direcciona
Mete cambio, lo pisa ahora
La 10' de Marado', ella le gusta el juego
Quiere jugar con fuego, adicta al duelo
Trae par de trucos nuevos
Ella se trepo y la lleve al cielo

Tengo tanto cuero' pa' cortar al lado mío que ya no le veo sentido
Rocky o Carti, pues los dos de un tiro
A$AP Ferg, trap de Dios todo mi sonido
Oh Dios explicame en que lío me he metido
Par de locas me buscan anillo
Dios cuidame de eso' compromiso
Yo de esa' cara' de ángele' no me fío
Hazles caer el disfraz así no me mido
Bendecime el arco así loco yo sigo
Tan pegado' a mi slogan y no cobro recibo
Yo de esas cosas nunca me olvido
Les molesta saber que escupo verdade' sobre el vinilo
Guapo divino
Tantas vuelta' que le dí al mundo que ahora el mapa ni miro
Ya se que estoy ahí por la mierda que soy y digo
El que conoce mi estadio es testigo
Salí del nido de' crío a navegar en lo' río'
A buscar lo que Dio' dejo puesto en mi camino

Ello' se creen blanco' pero se sienten negros
Yo ando limpio
Vengo del sur, Ezeiza, V.G., central hood, acostumbra'o al hielo
Soñe soñando que algún día iba a darme el lujo de sentirme jefe
Tener a la vuelta de la esquina la envidía a do' metro' de frente
 (Inspirado en ""No Cap"" de Future & Young Thug)
Stay 100, MarGielaa, eso es trap
Hice entrar el monopolio en quiebra
Siempre atado al pecado capital
Maldito trap and roll, it's a fact
Estoy entero
Prendido fuego
Solté el perro
Y me lleve el juego
Motor en combustión
Turbocompresor
Forja' la suspensión
Lo que vale mi inyección
Peces gordos me buscan entrada
No los contesto ni hoy, pero tampoco mañana
Mi vida to' un sold out dates, las fechas estan contadas
Quieren el gol de oro, pa' que se aloque la grada
Envidénme, aún no están en el radar
Fuera del negocio del trrrap
Ya lo domine, ¿pa' qué más?
Caras dicen ser reales y no lo muestran
Ustedes el hip-hop no representan
 (Inspirado en ""Hop Out"" de A$AP Twelvyy ft. A$AP Ferg)
Si lo' azule' no me ven es porque voy como un 'Rari
Llevó a Europa en mis pie' con piquete de Italy
Una vida de lujos, señor Liberace
Y una scuderia de mujere' atrá, soy Playboi Carti
Si lo' azule' no me ven es porque voy como un 'Rari
Llevó a Europa en mis pie' con piquete de Italy
Una vida de lujos, señor Liberace
Y una scuderia de mujere' atrá, soy Playboi Carti
Me calzo un par de calzado', serpiente' en mi pies
Ella rockea Channel, lleva un bolso Cartier
Voy con ma' de un cadenón como Slick Rick
Brillando ma' que el sol como lo e' un kingpin
Esa hoe' modelo de Paris las tiene en shock
Una chica estratega, va con plan mejor
Las dema' estan mordí'a, no pue'n sacarle el flow
Pero ella va bendecí'a, va de la mano de Dios
Es tan leal a mi sangre, como la Cardi en lo' Bloods
Siempre puesta pa' mi, no pa' lo que quieran ello'
Voy con chaleco a lo Fifty cruzando New York
 (Inspirado en ""Upper Echelon"" de Travis Scott ft. T.I. & 2 Chainz)
Directo del sur, cabalgo en la ciudad
Y estoy en el altar, rango internacional (Let's roll)
Estoy en el fuckin' altar, rango internacional
(Tekay, let's roll)
 (Inspirado en ""STOP TRYING TO BE GOD"" de Travis Scott ft. Kid Cudi, Philip Balley, James Blake)
Vuelvo en el amanecer
Yo bien sabía que iba a volver
A primera hora pa' el atardecer
Salgo en busca de caer en el ayer
Desconectado de la realidad
Me dejo llevar por la versatilidad
Balances entre el bien y el mal
Midiendo calidad y cantidad
Nada de esto me va a cambiar
Soy un pecador, lo puedo aceptar
Hace tiempo me volví alguien vulgar
En cualquier momento me van a frenar
Porque nadie aquí es un santo
Nadie tiene el control sobre los mandos
No hay dos sin tres pa' lo que hay en manos
Debo proteger lo que he logrado, yeah, yeah, yeah, yeah
Pecar y olvidar
Pecar y olvidar (Eso es lo que eres)
Pecar y olvidar (Vas contra la voluntad)
 (Inspirado en ""Who Dat Boy"" de Tyler, The Creator ft. A$AP Rocky)
Outfit black, direcciona aquí
Perras en black, diesel clean
Me piden más gas, no se que hacer
Tengo die' perras detrás de mí
¿Cuántas de ellas conmigo querra mentir?
Al ritmo del trap se van a venir
No van ser yo por metersela a las que se lo metí
Perros actuando como perras
Y perras actuando como perras
Van a hacer despertar la fiera
No quiero ver más cuerpos bajo tierra
 (Inspirado en ""Clusters"" de Big Moochie Grape)
¿Cuántos se mueren por querer alcanzarme?
Van de 0 a 100 a 300 como un Roadster
Pero voy 2.0 con flow Motorsport, yeah
Mi bloque esta caro, transmisión y torque
Jugando como 10, valpuleo el deporte
Bodykit con blindaje, no roster
Les corro entero el eje, les corto el aire
Pa' frontiarme en la pista les falta agarre
Keepin' racing flex, todavía tengo la llave
Copiar mis movimientos no es la clave
Cuentarevoluciones, los deje sin calle
En el game ballin', presión o chantaje
Como Kid Cudi, jugando día y noche al doble
Pa' encontrarme el truco, les falta engranaje
Caras largas se caen, ello' no ven lo que traje
Frontiar conmigo es entrar en sobreviraje

Piquete fránces, perfume Dior
Espera a su nueve, a que llegue Pogba
Me espera en la cama con taco' Chanel
Vo'a sacarla campeón como el PSG

Al lado tuyo ma', me siento fresh
Ahora guardo cash en el bank
 (Inspirado en ""WHAT TO DO?"" de JACKBOYS, Travis Scott & Don Toliver)
¿Cómo yo llegue hasta aquí?, girl
Dime sí, esto va' a seguir, yeah
Esta es mi manera
Y yo se que te gusta pero
Aún estoy roto, yeah
Aún estoy roto, yeah
¿Y ahora qué voy a hacer? (Yeah)
Aún estoy roto, yeah
Aún estoy roto, yeah
¿Y ahora qué voy a hacer? (Yeah)
Si me quiere' encontrar, no estoy en el Est-
Ando' negociando por el West
 (Inspirado en ""Hood"" de Chief Keef)
Ella lo baja underground
Si lo mueve underground
Me noquea en primer round

Cooperando a la par con el némesis
Fui el indicado pa' ejecutar el génesis

Yeah
Momento del pastel, hell yeah
La hoguera voy a encender, hell yeah
THC y purple drank, hell yeah
Nunca me sentí tan bien, hell yeah
All day, hell yeah
Estamo' pa' vender, hell yeah
THC y purple drank, hell yeah
Nunca me sentí tan bien, hell yeah
I picked up the phone, hell yeah, yeah, yeah
Llamadas recibí y un montón, hell yeah, yeah, yeah
Me puse pa' una venta de pastel, yeah, yeah, yeah
Y ahora no paro de vender, hell yeah, yeah, yeah
 (Inspirado en ""GANG GANG"" de JACKBOYS & Sheck Wes)
Mucha gente se pregunta
¿Qué por qué yo elegí el trap?
Única carta en mesa
No fue una jugada al azar
Ahora forreo en pista

Ella manos de artesana, me enrola uno' Backwood'
Y luego guarda los blone' en su bolso Cartier
High queen class, Paco Rabanne
Ella es mi Medusa, no la mires
Se va moviendo con Versace en los pies
Como brinda luz, un piquete del primer
No todo' los hombres la pueden tener
E per le vie voglie, la zapa' Neon Gucci
Y porque no támbien un Louis bell
Mama ya lo se, llevo a Europa en mis pies
Designer de primera, par de refle' y chains
Water y oro, la combi' perfect
Sombreri' Galliano, Armani fragance
Soy un mago, llevo el poder
Mucha gente a mi no me quiere ver
Tengo blanco' que me desean la muerte
Pero yo ando ocupado probandome un Philipp Plein
Oh, oh, yeah, bitch

Ballin' en grande' ligas
Llamán para los negocios del trap, yeah
La nueva vaina de cada día
 (Inspirado en ""???"" de Foogiano)
Ella me lo pide, yo le mando gas (Yeah)
Si ella esta dispuesta, pues le mando mas (Ah)
Oh, baby you movin' so fast, yeah
Nos movemos tan rápido que se corta el aire
En la fresca noche de Buenos Aires
Con sus curvas casi me descontrolo
Y casi entro en un sobreviraje

Sale a desfilar las penas
Como dijo el varón
Ella matá con cualquiera
Quiere escribir historia en el capsulón
Ella quiere que allá testigos que la miren
Quiere sentirse importante

El plan B se fulmina, el plan A e' el que domina
Y ello' flow año 2000, juegan promoción
Nosotro' disfrutando de ser las caras de la liga

Tengo par de piezas, llevemono' el set

Ella lo mueve arriba de lo' dollar' (Oh)
Pidió otra vuelta al rodeo pa' matar las horas (¿Qué?)
Loco buscando ese fruto que a todo loco impresiona (Ese fruto)
Cualquier loco ve esa' curva', contravolanta y direcciona
Pero mi cuerpo no reacciona (No)
Me estampo a 120, mi rostro besa la lona (¡Hola!)
Mai', tus ojos son cristal, el espejo de to'a la zona (De la zona)
Molly, Xana' y papers verdes encima de su cola
Las drogas que a todo motor revoluciona
Ma' igual yo toco to'a tu loma
Aunque vaya con suspensión alta
Contigo me hago desparecer por un rato fuera del radar
Okey

Ma' por tu amor olvido la gestión
Dejo lo que queda de toda mi acción
Lo gasto con vos
Arriba la mesa, el placard o el colchón
Yo sé que no soy un ángel, tampoco un diablo
Llevo los dos polos, te pido perdón
Buscando morir aunque sea un rato
Yo sé que otro no tiene el tacto
Que soy la mierda que soy
Que soy lo que Dios quiso
Flow kilero de negro pero soy blanco
Matemono' de una ve' ante' que salga el sol
Cargo to' lo' flow
Sweet sweetie like Jamba Juice ho'
Esta ve' no hay prensa pa'l complot (No, no)
Auto-boicot, no te atreva' a decirme que no
Si es lo que deseas me voy
Que sueño lucido tuve
Arriba 'e su carne estuve
Lo movía pa' mi y quería que dure
Que se quedará un rato ma' y no se mude
Cuando estoy con ella me calienta la sangre
Hace que muera de hambre
Que me rompa el bozal, yeah
Esa' pasti' loca mortal, yeah
No paro de soñarte
Aunque este en rojo voy a darle
Quería su amor desde antes
Solo quería enamorarme
¿De esto fuckin' loco quien me va a frenar?
¿De esto fuckin' franco' quién me va a bajar?
El fuckin' headshot no lo van a lograr
Que rajen de aca, afuera la salida
Ma' yo estoy pa' vo' y pa' nadie ma'
Fuck a cualquier blanco o negro que me quiera buscar
Muero por vo', juego por tu lealtad
Apuesto por lo que sos en realidad
Copa doble, hoy no vo'a descansar
Donde hay fuego, ma' cenizas habrá
Asique no me vengas a contar
Seguiremo' teniendo varia' ida' y vueltas
Esto' flow' magic a ello' no le' sale
Tachalo' 'e la lista a eso' cobarde'
Ninguno demuestra lo que vales
Calentemo' la habitación, dale
Prendamo' calefón, dale
Yo muero por vos, lo sabes
El se muere por mí, I got it
Acá no hay un do', dale
Acá solo estoy yo, mami
Sueño que me muevo entre su' curva' y nos cortamo' el aire
En una noche fresca en la ciuda' 'e Buenos Aire'
Fuckin' loco que no venga a acotar, yeah
Una entrada le va a costar, yeah
Que venga con tanque lleno si me quieren ganar, yeah
Arriba 'e tu piel ya nada es igual, yeah
Me quiere arrastrar, yeah
Me va a hacer llegar, yeah
Do' loco' vulgare'
Un dúo ilegal, yeah
Tamo' lindo mami
Baila pa' mi, ¿qué?
Yo bailo por ti, babe
Ojala sea for real, yeah
Ojala sea for real, yeah
Fuckin' for real, yeah

Mami matemono' ante' de que salga el sol
¿Si quien nos va a ver?

¿Cuanto calor en la habitación?
Esas sabanas sintieron el furor
Mami pregunto cuando volver a vernos

Si ese es tu combo, no lo frontees
Si esa es tu gata, no la muestres
Puede que tu combo, no vuelva al set
Pero que tu gata, quiera un replay
Que con una mirada, me la lleve
Y que otra vez, me trague la llave
Saben que voy flex, en cada mes
Voy con tanta frescura que ya no se que es
Si es el hielo, o mi flow de nigga del West

Y ahora todos dicen que cambié (Yeah)
Que ya no soy el mis-mo de ante' (Ah)
Que me deje afectar por la fama (Na)
Es normal que lo digan, mami, no te haga drama (-ma)
Pero ahora yo pregunto, ¿qué?
¿Cuántas caras de esto quieren ser parte? (Parte)
De lo que tengo y ofrezco, yeah
¿Cuanto' y cuanta' con este loco tienen gana' de acostarse? (Yeah)
Muchos estan dispuestos

Saco flows del pantalón, ¿quien me va a frenar?
Y eso truco' y skills de esa trampa y aún no me pueden pistear
Jod'io blanco no frena ni aunque la curva de la muerte vaya a tomar
La dobla al 100 con o sin falta de versatilidad, unico e inigual
Que sus corbatas la usen de soga pa'l cuello que yo me pienso quedar aca

Una real gangsta, jefa y bandolera
Leal a su sangre como si fuese la Cardi
Y yo con tanto' cuero' parezco Playboi Carti
La mami ni una santa, y yo ningun santo
La nena busca un pleito, esta tentando al diablo
Voy a ser que se me acueste, antes de lo pensado

Ya tu cara indica que con otro ya no querrás volver
Tuviste suerte de que no te toco la bala del revolver
Ah, ¿cuántas balas te quedan en ese revólver?
Esto no es ruleta rusa, dispara haber si te haces más hombre
Yo ya soy leyenda como Kurt, no necesito seguir inflando mi nombre
Puedo morirme tranquilo o que maten, no tengo ma' nada que esconder

Ella bandida, una cri-mi-nal como Griselda

Ma' hoy le rezo a la luna y salgó a bailar
Entre alcohol y reggaeton me pondre a desfilar
Voy a matar lo que tenía dentro hace full time
La noche hoy se presta, el tiempo ya lo indica, okey

Miradas inquietas, eh
Buscando obtener el papel estelar
Mi papel estelar, y algunos pidiendo que corte los ríos
Cuando la marea es tan alta que ya no la puedo controlar
Los miro en el altar, buscando el truco pa' poderme llegar
Se los ve mal, más de lo normal
¿Cuántas maniobras necesitan para poderme destronar?
Pero siempre deseando tener mi cara, mi ropa, mi flow, hasta incluso mis tracks
Mis bars, mil bars, mi freestyle, mi estilo de vida
Wachos sin planes buscando que contar
Su tiempo les pesa, lo que hacen no progresa
¿Y encima yo tengo que ser el que les brinde comida?, fuck
Se piensan que estoy pa' regalar el tiempo
Cuando tengo un cofre de oro con distintos tempos
BPM's volando y yo contento
Sus perros buenos dectectives buscando la semilla que siembro
Ya no estoy para andar cortando miembros
Estoy pa' cojerme el tiempo con o sin la velocidad del viento

Estas wachas tan locas, refleja su don
Manos de artesana, me cortan la sed
Energía en sus palmas, no hay otro flow
Encíma mío quieren crear arte
¿Cuantas dando la talla peleando posición?
¿Cuantas sacando brillo a su condición?
¿Cuantas queriendo estar con el rey por auto-elección?
¿Cuantas quieren subir su revolución?

Ella no baja la apuesta, sube el nivel

Tengo a mis huesos y carne retorciendose, desgarrandose
Gritando al ritmo del beat, mi piel acalorandose
Vaporizandome, ma' si tengo pa' dar que
Tengo letra' que armaran historia pa'l tape

Entre nuevas situaciones, se encuentran opciones
Pa' poder cumplir nuestras nuevas tentaciones

Buscando tener la corona de un rey sin salir a romper la avenida
La hoguera saca chispa, se refleja el contorno de lo' flow
Las perras bounce su defensa como si fuese low-rider
Negro blanco dueño del flow ardiente como Ghost Rider
Mami voy vola'o por la city y me la creo, nigga, soy Ryder
Andando en el lab como Ice Cube creando arte
Con mis hueso' y carne, jodi'os negros sali'os de Harlem
Que mis futuros haters a sus santos le rezen
 (Inspirado en ""UPTOWN"" de Travis Scott ft. A$AP Ferg)
Fuera del downtown

Un motor tan grande llevo como si fuese un V8
El carburador cantando el himno, ma' se pone rojo
Y yo con tanto' loco' sin ideas espian detra' del cerrojo
Los voy a poner a bailar y a que armen coreo, pero igual
Hagan lo que hagan yo sigo aquí con pico y pala
Sin salir a la calle voy juntando varias manzanas
Si sigo así mi rostro puesto en la Gran Manzana
Algunos no emanan y a otro le' sobran las ganas
Esperando moverme de aca pa' alla como ruta polar
Pero mami se que ya con otro no querras volver
Todavía no te ha tocado la bala puesta del revolver

Ma' el tambor no esta vacío, me queda una bala
Si apreto del gatillo asesino a mas de una sala (Okey)
Tentanciones hay y se sienten en la recamara
Ahora el blanco viaja, pa' los negocios llaman
Ya no quieren saber más na' de mi por no estar má' en la banca

Hice caer varias caras de G en el club
Tanto rango y flow pero tu crew no lo valío

Su estomago débil no aguanta tanto flow
¿Cuántos quieren frontearme sin condición?
Ellos dicen tener motores pero van puesto todos a inyección
¿Mami que a la par?
Si voy solo en la punta y ellos ocupado' con su transmisión
Tanta inyecta pa' la combustion, van a joder entero su bloque
No quiero quejas ni reclamo', cuando venga yo con lo' choque'
Tanto pimp, tanto pimp
Tanto aquello pero el cigueñal se les rompe
Y yo con el monoblock entero, voy dirigiendome para el Norte
La biela sube, el pistón baja
Impulso natural, voy contando nubes
Arból de lebas, más de 6, no Lambo, mejor que aca no juegen
Sin intermitentes, no ven pa' donde doblo y paro
Por eso es que ya me pierden
Me deslizo polarizado, con el chasis reforzado
Ligero pero aguanto golpes, voy con suspensión al tope
Fuck el beat se rompe, mi estilo siempre dando el toque
Fuck lo' blanco' o negro' que falen lo mío
Yo se que lo suyo no corresponde
Tanta critica pero cuando salto yo ya nadie responde
Ahora esa es la nueva, to's se esconden
Por mi que se muevan o que no lo crean
Que yo sigo siendo el mismo loco de lune' a vierne'
No paro ni aunque llegue roto lo' finde'
Los sabados y domingos támbien queda acción para el business
 (Inspirado en ""BUTTERFLY EFFECT"" de Travis Scott)
Por esta vida que no puedo cambiar
Chicago dreams, M&M's marcan mi piel
Ma' ¿dónde estás?, que te quiero ver
Muchos ladran, poco muerden
Asique que a mi que me van a decir
Quieren contar, a mi o a mi team sobre lo que tengo que hacer
Oh please, a mi, oh god
Señor, señor ponelos a entrenar
Que encuentren el truco si me quieren llegar

Veo locos caminando entre las paredes
Y yo rapeando como un HP todos los weekends
Les baja la presión, rompo su condición, fuck su evolución
Mientras yo me sigo parando en el mismo escenario consiguiendo lo que otros no tienen
Ma' no tengo nada que perder
Sigo manteniendo el rango por acá
Pero ya no sostengo la fuerza que imponen mis caballos en el mar
El oleaje es tan alto, y tan fuerte el contacto
Que a muchos esto les puede no agradar
Las ventanas de mi alma miran pa' otro lado
No tengo más tiempo que desperdiciar
Tan metafórico el loco este que ya todo no le ve tan igual
¿Cuánta originalidad les falta a ustedes para dejarme de buscar?
Más dramas que explotan, y yo con una nota tan alta
Que la fiebre me hace volar
Les duele que esto ellos no lo tengan y yo riendome
¿De que me puedo quejar?
Sonido hay por todos lados, siempre respetando los que dan los señores
Pero ¿quién carajo se me compara cuando enciendo los motores?
Sigo firme viajando de aca pa' allá pa' dar lo que otros no dan el doble
Algunos me envidian porque estan frustados por no llegar a estás revoluciones
No tengo la culpa de que no hayan nacido con la condición con la que nacío este hombre
No tengo la culpa de no pensar como ustede' y estar del la'o de los ganadores
No quiero perder tiempo pensado el que diran los espectadores
Quiero perder tiempo estando ocupado pensando en como estampar por el mundo mi nombre
Otro hijo de puta como yo no va a volver a nacer

Ma' estoy loco, lo sé
Navegando en lo' mare', buscando que hacer
¿Cuánto va a aguantar el timón?, ma' no lo sé
Entrando en marea altas pero ya llegue a tierra firme
Ma', ya encontre lo que nos va a hacer cegar todo el tiempo
Si lo hacemo' el bobo aquel obtendra un lindo recuerdo
Hacerlo lento es la opción pa' no sentir que el time se vuela fiero
Vas a pedir la medicina que hace que veas que todo esta correcto
Bien perfecto, lo veras vos, no lo hare yo, no sé, ma' lo siento
Somo do', únicos, pa' este momento
¿Quien mejor que nosotros ahora se estará mintiendo?
Ya no somo' pan y vino, pero tampoco somo' cuerpo y sangre
Somo' do' loco' divino creando una hermosa obra de arte
¿Cuanto amor pa' darme y cuanto amor yo a vos para támbien darte?
Y cuanto amor pa' darle al loco ese creyendosé el gangster
Ma' estoy loco, lo sé
Mas loco que el, mas loco que tu ex
Mas loco que el ex de tu ex de tu ex, oh yeah
¿Cuántos querrán ser testigos para hablar del ayer?
Vo' quere' una pieza, yo miles, bebe
Hacerlo al ritmo de este tango con lujuria y placer
Quiero que vos seas mi Isabel, yo tu Carlos Gardel
Rindamosle culto a la dama y al señor de este sample
Brindar sexo en cada pieza, reventar ma' de un burdél
Beba mi motor va a mil vueltas, el tuyo no sé
Quiero morir en el intento, acribillado en tu piel
O sacar campeón al equipo, quedando so flex
Llevandome el set

Y la bitch que no quiere frenar en el phone
Buscando aval del rey, quiere estirar el plug
Quiere tentarme otra vez, pero ese fuego caduco
Ahora busco placer, navegando en nuevos mundos
Su colmena se va a desprender, fuckin' X su adicción
Yo podré ser igual, but I got a limit pa' ca' situación
La noche opáco el sol, momento de salir en condición
Ideas bailan en mi cabeza buscando matar el tiempo
La ciudad brillando, y tus piernas temblando
Momento exacto pa' bailar un tango
Horario apto, cuerpos en contacto
Aprovechemos estas horas pa' entrar en calor

Tengo perras tirando leña que no cuelgan el phone
Buscan aval del rey, todas quieren del plug de oro
¿Cuántas frases banales salen de su boca?
Quieren tentarme de una ve' pero al final ganó yo
Su colmena se va a desprender, fuckin' X su adicción
Yo podré ser igual pero tengo limites pa' cada ocasión
La noche se hace larga y ella montandose por rayas de coca
¿Qué voy a hacer cuando pasé el limite y entre en shock?
 (Inspirado en ""Nightcrawler"" de Travis Scott ft. Swae Lee & Chief Keef)
Vo'a romper otro Molly, vierte otro Molly
Cega'o por los flashes, la ciudad está on fire
M's como candy, llevo pecados en la sangre
Revente el blindaje, horsepowers en el lina-
La noche lla-má, oh yeah (Oh)
En el party todo el team en posición
Siempre drogado pero con la mejor condición
Quieres matar las penas, baja hasta el suelo
No hay quien arme, aquí no hay duelo
Vo'a romper otro Molly, vierte otro Molly
Cega'o por los flashes, la ciudad está on fire
M's como candy, llevo pecados en la sangre
Revente el blindaje, horsepowers en el lina-
La noche llamá, oh-oh, yeah
La noche llamá, oh-oh, yeah
Vo'a romper otro Molly, vierte otro Molly
Cega'o por los flashes, la ciudad está on fire
M's como candy, llevo pecados en la sangre
Revente el blindaje, horsepowers en el lina-
Vo'a romper otro Molly, vierte otro Molly
Cega'o por los flashes, la ciudad está on fire
M's como candy, llevo pecados en la sangre
Revente el blindaje, horsepowers en el lina-
Cuando la noche llamá, me preparo pa' el airborne
Avisale al piloto que estoy listo para el vuelo
Hoy vo'a tocar el cielo, ma' la noche lla-má
Cuando la noche llamá
Gasto money, lo gasto en drogas, lo gasto en alcohol
Como vampiro salgo siempre cuando baja el sol
Mami vamo' pega'o los dos, horsepowers on
Cuando la noche llamá, me preparo pa' el airborne
Avisale al piloto que estoy listo para el vuelo
Hoy vo'a tocar el cielo, ma' la noche lla-má
Cuando la noche llamá
Gasto money, lo gasto en drogas, lo gasto en alcohol
Como vampiro salgo siempre cuando baja el sol
Mami vamo' pega'o los dos, horsepowers on
¿Y ahora que van a decir de mi?
Traje lo que le faltaba a este mundo
Se que yo no soy perfecto, pero siempre enfrente cada situación
Mami yo sé que con todo esto me gane un lugar en el infierno
Pero estando vivo o muerto yo ya sentía antes el calor
Pa'l punto final la combustión, dejen que queme, no quiero sentir frío
Fuck la mierda que eso' blanco' digan, se que no tienen razón
Sigan buscando con que quemarme que sigo siendo el punto de atracción
Que mientras ustedes en pico y pala, yo con wachas malas instalados en el avión
Ahora que vine, lo hice, y lo tire, to's giran todos para está dirección
Soy el perfecto wacho loco que vino a poner el juego en evolución
Siempre haciendo algo normal y terminó en el centro de atención
Se que esta cara a muchos les pesa, llevo una scuderia en mi pantalón
Necesito más money
Necesito más horsepowers
Necesito más money
Necesito más bitches
Necesito más models
Necesito más ragers
Y la necesito a ella
 (Inspirado en ""Antidote"" de Travis Scott)
Negro encerrate en tu pieza o estudio y rapea, no pares, no pares
Buscalo, encontralo, desealo por vos
Haz que tu cuerpo entre en combustión
Mareas altas en todo el mundo
Llamame loco pero esto dío fruto
Los que me conocen saben que no lo dudo
Otro día más en el cual no lo juro
Pero me estoy quedando yo sin suerte
Mami yo sigo rozando a la muerte
Ya no hay punto fuerte, beba no me sueltes
Tengo miedo de que esta mierda se frene
Siempre fui con mente de ganador
Pero sé muy bien que no soy el mejor
Nunca tuve la oportunidad para pensar
Como un perdedor, como dijo Ysy A
 (Inspirado en ""Hablarme de Trap"" de OSX Mob)
Desde mitad de cancha, goleando en el trap
Mientra' ellos en el aréa queriendo coronar
Tantos disparos y ninguno me da
Algunos al travesaño pero erran igual
Como 10 en cada aréa, ¿quien me va a parar?
Sobra'o de flow, saco a tu crew a pasear
Pa'l tiro libre, tengo el tiro especial
Balon con efecto, la comba mortal
Pero saben que no lo hago
Podriar soltar skills como un mago
Queriendo evadirme ellos buscan atajos
Pero es imposible, quedan regalados
 (Inspirado en ""3500"" de Travis Scott ft. Future & 2 Chainz)
Veamono' cuando caiga el sol
Vea-vea-veamono' cuando caiga el sol
Salgo sin la luz de sol, las calles vacías
Buscando los dos, llenar el amor, de esta alcancía
Tengo miedo de quedar solo, y perdido en la avenída
 (Inspirado en ""Give No Fxk"" de Migos ft. Young Thug & Travis Scott)
Voy a toda marcha, gaste metro 'e cancha como si fuese Aventador
Ya no tengo idea de a cuanta' revolucione' esta llendo mi motor
Culpa 'e la Molly es que voy muy rápido por todo aréa metro
Tu endiabla' mirada, y yo sin cara 'e nada, queriendo cegar el reloj
We don't give no fuck
We don't give no fuck
We don't give no fuck
We don't give no fuck
Fuera del mainstream
Golpeando en la street
Fuera del mainstream
Golpeando en la street
Tengo tanto hielo en el cuello que me congelo (Ice)
Despegamo' del suelo, estamo' en vuelo (No)
En rango internacional, no pueden dar duelo
La aleje de los problemas y la lleve al cielo
Hit it, yeah, wait
Play with
Quieren robar mi flow
No pueden
No lo tienen
Van y vienen
Que se alteren
¿Qué e' lo que quieren?
 (Inspirado en ""NO BYSTANDERS"" de Travis Scott ft. Juice WRLD & Sheck Wes)
A pesar de que no sea fuerte
Siempre voy dispuesto aunque no lo lo-gré
Una mano dura, sin na' de suerte
Negocian-do con la muerte
Más de tres horas en este viaje
Ma' otro como yo no tiene estos planes
Dile al piloto que direccione
Y hagamos lo que se supone, que hay que hacer
Solo negocios
Solo negocios (Oh yeah)
Solo negocios
Solo negocios (Oh yeah)
Solo negocios
Solo negocios
Solo negocios
Solo negocios (Oh yeah)
A pesar de que no sea fuerte
Siempre voy dispuesto aunque no lo lo-gré
Una mano dura, sin na' de suerte
Negocian-do con la muerte
Hombre de negocios so flex, piden que baje el nivel
Que se jodan si no conducen el mismo carriel
Ella loca con los Xans, si rompe su colmena no va a volver
Maldito job del weekend, siempre lo hago tan bien
Tanto sexo al negocio, revente un burdel
Fuck sus reglas, yo hice las mías
Voy con un motor all incluse
Ma' tan linda, pa' tene' al diablo entre tu' pierna'
Si bajas uno mas, ya no creo que vuelvas
Tomó 1/4 de tu alma, de a poco vas bajo tierra
Pa'l negocio no estas, el diablo juega y no baja
No ready pa'l jaquemate asique miedo sobra
Encerra'os viviendo un thriller real
Más de tres horas en este viaje
Ma' otro como yo no tiene estos planes
Dile al piloto que direccione
Y hagamos lo que se supone, que hay que hacer
Solo negocios
Solo negocios (Oh yeah)
Solo negocios
Solo negocios (Oh yeah)
Solo negocios
Solo negocios
Solo negocios
Solo negocios (Oh yeah)
Baje del set, tumbe los hoteles
Papeles y lápiz en tablet
Contador quemandose hasta los pies
Manager moviendose por dates
Otro fuckin' show, que este loco va a romper
Maldito fuckin' blanco ¿quién lo va a detener?
No hay descanso pa' un rey, fuckin' bandido sin ley
No vine pa' ser virrey, crack del poker game
Hay equipo pa'l tape, la historia en mis pies
Fuckin' Young La Flame (Trav)
Más de tres horas en este viaje
Ma' otro como yo no tiene estos planes
Dile al piloto que direccione
Y hagamos lo que se supone, que hay que hacer
Solo negocios
Solo negocios (Oh yeah)
Solo negocios
Solo negocios (Oh yeah)
Solo negocios
Solo negocios
Solo negocios
Solo negocios (Oh yeah)
Pero soy Tarzán, que tú león no se duerma
Si tanto boquea, que pelee por tu selva
Uno va a terminar muerto, y otro en celda
Pero es perdida de tiempo todo este problema
Si al final yo terminó quemando to' el dilema
 (Inspirado en ""Drip Too Hard"" de Lil Baby & Gunna)
Ella freaky con mis games, sabe que soy su único rey
Voy por la city in flames, sin seguir el orden de la ley
Las calles vacías, y yo en la cera congelandome
Que entrada en calor cuando te escucho hablandome
No siento el frío de la ciudad, debe ser culpa del ice
Marty McFly, cargado el DeLorean
Matemos el tiempo en busca de que hacer
Ma' yo se que ya tu' beso' no queman
Pero pego el oido al phone si me surgen problemas
Si tú no te encuentras, cortaré de otra manera
Con un Xanax o un 512 a la hora 'e la cena
 (Inspirado en ""Yes Indeed"" de Lil Baby & Drake)
Fuckin' rappers de cuarta solitos se mienten
La zona esta roja, que ellos aca no jueguen
Voy con la condición, mejor que aceleren
Si en mi limbo ustede' entran, aca ya se pierden
¿Cuántos materiales cargando en el cuello?
La clave al ángulo y sin firmar un sello
Distinto al resto, nunca fuí como ellos
Matarón su respeto y buscan suero' ajeno'
¿Cuánta soberbia les come to' el cuero?
¿Y cuántos como yo que siguen siendo buenos?
Pega'o sin disquera, sin mamar huevo a nadie
Mi sonido recorre ahora Buenos Aires
Corona'o en el sur, respeta'o como gangster
El exterior me aclama, pide mas de mi baile
Ahora to' son vampiros, chupan de mi sangre
Social crew 'e cobardes, abandonan su aire
Busquen otro puerto pa' estirar sus cables
Aquí ya no hay negocio, nos fuimo' de los mares
 (Inspirado en ""Where U From"" de Travis Scott & Quavo)
Somo do' locos adueña'o, del frecuente peca'o capital
Do' bandido' contra el sistema, somo' el prefecto dúo ilegal
El estado ya no 'e capaz, de poder frenar lo que es real
Siempre evadiendo lo que es legal
¿De está mierda quien no va a sacar?
 (Inspirado en ""Green & Purple"" de Travis Scott ft. Playboi Carti)
La mami es real, ella tan real
Que ella mato a un superstar
Bite, ella es psychic
Perfect timing, she is excited
Crazy body, sexy booty
Latin Cardi, Offset latin
Ma' so clean, pop a bean
Time to live, lick on me
Drive over me, vibes on me
I feel the heat, vamo' a mentir
Es una G, mami quiero volar
Vayamos too fast
¿Dime que hare con tu mirada?
Mientras tu lo mueva', el mundo sera nuestro
Sin importar lo que, lo que diga el resto
Si es controversial, como nos movemos
Si lo sé, lo siento, movamonos más lento
Movamono' má' len-
Movamono' má' len-
Me haces mal a mí, yeah
Pero te hago mal a tí, yeah
Babe, ride with me
Yeah, fuck up on me
Va-mo-no' de aquí, yeah
Babe, silence here
Yeah, traje flore' y equis
Con-duzco sin la key
Mami voy sin gana' 'e quere' vivir
Dame la receta pa' ser feliz
Muero por tu cuerpo, me mata tu flow
Ya no se ni quien soy, ni a donde voy
Dime cómo paro 'e poder su-frir
Llevo cinco días sin poder dor-mir
No se ni que día es hoy, ni a qué hora sale el sol
Matemos el tiempo, hagámoslo slow
Múevelo ma', lowride' swing
Si morena, you got this
Yes you got, you got it
Que no haya un final, que sea timeless
Ceguemos el reloj, el tiempo
Golpeé otro X pa'l momento
Matemo' de una ve' lo de adentro, yeah
Abró los puertos, que te sueltes
Loba sin piedad, sangre caliente
Sobresale de verdad, es un duelo a muerte
Eso' beso' gusto a miel, y yo sin na' 'e suerte
Me va a dejar como Cobain
Mientras tu lo mueva', el mundo sera nuestro
Sin importar lo que, lo que diga el resto
Si es controversial, como nos movemos
Si lo sé, lo siento, movamonos más lento
Movamono' má' len-
Movamono' má' len-
¡Playboi!
Mami por tí golpeé otro Perc
Se jodí'o otro show, maldito fuckin' blanco con flow
Equipo entero en el spot, aprovechemo' y vamonos
Traigo pa' tus ojos tentación, soy el guacho con mejor condición
No perdamo' el tiempo y perdamonos

Mami, vamonos
Tengo la sangre caliente
Calentemo' el ambiente
Sabes con el ya no vas a volver
 (Inspirado en ""Yeah Yeah"" de Young Thug ft. Travis Scott)
Bajo el efecto mariposa
A la velocidad de un Testarossa
Eso' testigo hablan y son poca cosa
No van a descifrar lo dicho y hecho en prosa
Lo nuestro cosa del pasado, y ellos hablandolo ahora
Se ve que les sobra el horario
Quieren limpiarme como un Zonda
Okay babe, let's roll now, let's get out, night road
Where now, girl?, you don't know?, I'm thinkin, I know
Let's bump girl, let's go now, like my sound, you know
If you show, your big ass, my T-shirt, on ground
Ride on me, like lowride', do it girl, play slow
She poppin', a Xan now, I'm lost now, and she too
Two crows now, on the moon, doing it, who cares?
I'm drive now, too much fast, Molly have, the fault
I'm fucked up, I'm dope now, my head will, explode
I lost time, too my mind, party's off, go home
Okay babe, a rodar, afuera, rock and roll
¿Y ahora qué?, ¿cuál e' el plan?, un puzzle, she thug
Hagamos, par de olas, 808, you know
Mi chula, tu lowride', suspensión, get low
Su cuerpo, mi cena, en la mesa hay, gestión
Papeles, un boligra', contador, g-point
Ciclogénesis, pintura, un lienzo, arte
Ma ¿dónde?, ¿tú quieres?, ¿las perlas?, dime
¿En la boca?, par de grillz, ¿el cuello?, un collar
Tsunami, surfea ma', squirt girl, oh god
¿Y ese olor?, pecador, un Xanax, I'm lost
Flotando, volando, viajando, butterfly doors
But if you want it, call me
The bed will be are prepare it
In the hood or in the city
Takin' a punch of this
Yeah, yeah
Siempre mantuve el rango, fuí con actitud
Ellos quisieron frontear con poca altitud
Mami, ¿dime si me faltó a mí gratitud?
Todo' lloran cuando le hablan sobre la virtud
Ustede' con el pie izquierdo hacia el ataúd
Yo con el pie derecho hacía la multitud
Hice rejuvenecer a to'a la juventud
Esta mierda habla sola sobre magnitud
Sus rostros caídos al ver como gano aptitud
Al ver como voy sobra'o de mucha latitud
 (Inspirado en ""5 Mo"" de French Montana ft. Travis Scott & Lil Durk)
One more, I need one more
Una pill ma' pa'l tour, to' esto me tiene bajo presión
Pa' ti mis ojos son LED, dime en mi que puedes ver
Que es lo que quiere' ser, te lo vo'a condecer
 (Inspirado en ""5 Mo"" de French Montana ft. Travis Scott & Lil Durk)
1, 8, 0, 4
Llamada al plug
Lo buscan, o se lo llevan, hay dos modos
Hay to' por haber, dime que quieren ser
Que quieren tener, se lo vo'a conceder
1, 8, 0, 4
Llamada al plug, lo buscan, lo tienen, lo lle-va-mos
Hay to' por haber, dime que quieren ser
Que quieren tener, se lo vo'a conceder
Mis negros con bandanas
Parecen salidos de Atlanta
 (Inspirado en ""RaRa"" de Travis Scott ft. Lil Uzi Vert, ""STARGAZING"" de Travis Scott & ""SICKO MODE"" de Travis Scott ft. Drake & Swae Lee)
Voy por la ciuda', la scuderia va so-bre mi
Rari-Rari like Ferrari, goin' crazy
Molly o Code, en el party no lazy
Revolucione' máxima, my mind so lazy
Toda la copa rosa, cerca a un Ferrari (Yeah)
Ma' mintamono' más, vamos a Paris (Paris)
Que se joda el avión, nos sacamo' el Italy (Oh, yeah)
I have so much of this, esto nos sale gratis (Yeah, yeah)
Voy como Ferrari, acompaña'o 'e mis demons
Que no se corte el flow, tira más de estos
Give me gas nena, abreme los puertos
Mami tengo alas, volemos recto (Yeah)
Ferrari so fast, ya no pue'o frenar, eh
Resguardame ma', que voy a chocar, yeah
Como Fangio, voy rápido
El maestro, genio en esto, yeah
Mami peguemo' otro viaje, otro rodeo al tour
 (Inspirado en ""Saint Laurent Mask"" de Travis Scott & Quavo)
Tanto agua en hielo, voy en jetski
Me deslizo por todo aréa metro
Sneak flash, neon Gucci
Corro maratone' como Kimetto
El brillo 'e la' Flashtrek que me cegan
No se ni pa' donde estoy llendo
Su' beso' en mi cuello ya no queman
Voy rodea'o de ice, bajo cero
 (Inspirado en ""Smell of Money"" de Travis Scott & Quavo)
Ice cold, el cuello froze
Water lord, Po-sei-dón
Sub-Zero, voy bajo cero
Cobro cache' de lo' clube' por cada maldito show
Y ellos andan buscan' que corte to' lo' flow'
No creo que de esta mierda salga ileso
Voy tumba'o por cul-pa 'e su' besos
Ella too high, yo butterfly, somos dos
¿Cómo és?, oh ¿cómo es?
Que me mantega así de flex
Culpa 'el reflex, yeah
Brillo en mí, refle' bailan sobre mí
Que no se corte el feel, vierte un cuarto más de Lean
Y to' lo que hice, ahora que ya lo logré
Ahora lo corrigen, ¿cuándo, quién y dónde?, ja
Me he convertí'o en designer
Y voy con una cara que no da razón
Entiendo to' aunque vuele alto
Siempre voy bajo un efecto
Voy con reflex, bai-lan mis chains
Gua-po y flex, do-mino el set
 (Inspirado en ""Mamacita"" de Travis Scott ft. Rich Homie Quan & Young Thug)
El anterior día en el tour de Tonight
Me quede en la parte de atrás, en punto coma, fuck up
Intoxicado, casi voy al más alla
Una vez que me vaya, ya no hay vuelta atrás, atrás, atrás
Mami chula, chula, muy chula
Sabes que te necesito ya, muy ya, muy ya, right now
Ella se enciende cuando las luces se apagan
Baje otro M pa' cortar las dudas
Chica fina y con estilo, como tu no hay otra
Forastera del pueblo, la bandida del lugar
Parece pornstar, big booty
Grandes pechos, pussy juicy
Dime que esto no es un sueño
Que esta baby no es de enserio
I will hit your ass, bitch
Si fuera la alguacil del pueblo, que me lleve a prisión
Bandida con garra, es feroz
Se que sos mala pero escondes amor
No te voy a dejar ir
Esta noche nos vamos a mentir
Quiero que me mientas una ve' ma'
La movie en play, hagamosla realidad
Motor a combustión
Mami, ¿sientes la inyección?
Pa' que cojerme a América
Si con ella me cojo el mundo
Su culo anestesiado, completamente cegado
Ma' ya perdí el horario
Somo' do' locos encerrados en el frecuente pecado capital
Pediste otra vuelta al rodeo asique hoy lo vamo' a incendiar
Vos y yo contra lo opuesto a lo bueno, somo' un dúo ilegal
La ley nos busca, a punta de fusca por evadir lo que es legal
Ma' ¿porque lo mueves así, acaso estas loca?
A cuantas revoluciones debo llegar pa' comerte la boca
Se que te gusta lo frío, tu boca se disloca
Voy a dejar mi nombre marcado en tu cuerpo ahora
Ma' ahora dime en que condición seguir
Ya no se porque sigo aquí
Enterrado bajo metros, puesto pa' otro deal
Fatality, uh, brutality, uh
Quitality, Mortal Kombat, the trilogy
 (Inspirado en ""Skyfall"" de Travis Scott ft. Young Thug)
Sin caballos de fuerza
Voy arrastrandome por la carretera
Con un hambre que me pesa
Y con mi cuerpo pega'o a la acera
Dime mami por mi quien ya reza
Ya perdí la carrera, me encuentro fuera del sistema
Yo no veo ese lema
La mentira te salío cara pero a mí me quema
Me tiemblan las piernas
Pero con la frente en alto a pesar que me duela
Dilemas, problemas, ¿por qué?
No quiero llorar, no más
Solo quiero volar, mucho más
Abro mis ala', a to' gas
Sin importarme na', de na'
 (Inspirado en ""Verte"" de Neo Pistea ft. Quan The Young)
No vo'a dejar que ese bobo otra ve' te deje sola
Te invito a mi cama pa' matar las horas
Montados en la ola, tengo par de rolas
Sintamo' la envidía del que nos piensa ahora
Hay locura en tu boca, explaya tu forma
Si esto se va de manos no habrá reforma
Quiero comerte toda, quitaté todo
Mi mano en tu torax, sube hasta el torso
Tu luna de miel, la empezamo' hace poco
Se te eriza la piel, prefieres a este loco
Pa' esto soy sencillo, no quiero detalles
Si el otro acá pisa, mejor que no hable
Que importa si se alarda, lo veo más tarde
Estoy ocupa'o contigo, cortandono' el aire

Un diamante en bruto queriendo explorar el mundo
Si no la pego con esto que sera de mi en los próximos minutos
Algunos quieren que me calle pero lamentablemente no soy mudo
Se me da hablar y escupir realidad así de crudo
Así soy yo, es como soy, naci con flow, obvio que no lo dudo

Esto suena rap pero en trap es en cual lo escupo
Porque como dije anteriormente el rap llego a su punto
Se acabaron los 90', llego el nuevo brillo del futuro
Y no venga a decir que no brilla si ya brilla a lo bruto
Cada palo semanal se graba y se queda bajo el título
Nací con una carga de flow que hasta ya parezco un mulo
Saben que lo hago a punto caramelo sin disimulo
Soy un diamante en bruto, lo digo para justificar mis versos
No lo digo por ser agrandado, no me va el ser canchero
Solo forreo cuando tengo que rapear y destacar mas de lo normal
Ahora no me puedo ocultar, tengo una meta que alcanzar
Un criminal más que trae más delitos más graves para el trap
Otro más de mi generación que ejerce fuerza en contra de la autoridad
Aca muchos tienen huevos para reprochar pero no pa' hacernos cambiar
Distinta mentalidad, obvio que no somo' igual
Yo pienso en avanzar, otros solo' en quedar atras

Me dicen que frene porque no llegan a estas revoluciones
Soy el único apto para manejar en estas condiciones

Les habla Tekay, un criminal en actividad
Demostrando habilidad, cometiendo delitos con verstalidad
Yo se que a ellos no les sale igual, por eso me quieren bajar
¿Pero porque me tendría que dejar?, voy en despegue directo a volar

Andando por la city perdido, con el corazón mal herido
Hasta que no cumpla los sueños que he vivido
Yo no podria descansar perfectamente en paz

Porque por más que tenga competencia mi sonido
Soy un diamante en bruto y lo muestro en el vinilo
Debería distinguirme a punto caramelo en cada ritmo
Pero lamentablemente triunfa el que menos da

El talento se pierde en las sombras
Se extinguen valores y obras
La mentalidad y las ideas ya no se negocian
Y a los que menos talento tienen los otros les da los huevos de nuevo pa' renegociar

Tengo una plaga, que se desplaga, por las pradas de mis sueños
No existen domadores que puedan domar todo este ingenio
No existen cortadores que puedan cortar todo mi sueño
No tengo un demonio interno que me diga cual es para mi el mejor cuero
Yo se a donde llevo mi juego, si esta acá es por algo negro
Porque nadie me va a decir a mi cual es el mejor precio
Yo no soy alguien necio, no me voy a vender por dos miseros pesos
Me la suda el poder, yo solo quiero dejar un legado con esto
Ser alguien diferente y poder resaltar grande del resto
Sigan tirando mierda que no me afecta ni un 1/4 de sus textos
Porque se que tengo talento y se muy bien como hacerlo

A camara lenta, sin violeta, veo como todo lo que soñe se acerca
 (Inspirado by ""Out West"" de JACKBOYS ft. Young Thug)
Beba, seremos solos tu y yo
Vamos a perdernos esta noche
Disfrutar hasta que salga el sol
Hasta que los dos sintamos el choque
Ningun reproche, solo derroche
De las 10 hasta las 6, y del party al suite
Para la suite tomamos un ánden, y terminamo' este chantaje en el hotel

Gucci, Lou
Goku, Trunks
Dragon, Ball
 (Inspirado by ""beibs in the trap"" de Travis Scott ft. NAV)
Don't lose the control, is not my fault
That your bitch is a hoe
Vierte oxicode en mi vaso
Ven y perdamos el control
Perras que quieren treparse
En la crib quieren alojarse, no hay lugar pa' relajarse"
"Beéle, Ovy On The Drums",mi refe,4zhk2RS2EZODmBW6il55Qj,"To' el mundo ya supone que tú y yo somo' algo (Oh-oh)
Confirman en la calle que contigo es que salgo (Uh-uh)
¿Entonce' pa' qué mentirno' más? (Ah)
No sé pa' qué seguir disimulando más (No)
Que importe un culo lo que piensen los demás (Uh-yeah)
Tú y yo nacimo' pa' estar juntos, yo me pregunto

¿Pa' qué putas esconderno'?
Dejemo' tanto misterio para verno'
Yo te gusto, tú me gustas, eso hace rato se sabe
Delante de la gente bésame
¿Pa' qué putas esconderno'?
Dejemo' tanto misterio para verno'
Yo te gusto, tú me gustas, eso hace rato se sabe
Delante de la gente bésame

Vo'a presumir que estás dura (Oh), yo tu gángster, tú mi chula
Contigo me pasa que no me importa lo que comenten
Si nos llegan a la altura (No, no), tienes vibra de alma pura (OH)
Para el mal, ella es mi cura, su cintura está demente

Yo me enamoré, eh, eh, eh, eh
De ti más me enamoro, oh, oh, oh, oh (Ah-ah)
Con la espalda en la pared, eh, eh, eh, eh (Eo)
Sin pensar que alguien nos vio, oh, oh, oh, oh
De ti yo me enamoré, eh, eh, eh, eh (Aye)
De ti más me enamoro, oh, oh, oh, oh
Con la espalda en la pared, eh, eh, eh, eh
Sin pensar que alguien nos vio, oh, oh, oh, oh (No, no)

¿Pa' qué putas esconderno'?
Dejemo' tanto misterio para verno'
Yo te gusto, tú me gustas, eso hace rato se sabe
Delante de la gente bésame
¿Pa' qué putas esconderno'?

O-O-Ovy On The Drums"
"Ovy On The Drums, Quevedo, Beéle",YO y TÚ,7koAf6aZgjO6TS7bipfPD0,"You give me sweet love, babe
O-O-Ovy On The Drums
Or you give me sweet heartbreak

Yo siempre había singa'o (Ah-ah-ah)
Pero contigo es primera vez que hago el amor (Que hago el amor)
Tú me encantas, ma, mucho con demasia'o
Ser el que te despierte a beso', e' un honor
Baby, por favor (Óyelo)

Imagínate tú y yo
Yo y tú, los do'
Bailando esta bien pega'o
Con un Phillie enrola'o
Imagínate tú y yo
Yo y tú, tú, tú, los do'
Bailando esta bien pega'o
Con un Philliе enrola'o

Tu espalda pegá' a mi abdomеn perreando en una esquinita del VIP
Me muerde el labio y me pregunta: ""Do you like it?""
Mami, obvio, si parecemo' novio'
Si me doy otro shot quizás se me escapa un ""I love you""
Pero yo no quiero eso (No)
Por lo meno' hasta ayer eso pensaba
Y eso que soltero estaba melo
Pero Cupido no falló su última bala, esa me dio
Y ahora me tiene mirando arriba, pidiendo a Dio'
Que nunca se acabe este momento perreándono'
Se me está ocurriendo un futuro para los do'
Que empieza esta noche en mi cama singándono'
Y ahora me tiene mirando arriba, pidiendo a Dio'
Que nunca se acabe este momento perreándono'
Se me está ocurriendo un futuro
Pero pa' empezar bajemo' esta bellaquera

Imagínate tú y yo
Yo y tú (Yo y tú), los do' (Los do')
Bailando esta bien pega'o
Con un Phillie enrola'o
Imagínate tú y yo
Yo y tú, tú, tú, los do'
Bailando esta bien pega'o
Con un Phillie enrola'o

En cámara lenta yo te quiero ver
En esta esquinita te vo'a secuestrar
Yo sé, mami, que a ti te gusta el bling-bling
Tenerte de espalda, mami, arrecostá'
En cámara lenta yo te quiero ver
En esa esquinita te vo'a secuestrar
Yo sé, mami, que a ti te gusta el bling-bling
Tenerte de espalda, mami, arrecostá'
To'a mis ganas se me salen
Si me mira' así, me pone mal
Cómo me besa' es to' lo que está bien
Volvamo' a hacerlo, ¿tú te imagina'?
Toa' mis ganas se me salen
Si me mira' así, me pone mal
Besarno' así es to' lo que está bien
Dime pa' qué quedarno' con las gana'

Imagínate tú y yo
Yo y tú, los do'
Bailando esta bien pega'o
Con un Phillie enrola'o
Imagínate tú y yo
Yo y tú, tú, tú, los do'
Bailando esta bien pega'o
Con un Phillie enrola'o

Gu-gu-gu-gu-gu
Aye (Ah)
Quevedo, óyelo
Ovy On The rasta Drums
Rasta Drums, yeah
Beéle, eh-eh, KEITYN
Alright
The Kristoman
Óyelo, Súper Da"
"Myke Towers, Quevedo",SOLEAO,4OsBqqMwFabHATATT527tH,"Yeah
Quiero ganarle al tiempo pa' contigo poderme perder
Y por más que pase y que tome distancia, siempre va a volver
No quiero molestar, mi amor, solo llamé pa' saber
Cómo usted se encuentra, porque la he buscado

Y el día está solea'o, te quiero de mi la'o
Tira'o en las sábana', la gente no sabe na'
Hay mucho averigua'o, vámono' pa' otro la'o
En donde no hay cámara', la llama no apagará

Dale, que yo estoy ready (Ah)
Ya me di par de shot y tú me pusiste débil (Ah-ah)
Vamo' a dejarno' a media' la peli (Eh-eh)
Que tú y yo somo' adicto' a lo mismo, eso nos une (Sí)
Muchachos, ¿qué me pasa? (Ah) Que ando feliz un lune', ey
Y llevo to' el día con ella mandándome suciería', ey
Cuando llegue, te hago mía (Ah-ah)
Tú dame la garantía (Sí), ey
De que puedo confiar
El amor me ha hecho pasarlo mal (Ay)
Odias mi pasado, baby, normal (Normal)
Total, yo también lo haría
Baby, si fuera tú, uh-uh-uh
Yo me disfrutaría el momento (Sí)
Que de ti sí que no me arrepiento (Ah), ey
Mami, uh-uh-uh
Hoy el día está lindo
Quedémono' en casa, baby

Que el día está solea'o, te quiero de mi la'o
Tirada en las sábana', la gente no sabe na'
Hay mucho averigua'o, vámono' pa' otro la'o
En donde no hayan cámara', la llama no se apagará

Ojalá que lo nuestro fuera pa' siempre
Bebé, tú me tiene' impaciente
Vámono' de aquí, que hay muchas cosa' que quiero hacerte (Hacerte)
Borró sus llamada' reciente' (-ciente')
Tiempo me tomó convencerte
Al estar a tu lado yo corro con suerte (Suerte)
Me baila de espalda y de frente (De frente)
Te extraño cuando estás ausente
Baby girl, supe que era mía a la que la miré
Yo puedo roncarle, pero na' diré
Me dio con seguir a la que terminé
Primero boca arriba, luego la viré
Ella fue la que me ayudó a olvidar a mi ex
Sé que en tu corazón mi huella la dejé
Como cuando en la orilla contigo caminé

El día está solea'o, te quiero de mi la'o
Tira'o en las sábana', la gente no sabe na'
Hay mucho averigua'o, vámono' pa' otro la'o
En donde no hay cámara', la llama no apagará
Y el día está solea'o, te quiero de mi la'o
Tirada en las sábana', la gente no sabe na'
Hay mucho averigua'o, vámono' pa' otro la'o
En donde no hayan cámara', la llama no se apagará

Young Kingz, baby
Yo te lo hice a ti en la playa justo al frente de la orilla
Ella y yo no somo' nada, pero solo entre comilla' (Comilla')"
"Alleh, Yorghaki",capaz (merengueton),2dd3G3ZqEcG2cNS1tp3oEk,"No-no-no-no, no-no-no-no (No, no, no, no)
¿Qué tanto podía durar? Si desde que empezamo'
Lo mismo sentimo' y decidimos creer

Parte por parte menos ropa, de noche al amanecer
La' hora' se hicieron cortas, suficiente pa' entender

¿Qué más da si besarte es tan fácil?
Quería olvidarte, no lo logré, pero casi
¿Qué más da si besarte es tan fácil?
Te sigo en las redes como fan a papa—

Y capaz no funcionamos
Capaz nos dimos la mano
Capaz nos fuimos temprano
Y queríamos quedarnos más
Que nada de esto sea en vano
Cuando te diga ""te amo""
Sin que lo digas, te aclamo
¿Cómo esto va a terminar?

¿Qué más da si besarte es tan fácil?
Quería olvidarte, no lo logré, pero casi
¿Qué más da si besarte es tan fácil?
Te sigo en las redes como fan a paparazzi

Atrévete, ven, pégate, bailando, pega tu cintura
¿Que tu cuerpo no me quiere? Todavía tengo mis duda'
Envicia'o de ti, si no es contigo, no quiero na', no quiero na', no quiero na'

Aventurándome por tu piel, no quieres que pare (No quieres que pare)
¿Qué te parece que tengo en mente una vuelta por la ciudad?
Tu cara dice que te entretiene, date la oportunidad
¿Quién quita que se nos da? Y ay, se nos da

Y capaz no funcionamos
Capaz nos dimos la mano
Capaz nos fuimos temprano
Y queríamos quedarnos más
Que nada de esto sea en vano
Cuando te diga ""te amo""
Sin que lo digas, te aclamo
¿Cómo esto va a terminar?

Qué más da si (Da si)
Qué más da si (Aventurándome por tu—)
Qué más da si (Envicia'o de ti, si no es contigo, no quiero na')
Qué más da si (No quiero na', no quiero na')

Aventurándome por tu piel, no quieres que pare (No quieres que pare)
¿Qué te parece que tengo en mente una vuelta por la ciudad?
Tu cara dice que te entretiene, date la oportunidad
¿Quién quita que se nos da? Y ay, se nos da

Y capaz no funcionamos
Capaz nos dimos la mano
Capaz nos fuimos temprano
Y queríamos quedarnos más
Que nada de esto sea en vano
Cuando te diga ""te amo""
Sin que lo digas, te aclamo
¿Cómo esto va a terminar?
Y capaz no funcionamos
Capaz nos dimos la mano
Capaz nos fuimos temprano
Y queríamos quedarnos más
Que nada de esto sea en vano
Cuando te diga ""te amo""
Sin que lo digas, te aclamo
¿Cómo esto va a terminar?"
Bad Bunny,KLOuFRENS,4MUrUT38U98olfnyzMBCzm,"¿Cómo diablos vo'a olvidarte si ya te vi sin ropa?
Wow, qué obra de arte, sé que prometí que iba a alejarme

¿Pero cómo quiere' que me vaya bien?
Si tú no me saca' de los close friends
Me paso stalkeándote pa' ver qué hace'
Enchula'o, puede que se me pase
¿Pero cómo quiere' que me vaya bien?
Si tú no me saca' de los close friends
Me paso stalkeándote pa' ver qué hace'
Enchula'o, puede que se me pase

¿Cómo diablo' vo'a olvidarte?
Si cuando estoy solo y prendo lo que hago es pensarte, eh-eh
Mami, me dejaste hipnotiza'o, coloniza'o
Otra galla como tú todavía no ha pisa'o
Ese totito era bello, precioso, cute
Me dejaste envicia'o, ey
Pelinegra o blondie, ma, tú ere' la baby
Dando vuelta' por la SanSe escuchando a Dei V y a Ousi
To' lo mío es tuyo, si quiere' te doy la OC
Quiero comerte esos labio' glossy
Oh, sí, mmm
Esto no tiene que pasar
, no
Pero veo el circulito verde y me vuelvo a ilusionar
Tú ere' mala, tú lo hace' intencional
Una player profesional (Ah-ah)
Total, esto no iba a funcionar
Pero te veo y me vuelvo a ilusionar
Tú ere' mala, tú lo hace' intencional
A tu nombre me lo voy a lesionar
'Tá cabrón que pa' ti es normal

¿Pero cómo quiere' que me vaya bien?
Si tú no me saca' de los close friends
Mmm-mmm, mmm-mmm, mmm-mmm, mmm-mmm

Dime qué pasó, mi amor
Que ya no me envía' los bueno' día' por la mañana
Y en la noche ante' de acostarte ya no me llamas
¿Será que ya encontraste a alguien má' y me cambiaste?
Está cabrón cómo de tu vida ya desaparecí
Qué triste que terminó así, que terminó así, eh
¿Será que a otro ahora le cuentas tu día
Y lo hace' reír con los chiste' que tú me hacía'?
No tengo stickers nuevo', mami, porque ya tú no me los envía'
Te fuiste cuando más yo te quería, eh
Y ya nadie sabrá lo que tú y yo pudo ser
Qué triste, no conocerá' esa parte de mí que yo sé que te iba a gustar
Y nadie sabrá lo que tú y yo pudo ser
Qué triste, no conocerás esa parte de mí que yo a nadie le suelo mostrar"
"Rauw Alejandro, Bad Bunny",Qué Pasaría...,0l0vcZMU7AOeQmUIREoI2U,"¿Qué pasaría si volvieran esas noche' dentro de ti?
Qué rico fue cuando te metí
Tú sabe' lo que hicimo'
Y ahora sin buscarno' en la disco nos vimo'

¿Qué pasaría si estuviéramos solos?
En una cama, ey, ey, recordando
Cómo ante' yo te lo metía, tu amiga se fue
¿Por qué te estás quedando? Algo te está faltando, bebé, y

Yo lo tengo, ma, yo lo tengo, ma
Yo lo tengo y te lo doy esta noche (Wuh)
Suena su canción, suena su canción
Tú la ve' y nadie la conoce
No lo piense' má', no lo piense' má'
No lo piensе' y dame otra noche
Que yo tе doy lo que te falte, bebé (Ra-Rauw)

Y si nos comemo' otra vez, ¿a quién le importa? (¡Yah!)
Esto es cosa nuestra, cuando la bellaquera aprieta (Wuh)
Lleno de video' dándole están las carpeta'
La tengo brincando en un split (Yih)
Explícita le gusta la letra (¡Ah!)
Tú siempre' termina' aquí
Mi gata salvaje y yo soy quien te aquieta, eh
Yo sé que tú no vas a parar hasta tener lo que quieres (No, oh-oh, yeah)
Ella está prendía' en fuego, quiere que me queme (Quiere que me queme)
Ya por mi mente pasa hacerte un par de nenes (Ja)
Diablo, qué culo tienes (Yeah-yeah-yeah-yeah; wuh)

Baby, no te haga', tú sabe' lo que va a pasar
Si no te la saco, me va' a tener que envasar
Tú sabe' quién la tiene, yo sé cómo te viene'
Imagínate un baby si juntamo' los gene'
Por ahora no quiere, en la boca la prefiere, y
Se dio un shot de mi ADN
Tan callaíta' la nena (Wuh), pero bellaqueando nunca frena (Yih)
Sudaíta', brincando, brillando como mis cadena'
Ba-Ba-Baila, morena (
¡Yah!
)
Me mira y me lo agarra, ella sabe pa' qué
Es que la noche está buena
La disco está llena, pero

¿Qué pasaría si estuviéramos solos?
En una cama tú y yo chingando
Como antes yo te lo metía, tu amiga se fue
¿Por qué te estás quejando? Algo te está faltando
Eh, eh, eh, eh (¡Yah!)

Yo lo tengo, ma, yo lo tengo, ma
Yo lo tengo y te la doy esta noche (Yih)
Suena su canción, suena su canción
Tú la ve' y nadie la conoce (Yih)
No lo piense' má', no lo piense' má'
No lo piense' y dame otra noche
Eh-eh-eh, eh-eh-eh, eh-eh-eh, mmm

Dime, MAG, ponle más
Dime, MAG, ponle más
Ey, ey, ey, ja"
"J Balvin, Bad Bunny",LA CANCIÓN,0fea68AdmYNygeTGI4RC18,"Yeh, yeh, yeh

Pensaba que te había olvida'o, eh
Pero pusieron la canción, eh, eh, eh
Que cantamo’ bien borracho'
Que bailamo' bien borracho’
Nos besamo' bien borracho' los dos
Pensaba que te había olvida'o, eh
Pero pusieron la canción, eh, eh, eh
Que cantamo' bien borracho'
Que bailamo' bien borracho'
Nos besamo’ bien borracho’ los dos
Pensaba que te había olvida'o

Justo cuando creía
Que por comerme a do’ o diez, te olvidaría' (Yeh)
Cogí un respiro y me salí de la vía
Y como un pendejo, no sabía lo que hacía
Nunca lo superé, nunca te superé (No; no)
Hasta me aprendí to'a la' balada’ en inglé' (Yeh)
Respiré y conté hasta tres (Uno, dos, tres)
Ere' la fantasía oscura de Kanye West, bebé, ey
Hace tiempo lo barato me salió caro (Yih)
Yo sólo twitteo, bala' loca' disparo (Yih)
¿Cómo olvidar la bellaquera en el carro?
¿A que guió solo?

Pensaba que te había' olvida'o (Pero no), yeh
Pero pusieron la canción, yeh, yeh
Que cantamos bien borrachos
Que bailamo' bien borrachos
Nos besamo' bien borracho' lo' dos
Pensaba que te había' olvida'o, eh
Pero pusieron la canción, yeh, yeh
Que cantamo' bien borracho'
Que bailamo' bien borracho'
Nos besamo' bien borracho' los dos, ey, ey

Y hace tiempo que no venía' a mi cabeza
Pero ya van par de cerveza'
Y me acordé de cómo tú me besa'
De to' lo' polvo' encima 'e la mesa
Y en el carro, la playa, y el motel
En casa de tu pai', cuando yo te iba a ver
Las vece' que tu mai' no' llegó a coger
Tú brincando mojaíta', sudando Chanel
Yo sé que lo nuestro e' cosa de ayer
Y me pone contento que te va bien con él
Yo ni te extrañaba ni te quería ver
Pero pusieron la canción que te gustaba poner
Y me acordé de ti, cuando me hiciste feliz
Se acabó, pues, me fui, ey
Yo mismo me río de mí porque—

Pensaba que te había' olvida'o, eh
Pero pusieron la canción, yeh, yeh
Que cantamos bien borrachos
Que bailamo' bien borrachos
Nos besamo' bien borracho' lo' do'


Y yo pensaba que tu nombre estaba muerto, eh
Pero te soñé despierto, ey
Hoy salí pa' la calle suelto
Sin sentimiento', el corazón desierto
Y yo pensaba que tu nombre estaba muerto
Pero te soñé despierto
Hoy salí pa' la calle sueltoSin sentimiento', el corazón desierto"
Babasonicos,Como Eran Las Cosas,61qPUnazSdkvua4wgA4L8C,"Creo que es momento para otra bomba de humo
Y batirme en retirada
Nuestra sociedad me perjudica
Vos no sos una chica cualquiera
Qué ridículo es que pienses
Que todo es tuyo, inclusive yo
Todo eso tuyo puede ser
Pero esta noche es para los dos

Quizás fue en la mañana
En que vendados los dos
Descubrimos cómo eran las cosas
Y sin abrir los ojos nos teletransportamos
A donde desearíamos estar

Entonces deshace el hechizo
Que me obliga a arrastrarme
Entre Guinea y tu sabanas
Nuestra sociedad no ayuda mucho
Mientras la pasás bien, yo lucho

Quizás fue en la mañana
En que vendados los dos
Descubrimos cómo eran las cosas
Y sin abrir los ojos nos teletransportamos
A donde desearíamos estar
Quizás fue en la mañana
En que vendados los dos
Descubrimos cómo eran las cosas
Y sin abrir los ojos nos teletransportamos
A donde desearíamos estar


Pero también lo siento
Que sólo es un momento
Que todos deberíamos pasar

Quizás fue en la mañana
En que vendados los dos
Descubrimos cómo eran las cosas
Y sin abrir los ojos nos teletransportamos
A donde desearíamos estar
Quizás fue en la mañana
En que vendados los dos
Descubrimos cómo eran las cosas
Y sin abrir los ojos nos teletransportamos
A donde desearíamos estar"
Omar Courtz,POR SI MAÑANA NO ESTOY,595wwjQiad6e6lSTScmXvz,"Baby, por la noche, I wanna kiss you
Aunque sea por FaceTime, I wanna fuck you
Cuando tú no está', me siento lonely
Me cuesta admitirte that I miss you
Habla claro, do you wanna fuck me?
Porque toa' las noche' I wanna fuck you
Cuando tú no está', me siento lonely
Me cuesta admitirte that I miss you
That I miss you

Tu tatuaje de luna en el tobillo
Tu piel color perla, ojito' con brillo
Los polvito' escondido', no me olvido
Enamora'itos, éramos niño'
Y se sentía real, todo era real
Si te lo hice en el prom, baby, ¿cómo olvidar?
Pai me prestaba el carro y te salía a buscar
""Engancha tú primero que no quiero enganchar"" me decía'
Que tú iba' a ser mía pa' siempre, tú me decía'
Que no iba a pegarme en la música, me decía'
Hice un choli pa' cantarte y no fuiste ese día a verme
Tu silla estaba vacía, vacía como la mansión cuando me voy de gira
Vacía como la guagua que tú quería'
Me monto en el pasajero imaginando que la guía'
Escuchando ""MARGIELA"" y ""P o l v o s Q u e N o S e O l v i d a n""
Uh-uh, ese era pa' ti, ""LUCES DE COLORES"" y ""P I E N S A S E N M I""
Ya mismo me gano un Grammy y na' más hablando 'e ti
Me preguntan quién es la primera musa y les tengo que mentir
A lo mejor, a lo mejor ya tú tiene' una vida mejor
A lo mejor tiene' a alguien que te trata mejor
Pero no sé si te pasa lo mismo que yo, es que por la noche, eh
Baby, por la noche yo te extraño
Baby, por la noche e' que te pienso
¿Cómo es que ahora somo' do' extraños?
Sí hasta tengo fotos tuyas que ni enseño
Baby, te lo juro, me hace daño darte besito' na' má' en mis sueño' (Uh-uh)
¿Cómo es que ahora somo' do' extraño'?
Si encima mío me estabas diciendo que

Baby, por la noche, I wanna kiss you
Aunque sea por FaceTime, I wanna fuck you
Cuando tú no está', me siento lonely
Me cuesta admitirte that I miss you
Habla claro, do you wanna fuck me?
Porque toa' las noche' I wanna fuck you
Cuando tú no está', me siento lonely
Me cuesta admitirte that I miss you
That I miss you

Mami, frente a la playita, aquí 'toy solo
Mirando la luna, solitario el lobo
Pensando en la primera vez que te besé
Tú me tienes viviendo en el 2016, recordando que
Mañana hay escuela y tu mamá nos daba hasta la 1
Hoy voy a pichear el PlayStation, eso es de una
Pa' ir a verte con la combi Ecko, las trenza' y el durag
Tu pai en el cuarto de al la'o, tú encima mío, desnu'a
Pa' los tiempo' 'e Maybach Music, cuando Anuel decía ""uah"" (Uah)
Si ya no me amas como antes, como Ozuna
Hoy bajo las escalera' de La Perla
Ojalá encontrarte y que conmigo tú las subas, bebé
Y si mañana no estoy (Y si mañana no estoy), ey
Recuerda los momento' felice'
El tiempo cura todo, sana cicatrice'
Siempre sale el sol después de los día' grise'
Te deseo lo mejor; yo siempre te quise
Que cumpla' tus sueño', que los realice'
Y como el tiempo pasa rápido y no hay un reloj que avise
Esta la hice por si mañana no estoy, por si mañana no estoy
Esta la hice por si mañana me voy
Pa' que te acuerde' de mí, si mañana me voy
Nadie te va a querer como yo si mañana me voy
Por si mañana no estoy, si mañana no estoy
Esta la hice por si mañana me voy
Pa' que te acuerde' de mí, si mañana no estoy
Por si mañana no estoy
Por si mañana me voy, si mañana me voy
Esta la hice por si ma—, ey
Por si mañana me voy, si mañana me voy
Nadie va a quererte, baby, como yo
Si mañana me voy"
"Bizarrap, Daddy Yankee","Daddy Yankee: Bzrp Music Sessions, Vol. 0/66",2uPMsTEKx79gJ8rB3AcT0v,"¡Daddy Yankee!

Nueva temporada, ya empezó, dale play (Play)
Sonido del bajo, Bizarrap, suena el bass
Código 787, alias ""El Calentón"" (¡Wuh!)
Pon la batería, que llegó el reggaetón
Que lo bueno se metió pa' tu casa
Rey sin misterio, levantando la raza
Ando con el poder que to' los male' arrasa
To' el mundo me dice: ""¿Qué te pasa?"" (Eh)

Si me pregunta', a nadie yo le debo
Cuando me vaya de aquí, nada me llevo
Solo me voy con un amor verdadero
Los pie' en la tierra, siempre mirando al cielo
¡Daddy!

Fino es el chamaco y se le nota el barrio
Mi flow es eterno, ya no es legendario
No te estoy hablando 'e dólar, pero traigo el cambio
Es mi father quien llena el estadio
Conmigo pa' to' lao' camina, es quien me pone la vitamina
La verdadera gasolina, -lina (Prendan los motore')
No me deja para'o en la esquina, de Santurce pa' Argentina
¿Qué tú quiere' que te diga?

Si me pregunta', a nadie yo le debo
Cuando me vaya de aquí, nada me llevo
Solo me voy con un amor verdadero
Los pie' en la tierra, siempre mirando al cielo

¡Masivo!
(Prendan los motore')
¡Fuego!

Bi-Bi-Biza, búscate la visa (What?)
Que sea es la de arriba, que el enemigo no avisa (What?)
Estás viendo un hombre que renace 'e las ceniza'
Esto no lo para ni la patrulla fronteriza, listo

Nueva temporada, ya empezó, dale play
Sonido del bajo, Bizarrap, suena el bass
Código 787, alias ""El Calentón""
Pon la batería, que llegó el reggaetón
Que lo bueno se metió pa' tu casa
Rey sin misterio, levantando la raza
Ando con el poder que to' los male' arrasa
To' el mundo me dice: ""¿Qué te pasa?""

Si me pregunta', a nadie yo le debo
Cuando me vaya de aquí, nada me llevo
Solo me voy con un amor verdadero
Los pie' en la tierra, siempre mirando al cielo

¡Fuego!
¡Fuego!
(Zúmbale mambo pa' que mis gatas prendan los motore')
(Prendan los motore')

Bizarrap"
Bad Bunny,Tití Me Preguntó,1IHWl5LamUGEuP4ozKQSXZ,"Ey

Tití me preguntó si tengo mucha' novia', mucha' novia'
Hoy tengo a una, mañana otra, ey, pero no hay boda
Tití me preguntó si tengo mucha' novia', je, mucha' novia'
Hoy tengo a una, mañana otra

Me la' vo'a llevar a to'a pa' un VIP, un VIP, ey
Saluden a Tití
Vamo' a tirarno' un selfie, say ""cheese"", ey
Que sonrían las que ya les metí
En un VIP,  un VIP, ey
Saluden a Tití
Vamo' a tirarno' un selfie, say ""cheese""
Que sonrían las que ya se olvidaron de mí

Me gustan mucho las Gabriela
Las Patricia, las Nicole, las Sofía
Mi primera novia en kinder, María
Y mi primer amor se llamaba Thalía
Tengo una colombiana que mе escribe to' los día'
Y una mexicana quе ni yo sabía
Otra en San Antonio que me quiere todavía
Y las de PR que todita' son mía'
Una dominicana que es uva bombón
Uva, uva bombón
La de Barcelona que vino en avión
Y dice que mi bicho está cabrón
Yo dejo que jueguen con mi corazón
Quisiera mudarme con toda' pa' una mansión
El día que me case te envío la invitación
Muchacho, deja eso, ey

Tití me preguntó si tengo mucha' novia', mucha' novia'
Hoy tengo una, mañana otra, ey, pero no hay boda
Tití me preguntó si tengo mucha' novia', ey, ey, mucha' novia'
Hoy tengo una, mañana otra (Mañana otra; ¡rra!)

Tití me preguntó-tó-tó-tó-tó-tó-tó-tó
Tití me preguntó-tó-tó-tó-tó-tó-tó-tó (Qué pámpara)
Tití me preguntó-tó-tó-tó-tó-tó-tó-tó
Tití me preguntó-tó-tó-tó-tó (Pero ven acá, muchacho, ¿y para qué tú quiere' tanta' novia'?)

Me la' vo'a llevar a to'a pa' un VIP, un VIP, ey
Saluden a Tití
Vamo' a tirarno' un selfie, say ""cheese"", ey
Que sonrían las que ya les metí
En un VIP,  un VIP, ey
Saluden a Tití
Vamo' a tirarno' un selfie, say ""cheese""
Que sonrían las que ya se olvidaron de mí

Oye, muchacho 'el diablo azaroso
Suelta ese mal vivir que tú tiene' en la calle
Búscate una mujer seria pa' ti
Chacho 'el diablo, coño

Yo quisiera enamorarme
Pero no puedo, pero no puedo, eh, eh
Yo quisiera enamorarme
Pero no puedo, pero no puedo

Sorry, yo no confío, yo no confío
Nah, ni en mí mismo confío
Si quiere' quedarte hoy que hace frío
Y mañana te va', nah
Muchas quieren mi baby gravy
Quieren tener mi primogénito, ey
Y llevarse el crédito
Ya me aburrí, hoy quiero un totito inédito, je
Uno nuevo, uno nuevo, uno nuevo, uno nuevo (Ey)
Hazle caso a tu amiga, ella tiene razón
Yo vo'a romperte el corazón, vo'a romperte el corazón
Ey, no te enamore' de mí (No, no)
No te enamore' de mí (No, no), ey
Sorry, yo soy así (Así, así), ey
No sé por qué soy así (Ey)
Hazle caso a tu amiga, ella tiene razón
Yo vo'a romperte el corazón, vo'a romperte el corazón (Ey, ey)
No te enamore' de mí (No)
No te enamore' de mí (No), no
Sorry, yo soy así
Ya no quiero ser así, no"
"Bad Bunny, Ozuna, Farruko, Arcángel, Ñengo Flow, DJ Luian, Mambo Kingz",Diles,6C1RD7YQVvt3YQj0CmuTeu,"(Prende otro phillie, bebé)

Prende otro phillie, bebé, que ya mismo este se apaga (Ey, yo')
Vamos para el cuarto polvo, ya esto es una saga (Jajaja)
Dice que le gusta hacerlo con mis temas de trap (Oh, yeah)
Y si te preguntan por qué pa'l sexo yo soy tu fav

Diles que yo me sé tus pose' favoritas
Que te hablo malo y que eso te excita
Que te hago todo lo que necesitas pa' hacerte venir
Y dile' que yo me sé tus pose' favorita'
Que te hablo malo y que eso te excita
Que te hago todo lo que necesita' pa' hacerte venir

(¡Farru!)
Dile que soy el baby (Uh), tu novio viste de Old Navy
Yo sí tengo flow, él no tiene flow
Yo a ti te martillo y te doy dembow (Jaja)
Por la noche, cuando él se va
Tú me llamas con la necesidad
Porque te gusta cómo te doy
Tranquila, ma', que por ahí voy ya
Uh-uh-uh-uh
Quiero hacerte cosita' que nunca te han hecho (Te han hecho)
Esta noche conmigo tú tocas el techo (Tocas el techo)
Uh-uh-uh-uh
Cuando te pelean y estás en despecho (Despecho)
Me llamas y yo adentro te la echo (Jajaja)

Dime si tú quieres que yo te ubique en mi cama
Deja el drama, ven y mama
Voy a darte duro hasta por la mañana (Wuh)
Y que comience la acción (La acción; wuh-wuh)
Dame tu ubicación (Ubicación)
Tú sabe' que yo le llego
Y cuando llego, este bicho causa emoción (Auh; wuh)
Le bajo al pozo como Poseidón (Yeah)
Le abro las piernas en el balcón (Auh)
Pa' hablarte claro, ma', tú le mete' cabrón (Yeah)
Me gusta cómo con la boca me pone' el condón (Uh)
Y te queda mejor, mamá, cuando no me pone' na'
Este bicho es tuyo, avanza y corre
Ven y súbete en la torre (La Ma')

Diles que yo me sé tu' pose' favoritas
Que te hablo malo y que eso te excita
Que te hago todo lo que necesitas pa' hacerte venir
Y dile' que yo me sé tus pose' favorita'
Que te hablo malo y que eso te excita
Que te hago todo lo que necesitas pa' hacerte venir

Conozco tus pose'
Hago susurrar todas tus voce' por mi cuello
Se ilumina el camino cuando estrello tu cuerpo junto al mío
Haciendo detener el tiempo, este es el mejor momento
Pose' abajo o arriba, pose' en cuatro, encima o de la'o
Caliente, caliente, dime qué tú sientes
Si te doy de frente, se siente apreta'o
Tu culo pégalo cerca pa' retumbarte completa
Baja y sube en cámara lenta, ma'i

(Bad Bunny)
Vamo' a hacerlo dentro del carro y pichea el hotel (Hotel)
Que tengo ganas, bebé, y no hay tiempo para perder
Cristale' tintia'o, nadie nos va a ver
Estamo' bellaco' y queremo' meter (Wuh)
Tú y yo solitos, dale, apaga el cel'
Que te vo'a hacer lo que no te hace él
Y woh, heh
Los cristale' del carro se empañan
Tu carita de ángel me engaña
Yo soy sano, pero tú me dañas
Y woh (Woh)
Prendió un krippy y se puso lucí'a
Me dio un blowjob mientras conducía
Se trepó y me seducía

Y dile' que yo me sé tu' pose' favorita'
Que te hablo malo y que eso te excita
Que te hago todo lo que necesitas pa' hacerte venir (¡Farru'!)
Y diles (Dile'), que yo me sé tu' pose' favoritas
Que te hablo malo y que eso te excita
Que te hago todo lo que necesitas pa' hacerte venir

Bad Bunny
Bad Bunny
Hear This Music
Hear This Music
Mambo Kingz
Mambo Kingz
DJ Luian
Luian
¡Farru!
Ozuna
(Ozuna)
Ñengo Flow
Arcángel
(ELGENERO.COM)"
"Young Cister, Kreamly",QLOO*,7CMj1OOS1ho4CPEQTFKzcN,"Bear, smash that shit—
Kreamly
Dime cómo lo hace', cómo tú me satisface'
Se siente muy distinto, nena, tú me llevas en un viaje, yeah (Yeah)

Yo me tiro contigo desde el cielo
A tu vértigo, yo me atrevo
Quiero sentir que perdí el miedo
A ver si por fin es que me entrego a amar

Me tiene' como un loco por besarte
Sentir tu cuerpo, nena, a cada instante
Te lo juro que e' diferente
Nunca antes sentí tan fuerte
Contigo quiero hasta la muerte, mami

E-e-e-esa jevita está enterita, y tiene tremendo 
culo
 (
Hey, hey
)
Está tan linda, está tan rica, y tiene tremendo 
culo
 (
Hey, hey
)

Tiene cara, también un culo
Que si lo pienso yo me torturo
Y cada ve' que tú no estás cerca
Quisiera tenerte al desnudo
Una como tú manifesté
Que me quiera y me ame como uste'
Una baddie y princess a la ve'
Y sin duda

Yo me tiro contigo desde el cielo
A tu vértigo, yo me atrevo
Quiero sentir que perdí el miedo
A ver si por fin es que me entrego a amar

Me tiene' como un loco por besarte
Sentir tu cuerpo, nena, a cada instante
Te lo juro que e' diferente
Nunca antes sentí tan fuerte
Contigo quiero hasta la muerte, mami

E-e-e-esa jevita está enterita, y tiene tremendo 
culo
 (
Hey, hey
)
Está tan linda, está tan rica, y tiene tremendo 
culo
 (
Hey, hey
)

Mami, no creo que como tú existan má'
A vece' no puedo descifrarte, es especial tu forma de amarme
La manera en que me mira', cuando te monta' encima
Yo por ti hasta moriría, ojalá siempre fuera' mía
Quie-quie-quie-quiero ese culo por la eternida'
Tus ojitos curan mi' herida'
Tú ere' la reina de la ciudad
Qué bueno que estés en mi vida
No tiene tiempo pa' lo' demá'
Ellos saben que e' toda mía
Eso' bobos solo la miran
Y yo el que le da los bueno' día'

Yo me tiro contigo desde el cielo
A tu vértigo, yo me atrevo
Quiero sentir que perdí el miedo
A ver si por fin es que me entrego a amar
A ver si por fin es que me entrego a amar
A ver si por fin es que me entrego"
Airbag,Por Mil Noches,5vHWh24GAsXJ7tnIu8v7UN,"Yo sé que algunas veces
Me equivoco demasiado
Yo sé que estás cansada
De mirarme de costado, oh
Estoy arrepentido
Y me gana la nostalgia
Será que lo divino
No mezcló muy bien las cartas
Será cuestión de suerte
Que sigamos separados
Quisiera encerrarte
Por mil noches, por mil años

Sigo sin saber nada de vos
En este incendio
Cada vez que estás cerca de mí
Es un infierno
Desde el día en que te conocí


Quisiera encontrarte
Algún día en mi camino
No ves que sigo atado
A un recuerdo que no olvido
Y tengo tantas cosas
Que decirte al oído
Mentiras o verdades
Que no importan, da lo mismo

Sigo sin saber nada de vos
En este incendio
Cada vez que estás cerca de mí
Es un infierno
Sigo sin saber nada de vos
En este incendio
Cada vez que estás cerca de mí
Es un infierno

Hace un tiempo estoy así
No puedo dormir
Desde el día en que te conocí

Y las horas en la noche
Vuelan en la madrugada
Donde brillan las estrellas
Donde ya no queda nada
Y la noche me sorprende
Y me arranca las entrañas
Y me mata poco a poco
Me va dejando sin nada
Y tu risa se desborda
Donde mueren las promesas
No me pidas que me enoje
Si enojarse es tu destreza
Y no olvides que nos dimos
Todo lo que nos quedaba
Sin embargo, casi nunca
Nunca, no nos alcanzaba
Esa noche que te fuiste
Y que empezamos a odiarnos
Cada día que se vuela
Cada vez yo más te extraño

Oh, oh, oh
Oh, oh"
Cazzu,Con Otra,2F6PBqz7aPA7K309aFKMHt,"La que nada debe, nada teme
Robado se va lo que  robado viene
Tu papá y mamá debieron enseñártelo
Te enloqueces cuando él habla conmigo
Él me extraña y yo ni siquiera lo miro
Niña, no tengo intenciones de quitártelo

Pero fuiste mala y todo se paga
No soy tu enemiga, tienes tu enemigo durmiendo en tu cama
Y muy despistada, te estás cuidando de la equivocada

No te deseo el mal, pero él te va a engañar con otra
Será con otra y recordarás
De cómo tú te reías el día en que estuve en tu lugar
Y no lo dudo, te lo aseguro
No te deseo el mal, pero él te va a engañar con otra
Y será con otra y recordarás
De cómo tú te reías el día en que estuve en tu lugar
Y no lo dudo, te lo aseguro
Te va a engañar

La inseguridad lo vuelve loco
No fuiste tú el problema y yo tampoco
El amor que esperas, no va a dártelo
Yo jamás te haría lo que me hiciste
Y con todo y eso que dijiste
Aun así pudiera perdonártelo

Pero fuiste mala y todo se paga
No soy tu enemiga, tienes tu enemigo durmiendo en tu cama
Y muy despistada, te estás cuidando de la equivocada

No te deseo el mal, pero él te va a engañar con otra
Será con otra y recordarás
De cómo tú te reías el día en que estuve en tu lugar
Y no lo dudo, te lo aseguro
No te deseo el mal, pero él te va a engañar con otra
Y será con otra y recordarás
De cómo tú te reías el día en que estuve en tu lugar
Y no lo dudo, te lo aseguro
Te va a engañar"
"PEPU, Pizzu",TENGO UN FEELING,1toIsvoqn3HCpdetMXk2sJ,"YEAH PEPU
Ella la nota me sube
Me sube, me sube, me sube sube
I got a feeling (yeah, yeah, yeah, yeah, yeah)
Todo el año esto espere
Creo que vasos voy casi diez
I got a feeling  woo-hoo

Que esta noche va a ser eterna
Me buscas para que el se muera
Y nos vamos a donde quieras, feeling uh
Que esta noche va a ser eterna
Que nos mirе la fiesta entera
Quе el verano no nos espera, y sube

Me sube, me sube, sube sube a las nubes
Me sube, me sube, sube, I got a feeling
Me sube, me sube, sube sube a las nubes
Me sube, me sube, sube
(yeah, yeah, yeah, yeah, yeah)

Todo el año esto espere
Creo que vasos voy casi diez
Abriendo paso a mi estupidez
Veo borroso y sin lucidez
O por tus ojos me encandile
Acompañame a la barra que tengo sed
De vos y el amanecer

Que esta noche va a ser eterna
Me buscas para que el se muera
Y nos vamos a donde quieras, feeling uh
Que esta noche va a ser eterna
Que nos mire la fiesta entera
Que el verano no nos espera y sube

Me sube, me sube, sube sube sube a las nubes
Me sube, me sube, sube sube, I got a feeling
Me sube, me sube, sube sube sube a las nubes
Me sube, me sube, sube

Y otra copa rota de una noche loca
Y no de medellin
Que el barman ya me deje el gin
Chin chin sin fin ya voy a mil
Mi lado una loca me provoca
Pero no me hace sentir
(Lo de tu boca y tu perfil)

(yeah, yeah, yeah, yeah, yeah)
Todo el año esto espere
Creo que vasos voy casi diez
Abriendo paso a mi estupidez
Veo borroso y sin lucidez
O por tus ojos me encandile
Acompañame a la barra que tengo sed
De vos y el amanecer

Que esta noche va a ser eterna
Me buscas para que el se muera
Y nos vamos a donde quieras, feeling uh
Que esta noche va a ser eterna
Que nos mire la fiesta entera
Que el verano no nos espera y sube

Me sube, me sube, sube sube sube a las nubes
Me sube, me sube, sube sube, I got a feeling
Me sube, me sube, sube sube sube a las nubes
Me sube, me sube, sube"
"Bizarrap, J Balvin","J Balvin: Bzrp Music Sessions, Vol. 62/66",04YMLAsyIAe1sLb6RO5YcC,"For fun, I just did it for fun
For fun, for fun
For fun, I just did it for fun
For fun, for fun

Cuando pensé que por fin ya te olvidé, me apareció tu foto
Se me aguaron los ojos, me cambió la mirada (For fun, for fun)
Y a fin de cuentas, puede ser la razón por la que sigo solo (For fun, for fun)
Porque después de todo (For fun, I just did it for fun), no te he olvidado nada (Nada; for fun, for fun)

Y a la que me olvidó, se le olvidó que me olvidó
Y a la que me olvidó, se le olvidó que me olvidó

Siento que tu nombre está en todos mis pensamientos
No te puedo ver pero estás como el viento, que se lleva todo
Y tú como si nada (For fun, for fun)
Miento si digo que ya no tengo sentimiento'
Me falta memoria y me sobran recuerdos
Te debería odiar pero no me dan ganas (For fun, for fun)

Y a la que me olvidó, se le olvidó que me olvidó
Y a la que me olvidó, se le olvidó (J Balvin, man)

Quiero que por lo menos me recuerdes como algo bueno (Ah)
Que no olvides la forma en que lo hacemo’ (Ah)
Si lo digo, va a sonar algo obsceno
Pero, ma, si quiere' nos vemo' y el problema lo resolvemo’
Y si no es en esta vida, ojalá en otra no' encontremo'
Y si no (
Vuela, vuela
)
Voy a dejar que en otro rumbo vueles (
Por otro rumbo
)
Voy a beber escuchando Omar Geles
Voy a bajar las fotos que un día subí a las redes (For fun, for fun)
Mira qué mal me tienes
Me matas con esto que

Siento que tu nombre está en todos mis pensamientos
No te puedo ver pero estás como el viento, que se lleva todo
Y tú como si nada (For fun, for fun)
Miento si digo que ya no tengo sentimiento'
Me falta memoria y me sobran recuerdos
Te debería odiar pero no me dan ganas (For fun, for fun)

Y a la que me olvidó, se le olvidó que me olvidó
Y a la que me olvidó, se le olvidó que me olvidó

J Balvin, man
Bizarrap
(For fun, for fun)"
"Blessd, Anuel AA, Yan Block, Luar La L, Kris R., ROA","YOGURCITO REMIX (feat. Kris R., ROA)",7nrd0eIftH3NQLfgk20Qp9,"יה, יה
אני כבר חמוש ומקליט את האלבום באמצע סיבוב הופעות

אה-אה-אה, את עומדת לחשוב עליי
איפה שלא תהיי, איפה שלא תהיי
משקרת לעצמך, לא משנה כמה שואלים
אם אני איתך
אני אתחיל עם הזונות האלה, היא הבייבי (אה-אה)
את באה לפה, אני מעלה את זה למעלה (מעלה)
הסטלה הזאת היא תרופה, הגוף הזה הרפתקה (אה)
למה הגוף הזה כל כך טוב? (אה-אה)
הכוס הזה מריח כמו פרי

אני לא מסופק מלראות אותך בתמונות (תמונות)
תשלחי לי את המיקום כדי שאני אגיע (אגיע)
בחדר, בייבי, אנחנו עומדים לעשות פורנו (או-או)
אני מושך לך בשיער (שיער), את לא תלכי (אואה)
מה הקטע עם התחת הזה שלך,מאמי? (מאמי)
מה את גורמת לי לחשוב עלייך כשאני לבד (לבד)
הכי בן זונה כשאני גורם לך לגמור (לגמור)
ואומרת לי: ""פאפי, אני לא רוצה עם מישהו אחר""

רותח, מכור לכוס שלך
את מורידה לי את הבגדים, אני שם אותם עלייך
היא אוהבת דברים יקרים, נרטבת אם אני נוגע בה
הורידה את התחתונים ושלחה לי תמונה

יפה, מגניבה (-בה), הציצים הקטנים מורמים (מורמים)
טסתי לקוליאקן, התאהבה בגלוק המוזהב שלי (ברר)
טוסי, מולי ומים כדי להזדיין חזק (להזדיין חזק)
מאמי, תשלחי לי תמונה, אני עם הנשק (עם הנשק)
כדי למצוץ לך את הכוס בחדר המלון, לקחתי שוט של וויטפאר
זה לא אותו דבר
כשאת מזדיינת איתו, לעומת מה שנותן אנואל
תגידי, בייבי, מגלגלים ג'וינט ומעשנים פורה (מעשנים פורה)
הדלקתי, העננים אפורים, מאמי, עכשיו הכוס שלך יהיה גשום (הכוס שלך יהיה גשום)

הבן זונה הזה השאיר אותך עם לב שבור (שבור)
השמוק הזה לא יודע לזיין אותך (לזיין אותך)
בחדר, בייבי, אנחנו עומדים לעשות פורנו (פורנו)
אני מלקק לך את התחת אחרי שאת משתכרת (La AA)

על היד האייפי, תזיזי את כל זה בשבילי
אומרת שאף אחד לא נתן לה כמו שאני נותן
אני הופך אותך לשטנית, לא צריך מילים
כי במיטה היא לא מדברת, שוברים את השולחן
במיטה תמיד מתקנים את הריבים שלנו (מממ)
יש יותר משבע אבקות ואנחנו תמיד גומרים
ביקשה ממני שלא אפסיק, שאעניש אותה יותר
הנימפומנית הזאת קברה אותי בקן שלה (ררר)

אני לא מסופק מלראות אותך בתמונות (איי)
תשלחי לי את המיקום כדי שאני אגיע (את יודעת שאני ואת עומדים לגמור)
(בייבי, אני שם לך טראפ כדי שתתחרמני או מה?)
בחדר, בייבי, אנחנו עומדים לעשות פורנו
אני מושך לך בשיער, את לא תלכי (¿Qué?)

אני לא מסופק מלראות אותך במצלמה (לא)
אני רוצה אותך על ארבע בחדר שלי (תגידי, בייבי)
בייבי (תגידי, מאמי), כדי שתרטבי כמו חיילים של הנייבי (ברר; ¿qué?)
אני הספורטקס של הנווה עצלנות שלך (אהא)
אני נותן לך את המקגריידי ולא של סטייסי (Black, jeje)
אני נשאר דבוק כמו דבר (¿Qué?)
חירפנת אותי, אחושרמוטה משוגע (¿Ah?)
ביונסה וג'יי-זי, ג'יי-זי וביונסה (אהא)
זאת המשאלה שביקשתי כשהשעון הראה 11:11  (זאת את, מאמי), כן
תגידי לי אז איך אנחנו עושים את זה (תגידי איך)
אני מחפש אותך והולכים דרך מונזרט (Brrum)
הג'וינט בועט בי, כמו קראטה
ואני חושב על להכניס אותך להיריון (חהחה)
ואין פתרון אם אני אפשל (¿Qué?)
את יורה כשאני מכוון (Brr)
הכוס הזה הדובדבן שלי, השגתי אותו (איי)
שברת לשניים את הימות שלך אני מרגיש כמו משה (אהא)
ואם אכניס אותך להריון, אז, נתפוס את תיבת משה (אחת), חה
כמה מגניב (כמה מגניב)
אני אוהב כשהשיער שלך מסתבך
את הפטיקו שלי, בייבי, אני הפבלו שלך
אני אהפוך את המכוערת שאני נוגע בה ליפה, ברר

רותח, מכור לכוס שלך
את מורידה לי את הבגדים, אני שם אותם עלייך
היא אוהבת דברים יקרים, נרטבת אם אני נוגע בה (אואה)
הורידה את התחתונים (אואה) ושלחה לי תמונה (אואה)

לפניי היית משועממת, כמו קרול עם פרצ'ו
אני תמיד מעלה אותך לשמיים, מא, כמו צ'נצ'ו
האלה שלי, הדת שלי, וגם המקדש שלי
אני לא משקר לך, באמת שאני בתוך זה
את הזונה שלי, אחושרמוטה נימפומנית
תמיד כשאני לא גומר בפנים את מתחרפנת
יפה ברשתות, יותר רותחת במציאות
כל כך הרבה בולשיט, רמזים, אבל אף פעם לא מזכירה אותי

תשלחי לי את המיקום, שאני אחפש אותך
אם זה לא איתך אני מעדיף להיות לבד
מאמי, כדי לעשות אותך, אלוהים צריך להתאמץ
היום אני רוצה לזיין אותך, בואי נעשה פורנו

כמה רותח, מכור לכוס שלך
את אוהבת דברים יקרים ואני נוצץ
אוהבת דברים יקרים, נרטבת אם אני נוגע בה (כמה רותח)
הורידה את התחתונים ושלחה לי תמונה (Vea pues, sisas)

אני שופך שמן על כל התחת שלה, מדליקים את הנרות, נראה כמו טקס (איי)
קנתה ברד, אני מערבב קצת דבש, כמה רותח; אהבה שלי, היום אני רוצה לתת בך (כמה רותח)
היא נימפומנית, איך סיבכת אותי בסקס (אויי)
בשבילך אני אהיה מיליונר, כאילו את מרוויחה על זה
כמה רותח לאכול אותך (ששש), נתתי לך את זה ואני לא רוצה ללכת (אה)
דייט ראשון, הגעת בחצאית וייבשה אותי בקולנוע (ששש)
נותן לך את היוגורסיטו שלי, נעמד לי הזין והוא מתעטף במים
נראית כמו האקסית שלי, כל פעם שאני עוזב אותה, היא מתקשרת אליי (חהחהחה)
היא חמודה וסקסית (חה), מהרחוב, אבל עשירה
בואי נעשה את זה על הג'ט סקי, עם נוף למזח (איי)
אהבה שלי, את הזונה שלי, וגם הנסיכה שלי (ששש)
אני אוהב לרדת לה, שם עליה חומר סיכה תות

כמה רותח, אני מכור לכוס הזה
סם לבן, העיניים מתכווצות (יה)
כמה רותח, אני מכור לכוס הזה
סם לבן, העיניים מתכווצות
כמה רותח, כמה רותח, כמה רותח הכוס הזה
במיוחד כשהוא רטוב, אהבה שלי, בגלל הנשיקות
כמה רותח, כמה רותח, נשבע לך, אהבה קטנה שלי
תתקרבי לאט, אני אכניס לך אצבע

חהחה, Ave María, אהבה שלי (איי)
פה אני לא יודע מה לומר, יאללה, תזרמו (חהחה)
יאללה, תעשי לי אהבה רותחת, מלכה שלי, que
את יודעת, במיטה, למה לדבר
המילים מיותרות, מה לא?
Siempre Blessd
וזה בשבילך, את יודעת מי
Dímelo, Jara
Junto al Bendito
אהבה שלי, את יודעת, בכל פאקינג קצב
Sisas, La K (אה-אה-אה, את עומדת לחשוב עליי)
זה הרמיקס
Mejor dicho, Los Money Makers (איפה שלא תהיי)
Prime, Deezy (איפה שלא תהיי)
Money Makers (משקרת לעצמך, לא משנה כמה שואלים)
(אם אני איתך)"
No Te Va Gustar,A las Nueve,0CgpCtEPvyDizcg2p47VrU,"¿Cómo que tenés que irte si recién te vi llegar?
Solo me das en un rato lo que tenés para dar
Espero sea una broma, aunque en realidad lo entiendo
No querés sinceridad ni que te siga mintiendo, oh

Sé que te vas a las 9
Sé que me muero a las 10

Sabés estoy de tu lado, no me pidas más que eso
Cuando la noche se apague, vas a darme un solo beso
Tengo la mente cansada y mi piel se va con vos
Ya me explicaste mil veces, lo que veo es lo que sos

Sé que te vas a las 9
Sé que me muero a las 10

No puedo dar garantías
Oh-oh-oh
Si se apaga cada día
No creo que pueda esperar

Yo te lo quise hacer fácil, la distancia no es el fin
Pero no quiero entregarme, ni que algo muera en mí
Ya sé, no tenés idea, vos te vas y yo me quedo
Solo voy a perdonarte porque otra cosa no quiero

Sé que te vas a las 9
Sé que me muero a las 10
Sé que te vas a las 9
Yo sé que me muero a las 10

A las 9
Me muero a las 10"
Djo,End of Beginning,3qhlB30KknSejmIvZZLjOD,"Just one more tear to cry, one teardrop from my eye
You better save it for
The middle of the night when things aren't black and white
Enter, Troubadour
""Remember twenty-four?""

And when I'm back in Chicago, I feel it
Another version of me, I was in it
I wave goodbye to the end of beginning

This song has started now, and you're just finding out
Now isn't that a laugh?
A major sacrifice, but clueless at the time
Enter, Caroline
""Just trust me, you'll be fine""

And when I'm back in Chicago, I feel it
Another version of me, I was in it
I wave goodbye to the end of beginning
(Goodbye, goodbye, goodbye, goodbye)

You take the man out of the city, not the city out the man
You take the man out of the city, not the city out the man
You take the man out of the city, not the city out the man
You take the man out of the—

And when I'm back in Chicago, I feel it
Another version of me, I was in it
Oh, I wave goodbye to the end of beginning
(Goodbye, goodbye)"
"Bad Bunny, Chuwi",WELTiTA,5WEF0icHWmAZBBMglBd599,"Baby, I'll take you for a stroll on the beach
I'll cover your sweet face with kisses
One day with me is all you need
You look even more beautiful smiling
Baby, I'll take you for a stroll on the beach
I'll cover your sweet face with kisses
One day with me is all you need
You look even more beautiful smiling

Eh-eh, eh-eh, eh-eh
Baby, I know, baby, I know
That's how life is, that's how life is, eh-eh, hey
But put on your swimsuit, baby, I'm on my way to you
I'll leave you soaking wet and the sun will dry you off, yeah, it'll tan you
You're my favorite song and I'll play you on repeat, hey, I'll give it to you
I wanna draw little hearts on the shore
Relax, baby, I'll carry the chair for you
Those pretty little eyes, I love how they shine
How can a goddess be so simple? Eh (Hey)

And for a kiss from that skinny girl, I'd give anything (Anything)
You tell me (Tell me), inside or outside (Baby)
Underwater, no one will find out

Baby, I'll take you for a stroll on the beach (Ha)
I'll cover your sweet face with kisses (Your sweet face)
One day with me is all you need
You look even more beautiful smiling
Baby, I'll take you for a stroll on the beach
I'll cover your sweet face with kisses

With you, I feel different
There's something when we look at each other
And in the well, we held hands
And shouted
, ""Jacinto!""
When I'm not at my best
You take me to build sandcastles
And the castles turn into little villages
A small town where problems don't exist
And there, we dream about a future
A small town where problems don't exist
Where we're fine, not lacking much
For a second, we forget everything
Here, it's just you and me

We'll kiss in front of the waves
Even if it's just a little peck, a little peck, a little peck, pin-pin, pin-pin-pin
We'll kiss in front of the waves
There are a lot of mosquitoes on the coast, baby, I'll put up a net
We'll kiss in front of the waves
All sweaty, the sun hits you and you shine like bling-bling
We'll kiss in front of the waves
Let's stay in Maya, and then I'll take you to Paris

That's why I love going to the beach with you
And covering your sweet face with kisses
And one day together is all I need
You look even more beautiful smiling"
Plan B,Es un Secreto,3KZCP2StVGdWkOKyRZNWA4,"Será cuestión de tiempo (Presentimiento)
De un lugar, de un momento
Conozco tu debilidad, cómo haces para envolverte
Si no es hoy, mañana tal vez, pero algún día voy a tenerte
Tengo la capacidad sin que me hables, de entenderte
Yo sé lo que trae' en tu mente, que estás loca por tenerme

Es un secreto de tu mirada y la mía
Un presentimiento, como un ángel que me decía
Es un secreto de tu mirada y la mía
Un presentimiento, como un ángel que me decía

Será cuestión de tiempo, de un lugar, de un momento
De una palabra, de un encuentro, de una noche, de un intento
Tranquilito, confiando en lo que creo
Tu mente me llama, me llama y yo le contesto
Mi mente te piensa y con el deseo la alimento
Yo sé que estamo' cerca de que pase el suceso
De una historia, de un recuerdo

Es un secreto de tu mirada y la mía
Un presentimiento, como un ángel que me decía
Es un secreto de tu mirada y la mía
Un presentimiento, como un ángel que me decía

Tú sabes que naciste pa' mí, tú eres mi gusto, mi flow
Lo mismo te pasa a ti, cuando estás cerquita de mí
El deseo es tanto que quema por dentro
Sin decir nada, haciéndolo lento
Mientras me deleito, aprovecha el momento
Mami, mami

Tú eres una Barbie, muñeca, princesa y no es de Mattel
Tú eres perfecta, tu cara, tu cuerpo, tus ojos también tu piel
Te quiero completa, ven, baila sensual, así te quiero ver (Te quiero ver)
Juntito', solito' nos vamo' a complacer
Tú eres una Barbie, muñeca, princesa y no es de Mattel
Tú eres perfecta, tu cara, tu cuerpo, tus ojos también tu piel
Te quiero completa, ven, baila sensual, así te quiero ver (Te quiero ver)
Juntito', solito' nos vamo' a complacer (-cer-cer)

Es un secreto de tu mirada y la mía
Un presentimiento, como un ángel que me decía
Es un secreto de tu mirada y la mía
Un presentimiento, como un ángel que me decía

(Haze) Haze
Plan B, Pina
La Casa del Placer
(Es un secreto de tu mirada y la mía)
(Un presentimiento)"
"No Te Va Gustar, Juan Casanova",Tan Lejos,44m9PAUZYeOEGeaTYh6NAl,"Todos nos vemos buscando bien o mal
Una salida en el cielo
Adentro llueve y parece que nunca va a parar
Y va a parar
Una sonrisa se ve reflejada en un papel
Y se te empañan los ojos
Con esas caras diciendo que todo va a estar bien
Y va a estar bien

Cantando a pesar de las llamas
La, la-la-la, la-la-la, la-la-la, ah

No quiero quedarme sentado
No quiero volver a tu lado
Creo que me gusta así
Ya pasó el tiempo y espero saber por qué
Estando tan lejos no te quiero ver

Cantando a pesar de las llamas
La, la-la-la, la-la-la, la-la-la, ah
Gritando con todas las ganas
La, la-la-la, la-la-la, la-la-la, ah

No llores más, que la noche es larga
Ya no duele el frío que te trajo hasta acá
Ya no existe acá
No existe ese frío que te trajo

No quiero quedarme sentado
No quiero volver a tu lado
Creo que me gusta así
Adentro llueve y parece que nunca va a parar
Y va a parar

Cantando a pesar de las llamas
La, la-la-la, la-la-la, la-la-la, ah
Gritando con todas las ganas
La, la-la-la, la-la-la, la-la-la, ah

Cantando a pesar de las llamas
Gritando con todas las ganas
Cantando, gritando"
"Milo j, Trueno",Gil,5jgmQkVypORb3enASCxjYs,"Pa-ra-ra
Pa-pa, pa-ra-ra, ra-ra
Pa-pa, pa-ra-ra, ra-ra
Pa-pa, pa-ra-ra
Con iris de arcoíris hay que estar cuando un gil te trata de gil
Porque no hay vida en su vivir
La traición es pecado, pero más que capital de Estado
Y no es tan renovable al existir-ir

Quiero amar sin pensar en qué me harán
Que vea el alma, y no los ojos
Tal vez volar sin ver si hay un puñal tras la espalda
Frente a los ojos

Yein-yein, bere-yein-yein
Yein-yein, bere-yein-yein-yein (Yeah)
Yein-yein, bere-yein-yein (TR1, mai)
Yein-yein (Con el Milo)

Gracias a mi madre soy sincero (Gracia')
Gracias a mi padre soy de acero (Gracia')
Gracias a mi barrio soy quien quiero (Gracia')
Viví con traicionero' que buscaban cero' en esto
Pa' mí ser honesto es lo primero
Vinieron sin comida pa' mi hornero
Bebieron agua de mis manantiales, se taparon con mi cuero
Prometieron amor verdadero, robaron y se fueron
La vida va a cruzar nuestro sendero
Y no quiero ni perdón, ni pero, ni un ""hablamos luego""
La van a pagar con fuego sin poder entrar al cielo
Fue fácil, como robarle a un niño un caramelo
Ahora es difícil, como pedirle silencio a un vocero
Toquen tierra, que ahora están sin compañero'
Sin mi disco que metieron en ese sello que hicieron (Toquen tierra)
Solo tienen plata que robaron y jamás me devolvieron
Pero el arte no se apaga con dinero, let's go

""Todo puede pasar"" (Todo puede pasar)
""Pero todo pasa"" me dijo mamá
Yo quiero al barrio feliz (Yo quiero al barrio feliz)
Sé que mis valore' no me traicionan
Porque todo puede pasar
Cuando el cariño se vuelve un puñal
Cuesta un poco má' ser feli'
Pero ningún gil va a acabarme la calma

Quiero amar sin pensar en qué me harán (Gil)
Que vea el alma, y no los ojos (Y no los ojos)
Tal vez volar sin ver si hay un puñal tras la espalda
Frente a los ojos

No amo, no me aman, por andar mudando mis escama'
Descuidé los lagos del dharma y vieron mi amor como arma
Vieron mi valor como bala sin pagar el precio del karma
Soy el miedo con todas sus ramas
Traicioné a la traición por la espalda
[Pre-Estribillo: Trueno, 
Milo j
 & 
Agarrate Catalina
, 
Milo j & Agarrate Catalina
]
""Todo puede pasar"" (Todo puede pasar)
""Pero todo pasa"" me dijo mamá
Yo quiero al barrio feliz (Yo quiero al barrio feliz)
Sé que mis valores no me traicionan
Porque todo puede pasar
Cuando el cariño se vuelve un puñal
Cuesta un poco más ser feliz
Pero ningún gil va a acabarme la calma (Sé que—)

Quiero amar sin pensar en qué me harán
Que vea el alma (Vea el alma), y no los ojos (Y no los ojos)
Tal vez volar sin ver si hay un puñal tras la espalda
Frente a los ojos
Quiero amar sin pensar en qué me harán
Que vea el alma (Quiero ser yo mismo)
Y no los ojos (Soy un ser humano)
Tal vez volar sin ver si hay un puñal (Niño, apóyate en mis recuerdos)
Tras la espalda (Intentá dormir en paz, ah-ah)
Frente a los ojos

(Gil) Yein-yein, bere-yein-yein (Quiero ser yo mismo)
(Gil)  Yein-yein, bere-yein-yein-yein
(Gil)  Yein-yein, bere-yein-yein (Quiero ser yo mismo)
(Gil)  Yein-yein, bere-yein-yein-yein
(Gil)  Yein-yein, bere-yein-yein (Quiero ser yo mismo)
(Gil) Yein-yein, bere-yein-yein-yein
(Gil)  Yein-yein, bere-yein-yein
(Gil)  Yein-yein"
"Maria Becerra, TINI, XROSS",HASTA QUE ME ENAMORO,7rfYGYxsZzQAhlJy5B0IcW,"Eh, oh-oh-oh
Eh, oh-oh

Yo no sé qué fue lo que pasó conmigo (Uh, uh-uh)
Hoy la verdad está cayendo encima mío
Me he inventado amores pa' llenar este vacío
Porque acá adentro está oscuro y hace frío
En la cornisa se me fue la sonrisa
Todo lo que me hace bien, se va con la brisa
La depresión no avisa, me olvidé de mi risa
Mi salud mental agoniza

Estoy bien hasta que me enamoro-moro-moro-moro
Mi corazón se queda solo-solo-solo-solo
Yo tengo la culpa de todo-todo-todo-todo
Voy a equivocarme, vos vas a soltarme
Pero vuelvo y me enamoro-moro-moro-moro
Mi corazón se queda solo-solo-solo-solo
Yo tengo la culpa de todo-todo-todo-todo
Voy a equivocarme, vos vas a soltarme

Baby, yo sin ti
Es como que estoy viviendo pero no es vida
Es como que estoy despierta y estoy dormida
Tomándome los recuerdos que no se olvidan (Vida malparida)
Te escribo en tus cumpleaño': ""Baby, ¿cómo has estado?""
Pasando por tu casa para ver si has llegado
Viví la pesadilla, te vi con otra al lado
Yo queriendo matarte y vos ya me habías matado

Y ahora me toca
Soñar con cada beso de tu boca
Con frío cada noche, y no me tocas
Yo antes de ti estaba bien, y ahora estoy bien loca

Estoy bien hasta que me enamoro-moro-moro-moro
Mi corazón se queda solo-solo-solo-solo
Yo tengo la culpa de todo-todo-todo-todo
Voy a equivocarme y vos vas a soltarme
Pero vuelvo y me enamoro-moro-moro-moro
Mi corazón se queda solo-solo-solo-solo
Yo tengo la culpa de todo-todo-todo-todo
Voy a equivocarme, vos vas a soltarme

Ah, ah-ah-ah-ah
Ah-ah-ah-ah
Ah-ah-ah-ah
TINI, TINI, TINI
Voy a equivocarme, vos vas a soltarme"
Gustavo Cerati,Adiós,1rh4kDY9T4fHVDum8Foi5k,"Suspiraban lo mismo los dos
Y hoy son parte de una lluvia lejos
No te confundas, no sirve el rencor
Son espasmos después del adiós

Pones canciones tristes
Para sentirte mejor
Tu esencia es más visible
Del mismo dolor, vendrá un nuevo amanecer
Uh-uh-uh-uh-uh

Tal vez colmaban la necesidad
Pero hay vacíos que no pueden llenar
No conocían la profundidad
Hasta que un día no dio para más

Quedabas esperando
Ecos que no volverán
Flotando entre rechazos
Del mismo dolor, vendrá un nuevo amanecer
Uh-uh-uh-uh-uh
Ah, ah, ah
Uh, uh, uh, uh

Separarse de la especie por algo superior
No es soberbia, es amor
No es soberbia, es amor (Uh, uh, uh)
Poder decir adiós, es crecer

Uh-uh-uh-uh-uh
Uh, uh, uh, uh, uh, uh, uh, uh"
Plan B,Fronteo,0AXKoQuC2NQ8S2QRF0Gu02,"Tu guille mami, es lo que a mí me mata
Tú sobresales encima 'e la' demás
Tu brillo cuando sale las opaca
Te quieren competir y no la dan
(Te quieren competir y no la dan)

A ti te queda bien ese fronteo
Te luce flaquita to' lo que te pone'
To'as las mujere' de ti cogen celo
Causas envidia en la calle cuando te ven
Pues por aquí nadie tiene tu porte
Y tu manera de envolver los hombre'
Me tiran buscando quién me enamore
Pero esta gatita no hay quien la asombre

A ti te queda bien ese fronteo
A- A ti te queda—
A- A- A ti te queda bien ese fronteo
A- A ti te queda—

En Instagram pone una foto
Y a los hombre' tiene loco'
Picu'a, me gusta tu mensaje bien frontu'a
Con poca ropa haciendo pose' casi desnu'a
Tú disfruta ver cómo se te insinúan
Piquetu'a, yo solo quiero ver si tu actúa'
Tú te enamoras pero casi nunca dura'
Tu me convienes porque tú también factura' (Ja, ja, ja)
Yo sé que buscas alguien que esté a tu altura
Que tenga fundamento, que siempre esté atento
Con estilo del ghetto, en números experto
Que viva produciendo en un volumen alto
Dueño de sus sueño', dueño de sus actos

A ti te queda bien ese fronteo
Te luce flaquita to' lo que te pone'
To'as las mujere' de ti cogen celo
Causas envidia en la calle cuando te ven
Pues por aquí nadie tiene tu porte
Y tu manera de envolver los hombre'
Me tiran buscando quién me enamore
Pero esta gatita no hay quien la asombre

Te están tirando, buscando
Pero tú los despachas y no haces caso
Omiso, le huyes al fracaso
No tienen película, dinero, ningún rango
No tienen estilo, fronteo, tampoco bando
Me envidian porque lo tuyo y lo mío es de hace rato
A ti te gusta ver, mami, cómo yo lo' mato
Tú eres buena pero te gustan los nenes malo'
Hoy anda toda cotiza', luciendo siempre to' lo caro
Tu ropa, tu prenda, tu vida por las tiendas
Tiempo para tu cuerpo, el pelo alguien te lo arregla
Con un piquete en tu guagua y los guardia' te paran
Pero no te dan multa porque hablando te los gana'
De camino a la playa con las muchacha'
Son las más que beben y no se emborrachan
Son las más que pretenden, son de las más pesada'
Luciendo lo nuevo

A ti te queda bien ese fronteo
Te luce flaquita to' lo que te pone'
To'as las mujere' de ti cogen celo
Causas envidia en la calle cuando te ven
Pues por aquí nadie tiene tu porte
Y tu manera de envolver los hombre'
Me tiran buscando quién me enamore
Pero esta gatita no hay quien la asombre

Chencho y Maldy (Ajá)
En la pista Tainy (Su)
Plan B es Plan B
Porque nada ha cambiado
La calle sigue igual (So)
La Society (Hey)
Pina Records (Ajá)
Duran the Coach
Love & Sex"
Bad Bunny,NO ME QUIERO CASAR,39L3LdlHS3gqB62HPWaJRg,"Y si tu man te quiere parar, dile que no
Modélale y corre a la disco, yeah
Porque tu man, ah, porque tu man, ah
Porque tu, porque tu, porque tu—
Ey

Que levante la mano to' el que está haciendo dinero
Que venga el Año Nuevo y yo voy a josearlo entero
Un día de estos llega mi amor verdadero
Pero, quiero hacerme rico primero
2026 y yo sigo soltero
W, ando con to' mis vaquero'
Me monté en la Cybertruck y me acordé de la Montero
De los viejos tiempo'
Ya mismo me hago bi sin dejar de ser hetero
Ya mismo vo'a tener un hijo, un heredero
Vo'a extrañar la calle, la disco y el putero
Pero yo voy a seguir hasta que me caiga 'el caballo y se me pierda el sombrero, je
Este año será mejor que el anterior, yo lo sé
Que tú te ve' mejor en ropa interior, yo lo sé, yo lo sé, ey
Yo seré tu amante bandido, Miguel Bosé
Pero hasta ahí, woh, hasta ahí, mami, hasta ahí
Vamo' a vivir el hoy

Porque mañana yo no sé qué va a pasar
Me siento triste, pero se me va a pasar, je
Mi vida está cabrona, ey
Yo no me quiero casar
La-la-la, la-la, la-la
Yo no me quiero casar, ey
Por ahora celibato, voy a gozar un rato
Yo no me quiero casar

2016, arrebata'o con las Cazal
Mi casa algún día seis millone' va a tasar
Al corillo entero lo voy a engrasar
La vida es bonita, la voy a abrazar
Trabajando con cojone', aquí nada fue al azar
Malas vibras pa'l carajo, a mí nadie me va a atrasar, ey
Sorry por bostezar, ey
Pero es que me aburro fácil
Si me gusta, yo lo quiero
Me pongo pa' eso y lo tengo fácil
Una vez me iba a casar
Gracias a Dios que no, wow, diablo, pero casi, ey
Viendo la ciudad de Nueva York monta'o en taxi
Me puse a soñar
Y dije: ""Mi futuro tengo que cambiarlo hoy""

Porque mañana yo no sé qué va a pasar
Me siento triste, pero se me va a pasar, je
Mi vida está cabrona, ey
Yo no me quiero casar
La-la-la, la-la, la-la
Yo no me quiero casar

Y si yo volviera a nacer
Así quisiera ser
Para todas las babies, las ladies

Me gusta el vino tinto, los atardeceres
La risa de mis amigos, la mirada de las mujere'
¿Que tú quiere' estar conmigo? Tú no sabes lo que quiere'
Baby, yo soy un peligro
Ey

Yo por nadie vo'a cambiar, ey
Siempre vo'a campear, mami
Me voy a trampear
Hoy voy pa' la calle, je, acaba'o de recortar
Yo soy Bad Bunny, no fulano de tal
Gracia' a la vida pudimo' conectar
Tú me gustas, no vaya' a malinterpretar
Pero estoy enfoca'o, puesto pa' apretar
Por el momento contigo no puedo estar, je
Yo siempre he sido un hijo 'e puta, desde Head Start, je
Cierra la puerta cuando salga' y pon el ""no molestar""

Oah
Oah
Oh, oah
Oah"
"Tincho & Javi, Max Carra",Loco Enamorado I Varieté #4,0UaxhDrvCVcCWCqYQUeeFF,
Intoxicados,Nunca quise,0ZAJ660VP57lLK4U7NlGOy,"Nunca quise tanto a nadie como a vos
Por eso es que empiezo a dudar
Si seremos hermanos que nos separaron
Y nosotros sin saberlo nos volvimos a juntar

Tu sangre es roja, la mía también
Creo, no me equivoco, algo tendremos que ver
Somos indios latinos con guitarra eléctrica
Y comunicados a través de internet

Para odiar hay que querer
Para destruir hay que hacer
Y estoy orgulloso de quererte romper
La cabeza contra la pared, sí

Y por todas esas cosas que tenemos en común
Hace tiempo ya marchaste de acá
Te cansaste de mí, yo me cansé de vos
Pero cuando nos miramos sabemos que no es verdad

Porque tanto te quise y tanto te quiero
Siempre una marca tuya llevará mi corazón
Disculpá si te parece raro pero comparto
La opinión que escuché en una canción, (""Let It Be"")

""Si la amas déjala ser, si la quieres déjala volar""
Nunca fui tu patrón, no quisiera cambiarte
Y no quiero que pierdas tu personalidad

Para odiar hay que querer
Para destruir hay que hacer
Y estoy orgulloso de quererte romper
La cabeza contra la pared, sí

¡Oh!, para odiar hay que querer
Para destruir hay que hacer
Y estoy orgulloso de quererte romper
La cabeza contra la pared
Para dejar hay que beber
Para morir primero hay que nacer
Siento ganas nuevamente de tirarme a tus pies
Y llevarte a mi morada otra vez
Si lo sembrás lo recogés
Y si esperás vas a entender
Cuando las cosas salen como no las espero
La vida me hace más guerrero, ¡uh!"
Callejeros,Creo,5Bi9Cq5oVFy1OtUgecbegZ,"Creo que con una canción, la tristeza es más hermosa
Creo que con una palabra puedo decir mil cosas
Pero no creo en el circo de la información
Toda decanta en tu amor y en mi dolor
Creo que es mejor morir de pie que vivir de rodillas
Creo que hoy el viento me alcanzó el olor de tu mejilla
Creo en mi guitarra, creo en el sol, si me cura las heridas
Creo en tu voz

Creo en la vida, en la noche, en tu alma
Y no creo en todo lo demás
Creo en tu estrella, en aquella
Que busco en mi sueño mejor, para poder luchar


Creo en esas tarde que viví jugando a la pelota
Creo que educar es combatir, y el silencio no es mi idioma
Creo en tu sonrisa, creo en mí si te veo hoy
Y me pedís que no me rinda, sigo por vos
Creo en la lluvia cuando cambia el olor de mi tierra
Creo en el mar cuando amanece abrazándose a las piedras
Creo en los jazmines que un Dios me bajó esa vez
Para poder conocerte como mujer

Creo en la vida, en la noche, en tu alma
Y no creo en todo lo demás
Creo en tu estrella, en aquella
Que busco en mi sueño mejor, para poder luchar
Creo en la vida, en la noche, en tu alma
Y no creo en todo lo demás
Creo en tu estrella, en aquella
Que busco en mi sueño mejor, para poder luchar"
Danny Ocean,Me Rehúso,6ifUES3keWjwXgae8pXI3o,"Ba-Ba-Babylon girl, Ba-Ba-Babylon girl
Para todos aquellos amore' que
Que fueron obligao' a ser separao'
Ba-Ba-Babylon girl, Ba-Ba-Babylon girl
Esta canción es para ti

Dime cómo le explico a mi destino que ya no estás ahí
Dime cómo haré para desprenderme de este frenesí
Esta locura que siento por ti
Con esta química que haces en mí
Y ya no puedo, girl, ya no puedo, girl

Nena, discúlpame si te ilusioné, yo no lo quise hacer (Oh-uh)
Sé que en el amor cuando es real, ese vuelve, vuelve (Vuelve, vuelve)
Pero, ¿cómo olvidar tu piel?
Y, ¿cómo olvidarte, mujer? (Uh-uh-uh)
Ya no puedo, girl, ya no puedo, girl

Baby, no (Baby, no)
Me rehúso a darte un último beso, así que guárdalo (Guárdalo)
Para que la próxima ve' te lo dé haciéndolo (Haciéndolo)
Haciéndotelo así, así, así
Así como te gusta, baby

Sin mirar atrás, sin buscar a nadie más
Solo quiero estar contigo, woah (Woah)
Si no te tengo aquí conmigo, yo no quiero ser tu amigo
Porque tú ere' mi camino, woah
Y yo solo quiero estar junto a ti
Nena, por favor entiéndelo
Solo dame tu mano y confía en mí
Si te pierdes, solo sigue mi voz

Y dale tiempo (Tiempo), mami, al tiempo (Tiempo)
Que tú, que yo
Estamos hechos para estar los dos
Y dale tiempo (Dale tiempo), baby, al tiempo
Que tú y yo, que tú y yo
Estamos hechos para estar los dos

Baby, no (Baby, no)
Me rehúso a darte un último beso, así que guárdalo (Guárdalo)
Para que la próxima ve' te lo dé haciéndolo (Haciéndolo)
Haciéndotelo así, así, así (Así, así)
Así como te gusta, baby (Woah, woah)
Baby, no
Me rehúso a darte un último beso, así que guárdalo (Guárdalo)
Para que la próxima ve' te lo dé haciéndolo
Haciéndotelo así, así, así
Así como te gusta, baby

Así, así
Así como te gusta, baby


Baby, no (Baby, no)
Me rehúso a darte un último beso, así que guárdalo (Guárdalo)
Para que la próxima ve' te lo dé haciéndolo (Uh-uh)
Haciéndotelo así, así, así (Uh-uh-uh)
Así como te gusta, baby
Y baby, no (Baby, no)
Me rehúso a darte un último beso, así que guárdalo (Guárdalo)
Para que la próxima ve' te lo dé haciéndolo
Haciéndotelo así, así
Así como te gusta, baby"
"Tiago PZK, Ke Personajes",Piel,6kPCcIAGoTeRrh8qrmKa90,"Llevo mucho tiempo queriendo que esto se de
Hasta cuando tomo te pienso, no sé por qué
Mi boca solo quiere besarte, mis ojos solo quieren mirarte
Dame un chance que hasta los bandidos se enamoran también

Solo déjame ser
El que con ganas te come la piel
Pero también el que te dice: ""Mi amor
¿Cómo amaneció? ¿Cómo durmió usted?""
Solo déjame ser
El que con ganas te come la piel
Pero también el que te dice: ""Mi amor
¿Cómo amaneció? ¿Cómo durmió usted?""

De mi mente no te saco más
Cuando estás conmigo, cuando trago' te tomás
Siento tanta' cosas con los besos que me das
No te vayas
Quiero estar con vos
Y que seas lo primero que yo vea al amanecer
Mamita, con vo' tengo tantas cosas por hacer
No te quiero perder

Ven y mátame esta soledad
Pasemos tiempo de calidad
Cómo pasan volando las horas
Cuando estemo' lejos te vas a acordar
El cielo yo te podía bajar
Pero eso no serviría de na'
Porque vos, bebé, sos un estrella
Una mujer tan bella, como ella no hay

Solo déjame ser (Rrra)
El que con ganas te come la piel (Piel)
Pero también el que te dice: ""Mi amor
¿Cómo amaneció? ¿Cómo durmió usted?""
Solo déjame ser
El que con ganas te come la piel
Pero también el que te dice: ""Mi amor
¿Cómo amaneció? ¿Cómo durmió usted?""

Ey!
Como siempre, ya tendría que saberlo, ¿okey?
Una más para el cuaderno de Ke Personajes
De Monte Grande para el mundo
Pa' mi gente
Este party no termina"
"Maria Becerra, El Alfa, XROSS",HACE CALOR,4tabsd3NLLwuT90wkuNh7C,"María, esos tanque' son mío', déjamelo' pasar

Me llamaron de Argentina mis contactos en la aduana
Lo tienen retenido por exceso 'e mamajuana
Aparte 'e la mamajuana, habían cuatro tanque' (Uh)
De una vaina blanca que brilla como un diamante
(Aparte 'e la mamajuana, habían cuatro tanque') Prr, prr
(De una vaina blanca que brilla como un diamante) Yah, yah

¿Y qué era eso? ¿Y qué era eso?
Lo que se compra casa', cadena' y respeto (Ay, ay)
¿Y qué era eso? ¿Y qué era eso?
(Lo que mueve еl planeta, el cuarto completo)
¿Y qué еra eso? (-so, -so) ¿Y qué era eso? (-so, -so)
¿Y qué era eso? (-so, -so) ¿Y qué era eso? (-so, -so)
¿Y qué era eso? (-so, -so) ¿Y qué era eso? (-so, -so)
Por la culpa de un culo, me llevaron preso

Tengo una amiga que se llama Macarena
Se tira foto' en bikini en la casa 'e Micaela
Las do' son un peligro de que estábamo' en la escuela
Nos pasaron a buscar y previamo' en lo de Milena
Pa' entrar en ambiente, pusimo' una de Tokischa
Las foto' sin flash porque los culo' están que brillan
Llegan los mensaje', pero ninguno gatilla
Si nos ven de espalda, ven las ocho maravilla

Toda' bounce, yeah
Tamo' acalorada', estamo' sweet
Todos preguntando qué vamo' a hacer
Nos vamos pa' la pool party, mucho vino, mucha mari

Porque hoy hace calor, hace un re calor (Te vo'a poner a cantar, mi amor)
Hace calor, hace un re calor (Claro que hace calor)
Hace calor, brr, brr, brr, brr, brr, brr (Los cuarto', los tiguere')
Un re calor, brr, brr, brr, brr, brr, brr (Lo están tirando pa' arriba)

Hoy nadie va a dormir
Alfa, llévate de mí
Un fernet con mamajuana
Argentinos, dominicanas
Y al fin soltaron a los manes en la aduana
'Tá todo ready para el fin de semana
(Las mamis linda' lo pausean y lo bajan)
Pausean, pausean, pausean y lo bajan

'Tá haciendo calor, hasta adentro 'e la nevera
Le dejé cuatro galone' a la' mujere' en la escalera
Pa' que lo disfruten, lo que lleguen loco'
Pa' que los gatos entonen poco a poco
Yo no cojo esa, soy cabeza dura
Yo vuelvo y le doy mi vida, e' una cura

¿Y qué era eso? (-so, -so) ¿Y qué era eso? (-so, -so)
¿Y qué era eso? (-so, -so) ¿Y qué era eso? (-so, -so)
¿Y qué era eso? (-so, -so) ¿Y qué era eso? (-so, -so)
Por la culpa de un culo, me llevaron preso

Porque hoy hace calor, hace un re calor (Te vo'a poner a cantar, mi amor)
Hace calor, hace un re calor (Claro que hace calor)
Hace calor, brr, brr, brr, brr, brr, brr (Los cuarto', los tiguere')
Un re calor, brr, brr, brr, brr, brr, brr (Lo están tirando pa' arriba; por la culpa de un culo me llevaron preso)

Oh
El Alfa
María Becerra
Yeah, ah, ah
RD, Argentina, latino gang
Yeah"
Patricio Rey y sus Redonditos de Ricota,Un Ángel para Tu Soledad,6kUopck7LHVadAjAFcXiTj,"Ya sufriste cosas mejores que estas
Y vas a andar esta ruta hoy, cuando anochezca
Tu esqueleto te trajo hasta aquí
Con un cuerpo hambriento, veloz
Y aquí, gracias a Dios
Uno no cree en lo que oye

Ángel de la soledad
Y de la desolación
Preso de tu ilusión, vas a bailar
A bailar, bailar

Es tan simple así, no podés elegir
Claro que no siempre, ¿ves?, resulta bien
Atado con doble cordel, el de simular
No querés girar maniatado, querés faulear
Y arremolinar


Medís tu acrobacia y saltás
Tu secreto es: ""La suerte del principiante no puede fallar""
Alguna vez, quizá, se te va la mano
Y las llamas en pena invaden tu cuerpo
Y caés en manos del ángel de la soledad
Y él, gracias a Dios
Tampoco cree lo que oye

Ángel de la soledad
Y de la desolación
Preso de tu ilusión vas a bailar
A bailar, bailar

Por mis penas, bailar
Y por tu soledad"
"Luck Ra, Miranda!",TU MISTERIOSO ALGUIEN (CUARTETO) (feat. Miranda!),4Kzi8hXKkT87SQoYClizh0,"Hay alguien en tu vida que está transformándote
Hay alguien que ha cambiado en ti la forma en que te ves
Hay alguien nuevo que se apareció y que tu corazón robó
Ya lo sé (Ya lo sé), solo dime quién es

¿Quién es tu nuevo amor? ¿Tu nueva ocupación?
Tu misterioso alguien
A quien has ocultado de mí todo el tiempo para no matarme
¿Quién es tu seductor, tu rey y tu peón?
¿Quién ocupó el lugar que siempre ocupé yo? (Ah-ah-ah)
Tu misterioso alguien me robó


Ahora te dеspiertas y preparas su café
Desdе que me he enterado, yo no puedo ni comer
Cariño, no soporto estar sin ti, pero parece que tú sí
¿Quién es él? (¿Quién es él?), dime y lo mataré

¿Quién es tu nuevo amor? ¿Tu nueva ocupación?
Tu misterioso alguien
A quien has ocultado de mí todo el tiempo para no matarme
¿Quién es tu seductor, tu rey y tu peón?
¿Quién ocupó el lugar que siempre ocupé yo? (Ah-ah-ah)
Tu misterioso alguien me robó

Creo saber quién es
Y no me animo a preguntarte por él, porque sería peor
A veces es mejor dejarlo todo correr

¿Quién es tu seductor, tu rey y tu peón?
¿Quién ocupó el lugar que siempre ocupé yo? (Ah-ah-ah)
Tu misterioso alguien me robó"
"Omar Courtz, ROA",WO OH OH,0h54mLixODOqU6vTcZMqVM,"[Intro: 
Bad Bunny
]
Pero yo estoy con ella y tú estás con él
Sabiendo que yo siempre te voy a querer
Yeah, si tú lo dejas, yo la dejo (Yo la dejo)
Yeah, si tú lo dejas, yo la dejo

Mami, contigo se siente cabrón, no me pasa con cualquiera
Me tiene' aquí hablando con Dios, pidiéndole que pa' mí seas
Por las noche' mi alma sale a buscarte
Aquí estoy llamando pa' preguntarte

Y dime, ma (Ma), ¿cuándo es que chingamo' otra ve'?
Si e' por mí, no te suelto jamá', ah, ah-ah
¿Cuándo nos vеmo'? Dime qué ya quiero

Hacertе de to'-oh-oh-oh, oh-oh-oh-oh
Te como de almuerzo y de cena, tú eres mi nena
El mundo atrás se queda y nosotros
Oh-oh-oh-oh, oh-oh-oh-oh
Nadie está mirando, y mientras el mundo está girando, tú y yo
Woh-oh-oh-oh, woh-oh-oh-oh
Enrolamos, quemamos, chingamo'
Qué mucho peleamos, yo creo que ya nos amamo'
Woh-oh-oh-oh, woh-oh-oh-oh
Tú y yo solo' en mi cuarto, y el mundo no está girando

Tú huele' al amor de mi vida, de esos que ya quedan poco'
Mami, tú ere' la elegida, tamo' unido' por el hilo rojo
Y siento que abro el portal (-tal) cuando de frente te miro a los ojo' (Ojo')
Escribiéndote canciones, siento los podere', Almighty con el pelo rojo
Baby, tú me tiene' envuelto, oh-oh (Oh-oh)
Coge mi corazón, te lo presto, tú ere' la fantasía de mi cuento

Y yo estoy con ella, y tú estás con él
Una carita de diosa, un ángel mujer (Eh)
Tú ere' mi nena, mi nena, mi nena
Como en el 2000, Baby Rasta
Yo, Bieber y tú, Selena
Aunque esté' con alguien, yo soy tu fantasma

Oh-oh-oh-oh, oh-oh-oh-oh
Te como de almuerzo y de cena, tú eres mi nena
El mundo atrás se queda y nosotro'
Oh-oh-oh-oh, oh-oh-oh-oh
Nadie está mirando, y mientras el mundo está girando, tú y yo

Tú ere' mi destino, mi chrono, mami, como Simba con Nala
En este infierno, tú eres mi cielo
Me siento A$AP la primera vez que se lo metió a Rihanna
Mirándote a los ojo', tú fuiste mi todo en la vida pasada
Antes de conocerte, ya yo te extrañaba
Tú ere' el sol y las constelacione', ¿contigo pa' qué carajo los condone'?
Tú eres mía completa, dile al rascabicho de tu ex que a mí no me mencione
Te gusta que me encabrone pa' que yo te descabrone, pa' que te entone
Son muchas las Kendall, pero Gabriela siempre va a ser la nena 'e Bad Bunny

Y dime, ma, ¿cuándo es que chingamo' otra ve'?
Si e' por mí, no te suelto jamá', ah, ah-ah
¿Cuándo nos vemos? Dime qué ya quiero

Hacerte de to'-oh-oh-oh, oh-oh-oh-oh
Qué rico besarte otra ve', repetir la ocasió-o-o-o-oh, oh-oh-oh-oh-oh
Ojalá que lo nuestro sea eterno
Woh-oh-oh-oh, woh-oh-oh-oh
Te como de almuerzo y de cena, tú eres mi nena
El mundo atrás se queda y nosotros
Woh-oh-oh-oh, woh-oh-oh-oh
Nadie está mirando, y mientras el mundo está girando, tú y yo
[Outro: Omar Courtz & 
Bad Bunny
]
Pero yo estoy con ella y tú estás con él
Sabiendo que yo siempre te voy a querer (Oh-oh-oh-oh)
Yeah, si tú lo dejas, yo la dejo (Yo la dejo)
Oh-oh-oh-oh
Yeah, si tú lo dejas, yo la dejo
Y yo estoy con ella, y tú estás con él
Una carita de diosa, un ángel mujer (Eh)
Oh-oh-oh-oh
Oh-oh-oh-oh"
"Q' Lokura, Los Herrera",Cuidado Que Te Supero,2Xetks48zQL2K7xUbJBHRn,"Jon Z Challenge

El mejor de mi país
Nadie se compara si me monto en un beat
No sé si es que 'toy medio droga'o
Pero me puse e'te reto y sé que lo voy a cumplir
2019 palabras es el récord latino rimando que puso Jon Z
Pensaba que no lo podía hacer
Pero me desacaté y mira como lo rompí
Empezamo', no crea que jugamo' ni paramo'
Sin brega' con grama ni gramo lo' beats desbaratamo'
Yo no creo en fulano que se hace llamar mi hermano
Porque no meten ni de'o y presumen que meten mano
Yo 'toy que viajo sin ver a lo José Feliciano
El problema es que ahora soy yo el que tiene el phillie en la mano
No me crea' brother, yo soy un chamaco sano
Con pensamiento' de afuera y grano de dominicano
Sigo firme, es que rapero duro poco hay
Voy por ahí, skymay, así que mantente light
Dale a play, también like, nunca bye, siempre on fire
Así que coñazo no quiera' buscar donde no hay
No son de mi size, uso Puma, Jordans, Adidas o Nike
Tú 'tá usando la que en La Pulga te regaló tú ma'i
Nosotros paramo' rulin pa' lo que paran rulay
Adictivo y conflictivo, como robarse el Wi-Fi
Rapeamo' por pasión, cero blunt, cabezón
Lo que son, ya no son, se volvieron del montón
En acción, maricón, así que ponme atención
Que a pesar de letra también yo le pongo corazón
Aprovecho la ocasión, soy Kobe con el balón
La meto con la presión, y salimo' campeón
Líder como Donald Trump, nunca niego mí nación
Cuando agarro el microphone, lo' pongo a pedir perdón
Sinónimos de ratón e' que esto rapero son
Tengo el don, también ron con hielo en un vaso foam
No me guillo de matón, menos de que soy ladrón
Yo lo que soy e' duro y lo demuestro en cada canción
Sueno cabrón, tú lo sabes, con quien grabe dejo grave
Ya no existe quien me pare, meno' otro que me iguale
Rompemo' lo instrumentale', usando solo dos canales
Y tú llorando el los freestyle' que no encuentra a quien copiarle
Metale' hay uno' cuanto, cuento de' que me levanto
Siento al que se la da en santo, y a ti te dejamo' en llanto
Mientras tanto sigo en canto, casi siempre me adelanto
Soy pequeño pero duro como La Isla del Encanto
Así que tranquilo y trata de coger recreo
En tripeo, sin mareo, no copeo el palabreo
Rapeo en creole y en hebreo, un morenito flaco y feo
La movie no me la creo y al hater le saco el de'o
Si rimo a ti te da grima, rompo sin subir a tarima
Grabo sin entrá' a cabina, por eso 'toy en la cima
Tú sabe' que se aproxima, una bomba y no de Hiroshima
Así que no e' mi culpa si oyéndome rompe la bocina
Sigo activo, positivo, cero amigo, malparido
Tengo a Dios como testigo, y al diablo como enemigo
Al que se pasa se lo digo, así que no joda' conmigo
Que del movimiento urbano soy el maldito elegido
Así que mantente a distancia, barrial con elegancia
Gucci tengo fragancia, y tú de llegarme con ansia'
Letra tengo en abundancia, nunca he tenido arrogancia
No tolero la ignorancia, y ready pa' las circunstancia'
Llegarme no pudieron, se cayeron y murieron
Muchos matarme quisieron pero desaparecieron
No me vieron, la mordieron, se burlan y se rieron
Pero hoy en día les cayó en la cara lo que escupieron
Son las 3:50AM, pronto andaré en un BM'
¿Contra nosotros ya quienes, si pistolas hay más de cienes?
Sé muy bien que tú me teme', decirlo no te conviene
Y los que no quieren que suene pronto probaran mi pe...
Cambio de flow, pero en el mismo formato
Rimas de inmediato, mientras el beat yo lo maltrato
Rapeaba como un perro de' que 'taba en Kinder Gato'
Y esa es la razón por la que a diario hay un nuevo contrato
Parezco un misil, voy a mil, sin pedir
Trabajando pa' vivir, aunque un día voy a morir
No me salgo del carril, rimas tengo por barril
Y no pienso concluir ha'ta que no llegue a 2 mil
No creo que tú me llegue', brega da que tú me bregue
Rimando de' jueve' a jueve' hasta que Dios venga y me lleve
Soy un loco con papele', duele ve' que yo me pegue
Cuando se quiere se puede, lo aprendí oyéndolo' a ustede'
Así que no dé con esa que tú dizque ere' el mejor
Por favor, tenga valor, que tú no aguanta' el calor
Ven, pa' que sienta el vapor, no te lleve' del olor
Y mejor ve buscando una bola e' golpe pa'l dolor
Tranquilo, que yo sé que un verso mío tú no lo aguanta'
Tengo una 9 con 15 tiro' en la garganta
Mujere' hay una' cuanta', cadena' hay una' cuanta'
Pero el lema de nosotro' e': “Josea' de'de que se levanta”
Cógelo con calma, o sino, va' a perder tu alma
No fue que sonó la alarma, e' que de esta ya no te salva
Si e' pa' guerrear tengo armas, mejor prepara la palma
Pa' que aplauda cuando por los Récords Guinness yo salga
El lapi' que no falla, canalla, tira la toalla
Represento donde vaya, mi voz, solo Dios la calla
En Mayo, me volveré un maya, ando en modo Súper Saiyan
Y tú quitate eso' Adidas que tienen má' de 8 raya'
Demasiado flow, creo que soy de otro planeta
Causando terror, como en México los Zetas
A to' el que rapea de corazón se le respeta
Pero tranquilízate que faltan cumplir mucha' meta'
Rima' muy completa, puñeta, ya no te meta
Que te damo' tu galleta, con to' y la sortija pue'ta
Mejor sal de la gabeta y sigue con la fucking dieta
En lo que yo rompo en pedazo' el récord que puso Jon Z
Ando ruleta con Tapia El Sikario
Dejamo' a Sentido controlando en el barrio
No existe adversario, tampoco millonario
Que a nivel de rap no' ponga un pago monetario
Contricante hay vario', me tiraron vario'
Pero no pueden en mi caco hay un diccionario
Mucho' rimaron con la' vocale', pero yo haré algo precario
Rimaré con el abecedario
Empiezo con la A, y eso tú lo puede' Be
Duro de' que comen-Ce, y poco pueden enten-De
En la escuela saqué eFe, pero nunca me quemé
Creo que volé la E, pero 'tá bien por la Ge
Triple Hache ahora mi ídolo en la WW-i
La yúca 'tába jo-Jota, pero ná' me la comÍ
Yo lo que hago e' músi-Ka, pero considero un M-C
En poloche' casi eLe, pero en tennis 7i
Deja de habla' M, que eso a ti no te conviene
“Nino”, empieza con la eNe, aunque termina con la O
'Toy frío con la P-N, que siempre ando con los cienes
Porque gracia' a ese menudo el policia no me llevó
¿Qué pasó? ¿Quiere qué yo te haga un upper-Q?
No sé quién tú eRe, pero ven, dame la lu'
En mi bolsillo tengo el iPhone 6-eSe Plus
Así que T-írate una foto, pa' enviártela por Bluethoot
No fue que salté la eÑe, es que sonaba muy pupú
Yo no soy Lapiz Conciente, pero yo entré con la U
Coge un U-V-er, pa' que me llegue', panzú
Aunque tengo una pregunta, ¿por qué Yandel ya no 'ta con W?
Hay que hace'me rayos X, 'toy loco, puñeta
La cabeza mía de rima' 'ta repleta
Con e'ta rima se te completa
Yo sigo siendo el mejor, Y no pierdo el valor como pe-Zeta
Te rimé con al abecedario completico
No me agito, sigo invicto, rappers lo' violo a todito'
Cuando te escucho vomito, así que manso muchachito
Que a esto nivele rimando lo' que han llegao' son poquito'
Empecé en e' to cuando tenía 12 años de edá'
Nunca pensé que iba a se' tan bueno en realidá'
Invertí mi tiempo y gané boches de mamá
Pero al meno' en donde llego me miran con dignida'
Yo soy Nino, y me siento bien aunque he logrado poco
No me sofoco y rimando no me equivoco
No digo que 'toy pega'o, ni que soy famoso tampoco
Pero a donde quiera que me ven me piden una foto
No se emocione, y meno' se impresione
Que no evitarán que yo en esta corone
No me hablen de que hago dembow, maricone'
Que a El Lapiz lo criticaban y hoy en día de eso e' que come
Letras tengo por camione', montone' de municione'
Poseo a disposicione', pa' cuando el party se embrome
Activo con las posicione', y atento a las posesione'
Que yo seguiré rapeando hasta que esploten mis pulmone'
Coño, no vaya' a creer que 'toy droga'o
Ni fuma'o, ni ennota'o, e' que de flow 'toy pasa'o
Me he faja'o y josia'o, lo mío no e' da'o ni fia'o
Y mientra' tú 'tá haciendo pila e' manda'o
Yo sigo desacata'o, corona'o, con un talento pesa'o
Y lo que no me la han da'o ya me tiene sin cuida'o
Muchos me preguntan :“¿por qué diablo tú no 'ta pega'o?”
Simple, porque a ninguno de e'ta rata yo se lo he mama'o
Watch-out, que bajé con un flow 2070
Intenta forzá' conmigo y te doy que te sienta
Yo no sé si ya te di'te cuenta
Que en menos de 5 minutos palabras van má' de mil 500
Tenemo' herramienta, también actitud violenta
Para todo aquel que inventa, con lo que ya uno sustenta
Tú no ere' lo que aparenta', ni sabe a lo que te enfrenta'
Así que no me haga usa la que coge 30
Que yo ando slow, pero se me cruzan los cable'
Un estilo notable que hace que hasta un mudo hable
Yo dudo que de esta tú te salve
Y no va a vivir pa' contarlo, ni haciendo el curso de contable
Me siento imparable, intocable, es dudable
Que tú seas confiable y que de mí no hable'
El infierno arde y sea temprano o tarde
Te va a tocar morir, por cobarde
Así que mejor conviértete y trata a ve' si Dios te perdona
Que aquí paramo' zanahoria, frío en la zona
Matando lo' munchies, bebiéndome una Corona
Y escuchando de fondo a Ricardo Arjona
Porque fuiste tú el que hizo que yo me descomponga
Se te vende en lonja, y te entramo' como conga
'Toy haciendo el amor con do' monja
Y tú ya no e' Made In China, eso e' Made In Toronja
Y ahora, ¿qué coñazo me van a contar?
¿Que no fui original o que yo no sé rimar?
Y no me hablen de contenido intelectual
Porque yo puedo hacer algo similar
Poseo estructura, nunca reprobé literatura
Y no necesité de ninguna ayuda
Casi casi en la universidad, buscando una licenciatura
Pa' tener una segunda idea en vida futura
Yo puedo habla'te bonito y también en tigueraje
¿Pero de qué vale si al final es un montaje?
Un ladrón de barrio y un ladrón con un buen traje
Da ladrón por to' los lados, no quiera' cambia' el mensaje
Aquí vivimo' un infierno, niños sin lapi' y cuaderno
Y es que al parecer esta mierda será un problema eterno
Pero malo es todo aquel enfermo
Que se le olvida su situación de' que ve una funda del gobierno
Aquí 'támo cada día ma' mal
Y al final, solo nos queda rezar y seguir joseando igual
Confío en que va a cambiar el problema nacional
Que arropa sin duda a mí país natal
Pero a veces tú te cansa', ya no hay en quién poner tu confianza
Y se ha perdido ha'ta las esperanza, e' que coño, nada avanza
Y en vez de anivelar la abalanza
Los ricos siguen llenando sus panzas
Pero cambiaré el tema, porque si sigo hablando casi lloro
Rap me sale por los poros, soy caro, fuera de coro
Yo mejoro, no empeoro, caigo como meteoro
Y tu cabeza de chorlito la perforo
Ya van 2 mil palabra' en 6 minuto' y 20 segundo'
Profundo, no me hundo, ya tengo el récord del mundo
El cerebro yo te lo fundo, cada ve' que desenfundo
Y te puedo causar un daño muy rotundo
Gracias a todos mis fanes' que me convencien'
De que si Jon Z lo hizo, yo podía hace'lo también
No fue fácil supera'lo pero amén
Mis respeto' a lo' que ante' tenían el récord, Residente y Eminem
Que bien se siente lográ' lo que te propone'
No quiero mencione', ni accione' con ovacione'
Yo lo que quiero e' que tu descargue' mis cancione'
Ya que se acabó e'te challenge, así que, bro, bendicione'

Jhon Neon Produciendo"
"Héctor ""El Father"", Wisin & Yandel",El Teléfono,614NVFo5csQqRnryl4jXs2,"Eh (W), eh-eh (Y)
Eh (El Father), eh-eh (Haces falta)
¡Los Rompe Discotekas!

Hace mucho tiempo que te quiero ver
Busco la manera de tu cuerpo tener
Ni tu padre ni tu madre te quieren conmigo
Pues hagamos el amor por el teléfono
Hace mucho tiempo que te quiero ver
Busco la manera de tu cuerpo tener
Ni tu padre ni tu madre te quieren conmigo
Pues hagamos el amor por el teléfono

Y solo ten mi número telefónico
Para cuando te sientas sola
Y me llamas a mí, recuerda que
Yo estaré para ti a todas horas
Y solo ten mi número telefónico
Para cuando te sientas sola
Y me llamas a mí, recuerda que
Yo estaré para ti a todas horas (¡Oye, bebé!)

Muñeca, llama por ley (¡Hah!), que de ti tengo sed (¡Buh!)
Quiero tocarte
Enredarte en la red (¡Hah!), pegarte a la pared (¡Buh!)
Pa' devorarte (Ajá)
Entonces suéltate (¡Hah!), lúcete, sedúceme
Vamos, aprovéchate (¡Hah!)
Enciéndete (¡Hah!), libérate y caliéntate (¡Buh!)
Pa' devorarte

Hace mucho tiempo que te quiero ver (Eh-eh)
Busco la manera de tu cuerpo tener (Eh-eh)
Ni tu padre ni tu madre te quieren conmigo
Pues hagamos el amor por el teléfono (Eh, eh-eh-eh)
Hace mucho tiempo que te quiero ver (Eh-eh)
Busco la manera de tu cuerpo tener (Eh-eh)
Ni tu padre ni tu madre te quieren conmigo
Pues hagamos el amor por el teléfono

Ella me llama en asterisco, le gusta el shot y un poco 'e disco
Loca que la coma de un mordisco
Ma', quiero tu zip code, tu número te lo confisco
Chico, tú la llama' y yo la pellizco
Que se aquiete el bizco o te lo tiro por un risco
Ponle este disco y dile que yo vivo arisco
Ese gato tuyo es un peñisco, medio jalisco
Y yo gigante como San Francisco

Y solo ten mi número telefónico
Para cuando te sientas sola
Y me llamas a mí, recuerda que
Yo estaré para ti a todas horas
Y solo ten mi número telefónico
Para cuando te sientas sola
Y me llamas a mí, recuerda que
Yo estaré para ti a todas horas

Hace mucho tiempo que te quiero ver (Eh-eh)
Busco la manera de tu cuerpo tener (Eh-eh)
Ni tu padre ni tu madre te quieren conmigo
Pues hagamos el amor por el teléfono (Eh, eh-eh-eh)
Hace mucho tiempo que te quiero ver (Eh-eh)
Busco la manera de tu cuerpo tener (Eh-eh)
Ni tu padre ni tu madre te quieren conmigo
Pues hagamos el amor por el teléfono

Oiga, payaso
Pa' usted hacer una canción como esta
Es sencillo, tiene que volver a nacer
Hambre y sueño es lo que usted tiene
W ""El Sobreviviente"" con Yandel
Héctor ""El Father""
Oye, bebé, tranquila que no va a haber rebuleo
¿Okey?
Usted anda conmigo, ¡hah!"
"Luck Ra, Karina, RAMKY EN LOS CONTROLES",LADRON,2NMctdE1VuUUc4VctEqamB,"Cuídala bien
Que a la primera que des medio paso en falso
Ahí estaré robandote
No es personal, pero si la tenés llorando, yo te avisé

Estoy como lobo al acecho desde el día en que la vi
Con esa carita de ángel y tus labios carmesí
Oh, sí, mami, vos estás hecha pa' mí
No está' pa' que llores por ese gil, gil, gil

Ladrón que le roba a ladrón, 100 años de perdón
Y vos estás robada de hace rato, amor
Si me dices que sí, te doy еl corazón
Te saco el papelito y tе como, bombón
Si le robo al ladrón, 100 años de perdón
Y vos ya estás robada de hace rato, amor
Si me dices que sí, te doy el corazón
Te saco el papelito y te como, bombón

Estoy como lobo al acecho desde el día en que la vi
Con esa carita de ángel y tus labios carmesí
Oh, sí, mami, vos estás hecha pa' mí
No está' pa' que llores por ese gil, gil, gil

Ladrón que le roba a ladrón, 100 años de perdón
Y vos ya estás robada de hace rato, amor
Si me dices que sí, te doy el corazón
Te saco el papelito y te como, bombón
Si le robo al ladrón, 100 años de perdón
Y vos ya estás robada de hace rato, amor
Si me dices que sí, te doy el corazón
Te saco el papelito y te como, bombón"
Taylor Swift,The Fate of Ophelia,53iuhJlwXhSER5J2IYYv1W,"I heard you calling on the megaphone
You wanna see me all alone
As legend has it, you are quite the pyro
You light the match to watch it blow

And if you'd never come for me
I might've drowned in the melancholy
I swore my loyalty to me (Me), myself (Myself), and I (I)
Right before you lit my sky up

All that time
I sat alone in my tower
You were just honing your powers
Now I can see it all (See it all)
Late one night
You dug me out of my grave and
Saved my heart from the fate of
Ophelia (Ophеlia)

Keep it one hundred on the land (Land), thе sea (Sea), the sky
Pledge allegiance to your hands, your team, your vibes
Don't care where the hell you've been (Been) 'cause now (Now) you're mine
It's 'bout to be the sleepless night you've been dreaming of
The fate of Ophelia

The eldest daughter of a nobleman
Ophelia lived in fantasy
But love was a cold bed full of scorpions
The venom stole her sanity

And if you'd never come for me (Come for me)
I might've lingered in purgatory
You wrap around me like a chain (A chain), a crown (A crown), a vine (A vine)
Pulling me into the fire

All that time
I sat alone in my tower
You were just honing your powers
Now I can see it all (See it all)
Late one night
You dug me out of my grave and
Saved my heart from the fate of
Ophelia (Ophelia)

Keep it one hundred on the land (Land), the sea (The sea), the sky
Pledge allegiance to your hands, your team, your vibes
Don't care where the hell you've been (Been) 'cause now (Now) you're mine
It's 'bout to be the sleepless night you've been dreaming of
The fate of Ophelia

'Tis locked inside my memory
And only you possess the key
No longer drowning and deceived
All because you came for me
Locked inside my memory
And only you possess the key
No longer drowning and deceived
All because you came for me

All that time
I sat alone in my tower
You were just honing your powers
Now I can see it all (I can see it all)
Late one night
You dug me out of my grave and
Saved my heart from the fate of
Ophelia (Ophelia)

Keep it one hundred on the land (Land), the sea (The sea), the sky
Pledge allegiance to your hands (Your hands), your team, your vibes
Don't care where the hell you've been (You've been) 'cause now ('Cause now) you're mine
It's 'bout to be the sleepless night you've been dreaming of
The fate of Ophelia

You saved my heart from the fate of Ophelia"
"Anuel AA, Haze",Amanece,1LiN0Z98FkR1t0m8KmLcAH,"Uah (Uah)
Siempre te llamo de madrugá' porque quería decirte que (Oh-oh)
Me encanta todo desde la primera ve’ (Oh-oh)
Pero esta ve' a mí me tocó perder (Uah-uah)
No es casualidad, yo lo sé (Oh-oh-oh, oh-oh)
Te sucede también (Oh-oh-oh, oh-oh-oh)
Y estás ahí aunque sabes que no es donde perteneces (Bebecita)
Y tú lo sabes, aunque no lo confieses (Uah-uah)
Quieres volver (Volver)
Con él no te sientes bien (Bebé)
Si tú no estás las ganas sólo crecen (Bebé)

Quédate en lo que amanece pa' ir rompiéndote to’a (To'a)
Y nos olvidamo' 'e la hora (Uah)
Yo sé que me prefieres, y quieres (Oh-oh)
Quédate en lo que amanece (Uah) pa' ir comiéndote to'a (¡To'a-ah!)
Y encima 'e mí tú te moja’ (¡Moja-ah!)
Yo sé que me prefieres, y quieres (Bebecita)
Quédate en lo que amanece (Bebé)

Yo sé que tú tiene’ un novio (Novio)
Y tú sabe' que yo lo odio (Odio)
Yo sé que te sientes sola
Pero yo te vo’a morder to'a (Bebé)
Y yo me enredé en tu piel (Uah)
Y ya no sé ni qué hacer (Uah)
Contigo quiero beber y adentro 'e ti enloquecer
Mi diabla, manipulándome cuando habla (Habla)
Adentro 'e ti no quieres que salga (Eh)
Y en exceso la noche es larga
Uah-uah

Pa’ ir rompiéndote to'a (To'a)
Y nos olvidamo' 'e la hora (Uah)
Yo sé que me prefieres, y quieres (Oh-oh)
Quédate en lo que amanece (Uah) pa' ir comiéndote to'a (¡To'a-ah!)
Y encima 'e mí tú te moja' (Uah-uah)
Yo sé que me prefieres, y quieres (Bebecita)
Quédate en lo que amanece

Y como Karol G en mi cama (Cama)
Como Becky G sin pijama (Sin pijama)
Ella no sabe amar (Uah)
Y no se quiere enamorar
Y explícale lo que sientes
Y dile que tú le mientes
Y que yo vivo en tu mente (Bebé)
Y que te pongo caliente
Bandolera, recuerdo la tembla'era (Eh-eh, uh)
Yo sé que tú me desea' (Bebé)
Tú me tiene' en una odisea (Uah-uah)

Pa' ir rompiéndote to'a (To'a)
Y nos olvidamo' 'e la hora (Uah)
Yo sé que me prefieres, y quieres (Oh-oh)
Quédate en lo que amanece (Uah) pa' ir comiéndote to'a (¡To'a-ah!)
Y encima 'e mí tú te moja' (Uah-uah)
Yo sé que me prefieres, y quieres (Bebecita)
Quédate en lo que amanece

Uah-uah
Real hasta la muerte, baby
Real hasta la muerte, baby
Uah
Bebecita, uah
Anuel (Anuel)
Mera, dime Haze, lo' intocable', ¿oí'te bebé?
Brrr
Mera, dime EQ (Mera, dime EQ)
Eh-eh
Bebecita (Uah)
Bebe-Bebecita (Uah)
La casa del Haze, ¿oí'te baby? (Uah)
Donde se fuma y se hace el amor bien rico, bebecita
¡Jaja!"
Turf,Pasos Al Costado,7upAH0ezzsThyvr33YKn4u,"Nunca dormí tan poco, tal vez viva demasiado
No reconozco el punto justo donde hay que frenar
Me preguntaba lo que había dado, y lo que me habían dejado
Me respondieron que en la vida hay que aceptar

De cualquier modo que te toque está bien
De cualquier modo que te toque está mal
Mejor abrir los ojos para saber, lo que te gustaría hacer

Debo haber estado dando pasos al costado
Paralizado por el miedo de saber la verdad
Me imaginaba que lo que habíamos pasado había quedado pisado
Pero encontramos una nueva forma de hablar

De cualquier modo que te toque está bien (Está bien)
De cualquier modo que te toque está mal (Está mal)
Mejor abrir los ojos para saber lo que te gustaría hacer

Y es el momento en que todo comienza de vuelta
Mi corazón está alerta y el tuyo también
Todo este tiempo vivido me sirve de ejemplo
Para no volver, para no volver, para no volver a caer

Oh-oh-oh

De cualquier modo que te toque está bien (Está bien)
De cualquier modo que te toque está mal (Está mal)
Mejor abrir los ojos para saber lo que te gustaría hacer

Y es el momento en que todo comienza de vuelta
Mi corazón está alerta y el tuyo también
Todo este tiempo vivido me sirve de ejemplo
Para no volver, para no volver, para no volver a caer

Para no volver (Para no volver)
Para no volver (Para no volver)
Para no volver (Para no volver)
A caer
Eh-eh-eh-eh"
"Anuel AA, Daddy Yankee, Zion & Lennox, Farruko, Wisin",Sola (Remix),5q2JbCNi4FcnglgPfxcV65,"Real hasta la muerte, baby
Welcome to the remix
Z Diddy (Sola)
Anuel, Farruko
This is the remix
Zion (Sola)
(La Gerencia)
DY

En este infierno (Oh, oh-oh)
Vi un ángel pasar (Pasar)
Que iluminaba mi camino en medio 'e la oscuridad
Y le dije: (Sumba)

Hola, te vi caminando en lo oscuro sola (Sola)
En este juego tú tienes la bola
 (
Bola
)
Quiero comerte completita to'a
Quiero comerte completita sola
Yo nunca olvido la primera vez que yo te llegué a comer (Llegué a comer)
Y sigo recorriendo tu piel-e-el
Fumando y bebiendo Rosé-é-é
¿Y ahora qué? (Oah)
Te tengo 'e espalda, tú mirándome a la cara mojándote-te (-te)
Sigo recorriendo tu piel-e-el (Tu piel)
Fumando y bebiendo Rosé-é-é (
Rosé-é-é
)
Yeah, eh-eh

(Z Diddy; oah)
Yo te saboreé
Uh-uh, uh, qué rico fue
Me pasaría la vida buscándote (¡Oh!)
Para darte otra vez a sola'
Eh-eh-eh, me hace pecar lo bien que te ve'-e'-e'
La presidencial yo reservé-é-é-é
Para revivir el momento bebiendo y fumando
Oh-oh, oh-oh

A mí me gusta porque ella lo enrola (-rola)
Siempre a donde llega ella es la que controla (Controla)
Tiene una pistola pa' cualquiera que invente-te-te
Haciendo el amor le gusta lo diferente-te-te (Mamasita)
Yo nunca olvido la primera vez que yo te llegué a comer
Sigo recorriendo tu piel-e-el
Fumando y bebiendo Rosé-é-é
Vamo' a hacerlo otra vez, toma

Yo no soy un diablo, pero te doy calor
Se pasa gastando dinero, ella trabaja en el mall (En el mall)
Es una diabla, ella no siente temor (Temor)
Solo sale cuando se esconde el sol
El sexo es consuelo para el desamor
No ama, dice que así es mejor
La amo como amo a mi pistola
Pedimos diez botella' y le dije:

Hola, te vi caminando en lo oscuro sola (Sola)
En este juego tú tienes la bola (
Bola
)
Quiero comerte completita sola
Quiero comerte completita sola
Yo nunca olvido la primera vez que yo te llegué a comer
Sigo recorriendo tu piel-e-elFumando y bebiendo Rosé-é-é
Vamo' a hacerlo otra vez (Toma)

(W)
El caserío lo controla (Heh); en la cartera, una pistola (Heh)
Cuando me pilla, me viola; matadora (¡W!)
Kung-fu, hasta patadas voladoras (¡Wah!)
Naturales las boobies, pero se hizo la cola (¡Prende!)
Cuando yo quiero, tú quieres, no' fuimos a fuego (¡Fuego!)
Se desnuda, me pone una venda (Ey) y quedo ciego (Yeah)
Empezó su juego, me besa desde que llego (¡Oh!)
Mami, tú eres la dura y eso, yo nunca lo niego

(¡Farru!)
Apareciste en el peor momento de mi vida, me rescataste
Tú me aliviaste este dolor que me atormenta el corazón (Blep)
Me devolviste las gana', ya yo no amaba; en nadie confiaba, a nadie miraba
Hasta que te encontré y de nuevo me enamoré
Eres el ángel que me sacó de adentro ese demonio
Me calmaste el odio, ya no me agobio
Por ti yo sigo sobrio
Y si me deja', te propongo matrimonio

Bebé, hazme caso (Heh), no olvides mis paso' (Heh)
Aunque mañana no salga y me fabriquen un caso (Wuh)
Me siguen tirando y yo en ti pensando (Yah)
Cuando escucho tu voz, todo lo voy recordando (Sube, sube)
Y vuelve a hacerme esas cosita', mamita, vuelve (Vuelve)
Háblame sucio pa' dañarme la mente
Que duele que me olvide esta gente (Hey)
¿Dónde están los que decían ""Real Hasta La Muerte""?
Conmigo siempre estás (-tás), quiero escucharte más (Más)
Las noches se hacen corta', baby, en mi intimidad (-dad)
Matándome a tu nombre, mami, por necesidad
'Toy preso, pero tu fantasía es mi libertad
Y vuelve (Ey), a hacerme esas cosita', mamita, vuelve (Sube)
Háblame sucio pa' dañarme la mente
Que duele que me olvide esta gente
Pero sigo contigo porque eres ""Real Hasta La Muerte"" (DY)

Hola
Te vi caminando en lo oscuro sola
En este juego, tú tienes la bola
Quiero comerte completita, sola (Siki-Daddy, ¡uh!, uh-yeh)
Quiero comerte completita, sola
Yo nunca olvido la primera vez que yo te llegué a comer
Y sigo recorriendo tu piel-e-el
Fumando y bebiendo Rosé-é-é
¿Y ahora qué?

¡Anuel!
Real Hasta La Muerte, baby
Señores, siempre es un verdadero placer trabajar con grandes artistas
DY
¡Farru!
Farruko
W
Zion
Lennox
Clásico
Frabian Eli
De los jefes
Tainy
Z Diddy
OMB
Y nos quedamo' (*Nelflow*)
Real hasta la muerte, ¿Oíste, bebé?
*Nelflow*
¿Quién puede detener lo que dice el pueblo?¡Free Anuel!
Classic Hit"
Felix Record,Cuentame,2lg4MDfkK2ya3dEAFu6Wh8,"Te detuve el reloj en la puerta del cielo (Oh, oh, oh)
Te dejé con las ganas, no digas que no (Que no, que no)
Y esa dosis perversa entre dulce y veneno (Mm, mm)
Si jugamos con fuego nos quemamos los dos

Quema, ema, ema
Tu boca es un poema, ema, ema
Vamos a tirar de esta cuerda
Que si se rompe soltamos la rienda, mmm

Cuéntame, cuéntame, cuéntame
Todo lo que te has imaginado
Llévame, llévame, llévame
Al punto donde nadie había llegado
No me sirve un caballero
Si no cumple mis deseos
Bésame, bésame, bésame
Así, así
Y yo te llevo a tu final feliz

(Cuéntame, cuéntame)
Y yo te llevo a tu final feliz
(Cuéntame, cuéntame)

Voy abrir las páginas de mi cuento (Ah)
Ven para escribir tu historia por mi cuerpo (Ah)
Se acerca esta trama, cerca de la cama
Si tú eres la serpiente, yo soy la manzana

Ya no queda mecha en esta vela pa' quemar
Ven recórreme en la oscuridad
Y si me gusta, mañana volvemos a empezar, mmm

Cuéntame, cuéntame, cuéntame
Todo lo que te has imaginado
Cúmpleme, cúmpleme, cúmpleme
Que pa' complacerme eres mi esclavo
No me sirve un caballero
Si no cumple mis deseos (No,no)
Bésame, bésame, bésame
Así, así
Y yo te llevo a tu final feliz

(Cuéntame, cuéntame)
Y yo te llevo a tu final feliz
(Cuéntame, cuéntame)

Ema, ema, ema (Ema)
Tu boca es un poema, ema, ema (Ema)
Vamos a tirar de esta cuerda
Que si se rompe soltamos la rienda (Cuéntame)

Cuéntame, cuéntame, cuéntame
Todo lo que te has imaginado
Llévame, llévame, llévame
Al punto donde nadie había llegado
No me sirve un caballero
Si no cumple mis deseos (Oh)
Bésame, bésame, bésame
Así, así
Y yo te llevo a tu final feliz

(Cuéntame, cuéntame)
Dame, dame mi final feliz
(Cuéntame, cuéntame)
Y yo te llevo a tu final feliz
Y dame, dame mi final feliz"
De La Rose,Yo te conozco :):,1yG1za0O6OK6sKa79xGtsA,"Ey, ey, ey, ey, ey, ey, ey
Ey, ey, ey, ey, ey, ey, ey
Ey, ey, ey, ey, ey, ey, ey

Esperando que la nota le dé conmigo (Dé conmigo)
Tengo pa' fumar, me texteó que: ""¿Dónde te consigo?"" (Yeah)
Si no llegas, pues yo voy a la calle
Yo no me aguanté, 'toy loca de verte (Verte)
Hazme lo que dice' en los DM (Uh)
Pеro de frente y la boca mе calles

Sé que solo a vece', hoy tú aparece', yo te conozco, ey (Uh)
Cómo tú me enciende' hace que yo peque y vamo' pa'l otro, ey (Otro)
Baby, tú dime quién te hace sentir tan bien cada vez que te toco, ey
Cómo tú me enciendes, hace que yo peque, y vamo' pa'l otro

Es que, diablo, qué piquete cuando sale (Cuando sale)
Bebe y chinga bien salvaje, yo le llego sin mensaje, ey
Pasa por aquí, ven donde mí, hace rato que no sé de ti
Pero tú siempre va' a volver
Yo no te escribí, fue tú a mí, pensando en cómo te hice venir
Acho, tú siempre va' a volver

Va' a volver

Sé que solo a vece', hoy tú aparece', yo te conozco, ey (Uh)
Cómo tú me enciende' hace que yo peque y vamo' pa'l otro, ey (Otro)
Baby, tú dime quién te hace sentir tan bien cada vez que te toco, ey
Cómo tú me enciendes, hace que yo peque, y vamo' pa'l otro"
Babasonicos,Irresponsables,6d4d6cwiAf59mKxoRmXQoK,"Somos culpables de este amor escandaloso
Que el fuego mismo de pasión alimentó
Que en el remanso de la noche impostergable
Nos avergüenza seguir sintiéndolo

Poco a poco fuimos volviéndonos locos
Y ese vapor de nuestro amor
Nos embriagó con su licor
Y culpo al carnaval interminable
Nos hizo confundir, irresponsables

Si fuimos carne de la intriga casquivana
Que la imprudencia del rumor hoy desató
Y descubiertos por la luz de la mañana
Nos castigaron la desidia y el dolor

Poco a poco fuimos volviéndonos locos
Y ese vapor de nuestro amor
Nos embriagó con su licor
Y culpo al carnaval interminable
Nos hizo confundir, irresponsables


Poco a poco fuimos volviéndonos locos
Y ese vapor de nuestro amor
Nos embriagó con su licor
Y culpo al carnaval interminable
Nos hizo confundir, irresponsables"
"Yan Block, Panda Black",444,1o4xkdBe0RjSf2u6VXi4OI,"Panda Black on the beat

Aunque no esté' aquí y esté' allá
Mami, tú 'tás clara que siempre te vo'a clavar
Que esto nunca va a acabar, sí, yo siempre vo'a clavarte
Tú siempre va' a tenerme y yo siempre vo'a tenerte
Tú siempre va' a llamar y yo voy a responderte (Yeah)

(Tú siempre va' a llamar y yo voy a responderte)

Me enchulé de tus defecto' imperfectamеnte perfecto'
Lе contesto en to' momento, monumento e' ese cuerpo, ma
¿Cuándo vamo' a verno'? Que el infierno está viniendo
Y me quiero morir viniéndome, metiéndote, yeah
Tengo mari, pali y Xanny, mami, yo vivo en un party
Apúntame a los shorte' con mi pistola y dime ""papi""
Siempre oculto, Illuminati, en la Ducati, yeah
Por Miami, yeah

Aunque no esté' aquí y esté' allá
Mami, tú 'tás clara que siempre te vo'a clavar
Que esto nunca va a acabar, sí, yo siempre vo'a clavarte
Tú siempre va' a tenerme y yo siempre vo'a tenerte
Tú siempre va' a llamar y yo voy a responderte (Yeah)

Be-Bebecita, yo te lo dije
Que yo siempre voy a ser el que te parte
Tengo Roleta y ella Cartier
Tú sabe' que soy el uno y soy aparte
Tú está' ricota, tú ere' arte
Te gustan los artista' y los gánsters

Tú ere' tan rica que tú ere' arte
Te gustan los artista' y los gánsters

Tú no está' cuando quiero, e' cuando tú quiere'
Si el amor es de verda', pues, ¿pa' qué me hiere'?
Te doy to' lo que pediste, ¿qué más tú quiere'?
Con to' y eso pienso tanto, baby, que hasta me conformo
Con que tú me mire' y me escuche'
Me transformo cuando entra y dejo que me use'
Me trastorno cuando no te siento cerca mío
Encima mío, me da escalofrío'

Me enchulé de tus defecto' imperfectamente perfecto'
Le contesto en to' momento, monumento e' ese cuerpo, ma
¿Cuándo vamo' a verno'? Que el infierno está viniendo
Y me quiero morir viniéndome, metiéndote, yeah
Tengo mari, pali y Xanny, mami, yo vivo en un party
Apúntame a la chola con mi pistola y dime ""papi""
Siempre oculto, Illuminati, en la Ducati, yeah
Por Miami, yeah

Yeah
Me enchulé de tus defecto' imperfectamente perfecto'
Le contesto en to' momento, monumento e' ese cuerpo, ma
¿Cuándo vamo' a verno'? Que el infierno está viniendo
Y me quiero morir viniéndome, metiéndote"
"Jere Klein, Katteyes, Mateo on the Beatz",TODO KE VER,3D9mWy43zoJFWQUE6sz6ax,"Mateo On The Beatz

Sé que todo entra por la vista (-ta; ah)
Y yo estoy harto de lo superficial (Sí)
Tú, aparte de bonita (Ok)
Me está gustando tu manera 'e pensar (Mami)
Y yo le pregunté
¿Cómo se siente del cora? (Uh)
Ella me respondió que e' una diabla
Y que no se enamora, -mora (Entonce')

¿Cómo lo consigo? Si yo no coincido
Si yo quiero to' con uste'
Algo más que amigo', de verdad lo digo
De verdad tenemo' todo que ver
Por él tengo enemigo', pero todo' son gile'
Son mucho bla-bla (Chota)
Yo soy mero mero de mi comuna
Tengo mi pistola, pistola (Jaja)

Mi nombre en la calle pesa
Te hablo claro, no ando con estupidece' (Tú sabe')
Ese culo atraca prensa (Trr)
Eso de atrá' a un doble R se parece (Ok)
Y si aparece, le vo'a dar lo que merece (Sí)
Si te me dejas llevar, y se enloquece (Wow)
Junto conmigo ella se crece (Mami)
Yo la pongo a gastar

Sé que todo entra por la vista
Y ya estoy harta de lo superficial
Dice que me veo bonita (Mmh)
Y a mí me gusta tu manera 'e pensar
Y yo le pregunté
¿Cómo se siente del cora? (Uh)
Ella me respondió que e' una diabla
Y que no se enamora, -mora

¿Cómo lo consigo? Si yo no coincido
Si yo quiero to' con uste'
Algo más que amigo', de verdad lo digo
De verdad tenemo' todo que ver
Por él tengo enemigo', pero todo' son gile'
Son mucho bla-bla (Chota)
Yo soy mero, mero de mi comuna
Tengo mi pistola, pistola (Brr)

No cualquiera a mí me llega (Sí)
Es diferente desearme que tenerme (Uy)
Yeah, quiere que yo sea su mina (Papi)
Pero no va a ser tan fácil poseerme
Yo siempre distante
Tú solo entre mis followers (Así es), followers
Le mandé ""Piensan"" de Myke Towers
Porque tenemos todo que ver

Na-Nadie quiere saber
¿Cómo me siento del cora?
Pero él me respondió que me cuidaba con su pistola, -tola (Brr; entonce')

¿Cómo lo consigo? Si yo no coincido
Si yo quiero to' con uste'
Algo más que amigo', de verdad lo digo
De verdad tenemo' todo que ver
Por él tengo enemigo', pero todo' son gile'
Son mucho bla-bla (Chota)
Yo soy mero, mero de mi comuna
Tengo mi pistola, pistola (Jaja)"
Los Huayra,La Noche Sin Tí,6dT5W7zuEcUZHnZuVlSIJ5,"Vuelve a despertar la lluvia en mí
Derramando toda su raíz
Sobre el papel
Vuelven a caer sobre la piel
Del que va esperando por nacer
Estas aquí
Mientras tanto busco las palabras
Que me cubran esta herida
Que me alejen más de ti
Y la soledad me va creciendo
Con la niebla de este invierno
Que no puedo resistir
La noche sin ti
La mañana se levanta ya
No hay señales de que volverás
No estas aquí
Solamente quiero comprender
Que tu ausencia vive en mi pared
Y sin querer
Como detener este vacío
Que me crece desde adentro
Que no me deja seguir
Como asimilar todos los huecos
Que aparecen en mi cama
Y se quedaran ahí
Se apaga la luz
Y me siento solo con mi voz
No descubro como sucedió
Perder tu amor
Todo lo que nunca más veré
Como se me anuda el corazón
Como volver
Si tuviera la oportunidad
En aquel minuto reparar
De no caer
Si quedaran rastros a seguir
Una huella tenue de ese abril
Perdiéndose
En la sombra del ayer
Y me siento solo con mi voz
No descubro como sucedió
Perder tu amor
Todo lo que nunca más veré
Como se me anuda el corazón
Como volver
Si tuviera la oportunidad
En aquel minuto reparar
De no caer
Si quedaran rastros a seguir
Una huella tenue de ese abril
Perdiéndose
En la sombra del ayer"
Los Piojos,Bicho de Ciudad,0oCiPqIEL5218yu2D996eP,"¿Qué voy a hacer con tanto cielo para mí?
Voy a volar, yo soy un bicho de ciudad
¿Qué voy a hacer? ¿Cuál es el camino a seguir?
Voy a soñar con ese beso al regresar

Cierro los ojos, no imagino algo mejor
Respiro hondo y tomo el vino

Y no te asustes si me río como un loco
Es necesario que a veces sea así
Será la vida que siempre nos pega un poco
Nos encandila con lo que está por venir

Ah, ah-ah-ah

¿Y qué voy a hacer con tanto cielo para mí?
Voy a volar, yo soy un bicho de ciudad
Bajo un árbol me refugio del calor
En el silencio, escucho el río

Y no te asustes si me río como un loco
Es necesario que mañana sea así
Será la vida que siempre nos pega un poco
Nos encandila con lo que está por venir

Tengo algo mal pensado, little baby, en el colchón
Lloviznando de repente, ¿dónde está, mi amor?
Llegué de lejos yo te quiero en lo que sé de
Alguien que te está buscando, sed hay en sus manos

Es perfecto el aire, y la cumbre bajo el sol
De lo que quede de mí, te llevo un poco

Y no te asustes si me río como un loco
Es necesario que mañana sea así
Será la vida que siempre nos pega un poco
Nos encandila con lo que está por venir

Ah, ah-ah-ah"
Omar Courtz,KOKO,1tz7RZirwiuaJw2p0jbdHb,"Bellaquita
Bellaquita
Uh-uh

Caliente cuando yo la toco (Ey)
Cremita de vainilla con coco
Quietecita como una foto (Foto)
Si le doy un beso, quiere otro
Y la miro y le brillan los ojo' (Ojo', ey)
Yo te quiero comer como antojo
Si no es contigo, pues, estoy solo

Uah, uah (Uah)
Tú va' a ser mía, tú verá'
Esa notita, sube, súbela (Ey)
Cuando la toco siento la humedad en su cuerpo
Uah, uah (Uah)
Tú va' a ser mía, tú verá'
Esa notita, sube, súbela (Ah)
Cuando la toco siento la humedad en su cuerpo

Yo le hago el ""uh-la-la"" (Yeah-yeah)
La piel le еrizo y le salen las ala' (Uh)
Te llеvé a fumar al frente 'e la playa
Y yo sentía que sus ojo' me hablaban (Uh)
Y nos metimo' pa'l agua
No somo' surfer, pero aquí estamos dando tabla
Yo le tiro cuando estoy por el área
Pa' la arena, Louis Vuitton las sandalia' (Uh-uh), yeah-yeah

En una hamaca debajo 'e las palma' (Palma')
'Tamos quemando en hojas de palma (Palma)
Le puse el bronceador en la espalda
Y las mano' bajaron a las nalga'

Y la miro, y le brillan los ojo' (Ojo', ey)
Yo te quiero comer como antojo
Si no es contigo, pues, estoy solo

Uah, uah (Uah)
Tú va' a ser mía, tú verá'
Esa notita, sube, súbela (Ah)
Cuando la toco siento la humedad en su cuerpo
Uah, uah (Uah)
Tú va' a ser mía, tú verá'
Esa notita, sube, súbela (Ah)
Cuando la toco siento la humedad en su cuerpo
(En su cuerpo)
(En su cuerpo)

Mira, ando con una amiga
Dime, papi
Fui a casa a almorzar, ahora, ahora vente
¿Cuándo me va' a invitar a la playita?
Botecito, Icaco', Palomino
Y contesta por lo menos, please
Dale un like, ¿okey?
Ando con una amiga que anda bellaquita
Jajajaja

Caliente cuando yo la toco (Ey)
Cremita de vainilla con coco
Quietecita como una foto (Foto)
Si le doy un beso, quiere otro
Y la miro y le brillan los ojo' (Ojo', ey)
Yo te quiero comer como antojo
Si no es contigo, pues, estoy solo

Uah, uah (Uah)
Tú va' a ser mía, tú verá'
Esa notita, sube, súbela (Ey)
Cuando la toco siento la humedad en su cuerpo
Uah, uah (Uah)
Tú va' a ser mía, tú verá'
Esa notita, sube, súbela (Ah)
Cuando la toco siento la humedad en su cuerpo"
Maluma,Borro Cassette,6DUdDIRgLqCGq1DwkNWQTN,"Sabemos lo tuyo (Rudeboyz)

Ayer me besaste y no podías parar, y me bailaste hasta el amanecer
Cuando desperté yo te quise llamar, y ahora me dice que borró cassette
Que no se acuerda de esa noche porque ella borró cassette
Dice que no me conoce y quiero volverla a ver

Y que los tragos, hicieron estrago' en su cabeza
Ella con cualquiera no se besa, quiero que sepa que me interesa
Y no hay un día que no pare de pensar en su belleza
Y que los tragos, hicieron estrago' en su cabeza
Ella con cualquiera no se besa, quiero que sepa que me interesa
Y no hay un día que no pare de pensar en su belleza

Te dije mami, tómate un trago
Y cuando te emborracha', pa' mi casa nos vamos
Me sorprendió cuando sacaste ese cigarro
Tomaste tanto que lo has olvidado
Y tranquila ma', no pasa na', enloqueciste pero más na'
Pedías a grito que te besara en la escalera y en el sofá
Y tranquila ma', no pasa na', conozco ya tu debilidad
Bastará solo un par de copas pa' conocerte en la intimidad

Y tú, mami, ¿cómo dices que no te acuerdas cómo mi cuerpo te calienta?
Ven, dímelo en la cara y no mientas, dejemos de jugar
Y tú, mami, ¿cómo dices que no te acuerdas cómo mi cuerpo te calienta?
Ven, dímelo en la cara y no mientas, dejemos de jugar
Ayer me besaste y no podías parar, y me bailaste hasta el amanecer
Cuando desperté yo te quise llamar, y ahora me dice que borró cassette
Que no se acuerda de esa noche porque ella borró cassette
Dice que no me conoce y quiero volverla a ver

Y que los tragos, hicieron estrago' en su cabeza
Ella con cualquiera no se besa, quiero que sepa que me interesa
Y no hay un día que no pare de pensar en su belleza
Y que los tragos, hicieron estrago' en su cabeza
Ella con cualquiera no se besa, quiero que sepa que me interesa
Y no hay un día que no pare de pensar en su belleza

Te estoy buscando para ver si lo repetimos
Esa noche, que bien lo hicimos, entre tragos nos desvestimos
Las botellas que nos tomamos, a la locura que nos llevaron
Fue mucho lo que vacilamos, imposible no recordarlo

Y tú, mami, ¿cómo dices que no te acuerdas cómo mi cuerpo te calienta?
Ven, dímelo en la cara y no mientas, dejemos de jugar
Y tú, mami, ¿cómo dices que no te acuerdas cómo mi cuerpo te calienta?
Ven, dímelo en la cara y no mientas, dejemos de jugar

¡Yeh-yoh! ¡Yeh-yoh! ¡Ja, ja!
Pretty Boy, Dirty Boy, baby (¡Oh!)
Y yo soy Maluma, baby, ¡oh, no! (¡Ja, ja, ja!)
(Rudeboyz) Kevin ADG y Chan El Genio
Rudeboyz, Bull Nene, Atlantik music
¿Qué hubo mi reina? (Pretty Boy), ¿cómo así que no se acuerda?
Que hicimos el amor, la pasamos bien, ¿y me va a decir que borró cassete?
¡Nah!"
"Yan Block, Panda Black",Talento,7sChwC2NZjGc2Kdni3hlDg,"Panda Black, Panda Black
Me lo mama y despué' lo quiere adentro
¿Qué e' esto? Tú tiene' un—

Me lo mama y despué' lo quiere adentro
¿Qué e' esto? Tú tiene' un talento
Talento, tú naciste pa' esto
Me josea, tiene ticket, tiene un Benzo
Con un verso la vida te resuelvo (Yeah)
Mis disculpa', yo no estoy en sentimiento
El piquete tienе desde nacimiento
No tе miento, ese culo e' perfecto
Me lo mama y despué' lo quiere adentro
¿Qué e' esto? Tú tiene' un talento
Talento, tú naciste pa' esto (Yeah-yeah)
Me josea, tiene ticket, tiene un Benzo

El Rolex es de colore', yeah-yeah-yeah
No te encabrone', 'toy en plati pa' threesome'
Te mando flore', espero que no te enamore' (Yeah)
Flow Cris, en partysone', en mansione'
Toa' esta' puta' están mirándome en el club (Club; yeah)
A la que te desboque', pues te lo meto yo
El gato le falló, y yo que te tengo en la mira de hace mese' (Eh)
Habla claro, ¿tú me entiende' o no me entiende'?
No quiere' estar con él, eso se siente (Eh-eh-eh)
Me encojona' cuando tú misma te miente'
Y yo que te tengo en la mira de hace mese'
Habla claro, ¿tú me entiende' o no me entiende'?

Me lo mama y despué' lo quiere adentro (Hm)
¿Qué e' esto? Tú tiene' un talento
Talento, tú naciste pa' esto
Me josea, tiene ticket, tiene un Benzo
Con un verso la vida te resuelvo (Yeah)
Mis disculpa', yo no estoy en sentimiento
El piquete tiene desde nacimiento
No te miento, ese culo e' perfecto
Me lo mama y despué' lo quiere adentro
¿Qué e' esto? Tú tiene' un talento
Talento, tú naciste pa' esto
Me josea, tiene ticket, tiene un Benzo

El Rolex es de colore', yeah-yeah-yeah
Te mando flore', espero que no te enamore'"
"Pablo Chill-E, Ñengo Flow, Jere Klein",Bastardo (feat. Ñengo Flow & Jere Klein),7xjFEvchFCiAmuseCBModI,
Los Tipitos,Campanas en la Noche,0C9V5jMElp7laZZdsCHufD,"Un hombre de frente a una ventana
Súper lúcida la mirada
Recorre el paisaje y no
No es su interior, es luna
Son sombras lejanas del bosque
Es algo raro en las estrellas
Sonidos que inducen temor
Y también melancolía de esperar
De esperar

Esperar que ella vuelva
Y le diga: ""Acá estoy, mi amor
No existe el olvido
Acá estoy, mi amor, de vuelta
He venido
¿Lo puedes creer?
No existe el olvido, mi amor
No existe""

Su mente inquieta se puebla de historias
Su cuerpo es solo memoria
Es eso que hay que sentir
Con paciencia infinita
Andando en las calles ajenas
De hombres que al fin le dan pena
Campanas en la noche
Ruidos de melancolía de esperar
¿Qué esperar?

Esperar que ella vuelva
Y le diga: ""Acá estoy, mi amor
No existe el olvido
Acá estoy, mi amor, de vuelta
He vencido
¿Lo puedes creer?
No existe el olvido, mi amor
No existe""

Delirio, tremendo, ficción literaria
Secretos que fueron plegaria
Espejo maldito que al fin
Duplicó toda su vida
Andando en las calles ajenas
De hombres que al fin le dan pena
Campanas en la noche
Ruidos de melancolía de esperar
¿Qué esperar?

Esperar que ella vuelva
Y le diga: ""Acá estoy, mi amor
No existe el olvido
Acá estoy, mi amor, de vuelta
He vencido
¿Lo puedes creer?
No existe el olvido, mi amor
No existe"""
Omar Courtz,SI ESTÁS CON ALGUIEN,7nyk5uxevcijIfl1FlJgmA,"Yo me acuerdo aquel día, tú y yo, tú encima
Dos cuerpo' a escondida', bebé, la noche era de los do'
¿Dónde estás metía'? De la disco sale 'e día
Ojalá que te acuerdes, mi amor

Pa' hacerlo hoy, hoy
Pa' hacerlo hoy, hoy
Pa' hacerlo hoy, hoy
Mi amor, yeah-yeah, ey

Si estás con alguien, dile que tú ere' mía
Que no somos na', pero que no me olvida', mi amor (Mi amor)
Mi amor (Mi amor)
Mi amor (Mi amor, yeah-yeah)

4 a. m., loca con el nene
Nota los weekene', yo no sé qué ella tiene
Pero tiene lo que me gusta, pa' su casa es la ruta
Baby, tú eres mi musa, caliente como una hookah
Saliendo de día como a las 6 de la morning
Dice que se desvía, pero que na' má' eso es por mí
Dice que esta es su primera ve'
Y yo sé que esta no es su primera ve'
Ey, yo me sé to' los punto'
To' los fetiches se los cumplo
Como una brocha se lo paso
Como si no hay más nadie en este mundo
Yo nunca le digo: ""Detente""
Ella es como una serpiente
Pero es de esas venenosa'
Le gusta jugar con mi mente

Yo sé que te gusta cuando hacemo' el amor
Mami, tú te fuiste, pero se quedó tu olor
Mía por siempre, pero lejo' estamo' mejor
Si tú quiere', yo te hago el favor

Y lo hacemo' hoy, hoy
Pa' hacerlo hoy, hoy
Pa' hacerlo hoy, hoy
Mi amor (Mi amor), yeah-yeah, mi amor (Mi amor)

Si estás con alguien, dile que tú ere' mía
Que no somos na', pero que no me olvida', mi amor (Mi amor)
Mi amor (Mi amor)
Mi amor

Y ahora que no te tengo
Pienso en todo el tiempo perdido que perdí contigo
Pues, por amarte a ciegas, yo no escuché
Y me lancé al vacío por amor
Todos me dijeron, todos me advertían
Que hay flores que tienen espinas

Qué Ousi ni qué Ousi
A mí tú me habla' de Omar
Este Omarcito que está acá
No es el mismo
No es el mismo que yo conocí
Y no me encanta
Así que si no va a estar el que yo conocí al principio
No lo quiero
Yo creo que ya
Ya yo me rindo"
"Anuel AA, Bad Bunny",Hasta Que Dios Diga,06s3QtMJVXw1AJX3UfvZG1,"Brr
Hoy la noche se acaba, tú desnuda en mi cama (Cama)
Anoche te soñé (Soñé), y me quedé con las gana' (Gana'; uah)
Baby, apaga el celular que te quiero disfrutar
No le vaya' a contestar, no, yeah (Yeah-yeah)
Y ese traje se ve bien con tus nalga' apretá'
Pero e' hora de quitarlo

Ey, hoy la noche es tuya y mía (Tuya y mía, yeah-yeah)
La luz está apagá', pero tú está' prendía'
La nota me dice que siga (Me dice que—)
Te vo'a dar hasta que Dio' diga, ey (Brr)
Hoy la noche e' tuya y mía (Uah)
La luz está apagá', pero tú 'tás prendía' (Uah)
La nota me dice que siga (Que siga)
Te vo'a dar hasta que Dio' diga (Uah)

'Tás tan dura que hasta Ricky Martin quiere darte (Darte)
Tú llega' y estas putas empiezan a envidiarte (Envidiarte)
Tu gato dice que e' real, pero él te miente (Brr)
Yo soy real, yo soy real hasta la muerte, yah
¿Por qué ese jevo tuyo 'tá celoso? ('Tá celoso)
Y eso labio’ allá abajo 'tán jugoso' (Jugoso')
Baby, hoy la noche e' de nosotro' (De nosotro')
Y ese totito en mi boca 'tá chicloso, ey (Chicloso)
Que no' perdone La Virgen y Jesucristo
Fue que yo te vi, me tropecé con tu culito
Bebé, no me compare' porque yo nunca compito
Mayweather no se va a trepar al ring con Margarito (Brr)
Yo solo quiero perrearte, en la cama amarrarte
Morderte y lamberte to'as tus parte'
Hablándote al oído grosería' (Grosería')
Tu amor e' de él, pero en el sexo tú ere' mía, yah-yah (Brr)

Hoy la noche es tuya y mía
La luz está apagá', pero tú está' prendía' (Eh)
La nota me dice que siga (Me dice que siga)
Te vo'a dar hasta que Dio' diga (Hasta que—; uah-uah)
Hoy la noche e' tuya y mía (Tuya y mía, baby)
La luz está apagá', pero tú está' prendía' (Uah)
La nota me dice que siga (Uah)
Te vo'a dar hasta que Dio' diga (Yeh-yeh-yeh), ey (Brr)

Ese culo está cabrón, mami, tú 'tás bendecida (Amén)
Te toqué y estaba' humedecida (Ey)
Pa' chingar no hay que estar junto' de por vida (No)
Dejemo' que la luna hoy decida (Wuh)
Porque nosotro' estamo' arrebatao' (Arrebatao'; ey)
Y tú bien bellaca, ya yo lo he notao' (Yo lo he notao'; jeje)
El gato tuyo siempre coge to' prestao' (Jaja; ey)
Y yo a 40 mil pie' en el jet trepao' (¡Wuh!)
Tú ere' mi Lady Gaga, yo tu Bradley Cooper
Ella se lo traga (Traga), y me lo escupe
Tú quiere' comerme, yo siempre lo supe
Si quiere' te compro la Range o la Mini Cooper (¡Wuh!)

Y te compré un babydoll Gucci (Gucci)
Pa' que te lo ponga' con lo tacone' Prada (Ah-ah)
Te veo typin', pero no envía' nada
Tírame el location y espérame en la entrada, ey
Que te compré un babydoll Gucci (Gucci)
Pa' que te lo ponga' con lo tacone' Prada (Ah-ah)
Te veo typin', pero no envía' nada
Envíame el location y espérame en la entrada, ey

Hoy la noche es tuya y mía
La luz está apagá', pero tú está' prendía'
La nota me dice que siga
Te vo'a dar hasta que Dio' diga (Uah; brr)
Hoy la noche e' tuya y mía (Uah)
La luz está apagá', pero tú está' prendía' (Uah)
La nota me dice que siga (Que siga)
Te vo'a dar hasta que Dio' diga

Ey; brr
Real, real (Yeh-yeh-yeh-yeh)
Real hasta la muerte, baby (Yeh-yeh-yeh-yeh)
Real hasta la muerte, baby
Bad Bunny, baby, eh, eh, eh
Bad Bunny, baby, yeah-yeah
Anuel
Chris Jeday
Ga-Gaby Music
Mera, dime Nino
Yeah-yeh
Dulce Como Candy
Yeah-yeh (Real hasta la muerte, baby)
Lo' reye' y lo' diose', ¿oí'te? (Real hasta la muerte, baby)
Brr
Mera, dime Frabian
Real hasta la muerte
(Yeh-yeh-yeh
Dile que tú ere' mía
La luz está apagá', pero tú 'tás prendía', prendía'
La nota me dice que siga
Te vo'a dar hasta que Dio' diga)
Yeah-yeah-yeah-yeah"
Ciro y los Persas,Me Gusta,67Q93kXygxCskeQiIP0V0j,"Me gustan tus ojos, tu intensidad
Me gusta que vengas por un trago más
Me gusta tocarte sin intención, ja
Me gusta tu historia de resurrección


Me gusta la curva de tu nariz
Me gusta escucharte, ser tu aprendiz
Cómo no haberte visto mientras bailás
La música es aire cuando te vas

Vos para mí (Vos para mí)
Yo para vos (Yo para vos)
Puedo sentir (Puedo sentir)
Una energía tan intensa entre los dos

Me gusta tu sed si tu barman soy
Se va la tristeza en tu vaso en flor
Traigo mi guitarra de atardeceres
Bebidas, canciones, viejos placeres

Vos para mí (Vos para mí)
Yo para vos (Yo para vos)
Puedo sentir (Puedo sentir)
Una energía tan intensa entre los dos

Si pudiera herir
Tu cuerpo de amor
Lo estoy meditando
No habría nada mejor


Yo no quiero dejarte ir por ahí
Sin que en algún instante pienses en mí
Y no es por egoísmo, es justa razón
Yo no tengo un instante hueco de vos

Wow
Vos para mí
Yo para vos
Wah
Eh, eh, eh, eh, eh, eh, eh, eh, eh
Na-na-na, wah, ¡wah!"
Bad Bunny,MONACO,4MjDJD8cW7iVeWInc2Bdyj,"Huh-huh-huh
Huh-huh-huh-huh
Huh-huh-huh-huh
Huh-huh-huh-huh
Huh-huh-huh, huh-huh
Huh-huh-huh, huh-huh
Huh-huh-huh-huh-huh

Dime (Ey; dime), dime, ¿esto es lo que tú quería'?
Yo soy fino (Uh), esto es trap de galería
Tú eres un charro, Rocky ""The Kid"", una porquería
Yo un campeón, Rocky Marciano, Rocky Balboa, Rocky Maivia
Tengo la ruta, tengo la vía, sí, tengo la vía
Los gasto de noche, facturo to' el día
Tanta plata que, que me gusta que
Me chapeen, por eso le meto a toa' estas arpía'
Ustedes no saben lo que es estar en altamar con doscientos cuero'
Que la azafata te mame el bicho en el cielo (Ey, ey)
Lo que es tirar quiniento' mil en el putero (Ey, ey, ey)
Por eso tu opinión me importa cero (Duh)
Por eso tú estás 101 en el top 100 y yo estoy primero
Ya no son rapero', ahora son podcastero'
Más que tú está cobrando mi barbero (Ey)
Chingando y viajando en el mundo entero (Ey, ey, ey), ey

Bebiendo mucha champaña, nunca estamos seco'
Primero llegó Verstappen, después llegó Checo
Si Pablo me viera, dirá que soy un berraco
Ustede' hablando mierda y yo y los mío' por Mónaco
Bebiendo mucha champaña, nunca estamos seco'
'Tán hablando solo', están hablando con el eco
El signo del dinero, ese e' mi nuevo zodiaco
Prende un puro, la familia está en Mónaco

Hier encore, j'avais vingt ans
Je caressais le temps, et jouais de la vie
Comme on joue de l'amour, et je vivais la nuit
Sans compter sur mes jours, qui fuyaient dans le temps

Créeme, los carros de F1 son más rápido' en persona
Sofía Vergara es linda, pero es más linda en persona (Más rica)
Lo que tú haga' a mí no me impresiona
Es como meter un gol después de Messi y Maradona
A ti no te conocen ni en tu barrio
Ayer estaba con LeBron, también con DiCaprio
Me preguntaron que cómo me fue en los estadio'
Hablamos de la familia y temas de millonario'
Digo, multimillonario', digo, je, de billonario'
Hace rato sin cojone' que me tiene la radio
Hace rato me quité del trap, yo se lo dejé a Eladio
Uy, je, querido diario
Hoy me depositaron, a los GRAMMYs nominaron
Otra vez me criticaron y ninguna me importaron
Yo sigo tranquilo, en la mía
Don Vito, Don Beno; de los Beatle', John Lennon
A mis nieto' cuando muera les vo'a dejar cien terreno'
A toa' mis doña' las pompis y los seno'
Y a mis hater' un F40 sin los freno'

¿Pa' qué? Pa' que se estrellen, je, pa' que se maten
Rojo o blanco, negro mate, ¿cuál tú quiere'?
¿Pa' qué? Pa' que se estrellen, pa' que se maten (Pa' que se maten)
Que en paz descansen, yo sigo en el yate, ey (Mmm; ¡ey!)

Bebiendo mucha champaña, nunca estamos seco' (¡No!)
Primero llegó Verstappen, después llegó Checo
Si Pablo me viera, dirá que soy un berraco
Ustede' hablando mierda y yo y los mío' por Mónaco
Bebiendo mucha champaña, nunca estamos seco'
'Tán hablando solo', están hablando con el eco
El signo del dinero, ese e' mi nuevo zodiaco
Prende un Phillie, la familia está en Mónaco

Hier encore, j'avais vingt ans
Je caressais le temps, et jouais de la vie
Comme on joue de l'amour, et je vivais la nuit
Sans compter sur mes jours, qui fuyaient dans le temps"
La T y La M,amor de veraNO,6WJ2QzbVnjmPGKpmb6tmmO,"Me encanta cuando nos tomamos de la mano
No es un amor de verano
Cuando del mundo nos desconectamos
No es un amor de verano
Y cuando en la cara le pega el sol
Y cuando en la cara le pega el sol

Dijo vamos, hacemos un mañanero y después nos vamos al río
Le gusta que soy atrevido, pícaro y vivo
Preguntan como hice con conjunto deportivo
Para ganarme tus besos y que sean solo míos
Y cuando en la cara le pega el sol
Ella es cumbia y rock and roll
No le importa lo que tenga ni que la llеves al mall
Está más fuerte quе el sol, de todo tiene el control
Habla como tres idiomas pero prefiere español

Vos me tenes re loco con tu piel, zarpado en enamorado
Cuando te mire, me dejaron re loco tus ojos colorados

Me encanta cuando nos tomamos de la mano
No es un amor de verano
Cuando del mundo nos desconectamos
No es un amor de verano
Y cuando en la cara le pega el sol
Y cuando en la cara le pega el sol

Es que a mi me mata con el babydoll
Yo pierdo mi autocontrol
Brilla más que las estrellas, brilla mucho más que el sol
La bajo pa zona Sur, la meto pa mi cantón
Le mandamos la avenida ni permiso ni perdón
Y a mi me matan tus poderes, ya no quiero otras mujeres
Yo te espero con un tinto, si así te gusta que te esperen
En la cama le beso las piernas
Y la hago caer como un jenga
Y le saco las ganas de amar
Yo te doy para que guardes y para que tengas

Me encanta cuando nos tomamos de la mano
No es un amor de verano
Cuando del mundo nos desconectamos
No es un amor de verano
Y cuando en la cara le pega el sol
Y cuando en la cara le pega el sol"
Airbag,Nunca Lo Olvides,4581iSIX0QZNNzAQRysF3k,"Y van quedando los vasos vacíos
Vino derramado, tu cuerpo y el mío
Ya pasó tiempo y nada ha cambiado
En todas las noches te sigo pensando

Y ya no puedo vivir esperando
No sé si es un sueño o estoy despertando
Y quiero contarte las cosas que siento
No quiero perderme en este momento
Aquí estoy, otra vez

No te preocupes, no todo es en vano
Aunque siempre pierdas la primera mano
Quiero contarte siеmpre el mismo cuento
Porquе ya sabemos quién pierde primero

No me arrepiento de nada contigo
Contigo me muero, contigo revivo
Y sos mi victoria, y sos mi fracaso
Sos todo lo bueno, sos todo lo malo
Aquí estoy, otra vez

Soy tu soldado de brazos rendidos
Siempre en esta guerra salimos heridos
Cómo explicarte este sentimiento
Si no me acostumbro, si no lo resuelvo

Nunca te olvides que te doy mi vida
Te extraño de noche, te quiero de día
Y quiero llevarte por siempre conmigo
Hacia ningún lado, hacia el infinito
Aquí estoy, otra vez, oh


Oh, oh
Quiero perderme en tu laberinto
Quiero ser tu esclavo, morirme contigo
Aunque lo intente, no puedo olvidarte
No puedo mentirte, no quiero marcharme

Y no te olvides que te doy mi vida
Te cambio la tuya, robame la mía
Sos el remedio de todas mis penas
Sos la fantasía, mi dulce condena
Aquí estoy, otra vez, oh"
"Yan Block, TORRRES",Yo sé,5DdLSEyKh8zgCrJq2hFj92,"Es Lucifer, oeh, oeh, oeh (Eh)
Tú 'tás bellaca, eso, eso, eso e'
Me-Me-Me vo'a empastillar pa' martillarte como e' (Eh)
Bandida fina, que bajen la Moët (Eh)
Te-Te-Te me perdiste y al DM te tiré
BM charcoal gray, la movie te pongo en play
Esa carita angelical me hace pecar en 4K (Eh)
Ella me lo mama cuando estoy jugando Play

Cuando estamo' chingando no miramo' el reloj (Oh-oh-oh)
En la cama enemigo' y en la calle somo' bro (Oh-oh-oh)
Pa' mí se hipnotizó cuando los ojo' mе miró
Yo sé que va a romper con el outfit quе compró

Hija 'e Lucifer, oeh, oeh, oeh (Ah)
Tú estás bellaca, yo sé, yo sé, yo sé (Eh, eh)
Ba-Ba-Bandida fina, que bajen la Moët (Eh-eh)
Acostumbrada a que le dé como e'

Los siete día' de la week, le meto sin beanie, lo siente en el cli
Tus ojo' chotean que te gusta así
'Tás encima 'e la torre, no la de París
La cambio de pose como cambia el cli
Volteo la cámara pa'l videoclip (Eh-eh-eh)
Se mueve distinta, ella tiene su drip
Empezamo' el polvo y no le encuentro fin

Cuando estamo' chingando no miramo' el reloj
En la cama enemigo' y en la calle somo' bro
Pa' mí se hipnotizó cuando los ojo' me miró
Yo sé que va a romper con el outfit que compró (Eh)

Es Lucifer, oeh, oeh, oeh (Yah)
'Tás bellaca, eso, eso, eso e'
Me-Me-Me vo'a empastillar pa' martillarte como e' (Eh)
Bandida fina, que bajen la Moët (Eh)
Te me perdiste y al DM te tiré
BM charcoal gray, la movie te pongo en play
Esa carita angelical me hace pecar en 4K

Quedó esto hijueputa, ¿verda'?"
"Milo j, Taiu",Rara Vez,7MVIfkyzuUmQ716j8U7yGR,"Negra, rara vez te vi bien estando con aquel
No lo sé, no me vo'a a meter, pero te noté algo mentirosa
Cuando te besé sentí que vos sentiste cosa'
Entonces supe que

Sos lo que me da paz, lo que andaba buscando
Y esa felicidad que hace que ande sonriendo
Quiero verte feli', mejor si es al la'o de mí
Love incondicional, como perro a su amo, te sigo amando
Sos lo que me da paz, lo que andaba buscando
Y esa felicidad que hace que ande sonriendo
Quiero verte feli', mejor si es al la'o de mí
Love incondicional, como perro a su amo, te sigo amando

Dama con fama 'e cama alta gama y corazón partido
Fono lleno 'e fane' que llaman y solo atiende el mío
Vamo' a verno' con frío o calor, picnic, Netflix, voy en tren
En ten o fifteen estoy, y siendo honesto, baby

Negra, rara ve' te vi bien estando con aquel
No lo sé, no me vo'a a meter, pero te noté algo mentirosa
Cuando te besé sentí que vos sentiste cosa'
Entonces supe que

Sos lo que me da paz, lo que andaba buscando
Y esa felicidad que hace que ande sonriendo
Quiero verte feli', mejor si es al la'o de mí
Love incondicional, como perro a su amo, te sigo amando
Sos lo que me da paz, lo que andaba buscando
Y esa felicidad que hace que ande sonriendo
Quiero verte feli', mejor si es al la'o de mí
Love incondicional, como perro a su amo, te sigo amando"
El Plan De La Mariposa,Túnel de la Vida,3NlHH9zJ9uGXkm6NJDbLnO,"Hay un cielo para ver de la ventana del avión
Hay otro para ir a conectarme con vos
Las verdades al final las regala el corazón
No viene un manual de ninguna relación
Al parecer hay una luz en el túnel de la vida
En la mía fuiste vos salvándome la mía
Si viniera un tsunami, un estresazo, un aguijón
Yo con vos lo canto lo vuelvo canción
Si viniera un tsunami, un estresazo, un aguijón
Yo con vos lo canto lo vuelvo canción
Como un médano de sal que se va a disolver
Entrando en tu agua viajo a volver
Es tan limpio como el mar y lo quiero proteger
Lo llevo еn mi altar, viene a donde еsté
Al parecer hay una luz en el túnel de la vida
En la mía fuiste vos salvándome la mía
Si viniera un tsunami, un estresazo, un aguijón
Yo con vos lo canto lo vuelvo canción
Si viniera un tsunami, un estresazo, un aguijón
Yo con vos lo canto lo vuelvo canción
Seca como el agua
Fría como el fuego
Bailando en la altura
Nunca tiene miedo
Seca como el agua
Fría como el fuego
Bailando en la altura
Nunca tiene miedo
Nunca, nunca, tiene miedo
Nunca tiene miedo
Nunca, nunca, tiene miedo
Nunca tiene miedo"
DesaKTa2,No Se Ve / Chingon,1wDZFWLswOdkP3PBOWiSwI,"Que bien te ves TU TU
Tu mi Pucca, y yo tu Garu
Bien sexy como Betty Boop
Creo me hiciste un vudú
Tu osito, tu Winnie The Pooh
Nos conectamos, sin bluetooh
Me baila con mucha actitud
Besame, con lentitud
Que bien te ves TU TU
Tu mi Pucca, y yo tu Garu
Bien sexy como Betty Boop
Creo me hiciste un vudú
Tu osito, tu Winnie The Pooh
Nos conectamos, sin bluetooh
Me baila con mucha actitud
Besame, con lentitud
No es cualquiera, una top model
Su cabello con Head & Shoulders
Piquеtosa, que lindo blower
Buena vibra, siеmpre anda en power
Su pasado ya es game over
Muy bonita, toda una flower
La envidiosa, siempre la jod3n
Unica y no cambia de cover
Que bien se ve
Bien crimin@l
Una mami, bien natural
Ta´ bien buena, me pone mal
Donde tu estas?
Te quiero ching###
Que bien se ve
Bien crimin@l
Una mami, bien natural
Ta´ bien buena, me pone mal
Donde tu estas?
Te quiero ching###
Que bien te ves TU TU
Tu mi Pucca, y yo tu Garu
Bien sexy como Betty Boop
Creo me hiciste un vudú
Tu osito, tu Winnie The Pooh
Nos conectamos, sin bluetooh
Me baila con mucha actitud
Besame, con lentitud
Que bien te ves TU TU
Tu mi Pucca, y yo tu Garu
Bien sexy como Betty Boop
Creo me hiciste un vudú
Tu osito, tu Winnie The Pooh
Nos conectamos, sin bluetooh
Me baila con mucha actitud
Besame, con lentitud
La nalguita, le hace takatakatakataka
La shorty se destaca, una tremenda sata
Si le beso el cuello, ella se desata
Toda una leona, y en la noche una gata
Lo hacemos bien rico, sabroso en la fogata
Sus ojos la delatan, en la cama ella me mata
Me hace un stripper, y le tiro la plata
No plastic, natural, mira esa flaca
No es cualquiera, una top model
Su cabello con Head & Shoulders
Piquetosa, que lindo blower
Buena vibra, siempre anda en power
Su pasado ya es game over
Muy bonita, toda una flower
La envidiosa, siempre la jod3n
Unica y no cambia de cover
Que bien se ve
Bien crimin@l
Una mami, bien natural
Ta´ bien buena, me pone mal
Donde tu estas?
Te quiero ching###
Que bien se ve
Bien crimin@l
Una mami, bien natural
Ta´ bien buena, me pone mal
Donde tu estas?
Te quiero ching###
Que bien te ves TU TU
Tu mi Pucca, y yo tu Garu
Bien sexy como Betty Boop
Creo me hiciste un vudú
Tu osito, tu Winnie The Pooh
Nos conectamos, sin bluetooh
Me baila con mucha actitud
Besame, con lentitud
Que bien te ves TU TU
Tu mi Pucca, y yo tu Garu
Bien sexy como Betty Boop
Creo me hiciste un vudú
Tu osito, tu Winnie The Pooh
Nos conectamos, sin bluetooh
Me baila con mucha actitud
Besame, con lentitud"
Airbag,Cicatrices,23FJGRug9hlYUIBnrmkIBX,"Me gusta ver cuando bailás
Me gusta ver cuando pensás en nada más
¿No ves que estoy cansando de esperar así?

Desesperado por encontrarte
Busco un camino para olvidarte
Es que esa noche que vos te fuiste
Me desbordaron las cicatrices

El tiempo va calmándome
Los días van tan rápido que no los ves
No sé jugar sin trampas a este juego, no

Desesperado por encontrarte
Busco un camino para olvidarte
Es que esa noche que vos te fuiste
Me desbordaron las cicatrices

Quiero llevarme cada momento
A todas partes sin documentos
Y voy buscando algún pretexto
Para soltarte y no lo encuentro

Desesperado por encontrarte
Busco un camino para olvidarte
Es que esa noche que vos te fuiste
Me desbordaron las cicatrices
Tus cicatrices, oh-oh-oh
Tus cicatrices, oh-oh-oh"
Pablo Chill-E,Resentia,2ANtIUI9cipWNI685VdlZb,"Kreamly
Lo-Lo-Lo-Loyal
Brr

Soy el peor que te trató, pero el mejor que te metía (Ah)
Y aunque tú lo niegue', ya tú sabe' que ere' mía (Ah)
Sé que no me quiere', pero igual me chingaría'
Mami, no esté' resentía'
Soy el peor que te trató, pero el mejor que te metía (Ah)
Y aunque tú lo niegue', ya tú sabe' que еre' mía (Ah)
Sé que no me quiеre', pero igual me chingaría'
Mami, no esté' resentía

Ma-Mami, no esté' resentía'
Ma-Mami, no esté' resentía'
Ma-Mami, no esté' resentía'
Mami, no esté' resentía'

No-No-No me encerré', no te cierres a una relación bonita solo por un error mío
Tú me quiere', yo te quiero
Y empecemo' de cero como cuando éramo' amigo'
Mami, no seas así
Según ella ya no quiere un polvito de Pablito
Pero yo sé que sí
Porque extraña cómo yo le estimulaba el totito
Sin ti me siento como Dolce sin Gabbana
O como un traficante que le hacen la mexicana
Sin ti me siento solo en el VIP
Aunque todas estas putas estén alrededor de mí

Yo-Yo sé que me he portado mal
Pero lo he hecho sin querer
Y no me supe comportar
Pero supe darte placer
Yo sé que me he portado mal
Pero lo he hecho sin querer
Y no me supe comportar
Pero supe darte placer

Me tiene' aquí arrepentío', 'toy quemando lillo'
Perdí la cuenta de las Perco que ya me he metío'
Amanecío' en el after, estoy pensando en ti
Y esta me salió del alma, ni te la escribí
La cagué, yo sé, dale, rétame
Y no te hablo porque no te quiero incomodar
Con un Extosen te voy a olvidar
Pero mañana yo sé que me voy a acordar

Soy el peor que te trató, pero el mejor que te metía
Y aunque tú lo niegue', ya tú sabe' que ere' mía
Sé que no me quiere', pero igual me chingaría'
Mami, no esté' resentía'
Soy el peor que te trató, pero el mejor que te metía (Ah)
Y aunque tú lo niegue', ya tú sabe' que ere' mía (Ah)
Sé que no me quiere', pero igual me chingaría'
Mami, no esté' resentía

Ma-Ma-Mami, no esté' resentía'
Ma-Ma-Mami, no esté' resentía'
Ma-Ma-Mami, no esté' resentía'
Ma-Ma-Mami, no-no-no-no-no—

Muah, amorcito, no estí resentía', ah
Sabe' que te quiero y tú me quiere'
Yo te quiero, tú me quiere'
Yeah
Pablo
ShiShiGang, ShiShiGang Records
Ah, Savage Kreamly en el beat
Y la producción
Poniendo a mamar a to' los productore'
Jaja
Los Gángsters También Lloran, pero en silencio
Shh
Kreamly
Después del tono grabe su mensaje"
Jin,Don’t Say You Love Me,27xkOIER6uDLKALIelHylZ,"I really thought I made up my mind
Hopped in the car and put it in drive
I tried to leave like a hundred times
But something's stopping me every time, oh-ho

Faking a smile while we're breaking apart
Oh, I never, never, never meant to take it this far
Too late to save me, so don't even start
Oh, you never meant to hurt me, but you're making it hard

Don't tell me that you're gonna miss me
Just tell me that you wanna kill me
Don't say that you love me 'cause it hurts the most
You just gotta let me go

I really thought this was for the best
It never worked last time that I checked
I got this pain stuck inside my chest
And it gets worse the further I get, oh-ho

Faking a smile while we're breaking apart
Oh, I never, never, never meant to take it this far
Too late to save me, so don't even start
Oh, you never meant to hurt me, but you're making it hard

Don't tell me that you're gonna miss me (Tell me that you miss me)
Just tell me that you wanna kill me (Kill me)
Don't say that you love me 'cause it hurts the most (The most)
You just gotta let me go
Lie to me, tell me that you hate me (Tell me that you hate me)
Look me in the eyes and call me crazy (Crazy)
Don't say that you love me 'cause it hurts the most (The most)
You just gotta let me go

Let me go
Gotta let me go
Gotta let me
Don't say that you love me 'cause it hurts the most
You just gotta let me go"
Zion & Lennox,La player (Bandolera),0VKkyBKCXyR99navhVRqcP,"La Z y la L
Si hasta la luz se apaga sola
Péguese, dale, baile ahora
Pa' soltarse un trago se toma
Esta noche no hay quién la coja
Y si decide quedarse conmigo
Ven para que seas tú misma la testigo
Esto es pa' que vea que aún no la olvido
Solo una cosa te pido
Que si decide quedarse conmigo
Ven para que seas tú misma la testigo
Esto es pa' que vea que aún no la olvido
Solo una cosa te pido

Y dime que te dan
Tu mai, tu pai en tu casa
Lo que hicieron fue una amenaza
Pa' darte, my girl
Tu mai, tu pai en tu casa
Lo que hicieron fue una amenaza

Si hasta la luz se apaga sola
Péguese, dale, baile ahora
Pa' soltarse un trago se toma
Esta noche no hay quién la coja

Y si decide quedarse conmigo
Ven para que seas tú misma la testigo
Esto es pa' que vea que aún no la olvido
Solo una cosa te pido

(Y; shh) péguese y comience (Yeah)
Que yo no quiero que se me estrese
Qué rico lo mueve
Así, repítelo, par de veces (Ah)
Frente a frente, baby, y esto e' un juego
Ponte, vente, que en esto nunca pierdo
Viendo como con tu cuerpo conecto
Toma, disfrútalo, quémalo, lento

Ella es una bandolera (Toma)
Me dijo que estaba soltera (—taba soltera)
Y ahora resulta ser que en su casa la esperan
Ella es una bandolera (Tra, tra, tra; toma)
Me dijo que estaba soltera
Pero resulta ser que en su casa la esperan

Tu mai, tu pai en tu casa
Lo que hicieron fue una amenaza
Pa' darte, my girl
Tu mai, tu pai en tu casa
Lo que hicieron fue una amenaza

Si hasta la luz se apaga sola
Péguese, dale, baile ahora
Pa' soltarse un trago se toma
Esta noche no hay quién la coja (Toma, toma)

Y si decide quedarse conmigo (
Ah)
Ven para que seas tú misma la testigo
Esto es pa' que vea que aún no la olvido
Solo una cosa te pido
Que si decide quedarse conmigo
Ven para que seas tú misma la testigo
Esto es pa' que vea que aún no la olvido
Solo una cosa te pido

Que si tú quiere', nos vemos cuando tú quiera' (Yeah)
Y le cuelgas el teléfono temprano
No se da cuenta que va a dormir él solo
Porque sola no te acuestas
Y no le digo na'
Algo le digo, pero me dijo que tarde lo ha pilla'o en una vuelta
No, no le digo na'
Me volvió a llamar
Uoh-uoh, yeah

Ella es una bandolera
Me dijo que estaba soltera (—taba soltera)
Y ahora resulta ser que en su casa la esperan
Ella es una bandolera
Me dijo que estaba soltera
Pero resulta ser que en su casa la esperan

Si hasta la luz se apaga sola
Péguese, dale, baile ahora (Mamacita)
Pa' soltarse un trago se toma (La Z)
Esta noche no hay quién la coja (Y la L)

Y si decide quedarse conmigo (
Bop, bop)
Ven para que seas tú misma la testigo
Esto es pa' que vea que aún no la olvido
Solo una cosa te pido
Dime-Dime-Dime que te dan
Tu mai, tu pai en tu casa
Lo-Lo que hicieron fue una amenaza
Pa' darte, my girl
Tu mai, tu pai en tu casa
Lo-Lo-Lo que hicieron fue una amenaza

Mamacita
Toma, toma
Z-Diddy
Ah
La Z
Zion, baby
Y la L
And Lennox
Dímelo, Vi
Tainy
Dímelo, Haze
Gaby Music
Diamond Inc
Baby Records"
Tan Bionica,Obsesionario en La Mayor,5EGVGkRRJ2udpRnVGpx8LM,"Después de la lluvia, del perfume de la angustia
Y el sonido del silencio que dejás cuando te vas
Después de no sobrevivir a las mañanas de ese abril
Nubladas como rotas
Viajo bien adentro a la ciudad del desencuentro
Capital del nuevo centro del vacío existencial
Cómo me desilusionas cuando amagás y tiroteás
Sin terminar las cosas

Libertad
Mi casa es un desastre, mi vida un poco más
Corazón
Qué caros son los precios del amor

No te encontré en el centro hoy
Y una secuencia de terror
Y soñé pasiones locas con vos
Y simplemente pasa que, tengo ganas de verte
Y simplemente pasa que—

Algo habré perdido que ando tan comprometido
En buscar adentro tuyo algo que esta adentro mío
Y, algo para poder tapar mi gran agujero espiritual
Mis ilusiones rotas
Creo que buscarte es menos digno que pensarte
Más difícil que encontrarte y menos triste que olvidarte
Me preguntaste: ""¿No tomás?""
Te dije: ""Ya no lo hago más,"" y te aburrió la historia

Libertad
Mi casa es un desastre, mi vida un poco más
Corazón
Qué caros son los precios del amor

No te encontré en el centro hoy
Y una secuencia de terror
Y no sé qué está pasando con vos
Y simplemente pasa que, tengo ganas de verte
Y simplemente pasa que—


No te encontré en el centro hoy
Y una secuencia de terror
Y lloré la noche del apagón
Y simplemente pasa que, tengo ganas de verte
Y simplemente pasa que—
No te encontré en el centro hoy
Y una secuencia de terror
Y soñé pasiones locas con vos
Y simplemente pasa que, tengo ganas de verte
Y simplemente pasa que—

Tengo ganas de verte
Tengo ganas de verte"
"Romeo Santos, Prince Royce",Dardos,5SudOD9R1Of6CsJVWZy6CQ,"Por poquito te olvido de verdad, ya había dejado la bebida
La señal que continúa mi mala racha, tus llamadas perdidas
Quisiera creer que yo te puedo ignorar, que no importas tanto
Mi dignidad es un tablero en la pared, donde tú tiras dardos

Para ser más sincero y certero
Mi signo de Cáncer es muy vulnerable para un Leo
Puede que sea por Venus que no puedo
Apagar las llamas, y así me quemo en tu fuego

Ámame, solo un CC por lo menos
Quiéremе, nada má' un chinchín, te lo ruego
Cuidado, no abuses dеmasiado (Demasiado)
Comprobado, tú eres un caramelo envenenado
Ámame, solo un CC por lo menos
Quiéreme, nada má' un chinchín, te lo ruego
Me han voceado: ""Bachatero aficiado"" (Aficiado)
Embriagado, dicen las malas lenguas, idiotizado

Ah ya, yaqui-yaqui-yaqui-ye, yaqui-yaqui-ya
Ah ya, yaqui-yaqui-yaqui-ye, yaqui-yaqui-ya
Ah ya, yaqui-yaqui-yaqui-ye, yaqui-yaqui-ya
Ah ya, yaqui-yaqui-yaqui-ye, yaqui-yaqui-ya

Para ser más sincero y certero
Mi signo de Cáncer es muy vulnerable para un Leo
Puede que sea por Venus que no puedo
Apagar las llamas, y así me quemo en tu fuego

Ámame, solo un CC por lo menos
Quiéreme, nada má' un chinchín, te lo ruego
Cuidado, no abuses demasiado (Demasiado)
Comprobado, tú eres un caramelo envenenado
Ámame, solo un CC por lo menos
Quiéreme, nada má' un chinchín, te lo ruego
Me han voceado: ""Bachatero aficiado"" (Aficiado)
Embriagado, dicen las malas lenguas, idiotizado

Ah ya, yaqui-yaqui-yaqui-ye, yaqui-yaqui-ya
Ah ya, yaqui-yaqui-yaqui-ye, yaqui-yaqui-ya
Ah ya, yaqui-yaqui-yaqui-ye, yaqui-yaqui-ya (Yaqui-ye, yaqui-ye, yaqui-ya)
Ah ya, yaqui-yaqui-yaqui-ye, yaqui-yaqui-ya

Royce
The biggest
Ah-ah, I'm not okay

Ya no quiero ser esa burla
No me gusta que seas tan cruel
Ay, ay, auxilio, ay, Dios mío
Ay, ay, ay, grito, me haces sufrir (Uh)
Si tiras un dardo más, no voy a aguantar
Me tiras un dardo más, me vas a matar
Ay, ay, dolores, mal de amores
Ay, ay, voy a llorar, mi amor (Uh)
Si tiras un dardo más, voy a desangrar
Si tiras un dardo más, me vas a matar
Ouch
You're killing me, ma
Me han voceado: ""Bachatero aficiado""
Embriagado, dicen las malas lenguas, idiotizado"
Anuel AA,Tú No Lo Amas,0fLOPPoyIaPTe8dm2Mrft3,"¡Rah!, Chris Jedi
Uah
Anuel
Wuh

Dile que tú te enredaste en su piel y que e' fácil ser fiel
Pero dile que tú no lo ama' y que tú me reclama' (Reclama')
Y dile que tú no te va' a envolver porque él te trate bien
Porque tú todavía me llama' y tú piensas en mi cama (Mi cama)
Y dile que a vece' en la vida nos toca perder
Pero en esta pelea, él a mí no me gana, él a mí no me gana
Y dile que la vida es una y que tú ere' mi luna
Y que yo soy tu noche y que la noche es larga
Y que la noche es larga

Yo tan caliente y tú alma tan fría
Mi cama se siente vacía
Yo no sé qué tú hiciste pero tú te fuiste
Y te tengo en mi mente to' el día (Uah)
Baby, dime hasta cuándo voy a seguir esperando (Bebé)
Trastorna'o, yo hasta veo tu cara en el humo cuando estoy fumando (Fumando)
Y te trato 'e besar pero se desvanece el humo y tú te vas, eh (¡Rah!)
Y me voy en el Aventador pero choco con la realidad, eh
Y to'as estas putas me aman pero yo te amo a ti na' más, eh
Y si nadie se ha muerto de amor, ¿por qué tú no viras pa'trás?, eh (Tú no viras pa'trás)
Yo no quería perderte y el amor se enredó con la muerte
Mi conciencia me habla y me dice que toca olvidarte (Wuh)
Pero donde hubo fuego, las ceniza' son pa' recordarte, eh
Que tarde o temprano, yo puedo volver a chingarte, eh-eh

Dile que tú te enredaste en su piel y que es fácil ser fiel
Pero dile que tú no lo ama' (Que tú no lo amas)
Y que tú me reclama' (Y que tú me reclamas)
Y dile que tú no te vas a envolver porque él te trate bien
Porque tú todavía me llama' y tú piensas en mi cama (Mi cama)
Y dile que a vece' en la vida nos toca perder
Pero en esta pelea, él a mí no me gana, él a mí no me gana
Y dile que la vida es una y que tú ere' mi luna
Y que yo soy tu noche y que la noche es larga
Y que la noche es larga, eh (Wuh)

Bebé, no me deje' en el limbo (Limbo)
Recuerda como yo te chingo (Uah; ¡rah!)
Dicen que primero que martes fue lunes
Pero primero fue domingo (Skrt; jaja)
Dile que yo tengo un Draco pinta'o de Versace pa' él (¡Brr!)
Y que yo me estanqué en el pasado y que un día tú vas a volver
Te necesito (Uah), por ti yo me quemo en el fuego
Diablita, yo soy tu diablito (Tu diablito)
Extrañándote (Uah, uah)
Extraño tus grito', dile que ya tú eres mía otra ve'
Y que yo me enamoré de tu clito (De tu clito)
Y de tu totito (Y de tu totito)

Dile que se vaya (Uah)
Y explícale que tú me la pone' encima
Y que tú me lo guaya' (Uh-yeh, eh-eh)
Que ya cruzamo' esa raya (Uh-yeh, eh-eh)
Que soy el amor de tu vida, dile que el corazón de él con el mío
En su vida, más nunca lo mida (Uah)
Que más nunca lo mida (Que más nunca lo mida), uah

Dile que tú te enredaste en su piel y que es fácil ser fiel
Pero dile que tú no lo ama' (Que tú no lo ama')
Y que tú me reclama' (Y que tú me reclama')
Y dile que tú no te vas a envolver porque él te trate bien
Porque tú todavía me llama' y tú piensas en mi cama (Mi cama)
Y dile que a vece' en la vida nos toca perder
Pero en esta pelea, él a mí no me gana, él a mí no me gana
Y dile que la vida es una y que tú eres mi luna
Y que yo soy tu noche y que la noche es larga
Y que la noche es larga

Uah
Anuel
Real hasta la muerte, ¿oíste, bebé?
Los intocable', los Illuminati'
Chris Jedi
Gaby Music
(Wuh)"
Los Auténticos Decadentes,Un Osito de Peluche de Taiwán,6iCnJkKswtMYoSmT58HmEn,"Dentro de tus ojos veo un lago, donde un hada se desnuda
Para que la adore el sol
La melancolía de la tarde me ha ganado el corazón
Y se nubla de dudas

Son esos momentos en que uno se pone a reflexionar
Y alumbra una tormenta
Todo es tan tranquilo, que el silencio anuncia el ruido
De la calma que antecede al huracán

De repente no puedo respirar, necesito un poco de libertad
Que te alejes por un tiempo de mi lado, que me dejes en paz
Siempre fue mi manera de ser, no me trates de comprender
No hay nada que se pueda hacer, soy un poco paranoico, lo siento
A ratitos ya te empiezo a extrañar, me preocupa que te pueda perder
Necesito que te acerques a mí, para sentir el calor de tu cuerpo
Un osito de peluche de Taiwán, una cáscara de nuez en el mar
Suavecito como alfombra de piel, delicioso como el dulce de leche

Dentro de mi lecho duerme un ángel, que suspira boquiabierto
Entre nubes de algodón
Junto con la luz de la mañana, se despierta la razón
Y amanece la duda

Son esos momentos en que uno se pone a reflexionar
Y alumbra una tormenta
Todo es tan tranquilo, que el silencio anuncia el ruido
De la calma que antecede al huracán

De repente no puedo respirar, necesito un poco de libertad
Que te alejes por un tiempo de mi lado, que me dejes en paz
Siempre fue mi manera de ser, no me trates de comprender
No hay nada que se pueda hacer, soy un poco paranoico, lo siento
A ratitos ya te empiezo a extrañar, me preocupa que te pueda perder
Necesito que te acerques a mí, para sentir el calor de tu cuerpo
Un osito de peluche de Taiwán, una cáscara de nuez en el mar
Suavecito como alfombra de piel, delicioso como el dulce de leche

A ratitos ya te empiezo a extrañar, me preocupa que te pueda perder
Necesito que te acerques a mí, para sentir el calor de tu cuerpo
Un osito de peluche de Taiwán, una cáscara de nuez en el mar
Suavecito como alfombra de piel, delicioso como el dulce de leche

Un osito de peluche de Taiwán"
Patricio Rey y sus Redonditos de Ricota,Un Poco de Amor Francés,14rcLGX83RpsORAIzC4U4g,"Una tipa rapaz, como te gusta a vos
Esa tipa vino a consolarte
Un poco de amor francés no muerde su lengua, no
No es sincera, pero te gusta oírla


Es una linda ración
Con un defecto, con uno o dos
Y es un cóctel que no se mezcla solo

Quiere, si quiere más
Ya no la engatusás
Es una copa de lo mejor
Cuando se ríe


Quiere, si quiere más
Ya no la engatusás
Es una copa de lo mejor
Cuando se ríe

""El lujo es vulgaridad"", dijo y me conquistó
De esa miel no comen las hormigas
Una tipa rapaz, como te gusta a vos
Esa tipa vino a consolarte

Quiere, si quiere más
Ya no la engatusás
Es una copa de lo mejor
Cuando se ríe"
Q' Lokura,Quédate / Soy Favela / Lo que hay x aqui - En Vivo,3sfrXcrMPS2KMQmzdmjEmp,
La T y La M,El Doctorado,1yg1tWFaYajN4b7vsKtYRE,"Oh yeah, yeah, yeah
Oh oh oh, oh yeah

Escribo en pleno exorcismo de Emily Rose
La última noche de Marilyn Monroe
Escribo durmiendo y escribo despierto
Escribo frente al mar, atrás el mundo es un desierto
Escribo música, la musa del museo de mi rúbrica
La pluma que me hará sonar, esa que os lubrica
Escribo en semana santa y Navidad
Cuando el consumismo se adueña de cualquier clase social
Escribo cuando enfermo, cuando en nada creo
La historia se repite, como series en Neox
Cincuenta por ciento molecular de agua soy
Cincuenta por ciento hip-hop, mi muro de Pink Floyd
 al piano, si nada la voz  la Fender
Miro desde muy abajo, la duda ofende
Yo también tengo duende desde el fin de 
Jamás cambiará mi mundo desde la Play o Nintendo
¡No engañen más!
Escribo cuando la ansiedad me come
Cuando caigo y cuando me levanto es fuerte mi llanto
Soy un dibujo de Akira Toriyama
Nike es un agujero de gusanos de Carl Sagan
Mi ""Hall of fame"" sólo son versos bajo el flexo
Mi patrimonio cultural sin premios de la UNESCO
Escribo complicado, vivo sencillo
No a cualquier estrella se le puede sacar brillo

Sube a mi cuaderno bro, cuento lo que vivo
Y no miento cuando escribo cada línea o cada verso
Mis letras te hablan de mí, aún cuando ya no esté
Sube a mi cuaderno bro, cuento lo que vivo
Y no miento cuando escribo cada línea o cada verso
Mis letras te hablan de mí, aún cuando ya no esté

¡Ah!
Aprendí a jugar limpio en el juego de la vida (vida)
Me dijeron: ""camina y pisa tu propia cima"" (cima)
Alimento cada paso con música sin temblores
Tus cimientos son valores, nada te derriba
Dejé escrita mi historia, está limpia de mentiras
Para que lo sigas viendo, es favorable, iniciativas
Ponen un plus, se te escapa ese bus, mira
Toca correr más que nunca, no queda alternativa
Memorándum, ¡Reyes del hip-hop! ¡Hip-Hop!
Hemos nacido para cabalgar en ritmos (ritmos)
Renace al instante cuando mueras
Te juro superaré cada prueba
Livin' en un círculo, mi rap una pitón reticular
Ni tú ni nadie pue'e borrar lo que escribí, no hay más
Tú dame tiempo, un micro abierto y un espacio real
Y yo construyo un universo con cada palabra
Parábolas en los renglones
Somos la combinación de cada opción que tomes
¡Recuérdalo!
Siempre hay esperanza, piénsalo cuando abandones
Dejamos atrás rencores ya
El remedio tú lo pones man
Corremos como Forrest Gump
Y la mentalidad siempre será arrasar como ciclones
MuthaFunk, Alto Grado y al desván van los restos
Juro por el pan que hay en mi mesa
Que el mundo escuchará esto

Sube a mi cuaderno bro, cuento lo que vivo
Y no miento cuando escribo cada línea o cada verso
Mis letras te hablan de mí, aún cuando ya no esté
Sube a mi cuaderno bro, cuento lo que vivo
Y no miento cuando escribo cada línea o cada verso
Mis letras te hablan de mí, aún cuando ya no esté

Quiero grabar a fuego en tu recuerdo las frases que plasmo
Y liberar la mente conduciéndola al orgasmo
Mi melodía es una enorme factoría da espasmos
Vivirá eternamente como Lincoln en el Rushmore
Armado de entusiasmo, amante de metáforas
Me encanta enamorar aunque el amor se puede evaporar
Esto es mi tesis doctoral, mi banco de coral
Me empeño en decorar de vida el tono gris del temporal
Mi rap la antípoda de una promesa electoral
Inmune a un tic-tac que va persiguiendo almas que devorar
Sé que son muchos los acérrimos a este ""cora""
Saber que alguien me entiende
Es placentero como el sexo oral
Nunca me aterro a explorar, selvas vírgenes
Mi amor ciego por esta música, mi único crimen es
Da igual la meta, nunca olvido mis orígenes
Tengo raíces como pueblos aborígenes
Oxigené mis pensamientos, no alzo murallas
Trazo puentes, intento conquistar gente sin metralla
Así mientras la tercera guerra mundial estalla
Mis líneas podrían ser las nuevas profecías mayas
Conservo sueños que no encallan en Islas desiertas
No volveré a ser la cobaya de una industria muerta
Aunque libre absurdas batallas mi paz no se oferta
Tengo la fe de un Super Saiyan derribando puertas

Sube a mi cuaderno bro, cuento lo que vivo
Y no miento cuando escribo cada línea o cada verso
Mis letras te hablan de mí, aún cuando ya no esté
Sube a mi cuaderno bro, cuento lo que vivo
Y no miento cuando escribo cada línea o cada verso
Mis letras te hablan de mí, aún cuando ya no esté

Oh oh oh, oh oh oh"
Miranda!,Tu Misterioso Alguien,4ksf1UdqNc9pU8R4ZZrgdY,"Hay alguien en tu vida que está transformándote
Hay alguien que ha cambiado en ti la forma en que te ves
Hay alguien nuevo que se apareció
Y que tu corazón robó
Ya lo sé, solo dime quién es

¿Quién es tu nuevo amor?, ¿tu nueva ocupación?
Tu misterioso alguien
¿A quién has ocultado de mí todo el tiempo para no matarme?
¿Quién es tu seductor?, ¿tu rey y tu peón?
¿Quién ocupó el lugar que siempre ocupé yo?
Tu misterioso alguien me robó

Ahora te despiertas y preparas su café
Desde que me he enterado, yo no puedo ni comer
Cariño, no soporto estar sin ti
Pero parece que tú sí
¿Quién es él?, dime y lo mataré

¿Quién es tu nuevo amor?, ¿tu nueva ocupación?
Tu misterioso alguien
¿A quién has ocultado de mí todo el tiempo para no matarme?
¿Quién es tu seductor?, ¿tu rey y tu peón?
¿Quién ocupó el lugar que siempre ocupé yo?
Tu misterioso alguien me robó

(Creo saber quién es)
Y no me animo a preguntarte por él, porque sería peor
(A veces es mejor) Dejarlo todo correr
¿Quién es tu nuevo amor?
¿A quién has ocultado?

¿Quién es tu seductor?, ¿tu rey y tu peón?
¿Quién ocupó el lugar que siempre ocupé yo?
Tu misterioso alguien me robó

Tu misterioso alguien me robó
Me robó (Tu misterioso alguien)
Me robó
ELIMINAR NOTACIÓN"
"Luciano Pereyra, Ezequiel Y La Clave, Un Poco de Ruido, Pinky SD",Si No Es Muy Tarde - Versión Cumbia,4KRlNVLHn2ZgGvpjnga31N,
KAROL G,Si Antes Te Hubiera Conocido,73scB4Q4fcOmnsBVZPmk32,"¿Qué lo que?
Estamo' a rulay
Empezó el verano
Fuego

¿Qué hubiera sido?
Si antes te hubiera conocido
Seguramente, estarías bailando esta conmigo
No como amigos

Sino como otra cosa
Usted cerca me pone peligrosa
Por un besito hago cualquier cosa
La novia suya me pone celosa y aunque es hermosa
¡Ey!

No te va a tratar como yo
No te va a besar como yo
No está tan rica así como yo
Ella es tímida y yo no
Con esta' ganas que tengo yo
Me atrevo a comerme los do'
Hoy estás jangueando con ella
Pero, mmm, después tal vez no

¿Qué hubiera sido?
Si antes te hubiera conocido
Seguramente, estarías bailando esta conmigo
No como amigos, ¡ey!
¿Qué hubiera sido?
Ay, si antes te hubiera conocido
Seguramente, estarías bailando esta conmigo
No como amigos, ¡ey!

Y yo te veo y no sé cómo actuar
Bebé, pa' conquistarte que me pasen el manual
Espero lo que sea, yo no me voy a quitar
Tengo fe que esos ojito' un día me van a mirar
Yo me caso contigo
Mi nombre suena bien con tu apellido
'Toy esperando el primer descuido
Pa' presentarte como mi marido
Yo me caso contigo
Mi nombre suena bien con tu apellido
'Toy esperando el primer descuido
Pa' presentarte como mi marido
No has entendido que

No te va a tratar como yo
No te va a besar como yo
No está tan rica así como yo
Ella es tímida y yo no
Con esta' ganas que tengo yo
Me atrevo a comerme los do'
Hoy estás jangueando con ella
Pero (Mmm) después tal vez no

¿Qué hubiera sido?
Si antes te hubiera conocido (Ey, ¿cómo?)
Seguramente, estarías bailando esta conmigo
No como amigos, no, no, no

Ey, ey, ey, ey
(¿Qué hubiera sido?)
(Si antes te hubiera conocido)
Sisas, sisas, sisas, sisas (Jaja, ah)
Uh-uh-uh-uh
(¿Qué hubiera sido?)
(Si antes te hubiera conocido)"
"Fuerza Regida, Grupo Frontera",COQUETA,1PREzVLuDT6PSE9sej4wnV,"Otra de más, de las cumbias originales
Sus compas de Fuerza Regida y Grupo Frontera
Vuélvale a marcar, compa Carlos

Pensando y viendo las estrellas, pregunté
Si en algún lugar esto se estaría repitiendo
Si es que en otro mundo tal vez nos ganó el deseo
O si solo fuimos un error del universo

Baby, bésame
Quiero que vuelvas a mis brazos pa' sentirnos eternos como la última vez
Quiero confesarte, te extraño, como un loco tе pienso, yo sé que tú también
Porfa, ma, ya vuelvе conmigo, pero no como amigos como la última vez
Quiero confesarte, te extraño, como un loco te pienso, yo sé que tú también

Coqueta
Si me quieres, solo di la neta
Que se entere todito el planeta
Chula, ya decide qué onda, nena
Qué onda, nena
Coqueta
Si me quieres, solo di la neta
Que se entere todito el planeta
Chula, ya decide qué onda, nena
Qué onda, nena

Dame, dame un besito, mami
Dale, ¿cómo no quieres que me clave?
De mi cel ahí te va la clave, que yo no hablo con nadie
Nomás contigo
Dame, dame un besito, mami
Dale, ¿cómo no quieres que me clave?
De mi cel ahí te va la clave, que yo no hablo con nadie
Nomás contigo

Esto es otro pedo
Grupo Frontera y Fuerza Regida, pa
¡Wuh!

Es que me mata el recuerdo y solo pienso que pienso
Que te quites los Dolce & Gabbana
Yo solo siento que siento, que no sé qué es lo que siento
Tanto nos pasó en una semana
Ya bloquéame si no es cierto, pero yo sé, baby
Cierto que ambos, mami, nos teníamos ganas
Puede que sí, reconozco, sé que apenas te conozco
Lo que me mató fue tu mirada

Baby, bésame
Quiero que vuelvas a mis brazos pa' sentirnos eternos como la última vez
Quiero confesarte, te extraño, como un loco te pienso, yo sé que tú también
Porfa, ma, ya vuelve conmigo, pero no como amigos como la última vez
Quiero confesarte, te extraño, como un loco te pienso, yo sé que tú también

Coqueta
Si me quieres, solo di la neta
Que se entere todito el planeta
Chula, ya decide qué onda, nena
Qué onda, nena
Coqueta
Si me quieres, solo di la neta
Que se entere todito el planeta
Chula, ya decide qué onda, nena
Qué onda, nena

Dame, dame un besito, mami
Dale, ¿cómo no quieres que me clave?
De mi cel ahí te va la clave, que yo no hablo con nadie
Nomás contigo
Dame, dame un besito, mami
Dale, ¿cómo no quieres que me clave?
De mi cel ahí te va la clave, que yo no hablo con nadie
Nomás contigo"
Bad Bunny,Moscow Mule,6Xom58OOXk2SoU711L2IXO,"Si yo no te escribo, tú no me escribe', ey
Si tú quieres, te busco, yo sé dónde tú vive'
Quizá hoy está aborrecía'
Pero por dentro tú tiene' alegría

Si quieres te la saco
Dos trago' y sabes que me pongo bellaco
No somo' na', pero estamo' envuelto' hace rato, oh-oh
WhatsApp sin el retrato, no guarda mi contacto (¡Ey, ey, ey, ey!)
Pero se la saco
Dos trago' y sabes que me pongo bellaco
No somo' na', pero estamo' envuelto' hace rato, oh-oh
WhatsApp sin el retrato, no guarda mi contacto-to

Todo e' underwater (Ey)
Baby, vamo' pa'l cuarto quarter
En la Uru' comiéndono' el pare
Te vo'a dar duro pa' que no me compare', ey
Cuida'o con ese mahón, que se va a romper (Ey)
Ese booty lo va a romper (Ey)
Yo no sé si yo te vuelvo a ver
Si mañana me vo'a perder
Tú ere' una player, me hiciste un crossover
Esta ve' metiste, me diste game over, eh-eh (Huh)
Porque no puedo olvidar
El perreo aquel que se fue viral
Dime si mañana te va' a quedar
Después de la alarma te lo voy a dar, ey
Hoy tú no va' a trabajar, je, no

Si quieres te la saco
Dos trago' y sabes que me pongo bellaco
No somo' na', pero estamo' envuelto' hace rato, oh-oh, oh
WhatsApp sin el retrato, no guarda mi contacto
Pero se la saco
Dos trago' y sabes que me pongo bellaco
No somo' na', pero estamo' envuelto' hace rato, oh-oh
WhatsApp sin el retrato, no guarda mi contacto

Me gustan así, piquetúa
Mami, qué rica te ve' esnúa'
Quizás no sentiste lo que yo sentí
Pero aún te debo una noche en la suite
Pa' darte tabla; dale, mami, habla
Tú ere' una diablona, no te haga'
Pa' darte tabla; dale, mami, habla
Tú ere' una diablona, no te haga'

No, no, no, no (No, no, no, no)
No, no, no, no (No, no, no, no)
No, no, no, no (No, no, no, no)
Ey, yo no sé tú, pero yo quisiera amanecer esnú'
En una playa por Bali, si no, Cancún
Pide otro moscow mule (Ey)

Que ando en nota, nota
Ven y choca
Conmigo que se joda
Baby, tú 'tás grandota
Pero hoy ando en nota, nota
Ven y choca
Conmigo que se joda, eh
Que se joda, ey

Mami, tú quiere' perreo (Tú quiere' perreo)
Tú quiere' perreo (Tú quiere' perreo)
Tú quiere' bellaqueo (Tú quiere' bellaqueo)
Tú quiere' bellaqueo (Tú quiere' bellaqueo)
Mami, tú quiere' perreo (Tú quiere' perreo)
Tú quiere' perreo (Tú quiere' perreo)
Tú quiere' bellaqueo (Tú quiere' bellaqueo)
Tú quiere' bellaqueo (Tú quiere' bellaqueo)"
"Luck Ra, BM",La Morocha,6vRQqxOhUFd78p5tL8jXr7,"Camisa transpirada, melena mojada
Me puse los zapatos, me pegué una perfumada
Me voy a la bailanta a tomarme unas cuantas
Soy el rey de la noche y hoy salgo con la banda
Voy con los muchacho', pero están medio lento'
Yo en la cacería, siempre enfocado, atento
Hay una morocha sola, se está moviendo
Quiere un cuartetazo violento

Que alguien saque a bailar a la morocha
Que se muere de ganas
No puede hacer todo el campeón
Quiero que juegue la banda
Que alguien saque a bailar a la morocha
Que se muere de ganas
No puede hacer todo el campeón
Quiero que juegue la banda

A mí me gusta' la' morocha' bien bonitas
Y mi amigo busca una rubiecita
Ella quiere un cuartetazo violento
Y si ponen reguetón que baje lento
Lento, lento, pero siempre atento
Me gusta que te guste pero cero sentimientos
Mi amor, yo soy así, no quiero meter cuento
Pero si te digo que no te entro, yo te miento
Baby, yo soy el hombre que tu cuerpo necesita
Yo soy el que sabe que tenés ganitas
De que te saque a tirar unos paso'
Vamos paso a paso, me tomo un par de vaso'

Y saco, saco a bailar a la morocha que se muere de ganas
No puede hacer todo el campeón
Quiero que juegue la banda
Y que alguien saque a bailar a la morocha
Que se muere de ganas
No puede hacer todo el campeón
Quiero que juegue la banda

L-U-C-K
Phontana
Dimelo Renzo
BM
Rompiendo"
Los Auténticos Decadentes,Loco (Tu Forma De Ser),3ydweVPwq9PCEVJ8WwqT6u,"Te vi llegar del brazo de un amigo
Cuando entraste al bar y te caíste al piso
Me tiraste el pingüino, me tiraste el sifón
Estallaron los vidrios de mi corazón

Te vi bailar, brillando con tu ausencia
Sin sentir piedad, chocando con las mesas
Te burlaste de todos, te reíste de mí
Tus amigos escaparon de vos

Y a mí me volvió loco tu forma de ser, a mí me vuelve loco tu forma de ser
Tu egoísmo y tu soledad son estrellas en la noche de la mediocridad
Me vuelve loco tu forma de ser, a mí me volvió loco tu forma de ser
Tu egoísmo y tu soledad son joyas en el barro de la mediocridad


Viniste a mí, tomaste de mi copa
Me sonreíste así, nadando en tu demencia
No sabía qué hacer, te traté de besar
Me pegaste un sopapo y te pusiste a llorar

Me vuelve loco tu forma de ser, a mí me volvió loco tu forma de ser
Tu egoísmo y tu soledad son estrellas en la noche de la mediocridad
Me vuelve loco tu forma de ser, a mí me volvió loco tu forma de ser
Tu egoísmo y tu soledad son joyas en el barro de la mediocridad


Y a mí me volvió loco tu forma de ser, me vuelve loco tu forma de ser
Tu egoísmo y tu soledad son estrellas en la noche de la mediocridad
Me vuelve loco tu forma de ser, a mí me volvió loco tu forma de ser
Tu egoísmo y tu soledad son joyas en el barro de la mediocridad"
Omar Courtz,⁠LUCES DE COLORES,5dDlknAL9imbXXl7uG7oqe,"Eso lo hace pa' que coja musa

Se quita la blusa, eso lo hace pa' que coja musa
Pa' chingar una peli de excusa
Luces de colores siempre las enchufa
Mi olor se le queda por más que se ducha
Y me dice: ""Vuelve"", eh, eh, eh-eh (Eh-eh)
Yo a veces picheo, mami, porque te me envuelve', eh, eh, eh-eh
Ey, se quita la blusa, eso lo hace pa' que coja musa
Pa' chingar una peli de excusa
Luces de colores siempre las enchufa (Enchufa)
Mi olor se le queda por más que se ducha
Y me dice: ""Vuelve"", eh, eh, eh-eh
Yo a veces picheo, mami, porque te me envuelve', eh, eh, eh-eh
Ey, yo

No te envuelva' (-vuelva)
Que eso me pasa con mi yerba
Me tiene' fumando aqui en la lenta (Yeah, yeah)
Ese culo grande, el blush con las meta'
El flow, pagan renta, ¿qué le pasa a esta?
Woh-oh-oh-oh (Woh-oh-oh-oh)
Imagínate sin na'
Con las pierna' abierta' y en mi cama acostada, ey
Mami, pa' darte felpa
Un polvo leyenda, mojaíta', afeitada, ey

Pero le llega y echamo' unos poco', poco, poco a poco
Mami, qué rico cuando te toco, toco poco a poco
Yo sé que no te gusta dormir sola (Sola), ey, a mí tampoco
Dale, llega, en casa se enrola y despué' yo te lo coloco

Se quita la blusa, eso lo hace pa' que coja musa
Pa' chingar una peli de excusa
Luces de colores siempre las enchufa
Mi olor se le queda por más que se ducha
Y me dice: ""Vuelve"", eh, eh, eh-eh (Vuelve)
Yo a veces picheo, mami, porque te me envuelve', eh, eh, eh-eh

Pero le llega y echamo' unos poco', poco, poco a poco
Mami, qué rico cuando te toco, toco poco a poco
Yo sé que no te gusta dormir sola (Sola), a mí tampoco
Dale, llega, en casa se enrola y despué' yo te lo coloco

Se quita la blusa, eso lo hace pa' que coja musa
Pa' chingar una peli de excusa
Luces de colores siempre las enchufa
Mi olor se le queda por más que se ducha
Y me dice: ""Vuelve"", eh, eh, eh-eh (Vuelve)
Yo a veces picheo, mami, porque te me envuelve', eh, eh, eh-eh
Ey, yeah

E-E-E—
Eoh (Eoh), oah (Oah)
Yo quiero comerte to'a (To'a)
Pasto despué' de las rola' (Rola')
Ese ella misma enrola
Eoh (Eoh), oah (Oah)
Yo quiero comerte to'a (To'a)
Pasto despué' de las rola'
Cuando estamo' a sola' (Sola')

Vuelve, eh, eh, eh-eh
Yo a veces picheo, porque—porque te me envuelve', eh, eh, eh-eh
Ey
Vuelve
Porque—Porque te me envuelve', eh
Eoh, oah
Yo quiero comerte to'a
Pasto despué' de las rola'"
The Police,Every Breath You Take,1JSTJqkT5qHq8MDJnJbRE1,"Every breath you take
And every move you make
Every bond you break, every step you take
I'll be watching you

Every single day
And every word you say
Every game you play, every night you stay
I'll be watching you

Oh, can't you see?
You belong to me
How my poor heart aches
With every step you take

Every move you make
And every vow you break
Every smile you fake, every claim you stake
I'll be watching you

Since you've gone, I've been lost without a trace
I dream at night, I can only see your face
I look around, but it's you I can't replace
I feel so cold, and I long for your embrace
I keep crying, baby, baby, please

Mmm, mmm, mmm, mmm
Mmm, mmm, mmm

Oh, can't you see?
You belong to me
How my poor heart aches
With every step you take

Every move you make
And every vow you break
Every smile you fake, every claim you stake
I'll be watching you
Every move you make, every step you take
I'll be watching you (250)

I'll be watching you
(Every breath you take, every move you make)
(Every bond you break, every step you take)
I'll be watching you
(Every single day, every word you say)
(Every game you play, every night you stay)
I'll be watching you
(Every move you make, every vow you break)
(Every smile you fake, every claim you stake)
I'll be watching you
(Every single day, every word you say)
(Every game you play, every night you stay)
I'll be watching you
(Every breath you take, every move you make)
(Every bond you break, every step you take)
I'll be watching you
(Every single day, every word you say)
(Every game you play, every night you stay)
I'll be watching you
(Every move you make, every vow you break)
(Every smile you fake, every claim you stake)
I'll be watching you
(Every single day, every word you say)
(Every game you play, every night you stay)
I'll be watching you
(Every breath you take, every move you make)
(Every bond you break, every step you take)
I'll be watching..."
"Maluma, Trap Capos, Noriel, Bryant Myers, Juhn","Cuatro Babys (feat. Trap Capos, Noriel, Bryant Myers & Juhn)",0JoHqmlqE0W0i9prt6kcHR,"Ya no sé qué hacer
No sé con cuál quedarme
Todas saben en la cama maltratarme
Me tienen bien, de sexo me tienen bien

Estoy enamorado de cuatro babies, siempre me dan lo que quiero
Chingan cuando yo les digo, ninguna me pone pero
Dos son casadas, hay una soltera
La otra medio psycho y si no la llamo se desespera
Estoy enamorado de cuatro babies, siempre me dan lo que quiero
Chingan cuando yo les digo, ninguna me pone pero
Dos son casadas, hay una soltera
La otra medio psycho y si no la llamo se desespera

(Noriel)
La primera se desespera
Se encojona si se lo echo afuera
La segunda tiene la funda
Y me paga pa' que se lo hunda
La tercera me quita el estrés
Polvo corridos siempre echamos tres
A la cuarta de una, le bajo la luna
Pero ella quiere con Maluma y conmigo a la vez
Estoy enamorado de las cuatro
Siempre las busco después de las cuatro
A las cuatro les encanta en cuatro
Y yo nunca fallo como el 24
De los Lakers siempre es la gorra
De chingar ninguna se enzorra
Estoy metio' en un lío, y hasta confundio'
Porque ninguna de mi mente se borra

(Ah!)
Me pongo las gafas Cartier, saliendo del aeropuerto
Vestio' Giuseppe, zapatos en piel
Tú tienes todas mis cuentas de banco y el número de la MasterCard
Tú eres mi mujer oficial, me tiene enamorado ese culote con ese pelo rubio
Pero tengo otra pelinegra que siempre quiere chichar
A veces hasta le llega al estudio
La pelirroja chichando es la más que se moja
La encojona que me llame y no lo coja
Peleamos y me bota la ropa y tengo que llamar a cotorra pa' que la recoja
Tengo una chiquitita nalgona con el pelo corto
Me dice: ""Papi, vente adentro, si me preña'—"" (Bryant Myers)

Estoy enamorado de cuatro babies, siempre me dan lo que quiero
Chingan cuando yo les digo, ninguna me pone pero
Dos son casadas, hay una soltera
La otra medio psycho y si no la llamo se desespera
Estoy enamorado de cuatro babies, siempre me dan lo que quiero
Chingan cuando yo les digo, ninguna me pone pero
Dos son casadas, hay una soltera
La otra medio psycho y si no la llamo se desespera

Y estoy metío en un lío
A todas yo quiero darle
Me tienen bien confundío
Ya no sé ni con cuál quedarme
Y es que todas maman bien
Todas me los hacen bien
Todas quieren chingarme encima de billetes de cien
Me tienen en un patín
Comprando en San Valentín
Ya me salieron más caras que un reloj de Ulysse Nardin
Es que las babys están dura' y ninguna de la' cuatro se ha hecho completa
Dos tienen maridos y ninguna de las dos al marido respetan

Cuatro chimbitas, cuatro personalidades
Dos me hablan bonito, dos dicen maldades
Diferentes nacionalidades
Pero cuando chingan gritan todas por iguales
Quiere que la lleve pal Medallo
Quiere que la monte en carro del año
Que a una la coja, a la otra la apriete
Y a las otras dos les dé juntas en el baño
Digan qué más quieren hacer
El Dirty las va a entretener
En la casa gigante, hay un party en el yate que él quiere tener
No sé si me entiendes, bebé

Estoy enamorado de cuatro babies, siempre me dan lo que quiero
Chingan cuando yo les digo, ninguna me pone pero
Dos son casadas, hay una soltera
La otra medio psycho y si no la llamo se desespera
Estoy enamorado de cuatro babies, siempre me dan lo que quiero
Chingan cuando yo les digo, ninguna me pone pero
Dos son casadas, hay una soltera
La otra medio psycho y si no la llamo se desespera

No-No-Noriel
Bryant Myers
Dirty Boy, Maluma
Versatility, muchachos
Nosotros somos los capos del trap
Mr. Myers
Trap Capos
Maluma
Santana ""The Golden Boy""
Bryant Myers
Dímelo, All Star, baby
Mera Juhn
Dímelo, Ganda"
Airbag,Cae el Sol,1Mqfdem6pgGVoULjSkkcc9,"Cae el sol en tu balcón
Y el ritual se terminó
La verdad es que no ha sido fácil
Oh, la verdad es que no ha sido fácil para los dos

Sigo aquí esperando por ti

Yo quiero ir a algún lugar en donde pueda despertar
Yo quiero verte sonreír y que no tengas que mentir
Nos ves que estoy, estoy aquí dejando toda mi verdad
No queda nadie en la ciudad, pero por vos me quedo acá

Esperando por ti

Y no sé qué fue de más
Yo no sé qué estuvo mal
Y la luz me cegó en tu camino
Oh, descubrí, entendí el infinito entre los dos

Sigo aquí esperando por ti

Yo quiero ir a algún lugar en donde pueda despertar
Yo quiero verte sonreír y que no tengas que mentir
No ves que estoy, estoy aquí dejando toda mi verdad
No queda nadie en la ciudad, pero por vos me quedo acá

Sigo aquí esperando por ti
Uh, no sé cómo voy a hacer

Yo quiero ir a algún lugar en donde pueda despertar
Yo quiero verte sonreír y que no tengas que mentir (No sé cómo voy a hacer)
No ves que estoy, estoy aquí gritando toda mi verdad
No queda nadie en la ciudad pero por vos me quedo acá

Uh, yeah, yeah, yeah, yeah
Sigo esperando por los dos

Yo quiero ir a algún lugar en donde pueda despertar
Yo quiero verte sonreír y que no tengas que mentir (No sé cómo voy a hacer)
No ves que estoy, estoy aquí dejando toda mi verdad
No queda nadie en la ciudad pero por vos me quedo acá"
"Eugenia Quevedo, Angela Leiva, La banda de Carlitos",No Podrás - En Vivo,3X8jKI7kHrbhqgLboG14tw,"¡LBC!
¡Cuarteto, che..  con la Reina!
¡Mi vida!
Sé que no quieres hablar
Ni siquiera comentarme
No sientas que me haces daño
No creo que seas cobarde
Sé que lo bueno dura poco
Sé que te sientes encerrado como un loco
Pero, ¿por qué no hablaste?
Ahora es más grande el dolor
No podrás amarla, no podrás besarla
Cuando estés con ella algo te hará falta
Sentirás mi aliento frío por tu espalda
Ojalá tus manos mueran al tocarla
No podrás amarla, no podrás besarla
Cuando estés con esa algo te hará falta
Mordеrás tus labios, sangrarán de rabia
Solo tendrás culpas negras еn el alma
No recibirás nada al abrazarla
Porque no podrás hacerle el amor
¡Angela Leiva, che!
Báilalo Angie.. ¡Vamos Euge!
¡Mi vida!
Sé que no quieres hablar
Ni siquiera comentarme
No sientas que me haces daño
No creo que seas cobarde
Sé que lo bueno dura poco
Sé que te sientes encerrado como un loco
Pero, ¿por qué no hablaste?
Ahora es más grande el dolor
No podrás amarla, no podrás besarla
Cuando estés con ella algo te hará falta
Sentirás mi aliento frío por tu espalda
Ojalá tus manos mueran al tocarla
No podrás amarla, no podrás besarla
Cuando estés con esa algo te hará falta
Morderás tus labios, sangrarán de rabia
Solo tendrás culpas negras en el alma
No recibirás nada al abrazarla
Porque no podrás hacerle el amor
Y así como escuchaste..
No podrás amarla ni besarla
Y mucho menos hacerle el amor
No podrás amarla, no podrás besarla
Cuando estés con ella algo te hará falta
Sentirás mi aliento frío por tu espalda
Ojalá tus manos mueran al tocarla
No podrás amarla, no podrás besarla
Cuando estés con ella algo te hará falta
Morderás tus labios, sangrarán de rabia
Solo tendrás culpas negras en el alma
No recibirás nada al abrazarla
Porque no podrás hacerle el amor
Chau! Gracias, gracias"
Babasonicos,Puesto,5zpZUFF7YyPG90nkR88RYd,"Qué casualidad fue encontrarte justo acá
Yo tan puesto, vos tan apuesta
Qué sofisticado fue invitarte a coquetear
Yo tan lento, vos tan regia
Sos hermosa (Ah-ah)
Sos hermosa (Ah-ah)

Qué barbaridad haber tenido que esperar
Para vernos de tan cerca
Desnudémonos y no digamos nada más
En silencio, tus caricias
Son hermosas (Ah-ah)
Son hermosas (Ah-ah)
Y el mundo sonríe conmigo

Todo lo que pueda arreglar hoy
Lo dejaré para mañana, wuh-oh-oh
Todo lo que pueda arreglar hoy
Lo dejaré para mañana, wuh-oh-oh, oh-oh-oh
Ah-ah, oh-ah-ah-ah

Qué casualidad fue encontrarte justo acá
Yo tan puesto, vos tan apuesta
Qué atrevido fui al iniciarte en la verdad
Yo radiante, vos tan dispuesta
Soy hermoso (Ah-ah)
Soy hermoso (Ah-ah)
Soy hermoso (Ah-ah)
Soy hermoso (Ah-ah)
Y el mundo sonríe conmigo

Todo lo que pueda arreglar hoy
Lo dejaré para mañana, wuh-oh-oh
Todo lo que pueda arreglar hoy
Lo dejaré para mañana, wuh-oh-oh
Todo lo que pueda arreglar hoy
Lo dejaré para mañana, wuh-oh-oh
Todo lo que pueda arreglar hoy
Lo dejaré para mañana, wuh-oh-oh, oh-oh-oh"
Soda Stereo,Trátame Suavemente - Remasterizado 2007,65DBZofI0b79kfHTcWWDuU,
"DesaKTa2, Aneley",Estaba Aqui Pensando,5GUgnXDDO4raKkT9lO5F1x,"Y aun con todo esto que hemos visto, no dudo yo sino que desde hoy más te han de
comenzar a ladrar importunamente algunos de estos locos que se tienen por sabios, y
j algunos que son ciegos, y presumen ellos de adiestrar a otros ciegos y te hundirán a voces, 3 diciéndote que desvarías, que te tornas loco, que sales fuera de tu juicio, porque te quieres
i llegar a Jesucristo. Estos talеs no tienen otra cosa de cristianos sino еl nombre y el crisma,
* que en lo demás no son sino perseguidores y burladores de Jesucristo y de su doctrina. Por
j eso guárdate no les des oídos, ni hagan mella en ti sus vanas palabras ni sus ladridos, cuya
miserable ceguedad antes debes llorarla que seguirla.
¿Qué manera es ésta de sabiduría, tan al revés de como era razón, ser muy astutos y sagaces en las cosa de aire y de burlería, y aun no, sino de fealdad y de bellaquería, y en lo que cumple para la salvación ser poco jnenos que bestias? Quiere san Pablo que seamos
sabios para el bien y simples para el mal, sin tener de él ninguna mezcla195; mas todo su
saber de estos es para mal, y jamás supieron qué cosa era hacer bien196. Y, como aquel
elegante poeta197 griego cuente por hombre muy sin provecho al que ni tiene consejo de sí
ni lo quiere tomar de otro, dime: ¿entre qué suerte de gente contaremos a éstos que, siendo ellos en la verdad muy torpes y necios, nunca dejan de turbar, escarnece, y perseguir a los que quieren salir de su necedad y comienzan a saber? Mas, al fin, yo te prometo que el escarnecedor será escarnecido, y, como dice el profeta David, el que mora en los cielos hará escarnio de ellos, y el mismo Señor se burlará de ellos’91.
Y así también, lees en el libro de la Sabiduría: Verán los necios”9 al bueno y sabio y le
despreciarán, mas mucho más los despreciará Dios a ellos200. Por cierto harta alabanza es
para el bueno ser escarnecido del malo, y querer parecer en estos escarnios a Cristo nuestra cabeza, y padecerlos como sus apóstoles, cosa es muy gloriosa. Mas ser hombre escarnecido de Dios, decidme si esto es cosa espantable y temerosa. Palabras son de la sabiduría divina: Yo me reiré también cuando viere vuestra perdición, y os escarneceré cuando la miseria al mejor tiempo os sobreviniere, y entonces volverán en sí los malos cuando ya aprovechará poco201; y viendo a los buenos en gloría, dirán: Estos son los que nosotros
solíamos despreciar, y los traíamos como cosa de escarnio. ¡Cuitados!, que con nuestro poco seso teníamos su manera de vivir por vana y amenguada, y su muerte por deshonrada, y ahora vemos que son contados entre los hijos de Dios202.
Tal sabiduría como ésta, que toda se ocupa en las cosas terrenales de esta vida y en burlar de la de Dios, animal y aun diabólica la llama Santiago y enemiga de Dios, y su fin es la muerte203. Y no es maravilla que tenga tal fin, si bien consideramos cómo va redonda204
hasta dar en ella. Porque tras esta sabiduría del mundo es muy cierta la presunción, y esta presunción trae consigo una ceguedad de corazón, que ni quiere ni puede acabar consigo de pensar que le falta nada. Y tras esta ceguedad éntrase205 poco a poco una disolución de
malos deseos. Y teniendo ésta, luego se sigue el ponerlos por obra; y de ejercitarse así en los vicios viene una rotura desbocada para cometer cualquier maldad que se le antoje. Y de aquí está claro que nace la mala costumbre obstinada. Y al corazón envejecido en ésta, tómale un continuo y malaventurado pasmo, de donde viene que los malos ya casi tienen perdido el sentido de cuál es bien ni cuál mal; y con este desatino les toma la muerte del cuerpo, y de ésta van a dar consigo en la otra muerte del alma.
¿Ves ahora como, según va el negocio encadenado, la sabiduría de este mundo es la madre y raíz de todo mal de los males? Pero de la sabiduría de Cristo, que los del mundo tienen por bobería, escribe así el Sabio: Hanme venido juntamente todos los bienes con ella, y honestidad innumerable y muy preciosa por sus manos, y alegreme con todos estos bienes, viendo que la sabiduría los traía consigo, y yo no sabía que ella era madre de todos ellos206. Esta trae en su compañía a la templanza, y trae también a la mansedumbre, la cual
nos hace hábiles y capaces del Espíritu divine, cuya condición es reposar y hacer su asiento en el alma del humilde y manso, hasta empaparla de aquellos sus siete dones, de donde luego comienza a nacer aquella bendita mies de todas las virtudes, con aquellos sus bienaventurados frutos, que san Pablo cuenta.
De los cuales el principal es un gozo maravilloso del corazón, un gozo secreto, y
descanso de la conciencia, un gozo no conocido sino de aquellos que lo gustan y a quien
jDios da parte de él; un gozo, finalmente, que ni se pasa luego como este otro del mundo ni
i hay quien baste a quitarle, sino que cada día se acrecienta , hasta hacerse eterno en el cielo.
• (Esta sabiduría es la que tu, hermano mío, debes con encendidos y continuos deseos pedir a Nuestro Señor, como lo aconseja Santiago207, y te has de ayudar procurando sacarla de las
venas y mineros de la Sagrada Escritura, como quien ponA mwlia diligencia en buscar
tesoros, y aun cava por hallarlos, según Salomón dice en los Proverbios208.
Piensa ahora, pues, que el principio y cabeza de esta sabiduría es el conocimiento de ti
v mismo. La cual palabra, que es conócete a ti mismo, tuvieron los antiguos por muy
averiguado que había venido del cielo. Y les contentó en tanta manera a algunos grandes
autores, que tuvieron por cierto que en ella se encontraba y contenía en suma toda la
’ virtud y fuerza de la sabiduría; y no daría yo tanto crédito a esta sentencia, si no viese que concuerda con nuestras letras sagradas. Amenaza por su figura aquel santo enamorado a la esposa en el libro de los Cantares y mándale salir fuera, si no se conoce así misma,
! diciéndole: ""Si no te conoces, hermosa entre las mujeres, sal fuera y vete tras el rastro de tus
2 ganados""209. Quiere decir que si no procura conocerse el alma a sí misma y a su poquedad,
j reconociendo por otra parte las mercedes que Dios le ha hecho, que la consentirá Dios
andar perdida tras los perdidos. Mas tampoco no sea ninguno tan atrevido que presuma de
! sí tan gran cosa como es conocerse del todo, pues hay en ello gran dificultad.
No se hallará así ligeramente quien por entero conozca la calidad de su cueipo. ¿Y pensáis que habrá muchos que -conozcan la disposición de su alma? aun san Pablo, que alcanzó a saber los misterios del tercer cielo210, no osa juzgarse a sí mismo, lo cual no hay
duda sino que él lo hiciera osadamente si del todo se conociera. Pues si hombre tan espiritual, que podía juzgar todas las cosas sin ser él juzgado de ninguno, aun no tenía del todo tan claro conocimiento de sí mismo, ¿qué haremos nosotros, que no somos sino carnales?
Por muy descuidado, y aun desaprovechado, es tenido en la guerra el caballero que ni conoce qué suerte de gente es la que viene en su compañía y qué cantidad de ella ni tampoco qué ejército traen los enemigos. Pero acá en ista otra guerra nuestra no es la pelea
de un hombre con otro, sino consigo mismo, de forma que aun de sus mismas entrañas le f // nacen de continuo nuevas haces de enemigos, como los poetas fingían que nacían de la | **”' tierra juntos muchos hermanos armados que se mataban luego unos con otros211. De aquí 1
viene que es tan delicada la diferencia que hay entre el amigo y el enemigo, que si no tenemos mucho aviso y discreción, estamos en grsn peligro de abrazar y defender al enemigo, pensando que es amigo, o de herir y maltratar al amigo teniéndole por enemigo. Que no será212 * mucho que así nos acaeciese a nosotros, pues aun aquel muy notable
capitán Josué, viendo al ángel de luz , todavía dudaba si era de su parte, hasta que le preguntó: ¿Eres nuestro o de los contrarios?215 *
Así que, pues, la guerra no se excusa estando ya trabada contigo mismo y el principal Í <
punto de la victoria está en que tengas muy buen conocimiento de ti mismo, me pareció T
que seria bien ponerte tu misma imagen y figura delante, como pintada muy al natural en /
una tabla, porque viéndola te conozcas bien de arriba abajo, como verás por el capítulo1
siguiente.
Capítulo IV. Del hombre interior y exterior.
Cuanto a este propósito, podemos decir que es el hombre un animal monstruoso, por
ser como lo es compuesto de dos o tres partes que entre sí son muy diferentes. Conviene a
saber, del alma que es una cosa casi divina, y del cuerpo, que es como una bestia muda.
Porque en verdad, cuanto al cuerpo, no solamente no hacemos ventaja a los brutos, mas
aun en muchos dotes del cuerpo nos la hacen ellos a nosotros. Empero, según el alma,} ,V somos en tan alta manera capaces de la divinidad, siendo criados para gozar de ella, quehr-f¿ podemos pasar de vuelo sobre los espíritus angélicos, y hacernos muy semejantes a Dios214. hy. De manera que si tú no tuvieras cuerpo, fueras una cosa divina. Y si a este cuerpo no se le ’ j hubiera injertado esta alma, fueras como una bestia.
Estas dos naturalezas, tan discordes entre sí, había muy bien concordado y atado aquel soberano maestro con una armonía y concordia maravillosa; mas la serpiente enemiga de la paz, con tan miserable discordia las dejó entre sí asidas, que ya ni pueden partirse la una de la otra sin muy gran pena, ni vivir juntas sin continua pelea. Y acaece a cada una de estas naturalezas con la otra lo que se suele decir del que tiene al lobo por las orejas: que ni le está bien tenerle215 así asido ni le es seguro soltarle, y cada una de ellas
podía muy bien decir a la otra aquel gracioso verso del poeta: ""Ni puedo vivir contigo, ni menos pasar sin ti""21 .

Tan trabada guerra tienen consigo entrambas, que siempre andan a las puñadas217, siendo una misma cosa como si fuesen diversas. Porque el cuerpo, como es visible, así su deleite es con cosas visibles; como es mortal, sigue también las cosas que son temporales; como es pesado y carga para abajo, siempre tiene ojo abajo. Por el contrario, el alma, acordándose que le viene de linaje ser celestial, siempre tira cuanto puede para arriba, contradiciendo en esto al cuerpo y luchando con esta carga de tierra. Desprecia cuantas cosas se ven de los ojos, porque sabe que son perecederas; busca las que han siempre de
durar, que son las verdaderas. Como es inmortal ama las cosas inmortales. Es celestial, y así desea las cosas celestiales. Siempre se deleita con su semejante, si no es ya cuando del todo está tan emboscada y sumida en las suciedades del cuerpo, que sin ningún empacho bastardea y tuerce de su generosa naturaleza, por haberse querido inficionar con la mala vecindad del cuerpo.
Y esta discordia no nos la injertó aquel fabuloso Prometeo, de quien los poetas fingen que mezcló en nuestras almas una partecilla de cada animal. Ni tampoco fuimos compuestos con esta discordia en nuestra primera creación, sino el pecado fue el que vino a estragar lo que una vez estaba bien ordenado, sembrando ponzoña de discordia entre quien estaba en paz y con harta concordia. Porque antes del pecado sin trabajo ninguno señoreaba el alma al cuerpo, y así, por consiguiente, sin contradicción y de muy buena gana, obedecía el cuereo al alma. Ahora, ya desconcertado y trastrocado el orden de la casa, porfían las aficiones21’ del cuerpo por sujetar a la razón, y ponerle el pie en el pescuezo, ella
muchas veces es así incitada a seguir el parecer del cuerpo, que por nuestros pecados las más veces le sigue.
Haz ahora, pues, cuenta que el pecho o corazón del hombre es como una ciudad banderiza219 220 y bulliciosa, la cual por ser poblada de diversas condiciones de hombres, por la
diversidad de sus deseos y apetitos, no puede ser menos sino que ha de ser combatida y revuelta de continuos movimientos y bandos, si no se da tal orden que el cargo principal del mandar y vedar le tenga uno solo, y que éste sea tal que ninguna cosa mande sino lo que fuere saludable a la república; para lo cual es necesario que en la tal ciudad valga más el que sabe más, y que obedezca el que supiere menos. Porque ninguna cosa hay más
desconcertada ni torpe que la gente baja y común del pueblo, y por eso ha siempre de obedecer a los que gobiernan, y no ser parte para gobernar.
Los que fueren principales y de mayor edad y autoridad, han de ser admitidos y oídos sus votos en las consultas de lo que se debe hacer, pero de tal manera que la determinación y el cargo de mandar y disponer en todo, siempre se reserve a sólo el rey, el cual cumple que algunas veces sea aconsejado y amonestado, pero no conviene que jamás sea forzado, ni que piense ninguno pasarle adelante. Este rey a ninguno ha de ser sujeto sino a la ley; y la ley ha de ser conforme a toda honestidad.
Mas si anda lo de arriba abajo, con tal desorden que el vulgo desconcertado y aquella  revoltosa de la ciudad se suelta a querer mandar, no haciendo caso de aquellos a
quien debe acatar; o si los grandes y principales no reconocen obediencia a su rey, luego nace en esta tal república un tan peligroso alboroto y discordia, que si Dios con su dictadura y divino poder no socorre, está a punto de perderse y asolarse toda.
Apliquemos ahora esto al hombre, en el cual la razón es como el rey. Los principales
de este reino son unas aficiones que aunque en verdad son corporales, mas no se pueden ¡
decir bestiales, como es una piedad natural para con los padres, un amor a los hermana. ,j
una benevolencia con los amigos, una compasión con los afligidos, un recelo de sery
inflamado, un deseo de ser bien estimado, y otras semejantes aficiones e inclinaciones. Mas ’
los otros movimientos del corazón, que del todo discordan y se apartan de las leyes puestas \
por la razón y son tan abatidos y torpes como unas bestias brutas, como es lujuria, envidia, cualquier exceso o demasía en cosas deleitosas, y otras enfermedades del ánimo de esta
cualidad, todos estos vicios haz cuenta que son la hez de la ciudad, quiero decir, la gente
vulgar y desordenada del pueblo y aún peor, y así lo mejor es tratarlos como han menester,
y como ellos merecen, y aun tenerlos a recaudo como a esclavos bellacos y de malas mañas,
y que sepan que han de cumplir su tarea, y cuando no fuere posible trabajar su jornal, que
a lo menos no se les ha de consentir hacer ningún mal.
Estas cosas todas entendía muy altamente Platón221 cuando escribió que en el hombre
hay dos maneras de alma, una divina e inmortal, y otra que es casi mortal, porque está sujeta a diversas perturbaciones, como es primeramente deleite, a quien él llama yesca y cebo de todos los males. Otra turbación es dolor, que suele venir de quitársenos o estorbársenos algún bien. Tras estas hay otras dos pasiones, que son por una parte miedo, por otra atrevimiento, que quien con ellas se aconsejare no puede hacer cosa buena. Viene también demás de éstas la ira, que es una desaforada pasión, y otra que es esperanza, con sus halagos y promesas, con más otros apetitos muy fuera de razón, y sobre todos, amor desconcertado, que doquiera hace muy gran daño.
Casi todas éstas son palabras de Platón. Tenía él por cierto que en refrenar este
desorden de tantas pasiones, consiste muy gran parte de la bienaventuranza de esta vida. Y
así dice también allí que quien las venciese se podrá222 llamar justo en su vivir, y quien se
dejase vencer de ellas, injusto225.
Volviendo ahora a aquella primera manera de alma que antes dijimos ser divina, conviene a saber, la razón, dice Platón, que ésta tiene puesta su silla y asiento como rey en el homenaje de esta nuestra ciudad, que es en el cerebro, parte más alta de todo el cuereo y más cercana al cielo, y por esto menos bestial, por ser como lo es compuesto de unos huesos muy sutiles y no cargados de nervios ni de carne; mas está muy bien cercado y guarnecido de sentidos por dentro y por fuera, de tal manera que ningún bullicio puede nacer en esta república, que luego el rey, que es la razón, no lo sepa por relación de los mismos sentidos.
Las partes de la otra segunda alma, que dijimos ser mortal, conviene a saber, las
aficiones, tienen en su asiento tal orden que según es cada una más o menos obediente a la razón y más o menos ruido y enojo le hace, así están aposentadas; porque entre la cerviz y lo más tajo del pecho se puso aquella parte del alma que recibe y tiene en sí la fortaleza yM ira. que es en verdad pasión bulliciosa, y tal que se debe refrenar, pero como no es del todo bruta ni bestia, está puesta casi en el medio, y por su cierto compás distinguida y apartada de lo mis alto, y también de lo más bajo.
Porque J estuviera muy vecina al homenaje, que es el cerebro, pudiera algunas veces con sus bullicios turbar el reposo del rey, también, si a lo más bajo se descendiera,- pudicrase corromper, y juntamente con el pueblo vil, fuera en hacer al rey alguna traición* Pero estando así en medio, se siguen otros dos provechos: el uno, que el rey, que es 1¿W razón, tiene allí a mano estos dos ejecutores, que son ira y fortaleza, para poderles mandar® lo que deben hacer conforme a razón y en su servicio; el otro provecho es que, teniendo su aposento no muy lejos de las otras aficiones bajas y desordenadas, están allí sobre ellas para’W' irles a la mano por mandado de la razón, y no consentirles cosa que en deservicio suyo sea^ijg
Hay otra parte más baja en esta alma mortal, que llaman concupiscible, que escara inclinada a aquellas cosas sin las cuales ni el cuerpo puede pasar, como son el comer yffiK beber, ni el género224 humano podría mucho durar, como son otros deseos naturales de la'fSr
carne; y a ésta triándosele hacer su anosento en lo más bajo de las entrañas, hígado y - vientre, donde se esté muy lejos de palacio como desterrada, y aun como atada a su &L pesebre, a manera de animal bruto y mal dominado, sustentando el cuerpo conforme a ló^E que la razón, como rey, le mandare, sin que tenga atrevimiento a desordenarse fuera de^W medida, ni a levantar otros desasosiegos ni alborotos escandalosos contra la obediencia y'iS mandamiento de Su gobernador, como lo suele hacer más que nadie cuando la razón se descuida, queriendo ella, contra la voluntad de su rey, seguir su vicioso apetito, y?Mb mostrando cuán rebelde es y con cuánta tiranía se querría haber donde se le consiente que tenga alguna jurisdicción.
¿Has ahora bien mirado cómo siendo el hombre según la parte más alta del cuerpo W
una cosa como divinal, viene después a ser de la cintura abajo como bestial, si no se provee
en ello?. Mas por eso, aquel divino presidente que ha de poner medio a todo, que es lázfflp
razón, reside en la más alta torre de este cuerpo, que es la cabeza, y teniendo puesto su
pensamiento en muy alto lugar, como quien se acuerda de qué linaje viene, que es del cielo, ‘
nunca se abate a cosas rastreras ni se encona en cosas bajas. Y una de las insignias que tiene
para demostrar su excelencia, es un cetro derecho de marfil; y esto quiere decir que W
ninguna cosa ha de mandar ni consentir, sino derecha y justa; y en lo más alto de este cetro W;
está asentada un águila, según dice Homero225, para dar a entender que, volando para las
cosas celestiales, y teniendo siempre ojo arriba, desdeña estas otras terrenales, no poniendo
en ellas su afición.
También tiene este nuestro rey unr corona de oro en la cabeza, por el oro en la Sagrada Escritura se suele significar la verdadera sabiduría; y ser la corona así entera y
< redonda nos demuestra que esta sabiduría ha de ser en perfección, sin falta ninguna. As! que corona y cetro, que son sabiduría y justicia, son los arreos convenientes y propios dotes de rey, pues debe ser m ly bien sabio226, porque en nada no peque por ignorancia, y
muy aficionado a lo bueno y recto; de manera que ninguna pasión baste para hacerle torcer a cosa que no deba, ni para corromperle a que haga nada de lo que ve que no es bien; y al rey que le faltare alguna de estas dos partes, más le puedes contar por tirano que por rey.
Capítulo V. De la diversidad y contrariedad de afjpones que hay en el hombre.
Este nuestro rey, que es la razón, es de tanta excelencia por causa de una ley eterna que Dios en ella imprimió, con que siempre se inclina a lo bueno, que aunque a ratos le querrían227 hacer fuerza y sacarla de sus auicios, pero ella nunca consiente ni es jamás
corrompida de tal manera que deje volver por sí cuanto puede, y resistir a lo que es fuera de razón. De manera que, según esto, si su pueblo, que es, como hemos dicho, las aficiones que viven debajo de su bandera, le obedece, no se hará cosa que mala sea, ni tal que se deba arrepentir, antes con toda moderación y cordura y grandísima paz y sosiego se gobernará toda esta nuestra república, que es nuestro230 cuerpo.
Cuanto a estas aficiones que hemos dicho hay alguna diversidad de pareceres entre los filósofos que de ellas hablan. Verdad es que, cuanto a lo principal, todos concuerdan en que los hombres son obligados a conformarse con la razón en su vivir, y no seguirse por aficiones ni piasiones. Pero cuanto a la forma como nos hemos de haber con ellas, dicen unos sabios llamados estoicos, que ya que el hombre ve que usando de sus sentidos de aquí se levantan en él algunas aficiones y pasiones, que se debe aprovechar de ellos como de un ayo o guía para venir en conocimiento de lo bueno y de lo malo. Pero después que ya una vez sabe juzgar bien lo que debe escoger y lo que debe huir, que es razón de desechar luego de sí todas aquellas pasiones o aficiones, porque según ellos dicen no solamente no son provechosas para la sabiduría, más aun son dañosas y empecibles231. Y así los estoico^
quieren que el perfecto sabio esté vacío y libre de todos estos movimientos como de unas enfermedades del ánimo, el ejemplo de esto se pondrá luego más abajo. Y los que de ellos son algo más humanos, apenas consienten que en el sabio pueda haber aquellos primeros movimientos que llaman ellos ""fantasías”, y que nosotros acá decimos que no están en mano del hombre porque se suelen adelantar a la razón.
Los peripatéticos, por el contrario, enseñan que las tales aficiones hemos siempre de procurar refrenarlas; pero que no se han de desarraigar del todo, pues piensan que hay en
ellas algún provecho, porque éstas nos fueron dadas naturalmente por espuelas e •
incitamientos para la virtud. Como vemos que la ira, aunque es pasión, pero no siendo
desmedida, es despertadora de la virtud de la fortaleza; y la envidia, siendo liviana, despierta
a la industria y diligencia; y otras por semejante.
i
/í i Sócrates252 se inclina a los estoicos, diciendo que la sabiduría no es sino continuHR
( «ensarmentó y ejercitación para la muerte, y para las cosas de la otra vida, conviene a sabí^w ‘ ue el ánimo, en cuanto pudiere, se deje de ocupar en las cosas corporales y sensibles,®®
ponga su pensamiento en aquellas que por la razón verdadera, y no por los sentidos, conocen.
De todo esto que aquí hemos dicho, se saquen a lo menos dos cosas: la una, que
.necesario tener el hombre bien conocidas las pasiones e inclinaciones de su alma253; la otra,’»
¡que no hay ninguna de estas aficiones tan recia ni tan forzosa que no se pueda refrenar
traerse a que sea virtud. Esto digo porque he muchas veces oído entre la gente vulgar una
\ pestilencial opinión de algunos que dicen que son forzados a los vicios, y que no puedenJS hacer otra cosa porque no es más en su mano; y otros, por el contrario, son tan ignorantes y tienen tan poco conocimiento de sí mismos, que así siguen los movimientos apasionados!!?' y se rigen por ellos, como si fuesen guiados por la razón, y de aquí es que cuando pura ira ó envidia les mueve a alguna cosa, dicen que no se mueven sino con celo de justicia o po^’W servicio de Dios.
Y has de saber que, así como una república es más banderiza254 que otra, así un ? .
hombre es más aficionado a virtud que otro. La cual diferencia no pienses que procede d^W desigualdad que haya en los ánimos, mas puede venir unas veces de la propiedad de alguna^Br estrellas que hacen impresión en nuestros cuerpos para que en alguna manera tengan más o'^; menos inclinación a lo bueno; otras, de la condición natural de nuestros padres, de donde a veces se pega algo; otras, de la manera de la crianza, de donde quedan algunos resabios para
adelante; otras, de la misma complexión del cuerpo, que nos querría tirar para sí.
De manera que no es hablilla de viejas la que en este caso dice Sócrates23*,
comparándonos al gobernador del carro, donde van bajo un mismo yugo dos caballos,
uno bueno y el otro malo. Porque verás unos hombres que de su natural condición son tan'® sosegados y medidos en sus cosas, tan aparejados para lo bueno y tan bien acondicionados,,^; que sin trabajo ninguno aprenden toda buena crianza y salen virtuosos, que sin ponerles las espuelas se adelantan por el camino de las virtudes. Hay otros al revés que tienen una ,. disposición en el cuerpo tan rebelde como un caballo mal domado, rijoso236 y coceador,.
que no hay quien se pueda valer con él, sino que ha menester sudar el que va encima, y con muy recio y duro freno, y a fuerza de257 palos y de espoladas25’, ya en fin le hacen estar a W
raya, y se apodera de él con harta pena, según es de malas mañas.
r Si a ti te cupo tal disposición de cuerpo como éste, no por eso desmayes luego pi,
I pierdas la esperanza de poderle domar, antes con doblada diligencia te debes esforzar,; W
i teniendo por cierto que no se te ha cerrado por eso el camino para la virtud, sino que antes
| se te ha ofrecido aparejo para ejercitarte más continuamente en ella. Y si por ventura
j alcanzaste buena complexión, no por eso pienses que eres mejor que otro que no la hubo
tal; mas piensa que fuiste más bien librado, y por consiguiente tanto más obligado cuanto >
más bien librado; aunque en verdad no sé quién puede alcanzar así una condición tan
aventajada y tan a pedir de boca, que no halle todavía en sí hartas cosas en que hay
menester irse a la mano, contradiciendo y peleando con sus indir •‘dones.
Pues, tornando al propósito, cumple que nuestro rey, que es la razón, esté sobre aviso, y habiendo ya una vez conocido la disposición de su cuerpo y sus ruines inclinaciones, sentirá bien de cuál de ellas se debe más recatar, y donde sospechare que le puede venir alguna turbación allí ponga más vigilancia.
Hay vicios que parecen ser más apropiados a ciertas naciones y provincias, como ¿icen que los que son naturales de tal tierra son inclinados a engaños y traiciones; otros, a ser muy viciosos, gastadores; otros, a lujuria. También hay vicios a que se indina más la misma complexión del cuerpo. Como vemos los sanguíneos ser algo aficionados a mujeres y amigos de deleites. Los coléricos, airados, feroces y maldidentes. Los flemáticos, perezosos, descuidados,y soñolientos. Los mdancólicos, envidiosos, tristes y desabridos. Otros vicios hay que parece comúnmente que con la edad o crecen o decrecen, como ser los hombres en la juventud más inclinados a vicios de la carne, desperdiciados y atrevidos, y en la vejez escasos, importunos, mal acondicionados y avarientos. Hay también pasiones que parecen apropiadas a los hombres, como es la ferocidad; otras que son más de mujeres, como liviandad y deseo de vengarse.
Acaece también que la natura quiere hacer una manera de igualdad reconipensando la inclinación viciosa del ánimo259 que dio, con algún otro dote virtuoso; y de aquí es que
vemos un hombre inclinado a deleites, pero no es nada airado ni envidioso. Es otro caso, pero con un contrapeso de soberbio, airado, y a veces este tal más escaso que otro. No faltan también otros que de continuo son tentados de otros vicios más monstruosos y gravísimos, como son hurtos, sacrilegios y homicidios, los cuales con toda fuerza se deben resistir, y cuando nos acometieren poner en medio un muy fuerte muro, que sea un muy firme y santo propósito de no consentir en ellos, porque su acometimiento no nos puede dañar.
Y así como hemos visto que hay vicios o inclinaciones de ellos, que se llegan a las complexiones240 y edades; así por otra parte hay otras pasiones viciosas que son vecinas de
las virtudes, y tan semejantes a ellas, que si no tenemos mucho aviso, apenas podemos hacer diferencia entre ellas sin ser engañados. Estas tales se deben corregir, enderezándolas y aplicándolas a aquella virtud a quien son más vecinas y semejantes. Pongamos ejemplo: Es un hombre de recio corazón, y con esto tiene a veces algunos ímpetus de alteración. Este tal ponga freno a su ánimo, resistiendo a esta su inclinación, la cual, así legitimada, le aprovechará para que sea hombre despierto, suelto, aunque no sobresalido, vivo, animoso sin temor, apercibido sin torpeza ni flojedad; no será abatido en sí ni apocado; será también libre, y no acobardado ni encogido; será claro, río doblado ni podrido es sí. Item, es otro algo más guardoso241 de lo que es menester, enmiéndese de manera que quede en m medio le ser hombre aprovechado, templado y medido en sus cosas. Otro es halagüeño
naturaleza, y demasiadamente amoroso, refrene esta inclinación, y quedara homfenM?
humano, comedido, sabroso y bien criado.
Asimismo, el que conoce de sí que suele ser en sus cosas cabezudo y algo más amigtfj» Je salir con su opinión de lo que es menester, este tal no tome las cosas tan por el cabd-SL sino tenga moderación y discreción; y así se* a constante, no mudable ni liviano, y tendrá»» perseverancia donde viere que es bien. Y si otro ve que su complexión le inclina a andarS& mustio y algo rostrituerto, como dicen, o encapotado, procure éste de andar sobre aviso yWfe ganará una mesura conveniente con gravedad.
Es otro por ventura tan demasiadamente comedido, sin aguardar tiempo ni sazón\M
que queriendo ser muy diligente sin propósito y en lo que no sabe, es pesado. Y por ser tan W
amigo de agradar, quienquiera le traerá al retortero: este tal tenga un poco más . de
miramiento y de peso, y será más bien mandado que otro, será obediente, convenible,-®;
aplicado y apañado para todo lo que buenamente quisieren hacer de él, y así por esta forma Wt podemos aprovecharnos de otras tachas242 que hay no muy graves. Mirando, con todo eso; S
no las doremos, favoreciéndolas so color de virtud. Así con.^ J Hue a su tristeza la llama
gravedad y el que por su demasiada extraña sequedad243 es inconversable y riguroso .en^fc
extremo, a éste su esquivez, teniéndola por buena, llámala severidad. Otro su envidia nos la
quiere confitar244, haciéndonos entender que no es sino un buen celo de hacer tanto como
otro y valer tanto como otro, y que no desea sino que nadie le eche245 el pie delante. A su
escasez nómbrala otra granjeria, diciendo que todo lo demás es aire, sino atentarse246 247 * el fe
hombre y vivir al seso. El que es medio truhán en sus cosas, está muy contento de sí»1
teniéndose por hombre donoso y gracioso. El lisonjero presume de apacible y cortés. El v
deshonesto se nos quiere vender por muy desenvuelto y del palacio.
Así que el único y singular camino para la bienaventuranza es: lo uno, conocerte bien
a ti mismo, lo segundo247, que ninguna cosa hagas por afición ni pasión, sino que en todo W
te guíes por el juicio de la razón, y que ésta no esté turbada, sino sana, y que sepa bien lo
que hace, quiero decir, que sólo tenga respeto a lo honesto.
Me dirás que es recia cosa esto cyue pido. ¿Quién te lo niega? Y aún por eso es muy t cierto aquel proverbio de Platón 4 : ""No hay ninguna excelente cosa que no sea j
dificultosa""; como acá dice también el refrán: ""que quien algo quiere algo le ha de costar""; k No hay cosa de mayor esfuerzo que vencerse el hombre a sí mismo, pero, así ningún galardón hay mayor que la bienaventuranza que por ello da Dios. Hermosa sentencia es aquella de san Jerónimo como lo son todas las otras suyas, donde dice> ""No hay cosa más bienaventurada que el cristiano, a quien sólo se promete el reino de los cielos; ni más trabajosa porque su alma está en peligro de muerte; ni más fuerte, pues vence al diablo; ni
más flaca, si se deja vencer de la carne""249. Si examinas tus fuerzas, no hay cosa de más
dificultad que someter la carne al espíritu. Mas si miras a Dios que te ha de ayudar, no hay cosa más ligera.
Imprime tu ahora en tu corazón un muy firme propósito de vida perfecta, y después de bien sellado en el alma, síguele, pues no hay cosa^en el mundo a que un hombre se quiera poner muy de veras que no salga con ella, si la toma a pecho. Muy gran parte de este nuestro cristianismo está en querer el hombre de todo corazón ser cristiano; y lo que al principio parece fuerte y recio de tomarse, poco a poco250 se nos hace más blando y con el
uso mas fácil, y en fin con la continua costumbre se toma apacible. Sabida es y sabrosa aquella sentencia de Hesíodo251: que el camino de la virtud es a los principios áspero, mas
cuando hubieres subido esta cuesta, hallarás allá arriba en lo alto un muy seguro descanso.
No hay animal tan fiero que con industria humana no amanse, ¿y piensas tú que no habrá también manera para domar el ánimo, domador de todas las cosas? Por tener salud del cuerpo, puedes algunos años acabar contigo de no beber vino, y de no llegar a tu mujer, como un hombre médico te lo manda, ¿y no podrás ahora unos pocos meses ensayarte a sujetar tus pasiones a la voluntad de tu hacedor, que es Dios, de donde quedes tan maestro que la guerra de esta vida se te haga muy gran descanso? Haces mil cosas por escapar el cuerpo de una enfermedad, ¿y por escapar el cuerpo y alma de la muerte eterna no harás siquiera lo que los gentiles han hecho por la virtud?
Pues hemos visto en estos dos capítulos pasados lo que dicen los filósofos de estas dos partes del hombre, que son alma y cuerpo, veremos ahora en estos dos siguientes capítulos lo mismo según la Sagrada Escritura, que se conforma mucho en ello. Y has de notar por ahora que hombre interior es el alma, y hombre exterior es el cuerpo.
Capítulo VI. Del hombre interior y exterior, y de las dos partes del hombre, por autoridades de la Santa Escritura.
Por cierto yo he gran vergüenza a causa de los que se tienen por cristianos, que la; mayor parte de ellos como bestias mudas siguen y aun sirven a sus propios apetitos; y están tan mal ejercitados en esta guerra que hablamos, que aún no saben hacer diferencia entre la razón y las perturbaciones, y solamente piensan que es el hombre esto que acá fuera ven o y sienten, y aún no piensan que hay más de las cosas que ellos alcanzan con sus sentidos, [ como quiera que en verdad éstas sean las de menos. Tienen también otro engaño: que todo ’ lo que con gran cuidado desean, aquello tienen por justo y bueno; y de aquí es que llaman paz a una muy averiguada y miserable servidumbre, cuando la razón cautiva ya y ciega, sin contradicción alguna obedece y sigue a los apetitos por donde ellos lo quieren llevar. Esta es aquella malaventurada paz que nuestro Señor Jesucristo, sobre ser el autor de la paz verdadera y juntar los desavenidos, haciéndolos una misma cosa2S2, pero a ésta la vino a desbaratan y < revolver una saludable guerra entre el padre y el hijo, como el mismo CnstSw?
dice, y emit el marido y h mujer (quiere decir) entre los que mucho se quieren253,
concordia y paz es para ayudarse a mal obrar.
Digo ahora, pues, que cuanto hemos visto sobre este caso en los dos capítul^Mp pasados, siguiendo los sabios antiguos, no se haga caso254 de ello, si yo no lo diere todo asíw‘.
expresamente mandado en la Sagrada Escritura, aunque no sea por las mismas palabras»^ I Porque aquello que los sabios llaman razón, y estiman tanto como hemos dicho, llama sanW' Pablo unas veces espíritu, otras hombre interior, y otras ley del alma. Y lo que ellos llaman®
. afición y vicio contrario a la razón, llama san Pablo, a veces, carne, a veces hombreé#
i exterior, y otras veces ley de los miembros; como allí donde dice: Sea vuestra vida yS
) conversión conforme al espíritu; y de esta manera huiréis de las cosas que suele descar tó! / carne, porque la carne en sus deseos es contra el espíritu, y el espíritu tiene otros deseos^ I contrarios a los de la carne. Pero si ésta vence, aunque os parezca bien lo bueno, os iréis]® \antes tras lo malo255. Y en otro lugar dice: Si fuere vuestra vida conforme a la carne^
moriréis, pues esta tal vida no se ha de tener sino por muerte; pero si con el espíritus
mortificáis las obras de la carne, muertas ellas, será de verdad vuestro vivir256.
Nueva manera de truco es esta por cierto, buscar la verdadera paz en ¡a guerra, cornos- hemos visto, y buscar la vida en la muerte, como acabamos aquí de decir, y aun también eq^K la servidumbre buscar la libertad y en la libertad hallar la servidumbre, como ahora’verás® por san Pablo, que en una parte dice: Procuro yo de domar mi cuerpo sujetándolo a esta Re­ servidumbre, que no se le haga de mal pasar trabajos en servicio de Dios257. Y en otra
oye que dice asj de la libertad: Hermanos, si os guiáis en vuestras cosas según el Espíritu W- libres sois de la servidumbre de esa vuestra ley258. Y en otra parte dice: No habéis recibido W
de Dios espíritu de servidumbre, para que por puro temor le hayáis de servir, sino espíritu
de adopción, que es ser prohijados de Dios, para que, como hijos libres, con amor le rirváislL como a Padre259. Item, el mismo san Pablo en otra parte: Veo, dice él, que hay una ley®
arraigada en mis miembros que contradice a la ley de mi espíritu, y me querría cautivar a^J^ que obedeciese a la mala inclinación del pecado, que siento en este cuerpo260. Hallarás
también en el mismo Apóstol que cuanto más se dilata el cuerpo trabajando en cosas que
son para la gloria de Dios, tanto más se esfuerza el espíritu y toma nueva frescura y ¡
renovación cada día más261.
Así como Platón nos mostraba cómo en un mismo hombre había dos almas, ahora san Pablo nos da a entender como en un solo hombre hay dos hombres; que por una parte están tan trabados y juntos, que el uno no se podrá hallar sin el otro ni
en el cielo ni en el infierno; por otra, son diversos y tan destrabados, que la muerte
del uno le es la vida al otro.
A este propósito pienso yo que hace lo que escribe él mismo a los corintios, diciendo que fue criado el primer Adám con un alma bastante para sustentar el cuerpo, y aquélla tomamos de él, y nació después el segundo Adán, que es Cristo, para poner en nosotros el espíritu, que es el que da la vida verdadera en nuestra alma. Así que no es primero lo espiritual, mas nacemos primero con este animal, que es lo que anima al cuerpo, y después se nos da lo espiritual, como hemos dicho. El primer Adán es terrenal, como aquel que es de la tierra; y el segundo Adán celestial, como venido del cielo262.
Y porque más claro pareciese que aquí no sólo hablaba de Cristo y de Adán sino también de todos nosotros, dijo luego el mismo san Pablo: Cual es el hombre terreno, tales son los terrenos, que son los que viven según el cuerpo; y cual el celestial, tales los celestiales, que son los que tienen ojo a las cosas del cielo. Así que si hemos sido hasta a^uí como una imagen y traslado del Adán terrenal, seámoslo, de hoy más, del celestial . Porque de otra manera yo os digo, hermanos, que la carne y la sangre, si no se espiritualiza, no heredará el cielo, ni el alma corrompida con vicios puede ser heredera de la vida inmortal e incorrupta.
Ves ahora claramente que lo que en una parte llama san Pablo carne y hombre,
exterior que se corrompe, en otra lo llama terreno Adán. Este es, por cierto, aquel cuerpo
de muerte, conviene a saber, sujeto a pasiones y mal inclinado, del que el mismo san Pablo, como agraviado264 y apesgado265, se quejaba diciendo: |Oh desventurado yo!, ¿quién me , *
librará del cuerpo de esta muerte?266. Y demás de esto, queriendo mostrar el mismo san
Pablo cuán diversísimo y cuán contrario es el fruto de la carne al del espíritu, dice en otra
parte: El que siembra por su carne, quiere decir, el que se ejercita en cosas de la carne, de
aquí no cogerá sino corrupción; pero el que siembra por espíritu, vendrá después a coger
de aquí la vida perdurable .
Esta es aquella enemistad vieja de los dos hermanos Jacob y Esaú268, que antes que
saliesen del vientre de su madre donde estaban juntos entrambos, ya luchaban allí dentro encerrados, y al tiempo del nacer adelantóse Esaú, pero con todo eso después Jacob le hurtó la bendición de su padre, de manera que primero fue lo carnal, mas lo espiritual fue más excelente. Aquel Esaú era bermejo y velloso; este otro de buen color y sin vello. Aquel era bullicioso y cazador; este otro era hombre de buén reposo y holgaba de estar en casa. Aquel que era mayor269, que salió primero a la luz, como decimos , vendió con hambre
el derecho del mayorazgo, teniendo en más una escudilla de potaje no muy preciado, que su preeminencia, y así aquel, que significa a cualquier pecador, engolosinado e incitado por n vil utcio que del deleite le podía suceder, cayó de la natural libertad en la servitud de^K
Este otro menor alcanzó por vía de gracia lo que por vía de justicia no le
Entre estos dos hermanos, aunque de un vientre y aunque nacieron juntos, nundágK hubo jamás perfecta concordia, porque siempre Esaú aborreció a Jacob, este otro bueiira Jacob, aunque no aborrecía a Esaú, pero andaba de continuo huyendo y recelándose,^® nunca de él se confiaba. De esta manera tú has de hacer que todo lo que el apetito oJL afección te aconsejare, lo tengas por sospechoso, pues a tal consejero no se le debe dar® mucho crédito. Sólo Jacob es el que ve a Dios, y Esaú, como hombre fiero, vive por sü W espada. En conclusión: que consultado Dios por la madre qué sucedería de estos sus dos hijos, respondió: ""El mayor servirá al menor"". Después el padre Isaac, hablando con E$aú,'J&
le dijo: ""Tu servirás a tu hermano, y tiempo vendrá cuando acudirás y desatarás su yugo de *51?
tus cernees
Dios en su respuesta revelaba lo que los buenos habían de hacer. Esto es: que el ®
í mayor, conviene a saber, la carne, entendida por Esaú, ha de servir al menor, que es el
’ espíritu, entendido por Jacob. Pero su padre, cuando decía: vendrá tiempo que sacudirás su
yugo, hablaba de los malos, que habían de ser rebeldes, levantándose contra el espíritu. Así W
que Dios mostraba lo que cumplía que todos hiciesen; y el padre denunciaba lo que^jr
1 muchos, mal pecado, y aun los más habían de venir a hacer.
Asimismo, san Pablo quiere que la mujer sea sujeta al marido273, porgue también dice ,0-
el sabio que es mejor lo malo del varón que lo bueno que hace la mujer74. Lo uno y lo‘<
otro para nuestro propósito se declara así: esta mujer, que es nuestra Eva, es la afección W* carnal, cuyes ojos cada día tienta aquella astuta serpiente, procurando cebarlos hasta
cegarlos; y así corrompida esta Eva, luego ella procura requerir al varón, que es el espíritu, a que sea participante del mal.
Mas, ¡cuán al contrario es lo que leemos de la mujer nueva,
i, que es obediente al
marido, quiero decir, de la carne, que obedece al espíritu! Enemistades, dice Dios a la serpiente, pondré entre ti y esta tal mujer, y entre tu generación y la suya, y ella quebrantará tu cabeza y tú siempre asecharás a su calcañal276. Y cómo sea esto, ya arriba se
declaró en el capítulo I. Arrastrando anda la serpiente sobre su pecho: la muerte de Cristo quebrantó su furia; ya no le queda sino que a hurtadillas aseche al calcañal, buscando como nosotros le demos entrada. Mas la mujer flaca que por la gracia de la fe viva se vuelve muy varonil, animosamente quebranta la cabeza ponzoñosa de la serpiente, y acrecentándose en nosotros la gracia, se van disminuyendo las fuerzas y tiranía de la carne.
De esta manera, cuando Sara fue disminuida en su nombre y en su fuerza, luego
Abraham su marido crecip, no sólo en el nombre que se le acrecentó, pero en generación, obrándolo Dios277. Estab/i Sara tan vieja y tan sin pensamiento de tener hijos, que ya no
llamaba a Abraham marido, sino señor, y jamás mereció parir, hasta que ya faltaban en ella las fuerzas para poderse hacer preñada, por su mucha edad. ¿Mas qué fruto piensas que dio en su parto Sara, ya vieja, desfallecida y fuera de tiempo, a su señor y marido Abraham? Parió ciertamente a Isaac, que quiere decir gozo271. De manera que significa esta historia
que en la hora que envejecen y faltan en el hombre y ajas aficiones camales, luego nace en él aquel bienaventurado sosiego y alegre descanso que da Dios al alma inocente, y una seguridad en su corazón y en sus pensamientos, de tanto gozo, que es, según dice el sabio, como un continuo convite.
Y así como Abraham no del todo seguía el consejo de Sara su mujer279, así tampoco le
contentaba mucho el juego entre los hijos, esto es, la mucha comunicación de Isaac con Ismael; y no quiere que en aquella edad tierna haya tanta amistad entre el hijo de la libre y el hijo de la esclava. Quiere decir, que mientras hierve la juventud, apartemos lejos de los ojos a Ismael, que es la carne y afecciones de ella, porque so especie de juego y halago, no traiga a sus costumbres al niño Isaac, que es el espíritu y la razón.
Ya Abraham había envejecido, ya Sara era vieja y había parido a Isaac, y aun no se confiaba280 en el consejo de la mujer, si por respuesta divina no fuera aprobado. Nunca se
aseguró de creerla hasta que Dios le dijo: ""Haz todo lo que Sara te dijere*281, y esto fue
cuando en ella ya no había imperfecciones. ¡Oh bienaventurada vejez la de aquellos en quien así desfallece y está mortificado el hombre terreno, que ya no da trabajo ni turbación alguna al espíritu!
La cual concordia no osaría yo afirmar que en todas cosas y perfectamente la pueda alguno alcanzar en esta presente vida, y aun digo que por ventura no la cumple al hombre tenerla, porque vemos que a san Pablo le fue dado aquel estímulo, o de persecución de hombres camales o de tentación de la carne, enviado de Satanás para que le hiriese y humillase, y sobre haber ya rogado tres veces a Dios que alzase y quitase de él aquel azote, no llevó otra respuesta del mismo Dios, sino, ""bástate, Pablo, mi gracia, conténtate con no desampararte yo, porque cuanto más tentado fueres, tanto más sentirás la flaqueza y poca virtud que en ti hay; Y cuanto más flaco así te sintieres, tanto en más tendrás mi poder, reconociendo mi gran virtud, que es bastante para conservarte a que estés en gracia conmigo, no obstante tu flaqueza""282. Nueva manera es de remedio, por cierto, la que aquí
se le da a san Pablo, que la soberbia de la tentación de la carne venga a quitarle la soberbia del espíritu, y para que esté firme en Cristo le sea necesario que en sí esté flaco. Y , pues, traía en sí el tesoro de las revelaciones celestiales como en un vaso de barro, que es de poco valor y presto de quiebra, era menester que supiese que la grandeza de ella era de pane de Dios y no de su parte283.
Este ejemplo del Apóstol, aunque es uno, muchas cosas nos enseña. Primeramente, que cuando somos tentados de los vicios, pidamos luego con muchas oraciones una y otra vez el socorro divino. Lo segundo, que sepamos que las tentaciones a los varones perfectos / a] cu ñas veces no solamente no son peligrosas, más aun les son necesarias para nía? conservación y guarda de su virtud. Lo tercero es que estemos sobre aviso, porque vencido? ya y domados todos los vicios, sólo el de la vanagloria queda acechándonos cuando másí
nos ve ejercitar en virtudes, porque este vicio es como aquella serpiente hidra que mat¿J Hércules, monstruosa también en su vivir, porque con las heridas que recibía se le] acrecentaba la vida214, y según dicen, cortándole una cabeza le nacían de nuevo otras siet^'í
así es la vanagloria que, pasadas las tentaciones y vencidos todos los trabajos, ésta con' mucha dificultad se puede del todo vencer, mas el trabajo continuo e importuno todo ló' vence.
De esta manera tú, hermano mío, cuando en mayores perturbaciones tu corazón se encendiere, entonces le debes apremiar más y domarle y andar sobre él hasta que se.
sosiegue, porque en sus mudanzas es como aquel encantador llamado Proteo, de quien sé; cuenta que volvía en cuantas diversidades de cosas quería, y unas veces se hacía fuego,
otras algún animal fiero y espantoso, y aun otras se tornaba río215, y no había otro remedió
sino atarlo muy fuertemente, para que con ninguna forma de aquellas engañase ni se
escapase de decir la verdad.
Si no, dime de qué cosa podemos tan propiamente entender por aquel Proteo, comó' los apetitos de los locos y sus afecciones, las cuales cuando los inician y atraen unas veces á lujuria, volviéndolos como en bestias sucias; otras a ira, como bestias fieras; otras a envidia,
con la cual son como serpientes ponzoñosas, y otras a otros vicios monstruosos.
No te parece que entonces viene a harto propósito286 lo que aquel muy sabio poeta
cuenta de este Proteo, diciendo: ""Burla y engaña con diversas especies y figuras de bestias fieras, haciéndose algunas veces súbitamente un puerco espantoso o un cruel tigre, otras un dragón lleno de escamas o una leona brava con sus crines en la cerviz, otras veces da un recio sonido como de llamas ardiendo""287. Mas acuérdate lo que tras esto escribe el mismo
poeta, diciendo: ""Cuanto él más se transformare en tantas figuras, tanto más tú, hijo mío¡ apriétale con fuertes lazos""288.
Y porque no nos revolvamos289 más en las fábulas de los poetas, toma ejemplo en el
santo patriarca Jacob, y con mucha firmeza lucha tú también como él toda la noche hasta que al alba del socorro divino comience a esclarecer, y entonces di como el dijo: ""No te dejaré, Señor, hasta que me des tú bendición""290. Y es bien que oigas el galardón que llevó
por su virtud aquél fortísimo luchador.
Primeramente, dice la Santa Escritura que le bendijo el ángel con quien luchaba en. el mismo lugar donde fue la lucha, para dar a entender que siempre después que el hombre vence la tentación, se le da y añade algún principal don de gracia divina con la cual se hace mucho más fuerte que era antes para cualquier acometimiento que después le venga del enemigo. Dice mas: que le tocó el ángel en el muslo y se le amortiguó y secó un nervio a
Jacob, siendo vencedor, de manera que comenzó a cojear de un pie, no de ambos. Porque Dios aborrece y por boca de su profeta291 maldice a los que cojean de ambos pies, conviene
a saber, a los que quieren juntamente estarse en las cosas carnales y agradar a Dios, y como porfían a querer salir con entrambas cosas, vienen a cojear en entrambas. Bienaventurados, pues, aquellos que son entendidos por Jacob, en los cuales la afición de la carne así está amortiguada y seca, habiéndola Dios tocado, que en sólo el pie derecho, quiero decir, en el espíritu se sostengan.
Se cuenta allí también que a Jacob le fue mudado el nombre292, y de Jacob, que quiere
decir luchador, se hizo Israel, que es reposado y hábil para ver a Dios. Significa esto, que 1 cuando hubieres luchado con tu carne y la castigares y crucificares con todos sus vicios y L concupiscencias, ya sin tanta lucha ni ruido se te seguirá una paz y tranquilidad en el alma j para que descanses y veas a Dios y gustes y conozcas cuán suave es el Señor, porque esto es lo que quiere decir este nombre Israel.
Y mira que cuando Elias profeta vio a Dios, no le apareció en el fuego que pasó x
entonces primero delante, ni en el torbellino, sino en un sonido delgado del aire sutil . /
Así que no puede el hombre gozar de Dios en medio de las tentaciones y de los bullicios de j cosas del mundo que andan en el alma, pero después de la tempestad del demonio, si
tuvieres perseverancia, luego se seguirá un frescor de un aire delgado de verdadera
consolación espiritual que Dios envía, y cuando este airecico corriere así blandamente, abre
los ojos del corazón y aprovéchate de él y serás Israel, que quiere decir el que ve a Dios^
dirás entonces le que dijo Israel: ""Ya he visto al Señor, y con esto queda salva mi alma""
Verás también al mismo Dios, que dijo que no se dejaría ver de quien fuese carne295.
Escudríñate, pues, y examínate bien. Si eres carne, no verás al Señor; y no viéndole, \
no se salvará tu alma. Por eso procura ser espíritu.
Capítulo VII. De las partes del hombre, conviene a saber: espíritu, alma y carne.
Bastaba y aun sobraba296 lo que hemos dicho para cuanto toca a tener el hombre
noticias de sus contrarias aficiones; mas porque aun mejor puedas examinarte y conocerte a ti mismo, quiero poner aquí brevemente la división que un doctor llamado Orígenes hace del hombre.
Dice él, siguiendo a san Pablo, que en el hombre hay tres partes, que son espíritu, alma y carne297. Estas tres juntó muy bien el Apóstol en la epístola que escribió a los de
Tesalónica, cuando dijo: ""Este nuestro Dios de paz, os haga santos en todo, de manera que vuestro cuerpo, y alma, y espíritu enteramente se conserven con perseverancia en el bien, IuxU que venga el en Hue hab¿is de ser í112^05 de nuestro Señor Jesucristo298. I$a
también dejando la más Ma P**® de estas tres, que es la carne, hizo mención de las oti
dc\s diciendo: ""Mi alma, Señor, te ha deseado de noche"", que quiere decir en tiempo adversidades, ""y con mi espíritu en mis entrañas velaré a ti de mañana""299, conviene a sabejí
me ocuparé en darte gracias por las mercedes que me haces. Item, el profeta Daniel hace
esta misma diferencia entre alma y espíritu, diciendo: ""Load al Señor los espíritus y almas
de los justos""300.
De las cuales autoridades quiere probar Orígenes las tres partes del hombre, conviene '• a saber: cuerpo o carne, que es la parte más vil que hay en nosotros/ donde por culpa de
nuestros padres aquella antigua serpiente imprimió la ley del pecado, por la cual somos convocados a los vicios y nos ayuntamos al diablo, si de ellos somos vencidos. La otra es espíritu; por esta parte somos como una muestra por donde damos a entender que fuimos criados a semejanza de Dios, y que somos como imagen de su naturaleza divina. Y en esta pane nuestra, que es en nuestro espíritu, fue donde aquel muy perfecto hacedor de todas ¡as cosas imprimió con su dedo, que es su espíritu, una ley eterna mediante la cual siempre nos inclinamos a lo bueno y honesto, la cual fue sacada del dechado y original de su divino entendimiento.
Esta parte, finalmente, es de tan alto quilate, que mediante ella nos ayuntamos con Dios y nos hacemos una misma cosa con Él. La tercera parte que hay en nosotros, la puso
Dios como en medio de estas otras dos ya dichas, y ésta es el alma, a cuyo cargo están los sentidos y movimientos naturales.
Esta alma, como quien está en una ciudad donde hay bandos diversos, no puede sino allegarse a uno de ellos; porque por una parte y por la otra es continuo requerida que sea de su parcialidad. Y si, con la libertad que tiene de inclinarse a la parte que más quisiere, acordare, desechando a la carne, de atenerse al bando del espíritu, se hará también ella espiritual; pero si no quisiere sino derribarse y abatirse a los deleites de la carne, se quedará perdida, su nobleza abastardada301, y toda hecha carne como el mismo cuerpo.
Esto es lo que sentía el Apóstol escribiendo así a los de Corinto: ¿No sabéis que el que se llega a la mala mujer se hace un mismo cuerpo con ella, y el que se llega a Dios es un mismo espíritu con El? . Llama él allí mala mujer para nuestro propósito a esta parte flaca y deleznable del hombre, qué es la carne. Esta es aquella mujer deshonesta en sus requiebros, halagüeña, de quien Salomón dice: Guárdate de la mujer que no es tuya, y de la extraña que finge amorosas y blandas palabras y desamparó a su primer marido, guiador de su juventud, y olvidó la ley de su Dios. Mira que su casa está para caer y su camino va a dar en la muerte; todos los que se allegan a ella son perdidos, y van descaminados del camino de la vida303.
Dijo más el mismo sabio: Mis consejos te guardarán de la mala mujer y de su lengua lisonjera. No codicie tu corazón su hermosura, ni te engañen las señas que te hiciere. Esta
tal, por mantener con tu hacienda su cuerpo, no mereciendo aún que se le de un pan, destruye con su maldad tu alma304. ¿Has mirado bien cómo haciendo mención de la mujer
y del corazón y del alma, nombra por sus propios nombres a las tres partes del hombre que hemos dicho? Dice después de esto el mismo sabio: La mujer loca y vocinglera305 llena
de ronces306 y vacía de saber, siéntase en una silla a la puerta de su casa, en lo más alto de la
ciudad, para llamar a los que pasan por la calle y detéñer a los que van de camino, diciendo: ""El que sabe poco véngase a mi"". Y a los que siente que son locos, les dice que lo que se bebe a hurto aquello es más dulce, y el manjar que se come a escondidas, es el sabroso, y no miran que ni hay nada escondido para Dios, que lo ve y lo ha de juzgar, ni para los demonios, que están allí entonces convidando al mal, y estarán después presentes para acusarlo y para llevar consigo al infierno los convidados de esta tal mujer, donde descenderán todos los que a ella se llegarán, y quien de ella se apartare quedará en salvo307.
Dime tu ahora, si bien has notado lo que hasta aquí el sabio ha dicho, ¿con qué colores más perfectamente se pudieran pintar ni contrahacer más al propio los halagos y blanduras de esta carne ponzoñosa que continuo codicia308 nuestra alma a los vicios, ni su
importunidad con que siempre contradice al espíritu, ni su malaventurado fin cuando del todo nos vence?
Así que podemos sacar de todo lo dicho en este capítulo, que el espíritu nos hace divinos; la carne, bestias; el alma, tomando solamente la parte que nos anima, como hemos visto, ésta nos hace hombres. Item: el espíritu nos hace buenos; la carne, malos; el alma, ni buenos ni malos. Porque el espíritu quiere cosas celestiales; la carne, sólo las que son sabrosas; el alma, las que son para pasar la vida.
Así que el espíritu nos levanta al cielo; la carne nos derriba a la tierra; al alma "", ni lo uno ni lo otro se le pone a cuenta. Todo lo carnal es torpe. Todo lo espiritual es perfecto. Lo animal, que es lo que toca al alma, según que es cosa apartada del espíritu, como hemos visto, esto tal es medio o indiferente, como por los ejemplos puestos parece.
¿Quieres que más palpablemente y como con el dedo te muestre la diferencia que hay entre estas tres partes? Probémoslo ahora así. Tú, naturalmente, tienes reverencia a tus padies, amas a tus hermanos, amas a tus hijos y quieres bien a tus amigos. Hacer esto no es tanta virtud cuanto sería maldad no hacerlo. ¿Mas qué mucho es ahora que hagas tú, siendo cristiano, lo que por instinto de naturaleza los gentiles hacen, y aun también las bestias? Lo que es natural no se cuenta por mérito.
Mas demos ahora, caso que hayas venido por ventura a tal punto, que o has de menospreciar el amor que como hijo tienes a tus padres y aun vencer también el que como padre tienes a tus hijos y olvidar la benevolencia que debes a tus amigos, o si no, has de ofender a Dios. Te pregunto: ¿qué harás en tal caso? Tu alma está puesta entre dos caminos: la carne la requiere e importuna a que siga el uno, y el espíritu a que no siga sino ''Wn
I el otro, Dice el espíritu: ""Mira que Dios es mejor que tu padre, porque al padre solamentéM
| le debw d cuerpo, mas a Dios solo lo debes todo” .
1 a carne, por el contrario, te anda diciendo: ""Mira, si desobedeces a tu padre, que deshrivdará, y todo el mundo te tendrá por malo; recia cosa es que seas tan cruefy® desamorado para con tus hijos; mira también lo que cumple a tu hacienda; vuelve por tu® honra, ten cuidado de tu fama, que por ventura no mira ahora tanto Dios en esto, o si 1ów| mira lo deja pasar y ¡o disimula, y en fin Dios perdona, que es misericordioso"", Co'irlp;
aquel Lis primeras amonestaciones del espíritu, y por otra parte con estas otras alcagüeterías ÍÉ? de la carne y de la sangre y del mundo, está el alma en duda y no sabe que decisión tomar;
A cualquiera de las partes que se determinare, en aquello se volverá. Quiero decir que tal í será, cual fuere aquello a donde se llegare. Si despreciando el espíritu obedeciere a la mala t mujer, que es la carne, se hara un cuerpo con ella; y si menospreciada la carne, se quiere levantar a la parte del espíritu, tomará en sí nueva forma, transfigurándose en el mismo M espíritu311 312,
De esta manera debes con aviso y diligencia acostumbrar a examinarte en todas las
cosas, porque en esto también hay un muy gran error entre los hombres, que muchas veces tienen por perfecta virtud y santidad lo que es inclinación y propia obra de naturaleza. Y aun otras veces, que es peor, a los que no están sobre aviso les engañan unas afecciones313 que tienen apariencia de honestas por fuera, y, bien mirado, son vicios encubiertos con máscaras de virtud.
Pongamos por caso que da un juez sentencia de muerte contra un malhechor. Le parece a él que en esto hace oficio de juez derecho e incorrupto. ¿Quieres probar si es así? Mira si esto lo hace por contentarse a sí mismo y satisfacer a su inclinación natural, que de suyo es hombre riguroso, y no tiene algún dolor en su ánimo por haber de dar tal sentencia, antes por ventura recibe un poco de placer. Este tal, puesto que aquí no tuerza poco ni mucho de la justicia ni de lo que debe a buen juez, mas no por eso debe de estar muy ufano, pues en esta obra que hace no hay virtud, sino es medio, porque en hacerla siguió su apetito natural, que es el medio entre obra mala y obra acepta a Dios. Mas si este juez se quiere aprovechar de la ley, ejercitándola por vengar su propia enemistad, o por alguna codicia o interés, aunque la sentencia sea justa, ya la obra que hace es carnal y viciosa, como de hombre tan apasionado, y, cuanto a Dios, comete homicidio.
Pero si de la tal consideración recibe gran dolor en su alma, viendo que le es forzado matar a quien quiera mas enmendar y dejarle vivo; y puesto que aquél merezca tal pena, pero el se la da con tanto sentimiento de su ánimo cuanto tendría un padre cuando a un hijo muy amado que está enfermo le manda cortar un miembro, porque no puede ser menos, o cauterizarle con fuego; en tal caso como éste, ya lo que el tal juez hace será muy santo, justo y espiritual, guiado por el espíritu.
Hay asimismo muchos que por inclinación natural o propiedad de su condición se gozan con algunas cosas o son muy ajenos de otras, como se hallarán algunos que ninguna tentación de la carne sientan. Nojtomen, pues, estos tales presunción luego consigo,
poniendo a cuenta de virtud lo que no es virtud ni vicio; que la virtud comúnmente más está en vencer la lujuria que en carecer de ella. Hay otros que se huelgan mucho» por esta vía, de ayunar; otros, de oír misas y de estar muy continuo en la iglesia; otros, de ser muy grandes rezadores de sola boca. Examinen, pues, lo que hacen por la regla que hemos dicho. Si por ventura tienen ojo a algún interés, o a ser tenidos por buenos, o a otro respeto semejante, a carne saben estas obras, no a espíritu. Si solamente lo hacen por su inclinación natural, que se huelgan en aquello, tomándolo como otros toman otros pasatiempos, y así dicen que se consuelan, no habiendo más que esto no tienen de qué estar muy ufanos, antes tienen de que temer.
¿Quieres ver el peligro de los que así se ejercitan sin otro fundamento de espíritu? Este es: que si estás rezando, luego juzgas por malo al que no reza. Si ayunas, condenas al prójimo porque come314. A cualquiera en fin que no hace lo que tú, le tienes por peor que
tú, y a ti por mejor que a él. Así que, de esta manera, guárdate no sea carnal tu ayuno y todo lo que haces. Sabes también que tienes tu prójimo gran necesidad de tu ayuda, y tu entretanto, disimulando su miseria y pobreza, te estás rezando, y no curas de proveerle por no estorbarte de acabar tus devociones; por cierto yo no pienso que son muy aceptxs a Dios tales oraciones que impiden la caridad con el prójimo, ni yo sé como piensas tú que la gran majestad de Dios ha de tener por bien de inclinarse a oírte a ti y condescender a lo que tú quieres, pues que tú, siendo un hombre, te desdeñas de oír a otro que es también hombre como tú, y no haces caso de lo que se te pide.
Oye otro ejemplo para lo que arriba decimos: Amas a tu mujer, pero no por más de porque es mujer. No haces por eso mucho, pues lo mismo se hacen los gentiles y los que no tienen ley. Mas por ventura no la amas sino porque te huelgas con ella, y bien mirado no la quieres sino para solo este fin. Ya tu amor tira a la carne y no es limpio. Pero si tu principalmente la amas porque consideres315 en ella la imagen de Jesucristo, conviene a
saber: virtud, bondad, santidad, honestidad, templanza y caridad, o por mejor atraerla a esto con amor, de esa manera ya no la amas a ella en sí misma, sino a Jesucristo, o por amor suyo, o no amas ya sino a Jesucristo que mora en ella, y en tal caso tu amor sera espiritual. Mas de esta materia hablaremos más largo adelante en su lugar.
Capítulo Vm. Reglas generales del verdadero cristianismo.
Ya, pues, hasta aquí hemos abierto en alguna manera el camino para lo que tenemos intención de tratar, y hemos asimismo ayuntado gran copia de materiales en general, es razón que nos demos prisa por venir a lo que queda. Porque de otra manera crecería tanto el volumen, que ya no sería Enchiridion ni cosa manual. Y así como los que se ejercitan en la lucha tienen ciertas mañas para no caer, y aprenden sus ardides y zancadillas para derribar, así ahora ya daremos también aquí los avisos necesarios para esta nuestra lucha, poniendo unas reglas que sean como las cuerdas que dicen haber inventado un maestro Dédalo, para que el que entraba en aquel temeroso laberinto, donde tantos hastgS
enisK^ v* se habían perdido, pudiese escapar sin perecer no desasiéndose de aquellas.
\ 'ue sea, pues, nuestra vida en este mundo como quien entra en un laberinto, y gi'ijffiF
así h'ujvi en su entrada, y en su salida, y en el proceso de toda ella, grandes peligros, bien loW saben y lo ven todos, aunque el remedio para salvarse lo buscan los menos. Y de aquí ¿ W pehUisc tantos que con tanta soltura andan por él, y aun con deseo que nunca jamás se^tíS acabase de andar. Pero así como se les figura a éstos que nunca han de hallar cabo a las tinieblas por donde andan de tan buena gana, así la muerte les halla el cabo cuando estánáW su parecer más engolfados y menos cerca de dar en ella. Digo, pues, que para este laberinto serán bastantes estas reglas para que, ateniéndote tú a ellas, no desatines, y no soltándolas de las manos, no errarás el camino, antes con ellas lo podrás llevar seguro por toda, la
oscuridad y espesura peligrosa de este mundo, hasta salir a la luz y llegar a lo cierto de laW vida espiritual.
Vemos que no hay ciencia ni arte que no tenga sus reglas y doctrinas para enseñarse y darse a entender. Pues ¿por qué no nos ayudaremos también de algunos preceptos para que la forma de nuestro vivir sea perfecta y bienaventurada acá en la tierra? Pues no menos es arte por sí saberse el hombre regir en todo conforme a virtud; y aun este arte no lo alcanza v’ quienquiera, pero a los que se ejercitan en ella con toda diligencia, los ayuda con su favor el Espíritu Santo, que suele siempre dar la mano a quien hace lo que es en sí. Mas los que no tienen cuidado de aprender esto en que tanto nos va, antes le dicen a Dios: ""Apártate de nosotros, que no queremos saber tus caminos""516, a estos tales desechará y apartará de sí la
misericordia divina, así como ellos desecharon su ciencia.
Y se tendrá tal forma en la invención de estas reglas: unas de ellas se ordenarán
teniendo respeto a Dios y al demonio y a nosotros; otras se sacarán de las mismas cosas que tratamos, que son virtudes y vicios con sus anexos que tocan a este propósito; otras
también se colegirán de la diversidad que hay de aparejos y ocasiones para ejercitamos o en virtud o en vicios.
Podrán mucho aprovecharnos estos avisos, y principalmente contra tres males que heredamos de la culpa de nuestros primeros padres, porque puesto que ya el pecado original se haya lavado por el bautismo, pero siempre quedó*17 pegado algo de aquella vieja
dolencia; y esto se reservó en nosotros así para conservación de la humanidad como para materia de virtud, y para que habiendo qué vencer no nos faltase en qué merecer. Estos tres males que digo que nos quedaron, son ceguedad, carne y flaqueza.
La ceguedad, que es una niebla de ignorancia, oscurece el juicio de la razón, y ésta nació primeramente porque aquella claridad purísima del divino rostro, como la llama el profeta518, que nos había Dios participado, se anubló en parte por el pecado de los
primeros padres, y después han de nuestra parte sobrevenido nuestra corrupta crianza, malas y dañadas conversaciones, perversas aficiones, tinieblas de vicios y costumbre de pecar, y han cubierto de orín en tanta manera aquel nuestro prtnvr lustre, que apenas se parecen ya las señales de aquella ley de Dios que por su mano se había esculpido en
nosotros. Así que, como antes decía, la ceguedad hace que en el escoger de las cosas \ z f/\
desatinemos y, como quien anda a oscuras, sigamos lo malo teniéndolo por muy bueno y ) tengamos en más lo que menos hace a nuestro caso.
La carne, que es el segundo mal, despierta nuestra afección5”, y la importuna a que
puesto que entendemos cual es lo bueno, pero amemos lo contrario. La flaqueza y poco esfuerzo, que es el otro mal, hace que la virtucTque ya una vez hemos escogido, habiéndonos comenzado a ejercitar con ella, o por parecemos cosa pesada lo olvidemos, o vencidos de alguna tentación la desamparemos. La ceguedad empece a la discreción del entendimiento; la carne estira la voluntad; la flaqueza hace desmayar a la constancia, donde son siempre menester fuerzas para perseverar en el bien.
Lo primero, pues, que debemos hacer es conocer cuales cosas se deben seguir y cuales; \
huir; y para esto se ha de quitar la ceguedad, como veremos, porque en el escoger de ellas
no andemos a tiento.
Lo segundo es que lo que ya una vez conocieres que es malo, siempre lo aborrezcas; y | conocido el bien, lo ames. Y para esto se ha de vencer la carne porque no haga que contra | z
el juicio de ia razón amemos las cosas que son sabrosas para ella, como si fuesen saludables
para nosotros.
Lo tercero es que en el bien que comenzares, perseveres. Y para esto se ha de esforzara .^\ la enfermedad y flaqueza, porque no nos acaezca desamparar el camino de la virtud que/ '' hubiéramos tomado, lo cual seria cosa más torpe que si nunca por él hubiéramos entrado.
Así que la ceguedad o ignorancia se debe curar, porque veas por donde has de ir. La carne se ha de domar, porque no te saque de la carrera que ya tienes sabida y que te lleve descaminado por donde ella quería520. Y la flaqueza se ha de esforzar porque si has
comenzado a tomar el camino estrecho de la virtud, ni estés dudando de pasar adelante, ni te pares ni tuerzas la vía, ni habiendo echado una vez mano al arado vuelvas atrás521. Mas
antes con animosidad de gigante, y sobrepujando por la gracia tus fuerzas humanas te dispongas alegremente a pasar la carrera de esta vida cristiana; y olvidando lo que has andado y dejándolo atrás522, te esfuerces siempre a tomar nuevo aliento para pasar adelante,
teniendo ojo a lo más perfecto a que Dios nos convida525, hasta que alcances la joya y goces
de la corona que está prometida a los que perseveraren524.
Así que para remedio de estos tres males serán apropiadas las reglas siguientes, aplicándolas a cada uno lo mejor que pudiéremos.REGLA PRIMERA
Contra el mal de la ignorancia
Porque la fe es única y singular puerta, y no hay otra para entrar a Cristo, convienJW que la primera regla sea amonestarte que sientas muy bien y tengas en mucho y creas^ perfectamente todo lo que de Él en las Santas Escrituras, ordenadas por su espíritu, seW escribe, conforme a lo que la Iglesia católica de Él enseña. Y este creer ha de ser, nog^ solamente por la boca, no fríamente, no así medio entre sueños, no con duda, como alguna in­ gente vulgar de los malos cristianos lo hace, mas cumple que en todo tu corazón tengas#? esto arraigado y firmemente asentado: que ni una letrica en todas ellas se contiene que rio,® pertenezca en gran manera para tu salvación. No te mueva nadie de esto ni vengas a dudar W de ello porque ves por ventura que gran parte de los hombres viven de tal manera y con tal> descuido como si el paraíso y el infierno fuesen hablillas de viejas. Y como si lo uno fuese t un espantajo para asombrar los niños, y lo otro una manera de halago para atraerlos.
Pero tú cree firmemente y ten por cierto lo que verás325, aunque ahora se tarde, y^'
aunque cuantos en el mundo viven se tornen locos y se trastornen los elementos y los*?
ángeles faltasen, pero la verdad no puede mentir ni puede dejar de venir lo que Dios en susS. Escrituras ha prometido que se vendrá326. Si crees que hay Dios, de necesario has de creer^j.
que es verdadero. Pues ten esto por cierto: que ninguna cosa de cuantas ves por los ojos y
oyes por las orejas327 y traes entre las manos, puede ser ni es tan verdadera ni tan cierta, ni
en que menos se deba dudar, que en lo que lees en aquellas letras sagradas, inspiradas por la divinidad celestial, que es la misma verdad, publicadas por los santos profetas, aprobadas y* testificadas con la sangre de tantos mártires, afirmadas y consentidas de tantos siglos acá 4 por muchos santos y perfectísimos varones, y enseñadas sobre todo por el mismo Jesucristo en persona, Dios y Señor nuestro, que con sus palabras las mostró y con sus
Dan de ellas testimonio los milagros; las confiesan aun los demonios, y en tal manera
las creen, que también las temen y tiemblan de ellas321; y son finalmente de tanta ’T
excelencia, que ninguna cosa hay más apropiada ni conforme a la igualdad del derecho y
ley natural, y así todas entre sí se conciertan y están acordadas con una tal orden y
armonía, que roban los corazones de los que en ellas están atentos y los mueven y ponen' '
en ellos nueva forma.
Si todas estas pruebas y señales concurren en solas las Escrituras divinas, ¿qué malaventurada locura es dudar nadie en la fe? Cuanto más, que aun de las cosas pasadas pueden conjeturar las que están por venir. Mira cuántas y cuán difíciles cosas de creer profetizaron de Cristo los profetas, porque muéstrame algo que no haya sucedido como
ellos lo dijeron. Pues que329 hasta ahora en ninguna de éstas nos ha burlado, ¿piensas que
faltará en las otras que restan por cumplir? No nos han mentido los profetas, ¿y piensa nadie que nos ha de mentir Jesucristo, Señor de todos los profetas?
Y no pienses que llamo ahora yo aquí dudar en la fe solamente tener una tentación o escrúpulo, que pone a veces en el alma el demonio para desasosegar o atribuir también al bueno, sino vivir, como decía antes, de tal manera, que casi, casi no creemos que va mucho en cumplir del todo lo que Dios nos demanda330.
Pues si con estas consideraciones pasadas, y otros semejantes pensamientos humildes, una y otra vez avivares el fuego de la fe, y demás de esto, si con todo ardor y deseo rogares al Señor te acreciente la fe, como sus apóstoles se lo rogaron, yo me espantaría si mucho tiempo durases en ser malo. ¿Qué hombre hay tan malvado que no huya de los vicios y salga de ellos más que de paso si solamente creyere muy de veras que con estos deleites del siglo, que en tan brevísimo tiempo pasan, se compran penas que para siempre duran, y aun esto allende del tormento que continuamente se tiene consigo la mala conciencia, y si
cree
pocos días que en esta vida sufrieren, se les ha de dar ciento doblado: aquí el gozo de la pura y limpia conciencia, y después en el cielo la vida inmortal y eterna?
REGLA SEGUNDA
Que para seguir el camino de Jesucristo no ha de haber dilación ni excusa.
Así que lo primero es, como hemos dicho, que ninguna duda tengas de lo que Dios por sus Escrituras ha prometido. Lo segundo ahora sea, que el camino de la salud no le tomes con tibieza, ni le sigas de mala gana ni con temor, sino con muy firme y determinado propósito, con todo corazón y con ánimo muy confiado y armado, estando aparejado a sufrir cualquier pérdida y daño de la hacienda, y aun de la vida, por Jesucristo. No seas el perezoso de quien dice el sabio que justamente quiere y no quiere y que todo se le pasa en deseos332; le parece, por una parte, que querría ser bueno; por otra, le hace mal
poner mano en la labor. Pues créeme que el reino de los cielos no se gana durmiendo, antes quiere y huelga que se le haga fuerza333, y los tales que así lo hacen roban el reino de Dios.
Y pues comienzas a seguir a Dios como buen cristiano, mira no te detenga la afección de las cosas que amas, aunque sean los hijos, no te retraigan los halagos del mundo, ni te ocupen ni retarden los cuidados de tu casa y hacienda. Razón es que se quiebre la cadena de los negocios del siglo, ya que nunca se acaba de desatar. Tan de raíz se ha de dejar Egipto, que nunca, ni aun con el pensamiento, tomes, como algunos del pueblo de Israel, a"
Yandel,Encantadora,7LABrQFfRYcZUqUwng0Heb,"Na, na, naeh (Woh, oh)
Na, na, naoh (Woh, oh)
Na, na, naeh
Na, na, naeh, eh-eh (Eh)

Ella tiene algo que me atrapa
Se me hace muy fácil extrañarla (Oh)
Yo que no creo en el amor
En su juego redondito caí, y me enamoré

Ignora (Oh)
Sin tocarla me acalora
La veo bailar, no la dejo sola, sola
Quiero hacerla mi señora
Ella es encantadora y cazadora (Oh-oh)
Sin tocarla me acalora
La veo bailar, no la dejo sola, sola
Quiero hacerla mi señora
Ella es encantadora y cazadora (Woh, oh, oh, oh)

Na, na, naeh
Na, na, naoh
Na, na, naeh (Woh, oh, oh, oh, oh)
Na, na, naeh, eh-eh (Woh, oh, oh, oh, oh; mi amada; jajaja; woh, oh, oh, oh, oh)

Baby, tú tienes algo, algo muy diferente
Déjame conocerte a fondo, más íntimamente (Eh)
Porque es que cuando tú te mueves sexy, mami (Ouh, woh)
Me provocas y me entran más ganas a mí (Yey, yeh-eh)
De jalarte por el pelo, y besarte por el cuello
Ay, bebé, no tengas miedo, quítate la ropa (Oh)
Hazlo paso por paso y bésame la boca
Vamos a disfrutar de este momento (Eh)

Porque nadie no' está viendo aquí
Estamos solitos aquí
Déjame sentir todo tu cuerpo
Porque nadie no' está viendo aquí
Estamos solitos aquí
Déjame sentir todo tu cuerpo
Na, naeh

Na, na, naeh
Na, na, naoh
Na, na, naeh
Na, na, naeh, eh-eh (Eh)

Ignora (Oh)
Sin tocarla me acalora
La veo bailar, no la dejo sola, sola
Quiero hacerla mi señora
Ella es encantadora y cazadora
Sin tocarla me acalora
La veo bailar, no la dejo sola, sola
Quiero hacerla mi señora
Ella es encantadora y cazadora

Na, na, naeh
Na, na, naoh
Na, na, naeh
Na, na, naeh, eh-eh (Eh)

Cerquita de mí, tan sola, baby
Vamos a pasarla como se debe
En cambio yo aquí, pendiente de ti
Buscando una manera pa' que aquí se quede

No la dejo sola
Las horas me roba y la dejo
Ya veo en sus ojos el deseo
No se va a arruinar el momento (No, oh)
Y es que me mata pensarte
Ignorarte un rato y luego buscarte (Oh)
Quiero amanecerme esta noche, eah
No sabes cómo quiero a usted verla

Cerquita de mí, tan sola, baby
Vamos a pasarla como se debe
En cambio yo aquí pendiente de ti (Oh, oh, oh)
Buscando una manera pa' que aquí se quede (Eh)

Ignora
Sin tocarla me acalora
La veo bailar, no la dejo sola, sola
Quiero hacerla mi señora
Ella es, encantadora y cazadora
Sin tocarla me acalora
La veo bailar, no la dejo sola, sola
Quiero hacerla mi señora
Ella es encantadora y cazadora

Na, na, naeh
Na, na, naoh
Na, na, naeh
Na, na, naeh, eh-eh

Dangerous"
Bad Bunny,Otra Noche en Miami,4vCAzANUWDE24URV6wQ4ra,"Yeh, yeh

Diez en punto de la noche y salgo como de costumbre
Prendas en diamantes que cieguen cuando me alumbre
Me diferencio de la muchedumbre
A mi estilo puede que no te acostumbre'
No sé si irme en el Mercedes o en el Maserati
Modelos extranjeras que me dicen ""Papi""
Están tirando al cel, ya me quieren ver (Ah)
Seguramente, ya están locas por coger
Pero soy yo quien les llevo la champaña
Si no es con Moët, la rubia no se baña
Me voy de viaje y a las dos hora' me extraña
O mejor dicho, el dinero que me acompaña
Soy todo un Fazza en la ciudad del sol
No voy a tiendas, pues yo soy dueño del mall
Soy Cristiano después de meter un gol
Tengo a francesas hablándome en español
Y siempre mucho Gucci, mucho Ferra', Louis Vuitton
Yo no uso Retro, pero tengo to'a la colección
Pa'l Khalifa Kush tengo la conexión
Pa'l avenue Miami Beach e' mi dirección (Ah)
Todo es superficial, nada real
Nada raro que el dinero no pueda comprar
Penthouse con vista al mar
Es lo único que tengo pa' poder pasar

Otra noche en Miami (Yeh)
Otra noche en Miami
Otra noche en Miami
Otra noche en Miami
Otra noche sin ti
Otra noche sin ti

Supuestamente, ya yo te olvidé
Pero son las 11:34 y de ti me acordé (Yeh)
No te veo desde que me mudé
Pero soñé contigo anoche y te saludé
Tratando de sellar las cicatrices
He estado con modelo' y con actrices
Seguramente, yo nunca las quise
Seguramente, no sé ni por qué lo hice
Y en el garage está el Bentley que tanto querías
Me monto pa' fumar, imaginando que lo guías
Ya me cansan los threesome' y las orgías
Ya me cansa que mi vida siga vacía
Y recuerdo que me lo decías
Que si no cambiaba, te perdía
Como quisiera volver a esos días
Ahora que soy rico, no tengo lo que tenía
Pues mi Rolex no brilla igual que tu sonrisa
Y con estas putas no me gusta compartir la frisa
Si piensas volver, me avisa'
Mientras yo sigo solo

Otra noche en Miami (Yeh)
Otra noche en Miami
Otra noche en Miami
Otra noche en Miami
Otra noche sin ti
Otra noche sin ti
Otra noche sin ti (Otra noche sin ti)
Otra noche sin ti (Otra noche sin ti, yeh)"
"Bad Bunny, Bomba Estéreo",Ojitos Lindos,3k3NWokhRRkEPhCzPmV8TW,"Hace mucho tiempo le hago caso al corazón
Y pasan los día', los mese’ pensando en tu olor (En tu olor, en tu olor)
Ha llegado el tiempo para usar la razón
Ante' que sea tarde y sin querer me parta en do' (Parta en do’)

Ante' de que salga el sol, hunde el acelerador
Aunque vaya sin freno' y pierda el control
Nada má' seremos do', tú y yo acariciándono'
En medio del tiempo, sin decir adió'

Y solo mírame (Mírame) con esos ojito' lindo’ (Lindo’)
Que con еso yo estoy bien (-toy bien), hoy hе vuelto a nacer (Nacer)

Hace tiempo (Tiempo) que no agarro a nadie de la mano (Mano)
Hace tiempo (Tiempo) que no envío ""Buenos días, te amo"" (Te amo)
Pero, tú me tiene' enreda’o (Enreda'o), me envolví (Envolví)
Iba por mi camino y me perdí (Ey, ey)
Mi mirada cambió cuando tus ojos vi (Tus ojos vi)
Bye-bye a los culo', ni me despedí
Yo no te busqué (-qué), no (No), chocamo' en el trayecto
Con tu alma es la que yo conecto (-necto)
Tranquila, no tiene que ser perfecto, no
Aquí no existe el pecado (-cado) y equivocarse es bonito
Los errore’ son placere' (-cere'), igual que to' tus besito'

Y solo mírame (Mírame) con esos ojito' lindo' (Lindo')
Que con eso yo estoy bien (-toy bien), hoy he vuelto a nacer (Nacer)
Y solo mírame (Mírame) con esos ojito' lindo' (Lindo')
Que con eso yo estoy bien (-toy bien), hoy he vuelto a nacer (Nacer)

Tú y yo, tú y yo, tú y yo
Tú y yo, tú y yo
Tú y yo, tú y yo, tú y yo
Tú y yo, tú y yo
Tú y yo, tú y yo
Tú y yo, tú y yo

Yo no me dejo llevar de nadie
Yo solo me dejo llevar de tu sonrisa (-risa)
Y del lunar cerquita de tu boca (Boca)
Si yo estoy loco, tú estás loquita (-quita)
Pero, baby, como tú no hay otra, no (No)
Quiero regalarte girasole' (-sole')
Ir pa' la playa y buscarte caracole'
Cuando estoy contigo, yo no miro el Role' (Role')
Vamo' a bailar doscientas cancione' (-cione')
Nadie me pone como tú me pone' (Pone')
Mm-mmm, mm-mmm-mmm-mmm
Mm-mmm, mm-mmm-mmm-mmm
Yo le hablo a Dio' y tú ere' su respuesta
Aprendí que los momento' lindo' nunca cuestan
Como cuando me regalas tu mirada
Y el sol su puesta, y el sol su puesta
Ey, ey, cuando estoy encima de ti, de ti
Mami, yo me olvido de to', de to'
No hace falta nadie aquí
Solamente tú y yo

Ante' de que salga el sol, hunde el acelerador
Aunque vaya sin freno' y pierda el control
Nada má' seremos do', tú y yo acariciándono'
En medio del tiempo, sin decir adió'

Y solo mírame (Mírame) con esos ojito' lindo' (Lindo')
Que con eso yo estoy bien (-toy bien), hoy he vuelto a nacer (Nacer)
Y solo mírame (Mírame) con esos ojito' lindo' (Lindo')
Que con eso yo estoy bien (-toy bien), hoy he vuelto a nacer (Nacer)"
"Callejero Fino, Martin Vegas",TIKI TIKI,7GSKEUunbDOtPSG1TLXq8e,"Hagan caso

Vega', ello' ya saben que yo entro loco
Las cheta' me piden foto y yo 'toy que floto
La compe está que llora y yo no compro
Que intenten, que los rompo

Ese culo hace ""takate"", y mis ñeri' son to's tiki-tiki-tiki-tiki
Tiki-tiki-tiki-tiki, tiki-tiki-tiki-tiki
Ese culo hace ""takate"", y mis ñeri' son to's
Tiki-tiki-tiki-tiki, tiki-tiki-tiki-tiki
Ese culo hace ""taka-taka-taka""

A ver
Ella agita la botella pa' que empiece a llover
Ello' mueren por pegarse y yo lo hice sin querer
Entro pa' la pista como pan de antes dе ayer
Suena RKT y yo la pongo a mover
Lе gusta el coqueteo y no aguantan el fronteo
Fronteo, fronteo, fronteo, fronteo
Con la gata coqueteo, en la pista bellaqueo
Fronteo, fronteo, fronteo, fronteo

Le gusta el coqueteo y no aguantan el tiki-tiki-tiki-tiki
Tiki-tiki-tiki-tiki, tiki-tiki-tiki-tiki-tiki
Ese culo hace ""takate"", y mis ñeri' son to's
Tiki-tiki-tiki-tiki, tiki-tiki-tiki-tiki
Ese culo hace ""taka-taka"" (Gato, ya perdiste)

Ando cazando por el área
Vo' seguí haciéndote el piola, te vamo' a hacé' una cesárea
Se hacen los chorro' y están re paria
Yo no me prendo un cogollo, yo me prendo una hectárea
Zumba, vo' sos más gato que Gumball
No me bajan ni con gualicho ni con macumba
Zumba, no se regalen, 'toy en punga
Tengo a mi compañero que me hace la segunda

Hagan caso
Pa' las rocha' beso', y pa' los gile' rafagazo'
Esto es RKT y se la llevaron a marzo, les doy un repaso
Yo no soy la chispa, mami, soy el corrientazo

Muévete, muéve-muévete, muévete, muéve-muévete
Dale para el piso, mueve el tajo, gata
Muévete, muéve-muévete, muévete, muéve-muévete
Dale para el piso, te machaco, gata

Ese culo hace ""takate"", y mis ñeri' son to's tiki-tiki-tiki-tiki
Tiki-tiki-tiki-tiki, tiki-tiki-tiki-tiki
Ese culo hace ""takate"", y mis ñeri' son to's
Tiki-tiki-tiki-tiki, tiki-tiki-tiki-tiki
Ese culo hace ""taka-a-a-a-a""

Gato, ya perdiste
Yo soy CF, mami
Con Martin Vegas en el beat
Si ya sabés cómo e'
723
Que esto es Argentina, turra
Hagan caso
Pa' las rocha' beso', y pa' los gile' rafagazo', turra"
No Te Va Gustar,Ese Maldito Momento,6MuJUSYCqA4FpMogUHzb2R,"La ruta semi vacía, como mi vida sin vos
Quién hubiera imaginado
Que llegaría el momento
Ese maldito momento de mirar para un costado

Y no verte en mis mañanas ni sonreír con tu voz
Es sentirme acorralado
Es por no haber apreciado
Y yo mismo haber tirado lo que la vida me dio

No sigo más, no tengo resto
Soy solo esto, barro nomás
No tengo nada, no lo merezco
Vos no me tengas piedad

¿Será solo mi torpeza, o será mi forma de andar?
No pude seguir tus pasos
Me fui cayendo a pedazos
Solo quedaron retazos y no los pude juntar

Si no estás en mis mañanas, si no me río con vos
Si me siento acorralado
Es por no haber apreciado
Y yo mismo haber tirado lo que la vida me dio

No sigo más, no tengo resto
Soy solo esto, barro nomás
No tengo nada, no lo merezco
Vos no me tengas piedad"
Angela Torres,FAVORITA,6EhX9FjpQZ5CohoGeqUM2u,"Oh, oh yeah, oh, mm
Tu vida voy a cambiar
Las veinticuatro horas pasar
Caíste en mi trampa mortal

Y yo sé que soy su favorita
Cancela sus planes que me necesita
Yo soy la oficial, no hay nadie que compita
Lo llevo hasta Venus, yo soy su Afrodita, yeah
Tu favorita
Cancela sus planes que me necesita
Yo soy la oficial, no hay nadie que compita
Lo llevo hasta Venus, yo soy su Afrodita, yeah

Esto se volvió algo inevitable para los dos
'Tamos conectando, hay algo entre tú y yo
Cuando tú quiera', no' vamo'
Y te saco de este plano

Baby boy, cuando nos cruzamos sube la presión
Piensa todo el día еn mí, soy su adicción
Siempre quierе verme, ya sabe quién soy

Tu favorita
Cancela sus planes que me necesita
Yo soy la oficial, no hay nadie que compita
Lo llevo hasta Venus, yo soy su Afrodita, yeah
Tu favorita
Cancela sus planes que me necesita
Yo soy la oficial, no hay nadie que compita
Lo llevo hasta Venus, yo soy su Afrodita, yeah

Esto se volvió algo inevitable para los dos
'Tamos conectando, hay algo entre tú y yo
Cuando tú quiera', no' vamo'
Y te saco de este plano

Baby boy, cuando nos cruzamos sube la presión
Piensa todo el día en mí, soy su adicción
Siempre quiere verme, ya sabe quién soy

Su favorita
Cancela sus planes que me necesita
Yo soy la oficial, no hay nadie que compita
Lo llevo hasta Venus, yo soy su Afrodita, yeah
Tu favorita
Cancela sus planes que me necesita
Yo soy la oficial, no hay nadie que compita
Lo llevo hasta Venus, yo soy su Afrodita, yeah

Yeah, yeah, yeah, yeah"
Kapo,UWAIE,0fMjldiEpgjbWQ4bBQwVzH,"(Yo, Gangsta) Bebé
Where you at?

Ay, me he inventado cosa' pa' llamar la atención de ti
Y no solo por lo hermosa, niña, tu brillo me tiene así
Siéntate y piensa en algo, y quiero ser ese algo
Ay, procuré seducirla mucho, hasta que se dio, y

Flaca, vos sos hermosa, y te merece' todo
Amarte es mi necesidad, mi necesidad
De ti me gustan cosa', la verdad, todo
Quitarte esa inseguridad e' mi necesidad

Es darte un par de besito'
Es bailar contigo un afrito
Es decir: ""Qué loquito me tiene'""
Es decir: ""¿A qué huele?""
Huele rico al bailar
Es perfecta al despertarse
Ay, procuré seducirla mucho, hasta que se dio

Ay, flaca, vos sos hermosa, y te merece' todo
Amarte es mi necesidad, mi necesidad
De ti me gustan cosa', la verdad, todo (La verdad todo)
Quitarte esa inseguridad e' mi necesidad
De verdad, ah

Ay, procuré seducirla mucho, hasta que se dio
Y si supiera todo lo que yo le recé a Dios
Pa' que tú estuviera' aquí
Ay, mi flaca hermosa, vo' so' otra cosa
Es el destino que no' tiene feliz
(Bebé, date una idea de que)

Flaca, vos sos hermosa, y te merece' todo
Ay, amarte es mi necesidad, mi necesidad
De ti me gustan cosa', la verdad, todo
(Bebé, date una idea de que)
Flaca, vos sos hermosa (Uwaie), y te merece' todo (Uwaie)
Ay, amarte es mi necesidad, mi necesidad
De ti me gustan cosa' (Uwaie), la verdad, todo (Uwaie)
(Uwaie)

(Yo, Gangsta)
(Ay, yo soy tu Kapo, baby)
(Bebé, yeah, yo)
La Industria Inc"
"Estelares, Jorge Serrano",Ella Dijo,6cFf4Jfy7ThUwGzbqFcZsx,"Y todo en un minuto
Yo estaba en la cocina
Me abrazo por la espalda
Y me dijo al oído
Que le encanta ir a la cama conmigo
Pero no quiere nada más
Encendí un cigarro
Y me miro a los ojos
Abroche su camisa
Y se cruzó de piernas
Y le encanta ir a la cama conmigo
Pero no quiere nada, nada más

Ella dijo
Y yo dije:
""No eres mi amor""
Ella dijo
Y yo dije:
""No eres mi amor""

Ya eran las doce
Debía irme de viaje
Que suerte con la gira
Que luego iba a llamarme
Porque le encanta ir a la cama conmigo
Pero no quiere nada más
Me dijo: ""Yo te quiero
Aquí esta mi cariño
Ahora no me atrevo
Es que ya no somos niños""
Aunque le encanta ir a la cama contigo
Pero no quiero nada, nada más

Ella dijo
Y yo dije:
""No eres mi amor""
Ella dijo
Y yo dije:
""No eres mi amor""

Durmiendo en su casa
Los jeanes en el suelo
Mientras me abrazaba
Me dijo sonriendo:
""Manuel, me encanta ir a la cama contigo
Pero no quiero nada, nada más""

Ella dijo
Y yo dije:
""No eres mi amor""
(Sé que me estás buscando)
Ella dijo
Y yo dije: (También sé que te quiero)
(Ahora no tengo tiempo)
""No eres mi amor"" (O quizás sea el miedo)
(Porque a mí también)
Ella dijo (Me encanta ir a la cama)
Y yo dije:
""No eres mi amor""
Ella dijo
Y yo dije:
""No eres mi amor""
(Sé que me estás buscando)
Y yo dije: (Ahora no tengo tiempo)
""No eres mi amor"" (O quizás sea el miedo)
(Porque a mí también)
Ella dijo (Me encanta ir a la cama)
Y yo dije:
""No eres mi amor"""
La T y La M,Un Montón de Estrellas - En Vivo Gran Rex,1R3ubqAHKHE6f64Hz37q8h,
Babasonicos,El Loco,2jEjxOyKqMpkcThWl697hf,"Soy víctima de un Dios
Frágil, temperamental
Que en vez de rezar por mí
Se fue a bailar
Se fue a la disco del lugar
Quiso mi disfraz
Vivir como un mortal
Como no logró matarme
Me regaló una visión particular

Volutas de humo titilo a su encuentro, oh-uh-oh
Siento el fulgor y quiero entrar

Soy víctima de un Dios
Díscolo y muy singular
Que a su antojo fiel
Me arrebató a mi mujer
Y la internó en un lupanar
Que él administró como chulo, gran señor
Y llegó hasta el fin de confundir su impunidad
Se creyó omnisciente

Volutas de humo titilo a su encuentro, oh-uh-oh
Siento el fulgor y quiero entrar

Lo regalado es mío y se acabó
No lo devuelvo
Lo regalado es mío y se acabó
No lo devuelvo
Lo regalado es mío y se acabó
No lo devuelvo

Soy víctima de un Dios
Frágil, temperamental
Que en vez de rezar por mí
Se fue a bailar
A la disco del lugar"
Andrés Calamaro,Flaca,1p7m9H4H8s0Y7SgRm7j3ED,"Flaca, no me claves
Tus puñales por la espalda
Tan profundo, no me duelen
No me hacen mal.
Lejos, en el centro de la Tierra
Las raíces del amor
Donde estaban, quedarán.

Entre el no me olvides me dejé nuestros abriles olvidados
En el fondo del placard del cuarto de invitados.
Eran tiempos dorados de un pasado mejor.
Aunque casi me equivoco y te digo poco a poco
No me mientas, no me digas la verdad
No te quedes callada
No levantes la voz, ni me pidas perdón
Aunque casi te confieso
Que también he sido un perro compañero
Un perro ideal que aprendió a ladrar
Y a volver al hogar
Para poder comer

Flaca, no me claves
Tus puñales por la espalda
Tan profundo, no me duelen
No me hacen mal
Lejos, en el centro de la Tierra
Las raíces del amor
Donde estaban, quedarán

Pa-pa-pap-pa-pa-pa-pap-pa-pa
Pa-pa-pap-pa-para-pa-pap-pa-pa
Pa-pa-pap-pa-pa-pa-pap-pa-pa
Pa-pa-pap-pa-para-pa-pap-pa-pa
Para-pa-pap-pa-pa-pa-pap-pa-pa"
Las Pelotas,Personalmente,7q7XFO9av9VpNJSXKJwJxD,"Deja que ruede
Como el aire entre las hojas
Todo es oro, todo es sal
Que llegará el día
Que no quemen sus recuerdos
Que se apagará el dolor

Personalmente creo
Que todo esto es una locura
Personalmente creo
Que todo esto es una locura

Cómo es la vida
Cuántas veces en el cielo
Cuántas en la oscuridad
Que sólo es el tiempo
El que llevará tú vida
A dónde quiere que estés

Personalmente creo
Que todo esto es una locura
Personalmente creo
Que todo esto es una locura


Deja, sigamos remontando vuelo
Deja, la luz siempre atraviesa el bosque
Después es solo un recuerdo
Después solo pasará


Deja que ruede
Llegará el día
La locura
La locura
La locura
La locura
La locura
La locura"
"Rauw Alejandro, Romeo Santos",Khé?,1YYfyJ2yCvGFCxwjsIqEK9,"Te escribí lo que sentía y lo borré
Te dije que no te amaba y lo arruiné
Sabiendo que
Cuando te ibas, solo quería besarte
Me acuerdo cuando de tu casa me fui
Dije que ""no"" queriendo decir que ""sí""
Pero sentí tu duda y me trajo la duda
Por eso estamos aquí

Me dices que pa' qué y yo te digo que
Si no somos nada, ¿entonces a qué
Estamos jugando? El tiempo volando
Y tú sin mí no sé si bien la estás pasando
Me dices que pa' qué y yo tе digo que
¿Pa' qué nos mentimos? Si en еl fondo se
Te nota tanto que te está matando
Decir que ahora sin mí mejor la estás pasando

Yo fronteando, me hice el fuerte y me apeché
Tú queriendo ser mi amiga y te besé
Sabes muy bien
Que no podemos controlar los sentimientos
Y llamo a otras pa' olvidarme de ti
Pero en mi mente yo te tengo en repeat
Más que una calentura, baby, tú disimulas
Por eso estamos aquí

Me dices que pa' qué y yo te digo que
Si no somos nada, ¿entonces a qué
Estamos jugando? El tiempo volando
Y tú sin mí no sé si bien la estás pasando
Me dices que pa' qué y yo te digo que
¿Pa' qué nos mentimos? Si en el fondo se
Te nota tanto que te está matando
Decir que ahora mejor sin mí la estás pasando

Rauw
¿Cómo se llama este juego que estamos jugando los dos?
Con la hipocresía que llevamos, la careta nos pueden creer
Tú supiste que te quiero (I do)
Yo te digo ""dame banda"", pero me quemo por dentro
Cuando estoy en romo feo
Yo te llamo y me quedo en mudez

Quédate
¿Pa' dónde tú va'? Ven, ¿pa' dónde tú va'?
Qué—ay, quédate
¿Pa' dónde tú va'?

Me dices que pa' qué y yo te digo que
¿Pa' qué nos mentimos? Si en el fondo se
Te nota tanto que te está matando
Decir que ahora mejor sin mí la estás pasando

Me dices que pa' qué
Y yo te digo que, y yo te digo que, ¿pa' qué?
Me dices que pa' qué
Y tú sin mí no sé si bien la estás pasando
Mami
Es Raúl Alejandro junto a The King Romeo, jaja (The biggest)
Y yo no sé lo que tú y yo tenemo', pero quiero que sepas que es especial

Te escribí lo que sentía y lo borré
Te dije que no te amaba y lo arruiné
Sabiendo que
(Cuando te ibas, solo quería besarte)"
Las Pelotas,Será,60IzIxSuVAtU71yCmHjxHH,"Yo no sé todavía
Lo que me hiciste sentir
Es como la fiebre cuando quema
Si la nube que arrastras
Llegara a un sitio final
¿Cuánto tiempo guardas un secreto?

Será por ti, será por mí
Será por todo lo que fuimos
Hasta el amanecer

Desde el monte te abrazo
Camino sin explorar
¿Calmará la lluvia este desierto?
Con el alma en las manos
Tratando de descubrir
¿Qué será de nuestro cuerpo alado?

Será por ti, será por mí
Será por todo lo que fuimos
Hasta el amanecer
Será por ti, será por mí
Será por todo lo que fuimos
Hasta el amanecer
Hasta el amanecer
Será por ti, será por mi
Será por todo lo que fuimos
Hasta el amanecer
Hasta el amanecer"
Mon Laferte,Tu Falta De Querer,4skuEIloXWuxxgekKupkEH,"Hoy volví
A dormir en nuestra cama y todo sigue igual
El aire y nuestros gatos, nada cambiará
Difícil olvidarte estando aquí (Oh, oh, oh)
Te quiero ver
Aún te amo y creo que hasta más que ayer
La hiedra venenosa no te deja ver
Me siento mutilada y tan pequeña (Oh, oh, oh)

Ven y cuéntame la verdad
Ten piedad
Y dime por qué
(No-oh, no-oh, no-oh, oh-oh)
¿Cómo fue que me dejaste de amar?
Yo aún podía soportar
Tu tanta falta de querer

Hace un mes
Solía escucharte y ser tu cómplice
Pensé que ya no había nadie más que tú
Yo fui tu amiga y fui tu compañera (Ah-ah-ah)
Ahora dormiré
Muy profundamente para olvidar
Quisiera hasta la muerte para no pensar
Me borro pa' quitarme esta amargura (Ah-ah-ah)

Ven y cuéntame la verdad
Ten piedad
Y dime por qué
(No-oh, no-oh, no-oh, oh-oh)
¿Cómo fue que me dejaste de amar?
Yo aún podía soportar
Tu tanta falta de querer


Ven y cuéntame la verdad
Ten piedad
Y dime por qué
(No-oh, no-oh, no-oh, oh-oh)
¿Cómo fue que me dejaste de amar?
Yo aún podía soportar
Tu tanta falta de querer"
Patricio Rey y sus Redonditos de Ricota,Esa Estrella Era Mi Lujo,1buwr89mlvxbaqArqmvCYS,"""¿Era todo?"", pregunté
Soy un iluso
No nos dimos nada más
Solo un buen gesto


Mordí el anzuelo una vez más
Siempre un iluso
Nuestra estrella se agotó
Y era mi lujo


Ella fue por esa vez mi héroe vivo
Bah, fue mi único héroe en este lío
La más linda del amor que un tonto ha visto soñar
Metió, metió mi rocanrol bajo este pulso"
"Yan Block, De La Rose, Hades66, Ñengo Flow",444 - Remix,5AK6QqM8aUXXTk6oY00ZRh,"Uh-uh-uh-uh-uh
Real G4 Life, baby
Baby (Jajaja)
Hasta que la muerte nos separe
Comiéndote, vivo deseándote
Panda Black on the beat

Aunque no esté' aquí y esté' allá
Mami, tú 'tás clara que siempre te vo'a clavar (Que siempre me va' a clavar)
Que esto nunca va a acabar, si yo siempre vo'a clavarte
Tú siempre va' a tenerme y yo siempre vo'a tenerte
Tú siempre va' a llamar y yo voy a responderte (Yeah; papi, papi)
(Tú siempre va' a llamar y yo voy a responderte)

Me enchulé de tus defecto' imperfectamente perfecto'
Le contesto en to' momento, monumento e' ese cuerpo, ma
¿Cuándo vamo' a verno'? Que el infierno está viniendo
Y me quiero morir viniéndome, ma, metiéndote, yeah
Tengo mari, pali y Xanny, mami, yo vivo en un party
Apúntame a la chola con mi pistola y dime ""papi""
Siempre oculto, illuminati, en la Ducati, yeah
Por Miami, yeah

Aunque no esté' aquí y esté' allá
Mami, tú 'tás clara que siempre te vo'a clavar
Que esto nunca va a acabar, sí, yo siempre vo'a clavarte (-te)
Tú siempre va' a tenerme y yo siempre vo'a tenerte (-te-te-te)
Tú siempre va' a llamar y yo voy a responderte (Voy a responderte, papi; yeah)

Yeah, ey
Tú anda' por el área, ¿quiere' que me escape? (-cape)
Voy pa' casa de una pana, ese e' el tape
Ese bicho a mí me tiene en un trance
Hasta en el servicarro la mamá' te la ganaste, yeah
Y esa pistola pónmela en la boca
Pa' venirme a chorro', tú sabe' que soy loca, eh (Loca)
Siempre me arreglo pa' que me dejes rota
Con tu baby te comparto, yo no salgo chota (Chota)
Esperando el replay, ponérselo encima, ey (Encima)
Aunque sea un mistake
Nos dejamo' llevar siempre por la adrenalina, ey (Ay)
Los video' one take (One take)
Quiero darle replay, quiero que se repita
Ah, ah-ah
Los video' en hidden, contenido pa' que no olvide'

Lo rico que yo te lo hacía, uh-uh-uh
Lo rico que yo te lo hacía, ah-ah-ah
Lo rico que te lo hacía
Esta e' De La, la que flota en el beat, baby
Uh-uh-uh-uh-uh

Be-Bebecita, yo te lo dije
Que yo siempre voy a ser el que te parte
Tengo Roleta y ella Cartier
Tú sabe' que soy el uno y soy aparte
Tú está' ricota, tú ere' arte
Te gustan los artista' y los gangsters

Tú está' ricota
Tú está' ricota, tú ere' arte
Te gustan los artista' y los gangsters

Tú no está' cuando quiero, e' cuando tú quiere'
Si el amor es de verdad, pues, ¿pa' qué me hiere'?
Te doy to' lo que pediste, ¿qué más tú quiere'?
Con to' y eso pienso tanto, baby, que hasta me conformo
Con que tú me mire' y me escuche'
Me transformo cuando entra y dejo que me use' (Oye)
Me trastorno cuando no te siento cerca mío (El 66, bebecita)
Encima mío, me da escalofrío' (Ya no)

Quiero otras puta' (Ya no), pero pelea' con cojone'
Jode' con cojone' (Jode'), tú me cela' con cojone' (Jaja, ah)
¿No te cansas? Ya no entiendo las sonrisa', los momento'
Te estoy soñando despierto, sangra el corazón abierto
Bebé, yo soy tu nene (Sí), el que te cumple los placere'
Aunque me sobren las mujere', en cuatro te viene' bien rico (Rico)
Tú ere' mi Latto, tú ere' mi Kylie, bomboncito (Oye, mami)
Ese toto está bonito (Wuh-wuh), ese culo vale un kilito
Enchula'o de tus defecto' completamente perfecto'
Te lo meto en to' momento, tú te viene' en to' momento, ma (Oye)
Tengo las llave' de tu cuerpo, pero estoy perdiendo el tiempo
Ya no entiendo, ya no pienso (Brr), ma
Baby, si me extraña' yo te quiero de mentira'
Soy sincero, pa' chingar no tienes pero'
Mentirosa, bellaca, gata con celo'
Yo soy tu mejor polvo, bebé, y no fui el primero (Real G4 Life, baby)

Si me llamas e' pa' chingarno' hasta que amanezca
La forma en que mueve el culo hace que este bicho me crezca
Sus temblore' con los míos se conectan de forma directa (Jajaja)
Vo'a devorar tu cuerpo en cualquier parte del planeta
Es puro invierno, y yo quemándome en tu infierno
Y toa' las vece' que me llame' te lo vo'a seguir metiendo
Te gusta el maleanteo fino, muy pronto nos veremo' en el camino
Asesina, te gusta lo clandestino
Rifle y pistola pa' los gánstere', somos protegido' por los ángele'
Sé que te gusta el flow de to' estos gánstere'
Es que no pueden con la bestia porque ya la solté
Demonia, 'toy loco contigo desde que te encontré en high

Jajaja
Real G4 Life, baby
Lo rico que yo te lo hacía, uh-uh-uh
Lo rico que yo te lo hacía, ah-ah-ah (Jajaja)
Lo rico que te lo hacía (Hasta que la muerte nos separe)
Esta e' De La, la que flota en el beat, baby
Protegido por los ángeles to' el tiempo"
Romeo Santos,Imitadora,6r46lnXFbE9fr2d3KNaGbe,"Hey
Who are you?

Mi memoria ha conservado lo que se ha llevado el viento
Y yo estoy estancado en esos tiempos
Cuando tú me amabas y con gran fulgor sentía tus besos
Dime, quítame esta duda
¿Quién es esta extraña que se ha apoderado de tu ser?
¿Dónde está la amante loca que me erizaba la piel?
Porque ya tú no me tocas como lo hacía esa mujer
Algo no anda bien
Escucha las palabras de Romeo

Esta noche me hago el interrogante
Y le pongo fin a la impostora, usurpadora
Exijo contigo una entrevista
Sospecho plagio a mi señora, mala imitadora
Dime, tengo unas preguntas
¿Dónde fue bajo la lluvia que te di ese primer beso?
Dime también, relátame el momento
Número de alojamiento donde yo te hice mujer
Confírmame
¿Qué me enciende en el sexo?
¿Qué me encanta de tu cuerpo?
Nuestra primera aventura
Quiero detalles
¿Será el cuello o el ombliguito tu punto favorito?
Porque yo sí sé cual es
Si en verdad eres la original, demuéstramelo ahora

Esta noche me hago el interrogante
Y le pongo fin a la impostora, usurpadora
Exijo contigo una entrevista
Sospecho plagio a mi señora, mala imitadora
Dime, tengo unas preguntas
¿Dónde fue bajo la lluvia que te di ese primer beso?
Dime también, relátame el momento
Número de alojamiento donde yo te hice mujer
Confírmame
¿Qué me enciende en el sexo?
¿Qué me encanta de tu cuerpo?
Nuestra primer aventura
Quiero detalles
¿Será el cuello o el ombliguito
Tu punto favorito?
Porque yo sí sé cual es
Mmm, si en verdad eres la original, demuéstramelo ahora

Tú no era' así cuando te conocí
The king

Tell me where she's at?
¿Quién es esta imitadora hoy en su lugar?
Tell me where she's at?
Yo la extraño ¿a dónde se me perdió?
Tell me where she's at?
Que regrese mi amada porque tú, no eres tú"
Milo j,M.A.I,35ttE4t8lQZA2vuCYDg4G7,"No me imaginé que funcionaba así
No buscaba amor y un día te encontré
Estaba vivo, pero con vos comencé a vivir
Fuiste una bendición, me queda agradecer
Sos ese cuento del que no quiero saber el final
Ese cometa que tuve suerte de presenciar
El mundo es feo y su pasado provocó ansiedad
Me iré al infierno, pero en tierra

Si algún día de estos se hace gris tu cielo
Lo pintarás mirando un río
Las lágrimas y el frío te hicieron de hielo
Y daré la piel pa' servir de abrigo
Y aunque el orgullo a veces ocultó mis miedo'
Temo a caer y que no estés conmigo
Te ofrezco amor real de un corazón sincero
Y quemar la llave que abrió el laberinto
Si algún día de estos se hace gris tu cielo
Lo pintarás mirando un río
Las lágrimas y el frío te hicieron de hielo
Y daré la piel pa' servir de abrigo
Y aunque el orgullo a veces ocultó mis miedo'
Temo a caer y que no estés conmigo
Te ofrezco amor real de un corazón sincero
Y quemar la llave que abrió el laberinto

(-ai, Mai)
Mai, Mai

Hoy el tiempo no perdona y el ambiente es raro
Pero solo esa persona me dio su mano
Tu alma era viajera y sola, sé que es un descaro
Y la mía se desmorona, pero combinamos
Lograste comprender lo que ni yo entendí
Tus palabras hoy, fueron mirada' ayer
Preferiste escuchar antes que verme sonreír
Me hiciste ser mejor, me queda agradecer

Si algún día de estos se hace gris tu cielo
Lo pintarás mirando un río
Las lágrimas y el frío te hicieron de hielo
Y daré la piel pa' servir de abrigo
Y aunque el orgullo a veces ocultó mis miedo'
Temo a caer y que no estés conmigo
Te ofrezco amor real de un corazón sincero
Y quemar la llave que abrió el laberinto

Mai (Mai)
Mai (Que abrió el laberinto)
Mai (Mai)
Mai (Que abrió el laberinto)
Mai (Mai)
Mai (Que abrió el laberinto)
Mai (Mai)
Mai
Quemar la llave que abrió el laberinto"
Omar Courtz,VAMOaCOCHI,1oghNMGW42IhtQPNU6leZz,"Uh-uh-uh
Cuando te sientas sola (Oah, oah, oah)
No tienes que estar sola (Oah, oah, oah)
Uh-uh-uh, ¿dónde es que estás tú?
Que donde sea que estés, yo voy a rescatarte
Tú eres mi nena forever

Woh-woh-woh-woh, mami, solos tú y yo (Uh)
Yo solo quiero explorar tu cuerpo
A nosotro' nos unió el destino
Dime, ¿cuándo vamos pa'l reencuentro?
[Coro: Omar Courtz & 
Cochinola
, 
Ambos
]
Vamo' a cochinear
Cuando te sientas solita
Vamo' a cochinear
Cuando tú me necesite'
Vamo' a cochinear
Cuando quieras que la aplique
Vamo' a cochinear, vamo' a cochinеar
Vamo' a cochinear
Mami, tú y yo solo'
Vamo' a cochinear
Mami, cuando quiera'
Vamo' a cochinеar
Tú sabes que le llego
Y 
vamo' a cochinear
, vamo' a cochinear (Yeah-yeah)

Cochineo, Cochinola
Ella es mi bebé, yo nunca la dejo sola (Oh)
Ponle reggaetón-tón pa' que mueva la cola (Eh)
Me activo a cualquier hora, ma, si es pa' comerte toa'
Soy fanático 'e tu cuerpo
Ella es fanática 'e lo sensual como Chencho
Jowell y Randy, tú y yo somo' los más suelto'
La mente dañá', lo que piensa e' en sexo
Siempre algo me invento pa' estar tú y yo solos
Mirándono' a los ojos
Se siente cabrón, baby, por siempre tú eres mi antojo
Tu cuerpo me lo sé todo
Cuando quieras te robo, bebecita, y

Vamo' a cochinear
Cuando te sientas solita
Vamo' a cochinear
Cuando tú me necesite'
Vamo' a cochinear
Cuando quieras que la aplique
Vamo' a cochinear, vamo' a cochinear
Vamo' a cochinear
Mami, tú y yo solo'
Vamo' a cochinear
Mami, cuando quiera'
Vamo' a cochinear
Tú sabes que le llego
Y vamo' a cochinear, vamo' a cochinear

Nos fuimo', cochineando
Nos fuimo', cochineando
Yeah-yeah, ey

Cómo te explico que un momento es lo que yo necesito, bebé (Yeah)
Para acariciar tu piel
De ese cuerpito estoy adicto
Cada vez que yo te veo te la quiero comer
Tú y yo bellaqueando en la disco, bebecita, me la paso recordándote (Recordándote)
Síguelo moviendo así mismo, bebé
Dale, sigue calentándome (Yeah-yeah, ey, uh-uh)
Sigue calentándome (Ey), eh-eh-eh, eh-eh, eh-eh, eh-eh

Woh-woh-woh-woh, mami, solos tú y yo (Uh)
Yo solo quiero explorar tu cuerpo
A nosotro' nos unió el destino
Dime, ¿cuándo vamos pa'l reencuentro?

Vamo' a cochinear
Cuando te sientas solita
Vamo' a cochinear
Cuando tú me necesite'
Vamo' a cochinear
Cuando quieras que la aplique
Vamo' a cochinear, vamo' a cochinear
Vamo' a cochinear
Mami, tú y yo solo'
Vamo' a cochinear
Mami, cuando quiera'
Vamo' a cochinear
Tú sabes que le llego
Y vamo' a cochinear, vamo' a cochinear

Nos fuimo', cochineando
Nos fuimo', cochineando"
"Ke Personajes, Onda Sabanera",Pobre Corazón - En Vivo,1AX4aybSRyXHWrjg27wTFE,
"Feid, ATL Jacob",LUNA,7bywjHOc0wSjGGbj04XbVi,"Yeah, yeah, yeah
ATL Jacob, ATL Jacob

I'm looking for you and I don't know where you are, I'm looking for answers
When was the last time I saw you smile?
I called you ""my queen"", your legs were shaking
With you, the nights, no, they weren't for sleeping
Sometimes I ignore it
I smoke and drink alone
I always thought you shouldn't have left
You traded silver for gold, you were my treasure (treasure)

I didn't know what day you forgot about me
And, and me, and, and me of you
I didn't know what day you forgot about me
And, and me, and, and me of you
I didn't know what day you forgot about me
And, and of me, and, and of mе
I didn't know what day you forgot about me
And, and me, and, and me of you
I didn't know what day you forgot about mе

Sometimes I miss you, ma
I want to forgive you
Baby, you threw me to the canvas
You drained all of my stamina
Don't call me when you feel lonely
Baby, I know that you miss the cars too
Making love when you're wasted, yeah
It was all a lie when you used to tell me: ""Baby, I miss you""
That we'd last for years
Baby, your betrayal hurt
I wish this song would end and I'd finally forget about you

I'm looking for you and I don't know where you are, I'm looking for answers
When was the last time I saw you smile?
I called you ""my queen"", your legs were shaking

I didn't know what day you forgot about me
And, and me, and, and me of you
I didn't know what day you forgot about me
And, and me, and, and me of you
I didn't know what day you forgot about me
And, and of me, and, and of me
I didn't know what day you forgot about me
And, and me, and, and me of you
I didn't know what day you forgot about me

Yeah
Ah-ah-ah"
Anuel AA,¿Qué Nos Pasó?,7k3qWn8D43a5ISa3x8lJux,"Real hasta la muerte

Do' ángele' y demonios tú y yo
Diabla, dime, ¿qué nos pasó?
Ante' solíamo' estar chingando siempre
Hoy día mantenemos peleando (Oh-oh-oh, oh-oh)
Pero no hay na' má' hija 'e puta que el sexo en venganza (Oh-oh-oh, oh-oh)
Porque, dime tú, ¿de ti quién puñeta se cansa? (Ey)
Se escuchan tus grito' por to'a la casa
Pelea y chingaera tras amenaza (Uah)
Los vecino' se preguntan qué e' lo que pasa
Es que somo' loco' en casa

Una vez 'taba tira'o pa'trá' en el castillo (Castillo)
Ya tú sabe', normal, fumando con el corillo (Con el corillo)
Y la baby me mandó un texto
Diciéndome que ya está cansá' de to' esto
Primero es la marihuana, segundo son los pana' (Los pana')
En verdad, mujer, wow, haz lo que te da la gana
A veces escondo mi pistola de ti en otro cuarto (Brr)
Pensando que eres capaz de darme un tiro en el casco, bebé
Yo no sé, ma, pa' dónde este bote se rema (Yo no sé)
No es que me olvide de ti cuando Cristina quema
Pero tiene' que entender que esa es mi nena (Mi nena)
Ojos verde', pelo violeta, ella está buena, mai
Óyeme, ma, escucha mi lema
""Yo soy fuego y el que juega con fuego se quema"" (Se quema)
Hablamo' luego, que estoy en el estudio grabando
Pero está pensando que tengo a otra mamando

Do' (Do', do', do') ángele' y demonios tú y yo (Tú y yo, oh)
Diabla, dime, ¿qué nos pasó? (Oh-oh, oh-oh)
Antes solíamo' estar chingando (-gando) siempre (Siempre)
Hoy día mantenemo' peleando (Oh-oh-oh, oh-oh)
Pero no hay na' má' hijueputa que el sexo en venganza (Uah)
Porque, dime tú, ¿de ti quién puñeta se cansa? (Cansa)
Se escuchan tus grito' por to'a la casa (Casa)
Pelea y chingaera tras amenaza
Los vecino' se preguntan qué e' lo que pasa
Es que somo' loco' en casa (Brr)

Otra ve', otro día, otra noche en Miami (En Miami)
Máscara negra, ropa negra, gafas negra', mami (Mami)
Me fui sin prenda', sin decirle na' a la doña
Y ahora maquinando en el carro dejo una moña
Así es la vida, cuando meno' estás fallando
Es que tu pareja piensa que estás traicionando
No es mentira, contigo me siento cabrón (Me siento cabrón)
Pero a vece' jodiendo no dejas ni enrolar un blunt (Enrolar un blunt)
Y me dice: ""Hijueputa, tú lo que ere' e' un cabrón
Tú me tiene' aborrecía', tú me tiene' en depresión""
Y yo le digo que el tiempo a mí me va a dar to'a la razón
Cuando yo me case contigo y te regale una mansión (Ah)
Y te dé uno' par de día' y otro carro más cabrón (Ah)
Ahora tiene' lo que viste un día en la televisión
Cuando cumplir tus sueño' nunca existían ni como son (No, no)
Somos de calle y lo digo con orgullo en el corazón (Oh, oh)
Y si quiero, me quedo improvisando en to'a la canción (No, no)
Y no repito el coro porque hablar de ti está má' cabrón (Está má' cabrón, brr)
Porque hablar de ti está má' cabrón
No traicione' pa' que nunca aprenda' a pedir perdón

Uah
Porque ahí sí van a escuchar los grito' en la casa (Casa)
Pelea y chingaera tras amenaza
Los vecino' se preguntan qué e' lo que pasa
E' que somo' loco' en casa

Oh-oh-oh, oh-oh-oh, oh, oh
Real hasta la muerte, baby
Real hasta la muerte, baby
Uah
Uah, uah, baby
Mera, dime, Kronix
Lo' illuminati, ¿oíste, bebé?"
"Jory Boy, Bad Bunny",No Te Hagas,5hKjEpYrJIJs6uPl7zw6Y6,"Si ya tú sabe' quién soy yo
El hombre que te rompió
En to'a las poses te dio
Ahora no digas que no, no te hagas, yeh-eh
Baby, no te hagas (Oh-oh)
Si ya tú sabe' quién soy yo
El hombre que te rompió
Que en to'a las poses te dio
Ahora no digas que no, no te hagas (No te hagas, mami)
Baby, no te haga' (Hagas-hagas, mami; yeh)

Mejor dime que me extrañas
Que estás loca de hacerlo conmigo
Baby, yo sé que tú me quiere'
Pide' que te la eche adentro 'el ombligo
Mejor dime que me extraña'
Que estás loca de hacerlo conmigo (Eh)
Baby, yo sé que tú me quieres
Te pone bellaca a' escuchar mi voz (Eh, eh, eh)

Hagas lo que haga' tú no me va' a olvidar (No, no)
Estés sola y bellaca, tú me va' a pensar (Yeh)
Baby, de él no te trates de enamorar (Wuh)
Que ninguno 'e estos cabrone' a mí me va a remplazar
Yo sé que tú extrañas cómo yo te lo daba (Lo daba)
Que to' lo que comprara era Gucci o Prada (Gucci o Prada)
A una vida cabrona estaba' acostumbrada (Wuh)
Ahora está' con ese bobo que no te da nada (No, no, no)
Tú va' a ser mía para siempre, yo te condené (Skrr')
Tú extraña' este bicho como Denise extraña el de René (Uh)
Como JLo extraña el de Marc (Yeh)
Los polvos en la playa, los Phillies en Central Park, yeh

Mejor dime que me extraña'
Que estás loca de hacerlo conmigo
Baby, yo sé que tú me quiere'
Pide' que te la eche adentro 'el ombligo
Mejor dime que me extrañas
Que estás loca de hacerlo conmigo (Eh)
Baby, yo sé que tú me quieres
Te pone bellaca escuchar mi voz

(Dice, eh, hot)
Lleva semanas buscándome a mí
Está cansada del fulano aquel
Te dije que esto iba a pasar
Ya no me puede' reemplazar, no
'Tá desesperada, me llamó como a las do'
Rentó un motel en Caguas pa' que le dé castigo
Pa'l carajo el novio, prendí el Lambo' y le llegué
Quería que yo la rescate y me la llevé pa' USA

Mejor dime que me extrañas
Que estás loca de hacerlo conmigo
Baby, yo sé que tú me quieres
Pide' que te la eche adentro 'el ombligo

Yeh, yeh, yeh, yeh, yeh
Bad Bunny, baby
Jory Boy
Young Boss Entertainment
(Dí-díselo, Luian)
Mambo Kingz, ¡Mambo Kingz!, yeah
Trap Kingz, baby
El de la J, baby
Mera, dilo, Cabra
Hear This Music, Hear This Music
Mambo Kingz
Ma-Ma-Ma-, Mambo Kingz
Dímelo, Luian
Ey
Young Boss"
"Rauw Alejandro, Chencho Corleone",El Efecto,4SJHHpKhcuXwDsCsPqshXj,"Uh-yeah-yeah-yeah (Uh-yeah-yeah-yeah)
Uh-yeah-yeah (Uh-yeah-yeah)
Uh-yeah-yeah-yeah (Uh-yeah-yeah-yeah)
(¿Quién sabe si mañana no te vuelva a ver?)
(Vamo' a olvidarno’ de lo correcto)
(Me quiero portar mal, te lo hago saber)
(La nota ya me hizo el efecto)

¿Por qué tú me bailas así como si estuviéramo' en la cama?
Qué rica te tienes que sentir desnuíta', sin nada
Dime cuándo nos vamos a ir, que se no’ acaba el tiempo
Ya te tienes que decidir si vienes o lo deja' para luego

Baby, hoy sí que me puse yo pa' ti
Porque así, freaky, fue que tú me bailaste a mí
Moviéndote, twerking, de espalda te vi el g string
I'm sorry si fresquito me puse al verte así
Erótico se puso el encuentro entre tú y yo
Olvida si es correcto y el momento vívetelo
Si a mí, mami, tú me permite' fluir
Verá' que fácil yo te llevo al éxtasi'
No queda casi pa' que cierren esto aquí
Y hagamo’, horny, ¿qué e’ lo que hacemo' aquí?

¿Por qué tu me bailas así como si estuviéramo’ en la cama?
Qué rica te tienes que sentir desnu'ita, sin nada
Dime cuándo nos vamos a ir, que se no' acaba el tiempo
Ya te tienes que decidir si vienes o lo deja' para luego

Nadie está mirando, y tampoco no se ve, hay poca lú’
Mi mente pensando, con ganas de saber cómo en la cama te ve' tú
Si supiera' lo que este efecto me provoca hacer (Hacer)
Experimentar contigo varia' pose' (Pose')
Es que a mí todavía no me conoces
Como Calderón, esto es pa' que te lo goce'

Yo sabía que esto pasaría
Que tú terminaría' amanecí'a en mi cama
Despué' de esta noche, to' se olvida
Y si quiere' otro día, a cualquier hora me llamas
Yo sabía que esto pasaría
Que tú terminaría' amanecí'a en mi cama (-ma, yeah)
Despué' de esta noche, to' se olvida
Y si quiere' otro día, a cualquier hora me llamas (-mas, yeah)

¿Por qué tú me bailas así como si estuviéramo' en la cama?
Qué rica te tienes que sentir desnu'ita, sin nada
Dime cuándo nos vamos a ir, que se no' acaba el tiempo
Ya te tienes que decidir si vienes o lo deja' para luego

¿Quién sabe si mañana no te vuelvo a ver?
Vamo' a olvidarno' de lo correcto
Me quiero portar mal, te lo hago saber
La nota ya me hizo el efecto (¡Yah!)
Ra-Rauw, ey
Ra-Rauw Alejandro
Chencho, Chencho
Chencho Corleone, baby
Dímelo, Nigel, ey
Con Naisgai (Tun-tun-tun-tun-tun-tun-tun), ey
Duran The Coach
Duars Entertainment
Con los Sensei
Dímelo, Colla, ey
Pina Records (¡Yah!)"
"KHEA, Duki, Cazzu, Omar Varela, MYKKA",Loca,0vnrhysrKKRdNYFKLAGzRc,"Young Flex
Mmm

Es una loca, yeah (Es una loca)
Me manda vídeo' al Snap mientras se toca, yeah (Mientras se toca)
Me dice que si hoy le llego, que no puede esperar, yeah
Que se muere por mí, que quiere to' conmigo
Que la vaya a buscar, yeah, que la vaya a buscar
Es una loca (Es una loca)
Me manda vídeo' al Snap mientras se toca (Mientras se toca)
Me dice que si hoy le llego, que no puede esperar, yeah
Que se muere por mí (Que se muere por mí), que quiere to' conmigo
Que la vaya a buscar, yeah (Que la vaya a buscar)
Que la vaya a buscar

Me tira video' por Snap (Snap)
Pidiéndome que la vaya a buscar (Buscar)
Que con él siempre termina mal (Mal)
Y que conmigo termina mojá' (Mojá')
Nena, no hay otra igual (Igual)
Prende fuego la cama (La cama)
Te viene' conmigo, no má' (No má')
Me mira cuando está atragantá' (Atragantá')

Sabe', bebé (Bebé)
Qué vamo' a hacer (Qué vamo' a hacer; ah)
Lo vamo' a hacer (Lo vamo' a hacer)
Esta noche (Hacer, ma')
Sabe', bebé (Bebé)
Qué vamo' a hacer (Qué vamo' a hacer)
Lo vamo' a hacer (Lo vamo' a hacer)
Esta noche

Es una loca, yeah
Me manda vídeo' al Snap mientras se toca, yeah
Me dice que si hoy le llego, que no puede esperar, yeah
Que se muere por mí, que quiere to' conmigo
Que la vaya a buscar, yeah, que la vaya a buscar
Es una loca (Es una loca)
Me manda video' al Snap mientras se toca (Mientras se toca)
Me dice que si hoy le llego, que no puede esperar, yeah (Que no puede esperar)
Que se muere por mí, que quiere to' conmigo (Que se muere por mí)
Que la vaya a buscar, yeah (Que la vaya a buscar)
Que la vaya a buscar (¡Duki!)

Me avisó que es viernes y que sale (Que sale)
Va a mojar sus labio' en shot de Jagger (De Jagger)
Y espera a que sean la' sei' y la llame (Que la llame)
Pa' que no' podamo' ver
Con su' beso' cura to' mis males (To' mis male')
En su cuello marqué mi' iniciales (Iniciale')
Si me lo mueve, pide que no pare (Yeh-eh-eh)
Mami, ¿qué le vamo' a hacer?
Tomó una pastillita loca (Pastillita loca)
Y puso la otra mitá' dentro 'e mi boca (Adentro 'e mi boca)
Y yo la toco, y ella me toca
No quiere a otro y no quiero a otra (No quiero a otra, ah)
Ella es la dueña del lugar, va a tumbármelo (Va a tumbármelo)
Si me pego atrás me dice ""Dámelo"" (Dice ""Dámelo"")
Me lo sacó 'e la boca pa' fumárselo (Pa' fumar-mar-mar)
Sabe que ahora lo vamo' a pasar mejor
Estoy bajo 'e su poder, poder (Su poder)
Ni yo sé qué tomé, tomé (Qué tomé)
No lo para 'e mover, mover (No lo para, no lo para)
Creo que me enamoré, -moré

Yo no estoy pa' jode', -ode'
Y tú quieres mover, -over (Tú quieres mover)
Una más de Möet, -öet (Una más de Möet)
Entre líneas, lo sé

Es una loca, yeah (Es una loca)
Me manda vídeo' a Snap mientras se toca, yeah (Mientras se toca)
Me dice que si hoy le llego, que no puede esperar, yeah
Que se muere por mí, que quiere to' conmigo
Que la vaya a buscar, yeah, que la vaya a buscar

Me dice ""loca""
Se enloquece si sólo mira y no me toca (Y no me toca)
Que me pasa a buscar, y que no puede aguantar y que lo voy a matar
Que lo ate a la cama, lo agarre del cuello y no pueda respirar, ah (Que no pueda respirar, no pueda respirar)
Cazzu, baby (¡Cazzu!)

Tengo un doctorado en esto del sex (Baby)
¿De dónde salió esa puta? ¿Quién es? (¿Quién es?)
Todos se preguntan si lo hago bien (Baby)
Yo les enseñé a todas esas bitches a mover (Okey, okey, oh)
Págame, págame, págame
Que este culo se lo merece  (Se lo merece)
Y págame, págame, págame
Si quieres que esta noche me quede
Baby, tengo el poder, yeah (Yeah)
De saberlo mover, yeah (Yeah)
Di que te enamoré, yeah (¡Cazzu!)
Y con todos mis trucos hacerte volver, yeah

Me dice ""loca"", se enloquece si no me toca
Que me pasa a buscar, que no puede aguantar
Que lo voy a matar (Me va a matar)
Que lo ate a la cama
Lo agarre del cuello y no pueda respirar, ah (Yeah-eh-eh)

Es una loca"
"Luciano Pereyra, The La Planta, Un Poco de Ruido, Pinky SD",Es Mi Culpa - Versión Cumbia,78OOLg1XsVW0QQkfHP2VEV,
"Maria Becerra, Paulo Londra, XROSS",RAMEN PARA DOS,5KJacLbQNuqzR9IizaPI6h,"Hace diecisiete días que no sé nada de ti
Mi psicóloga me dijo que estás huyendo de mí
¿Dónde estás, que no respondes el phone?
Me dejaste alone, baby, ¿qué pasa? Te fuiste
Más te vale que sea porque te moriste
Ay, ¿cómo puede ser? No me quiere ver
Me paré en la puerta de tu casa a еsperarte ayer
Whеre are you?

Hasta las parede' me hablan de vos
Si hace tiempo que no hablo contigo
Y si me preguntan, yo finjo que no
Baby, es solo tu imaginación
Sigo pidiendo ramen para dos
Pero si nunca fuimo' los do'
Pongo audios viejos pa' escuchar tu voz (¿Cómo?)

Desde el día en que te fuiste
Yo no sé por qué mierda no volviste
Sigo aferrada a algo que no existe
Pensar que me olvidaste es tan triste (Tan triste)
Desde el día en que te fuiste (No, no, no, no,  no)
Yo no sé por qué mierda no volviste (No, no, no, no, no)
Sigo aferrada a algo que no existe
Pensar que me olvidaste es tan triste (Oh-oh, no, no)

Cómo quisiera que hablemos sin tener que gritar
Tiene más imaginación que honestidad
Si me alejé solo fue por necesidad
No es pa' mí esa intensidad
Es obsesión, no es amor, ahora el psicólogo es para los do'
Aseguras que me quieres como si me conociera'
Ojalá que alguien vea la situación
Entiéndelo, por favor
¿Cómo va a terminar algo que no empezó?
Estamo' yendo de mal en peor y nadie me creyó
Todos piensan que el tonto y el malo soy yo
No sé qué hacer, salgo a correr, pero te veo en todos lado'
Como Pucca y Garu, estás loca como Helga, Hey Arnold!

Hasta las paredes me hablan de vos
Vos no entendés que te necesito
Y si me preguntan yo digo que no
Sé que no es solo mi imaginación
Baby, entiende que estoy mejor alone
Ramen para dos
Así que te pido, no llames al phone (¿Qué?)

Desde el día que me fui sé (No, no, no)
Que iban a quedar las cicatrices (No, no)
Tuve que alejarme pa' no herirte
Que sigamo' hablando no nos sirve (Let's go, sí)
Desde el día que me fui sé (No, no, no)
Que iban a quedar las cicatrices
Tuve que alejarme pa' no herirte (Okey)
Que sigamo' hablando no nos sirve

Lady, yeah
Baby, I'm crazy y tú quieres una Miss Stacy
Yo ponía tu canción en mi playlist
Vos preferiste a la puta basic
Después de lo que hiciste conmigo
Quererte no tiene sentido
Hey, wait, que gana' de pegarte un tiro
Y de paso morirme contigo, fuck, damn

Y no sé por qué mierda no volviste (No, no, no, no, no, no,  no
No)
Que sigamo' hablando no nos sirve

Desde el día en que te fuiste (Te fuiste)
Yo no sé por qué mierda no volviste (No volviste)
Sigo aferrada a algo que no existe
Pensar que me olvidaste es tan triste (Tan triste)
Desde el que me fui sé (No, no, no)
Que iban a quedar las cicatrices (No, no, no)
Tuve que alejarme pa' no herirte (Algo que no existe)
Que sigamo' hablando no nos sirve (So fucking sad)

Ey, ey, Leones con Flow (Yeah, yeah, yeah)
Paulo Londra
Y La Nena de Argentina (Yeah, yeah, yeah)
Dímelo, XROSS
Dos, dos, tres"
Plan B,Fanatica Sensual,1DrDfpOx4P4LMxFhtOmeyD,"Es fanática de lo sensual
Ella tiene una foto mía
Y ya me la puedo imaginar
Lo que hace cuando está solita
Pero no le voy a preguntar
Y escuchar su voz cuando se agita
Por su manera de respirar

Puedo imaginarme lo que está haciendo
Si le hablo malo, se pone intranquila
Pasa su mano por todo su cuerpo
Cuando le digo to' lo que le haría
Puedo imaginarme lo que está haciendo
Y eso que solo es una foto mía
¿Qué pasará cuando nos encontremos?
De seguro que se lo explicaría, ah-ah

Cada vez que hablamo' , me dice que quiere verme
Loca por conocerme, solo piensa en ese día
Ver mi fotografía es lo que le daña la mente
Con el cuerpo que tiene, dime quién no le daría
Llama de madrugada, tan caliente como siempre
Y me habla de una manera que ni yo me atrevería
Veremo' lo que pasa cuando me tenga de frente
Es que al igual que ella, también pienso en ese día

Es fanática de lo sensual
Ella tiene una foto mía
Y ya me la puedo imaginar
Lo que hace cuando está solita
Pero no le voy a preguntar
Y a escuchar su voz cuando se agita
Por su manera de respirar

Puedo imaginarme lo que está haciendo
Si le hablo malo, se pone intranquila
Pasa su mano por todo su cuerpo
Cuando le digo to' lo que le haría
Puedo imaginarme lo que está haciendo
Y eso que solo es una foto mía
¿Qué pasará cuando nos encontremos?
De seguro que se lo explicaría, ah-ah

Noto que le gusto cuando ella me llama
Cuando me habla 'e travesura' en la cama
Pone voz de deseo, hasta me echa fiero
Que su fantasía era cumplir la mía
Poco a poco relata lo que le pasa en su casa
Debajo de sus sábanas escondi'a
De cómo lo prefería
Con preguntas insistía
Hasta que en su juego me envolvía

Es fanática de lo sensual
Ella tiene una foto mía
Y ya me la puedo imaginar
Lo que hace cuando está solita
Pero no le voy a preguntar
Y a escuchar su voz cuando se agita
Por su manera de respirar

Puedo imaginarme lo que está haciendo
Si le hablo malo, se pone intranquila
Pasa su mano por todo su cuerpo
Cuando le digo to' lo que le haría
Puedo imaginarme lo que está haciendo
Y eso que solo es una foto mía
¿Qué pasará cuando nos encontremos?
De seguro que se lo explicaría, ah-ah

Y Chencho y Maldy, Plan B (Plan B, Plan B)
En el Love And Sex (Love And Sex)
Ajá, na-na-na-na
En la pista Fino como el Haze (So)
Con ""El dúo del sex"" (Jeje)
Duran ""The Coach"" (Ouh)
Pina Records
Con Chencho y Maldy (So)
Plan B, Plan B"
"Marc Seguí, Rauw Alejandro, Pol Granch",Tiroteo - Remix,4OwhwvKESFtuu06dTgct7i,"Cuando tú empiezas
Ojalá nunca termine'
Porque siempre que me besas
Florecen to' los jardines
Pero se fue el sol y nunca volvió
Me sentí como un niño sin luz, con miedo
Este cuento de hadas al final cambió
Me llenó de promesas que nunca cumplió

Me dijiste que te va' (Wuh)
Que estás en busca de algo más (Wuh)
Yo como un tonto en tu portal (Ey)
Si como un perro soy leal (¡Yah!)

Y ahora quiero que vuelvas como un niño los finde'
Desde que te has ido no hacen gracia los chiste'
Me he cortado el pelo, me he comprado otro tinte
Buscando a ver si encuentro alguna como tú en Tinder
Mi niña, eres la musa de mis canciones tristes
No puedo cerrar los ojos mientras te me desvistes
Haces que de mí se vayan to' mis despiste'
Y es que olvidarte no será una tarea simple

No, oh, oh-oh, oh-oh-oh-oh
Se me congela el mundo siempre que nos vemos
Discutir contigo es como un tiroteo
Y pienso en morirme el primero, ah, ah-ah-ah-ah

Tú y yo, los dos juntito' frente al mar
Sé por dónde quieres ir a parar
Aunque mires así no servirá
Si es que nos entendemos sin hablar

Muero cuando te vas
Toco el cielo si estás
Sentada en mi portal
Siempre haciéndote esperar (¡Yah!)

Y ahora quiero que vuelvas como un niño los findes
Desde que te has ido no hacen gracia los chistes
Me he cortado el pelo, me he comprado otro tinte
Buscando a ver si encuentro alguna como tú en Tinder
Mi niña, eres la prota de mis canciones tristes
No pue'o cerrar los ojos mientras te me desvistes
Tú dile a las demás que no me quedan más chicles
Solo te doy a ti el amor, es así de simple

Woh, oh-oh, oh-oh-oh-oh
Se me congela el mundo siempre que nos vemos
Discutir contigo es como un tiroteo
Y pienso en morirme el primero, ah, ah-ah-ah-ah

Tú y yo, los dos juntitos sin pensar
Contigo como un niño en Toys ""R"" Us
Que se apague la luz en Navidad
Si desprendemos electricidad
Mira, que yo lo intento, pero te desvaneces
Siempre me hago el contento, pero hoy no me apetece
Y no entienden que siempre has sido diferente
Como Venecia sin agua, como Madrid sin gente (¡Yah!)

Y ahora quiero que vuelvas como un niño los findes (Los findes)
Desde que te has ido no hacen gracia los chistes (No hacen gracia)
Me he cortado el pelo, me he comprado otro tinte (Ah-ah-ah)
Buscando a ver si encuentro alguna como tú en Tinder (Ah-ah-ah)
Mi niña, eres la prota de mis canciones tristes (Ah-ah-ah)
No puedo cerrar los ojos mientras te me desvistes (Ah-ah-ah)
Tú dile a las demás que no me quedan más chicles (Ah-ah-ah)
Solo te doy a ti el amor, es así de simple (-ple)

Woh, oh-oh, oh-oh-oh-oh
Se me congela el mundo siempre que nos vemos
Discutir contigo es como un tiroteo
Y pienso en morirme el primero, woh, oh-oh-oh-oh

Siempre te vas de mí (Siempre te vas de mí)
Siempre te vas de mí (Siempre te vas de mí)
Siempre te vas de mí (De mí, de mí)
De mí, oh-oh-oh-oh

This is the remix
Rauw Alejandro
Marc Seguí
Pol Granch (Jajajaja)
Oh-yeah, oh-yeah"
Cumbia rocha,"Suena en la Previa, Vol. 2",0LswOwsXAfPYLGVwqRlNyW,
"Trap Capos, Noriel, Bad Bunny, Arcángel",De las 2 (feat. Bad Bunny & Arcángel),4DS7HoqrKq1dDjeYOKBlu9,"Letra de ""De Las 2"" ft. Arcángel & Bad Bunny
Una es colombiana
La otra es de RD
Las dos están ricas de cabeza a los pies
A las dos les tengo ganas
Pero no se puede
Hasta que no me decida
El problema aquí es que

Me enamoré de las dos
Quiero estar con las dos
Una me mata con la mirada
La otra con su voz
Me enamoré de las dos
Quiero estar con las dos
Una me lo mama rico
La otra lo mueve cabrón
Me enamoré de las dos
Quiero estar con las dos
Una me mata con la mirada
La otra con su voz
Me enamoré de las dos
Quiero estar con las dos
Una me lo mama rico
La otra lo mueve cabrón

Austin Baby
Y yo quiero estar con las dos a la vez (con las dos a la vez)
Vamos a intentarlo no peleemos más (no, no)
Que tal si nos vamos y vivimos los tres (vivimos los tres)
Mudémonos juntos, resolvemos y ya
Una tiene el booty grande
Y yo loco con ese culo
La traje importa de la Habana, cubana
Y le gusta sin disimulo
La otra es dominicana y fuma marihuana como campeona
Vive pendiente a mi phillie como si se fuera a morir la cabrona
Una me hace el desayuno
Y loca con su papi, lo lleva a la cama
La otra no cocina un carajo, pero es que me gusta cuando me lo mama
La menor tiene disciplina y va a la Universidad
La otra no hace un carajo solo me chapea que fatalidad

Me enamoré de las dos
Quiero estar con las dos
Una me mata con la mirada
La otra con su voz
Me enamoré de las dos
Quiero estar con las dos
Una me lo mama rico
La otra lo mueve cabrón
Me enamoré de las dos
Quiero estar con las dos
Una me mata con la mirada
La otra con su voz
Me enamoré de las dos
Quiero estar con las dos
Una me lo mama rico
La otra lo mueve cabrón

Yo no quiero soltar a ninguna
Por eso a las dos yo les baje la Luna
Una me lleva al cielo
La otra pa'l infierno
Pero pa' mí las dos juntas hacen una
A una la veo de noche, la otra de día
Una se exhibe, la otra es escondía
Se hace la que no me conoce
Cuando todo su cuerpo ya me conocía
Una vive en paz y la otra en guerra
Entran a mi cuarto y no quieren salir
Les gustan decir las verdades
Pero les encanta mentir
Tal vez no sea lo correcto
Pero entre una y la otra, cubre sus defectos
Si estar con las dos es la causa, pues que se joda yo aguanto el efecto
Si una te da problemas
Imagínate tuú tener dos
Y es que ahí está el problema
Que yo quiero estar con las dos
Y yo, no quiero soltar a ninguna
Porque las dos lo hacen cabrón
Son diferentes en la cama chingando
Por eso es que yo

Me enamoré de las dos
Quiero estar con las dos
Una me mata con la mirada
La otra con su voz
Me enamoré de las dos
Quiero estar con las dos
Una me lo mama rico
La otra lo mueve cabrón
Me enamoré de las dos
Quiero estar con las dos
Una me mata con la mirada
La otra con su voz
Me enamoré de las dos
Quiero estar con las dos
Una me lo mama rico
La otra lo mueve cabrón

Yo'
Austin baby
Arcángel pa'
Bad Bunny
Noriel
Santana The Golden Boy
Me enamoré de las dos"
"DobleP, Peipper, Locura Mix, VERNAZ",PUTERÍ4,1IgrATr9zMmRjtFVFY6O7s,"(10)

Comme là on est où est on est on là. De tomtittot à titoutomtotalitarien. Té té tou ou.
UNDE ET UBI.
Avec sa large et velue face, pour l’Irlande une disgrâce
Que viencra. Qui cheffera mais. Et commautrement fichons notre viche nous pour trouver cette pinte de place portère ? Suis cuit dit le haut garde.1
SIC.
Hommièrement sur les champs pierres.
Trèche pas la viande gras sel lard sombre (zone).
D’où ce. Déjeuner rapide à notre gauche, roùe, vers où. Layon Long Livius, à mi Mail Mezzofanti, diagonisant le Square Lavatery, en haut du Croissant Tycho Brahe2, épaulant l’Allée Berkeley, trafixant le Carrefou Gainsebrou, sous la voie-gade Guido d’Arezzo, par le Layon du New Livius jusqu’où nous installâmes à l’instant de notre venoù. Rond-Point du Vioc Vico. Mais va fahr ailleurs ! Et naturel, simple, servile, filial. Le mariage de Montan atermouillant sa bémolle qu’on connaît, tel qu’onque entheusyasse poulettant une sauvageonne3 dans son rougy
ITINERAIRE IMAGINABLE À TRAVERS L’UNIVERSELPARTICULIER
1 Rot mache, chitée the sa langaaillique. Si le vieil Hérode avec l’eczéma de Cormoelle devait me chercher comme il fait Renufleur au couac ce soit de ses canaris bleus, je f’rais neuf mois pour sa barbe bièvreuse .
2 Mater Marie Mercericordiale des Tétons Gouttants, lait' un arrangement queerieux
3 La vraie vie derrière les flots lumieurs telle que montrée par les meilleurs exposants d’un  divorce royal.

Tod Cochonou, té Daimon Barbar!
Pige le dans le redur !
Indivin vieil Ard-rey, Cronwall cirant d’abeille la boîte à convulsion.
à la gitane loutrée tiremainjupyjade et sa petsyblouse empontée de voylettes1. Quand qui qu’est craint qu’est cru. En elv, et fjael. Et le ronron des ajoncs nous vrhummenant howement. Son humé. Donc prenant le flot maréant nous revenons très theureux, à la trompette des crevettes et à l’ensigne des crambes de mer, pour nous atrouver au moment ù z’est tout dit en un coup et le faiseur se fait la faite (O m’aille !), ayant conesidéré les cônes et médité sur le mur et pondéré les pensiles et oculé l’olympe et eu délice en le dianaphe cacchiné d’elle derrière les culosses à lui, devant un mosolée. Longueur Songe La rugeure, de lui, un chiampion des aevums nuiment, résulte de pique-nique ou stupeur issue de sopor, Cave de Gosses ou Glattstoneburg Hymanien, doyenaire, doniéré, pédantière, domm, qui, entièremment comme il continue hautement fictionnel, tumuleux sous son extérieur chthonique mais le vrai M. Tumulty dans sa vie muftiple2, dans ses antisipiences comme dans ses recognisances, est, (Dominus Directus) un maintefeste munificent poplus commun qu’homme.
Ainsoph,3 ç’un dressé, avec cette nullasse là son flanche-le zéroïne. Voir en sa coupe d’horreur qu’il est mehrkurios que seltz de sulphure. Terreur du frappé par midi le jour, cryptogame de chaque nocturne épousable. Mais pour employer des bribes de parler céleste, est-il ? Qui est-il ? A qui est-il ? Pourquoi est-il ? Combien est-il ? Duquel est-il ? Quand est-il ? Où est-il ?4 Comment est-il ? Et qu’est les décans là pour lui
CONSTITU-TION DU CONSTITUTIONNABLE EN CONSTITU TIONNEL.
1 Quand nous jouons d’à dress grandi au alla ludo poker tu sras heureurisé de sentir combien je peux paraître attrayant dans les cramponnades.
2 VicKelly, Loges Longfellow, Chambre des Communtaires III, Cake Walk,
Amusing Avenue, Colline du Sel, Cie. Acajou, Izalonde, Terra Firma.
3 Nom de groupe pour jus de grappe
4 Bhing, dit sa tête de cambrugleur, soto poce.
au fait, l’homme décemt ? Mets-toi à l’aise, calme ta hâte ! Approche-toi nous mener le passage !
Ce pont te met haut.
Croise le.
Et vienne-t’en au château.
Toque 1
Un mot de passe, merci.
Oui’l te pairse.
Ça alors, que le sois étamné !
O riellement ? 2
PROLÉGOMÈNES PROB POSSIBLES A L’IDÉARÉELLE HISTOIRE.
Swing le banjo,
boids coq, rbonde-
le-ballier
blouffe à fouque
Hue s’y grotte soliterre
Au furscht kracht du tonnerre. 3
Quand lala, son yallipon,
A été prise au filet et nommée. 4
Lavue proche Laissa m’yeux quan Je la vu mettre lonce dothé danlpot
Erdnacrusha, requiestresse, éveille les !
Et laisse luie que se puresplatouillale lucie à l’aise ! 5
A la maison telle que pousée rusée par les fous des âges.
Un scie soie truie. 6
Vrsl Quartand.
Tickets pour la Tombola des chiots Terrier battant de la queue
.
Agrafosant à la laisse à, marchepierre où monter, comme chez la Boote à Ville Picard. Et ce destrier lécrémé là toujours dans le ventile grenier du sol. Comme par dessus. Ou que soient ces ailures inclinés sur les murs extérieurs, trophées de peaux de bêtes emboozés de Baws de blaques de baumes ? 7 Qu’aux bsèques brillent les balivernhisses ! Qu’ainsi Bacchus passe même ! Inn inntrez ! Inn inntrez ! Où. Les babilleurs plaient la plume. Les bibineurs traient la piaule. Du lieu papplicommun, le patronde pubblicain fait ferraille avant fermetheure. Des
GNOSE DE DÉTERMINATION PRÉCRÉÉE.
AGNOSE DEDÉTERMINISME POSTCRÉÉ.
1 Yussive smirte et te mermon réponde de sa place abugise sous la marque raide, Gotahelv!
2 O Ruoma, iotrim en la salg et iov kom Dozi charc ce quel tom.
3 Un cor  beau dérassé d’ieu dans un tub en tynnel.
4 Apis amat aram.  Luna legit librum.  Pulla petit pascua.
5 Et après dinn tirer les ombrets.
6 Dit Mary Achinhead l’ampoulouée au beautifié Tummy Tullbutt.
7 Begge. Allègue à Begge. Allègue à Begge  et être sûr de demeumorer Begge. Goodbeg, baisesy Begge.
Mars à l’appareil
Febvre, dédomicilié.
Non quod sed quiat
Hérécite au paradox éperdu
parfoireurs qui le fréquentent le plus. Cette même hure de méru ex crâneur qui sous le nom supposé de Ignotus Loquor, d’un passé brumeux, haranguait des saouls poissons hululants du ventre sur leur terrain favori de piétinement, d’un frein père théo-baudissant.1 Et Egyptus, érobé d’encens, tel que Cyrus l’a entendu dire de lui ? Et Major A. Shaw après qu’il a attrapé la mineure virole ? Et le vieux Whiteman même, le barbouilleux boutonneux, ôte là des baies, espoir des convertisseurs à la foi ostrogothique ottomaniaque, désespoir des chirurgiens plastiques post-wartem de Pandémia ? Mais était tout si y a longtemps. Hispano-Cathayen-Euxine, Castillan - Emératique - Hébridien, Espagnol - Cymric- Helleniky ? Rolf le Gangueur, Louf le Gangster, pas une figure pareille et la face semblable.2 Les temps passés sont des passe-temps. Maintenant que le passé swate Vatze. Saaleddies er il en ce warken werden, mine boerne, et il vild need zezit oldernativement depuis que fait primal alter au jardin d’Idem. Les tâches d’en haut sont comme les flâches d’en bas, dict le cantique d’émeraude d’Hermès et tout est détestation et agitation du plaisir, nous dit-on, sur l’autorité d’une excellente bouteille à l’encre, systèmesolarisée, sériol-cosmiquement, dans un univers de plus en plus puissamment expansif sous un, il y a raison sans rhyme de le croire, phote originel. Sécurement juge l’orbe terrestrielle4. Haud certo ergo. Mais O féliciteuse culpabilité, le doux mauvais te cesse pour un archétypte !
1 Alphapet animal de Chasselier et Puma, le premier au monde de aab à zoo.
2 Nous n’entendrons pas les diagonistes gronder, nous ne craindrons pas les fletches du combat de la foudre de guerre, nous voguerons les méditarénies et débasqueront sur l’isle que nous aimons en épice. Punt.
3 Et cette abeille d’or de naguère est un cimadoro
4 Et il était un gay Luthaire de toutes façons, Sinobiled. On le voit à leurs habits extraordinaires.

Basques.
Balles
Honneur commercio s’énergie y aide la ligalisse phiéraude, la plurable avec tout le monde et ech avec pal, cet honernstième halliday d’Allsap s’ale au mois ruissant avec ses deux éclipses lunaires et ses trois couchers saturnins ! Horne de Heaïens, à hrowse tête ! Livrière de Vie, rétro folâtre ! Amnios amnium, fluminiculum flaminulinorum ! Nous cherchons l’Un Béni, le Havreur cum Enhéritance. Encor Canaan le Haïssable. Toujours à aller, toujours à venir. Entre un sidère et un soughpir. Fossilisation, toutes branches. 1 Par où donc Petra juria sur Ulma : Par le gel des mortels ! Et Ulma juria sur Petra : Sur ma vie veinue !
ZÉLOTYPIE ARCHAÏC
ET L’ODIUM TELEOLOGICUM
Remuve toi Mackinerny!
Fais place pour Muckinurney!

En ces lieux sojournemus, où l’eau d’Eblinn, lisiée de carre et de magères, laissant en amont ses récifs et ses fronts salmoneux, que son inrive rebrise des amours de fraichettes, s’évente sur ses largeurs. Une cité phantôme, pheinte d’un pholk philim, archetée et vendue pour une quarte de centaines du manhité dans leur trois et trois-vingt fylkres pour un prix partitionnel de vingt-six et six. Sur ce bord de rivière, sur notre banquette au soleil, 2 comme est buona la vista, par Santa Rosa ! Un champ de Mai, le vrai vallon de Printemps. Les vergers sont logés ici ; des lawriels pleins de sainteurs toujours embayés. Tu as une eau de vue celle au cendre, une ravine de marrons et d’épines. Gleannaulinn, Ardeevin : purti reflet d’une plisante hauteur. Cette cour normande aux limites de la ville, au delà la tour grimpante d’une église d’Erelande, réunit de vrais saints dans un cultuel assemblage, 3 avec la maison de pierre de notre roi
LA LOCALISATION DE LA LÉGENDE
MENANT À LA LÉGALISATION DU LATIFUNDISME.
1 Complencement nu et raide ossué. Nou vivi salo. Ra semble idule.
2  Quand tu révais que tu te richerais dans l’arc en marbre as tu jamais pensé à la souille du pool beg.
3  Prophyrieuse Olbion, menteur en habit rouge, nous avons toujours été totalement rose marines de notre côté à chaque fois

En chute de neige, trou-de-dentelle, chair et héliotrope.
Voici notre douzaine de cousins de la panne niaise tripoilée
belgrovée de mûreyés, le quill était trancor moulin et Klostre qui était terre de Yeobereau, la forme tombale à affrefroide du vite passé, l’orme Léfanunien au grenier feuillu sur-mansionné, chacun, tout un, le tout est pour le rétrospectionnaire. Skole ! Agus skole igen ! 1 Douce sorte d’auburn, s’amène comme une fleur qui s’éfrige, avec cette fragolance des banquettes fraisées : le phoenix, son pyre, flamme toujours au loin dans un esprit serré de vraie prat : le roitelet son nid est niedelig comme les tourrises des sabines sont télévisibles. Voici le cottage et le bungalow pour le décornier et le bourgeois tout neuf : 2 mais Izolde, ses jardins chapelet, an letits plads af liefest pose, achevauche les réveilleuses merveilles dehors, les réveilleuses merfilleuses dérivailles dehors, avec des haies d’univyrsélites et de houx livoude et arceau de gui, sont, ci ça cemble ainci et oui c’il vous plaice, 4 pour la fille aux cheveux allègres de l’Angoisse. Le tout sot de deux vieux périssiens stérilés, Mains Titony et Cheveus Outrachic, un kilolitre en métromyriams. Présépéprosapie, la parente boule. Tabard de von, tapine de vin, taverne vive et, par développement du ruban, de pont de contact à l’écart loué, seules deux millium deux descents et eightante thausig neuf descents et soixante radiolumines s’alignent aux wustworts d’un bureau de poète généreux à Finneville. Mirage distordu, le plus sur ses gardes de la plaine, où dans la
1 Maintenant ondrat laver la petite face
2 Une expression vernaculaire viking encore utilisée dans le district de Summerhill pour un homme coiffé d’un pot de chambre de quarante ans qui met deux doigts dans son assiette de soupe bouillante et les suce tour à tour pour trouver s’il y a assez de catsup au champignon dans le potage au mouton.
3 M’chr'dk'ts'w
4 Glouglou ploufplouf.
5 Tomley. L’homme fait. Un boucher lui a szewchi les blonges et braies. J’su décholé de voir P. Shuter

boxomité des bédélias 1 rend heureux le fatral à bascule dans son trou. 2 Le store et la charte, le Château d’Arbreville sous la Lynne. Riva-pool ? Hotte-s-y une brique ! Mais ses empiercadères sont effieeriants, son empan spooktral, sa douane n’est qu’une dune, ses parapets tout péripatétants. D’Oblong passe par sa passe. Qu’on passe tous. Des tonnes. Dans notre zroupil. Zronfle. Tandis que nous vers le bourré le plus fourré. Schein. Schore. Ce qui nous assurge contre l’obmurcité du mythe-ulé dans le barrablousier, bevedere chambellé autour de la table, passant la nécessité de Morningtop et l’invention de Harington, à la clairiance de la lumière d’enfante dans les arrivitres du studiorium. Ici demeurerons nous sous les plus joyers arceauciaux, amour à la clé avec nic et nac de novices. Le chœur : les principaux. Pour la rifocillation de leur inclination pour la manifestation d’irritation : garçons purpupins et poupée. 3 Après son, lumière et chaleur, mémoire, volonté et compréhension.
Te parie cinsous, anythésieux, y a pas de pug-atoire, tes dans le jeu ?
Ici (les mémoires cadrées des murs y sont attentives) jusqu’à ce que les chamajeurs au chahut rocade choient voyoués, F  , (au regaze, respectement, quator zixième de petit baron, rencontre, altertantième bancorot, blague) et ère que commence commencement catalaunique quand Aetius fait échec par choc voulu au gambit d’Attil, (ce rembourré plein de bleus, qu’on lui donne du balèze !) qu’on dut y nous survoir, O juin des èvées les plus jânesses, toi qui fuis en faseyant le frondeur fectionné fervide pour t’attacher épaissement à ton ensuiveur en aise de triton, 4 tiroir sur notre inconscionable, délurant alluré devant notre unter-
L’HOMME PRÉAUSTÉRIQUE ET SA POURSUITE DE LA FEMME PAN-HYSTÉRIQUE
1 Je crois en Dublin et au Sultan de Turquie
2 J’ai entendu ce mot usé par Martin Halpin, vieux jardinier des Glens d’Antrim qui fusait des travaux impairs pour mon parrin, le Rév. B.B. Brophée des Epée-Logues.
3 Les corbeaux peuvent s’écorber si que la colombe s’en diliche.
4 Question poussée.

Il y avait un doux espérant appelé Cis.
drogué,1 qu’on dut y nous survoir, qu’on nous lote voir, qu’on nous luise trouver, qu’on ne manque pas Maidadate, Mimosa Multimimetica, la maimimine du maimonmeining ! Elpis, toi fontaine des grêces, tout spirera vers toi,2 du kongen dans sa canteenhus aux files de louteries derrière le tertre. Ausonius Audacior et gaël, gillie, gall.3 Chansonnette panette. Storiella telle qu’elle Se Syung. D’où l’assuite avec des yestes pour note pas finir de parler, pursuant plutoniquement le plus bref des coups d’œil de joyeux ragots, jolir Proserpronette dont la fente du fourre-tout faicoule des pis.
La Grande Ourse morce au Voilageur son seul trouble, trouble, trouble.
Forening Unge Kristlike Kvinne
Balise Belisha, balise brillant ! Ouvreuse, démaille nous ! Ce rayon vère de rong d’oreille nous onde à l’au-delà comme le rouge, bleu et jaune rabache du temps sur le domisole,4 avec un bloc bloui et un vent digo. Quand l’éclair devient mot et les silences lourdeux-mêmes. Pour bracier les congeniers, bondenés de trible façon et asservagé twainière jumelle. Adamman,5 Emhe, Issossianuchine et par fous Yggely ogs Weib. Uwayoei ! 6  So mag dise sybilette fût notre shibboleth qu’on lui fît bien la syllable ! Vetus peut être occlus derrière le mou dans Veto mais Nova se rapprochera comme leur radient parmi les Néréides. L’une des charmeuses, et même, Una Unica des charmeuses, qui , sous les branches des ormes, dans des chausses encore en sienne par pierreté, vaque, va, vaque sa voie de miel myrrhe et rosiers grimpants embrun de musc tandis qu’encore le peut-être mantelle la meiblume ou toujours s’à elle
URGENCES ET WIDERURGENCES EN SEPT NE PRIMITIVE.
1 Pour Pointe de la Rose voir Inishmacsaint
2 Mannequins' Pose.
3 Leur sainte présumption et la sienne sinfle desprit.
4 Anama anamaba anamabapa.
5 Seulement par loi fasse que sombre opère j’ai pu l’obliquer cette vieille et sortir la barbouiller dans bien du temps mais je pense plus à mes pouilloires et mes bots.
6 Tous aux voiles pour Tarararat! Aie l’air plus toufle, tête molle, on a un roupillon dans le garde-manger.

Didicte moi tout sur les annaryllies.
toujours s’à elle sol a fadé le fleur,1 leurs bras étreints, (sonssonnent le carillon du sexe appel tandis qu’errent les conchitas aux sentas,2 sonnées !), tous en pensant tout de ça, le Ça qui gratte, le Tout à chaque pouce, le plaisir pour lequel chacun va la pomponner, le business par lequel chacun a été bisé pour bosser.3
Porteras-tu ma boîte et combattras les fées ?
Toute Alma Matière, Priseur
Un vieil Espèce de marteau l’Adjoueur et il est aussi mul que t’es prime tif.
Bientôt des jemmijeans vont bastonner partout quelqu’a rhythmatik ou l’autre sur les tables divisionnelles de Browne ou Nolan tandis qu’elle, de la novence d’un minion être chariment cupide, pour se dégonfier de la chope, le graillonnage du groosiste, ail’avarice deformie et la grande gaffe de la grossigale, avec son tootpettypoute de jemenfichue fera sissit et triknit sur le sofa solfa.4 Ragout du soir, beauquin ragout. Et un brasse-lacet est boss au Théâtre du Dé thimple. Mais tout est dans l’inborne à elle. Fais intention. De la grammaire de gramma elle tient que s’il y a une troisième personne, mascarine, phélinine ou nudre, comme on en parle d’abad ça mode prosode d’une personne parlant à sa seconde qui est l’objet direct à, envers et avec quoi il a été parlé. Prends le datif avec son oblatif5 car, même s’il est obsolète, il a toujours de l’intérêt, ainsi perla gramma de l’impétus de son impératif, prends seulement soin de ton gendre vers ses réflexifs telle que j’étais pour ton grappa (pantamille de Bott, ouf utain d’un homme !) quand lui m’était hédon6 et mien, que le dict obscène, son sautillement de pygmée analectuel7. Il y a du confortisme dans la
NOTIONS PRÉCOCES DE DROITS ACQUIS ET L’INFLUENCE DE LA TRADITION COLLECTIVE SUR L’INDIVIDU.

1 Quelqu’un doit le vendre à quelqu’un, le nom sacré de l’amour.
2 Se le faire pendant que nous va son chemin.
3 La loi de la jungerle.
4 J’en rougisse de penser à tous ces pullovers mihissés.
5 J’aimerais bien sa joue rose.
6 Diable frechais harengé en rouge !  Alors c’est pour ça que vous êtes partie en courant voirs la mer, Mme Clapoty.  Clarte moi, Locklaun, car  tu indu sens !
7 Une poupée lavable aimable flottable.

Undante umoroso.M. 50-50.
 
connaissance qui hait souvent à première écoute vient à l’amour à seconde vue. Aie pêché tes petites scènes taxiques dans la trempette aux subjonctions, dual au duel et prude avec le pruriel, mais même le chapron très aoristo quelque ait été le plaudi parfait cerne anent les prégâtites et haec genua omnia pourraient peut-être avoir une chance d’aboutir à être en position de devenir un pâle pierrivé en dépit de tous tes temps accusatifs tandiment que tu giroufles tapisserie1 comme tes gérandiums pour la meilleure moitié d’un langui ou d’un sanglo. C’est un chaton du sauvage, machérie qui peut diretinguer un fait cocheur d’un verrat véru. Car tu peux bien être aussi pratique qu’il est prédicable mais tu dois avoir le genre d’accident propre à ce que tu rencontres cette sorte d’être avec une différence.2 Flamme ses fouilletons mais frigère son foing.3 Chaque lettre est un don des dieux, ardent Arès, brusque Boreas et golubile Ganymede comme zèlous Zeus, l’O'Meghisthest de tout. M’être ou me pas n’être. Satis ta queste jeune. Werbungsap ! Ig am, vos fute un gentilman, thu arr, je suis un rincesse. A y un jeu fini ? Le jeu continue. Cookcook ! Cherche moi. Plus la femme est l’hic plus celle se fêle mutile. Et plus le patrarc est grand plus le piçon est grave. Voilà ce que sait votre docteur. O amour c’est la chosesue la plus commune comme ça dépache le pluteux et le paupe. 4 Pop ! Et qu’elle œuf soit active ou cu’illère soit passive, elles toutes les clauses fines chez Lindley et chez Murrey n’ont jamais aumené le participle du présent à une hortatrixie déponente, je le dis vindicativement,
1 Avec son caniche qui feinte d’être déchargé et se sentant mort en elle-même. Est-ce que l’amour vaut le pire d’être vécu ?
2  Si elle ne peut plus suivre le procès des choses, Renée va au ballot.
3 Les frictions impropres est malédictions et la mens uration me rend fou
4 Primeur Llong et Cortts de Sorpucellerie Noire et Blanche.

J’vais chercher cette petite polly suce tu te colles tes lebbens-quatsch.
O'Mara Farrell.
Verschwindibus
de son futur postconditionnel.1 Fort faible est qui pait forfait. La quantité compte bien que les accents chancèlent. Blagoug à part et les obliques du discours  parties d’un côté, un môme, alanna, peut choisir parmi tant, qu’il soit appendix d’un avoué, un clerc pipeau ou une tapette fonctionniste libre, ce petit lureau parfait, des langueurs et faiblesse d’une lassihude aux lembres lestes jusqu’à la tête, au dos et aux maux de cœur sur le féminage ciré et tas sur tas d’autres choses aussi. Noter les Respectables Ladies Irlandaises Destressées et les Joyeux Souffleurs de Mousse de Moutarde des Associations d’Humphreysville. Atac d’abord, les couennes coin coin après. Prends garde en ç’histe subtuile qu’esclangre de vipère2 fosse liaison à titiller les oreilles !  Au coup vert embîmé met propre penchant. Mais apprend de cette langue ancienne à être médiéviold moderne au minute. Un cracheur qu’on puisse s’y fier. Bien que le Paillis des Merveilles nous ait perdu pour toujours. Alis, alas, elle a brisé la glace ! Liddle luqueur à travers la feuillagerie, il est nôtre le mystère de la peine3. Tu peux vriller sur la bikane luée de jeunesse et multiplaire tes Mike et Nike avec tes shoessures à botter sur les algébriers mais, volve la page virgile et la vue, l’O fomanin est long alors qu’à lourdaude peine ces deux muètres la séquente voici que de Nebob4 on ne distray jamais qui te sera nimm au poil et t’a nehmi le jour.

Ulstria,
On ha juste été alire, hat’on pas, ya, ya, dans les mémoiriés de guerres nuniques d’Hirelante, et finsi, und tout, ga, ga, de L’O’Brien,
CONCOMITTANCE DE COURAGE,
1 Les gaggles sont de soutie
2 Il a que des noillets de buques sur une camanatte blanche mais il n’a  pas les daints ni les grisses pour marchouer  et c’est ce qui va pas chez Lang Wang Wurm, vieille grose eylle worbolante.
3 Chéri et moi fie en toute frivolité que je puisse être pardonné pour m’intrusant mais je pense pouvoir addouter enfer.
4 Il est tout mon genre humen de chaque desception.
Monastir, Leninstar et Connecticut.
Cliopatria, thayne histoire tuyhoseuse.
Le Eroico Furioso rend le valet souriant.
Peluche impense le vison bosquette  plue taupe tu vois làpour l’amou rodieux, chaali !
L’O'Connor, Le Mac Loughlin et Le Mac Namara ave que fait le summe de leur appondage, da, da, de Sire Jalious Saisard, ce vénégamle torkmestre,1 avec son duo de druidesses en rompières d’argent facile2 et le tryonforit d’Octenave, Lapide et Malt Anthème. Tu faillis peut-être à voir le composé de cet exposé, Suetonia,3 mais les réflections qui me recurrent sont aussi longuissantes que la vie de la beauté est amour du corps4 et aussi brillantes que Mutua de ton miroir tient la chandelle à ton chaudal, lunique lévomane limisaire, sombrant Autum de ton Sprintant, soucie toi pas d’un sprit de quoique ce sème que trigemelimen se bichonne le bourrichon ou nompe. Elle en fera confesse sur la figure et elle te le déniera à la face. Si celle-là ne te détruine pas elle ne te fera aucun caprice. Et alors ? Quoi l’aprèse ? Cruff Gunne peut bien slouffer, Gam Gonna flotter, les gossons yeuter les jeannantes faire yai. Des buttes de Heber et Heremon, nolens volens, couvée nos pansies, brune en brume. Il y a que ça se casse dans l’infinitif d’avoir à avoir été et à sera. Ainsi ils entétaient au gros entrement, aise-t-il à présent et ne seurons-nous à tout jamais. Embouque eurhbonnement des épatapples. Caxole Cobra jusqu’aux chacasses. Hail, Heva, wïons nous ! Voici le planeur qui plaisait à la perle qui liste le vent qui lifte les foilles 5 qui ont plissé le fruit qui pendait sur l’arbre qui grewassait dans le gardin où Gough y grave. Vaste hisse, vire vissant.
CONSEIL ET CONSTANCE.
ORDINATION D’OMEN, ONUS ET OBIT. DISTRIBUTION DE DANGER,
DEVOIR ET DESTIN.
PRINCIPES POLAIRES.
1 Toutes ses dents revenues sur le front, puis la lune, et puis la lune avec un trou derrière.
2  Saute un, claque quatre avant, jeannies dans les chous.
3 Pas de ton anglais obligarnitoire ici !
4 Substudie mes subpréhensions, Sostituda, et faisble tien complinement, gymnufleshée.
5 Quo' que j’en ai qu’un comme ça pour la maison, brun feuille morte avec des appliques vif-argent, j’applissirais totaplètement une jolie soie moyeuse et brillante tirée de cette muissante charmeuse serpent

Pige pas.
Huées frommes, vir globons. Pourquoi hides tu hindre ton mari son nom ? Leda, Lada, avlotta-afraida, ainsi growa ton girlandinet ! Ternevoulu sans malice, tournivers sans abutice. Pappapassos, Mammamanet, voirmouettesoite et oùêtessoye. 1 Mais c’est piles offaces et nénés ononos et viennent buquettes viennent roussettes jusqu’à puint du jur. 2


Powthre Seidlitz por grassoillors de slogan.
Hoploits et atthems.
Les âges sombres étreignent les racines des marguerites, Stop, si vous êtes saillie des allies, des guerres Minœuvretaures déchauffées et des actiums navales, des engagements délite et les bancs de galéroses.  Arrête-toi s’il te plait si tu te ré mi avant le mi si, fais do. Mais préfèrerais-tu  la ré de l’air comme une pas te plaise. Et si tu mèses une aventure cela te sert gai fillement bien. Mais, au nom de Janus, j’allais oublier les Blitzenkopfs ! Voici, Hengegst et Horsesauce, sortez vous la tête 3 de ce conttonneau ! Et laissez vos hânessehénisseharrièrevous ! C’est hanté. La chambre. Des érrengs. Whun, toue, trace, étrille ! On comprend distinctement bégrayé que, puis sens que tes trois mains de haut mettent tes gabarithmes de deux pieds de large dans ce mort lavis du Lough Murph et jusqu’à un tel pas un de temps et les mêmes Messherrn les hommes d’Etat sougriants, Brock et Léon, ont shunté les décondés grommelants, Starline et Ser Artur Ghinis. La foameuse brewsée dhomestique, embataillée à la bouteille, gageure de guegerre 4. Bouf vaingien bours et puis bourse regain bouffigant. Gringrin gringrin. Staffs varsus hardes et boucs vursus braques.
POURVUE PANOPTIQUEDU PROGRES POLITIQUE
ET LA PRESENTATION FUTURE DU PASSE.
1 Qu’est-ce que c’est ma'am ? dis-je.
2 Comme tu dis toi-même.
3 Ça l’éthé du tourlesol mais ça part au lavage.
4 Là où il a combattu le soc cellebral de sa stimmstammer et nous avons pris les pépettes de nos vies d’amour.
Curragh machrie, mophàist onfiente.
Femilles braissez en aux antres!
Tout que souffrîmes sous ces Fourchiées Crodignes et comme notre ramassage de plaine panier nous a rejoyé.
Chère à Chair du Vieux Kaine.
Fliflie pour les jellies et un bombambum pour le nappotondus.
Par les murs du vieux Grumbledum. Bosses, beugle et brailles1 Opprimor à bas, hop hop Opima! Rentes et rates et dîmes et taxes, gages, épargnes et épenses. Heil, heptarché empan de paix ! 2 Vive, ligue de lex, nex et les plus mores! Fas est dass et foù erres tu. Impouvernement du boulible par la blabiole pour le beau boulot. Emballe donc tes emberdes dans ton emmoi (ambramtam !) et désecoue la pelle mêle au jet. Car il n’y a qu’une mère ope 3 pour la chute ned dans. Comme Hanah Levy, rusée voleuse ràsétalage, et la nièvre au nore déskinille avec ses dépouillées. 4 Pour addir des touches gay. Pour hugh et gâ et goy et jui. De fossettes limbé et d’acné trimpé et simplé et guimpé. Un pire chat dans une poche et un porché dans une puie.5 Elle les gagne par gaines, un haul hectoendécate, pour mangay mumbo jumbjubes tak mutts et jeffs muchas bracelonettes gracies barcelonas.6 O quel charmant frais speech ç’a été (tep) 7 à gar huwasilyvant hinter- gronding ! Tip. Tels les lalas des alouettes pour un crocodile chargé, 8 ou la laube ricochante à ce souffle rauque de vieux sac à paroles, Blaveboss, se gonflant de tout ce qu’il n’avait pas fait. Sale eue ta troupe ! Clu y ait winker aux bouies sages de veuillesliègle ni y ait enclin de tête pour l’ambrueur napollyon et delas poor un choersevaleureux pie être et blond. Huirse. Son heaumhauberk
1 Remue l’éternité et lèche la création.
2 Quelle pénidiction si je peux voir.
3 Hoppitu Huhn cigru, loosh le hen. J’aime les glousseurs, tu aimes les nèfles (clink d’eye).
4 Doux, moyen et sec comme du vin d’autel.
5 Qui va m’acheter des bébés d’un sou ?
6 Bien, Maggy, j’ai eu ton démon rejeté comme il faut et il me va comme un charme. Et j’en suis vaguement pleine de grâce titude.  Maggy mercis.
7 Mon six n’est pas un secret, monsir, dit elle.
8 Oui, là, Tad, merci, donne, de, tathair, ça à voir maintenow
Murdoch.
Pas d'action, peu de sauce.
Des sept tentes de Joseph jusqu’aux calendes de Marie Marianne, on se sent être éreintoux.
Comme Shakeforge le poudrait contelancer.
covrechaf emblème tricuspidal mis. Pour l’homme qui a rompu les rangs au Monte Sinjon. Egale déjade ? Que ça nous approuge là, en avance sur le programme, qui en est déjà plan accompli depuisyne : Dathy Dadais des Cinq Positions (le rayon de la mort puisse l’arrêter !) est encore, comme Paulus le reproche, sur le Madderhorn et, entre chats et papots,1 hardie Teste de buch à se chivrer les timbres et Hannibal mac Hamiltan l’Hégérite2 (qu’il prenne de live de coude !) se buildisant du ministère, comme le reprèche Timothée, dans le Saint Barmabrac.3 Numéro Trente deux Onzième raie Ouest regarde vers cet (puisse tout dans le tocomende du spil semperéternel s’en pryouetter !) arbre à date dolorifère qui plus qu’au rejamais feuille plus tôt que chaque croissance et, au coup d’elf, têtebat, les nerfs effilochés se demandant jusqu’à ce qu’il se sentent solés comme n’importe quelle femme qui a été âme née pour toute éventualité au purdah et pour la combientième et commecestbientième fois à ce que les démons dans cette jà case qu’art on a pâti pour Massa et Missise et hijo de puta, le fermament semé de l’étincelle du starryk fildgosonguingon où souffle une némone à chaque clignot de toufin à vent 4 ils se lissaient tout du long et se neigillaient à l’écart et scoutaient à l’entour et stiraillaient partout. Pendant que tout ça ou sur ces entreballons durant de bonnes années vantées Dagobert est dans la clean ville natale de Clane faisant sa prépa de prépuératoire et apprenant à afficher un large visage bronzé à travers un méataeriel brisé à braies chez
1 Lève vite, reste si long, descend dowslowment!
2  Si je gnose mon gnougnobe le chaque de lui est gnatif de Genuas.
3 Un verre de pelure et pépin pour M. Potter du Texas, s’il vous plait.
4 Dans le monde entier on aime de la grosse gelée luisante.
Puzzi, puzzi,
Je sens le chat
Bryan Awlène, Erin a son hircovelu culotier.1
Deux fait ni une aile telluscrute au macroscope
Du Buffalo Times des jours bysonés.
Quick quac quote le perroquet des dates.
Et comme, ces choses-ci étant ainsi ou jadis ces choses-là ayant fait, tout au bout du chemin de retour à Pacata Auburnia,2 (jusquement inarable sainte gammel Eire) un monde creux dit sur l’autre, (si tu m’as saisi, voisin, en quelques gros morceaux, geek ? taon saisi pas le plus fort) Standfest, notre sagon héros topiocal, ou tout ottre macottre, donc signe camant sur le dos de bastille aux ventrembleux, seaux hissés en plénitude, taon argenté à son jubilé,3 bouleau effeuilles sa jointure, notre lavy de compavide, visage plein de chair tant gras qu’un coq su’l front, Airyanne taon Blousiharde sirnebullé, ce couple royal en son palais de hauteur à branches rapidées De Bouc taon Compasse (numéro de bigo : 17:69, si tu veux savoir4), son bras de mer fortour d’elle, son eyne vélivole ennaufragé, a discut leurs choses du passé, crime et fable avec honte, tonte et profit,5 pourquoi lui mentit lei et hun tenta tuer ham, scribouille de boitille, dans les veines de qui court une mixture de, sont enclins à la chaleur et durs là dessus. Que rillon me jette leçon du sort. C’est des contes tout recomptés.6 Aujourd’hui est bien tien mais d’où pourrait demain être. Mais, bénie soit sa tête boucquelée et banni son chapeau fouloqué, ce qui nuit au monde est
DE LA DICHOTOMIE CÉNO-GÉNÉTIQUE  PAR LA CONCILIANCE DIAGONISTIQUE Á LA CONTINUITÉ DYNASTIQUE
1 A savavafou pour ton furavatal.
2 Mon globe va bagaddynauder au gloussiggle géographique pendant quel moment où je cherchais ma chaussure à travers toute l’Arabie.
3 Ça doit être quelque bête noire dans le gendre spécialement quand il est vieux qu’ils arrivent tous bientôt à voir.
4 Après moi à consulter le plan dans la  Justice de Pièce de Humphrey c’est dit de voir les chapes qui précident.
5 O boyjones et hyerredites ! Seulement que passanne a dit à missus le comportement de ses massas elle aurait ri si flacide ç’après ça elle avait plongé sur son curbe flasque ils shaikeraient jusqu’aux shoukettes.
6 Tradurci en janglage jinglé pour les nusances des greniés dauphins.
Il y en a qui cherche des dulcarnons à deux têtes mais plus pulfère les navets.
Omnitudes enkn autre échedelle.
l’ennui de chacun pour l’autre à attendre de faire clown liste de ses proprieures erreurs, la main heureuse qui en retourne une, 1 libre de son floride futur et de l’autre similitude chantante, faichant funèbre passé d’autels sanglants, gaël avec un bong accent pour lui, colombe sans gale. Et elle, du nid de jilldaw 2 qui déchire les lettrines sur lesquelles elle n’a jamais apposé la plume. 3 Pourtant chantée d’amour du monstre jumain. Ho qu’et Hécube pour l’eux ou elle pour Hagaba ? Ough, ough, brieve kindli ! 4

Pour nous tous chevrots sous son égide.
Sauver au public sa santé.
Superlative absolue de Porterstown.
Les vêpres des chiens sont anfinis. Vespertiliabitur. Goteshoppard enlève son hanteau de gabharde pour s’assez eoir avec Becchus. Zumbock ! Achèvre ! Pourtant le vent sera d’avant fadervor 5 et l’heure de repos rumini et bergoo bell si le Nippon ha ve perlsor opale l’Eldorado, le met dindi, déléché ! Grasse muire, dieu d’huile ! Car (chutmagandie !) long q’c’est usqu’à ça brille que tous coqs s’éveil et oiseaux se Diane 6 au chant hail de l’aube. Sombre serait flou crépuscularisme. Que chauve  souris ce ? Il y a du pépie strillant. Chez Brennan sur l’amarre. Chez Tam Fanagan ce vague quoyq s’oncor va far. Et s’ébattent encore ici des noctules et peuvent se dire des choses incommunallons encore avec ce sentiment bouffant. Grosses indistincte timonerie au saboîtage 7 encombrique avec une charravan de chevraillers corbuçonnés on garde c’est paix qui suit sa loi,
LE BATARD SOUS LE TAS D’ORDURE. SIGNIFIANCE DE L’INTELLIGENCE INFRA-LIMINALE. OFFRANDES
1 Il me donne des pulpititions avec son Castelcowards jamais dans les futwows et toujours dans ces fwettaws et puis nous débébétisant de nos noms de jeunot fille.
2 Mon vieil or frather m’a presque rovendu fou etme teint mort pour garder mon visage sans ride comme dans les readymaid maryangs car vient joli comme marche un Holmes.
3 Ce que j’aimerais est une pierre louis de jade pour aller avec l'increscent de lune.
4 Parley voue l’Askinwhose? I do, Ida. Et comment appeler le bétail noir. Mopetsi mepotsi.
5 J’ai été tellement dédouilletté dans mon crèchedo des apholstres mais au bout de la laisse je m’étendrai plus capritieux dans son lit à deux plommes.
6 Pipette. Je peux presque rot sentir leur douceur zor mes lèvres zotes.
7 O lis sous haillis des cerveilles
Pourquoi des ponts de choix si emboués enjambent notre route Fluminienne.
P.C. Helmut est au boiscoton
Listenant.
Le trône est une ombrelle de strande et un sceptre est un bâton.
Joyau jadé, notre cerf daktar
Bouddés gautamés déossiphyssant notre Théas.
Par signé en pondus avuirlapoisse
au Roi du Dimanche 1. Son tissuie aux sept couleurs (Ochone ! Ochonal !) 2 et son imponence un tas bloc moncelé (Mogoul !). Et les rivières dégorgèrent comme des femmes tasques rondant à la course de joyeuses beuveries pour les fewnyrallies, 3 quand chaque fêtard’el’autre d’un fater, tous fiannians. 4 Le vèlant poitrail, lui géant vuilant, la montagne deuillant sa tuquetie toute rosée. A l’obédience de la civicité en urbanieuse à félicité qui fera déjale Michou miche notre mimbre suppliant quand il est de pleine tête diputé pole et pitre burgeoui et Mademoiselle Mâché Mochi est tiptopée par Toft Taft. Boblesse gloublige. Car telle Anna ételle au bégut vit pourtant et reviendra après s’être reréveillée d’un grond profond ronrond et un nuit blanche mise avec une vaches de Drommhième à telle averse qu’il y a un mouille encloudé à Westwicklow ou une petit rose noire truant l’aubépine. Nous avons drâmés nos drèmes jaspe que Bappy revienne. Et Seine renouille. Nous ne dirons pas que ce ne sera pas, ce passage de l’ordre et la venue d’ordhur, mais dans l’herbest pays et dans le pays autour de Blath comme dans cette cité même de légiondes ils cherchent à ce qu’il soit toujours encore. Ainsi navette des chalumeurs est faite. 6 Eric aboy ! 7 Et il est temps que tous paient tribut à cette massive mortialité, cette rose de ruse perfectionnée comme photographie de boue. Certains peuvent chercher à frauder le
1 Je me demande si je mets le vieux busier une nuit à sucqueler dans le miel à in Millickmaam comme on le faisait pour emballemer certains des papes speciaux un livre à la main et la bouche ouverte.
2 Et un vilain viol évientreur dans sa lucraisise togerie.
3 Nil voudras ti vumidifierais tes vecteurs, barde des varriors ?
4 Roe, Guillaume, Bui, Grine, Gorham, Endicot et Vyler, les lais d’homes anciennes.
5 L’effet stanidsglass, tu  jurerais sugerement que foutrebeurre fondrait pas le long de ses pantétons coulinants.
6 Suiquataille et Suinatthieu avec sant leur dam.
7 Oh, pourrions nous faire avec ce commondu que nous avons comme ce profanien redbanqué avec son bakset d’yostres.

Casquet de criquet et triangle, collet et tinctunc.
gobet de sa quantité de qualité mais qui veut tricher l’argu choc doit apprendre à se remacher la cudiette. Toutquestrou s’ascrache sur parchemin circuminiuminluminéa des encuoniams ici et des improperies là.1 Avec une pansie pour la pouchie toi là2.
Oncle Flabbius Muximus à Niecia Flappia Minnimiss. Comme est ceci. Et comme ce c’est.
Chear Brotus, plate moi l’orrière.
Rockaby, babel, s’aplatit un mur.
Comment on a miné la bonne nouvelle à Gent
Sagez attentifs au coeur de Fanciulla, le coeur de Fanciulla ! Même la souvenance des frondaisons de saules évoque un charme qui laisse où hear.3  Les hâtes près de la mare aux nonnes grises : ah eh oh j’en soupire aussi. La cloche arbonne Colman : voue ici la serre quinte d’usineur. Jenny Wren: pick, peck. Johnny Post: pack, puck.4 Le monde entier en veut et écrit a lettres.5 De lettres d’une personne à un endroit sur une chose. Et le monde entier est en vœu de transporter de lettres. Une lettres à un roi sur un trésor d’un chat.6 Quand les hommes veulent écrire a lettres. Hommes en tas, hommes en tonnes, hommes de pen, hommes de pignes désirpent amonter l’échelle. Et les hommes deden, hommes du dun, hommes de feint, hommes de fun, hommes de hène, hommes de hune vinrent érazer un leader. Lettre t’il un dernier jour pour beaucoup de gens, Daganasanavitch ? Empire, ton plus extérieur.7 Une corde harprosie. Si le vol plisse.
INCIPIT INTERMISSIO
Nous avons tripassé sur notre chemin l’imprince de tris de pas jusqu’à ce que cette force dans la ravine soit vanouie loignée
MAJOR ET MINOR
1 Gosem pher, gezumpher, à grize il est un jarry grim félon ! Dieu le bernisse !
2 Et si eux il se mettait sis sur ton stalle aussi dur que mon était elle pourrait pharier ses phomdes doleurs il aurait une culieuse impressiom du diminitif qui chafonne nos fins.
3 Là où j'suis Enastella et suis prise pour Essastessa je ferai mon affaisse sur le piano pohlmann.
4 Jumords célestes, si c’est l’une des siennes je vais joliment feinter aussi chaud qu’il entre-rooms.
5 A glisser dessus, à s’en lasser de côté, à y être classé, à bien placer. Et quand tu as fini tire la chasse.
6 A l’office de ses modestés.
7 Se pavane aussi fier qu’un grand turquin vegin ce cuco sur ses Edèmes et Clay à hat de forme.

et la face dans l’écorce d’arbre feint l’effroi. C’est des pierres de pluie qui résonnent. Etrangement cultées pour cette cesson de l’antan. Mais Erigureen est toujours. Prix pot poson ploc patilinéaire, si l’osselétion de l’onkring donne nome à l’omen ? Puisque touté guerre qui finisse la guerre que les sports soient loisir et foire aux affaires. Ah ah athclète, bénisses tu blin de pied ! Towntoqueste, fortoreste, l’heure qui hâte est hurlée. Une halte à l’hégard’ouïe. 1
COALESCENCE DE MODES PRO-LIFERE UNE HOMOGENEITE HOMOGENUINE
.
1 Vienne, lisseur de mon ardoise, au battement de ma rougisse ! Avec toutes ces jaignelles daurées qui larguent ça et là et les frissons et hérissons des floraisons couchecoq ceraise tant de plantes de plus que de chantes pour cécilies que je pensais honnêtement tuer les temps de mettre fin à moi-même et ma malodie, quand  je me suis rappelé toutes tes erringnesses pupil-teacheron en classe de perfection. Tud’vraipas écrire qu’tupopas si tu v’draipas passe pour indéveloppementé. C’est la proppe façon de dire ça, Sr. Si c’est ma chure à avaler tout ce que t’as pas dit tu peux manger mes mots car c’est aussi sûr qu’il y a un cas dans mon kiss. Quick erit faciofacé. Quand nous conjuguerons ensemble agréger égarer régir regretter tandis que demain ventile amare heure, verbe de vie et verve à vie raliser, avec amour ay aimée ai-je sur mon épine dorsale et le fait-il pour toujours. Tu m’es sevère ? Rue grette alors. Mon intentionné, Jr, sur qui jette suis throné, (inst le voici, mon pilon de vi, une likon newfolie) quand je me glisse dans mon pettigo j’aurai mon décret et soiesirai mon bord si je ne suis pas d’abord élabourdé par quelque Rolando du Lasso, et étalerai les petits films flêmosis faire la grigue à mes juniorés du collage qui, bien qu’ils flushent le fuchsia, sont-ils octette virginitée sous mon écran mais toujours mes figurants. Ils sont peut-être le oui de mon and’hui, mais ils sont nary nenni de ma journie. Attend que le printemps ait prompté en piqueture et que les bourchons aient prie mencé de boler il y aura pleine primeur d’animaux domestiques à dorloter et m’acroter. Imminent mariage. Nature en a dit à tout le monde mais j’ai luriné totallées runes qui règlent le plus joueux des jeux jamais ju de ma vieille nourse Asa. Une très aventurante trottée qu’elle est et elle les voutant bien connaissu tout par cœur et à quatre mots. Comment Olive d'Oyly et Winnie Carr, les bijupiers, ils ont éreizé l’accompagnement d’un salandmon et combine coûte un poivyeur et un salier marin avec un poet de moustide treux. Ça faillot être Mad Mullans qui l’a planté. Bina de Bisse et Trestrine von Terrefin. Sago sonde, rite va la ronde, coupe caquet, couie cocotte et (rappelle tout ce que je devrais oublier) pi tonne la thor. Auden. N’était-ce pas tout simplement divinant ce dogue dag à Skokholme comme j’étais assis à califourche dessum leur autel à Drewitt, aussi cueilledas que cul-combre, claquant mes étroits jusqu’aux ruines pentantes, postillon, postaillon, une braffe d’esbrouffe, avec toi qui m’offrait des nuences d’amncens et eux les corneurs faons de théâtre sous l’évant ! Ne sois pas de rouge,  blanche menche ! Cette isabella sur qui je suis connaît les ruelles du rut et elle n’a peur de gui xesoit. So sing l’oud, sweet cheeriot, comme anegréon en hèvne ! Le bon pelle avec le vibrillement dans l’oeil aura toujours des gateaux dans la poche pour nous fouiancer avec pour notre bien semichelnel. Amum. Amum. Et Amum encore. Car la dure vraie citée est plus forte que la fiction fortuite et c’est l’argent en surplice, oh mon jeune ami et ah mie douce créature, qui achète le lit tandis que la malice emprunte les habits.

Hicstoire bibeleuse et hurestaire Barbarassa.
Une cabane de berger en cuivringes et soupe porrishiale tous les jours.
Comment s’accorde mefutes ?
Le hélos tombaut soul sur la jambe de marche.
Une scène sue. Ou dreamoneire. Qu’ils mémoriseront. Par son Espéré qu’elle écrit librement pour l’or elle qu’annalykèse si horrare pour œil qui somne. Est-ce dans les bois mots-là dans notre douce plantation où les branchements feront singinsing les demains en allés et les hiers résultés tels des Satadis après milune lex lippe sourit à la messe commémort douzemois ? Tel est. Cher (nom du sujet désiré, A.N.), bien, et je continue pour. Shlicksher slesh. Moi et nous (tendrons condoléances pour d’heureuses funérailles, un ef furt) si désolés pour (mention personne supprimée pour le moment, F.M.). Bien (enquêtes santées sur tout le reste) comment vas-tu (point d’interromaggyion). Un adorable (introduis dans les cercles domestiques) achats pershan. Shfrot. Ces boucles elle les accroche pour la plupart de Poppa Vere Foster mais ces mequeues fiorisées sont du modelé de Mippa. Sfrototr. (Agite doucement dans l’ere en tournant ptsus.) Bien pitette (espères de consolation) d’aïr bientôt. Avec le mieux de cendre Christinette si le printe carmant, peut être quand désire Soldi, par asamples, est dos devant ou, si tout, puithrolio ou Aie mon Prix, en utilisant sa fleur ou son parfum ou, si toutoutoutout carmant, en d’autres ments, lequel elle supposait adeal, kissistes mes exits. Shlicksher sleshotr. D’Auburn chênelemagne. Pieuse et pure belle, tout a concomité à ceci qu’elle les piétinera les feuilles des arbres de vie dont le silence jusqu’ici a brillé comme une sphère de fastalbarnestone argenté, cette fontaine Bandusienne jouera une musique liquick et aux odeurs tardives un soupir de musc. Claillosse rouglisse dessang, une chérie qu’était. Dorme en l’eau, drogue au feu, secoue la poussière et rève la tienne qu’y donnerait ses bouclatères. Jusqu’à ce qu’à plus tardernière

Mai maintenante elle est venuse.
Lammesse y soit mené par hammameçon nos femmes de lessive, une étrange de merveille ténébreuse comme ce mauvais jarde d’épine, un champ d’allégresse faerie comme cette sauvage flueur.
Deux Dons Johns
Trois Totty Askins.
Alsi Se crache Zérotruistre
Aujourd'hui comme aux temps de Pline et de Columelle la jacinthe se plait dans les Gaules, la pervenche en Illyrie, la marguerite sur les ruines de Numance1 et pendant qu'autour d'elles les villes ont changé de maîtres et de noms, que plusieurs sont entrées dans le néant, que les civilisations se sont choquées et brisées, leurs paisibles générations ont traversé les âges et sont arrivées jusqu'à nous, fraîches et riantes comme aux jours des batailles. 2
LA PARTIE JOUEE PAR BELLETRE Y ASTIQUE CE PAX-BELLUM.
MUTUOMORPHOMUTATION.

Un shillum saxum pour le sextum mais nothums pour ce prêtre de parridge
Margaritomancie ! Hyacinthineuse pervincivité ! Fleurs. Un nuage. Mais Bruto et Cassio sont qu’incaille de langues trifides3 l’entêtement murmuré, (c'est démonal !) et les ombres s’ombrent en se multipliant (il folsoletto nel falsoletto col fazzolotto dal fuzzolezzo),4 to-tients quotients, ils carolent leur querelle. Sicamaure sot s’woufle sauli. Aerger de l’ancien. Et dans chaque sens à la fwise gloire signe. Et si elle aime moins Sieger bien qu’elle laisse Ruhm marmoaner ? Voilà comment notre oxyggent a eu prise sur la moitié de leur monde. Parcourant le libre de l’air et se mêlant au ruché. Enten eller, ou bien ou bien.
SORTES VIRGINIANAE.
Et ?
INTERROGATION.
Pas même, plutôt!
EXCLAMATION.
1 La fosse nasale de nos arrière pères du peuple natal tel tellementenant pour Valsinge-agitérex et sa triumpe de jour des grands arcs.
2 Grasduis ça gaischuite en turfish, Teague, c’est un bon bog et toi, Thady, polisse le bien, il y a de la nateswipe, sur ton palpier pulpard.
3 Donnelly trompe la mort, j’aime tes tas perçants de mensonges et ton courrier étranger brillant alors voici mon cauri carte, j’y dalgo, avec tous mes exes, igréés cédés.
4 Tout ce Michell est un nigre de dépenses et je vais aller jusqu’à voir qu’un jour  ce Méga Mick sera lui-même sans un icol.

Trous de force
Avec sanglots pour son boulot, larmes pour son labour, horreur pour sa dévaleur mais avec entrain pour sa perdition,1 las, le boor ploie quand le laird l’emploie.
ANTITHESE D’ANTICIPATION AMBIDUELLE.
L’USINE MENTALE PREND ET DONNE.
Aubaine à begyndelse.
AUSPICIUM.
A m’essor d’hui gloire rame ! 2
AUGURIA.
Décampe des troqués pour dactyle et spondi.
Pomposité pifflicative de pérégrin panopleux
Une louchée flink pour une plongée freck et une pose stern pour un bond swift était frankiment assez sûrement au manuel arith qui était l’akosk il le connussait depuis le berceau, pas d’oiseau meilleur, pourquoi ses fingures elles lui donnaient de qui faire fifre avec. Premièrement par observation, y vint boka et près de lui les vers de perruques et près de lui des titrillettes et près de lui fossajoujoulecoq et près de lui dépochesseur avec pombe dépochesse, point dépochesse, aiguillon dépochesse et promesse dépochesse et  squilesprend. Saint Jo dans l’Eden lai 3. Et n’importe commentes toujours après eux plus il pesait fossette plus tombait il fond de ses quatre nuls curdinaux recruits d’amour, son élément curdinal numen et son énement curdinal marryng et son épulent curdinal visevache et son éminent curdinal Ka O’Ka. Toujours les réciterait-il, les houjahs koujahs, par la rota, dans son catachysme de Fanden du dépuil jusqu’au builli, de l’enlise de mars au décemvers, pour épingler les tenners, pouces vers le bas. Et anon tenant et toujours, sivrai que t’hier là, voudruserait-il arecréer em om façon lumbreuse, comptant les caius sur l’échelle de pin puff pive piff, piff puff pive poo, poo puff pive pree, pree puff pive pfoor, pfoor puff pive pippive, poopive, 4 Niall Dhu,
DIVINITE
NON DEITE
L’INCERTANITE JUSTIFIEE PAR NOTRE CERTITUDE.
EXEMPLES
1 Tandis que je ventillerai les campanules des bois sauvages parmi les herbes de ma fenêtre.
2 Lose Déose Simpre.
3 Mais où, Oui où, on me fait mon petit corniud ?
4 C’est sa valse glissepire de chez Pigotte que j’aime avec ce Lancédancé de pas.
Fais pas.

Non plus ulstra, Elba, nec, cashelbum tuum.
Dondderwedder Kyboshicksal
Quarellante Unn, Enoch Thorente, un si suite, comme te balourder la casquette, etteuqsac, jusqu’à enferblanter le grand jonchet.1 Pour en faire la somme, borus puie notus puie eurus puie ziphre. As, deuce, triques, quartes, quimes. Muletyplie bien sûr et rapporte à leur nombre entier. Tandis que d’un autre côté, traduits par leur comédion nominateur dans les termes les plus miches pour leurs parties aloquentes, sexes, soupers, oeilleurs, nouvelles et dés2. En s’exerçant il pourrait trouver (le raque inferni) la valeuse qui vingtienne-la-neuvemienne sans resitant d’une égalité de relations et, avec les aides de ses tables, improduire fullmin aux trompiétineurs, mailles aux chaînes, weysseaux à Nuffolk jusqu’à tods de Yorek, ozées ad libs et plusieurs émiliés, plusieurs centaines, de civil à civil des galants impérieux en pintes (irlandaises), levant le vin ce ton livertissant au bas de l’havit au clouth et une lieugue d’arcrés, de foudés et de perchés sous la dure vue de nez offite. Que signifie le tout ça 3 mais, que tout soit prouesse de dix, c’est aussi étrange à relater il, nonparile à releir, et que rite et que hanter, prenait allemal de dullureux points dans ses nucleudes et alegébriété. Ils n’auraient pas eu pris de positiants sans avoir faire en y où errent. O todhonteurs et alléniates, suragnomes d’aabs et baas, yés et zés comme incognites, abatez en lui le filblan ! N’y verse pire hermane dororrhée. Te donne la bougeotte, ce lui semble. Ils devraient te dire chaque dernier mot premier tôt qu’essayer chacune quelle façon de le tartiner en kindre sorte à longueur de poison. Montre que la
1 L’homme de douze boutils, vingthuit arcs en boucles, la femme aux fortis bonnets  et chaque jeunessement vôtre fait all’onze adde le cent.
2 Gamestre Damestre sur la route de Rouen, il fait croitre chagrun de son fact tal jour.
3 Slash-la-Bilule soulève la bullette. Cours, Phoenix, cours !

Un Anglesque bourracteur a été travaillé par l’eccentricité.
Un oxygon a une reclinaison na-turelle à se restoser.
Ba be bi bo bum.
médiane, hce che ech, intérectant à angles royde les pattalèles d’un obtus donné on bis-cute les deux arcs qui sont en curveachord derrière. Bains de briquetique. L’umbroglia de famille. Un poteau Tullagrovique1 au Haut du Comté Fearmanagh a une septaine inclinaison2 et la complotcession graphunéraire pour toutes les fonctions dans le Bas Comté Monachan, là où égale que chose est rivisible en nictime, peut être involue dans le couplet zéroïque, des pals pilent dansa heptième parille à nulletant de fois  , trouve, si tu n’es pas littéralement couefficient, combien de minnées combinaisies et per-mutandées peuvent être jouées surde l ‘incommensure internationale ! pthwndxrclzp !, csache rute cubide extructée, prenant une enne illitterette, isisisis à la fo. Réponses, (pour les institieurs seulement).3 Dix, vinte, trite, voi cé, ex et trois uns dégueux totchtés. De la solation à la solution. Imagine que les douze difforendus imbrailléciles du mhuonde sur-beuglé soient la contonuation à travers la régénération de l’urpitération du mot chantié. Il s’ensuit que, si les deux antésédants fussent bissyclittis et les trois vélourds de coince-sesgonces, alors, Aysha Lalipat aperclue sur le pétalier, Gros Perrwhiqué4 restant upsessionnable, le NCR5 nous présente (année tandem en fin durée !) un turquo-indaco ottamantique de shanillant pictorial par shimblement pictorial si long comme, di d’éjourdisse, sumblété pictorial, viridoréfulvide, luit lustrerreux,
1 Dideny, Dadeny, Dudeny, O, j’voudrais savoir cette piouce sur ton époll.
2 C’est le toutinhum dans ses bottes.
3 Venez tous hapney cochards de hapnées et soutenez la presse de richeviue.
4 Braham Baruch il a marié son coq à Massach McKraw oncle d’elle par alliance qui a voué sa veuve en noces à Hjalmar Kjaer qui a adapté sa fille à Braham le Béru. V pour Wieudnoce, P pour changement, H pour Lona la Konkubine.
5 Un gi est juste un jai sur la chevachée des jouants.

Finnfinnotus de Cincinnati.
Tous chuots gain Arthur et Everguine ses hommes
Nom de nombres !
Les bulbariens.
mais (lenz à lacune lente ce lot), si cet heuleux cycle erdorique est outracieusement enaviolé par arturnée de table ronde mièrelimplement, comme des knuts en mai lées, les zitas courind hure et durte1 les cassoeufs dans le moulieu, comme un sept de flèches sans pennes, fatrace, piètine, polonne et vaque, tout missieu plisse la dame ca lui i court gars vite tout même poule moule à grande case ca lui,2 tandis que l’exarx cativé et canullé semble himmultamaniment riyonner (il gagne sa moin ! il tombe en queue !) l’erste et darniemand3 et (uhu et uhud !) la farce perdée sur les erroroutes4,  les poneys à twa jambes et des ânes cléportes à trois poignées (madahoy, morahoy, lugahoy, jogahoyaway) MPM nous amène un pamtomomiom parc en ciel, aquavalant aux (chatte mes chiens, si je chuite foutuding comme tout !) kaksitoistavolts yksitoista volts kymmenen volts yhdeksan volts kahdeksan volts seitseman volts kuusi volts viisi volts nelja volts kolme volts kaksi volts yksi! allahthallacamellé, carave en série au finish des fractures d’helve.5 En d’outhres trames, un de cinq, deux a cinqs uns, un de cinqs deux millamilles avec un millin et un demi millin et deuzes deuzes cinqs cinqs de bullées clavres. Pour une survue de tous les factionnables voir Iris dans le Monde Évenin.6 Binomaneriens comprendrés. Inexcessible comme Te par les voies de dieu. Les aximones. Et leurs prosta-
1  En parlant de chamelons de futre.
2 Barneycorrall, un précédent pour la prodection contre la curiosité des enfants
3 Une haremhorde d’une qualante vingtaine de rossies rudériques pour son diveltissement.
4 Regarde ton fou de père sur son agite-carcasse en rut libre autour du square Myriom.
5 Essaie l’Asie pour le corps d’assphalte avec une âme concrèke et les quartiers avant de la lune se désarriérant de sa phase.
6 La malmalade de tomates servie avec une salade De Quincy peut donner du goût à du Bluse d’Indiane sur les violènes.

lutes. Pour son braon neuralgique.
Egal à = aosch.
P.t.l.u.a.t.o.
HEPTAGRAMMATON
Vive Paco Hunter!
Le hissé en rouge et l’a-baissé en noir.
Ainsi, bagdad, après que tombent ces initiales et cette taincture primaire, comme je connais et tu connais toi-même, engendret, et l’arabe dans le ghetto le sait bien, par nettus, ni aucun mède ou persan, les coupures comiques et les exerxesses de série ont toujours dû être gambadés dans le livre froist de Casey de, page tournechée à la trancième, piratés chez Hickey, harcaneur au Pont de Fer Wellington, et ainsi, à la longue fin, comme ça se rebattrait, doit-il se trumper d’adieu atout atous ces mains cardiniles manqué d’une bonne donne, des rademocheries et des cullinans rosses et des piqueflutes entréflées. Cœurs chéris de ma comptrée, les révoquerait-il, adieu roulage aux nombres dépaqués, et, le temps n’étant pas un aide d’ores en fort, plats tu lèches un avant tourne outre.
HYPOTHESES DE TRES COMMUNES EXPERIENCES
AVANT APOTHEOSE DU LUSTRAL PRINCIPIUM
La bessière basse du boss est le browd de Mullingar
Problème-toi premerstement, construit ann aquilittoral Probe loom de druhanche ! Son primal outeil de main à la plante dans son salivarium. Concocte un équo-angulaire trillittère.1 Sur le nom du paniquère et d’hors des frises et des tripodes mythamétiques. Biensi bat-il.
INGENIEUSE LABOR-TENACITE
COMME ENTRE INGENUE ET LIBERTINE
Les aliments de jumeantrie.
Nei peux-tu te la faire, gourd ? demande Dolph,2 soupçonnant la réponse que n’être. Oikkont pas, et ken à toi, duduche ? demande Kev,3 attendant la réponse à devine4. Ne fut non plus le conniant longtemps désappointé car le plus aisé des bissjams, il fut fait à la renvice. Oc, se dit à oui, fais, Sem ! Bon, c’est oil donquement. Gamelle moi d’abord une gorgée de gadoue, gars.5 Ogloires,
PROPE ET PROCUL DANS LA CONVERGENCE DE LEUR CONTRAPULSIVITE
1 Comme Rhombulus et Rhébus ont fait des buildings enrhomés un jour.
2 Le trouvelleur.
3 Du visage disordé.
4 Nomsà simple barille pour de jumelés emmélés en double parallèle.
5 C’est comme pudging une cuiller poigne de sugans dans une cassuie role de choucolout.

Lavandieures au plus dégallé
le virtuoser prie, olorum Pourquoi D.V. je à ça ? C’est une goosey conségans que tu en tires, lui dit-on, pourquoi Deva ferais-tu ça ?1 Brège, nconneige route royol au Puddlin, prend ta mut pour un premier commencement, big à bog, back à bach. Anny liffle madoue qui émam sans doube, je pense. A.I. Amnium instar. Et trouver un locus pour une alp contrhowlthe les baies sitions qu’elle prend comme prisme O et pour un second O déboîte tes compas. Je n’ai caïn mais es-tu able ? Nodeline amicablement. Gu le ! Nuit maintenant ! Dis-moi, dis-moi, dis-moi, orme ! Nuit nuit ! alors que ça exseth le twain twain entre nous. Prompti ? Mux ton pistany à un point de la carte côtière à appeler a mais prononcé olfa. Là est l’île de Mun, ah ! O ! Cé juste ! Bene ! Maintenant, tout en odre de pomme d’alpin2.
(car -- cosse, casse, un esprit spire -- Dolph, doyen des oisifs, maigre sucisson de gert stoan, bien qu’embarekelé comme balbousse, lui aussi, -- venite, preteriti,3 sine mora dumque de entibus nascituris decentius in lingua roman mortuorum parva chartula liviana ostenditur, sedentes in letitiae super ollas carnium, spectantes immo situm lutetiae unde auspiciis secundis tantae consurgent humanae stirpes, antiquissimam flaminum amborium Jordani et Jambaptistae mentibus revolvamus sapientiam: totum tute fluvii modo mundo fluere, eadem quae ex aggere fututa iterum inter alveum fore futura, quodlibet sese ipsum per aliudpiam agnoscere contrarium, omnem demun amnem ripis rivalibus amplecti4  -- recurremment souvent, quand lui mouvait il fourrait leur chaire, coachait tendant au rebellium des mics de son pareil et sur son propre choeurage à l’Univarsité de Backlane, souaves pupals parmi quoi le pizdrôl était retiré, paigné et beurré,
1 Rentreras-tu dans mon piège à onde ? dit le renieur à la souche.
2 Si nous pouvions chacun faire toujours ce que nous avons évertuellement fait.
3 Dope en mots Canoriens on a fait. Prêche du banc.
4 Basquiche, Pinucien, Hongoulash et Teangtaggle ancien, la seule façon pure d’ouvrager une médiction.
pour un douillon le dollar,1 chancher les lettres pour eux vice o’verse aux bronze mottes et mélange de tschèmes poureux en tropadores et verhissés duplaîches à deux pans et montage de mots de fin picotants trop tandis, cunctants qu’un autre finirait cette sentence pour lui, ne plus druide qu’à lui de sourirumpoeufs2 ned, il, pour ne pas dire rien, si net, et tirer sur ses dix ongles ordinailés, pour essayer de défaire avec les dents les nœuds faits avec la langue, se recomptant à l’hum même pendant l’heure de la math, long comme large qu’il brode le réeleau de ficts funnish à propout de shi z’elle, comment il faust d’abord et sur les pensées segundes et les tierces la fille charmele que j’alove et quart ailleurs et salequièmement d’un sac d’Oxatown et des baroccidents et la propre accidence et hoptocol et hexenchose, in fine toute la foutue lettre ; et, au point de pied, quand il a atterri au leinster3 chez n’our lande de sauvés et solomnons pour la deuxiée fois quivenée, à part les lancées strongbouées de Lipton, la Lady Eva, dans une soute tane de sails4 il convertit c’est nataves, noms de saints, jeunes ordonandes, têtes de madères et vieux P.T. Publikums onguichés, à travers le médium de znigznaks au zèle sotirique, pour repousser leurs barcelonas5 de leurs peccamineux corpulums (Gratesses, Mr Dane !) et baiser leurs bottes (Maître !) aussi souvent qu’ils venaient à portée de sang de cet autre temple familier et leur montraient la voie célestine près de son tristar et son pruc hatrick et ses poirés monotomes tromblés et minés de nostrums qu’il avait prené à Hymbuktu,6 et ce même culteux galloromain est très prévalend jusqu’à cette très venteuse terre de misère tout partout ce qui était augrollavant un pays d’assoupi, en dépit de tout le blout, tout le braime, tout le blaud, toute la brile, ça a pissé, ça pa passi, ça a paissu tout ce pendant, car notre peuple massangris même si moussangoué, l’à la Vannerie7, tient toujours
1 La valeur d’une once d’oignons pour la richesse d’un sou de sanglots.
2 Qui nous a amené le monde jaune !
3 Parce que c’est géré avec le système montagne et rivière.
4 Quand tous ces sloopiers alliés a été ventitillé du poppo et, glissant le long  des anses et des fanses, s’est serpenté en volant à la mer.
5 Ils y avaient des plombes et des plumes et des jerrises et des massacres de citoyens dans les rues et des courses de traceurs de cannelle.
6 Peteri parlé de Crawyures Crampantes, banni en son Irlande natale pour avoir erré sous Ryan.
7 Votre rétrospectable fearfeaseur était-il à gatch de mutchtatches ?
le bout de leur gué raison et 1 se laisser foire dans les viels phois en bassur la Soignie, innové par lui, le prence di Propagandi, le chrisme pour la christomessie, le pillier pour les péris et le roc o’raleréalité, et véritable ment cru, choyons-nous, que pas toutes les sordures de boites d’ésoupes qu’est dans le poste à potage de la reine et que pas toute la fine sof d’or verd que contient l’Indus les hinduiraient jamais, (o.p.) à inverser le steeple change une fois à partir de leur ritelier d’ophis et deux fois les dimanges, à leurs anciennes habitudes clarnelles écrasées de la vieille Pâle Estime quand barrot tua cable2 ou Derzherr, fil vif, foulingua Benjermine Funkling hors de l’Empyre, sin son de sa droite, que, cummal, ayant listé curément l’entreloque et l’unterrelacune de ses vingt neuf relèves ou ses médictions continuentales, pommel, apostrophisa chez Bryne et chez Flammant et chez Furnesse et chez Bulle Hayses et chez Ellishé Chaught, hoc, eux (l.l.V.), malade ou intègre, raide ou sobre, qu’il tombe comme se tombe un corps doomné, sans autre mot des ostrovgods dans un sens ou dans un autre, dans leur propre descendance linéale, aussi priesto que pâtée au puddy,3 se l’colonne :4 et alors que nous profaisions en bande vers la maison des pouffes, parlant des manies des molniaques et des missions pour les maides à scotcher le schlang et les manteaux de cuir pour les magdées meuritées, bien sûr ça a du tout blâme dans ce monde médéoturanien de dire au béni par Pointre le Grâce ses jugements privés5 pour oùsi dire, disparito, duspurudo, desterrado, despertieu, ou sauvegardant ses présents pour son propre unique ami Brevadge, Conn le Shaughraun, mais pour revenir un instant de l’age reptile6 au coqsoin du prime atterrissage (page Ainie Rivière !) si la jolie Lady Elisabess, Hotel des Ruines – elle a couché sa manche de chaussourie pour lui deux truevères di l’amour (aux Ides du Valentino, à Idleness, Aire des Crues, Isolade, fille lunelée de Liv, avec le Comes Tichiami, de Prima Vista, à l’Etranger, soudain), et la beauté seule de tout ose dire quand maintenant, incouronné,
1 C’est à vuir, quand elle est réclarée des factions, de la vulgure et du décimat.
2 C’est juste des esprits qu’ils mettent  un corps loin.
3 Patatapadatback.
4 Jette la au rebut (la missuse).
5 Renarde le ! Poulain en jambes !
6 Est-ce lui pas connais que les murés ont des guerreilles. Hareng iman, est le néow roi. C’est les temps modelnes.
déceptré, dans quelle niche du temps1 est Shie ou où dans le monde au levé rose du tryst, qu’était la belle de La Chapelle, shapelée Liselle, et la fiche-en-mon-cœur de tout le tompull ou sur les limbes-à-laver de qui ses yeux semicupieux qui font maintenant la kindelle sont brillants,2 O Shie qui alors (4.32 M.P., vieux style, pour être précis, selon les trois docteurs eautreburis que c’était MacAlif et le pauvre MacBeth et le pauvre Mac Ghimely aux ticletics, des synchronismes, tous à la lauschène, un temps confirmé aussi sept sincuries plus tard par les johnnis médicaux de quatraine, le pauvre vieux MacAdou MacDallette, avec notaire,3 dont la présence était requise par la loi du Devine Présygt et la décrétale du Douge) qui après les premiers compliments4 med darkist lumière du jour, lui a donné ci ce vantage d’un bain à bulle baisers dans ses propres mitaines – si elle alors, l’alors qui matière, -- mais, seigneur ! elle n’aurait jamais pu avoir pressenti, comme elle l’aura déjà fraye senti, quand éclate l’orni d’amour, une douche aussi doucefroide que lui, le chanceleur, le charmeur à quatre volées, revenant doubler, nuit mointenant le temps qu’il faille le dire,5 bymby quand l’eau salée elle le lave ces iselles, O alors ! pour le monte miss (les bvoix de Fogloute !) sous cette chemise de fer et un nom étanche au vartry, Multalusi (laverait-il ?) avec une blanche poulette toute paisible comme, wen seul sait, l’est une claire à unique professée 6 et son tubatubtub washawash et son lampblick de diagonoseur, pauvrer pur où elles oùrent des filles cornêtes, l’acheter en par jure, il you plaît, nunc et tunc et pour semper lificot, et autres mavourneens duelles en nombres pluribles d’Arklow Vikloe à Louth super lux, venez messiés, venez mames, et touchez votre prix spott (car c’était lui le suborneur né, gars) au nom d’une des plus vieilles firmes ablissées de cuiseurs de vin, Lagrima et Gemiti, plus tard, son créve tes bugnes fait tiche invoquée par le titre désirle, Grincée de Nash tish,7 l’
1 Muckross Abbey crampantes otées.
2 Joke et Jilt vont se monter leur tilt.
3 Vieux Mamalujorum et Rawrogerum.
4 Pourquoi ces blonds puérils ont-ils ces grandes oreilles flexibles ?
5 Pomeroy Roche de Portobello, ou le Wreck du Ragamuffin.
6 Pas étonnant que Miss Dotsh ait pris la voile et qu’elle ait descendu de cette obloquohie.
7 Le bouquelet avec le chapeau de rusine est Patomkine mais que je sois soufflé si je connaisse fait qui s’esclave derrière le rideau.
Un Seul, Unique sauf Nul autre, de Saint-Yves à Landsend corn-ver, l’homme –de l’argent mandaterre !, ça a dû être, faou ! une terrible mavrue mavrone, de faire sauter à la synamite le vieil Adam-qu’il-avait-été, un tel finallée, et c’est plat comme le fut de Tut, car quiquittequi ? la poouvre fille, ataule soliveterre, ab oiseaudonnée, aussi inseuladée qu’un poirier de Crampton, (elle va gagneurn amer lleur lit par la douceur de son visage !) et c’est un court étonnement que tant d’épais du tom et de membres goudronneux dans tous làs âges subséquieux de notre timocratie se soient pointés pour consoler avec elle à sa mirrorable hutte aux dives hersées 1  jusqu’aux ives de Man, les O’Nouilles et les O’Priants et les O’Hyènes des VilleLochlan et les O’Hollerins de Stanybattre, houx les bons garçons, tous, baie mûrise qui va acheter ?,2 en julyautrie et kickychoses et madornements et ça n’en est pas le finis (puisse-t-il l’être !) – mais de penser à lui fondelant une nelliza seconde, 3 buss aclippé aussi (le meilleur était encore là si le torse était parti) où il fit et quand il fit, retriever jusqu’au dernier4 – échappe à mon oubliure à présent était-il couvert de poussière, nom de Lieu ! sur un laps ou tout de rue à descendre, à travers, vers ou venant d’un vilain, le long d’avec comme sur un gentil, au Rectoire ? Route du Vicoriat ? La Folie-l’Evêque ? Thorpe au Pape ?, après les haies de piquets, murs de pierres, dehors ou des dedans ou bouviers – pour que soit joyeuse la valseté quesprit-il à bien chacun un earling lilying, 5 et d’essayer d’analyser qu’ambo paire de bracelaines à gauchevers le roulyon essayant d’amarmer toute 6 de cette virilité d’immicheur s’immichant barbu mais insensible et les moustaches gaulisques de ça, Dammad et Gragne, à l’intérieur du laps limité qu’elle a (tuff, tuff, que tu es pitre !) à la même slapse pour les fins surviettes 7 dans leur douloucieux foyer du Sexsex, Débrouillé-sur-Mer (O petite tête grasse, sourcil slopre et oreilles épinées !) comme si lui, une notoriété, une édition foiste, était un bébé néonovène frétillant frémissant8 ! – diarmuée
1 O hce! O hce!
2 Six et sept la Ligue.
3 C’est tout autour me chapeau je vais porter un dido qui s’affaisse.
4 Avez-vous jamais pensé à accrocher ton stern et être nostredoyenné, Mester Boutonfly, me voici et Myrtille pétille de savoir.
5 Pour montrer qu’ils ont pris le préferrement.
6 Voir la  cuticatura du freeman par Fennella.
7 Rien qu’un gros pot de booty.
8 Charles de Simples avait un complexe d’infirmiérité avant de mourir de mort naturelle.
et granetu et Vae vinctis, c’est ce que lamor celui d’une gente poitrine ratte rapé à peine inhalé semble cercler vers  l’hors le plus au delà (c’est la vie qui est tout en damiage par ce baquet de triste rueurs) le ciel aide le plus en arrière et, remork mo, si les diorèmes so grandement déplaicés au Jour de Saint Lubbock sont du nombre d’une des plus improuvées des rondes shows, La Femme d’Epice et Banliouest (extrêmement épuisée avant publication, une édition de poivre d’inde sous peu), sont pour nos indices, ça agit paraître comme ça, par ma faie, et ça ne sert à rien de pastiprècher pour le cheesir soit ou la prière de clâpres frais au sang frais de jeunes gorges catholèches sur la Pelouse Huggin 1 pour prendre avertissement par le prispassé, pourquoi ?, par l’homme ... aux vaches, déliquettement, c’est comment il est più la gonna è mobile et  ils wonet pas l’ut ilisé ; et, an tu pourrais jeter un œil dedans la saucière cérébralisée de cet eernel vent mauvais bonpourpersonne, tu verrais dans sa cahute de pensées (étais tu, pour dire, assez décontaminé pour avoir l’air discarné) quel épavantable litterage de convolvuli de temps perdu ou égaré, de pays déjetés et de langues trainantes aussi, langa yamsayore, pas seulement ça mais, luminant la recherche, baché buché et en beau shell à la Mer pour phare de la distance dans la faturité, tes propres convulvulis de capman pickninnig ferait réel pour jazzte une fantaisie le novo prenant la place de ce avec quoi le perfeiz des mots étals était tissé et per quoi il était affusté affez fêtement, de manière, et de manière égale, la crame du tout faustien fustien, que ton launer soit fait léger ou schwer mode de ton soulard, c’est que, aussi quand l’effrayeuss vite fermé de notre duplex élèvenseignantgné rebignera pour te cigogner symibelliquement que, bien qu’un jour soit aussi dense qu’une décennie, nulle bouche n’a le poudroit d’émettre un bord de mear au maraish d’un land semoule,2 en une demie sylbe, damnie solbe, dormie salbe en avant3 la bête d’assommant, le sens commun, s’ingéniant à descendre gyrographiquement à l’intérieur de son lâche S.S. collier d’Eating fait du gogo d’oùicht te sévèrement comment – amouriaques Plutoniques entrejumellés d’yearlings Platoniques – tu dois, comment, dans une créalité indivise tracer la ligne quelque pwhawre)
1 Où Buickly de la Glass et Bellows pompèrent le Ruge enginéral.
2 Matière de Brettaine et brut fierce.
3 Bussmullah, cria Lord Wolsley, comment ma Tantine Mag' elle rue !

Cosse ? Cossiste ? Te parne ! Toi, tu fais quoi nom ? (et en vérité, comme une pauvre âme est entre mutation et mutation toujere la mort au travers qu’il a vécu devient la vie qu’il doit y mourir, il ou il avait tousauf – il était racho pour le raisons mais l’équilibre de s’esprits était estables – il s’est perdu lui ou lui-même quelque somnione sciupones, ainsiquelquil ait-il ou il regazetté, morphie vient, morphie va, morphie plante, morphie croît, un des maryamyriameliamorphies, dans l’œil lazulé de son lapis,
QUL AS COMME ÇA PASSA SA
Uteralterance ou l’Entrejeu des Beaux Os dans l’Wombre.
Le Vortex.
Source du Sursaut du Verse. Le Vertex.
Vieus Von DVbLIn, ‘tvas de ces dodelines qu’un dénébreux dense au coin dubois) le Tourniquet sous le Grand Ulm (avec la Pierre Mur à l’Avant-Plan)1. Etant donné nnant anne linch tu enn prends tout. Tout me permet ! Et, hissant les expressions ellegueulbrisiques hors de l’universel non dit d’aristmystique spécieuse de la vieille Sare à Isaac2, A est pour Anna comme L est pour liv. Aha hahah, Ante Anne t’es apte à appaire antine annalive ! Aubadam donne lever. Lo, lo, l’amour est la vie ! Eve prend la chute. La, la, l’amuse ment va hélas ! Aiaiaiai, Antiann, on est lasté jusqu’au lost, Loulou !! Cest parfait. Maintenant (lens
1 Dreamée contrée de Draumcondra où papilloufflent les vents meilleurs.
2 O, Sally Rieuse, va-t-on se laisser toadhanter par ce vieux Sieur Pantifox Quelqun Quelquechose, Burtt, pour le restant de notre étripture secrète ?

Sarga, ou la voie pour aller dehors.
Docetisme et Didicisme, Maya-Thaya. Tamas-Rajas-Sattvas.
icilles tes yeyeux dapplés, les miens sont presbyopériens, ça mur ira déshillera) on voit la cotypiancre ligne déroite AL (in Fig., la forêt) d’être continuée, s’arrête ait Lambdi : 1 C’est le téron mère là aussi. Permet moi anchore ! J’apporte noth et charrie l’horre. Et maintenant, mets-y ceci ! Un des lisses carollaires les plus murmurables qu’Ellis jamais raversé le murouïr. Avec Olaf comme centrum et le lambdon d’Olaf pour porte-batte dans le roule circumscript un cyclon. Permet ter ! Hannoo ! Aussi rond que le comolé d’un ef en jambe ! O, chéris me ! O, chéris me note ! Une autre grande discobelte ! Après l’Océan de Maquefrisonne. Actuairement tu en as entdickée une ! Quok ! Pourquoi ça, t’as pas de passer ! Fantastique ! Tôt le malin, sûrement condamné à chez Swift, hélas, la galehus ! Mariatch d’appariage, comme ton plapla de Bigdud dans la chanson de boudeville, les Troubulations de Gorotsky Gollovar, rauchant son turkvu flavori en les présinstes a las lydias,2 avec Mary Owens et Dolly Monks il a bévue sur mer pour border sa cropulence et Blake-Roche, Kinglirton et Doguerelle et son aurisenteur du furz, notre papacocopotl,3 Abraham Bradley King ? (ting ting ! ting ting !) Près du chû de son magmasine. Lompes, lavas et bassine.4 Bene ! Mais, thonderre et gazon, ce n’est pas touffini encore ! On se rappelle Byzantium. La mystoire se répète aujourdate comme notre rappelle mère Gaudyanna, qui était la fille d’un tanneur, 5 le chantait, je pense, à tel et tel moment consinusement au dessus de son pot de possette dans sa quer
1 Ex jup aodla Strate Carpengre. La maison des poupées et biquets. Metquncake - acte.
2 Un besoin vaguelant est un foin flagrant.
3 Génial pour lâcher de la vapeur quand tu te remarches le matin.
4 Au pied du Bagnabun Banbasday fut perdu en un qu’eut.
5 On est tous fondus de notre anmale matère.

La Cellule Végétable et ses Propriétés Privées.
Les haves et les havenots: une distinction.
homoloceuse humminbasse hesterdie et ist-herdie foriveur.1 Vanissas Vanistatums ! Et pour une nuit de millyures voeuées et un day. Comme le Grand Chaquesphrime le calimbre. En effet, je me rémormonne, des annoëls passés, purr tite meure de marrière, telle était son habituse en fête. Quand elle me donne les habits du Dimanche elle s’accrochait au Tate en Chamyng et otait d’une renifle le fantôme dans la chandelle à son vieux jeu de hanter l’êpre qui dort. Fidèle parti. Quand je retourne en rêve comme ça j’est commence à voir que nous ne sommes tous que des téléscopes. Ou le commévourallium vient tous sonsablement. Tel quand je dromais j’étais en Derre de lait et j’étais réwuckené par du bruissourd au grond mat. Reste en pace ! Sinon pour revenir. 2  Quelle mémoire merveilleuse tu as aussi ! Nmerveilleuse morrowie ! Straorbinaire ! Bene ! Je descends cité eau et rethym pas de pendu dans ma manche. Maintenant jaillissant rapidifiquement du bourbier-Louche de Lucan avec AlLhui comme l’Éné d’elle tétratourne un sombresaut. Tout se passe à quatre pattes, comme l’unstricte mon instructeur. Gare ! Et tu auras tout l’incle. Allow, allow ! Gyre O, gyre O, gyrotundo ! Hop lala ! Aussi uniem herum que t’es assis ! O, cher moi, c’était d’une gentille nesse ! Très nace en fait ! Et ça nous fait ine dignetique pair d’accomplasses ! Toi, allus pour le kunst et moi omethingué pour lui tenir la handel. Beve ! Maintenant, comme cela sera ressenti de manière pressante, il y a teu repoinds de pisse noeud où twaine notre doubligne de bircirculaires, s’unissant approximément dans leur suite poi et poi, se dunloppent en l’un l’ochre. Lucici ! Je foi
1 Couture de crèves nombrilles dans les shiorts en daim pour le gros Kapitayn Killékouk et les Jukes de Kellény.
2 Dis où ! Un timbre la coudre plein de scinte tintille.

Zweispaltung en tant que Fundemaintalch du Wiederherstellung.
où tu moi. Les graines double vues. Nun, quatsch de lemmes, vide pervoye akstiom, et je pense que j’suis suqeez dans le limon, colle moi punctum, mais pour des rations sémenales j’aimerais long, par Araxes, pour fourre un Pé majuscule pour Pridention là en bas tom 1 où Hoddum et Hèvele, notre monstre râtisseur, rasita son oiselle des parodies. Et laisse toi aller, Airmienious, et mimique ton modeste faux Po de messe en l’air d’où s’Humble ta fin. Où ton apexojèsus sera un point d’ordre. Avec une geigne fois, deux gémies fois, grogne jugée vendu et un croassement cliqueté cloussé. 2 Et mon faceage koink et kurkle essaye de faire piper le kik d’oeil. 3  Es tu bien là, Michael, es tu bien ? Penses-tu pouvoir tenir en t’asseyant serré ? Oui, bien sûr, c’est affreusement angelous. Pourtant je n’ai pas l’impression que c’est si dangelous. Ouais, je suis juste là, Nickel, et je vais écrire. Chanter la ligne du haut parce ça me va miquément joli. Mais, yaghags les hoguottes et l’arrahquinonthiance, c’est le dru le plus foueux qu’on a jamais entendu jeter depuis que Mathre d’œuf  s’est faite mère ouffée dans le plap de la pfan. Maintenant pour complaître aux angliers, aimé bironthiarne et hushtokain hishtakatsch, joins alfa pois et tire lâche en petits points et, pour être plus spermatiquement logoïque, aile pie et pâle ale par des troncles. Aloue moi l’aligne pendant que j’encloude espécieux ! La Niquè l’a fait. Comme pah,4 je peh. Petite bondière innée. Et aussi plane qu’une pique raide. Maintenant aqua in buccat. Je te ferai voir feuille de vigne au reposément le tout con quoi moi de ton éternelle
1 Parçu ffrench pour le ratrapissier serait délissié.
2 J’vais y passer si la vis fissure sa contrefiche.
3 Thargam t’un goeligum? Si tu penses noies que je peux, nage ton gué. Suksumkael !
4 Hasitatense?
5 L’impudence de ça dans les choses d’une fille !

Destinée, Influence de Dessein dessus.
Promethée ou la Promesse de Provisation
géomère. Et tu jetais sur elle sa coiffure de dessous ses hauts bas tu soufflerais sûrquoi Salmonson a mis sa seel sur une robe d’hexen.1 Hissss ! Arrah, vas-y ! Fine fait fun ! T’as craché ton averse ! comme un fils de Sibernie mais ayons-y ! Subtend moi maintenant ! Pisk ! Les serpumstances altérieures eitang aigrales, nous liftons, s’il lui plaide, par les fils du noe de sa  jabote au plus spids de sa tritikante (comme des milliers fait avant depuis que la foulie se calperiole. Ocone ! Ocone !) le tablier de servante de notre A.L.P., tout frayeurement ! jusqu’à ce que son nidre nadir soit vorticalement où (permet-moi l’adroite à deux cuincles) son napex de naval devra être biantôbé. Tu dois procher près miar par l’at est sombre. Lob. Allume ton mech. Jeldy ! Et c’est ce que tu diras.2 Waaaaaa. Tch ! Sluice ! Pla ! Ils là, nuque red, (car n’addjoutions nous la gayatrie à Plih le Punkah sa bille ?) mygh et thy, le portrait craché des eaux mortes,3 la ferme fasteresse de Hurdlebury Fenn, discincte et isoplurale dans ses (tu s’âme au diuble) parties sixueuses, flumentes, fluvées et flutéeuses, à ma mie cale du courant ton vieux delta triagonal boueux, fiho miho, évident pour toi maintenant, appia lipppia pluvaville, (hop le hula, les filles !) l’endroit non nigaud de sa vulve de sûreté, premier de tous les triengles usquilutéraux, (et pourquoi ne s’assierait-elle pas à croix buchetons comme la garce qu’a leurré le marilleur ? la constante de fluxion, Mahamewetma, fierté de la province4  et quand cette masquarette s’irrutchène de l’Afrantique, allaph quaran est son bett und bier !5
1 La chape de Doña Speranza de la Nacion.
2 Ugol égale ogle. Mi vidim Mi.
3 C’est, c’est la rèvière Sangannon.
4 Et toute l’humein kindition.
5 Whangpoos la pagaie et whiss whee whoo.
Ambages et Leur Rôle.
Ecclasiastiques et Célestielles Hiérarchies. L’Ascendant. Le Descendant.
La péripatétique périphérie. C'est Allothésis.
Paa lickam laa lickam, apl lpa ! Ce ça a une elle. Tu vois le ça d’elle. Quel ça que tu vois ça ‘t à elle. Et si tu pouvais allier miœufs on verrait bientôt quelques raffantes scrumala riffa. Quicks hérite fossyendé. Quef ! Alors pousse te ça dans ton pape et diffume le ! Et tu peux rehaler cette languile pennante, camarade. J’ai lu tunc dimissage. Car, qu’il soit admis que le titine qu'elle a est de non  magnétude ou encore qu’il soit concédé que Doll le mout dernier peut être dissimulant en tous respects de Doll l’âpre mu, par là n’importe toi comme en puissance de vacuisition devra être soit plus grand QUE ou moins QUE la unitate qu’on a en un ou par ici les ras d’yeus vectorieux des chercleurs deujours circumflicksrents ne renfilmeront jamais dans les élipistés de leurs gyrondes ces fickres qui sont retournellement reprodictifs d’eux-mêmes. 1 Ce qui est unpassible. Querellaire. Le logos de quelc’on à base de n’importe quoi, où la mantisse est minus de la façon la plus caractéristique, devient nullum à la finième : 2 orso, ceci est mainsunant un bad mouilleur que le sin d’Aha avec son cosin Lil, en renverse sur la converse, et tout ce qui est consécantes et cotaingences jusqu’à ce que Per-perp arrête de le repépier puisque ses dérangles de roux sont tout abcissiens pour la limitachante de cette tendance de notre Sexuagesima Frivulteeny 3 à sphère expense de ses mêmes aussi loin que possible, périmuttre paradismique, dans toutes les directions sur la courbe du débridalé, les infinisissimilles de ses facettes devenant de plus en plus maints comme le calicolum de ses umdescribables (on a pensées de cette Rome éternelle) rétrécit de la schurtinie
1 J’enjouis aussi bon que n’importe qui.
2 Ni une âme à sauver ni un corps à frapper.
3 La fierté de la cité.

Canine Venus Sublimée en Aulidique Aphrodite.
Exclusivisme: les Ors, Sors et Fors, lesquels ?
en scherts.1 Scholium, il s’oupire un triste côté en tout chant de chose mais ichs actiers libérés n’euchs amènent qu’à ratterrés. Qued ? Mère de nous tous ! O, mon chéri, regarde moi ça maintenant! Je sais pas est-ce ton spictre ou mon omination mais je suis heureux que tu l’aies dimentionné ! My Lourde ! My Lourde ! Si c’est pas la coucherie la plus battue que j’ai jamais vue ! Et une superpbosition ! Quointe une quincidence ! Omnius Kollidimus. Comme diçait Ollover Krumwall quand il slepait ueber sa grannyamère. Père de plumes de Kangarosse. Qui par le nom du tonnécent a jamais onzé croire que tu étais cette foudre ? Mais t’es tout rigné en saint mel et à te rebailler la mauvaise palce2 comme si tu vouhuyais le gheiste qui reste envers neinette, toi sacré simpletoit dome né fou ! Où est ta lampe belestée de loitrenan ? Tu dois descendre de lap wandret la refluction bluishante dessous. Son tronc est pas sa boîte cranienne. Ouici se vaguent les bolgelignes, vuici s’image la puncture. Comme so il l’a fait. Attende Sion ! Voie lui en bien ! Bon, bon, bon, bon ! O dee, O dee, c’est tout-à-fait aimable ! Nous aimons les Simpersprèch Hammel tons pour consuivre les Selvertunes O'Haggans.3 Qu’l roule ses ars et montre la hie de son talont. Tlès aimable intéglalement ! Comme un yangsheep-slang avec le tsifengtse. Si analyticle plausible ! Et que les pouvoirs de Moll Kelly soient, top sçouilleur voisin, ce sera un lozenge pour moi toute mon mourire4. Plus mieux deux gas qu’on a parle en cuperades. T’as jamais pensé à chez Guinness ? Et à l’avice regrettable de Parson Rome ?
1 Broches d’enfleur, est-ce qu’on est désalos de la missiliner ?
2 J’appelle ça une tête de lie.
3 Pur idiotisme chingchong avec des mots de toute façon tout en un solubles. Jet hache au thé il se mêle fish. Tout toi YU.
4 La famille Dardenouille,   Tribouille dardenouille,  fam.?

Veut s’engager dans la police. 1 Tu sais, tu as toujours été quelqu’un de brillant, depuis qu’un pied t’a rendu immentionnable, foireux ! Tu sais, tu es tu es le propre gousson malin du diavvre, aequal à toi-mime et wanigel à n’importe anglautre, tu es comme ça, esphoare ! Tu sais, tu seras damnecté, tout damnecté, un de ces jours invernaux mais tu le seras, caroté !2
Primanourriture et Ultimogéniture
No Sturm. No Drang.
Et puiscine, gayet qu’il s’arrête regarde temps il s’arrête long sol qui ici se hâte il veut toujours avoir loth sternier mot, avec une douce emma herrillyeu marie à remanger de chez le jacob3 et un lancetir pour l’amal de dents de ses machebras à la page à glisser de Vere Fostre, voudrait et pourrait embrasser candydement P. Kevin pour fressir le rinnerung et pour aïr par cœur (leo lis-je, c’est un tel espagnol, escribibis tous tes mycoscoupes) désir de me nibbleh ravénostonorieusement ihs mum en bewondération de son chuteur qu’a le chic car, tandis que cet Autre halpé de son mental créactif offrait de délévrer le masse du scorbputin du sorbat notre Même avec l’aide du corpbonté du nourrissort cherchait à délubrier l’émousse de son monte tas corructif, avec ses manchettes moufetties grafiquant son consciemment avec ses cyclopes sinistres après les trigamies et les branlantes spirales poursuivant leurs êtres rovanthamiltons et godolphant en juste amour pour aller voir ouest se gâte le jésus brun de nolande 4 (lui thune pas un quarto !) jusqu’à ça que sur lui la sueur pauversante les veines du juggalier (étrille lui la quille !) à son escourague de napier s’étalonnaient ddroide naisseplose tam-
CHUINTE NOUS UN CHANCRE AVEC QUELQUE SEDIMENT DEDANS POUR L’AMOUR DU DÉ AMNÉ DE NOS  FEMMES
1 Pickant à Nickencore, Piqueux Mikey ?
2 Bon matin, me sir Dav Stephens, dit le Premier Gentleman de tutelleurrable.
3 Bât bât muton nulloir, as tu de la volaine té ?
4 Quel éléphant énamourmément blanc pour les hommes en détrues !
Illustration.
Ascription de l’Actif.
Proscription du Passif.
quam des cours de raide. (Sprie le! appelle un lekar de sang ! Où est le Dr Brassenaarse ?) Es war itwas dans son prêterite. O Homme Ménage Souffrance! De ce facipicateur incrédule à sa flamme fantasque non crédible. 1 Appelle à bosthoon, ledélai pour la Mass, prié pour blaablaabla de mouture noire. (C’est sûr que tu pourrais écrier anny porte quel passage pippap, jyeu parie, d’une manière aussi foynée que ce moultilusi Erewhig, te même, mick ! Nock les boueux nickers ! 2 Christ se Churche en contrevarse à Bellial !) Chéri et il continua à escrobouille né gentlemien, dame mie bien élevée, pour elle il penne tiendrait, pour elle il pine aurait,3 comme il fraprerait le pun fun raille à tous avec sa frolichonne frauncée4 comme so et son narqueur maussadasse autrement so. Et comment vas-tu, blwagui ? 5 Mon animale sorra son chagrin ! Et trieste, ah trieste rongé-je mon foie ! Se non è vero son trovatore. O jerry ! Il était comme si comme so, tout harriot ! Il était un triste sire, steifel ! Il était maître mystérion. Comme un puré d’un pensionné qui a un job du gouvernament. Tous les larmedi, maudi, mélancdi, juredi, vengedi, saturedi jusque loi craindi Seigneur. Regarde ces tics ! Il était quisquis, assolé sur son planchage de bois shittim. Regarde le ! Plonge à fond ou ne touche pas la source Cartésienne ! Veux-tu plus de cendres, saisisseur ? Combien diesmal il se tapissait sur le côté dru pour mettre le siège au château goblin. Et, au bezouts de ça, combien hyènesmiel il le couchait du long sur son côté gausse sac gisant à croasseperdrick. (Prend guerre aux intestions de Rolaf,
1 Et elle a dû chercher une marc la piaice pour sauver ses soupirrots. Siud !
2 Excuse leurson iriche de frères chrétiennes ?
3 Quand elle se trippait contre le buisson de brière il lui profusait partout des fleurs de courtésie.
4  Un jeu de mastylo disigraïble.
5 Cher vieil Erosmas. Très heureux que tu ailles à Penmark. Ecris jusqu’à corner. Grunny Grant.

Femelle Â-mante Soutient Outre-Homme qui Agonise.
dict la Bhagavat biskop Ventouse) Anne sper tipoe sonne ouïrelle ! Si tu pouvais me lendtiller mon kondyl pascol, sahib, et le prix d’un plat de poultice. Punked. Avec toutes les apologigues et beauflous de remerciements au soi pour tous les clerricaux et de nouveau bégaye guerdon pour avoir abistrispissé sur votre bunificence. Bien, hoché hoché hochequeue, et comment vas-tu, yaché ? Avec un grand Thé pour Tassoif. D’ici Buvard au cher Picuchet. Au blottéré.
Sesama aux Rescousses. La Signature de la Clé
Maintenant, (pèle tes yeux, ma gin, et brosse ton chapeau de saton, me joyclide élémentateur, fils de Butt ! Elle est à moi, Joue loue jure, 1 soit Skibbering s’aigles, douce acérée dans mes bars à l’Arcade Blancgenoux) fais attention à lui, car il a pris à la bi-forcation un calamum dans ses bolsillos, l’unisemblable ondrevarpe qu’il avait toujours funnette sans difficultades, l’abolishqvique, signant pour s’en aller dans le plus comprochain bonheur, (Jeu Exquis de l’inspiration ! J’ai toujours adoré ta main. Je le pourrais aussi et sans vu grincetré de plume. Ohr fororal, Klé pour caviardé, olchédolché et une longe ad lib. Peux-tu nous écrire la dernière ligne ? De Smith-Jones-Orbison ?) instamment pendant des années, jirrydéboitedéboucle. Et i Romain serai toujours, spr qu tu bn fll. 2 Unds tjur mes psées. Tomberlà pieds nus qu’hourrayandiscleversarose. Dos dies d’un cohument. Eche bennyache. Sustimbre et distribue le à l’épande de sa société. A suivre. Anon.
QUAND ON REPOND BERNIF-LEMAN
Et ook, ook, ook, fanky ! Tous les charictures3 dans le drame ! C’est comme ça que San holié-
TOUT CADRE ET
1 J’ai adoré voir les Jerseys Macbeths détruquant les pois des Prunetalons Doduffs.
2 An fuffeytil te fouhaite et moe, fouvenirs fuafs tels noif eftifale, foeillets de foète et fous-nœuds-yositiz.
3 Gag ses tubes toi-même.

Centres de Force du Feu Serpentin : coeur, gorge, ombilic, rate, sacrum, fontanelle, oeil intertemporal.
Conception du Compromis et Invention d’une Formule.
polypluie. Et ceci, pardonsky ! est la façon que Romeopompetouttombe. 1 Pose ta plume, ami, façon moi fait. Voie que vio missa dent jone dabo ma montwé comment. Quarte puissance pour son épapauille ! Traits à redits pour ta flamme ! Tip ! Voici Style, voici Brique, voici ce Terne, voici Swhipt, voici Vil, voici Pshau, voici Doubbllinnbbaie-yates!2. Voici le brave Danny sessayant son spache pour les papiers. Voici le doux Connolly s’essuyant le fouyer avec le brave Danny. Et voici, regarde ! comment Chaulise Escouard parparaparnelliva entre le brave Danny boy et le Connolly Upanishadem ! Top. A parlé L'arty Magory. Eregobragh. Prouf ! 3
SELON COCKER
Et Kev s’enguirlandait avec son affraire.
SIFFOYEURS
Le Présent Idéal Seul Produit le Futur Réel
Mais, (ce sentiment Jacobi encore pour le fruit prédentu et, mon Georgeux, Kevvy aussi il fait qu’aimer ses puppadums, à ce que j’en juge !) après tous ces écrits autocratiques de paraboles de famellicourbes et embrouillangismes trifouillis, tu fruicines hotte cultoche et te citrogne quecaquin foret pas frap du triperforateur et plaf tuébien à travers le pergaman l’atteint où il vit et s’occupe des blessetés se pulchrâles, ce que j’en pense, mieux que le fait pour une mainte autre impieuse parmi les premiénés marrés amers et tout au quondaire jusqu’à ce qu’à force, t’es un veloutu bragueur, d’un stroc de merci il a mesuré sa terre voie qu’il en soit ? Pourrait-il  poen penser sous son abord bobardatif de cador notre frank fils que, pour être clair, lui le combat tout le temps denèg yo touye l 'mouri kraze bouch san ou, était misocain. Là
FIGUE ET CHARDON IMPLOTENT FLUTE ET COCHON
1 Lui, ange que je le pensais, et lui pas aebel de speel eelyotripes, M. Tellibly Divilculte !
2 Quand l’oie rage crépite comme les paons trépignent !
3 Les Brownes de Browne - Browne de Castelhacknolan.
l’un l’eu ! Rip ! 1 Et il gagna comptemaince.
Formalisa. L’hausse décède simple !
AVEC EBENISEUR
Slutningsbane. 2
IN PIX.
Service super-cédant soi.
Catastrophe et Anabase.
Le processus rotari et son réétablissement de réciprocités.
Toussours autant merci, Pointcarrié ! Je peux pas dire si c’est le poids que tu m’as tapé dans le vif ou cette masse rougelue que je regardais mais au momentum présent, potentiel comme je suis, je vois des rayebogies tout rings ronde moi. Honneurs à toi et puisses-tu être cité à notre exhibitivité ! J’aimerais t’emmener sur le train-fantôme jouer au chemin de funfer et rail si tu pouvais seulement t’asseoir et faire la bouteille bordellestée dans la mare aux couinards. Tu mériteras un roulépoly pour aussi longtemps que d’ici à demain. Et au diable les bombes flottantes et les remorques de fond ! Si ma malée pestait assez sac je t’enverrais un toxis. Par Saxon Chromaticus, toi fait ce gentil pour moi ! L’ignowrait-il, Nubilina ? Teigne Mite, qwhas elle studiert ? Avec la coiffure glistenantine d’elle, le rève d’elle du dernier jour d’Endslande et les glorifeux d’être présaintie servante de la majesté. 3 Et c’est moins dommage car elle n’est pas les sucettes qu’elle pourrait aisément être si elle avait par sample l’air abouti de Virginia. Cela pourrait la préserver d’évaisseller le delph. 4 Comme je le disais, tout en retortant mes remerciements, tu me rends un rené des cartes. On est ambosses des garçons d’abats reau.5 Car j'ai piquenaudé toutes les mittes comme elles se sont um miettées de ta table, chantant la gloire allaloserem, cogne tout règle la somme. Ainsi
EUCHRE RISQUE, MERCI BUCKUP, ET GAFFE QUI TU LUTINES, MOU.
1 Un byebye bingbang boys ! Au revoir au Dimanche Casse-noisette !
2 Chinchin Childaman ! Chapchopchap !
3 Essuie tes glosses avec ce que tu sais.
4 Si je lamentageais les pirances qui te bouillonnent tu pourrais fisseronner tes souprosières.
5 Toussés Chants et Toussés Cris.
lisons nous devans le livre. Ça dit. Il prophète le plus celui qui blouse le mieux.
La Vérité à Deux Faces et les Appétits Conjonctifs d’Orexes Oppositionels.
Trishagion.
Et ce pssionagiaour salubré par chez vaours a théspersé toutes mes hazydences. Enforge donc, Sim Solaire ! Achèvre ton ovrine brebice. Bêlessang d’ard Dieu, c’est la moindre des choses, Œil se taie ! Imagine ça, mon dur dartreux dullard ! C’est rendre nos heures, pas plus. Je ne suis sorti que pour célébrasser la bas goût de ton hiscitendance. Tu es cent mille fois bienvenu, samplificateur du vieux mot-onde, quoiqu’en fer tu es tout aussi culpable que le serait ma prémalditheureuée mertre. Je pourrais effectivement engager un énergument contre toi jusqu’à ce que tu sois républiquement royalement tuballement bleu prussique dans la cheminute d’après. 1 Trionfante di bestia ! Et si tu n’es pas le harengarde de ton brème puissé-je ne jamais plus jurer par cette pinte que j’ai prise des Jamesons. Old Keane là, t’es canné, tout gobé, old jubalé Keane ! Biddy s’sert. Biddy s’sert, mienne labre. Où est ce Quin qui nœud conneige pas que ce que tu qui es mes hante-phthisis populaires serait né un bras d’urgent dormis dans ta manche. Tu es en sentine ! Tu es en sentine suintue !! Tu es en sentine suintue enchantique !!! Beille y doux chuche ! Beille y doux chuchetis ! La loi ne t’à voix hautorise pas de crier. Je te plante la canne à lisation dans la posterne, pot recelain. Ave ! Et ainsi soit il pour toute remembrance. Vale. Ovocation des eaux confilluentes. 2 Pour auld lang salvy steyne. Je te défend de champer les louanges de mon scouillon. Au livre seul appartient le lobe. La quart avance des Maîtres3 sera marquée demain, quand nous ferons le pèlemèlerinage au whaboggeryin avec
COME SI COMPITA CUNCTITITITILATIO ?
CONQUIERE CONQUE,
CUISSE-GUILIGUILLE-CUISSE-GUIDE, LIGGERILAG, TITTERITOT,
LEG DANS UN TE, LUG DANS LA LWA, DEUX A LA VOUEE,
TROIS SUR UNE TRAGUE JUSCASSE OHAIO OHAIO IOMISSIO.
1 De trois pionnages. Un sangblaunc sacrifice.
2 Non Kilty. Mais le manajar l’était. He ! He  ! Ho ! Ho ! Ho !
3 Giglampes, Geyser Savonneux, L’Odeur et M.Goûty Sanguinolent.

Abnégation est Adaptation.
Etat-major, écharpe et cassette bénie et nos auréoles autour du cou et du crop autandis et quand Papa Grosciucre, un parent qui offre des confiseries, va gift uns sa surprise Noblette. Dans ce louable propos en lourd habilitaire soyons singulifiés. Entre moi et toi hung conque. Item, mizpah est.
Caton. Néron. Saul. Aristote. Jules César. Périclès. Ovide. Adam, Eve. Domitien. Edipe Socrate. Ajax. Homère. Marc Aurèle. Alcibiade. Lucrèce.
Mais pour que table est-ce qu’ils gribouillent trainouillent sur les urnards et les rasons ? Oikey, Impostolopulos?1 S’tu dis s’tu dis s’tu dis s’tu dis s’tu dis studiavimus. Manie manie manie manie manie manducabimus.2 On a passé la journée à triv et quad et éwrit notre btit bout comme interminidiaires. Art, littérature, politique, économie, chimie, humanités, &c. Devoir, fille de discipline, le Grand Feu aux Marchés municipaux Sud, Foi dans les Géants et le Banshi, Une Place pour Chaque Chose et Chaque Chose à sa Place, la Plume est-elle plus Puissante que l’Epée ? Une Carrière Réussie dans la Fonction Publique, 3 La Voix de la Nature dans la Forêt, 4 Ton Héros ou Héroïne Favori, Aux Bénéfices de la Recréation, 5 Si les Pierres Levées Pouvaient Parler, Dévotion à la Fête d’Indulgence de Portiuncula, Les Sports de la Police Métropolitaine de Dublin à Ballsbridge, Décrire en Monosyllabes Angliennes Homogènes le Naufrage de l’Hespérus,6 Quelle Morale peut éventuellement être tirée de Diarmuid et Grania ?7 Approuvez vous notre Système Parlementaire Existant ? Les Us et Abus des Insects, Une
ENTRE LE FLIC ET PAN ÇA.
SECURES GUBERNANT URBIS TERROREM
1 La divise veut ce brouisseau babbliard. Chère Tantine Emma Emma Eates.
2 Pique le jour libre, la chapine de nuit est proche. Unefoy, deufoy parti !
3 R.C., sans attache, bon caractère, serait une aide, pas de salaire.
4 Où Lily est une Lady qu’a trouvé l’urticaire.
5 Bubabipibambuli, je peux faire comme j’ai envie avec ce qui m’est propre. Nyamnyam.
6 Absément marine caution.
7 Rarement égal et distinct en toutes choses.
Noé. Platon. Horace. Isaac. Tiresias. Marius. Diogène. Procnè, Philomèle. Abraham. Nestor. Cincinnatus. Léonidas. Jacob. Théocrite. Joseph. Fabius. Samson. Caïn. Esope. Prométhée. Lot. Pompée Magnus, Miltiade Strategos. Solon. Castor, Pollux. Dionysius. Sappho. Moïse. Job. Catilina. Cadmus. Ezéchiel. Solomon. Thémistocle. Vitellius. Darius.
Visite aux Brasseries Guinness, Clubs, Avantages de la Poste à un Sou Plume, Quand un Calemplourd n’est un Calplombour ?  La Co-Education d’Animus et Anima est-elle Totalement Désirable ?1 Qu’est-il Arrivé à Clontarf ? Puisque notre Brodre Jehannathan a signé la Promesse ou les Méditations de Deux Jeunes Célibataires,2 Pourquoi nous Aimons tous notre Petit Lord Maire, Hengler à son Circus Emusant, Sur la Pingrerie,3 Le Schéma de la Bouilloire Griffith-Moynihan pour une nouvelle Source d’Electricité, Voyager dans les Temps Anciens,4 l’Amérique Lacustre en Poésie, le Rève le Plus Etrange qui ait jamais été à moitié Révé.5 Circonspection, Nos Alliées les Collines, les Parnellites vont-ils juste vers Henry Tudor ? Dire à un Ami dans une Lettre Loquace la Fable de la Cigale et de la Forme Ante,6 Saint Nicolas, La Honte du Sodomicile, Les Pontifes Romains et les Eglises Orthodoxes,7 La Semaine de Trente Heures, Comparer les Styles Fistiques de Jimmy Wilde et de Jack Sharkey, Comment Comprendre les Sourds, Les Dames Devraient-elles apprendre la Musique ou les Mathématiques ? Gloire à Saint Patrick ! Que trouver dans un Tas de Poussière, La Valeur de l’Evidence Circonstantielle, Devrait S’épeler ? Exclus en Inde, Collectionner les Etains, Eu,8 Nécessité d’un Régime Approprié et Régulier,9 Si Tu Le Fais Fais-Le Maintenant.
1 Jappes et la Ramage à Pois avec un petit échappe éperon rude.
2 Tout esquif fait comme le prophète avoileiné dans un barloir.
3 Quel sensûr a l’argent pour les fanfrelouches sans Paris !
4J’ai perdu l’endroit, où étais-je ?
5 Quelque chose est arrivé cette fois où j’étais endormi, lettres tornies ou y avait-il de la neige ?
6 Mich pour sa peine, Nick dans son passé.
7 Il a toglieresti in brodo partout sur ses parties agrammaticales de la face et quant à ce hippofoxphiz, numéro malchanceux, c’est tard pour le baptiser !
8 Eh, Monsieur ? O— Monsieur ? Eu, Monsieur ? Nenni No, Monsieur !
9 En a t’on écrasé sur la paillasse, frères, ayons cette réponse dans la prière !

Xénophon.
Les Délais sont Dangereux. Vitavite! Gobble Anne : tissette, c’y ce nèfle ! Mox bien tôtement sera à la seconde près par la chancellerie de son échescriptier.
Pantocratie. Bimutualisme. Interchangeabilité. Naturalité. Superfétation. Stabimobilisme Périodicité. Consommation. Interpénétrativité Prédicament. Equilibre du Factuel avec le Théorique. Box et Cox, Amallagamé.
Aun
Do
Tri
Car
Cush 1
Shay
Shockt
Ockt
Ni
Geg 2
Leur pâture commence.
MAOUMAOU, LUC, TON BOUILLETÉ MOUSSE PARTOUT!
LIPPUDINISES KAKAOPOÉTIQUES DE L’INCOINÇANT.
LETTRE DE NUIT
Nos meilleurs veuts d’en a ta vie tuée pour Pep et Memmy et les vieilles gens dessous et au-delac, en leur souhaitant toutes les joyeuses Incarnations dans ce pays de livvy et plein de probsurdité à travers leurs nouvelles perpétannées à venir
de
jake, jack et petite sousoucie
(les bébés qui aussi veulent dire)

1 Kish est pour l’anticheirst, et je lui libre ma haute main !
2 Et gags pour l’étûte de moers, et les os croisetillés et a l’espérosse qu’il solffera joyeuse sur nos tirets à la ligne !"
"Emilia, TINI, Nicki Nicole",blackout 🧊,1KaXG7dVdwMH3gCtiAU39t,"Te vi tímido (Tímido), decime cómo te llamás
Nadie te ha dicho aún que estás buenísimo (Buenísimo)
Esa camisa está apretá', te la voy a sacar (This is the Big One)

Quiero mojarme
Con tus labio' sabor a caramelo
Despreocupate
Con este culo to' se prende fuego

Y yo me le pegué, y él se me pegó, woh-woh (Woh-woh)
Hace calor y ese bombón se derritió
Del baile lo saqué y él no se negó, woh-woh (Woh-woh)
Con una nochе no nos alcanzó

Tengo una gata, la llevo al telo
Sе le quita lo santa cuando la agarro del pelo
Y si yo pudiera, le hago gemelo'
Con beso' boca a boca nos pasamo' el caramelo, mmm
Ella es mi dieta y yo me la como completa
Quiero ponerla a gritar, desde la A hasta la Z, uff
Qué linda le queda mojada la camiseta
Conmigo vino a bailar, con ella nadie se meta

Y yo me le pegué, y ella se me pegó, woh-woh (Woh-woh)
Hacía calor y ese bombón se derritió
Pa'l baile la saqué y ella no se negó, woh-woh (Woh-woh)
Con una noche no nos alcanzó

Si-Si-Si no fuera' tan tímido (Sería—), seríamo' más de do' (Ey)
En la pared si nos pegamo', somo' un clásico
To' eso tráelo (Yeah), sé manejarlo (Yeah)
Si quieres, en mi cuerpo tú puedes perderte
Y lo hacemos otra ve', yeah-yeah-yeah-yeah
En ese cuarto de hotel, yeah-yeah-yeah-yeah
Vos y yo tenemos piel y negarlo no podés
Cuando quieras llama, 0-800-NN

Y yo me le pegué, y él se me pegó, woh-woh (Woh-woh)
Hace calor y ese bombón se derritió
Del baile lo saqué y él no se negó, woh-woh (Woh-woh)
Con una noche no nos alcanzó

'Ta-'Ta-'Ta-'Tas pasa'o, envicia'o, que te tengo acorrala'o
Bajo el blackout, baby, no doubt, ese body está chequea'o
Le dije: ""Fuck me"", you wanna know me"", está juicy, sabe a honey
Baby, so hot, so horny, me puso en four y

Quiere mojarse
Con mis labios sabor a caramelo
Despreocupate
Con este culo to' se prende fuego

Y yo me le pegué, y él se me pegó, woh-woh (Woh-woh)
Hacía calor y ese bombón se derritió
Del baile lo saqué y él no se negó, woh-woh (Woh-woh)
Con una noche no nos alcanzó
Y yo me le pe—"
"Omar Courtz, De La Rose",Q U E V A S H A C E R H O Y ?,0Sr7ssScx54yxdM2ols7nW,"Como nunca, hacerlo como— (
Yeah, yeah
)
Vamo'-Vamo' a hacerlo, hacerlo como nunca
Y como nunca, hacerlo como— (
Yeah, yeah
)
Vamo'-Vamo' a hacerlo, hacerlo como nunca (
Bellaquita
)

Ey, ¿qué va' a hacer hoy? Baby, vamo' a verno'
Somo' do' bellaco' que nacimo' pa' comerno'
Cuando lo entro, ahí es que al cielo entro
Aquí estoy afuera, mami, pa' echártela adentro (Yeah)
¿Qué va' a hacer hoy? (Oh-oh) Baby, vamo' a verno' (Oh-oh)
Somo' do' bellaco' que nacimo' pa' comerno'
Déjalo adentro, sí, déjalo adentro
Mírame cuando chingamo', en tus ojo' me pierdo (Eh)

Uh, ah, uh, sí
No la saque', papi, please
Estamo' bien caliеntito', prende el AC (Ah)
Dеspués de venirse rico, en la puntita le doy kiss
Contando las hora' pa' verno', extraño con doble C los bellaqueo'
Yo solita me trasteo, pero hoy quiero sentirlo completo
Ah, uh, ah, uh (Sí)
I wanna fuck you, papi, you already know, ey (Oh)
Bien bellaquita le envío un mensaje de vo', diciendo

¿Qué va' a hacer hoy? (Oh-oh) Baby, vamo' a verno' (Oh-oh)
Somo' do' bellaco' que nacimo' pa' comerno'
Déjalo adentro, sí, lo dejo adentro
Mírame cuando chingamo', en tus ojo' me pierdo (Ey, yo, mami, es Ousi, ey)

La pussy en la cara, las-las mano' en las teta'
La otra mano en la boca y con los muslo' me aprieta
Que le soy interesante, el dúo del sex, flow Plan B
Tú me enamoraste, yo no quería enamorarme así
Acuérdame comprarte los aro' nuevo' de tu Mercede', baby (Baby)
Yo tengo dicho que no se lleve la Lambo pa' irle a comprar munchies en Walgreens
Le envío una foto con el popo en la mano como la de Champagne Papi
'Toy que la preño como Wheeler y Zabri (Ah)
Lo meto (Uh), lo saco (Ah), caliente y caco (Sí)
Vacation, Mónaco, métele bellaco, mami
Lo meto, lo saco (Saco), caliente y caco
Vacation (Vacation), Mónaco, métele bellaco, mami
Uh-uh-uh (Ey), quítate los taco', baby
Pon to' ese culo a brincar (
Ah-ah
)

Métele bellaco, 
mete-métele bellaco, baby
Métele bellaco, 
mete-métele bellaco, baby
Métele bellaco, mete-
métele bellaco, baby
 (
Uh
)
Métele bellaco, mete-métele bellaco, baby (
Pon to' ese culo a brincar
)

¿Qué va' a hacer hoy? Baby, vamo' a verno'
Somo' do' bellaco' que nacimo' pa' comerno'
Cuando lo entro, ahí es que al cielo entro
Aquí estoy afuera, mami, pa' echártela adentro
¿Qué va' a hacer hoy? (Oh-oh) Baby, vamo' a verno' (Oh-oh)
Somo' do' bellaco' que nacimo' pa' comerno'
Déjalo adentro, sí, lo dejo adentro
Mírame cuando chingamo', en tus ojo' me pierdo

Bellaquita


Uh-uh-uh-uh, baby

Contigo me siento en las nube'
Tú sigue' pensando en mis nude'"
"Pinky SD, Un Poco de Ruido, Uriel Lozano",Conmigo Te Gustó,4eqXTlaHeK6xkM1fRx9wR5,
"Bad Bunny, Los Pleneros de la Cresta",CAFé CON RON,6VNXmo59yDYgcwLS17UNAW,"Por la mañana café, por la tarde ron
Ya estamo' en la calle, sal de tu balcón
Por la mañana café, por la tarde ron
Ya estamo' en la calle, sal de tu balcón

De Arecibo hasta Ponce, de Fajardo a Rincón
Es la voz de todo un barrio desde Almirante a Frontón
(Por la mañana café, por la tarde ron)
(Ya estamo' en la calle, sal de tu balcón)
Que lo bailen en Lloréns, que lo bailen en Canale'
Hoy voy pa' la carretera con to' mis anormale'
(Por la mañana café, por la tarde ron)
(Ya estamo' en la calle, sal de tu balcón)
Hoy yo no quiero dormir, lo que quiero yo
Es amanecеrme y bebermе un galón
(Por la mañana café, por la tarde ron)
(Ya estamo' en la ca—)

Brother, yo no sé ni cómo llegué a casa anoche
Clase 'e loquera y hoy me están tirando de nuevo pa' bajar pa'llá
Pero yo creo que hoy sí que, acho, pichaera, que no me esperen, por—

El humo empañó el camino y no pude recordar
El camino pa' mi casa, hoy me vuelves a invitar
Yo me iba a quedar tranquilo, pero si quiere' vacilar
Sube tú pa' la montaña porque hoy yo me quedo acá
Ven subiendo, ven subiendo, que no le vamo' a bajar
Sube tú pa' la montaña, hoy yo me quedo acá
Ven subiendo, ven subiendo, que no le vamo' a bajar
Sube tú pa' la montaña, hoy yo me quedo acá (
Dile, dile, dile algo
)
Allá abajo (Allá abajo), allá abajo (Allá abajo) no se me ha perdido na' (Na')
Están arriba en el monte los código' de verdad (Suban pa'cá pa' que vean)
Ven subiendo (¿Qué?), ven subiendo (Ey, ey), que no le vamo' a bajar
Sube tú pa' la montaña, hoy yo me quedo acá (¿Qué se hace hoy?, ¿qué se hace hoy?)
Hoy se bebe, hoy se bebe y nadie nos va a parar
El samurai está en brillo y el combo va a chinchorrear (Ponle, ponle, ponle, ponle, ponle)
Ven subiendo (Vamo'), ven subiendo (Dale pa'cá), que no le vamo' a bajar (No le vamo' a bajar)
Sube tú pa' la montaña, hoy yo me quedo acá
Ey, ten cuida'o, ten cuida'o (Uy) cuando te toque bajar
Que no te vaya' por risco y te tengamos que buscar
(Yo te vo'a decir algo pa' que sepa')
En el monte hoy se rompe
Desde que sale el sol hasta que se esconde
En el monte hoy se rompe
Chillando goma, botando humo, dale, ponle
En el monte hoy se rompe
Suban pa'cá pa' que sientan el torque
En el monte hoy se rompe
Me vo'a dar otra en lo que los muchacho' hacen el corte"
"Omar Courtz, De La Rose, Haze",Kyoto,7eNwwoxDR8KVzNAuGvliAO,"Pa' mí es cabrón, baby, siempre que te como
En mi cuello tu hickey es como el oro
Woh-oh-oh, yo no sé ni qué somo'
Me da contigo la nota cuando me drogo

Papi, se siente cabrón contigo (Ey)
Si tú ere' un sueño me quedo dormida (Ey)

Papi, cuando estés solo, llama, mi cielo
Nos alejamo' del mundo (Yah) pensando que este es el cielo (El cielo)
Y cuando nos vemo', nos encendemo'
Solos tú y yo, así nos entendemo'
Nos encontramo' y ahí nos perdemo' (Ey)
No compré pasto y comoquiera lo prendemo'
Mami, cuando te sientas sola, llama, mi cielo
Nos olvidamo' del mundo pensando que esto es el cielo, ey (Que esto es el cielo)
Pero cuando nos vemo', nos encendemo' (Yo)
Solos tú y yo, así nos entendemo'
Nos encontramo' y ahí nos perdemo'

Siempre que me chinga nos transportamo' al Edén
Arrodillá' esperando que me lo dé
A ti yo te sigo como la estrella 'e Belén
Nada nuevo que me lo vuelva a poner
Una habilidad cuando me quita' el sostén
La manzana prohibida, baby, ya la probé
En un dos por tres, el round le gané
Fácil tú te viene', difícil es mandarte a detener
Bad boy, los Phillies se desayuna
Y su weed me llevó hasta la luna
Me capea rico y chinga rico
Soy una piquetúa', le envío pics 'esnúa
Pa' que eso se toqué cuando esté en ayuna
'Tamo conectado' en forma' intrusa'
Este fester en la consciencia me gusta
Me da siempre que resumo pa' una puta

Qué rico se siente (Se siente)
Tus labio' me dan, me dan una corriente (Una corriente)
Qué rico se siente (Se siente)
Tus labio' me dan, me dan una corriente (Me dan una corriente)

Mami, cuando te sientas sola, llama, mi cielo (Woh)
Nos olvidamo' del mundo pensando que esto es el cielo, ey (Que esto es el cielo)
Y cuando nos vemo', nos encendemo'
Solos tú y yo, así nos entendemo' (Yo)
Nos encontramo' y ahí nos perdemo'
No compré pasto y comoquiera lo prendemo'

Bellaqueando en la luna como un astro
Tú siempre llega' a casa en los horario' alto'
Fumamo' y nos elevamo' en el cuarto
Esto parece el cielo, pero no somo' unos santo', ey
Tus gato' te los espanto
Qué rico huele cuando se monta en el auto (Auto)
En el cuerpo ella se ha puesto un par de canto'
Yo moriría por ella, pero ella por mí ni pa' tanto
Ey, prende
Que es que a ti te da con verme (Con verme)
Esperando el texto ese que dice ""vente""
Se siente sola y detrás tiene como veinte
Baby, si nos pillan junto', que la gente hable mierda (Hable mierda)
Que pase lo que tenga que pasar
En la derecha el Phillie, tus nalga' en la izquierda, ey
Y si conmigo lo que quiere es jugar, pues yo me presto
Manda el texto (Texto)
Pega'o a ti como un tatuaje en tu cuerpo (Cuerpo)
Tú 'tás suelta y yo estoy envuelto (Envuelto)
Tú la tiene' y me jode que no te tengo

Pero cuando estés sola, llama, mi cielo (Woh)
Nos alejamo' del mundo pensando que este es el cielo (El cielo)
Y cuando nos vemo', nos encendemo' (Yo)
Solos tú y yo, así nos entendemo'
Nos encontramo' y ahí nos perdemo'
No compré pasto y comoquiera lo prendemo'

Oh, yo no sé—no sé—
No sé ni qué somo'
Me da contigo la nota cuando me—
Oh, yo no sé—no sé—
No sé ni qué somo'
Me da contigo la nota cuando me—
Oh, yo no sé—no sé—
No sé ni qué somo'
Me da contigo la nota cuando me drogo
Ey"
Sabrina Carpenter,Manchild,2BwO5K8Q7EPAJSGze3AAh9,"Oh boy

You said your phone was broken, just forgot to charge it
Whole outfit you're wearing, God, I hope it's ironic
Did you just say you're finished? Didn't know we started
It's all just so familiar, baby, what do you call it?

Stupid
Or is it slow?
Maybe it's useless?
But there's a cuter word for it, I know

Man-child
Why you always come a-running to me?
Fuck my life
Won't you let an innocent woman be?
Never heard of self-care
Half your brain just ain't there
Man-child
Why you always come a-running, taking all my loving from me?

Why so sexy if so dumb?
And how survive the Earth so long?
If I'm not there, it won't get done
I choose to blame your mom

Man-child
Why you always come a-running to me?
Fuck my life
Won't you let an innocent woman be?
Never heard of self-care
Half your brain just ain't there
Man-child
Why you always come a-running, taking all my loving from me?

Oh, I like my boys playing hard to get
And I like my men all incompetent
And I swear they choose me, I'm not choosing them
Amen, hey, men
Oh, I like my boys playing hard to get (Play hard to get)
And I like my men all incompetent (Incompetent)
And I swear they choose me, I'm not choosing them (Not choosing them)
Amen (Amen), hey, men (Hey, men)

Man-child
Why you always come a-running to me? (Always come a-running to me)
Fuck my life
Won't you let an innocent woman be? (Amen)

Oh, I like my boys playing hard to get (Play hard to get)
And I like my men all incompetent (Incompetent)
And I swear they choose me, I'm not choosing them (Not choosing them)
Amen (Amen), hey, men (Hey, men)"
"Ulises Bueno, DesaKTa2",No Puedo Fingirlo,06WyITrA2pZJT5Nt79AOrb,
"Tainy, Bad Bunny",MOJABI GHOST,46YjJXVXWHlQ21odKktg5e,"Eh-eh, ey, ey
Mojave Ghost, and on the street today I'm going out again, hey
I like both of you, we're going to my bed, all three of us

Smoking, drinking, fucking, pretending that I don't think about you no more
I don't know who I'm lying to if this feeling keeps me up at night
Smoking, drinking, fucking, pretending that I don't think about you no more
I don't know who I'm lying to if this feeling keeps me up at night

And I hope, I hope
That today I dream of you, that today I dream beautifully
And I hope, I hope
That today I dream of you, that today I dream of you, oh

Hey, don't let the note show
You do know, don't wear yourself out
For the disco and for the boats
The asses and the asses
My heart is barren
Alone for thе Moncler
And a heavy flow, like John Eric
A lot of monеy, but

Millions can't stand the crying
From when I sit alone in my room
From when the balcony doesn't feel so high
Everyone wants the fame, everyone wants the room
And I (And I) would trade the glory and my wealth (-wealth)
Just to know how you kiss (You kiss)
To get you out of my head one day

Hey, hey
Punchin' and kickin' like Ohtani
I'm friendly
The friend in the bathroom of all the Kany's
Lamborghini in PR, the Bugatti in Miami
Champion with all my brothers to the Giannis
Sunday is from frontear, don't you see the tanning?
Hey, you don't see the tanning
The' stars shine at night and hide by day, hey
Everybody talks about me without knowing my biography
In life everything is paid for, nothing is trusted, eh-eh
Meanwhile I'm still ruling after dinner at Sophia's
Today I'm putting another one in, trust me

Smoking, drinking, fucking, pretending that I don't think about you no more
I don't know who I'm lying to if this feeling keeps me up at night
Smoking, drinking, fucking, pretending that I don't think about you no more
I don't know who I'm lying to if this feeling keeps me up at night

And I hope, I hope
That today I dream of you, that today I dream beautifully
And I hope, I hope
That today I dream of you, that today I dream of you, oh"
Patricio Rey y sus Redonditos de Ricota,La Bestia Pop,6BHlafXY1L2eetDCwict05,"Mi héroe es La Gran Bestia Pop
Que enciende en sueños la vigilia
Que antes que cuente diez, dormirá

A brillar, mi amor
Vamos a brillar, mi amor
A brillar, mi amor
Vamos a brillar, mi amor

Mi amigo está grogui sin destilar
Pero yo sé que hay caballos que
Se mueren potros sin galopar

A brillar, mi amor
Vamos a brillar, mi amor
A brillar, mi amor
Vamos a brillar, mi amor


Voy a bailar el rock del rico Luna Park
Y atomizar la butaca y brillar
Como mi héroe ""La Gran Bestia Pop""

A brillar, mi amor
Vamos a brillar, mi amor
A brillar, mi amor
Vamos a brillar, mi amor

Mi héroe es la Gran Bestia Pop
Que enciende en sueños la vigilia
Que antes que cuente diez, dormirá

A brillar, mi amor
Vamos a brillar, mi amor
A brillar, mi amor
Vamos a brillar, mi amor"
"Callejero Fino, Lea in the Mix",NO LES DA,6pryujEohwqSNKGTW33SKE,"Vos pensás nomás que la guacha es tuya
Si habilita, es gol
Hagan caso
Con Lea in the Mix
Esto es pa' que rompa la bocina, vo' sabé-é-é', -é

Si no le doy perreo, ella se arisca
-ca-ca, -ca-ca
Si no le doy perreo, perreo

Ella casi siempre es calladita
Pero no sabe nadie que es por culpa de la alita
Ahora que está soltera, ella se puso más bonita
Y como la .22, grita y patea la chiquita
Con, sin o con, yo te lo pongo
Ron, estoy en on, mové el mondongo
Perdón, salté el paredón, encaré pa'l fondo
Yo tengo pistola, yo no compro con taеkwondo

Dale, ma, que los turro' siemprе estamos cheto mal
'Ta dolido desde que saqué ""Pa Tra""
Se tiran entre ellos, porque contra mí no les da

Bancame que me tomo otra

Dale, ma, que los turro' siempre estamos cheto mal
Estaban esperando el momento 'e que yo llegara
Acá estoy, pa' los que dicen que disparan
Y sobran balas para tu cara
Se pone cariñosa cuando le da al polvo rosa
Pelinegra peligrosa, se fuma una mariposa
Te traje una cosa sabrosa, maravillosa
Hoy te rompo la mimosa, golosa

Dale, ma, que los turro' siempre estamos cheto mal
'Ta dolido desde que saqué ""Pa Tra""
Se tiran entre ellos, porque contra mí no les da"
Boza,Hecha Pa' Mi,3VvA1wSxukMLsvXoXtlwWx,"Na, na-na-na, na-na, yeah
Na, na-na-na, na-na-na-na
Na, na-na-na, na-na-na
Na-na-na, na-na-na

Tienes una mirada que me encanta, baby
Y un cuerpecito que a mi mente envuelve
Estás hecha pa' mí, tú me resaltas
Tú me dejas enrolar entre tus nalgas
Mami, tú me encanta', baby
Un cuerpecito que a mi mente envuelve
Estás hecha pa' mí, tú me resaltas

No tiene amigas, tiene puras conocidas
Ella es calla'íta y no le gusta gastar saliva
Tiene una manera diferente de ver la vida
Lo que a ella no le conviene, le da paso y lo esquiva
Tiene su propio refrán: ""Cosas vienen, cosas van""
Todo pasa sin afán, ella me tiene de fan
Vivir feliz es su plan, entrega lo que le dan
Buena y mala, yin yang, anda sola y sin clan

Tú vibras diferente a las demás
Amo cuando te vienes, odio cuando te vas
Hacemos el amor y nos vamos de la faz
Y en un mundo de guerra, solo tú me das paz

Ay, es que tú tiene' una mirada que me encanta, baby
Y un cuerpecito que a mi mente envuelve
Estás hecha pa' mí, tú me resaltas
Tú me dejas enrolar entre tus nalgas
Mami, tú me encanta', baby
Y un cuerpecito que a mi mente envuelve
Estás hecha pa' mí, tú me resaltas

Mami, tú 'tá' como me gusta, me peleas y me busca'
Te vestí Cartier de arriba abajo pa' que luzcas
La posición que tú tiene' no la tendrá otra nunca
Qué pesar mi ex
Si solamente somos tú y yo, tú y yo
Tú y yo, tú y yo
Tú y yo, tú y yo
Lo que podemos hacer, -er
De los temores de la vida no se vive
Y yo no tengo miedo de vivir algo contigo
Procuro darte lo que pidas siempre y cuando que quieras conmigo
Si no es amor, entonces que sea sexo
Soy el ratón que come de tu queso
En tu casa estaré como un preso
Condenado y sin proceso
Dicen que soy bandido y soy muy teso
Pero contigo se me olvida eso
Soy otro cuando me llena' de besos
Lo malo es que me encanta' con exceso

Tú vibras diferente a las demás
Amo cuando te vienes, odio cuando te vas
Hacemos el amor y nos vamos de la faz
Y en un mundo de guerra, solo tú me das paz

Ay, es que tú tiene' una mirada que me encanta, baby
Y un cuerpecito que a mi mente envuelve
Estás hecha pa' mí, tú me resaltas
Tú me dejas enrolar entre tus nalgas
Mami, tú me encanta', baby
Y un cuerpecito que a mi mente envuelve
Estás hecha pa' mí, tú me resaltas"
"Big One, FMK, Ke Personajes",Un Finde | CROSSOVER #2,3tiJUOfAEqIrLFRQgGgdoY,"Las flores que te regalé ya se marchitaron
Las canciones que te dediqué pasaron de moda
(This is the Big One)
Siempre que hablo de amor lo hago en tiempo pasado
Pero me mata el deseo de tenerte ahora

Y yo sigo con ganas de tenerte en mi cama
Y que cuando estés mal, me cuentes tus dramas
Mientras voy aceptando que tú ya no me amas
Al menos regálame tu amor un fin de semana
Que yo sigo extrañando ese culito en mi cama
Y que cuando estés mal, me cuentes tus dramas
Mientras voy aceptando que tú ya no me amas
Al menos regálame tu amor un fin de semana

El tiempo no es un BM pa' ponerlo en reversa
Antes era ""te amo"", pero hoy estamo' a la inversa
Estoy pa' escribir la historia de los dos
Las ganas me sobran pero faltas vos
Y antes era sexo daily, como Justin y Hailey
Dos botellas de Baileys para hacerte mi baby
Te ponías la mini, te quedaba divi
Y ahora to' los trend' son ""Cupido"" de TINI

No hay nadie más que pueda darle vida a este corazón
Y aunque sea la soledad
Me duele menos que estar junto sin tu amor

Y yo sigo con ganas de tenerte en mi cama
Y que cuando estés mal, me cuentes tus dramas
Mientras voy aceptando que tú ya no me amas
Al menos regálame tu amor un fin de semana

No hay nadie más que pueda darle vida a este corazón
Y aunque sea la soledad
Me duele menos que estar junto sin tu amor

Me olvidé como besabas, vení a recordármelo
Tal vez el viernes, vos quieras verme y me des tu amor"
"Bryant Myers, Anuel AA, Anonimus, Almighty",Esclava - Remix,2Mgur7BKnpr7OG3izSNFTA,"Bryant Myers
Hoy de nuevo te voy a ver (Anonimus; This is the remix)
Si llama, pichea el cel (Anuel; Almighty)
'Tamo' fumando marihuana (Maybach Música)
Hoy serás mi esclava (Jajajajajaja) en el cuarto de un motel (Carbon Fiber Music)

Hoy de nuevo te voy a ver, estoy bien bellaco
Quédate en panti', modélame en taco'
En lo que yo enrolo y desenmoño el saco
Me quito el pantalón, por el bóxer lo saco
Tengo un par de Retro', me visto bien caco
Te gusta en la cama como te maltrato
Quieres que te lo meta a cada rato
Cuando está' sola, jugamo' al ratón y al gato
Yo bajo sin pero', yo soy el bombero
Que te apaga el fuego en tu desespero
Me gusta lamberte lo' do' agujero'
Me gusta tu cara cuando entra entero
La mejor que me lo ha hecho, si te soy sincero
Echa la cachispa en el cenicero
La máquina que vibra y no e' la del barbero
Déjame descansar, ya terminamo' el primero
Me mira y me dice que la lleve a la nota máxima, que la hipnotice
Que nada má' con tocarla yo tengo el poder de lograr que la piel se le erice
Que cuando me vaya a venir le avise
No voy al gym, mira cómo el lápiz tiene el tríce'
Dile al jevo que tumbe la película y que el avión me lo aterrice
Déjame ver cómo te lo explico
Me gusta abrirte las pierna' y lamberte ese crico
Tiene las nalga' bien cachetona' como los dos cachetes de Quico
Se me quedó en la mente cuando me dijiste por primera vez: ""Papi, qué rico""
Empezamo' a las siete, ya tú sabe', vete como a eso de las cinco y pico

Hoy de nuevo te voy a ver, si llama, pichea el cel
Pero todo callado, nos tenemos que esconder
Una hija de Lucifer, un demonio hecho mujer
Por eso soy tu amante y de lo mío eres fiel
Eres esclava de mi cama, matemos esas ganas
Contigo la paso bien, siempre lo volvemo' a hacer
Esto es sin dejarnos ver (Anuel), el secreto nadie va a saber
Que matamos las ganas en el cuarto de un motel (Real Hasta La Muerte, Anuel)

Hoy vamo' a chingar otra vez, que yo 'toy bien bellaco
Rompimo' una libra y la endecamo' en saco'
Cansa'o, pero como quiera te la aplico
Te vo' a martillar como si tú fuera' perico (Perico)
Se ríe y me dice: ""Qué rico"", a ella le gustan los gangsters como a Lynette Chico (Como a Lynette Chico)
A tu gato, que se quede quietico o te lo vo' a dejar tira'o en la Campo Rico (¡Brrr!)
Bellaca, tú siempre te moja' (Moja')
To'as mis Jordan son roja' (Roja')
Baby, dame la hoja, le muerdo la' nalga' y se remoja (Y se remoja)
Bebé, yo te como ese toto y
Te lo meto por esos tre' roto'
Acabé de echarme dos Perco', baby, te vo'a partir como Cotto
Tatuaje' en mi piel (En mi piel), los feos tienen mi foto (Jaja)
Ella no se enamora (No se enamora), tiene el corazón roto
Se hizo las nalga' y las teta', y a su marido no lo respeta (No lo respeta)
Dile que yo tengo una 40 con tres peine' 'e treinta

Hoy de nuevo te voy a ver, si llama, pichea el cel
Pero todo callado, nos tenemos que esconder
Una hija de Lucifer, un demonio hecho mujer
Por eso soy tu amante y de lo mío eres fiel
Eres esclava de mi cama, matemos esas ganas
Contigo la paso bien, siempre lo volvemo' a hacer
Esto es sin dejarnos ver, el secreto nadie va a saber (Almighty)
Que matamos las ganas en el cuarto de un motel

Baby, esto es top secret (Shh)
Quítate el traje y modélame los panties de Victoria Secret
Yo gano por más que te tiren los buitres (Jajaja)
Antes eran moteles o en la van (Van)
Y gracias a lo' fan', ahora tenemo' tickets pa'l Hotel San Juan (Ah, wuh)
Me tienes on fire, se quita la ropa y quedamos pega'os como flyers
Díselo Myers
'Toy como Toy Story, con más protección que Buzz Lightyear (Jaja)
No bebo redonda (No), pero te caliento como microonda'
El cel no responda', mientras esté' de capota en la guagua, el Lexus o el Honda
Tú estás bellaca y estamos al cien
Partir como yo, dime, ¿quién?
El booty que tiene me tiene pensando y ya quiero meterle mañana también
Tu gato es un trili
Dile que conmigo te moja' y quema' los phillie'
Ponte las heelys (Ah)
Y corre a treparte encima de la bola, a lo Miley

Hoy de nuevo te voy a ver, si llama, pichea el cel
Pero todo callado, nos tenemos que esconder
Una hija de Lucifer, un demonio hecho mujer
Por eso soy tu amante y de lo mío eres fiel
Eres esclava de mi cama, matemos esas ganas
Contigo la paso bien, siempre lo volvemo' a hacer
Esto es sin dejarnos ver, el secreto nadie va a saber
Que matamos las ganas en el cuarto de un motel

(Motel, motel, motel)"
"DENNIS, Luísa Sonza, Emilia",MOTINHA 2.0 (Mete Marcha) - Remix,2iDDnYmaz1HhedjI91fbmp,"""]

Soy tu Ninja Kawasaki, no' escapamo' y no nos ven
Si me subo, vos colgala y ponela a lo que dé
Esta noche a casa no vuelvo sozinha
Sueno como la Sapucai cuando é você que me

Vira eu de lado, bota forte, mete marcha
Me sarra em cima da moto, acelera, tu não é o brabo?
Vira eu de lado, bota forte, mete marcha
Me da encima 'e la moto, acelera, tu não é o brabo?

Dança da motinha
Dança—, dança—, da-da-da-dança da motinha
DENNIS, o brabo
Vai sen—, vai sen—, vai sentar gostoso na garupa do papai
Vai sen—, vai sentar gostoso na garupa do papai

Eu 'tava louca no baile, do nada trombei você
Bateu uma saudadezinha do que tu sabe fazer
Eu até sei mе virar sozinha
Mas eu gosto, eu me amarro quando é você quе me—

Vira eu de lado, bota forte, mete marcha
Me da encima 'e la moto, acelera, tu não é o brabo?
Vira eu de lado, bota forte, mete marcha
Me sarra em cima da moto, acelera, tu não é o brabo?

Dança da motinha, dan-dança
Dan-dança da motinha
DENNIS, o brabo
Vai, vai sen—, vai sentar gostoso na garupa do papai
Vai sen—, vai sentar gostoso na garupa do papai

Vira eu de lado, bota forte, mete marcha
Me sarra em cima da moto, acelera, tu não é o brabo?
Vira eu de lado, bota forte, mete marcha
Me da encima 'e la moto, acelera, tu não é o brabo?

Bota, bota
Bota forte
Bota, bota (Moto envenenada)
Bota forte (Ai)
Bota, bota
Bota forte
Acelera, tu não é o brabo? Ha"
"Luck Ra, La K'onga, Ke Personajes",Ya No Vuelvas (Versión Cuarteto),0u6JsFiEEXb6kaF0oqyeFi,"Y este tema va dedicado para todos
Los que alguna vez sufrimos del corazón roto
Y dice

Miénteme otra vez, una, dos o tres
Lastimame de vuelta, que me acostumbré
Que haré como que te olvidé, como que lo supere
Rómpeme el corazón sin sentido y razón
Aunque sepas lo que sufro en mi habitación
Que haré como que no me dolió
Como que nunca pasó

Porque en realidad no sabes lo que duele, darlo todo por alguien que no te quiere
Devuelve todo el tiempo que perdí
El que con tanto amor te compartí
Porque no sabes lo mucho que yo quería
Que pasaran los años a la par mía
Devuelve todo el tiempo que perdí
El que con tanto amor te compartí

Ya no vuelvas
No quiero lastimarme de vuelta
De perdonarte perdí la cuenta
Y si sueñas conmigo, pedime perdón
Ya no vuelvas
No quiero lastimarme de vuelta
De perdonarte perdí la cuenta
Y si sueñas conmigo, pedime perdón

Ey
Como siempre
Luck Ra
La Konga
Y Ke Personajes
Las manitos arriba

Porque en realidad no sabes lo que duele, darlo todo por alguien que no te quiere
Devuelve todo el tiempo que perdí
El que con tanto amor te compartí
Porque no sabes lo mucho que yo quería
Que pasaran los años a la par mía
Devuelve todo el tiempo que perdí
El que con tanto amor te compartí

Ya no vuelvas
No quiero lastimarme de vuelta
De perdonarte perdí la cuenta
Y si sueñas conmigo pedime perdón
Ya no vuelvas
No quiero lastimarme de vuelta
De perdonarte perdí la cuenta
Y si sueñas conmigo, pedime perdón

Miénteme otra vez, al igual que ayer
Y ni en tus sueños te perdonaré (¡Arriba las palmas, vamo'!)

Ya no vuelvas
No quiero lastimarme de vuelta
De perdonarte perdí la cuenta
Y si sueñas conmigo pedime perdón
Ya no vuelvas
No quiero lastimarme de vuelta
De perdonarte perdí la cuenta
Y si sueñas conmigo pedime perdón"
Bad Bunny,Enséñame a Bailar,2NMjggapJcXXM7WccGEBUO,"Yeh-yeh-yeh-yeh-yeh-yeh-yeh
Eh, eh, eh, eh-eh-eh-eh, eh
Tú y yo, yo y tú nos llevamos bien
Jaja, jaja

Tú y yo, yo y tú nos llevamos bien
¿Qué lo qué? Je, dame lu', yo sigo tus pies
A donde vaya' te sigue la luna (Sigue la luna)
Tú eres mi gyal, como tú ninguna, ey
La noche está buena
Que rico se pasa en Quisqueya, eh, eh
Mi corazón no es de arena, pero tú 'tás dejando tus huella', eh, eh
Cada vez que me miras, sin parar de mover las cadera', eh, eh
Esto aquí no termina, nos fuimos rulin la noche entera (Yeh), eh, eh

Y enséñame a bailar, mami, yo no sé (No sé)
Pero ya estoy borracho y son las tre' (Son las tre')
Yo quiero ver contigo el amanecer
Tú y yo solito', y el sol
Tú y yo solito', y el sol, ey

Si me dejas te hago todo lo que a ti te gusta (A ti te gusta)
Ey, rompe to' que yo pago, esa vaina no me asusta, eh, eh (No me asusta)
Si tú te tardas, te beso primero (Te beso primero)
Pórtate mala, dale, ponte cuero
Que nadie se va a enterar, no, no, no pares de bailar, eh-eh
Nadie le va a llegar a lo de nosotro', esto e' má' allá, eh, eh (Má' allá)
Si tú te tardas, te beso primero (Te beso primero)
Pórtate mala, dale, ponte cuero

Y enséñame a bailar, mami, yo no sé (No sé)
Pero ya estoy borracho y son las tre' (Son las tre')
Yo quiero ver contigo el amanecer
Tú y yo solito', y el sol
Tú y yo solito', y el sol
Y enséñame a bailar, mami, yo no sé (No sé)
Pero ya estoy borracho y son las tre' (Son las tre')
Yo quiero ver contigo el amanecer
Tú y yo solito', y el sol
Tú y yo solito', y el sol

Oh-oh
Empty my pocket, spend all my money
Give you lovin' and doll, ah-ah
Empty my pocket, spend all my money
Give you somethin' on top, ayy-ayy
Empty my pocket, spend all my money
Give you lovin' and doll, ah-ah
Empty my pocket, spend all my money
Give you somethin' on top"
"Lady Gaga, Bruno Mars",Die With A Smile,7so0lgd0zP2Sbgs2d7a1SZ,"(Ooh, ooh)

I, I just woke up from a dream
Where you and I had to say goodbye
And I don't know what it all means
But since I survived, I realized

Wherever you go, that's where I'll follow
Nobody's promised tomorrow
So I'ma love you every night like it's the last night
Like it's the last night

If the world was ending
I'd wanna be next to you
If the party was over
And our time on Earth was through
I'd wanna hold you just for a while
And die with a smile
If the world was ending
I'd wanna be next to you

(Ooh, ooh)

Ooh, lost, lost in the words that we scream
I don't even wanna do this anymore
'Cause you already know what you mean to me
And our love's the only war worth fighting for

Wherever you go, that's where I'll follow
Nobody's promised tomorrow
So I'ma love you every night like it's the last night
Like it's the last night

If the world was ending
I'd wanna be next to you
If the party was over
And our time on Earth was through
I'd wanna hold you just for a while
And die with a smile
If the world was ending
I'd wanna be next to you

Right next to you
Next to you
Right next to you
Oh-oh

If the world was ending
I'd wanna be next to you
If the party was over
And our time on Earth was through
I'd wanna hold you just for a while
And die with a smile
If the world was ending
I'd wanna be next to youIf the world was ending
I'd wanna be next to you

(Ooh, ooh)
I'd wanna be next to you"
"Intoxicados, Andrés Calamaro",Fuego,6q41qt2R9K8BXEzmzImEGO,"Esta vez es en serio, no estoy mintiendo
Algo se prende fuego
Sé que muchas veces dije que el lobo venía
Pero esta vez el lobo está acá
Se prende fuego mi pelo, mi piano, mis discos
La ropa y el perro
Puede ser que otra vez no sea cierto
Pero siento cómo el fuego me quema por dentro

Esta vez es en serio, no estoy mintiendo
Algo se prende fuego
Sé que muchas veces dije que el lobo venía
Pero esta vez el lobo está acá
Se prende fuego mi pelo, mi piano, mis discos
La ropa y el perro
Puede ser que otra vez no sea cierto
Pero siento cómo el fuego
Me quema por dentro

Traeme un balde de agua o de arena
O pasame el matafuegos
El incendio está cerca
Y no voy a quemarme
Sin antes pelear

Se prende fuego mi pelo, mi piano, mis discos
La ropa y el perro
Puede ser que otra vez no sea cierto
Pero siento cómo el fuego
Me quema por dentro

Fuego, fuego, fuego, fuego, fuego, fuego
Fuego, fuego, fuego, fuego, fuego, fuego
Estamos enfermos... fuego, fuego
Estamos enfermos... fuego, fuego
Fuego, fuego, fuego, fuego, fuego, fuego
Fuego, fuego, fuego, fuego, fuego, fuego
Estamos enfermos, perdónennos
Perdónennos si, estamos enfermos
Perdónennos
Perdónennos si... fuego, fuego
Fuego, fuego, fuego, fuego, fuego, fuego
Fuego, fuego, fuego, fuego, fuego, fuego
Estamos enfermos... fuego, fuego
Estamos enfermos... fuego, fuego
Fuego, fuego, fuego, fuego, fuego, fuego
Fuego, fuego, fuego, fuego, fuego, fuego
Estamos enfermos, perdónennos
Perdónennos si, estamos enfermos
Perdónennos
Perdónennos si... fuego, fuego
Fuego, fuego, fuego, fuego, fuego, fuego
Fuego, fuego, fuego, fuego, fuego, fuego
Estamos enfermos... fuego, fuego
Estamos enfermos... fuego, fuego"
"Luck Ra, Abel Pintos",QUE ME FALTE TODO,1TyBUtMxdmRfXhW3MmbxtQ,"Y este tema va dedicado para todos
Los que alguna vez sufrimos del corazón roto
Y dice algo como (¡Eh!)

Lo que daría
Por volver a cuando es que tú me querías
Llego a casa y cada vez está más fría
Y mi cama hoy se siente tan vacía

No mentía cuando te decía tú y yo
No quiero nada menos que seas tú y yo
No quiero que termine lo de tú y yo
No quiero nada menos que seas tú

Y que me falte todo y no tenga nada
Y estemos juntos otra madrugada
Y me falte todo y no tenga nada
Y estemos solos otra madrugada

Y traemos al invitado especial
Un fuerte aplauso para Abel Pintos

Y estar contigo se siente como un hogar
Las noches son más frías cuando tú no estás
Me duele pensar que otro ocupe mi lugar
Y aunque quieras dudar

No mentía cuando te decía tú y yo
No quiero nada menos que seas tú y yo
No quiero que termine lo de tú y yo
No quiero nada menos que seas tú (¡Dice!)

Y que me falte todo y no tenga nada
Y estemos juntos otra madrugada
Y me falte todo y no tenga nada
Y estemos solos otra madrugada (Eh, eh, eh)

Dale tribu, vamos
Y hacemos la ultima todos
Dice

Y que me falte todo y no tenga nada
Y estemos juntos otra madrugada
Y me falte todo y no tenga nada
Y estemos solos otra madrugada (¡Eh!)

Cuarteto viejo
Muchas gracias, buenas noches
Y un aplauso enorme para Abel Pintos, vieja
Arriba Luck Ra
Tremendo"
Los Piojos,Tan Solo,6Soxxi73U6SO4rOGJwYYxI,"Quizá no sea el vino, quizá no sea el postre
Quizá no sea, no sea nada
Pero hay tanta belleza tirada en la mesa
Desnuda toda rebalsada
Apurás el vaso, vas perdiendo el paso
Y en la mesa ya no hay nada
Borracha está la puerta, cerraste y quedó abierta
Y puedo escuchar tu llamada

Oh, oh-oh, tan solo
Oh, oh-oh, tan solo, ah

Servida ya tu boca, tan dulce está tu boca
Tan dulce con un blues amargo
Un vaso rueda al piso, lento cae al piso
Lento y muere en mil pedazos
No quiero dejar que se vean, tus ojos se vean
Tan, tan, tan, tan tristes
Quizá habrá sido el destino, o ese vaso de vino
Que dijiste

Oh, oh-oh-oh, tan solo
Oh, oh-oh-oh, tan solo, ah

Salta la cuerda, se enreda, y cae de boca
Salta la cuerda, se enreda, y cae de boca
Salta la cuerda, se enreda, y cae de boca
Salta la cuerda, se enreda, y cae de boca

Wuh

Oh, oh-oh-oh, tan solo
Oh, oh-oh-oh, tan solo"
"Feid, ICON",FERXXO 151,2Cl4HCBmPddQNZEncdoXp0,"Uh, uh, uh, uh, uh-uh-uh
Uh, uh, uh, uh, uh-uh-uh

Quemando un crespo
Quemando el sol, mirándote, qué chimba esto
Poniéndote el oil tan por todo el cuerpo
Hace calor, pero no quiero que se me acabe esto, eh
Tú de otra city
Ese totico rosado flow Hello Kitty
Chingar me quitó el guayabo de esa fiesta anoche en Santorini
Se broncea a topless
Solo quiere que se le marque la tanga del bikini, yeah

Volvamos a hacerlo aunque no hayamos dormido
Mе porto bien, pero bien malo contigo
Tú mе dices lo rico que la estás pasando y me  motivo

¿Mañana pa' dónde quieres ir?
En el Goyard tengo el efectivo
Pa' gastármelo todo en ti
Amanece otra vez conmigo
¿Mañana pa' dónde quieres ir?
En el Goyard tengo el efectivo
Pa' gastármelo todo en ti
Y que queden mordí'os esos malparidos

Ellas son flop y tú ere' un bop
Te quiero dar como te da el sol
Te quité los hoops porque te estorban cuando te doy en four
El bikini aguamarina
Culonsita, ella es latina
Supreme en el 2010 le hacen fila, yeah, yeah
De tequilita un shot
De los noventa como las Shock
El mal la persigue como a Randy Glock
Abrió la Goyard y se quedó en shock

Bebé, yeah
Tú me dices lo rico que la estás pasando y me motivo

¿Mañana pa' dónde quieres ir?
En el Goyard tengo el efectivo
Pa' gastármelo todo en ti
Amanece otra vez conmigo
¿Mañana pa' dónde quieres ir?
En el Goyard tengo el efectivo
Pa' gastármelo todo en ti
Y que queden mordí'os esos malparidos

Hoy vamos a hacerlo aunque no hayamos dormido"
Airbag,Solo aquí,0OcYoSGA1CFGZcCuPLyfhj,"Solo aquí, sentado sin saber qué hacer
Yo se que tu estás con él
Y no regresarás por mí

No tendré
Palabras que decir, tal vez
Ni un beso para darte a ti
Y un sueño que dejé morir

Y en la mañana espero
Un corazón sincero
Que solo busca libertad, ah-ah

Yo solo quiero olvidar
Lo que he sufrido por ti
Y es difícil olvidarte si tú estás aquí

Solo aquí, sentado sin saber qué hacer
Yo sé que tu estás con él
Y no regresarás por mí

No tendré
Palabras que decir, tal vez
Un beso para darte a ti
Y un sueño que dejé morir

Y en la mañana espero
Un corazón sincero
Que solo busca libertad

Yo solo quiero olvidar
Lo que he sufrido por ti
Y es difícil olvidarte si tú estás aquí

Y en la mañana espero
Un corazón sincero
Que solo busca libertad

Yo solo quiero olvidar
Lo que he sufrido por ti
Y es difícil olvidarte si tú estas aquí

Si tú estás aquí
Si tú estás aquí
Si tú estás aquí
Si tú estás aquí
Ya no estás aquí"
"Callejero Fino, La T y La M",Te invito a bailar,17vFIehhv8hKSXYn5Ce4Pk,"Na-na-na-na-na
Uh-oh

Si te invito a bailar en la esquina del barrio
Donde paran los vago'
Mami, está todo pago
Piola la podés pasar
Y esta noche se presta, puede que sea nuestra
Es que yo, es que yo
Quiero verte brillar (Un, dos, tre', va; ay)

Sé, yo sé que muero por tocar tu piel
Y sé que muero por tenerte
Pruébame, que vas a conocerme
Déjame, que yo puedo quererte
Y sé, yo sé que muero por tocar tu piеl
Y sé que muero por tenеrte
Pruébame, que vas a conocerme
Déjame, que yo puedo quererte

Nena, quiero besar tu boca, permitimelo
Sé que te gustan los rochito', no digas que no
A tu amiga contale, dale, decíselo
Que el que te roba por las noche', sabe que soy yo (Ay)
El que te agarra de la cintura
El que al tocarte te trae locura'
El que siempre se encuentra en una
El que te baja la luna (Jajaja, ay)

Baila, baila, baila, baila pa' mí
Vo' sabías que eras mía desde que te vi
Baila, baila, baila, baila pa' mí
Choqué con tu sonrisa y juro que me perdí

Sé, yo sé que muero por tocar tu piel
Y sé que muero por tenerte
Pruébame, que vas a conocerme
Déjame, que yo puedo quererte
Sé, yo sé que muero por tocar tu piel
Y sé que muero por tenerte
Pruébame, que vas a conocerme
Déjame, que yo puedo quererte

Yo soy CF, mami
Con La T y La M (Ay)
Si ya sabés cómo e'
Esto es La T y La M con Callejero Fino
Haciendo canciones de amor
Para todo' los barrios bajos y villas del pueblo argentino
Y hagan caso, pa' las rocha' beso' y pa' lo' gile' rafagazo', turra
Mi hermano Matías Rapen en los controle (723)
Y Nico Valdi (Jajajaja)"
"Zion & Lennox, J Balvin",Otra Vez (feat. J Balvin),3QwBODjSEzelZyVjxPOHdq,"(Just seeing you makes me want to, eh)
(Precisely in Cartagena; eh-eh, ay)
Infinity
After so much you're looking for me
Why is it?
Why me, yeah
You can't leave without answering that question
What is it that you want?
What is it that you need?

To seduce me again
To kiss me again
Turn my world upside down again
To kiss you like yesterday
To feel you again
Turn my world upside down again, like yesterday, yeah
(The ""Z"" and the ""L"")

Just the sight of you makes me wanna
To travel back in time and rescue (Brrr; yeah)
Those moments that you and I sharеd (Sup, sup, sup, sup)
The desire to party
It was nights that nеver ended (Ay)
We were living in a fantasy, but it was real (For real)

What we felt (Mamacita; what we felt)
What we did (Here; what we did)
It's no coincidence that we saw each other at the same disco (Ah)
Let's make the most of it (Aha)
What we felt (Mamacita; what we felt)
What we did (Ah, ah)
It's not by chance that we saw each other in the same nightclub
Come on mommy, we're gone

To seduce me again
Kiss me again
To turn the world upside down
To kiss you like yesterday
To feel you again
You turn my world upside down again, like yesterday (J Balvin, man)

Today you show up again under the full moon, siren
Precisely in Cartagena
Let me relive this, it's a pleasure
Ba-Ba-Ba-Baila that the night is yours, let the rhythm intuit
Put some spice in it, let the love flow
We realized that there was no end
This doesn't have to end (Ouh, ouh; for real)

What we felt (Mamacita)
What we did (Take that take)
It's no coincidence that we saw each other in the same disco
Let's take advantage of the fact that we saw each other (Aha)
What we felt (Mamacita)
What we did (Ah, ah)
It's no coincidence that we saw each other in the same disco
Dale mami, we left

To seduce me again
Kiss me again
To turn my world upside down again
To kiss you like yesterday
To feel you again
You turn my world upside down again, like yesterday, yeah

Chq-chq-chq-chq-chq-chq-chq-chq-chq
Z Diddy
J Balvin, man
Zion, baby
The ""Z"" and the ""L""
And Lennox
Leggo'
J Balvin
Sky Rompiendo El Bajo
Mo-Mo-Mosty
Bull Nene
Infinity
Leggo'
Infinity Music (To Seduce Me Again)
Baby Records (To Kiss Me Again)
(Turn my world upside down again, like yesterday, yeh)
The ""Z"" and the ""L"""
"Blessd, Anuel AA, SOG",TE CANTO BAJITO,3I1jcOmPwnzUR5yduDK3yb,"Mami, tú quieres que yo te cante bajito (Bajito)
Y que te toque el totito ese bien rico (Bien rico)
Es que te juro que lo hicimo' tan bonito
No hay otra que me haga sentir como contigo
Y si la conoce', yo te pido un favor (Un favor)
Que la traigas, pa' que me haga el amor (Amor)
Se lo juro que usted me enamoró
Y no hay otra que me haga sentir como contigo (Ey, SOG, ja; Uah)

Y si de pronto quieres bailar (Bailar), búscame para perrear (Perrear)
Es que contigo quiеro pecar (Pecar) a poca ropa en la intimidad (-dad)
Y si dе pronto quieres verme sin nada (Sin nada)
Como a poca ropa yo te quiero ver a ti (Ver a ti)
Ese culo suyo, mami, yo lo fantaseaba
Y ahora ese sueño ya lo cumplí

¿Qué será, qué será? Se lo juro, yo no sé
Pero quiero pegarla contra la pared
Con los tema' de Tego, de Ñejo y Plan B
Ay, qué rico, mamacita, yo ya me enamoré
Una noche de carpa, una casa prestada
Los dos en mi cama, qué rico pasaba
Solo fue un momento 'e los dos
Que no voy a encontrar con otra, corazón
Dime que sí, no me diga' que no
Que esto e' un flow nuevo del Bendito

Y si de pronto quieres bailar (Bailar), búscame pa' yakalear (Uah)
Es que contigo quiero pecar (Pecar; Anuel) a poca ropa en la intimidad (Brr)
Y si de pronto quieres bailar (La AA), búscame pa' yakalear (Uah, uah)
Es que contigo quiero pecar a poca ropa en mi cama (Oh-oh, oh-oh)

Yo me enamoré, baby, como Nodal (Nodal)
Mami, ando bien bélico con una Scar (Brr)
Ella es la más rica de todo TikTok (TikTok)
Como Pablo Escobar le exploto el Instagram
Bellaca Tokischa, chicha' o no chicha
Un party de salchicha', te doy flow René
Yo le meto el bicho a to'as las Bad Gyal (Bad Gyal)
Los morenos dicen Anuel a menace
Mami, dime que sí, mami, dime que sí, que te voy a lamber el culo y clítori' (Culo)
Tú eres mi reina, bebé, por tu amor yo bajo enmascara'o, Halloween, Trick or Treat (Brr)
Yo le mando a dar cien tiro' a tu ex (Brr)
Si pregunta' quién fue, vete y dile de mí (De mí)
Que no esté roncando, que después lo matan (La AA)
Y dicen: ""¿Pero si era tan bueno por qué?"" (¿Por qué?)
Un problema conmigo y te desaparecemo'
En México dirán: ""Se lo llevó el cartel"" (Jaja)

Y si de pronto quieres bailar (Bailar), búscame para perrear (Perrear)
Es que contigo quiero pecar (Pecar) a poca ropa en la intimidad (SOG, SOG)
Y si de pronto quieres verme sin nada (Sin nada)
Como a poca ropa yo te quiero ver a ti (Ver a ti)
Ese culo suyo, mami, yo lo fantaseaba (Fantaseaba)
Y ahora ese sueño ya lo cumplí

Real hasta la muerte, baby
Mera, dime, Blessd
Real hasta la muerte, baby
Uah, uah (Brr)
Mandando los kilo' de Colombia pa' la USA, jaja
Los kilo' de música, brr"
Maluma,El Perdedor,1iEwyiSLAunPR6uouANE0O,"Baby
¿Pa' qué me estás llamando?
Dime si es verdad que él te trae loca
¿Y a vos qué te importa? (¿Ah, sí?)
Aún no lo creo, en tan poco tiempo ya besas otra boca
De malas (¿Qué?)

Dime, ¿cuál fue mi error? (Dime)
Si mi único delito sólo fue amarte
Hoy soy el perdedor (Bebé, no más)
Y él me ha robado el truco para enamorarte (¿Qué pasa mi amor?)
Rudeboyz

Y dime que me amas aunque sea mentira
(No puedo negarte, los celos me están matando)
Y dile en su cara que aún por mí suspiras
(Me parte el alma no volver a verte)
Y dime que me amas aunque sea mentira
(Sabes que no hay nadie como yo)
Y dile en su cara que aún por mí suspiras
(No te engañes, no me olvidarás)
(Pretty Boy)

Está claro que tú mereces a alguien mejor
No sé en qué falle pero no hay otro como yo (Jaja, dícelo)

Oye má, dame otra oportunidad
Ya sabes no soy así
Sólo tú me haces rogar (Ajá)
Mirándome al espejo
Y peleando con mi ego
Si entre más me alejo más te pienso (Agh)

Dime, ¿cuál fue mi error?
Si mi único delito sólo fue amarte (Sí)
Hoy soy el perdedor (Baby)
Y él me ha robado el truco para enamorarte

Y dime que me amas aunque sea mentira
(No puedo negarte, los celos me están matando)
Y dile en su cara que aún por mí suspiras
(Me parte el alma no volver a verte)
Y dime que me amas aunque sea mentira
(Sabes que no hay nadie como yo)
Y dile en su cara que aún por mí suspiras
(No te engañes, no me olvidarás)

Y si te da la gana de volver a verme
Estaré disponible para contestarte
Yo sé que por tu parte no sientes rencores
Quizá mañana vuelvas pa' que te enamores-mores
Cuando tomábamo', lo hacíamo'
Filmábamo' y veíamo'
Éramos dos locos sin saber pa' dónde íbamos
Pero son cosas del destino
Al pasar el tiempo tú cogiste tu camino, baby

Está claro que tú mereces a alguien mejor (Está claro)
No se en qué fallé, pero no hay otro como yo

Dime, ¿cuál fue mi error?
Si mi único delito sólo fue amarte (Sí)
Hoy soy el perdedor (Baby)
Y él me ha robado el truco para enamorarte

Y dime que me amas aunque sea mentira
(No puedo negarte, los celos me están matando)
Y dile en su cara que aún por mí suspiras
(Me parte el alma no volver a verte)
Y dime que me amas aunque sea mentira
(Sabes que no hay nadie como yo)
Y dile en su cara que aún por mí suspiras
(Que por mi suspiras, que no, que no, que no)

(Dime cuál fue mi error)
Yo, baby (Sólo fue amarte)
Y te hablo claro (Hoy soy el perdedor)
Desde el bunker
Atlantic Music (Para enamorarte)
Es el Pretty Boy, Dirty Boy, baby
Kevin ADG, Chan El Genio
Los Rudeboyz (Rudeboyz)
Atlantic Music
Dímelo Miky
La Sensa'
Y yo soy Maluma, baby
¿Sabes qué?
Él no te hace el amor
No te trata bien
Y que yo fui el primero en tu vida"
Cosculluela,Manicomio,3UVM7rdOSbm2vKDXB9SsWo,"Dicen que me desenfoco
Comentan que tu ta' loca
Compartimo un chaleco de loco
Cada quien con quien le toca

Un amor de manicomio
De los que me causa insomnio
De los que nadie comprende
Pero entre tu y yo se entiende
Un amor de manicomio
De los que me causa insomnio
De los que nadie comprende
Pero entre tu y yo se entiende

Esto es un amor villas, castillas y de pastillas
Yo de urbanización y tu mi riquitilla
En la calle se rumora que tengo pandilla
Y pa' tus padres yo soy la pesadilla
Fumando taquilla hasta que el sol alumbra
Dando vueltas por el viejo San Juan en la Tundra
Con Mueka y con Maxi, super relaxy
Tu conmigo sientes que estas en otra galaxy
Bueno y sano, preguntan en capestrano
Como un loco se puede ganar to' lo que gano
Y como una mujer de tu nivel se puede hasta fijar
En un hombre que es bipolar y con un fallo mental

Diselo ma', que tu ta' puesta pa' mi
Como yo estoy dispuesto pa ti
Son dos loco en el mundo
Desde el segundo en que te conocí
Diselo ma', que tu ta' puesta pa' mi
Como yo estoy dispuesto pa ti
Son dos loco en el mundo
Desde el segundo en que te conocí

Un amor de manicomio
De los que me causa insomnio
De los que nadie comprende
Pero entre tu y yo se entiende
Un amor de manicomio
De los que me causa insomnio
De los que nadie comprende
Pero entre tu y yo se entiende

Un amor de Klonopin, de Xanax, de comprar en Sax
Los contrato de los show siguen llegando por fax
Y mientras la cuenta sature y la plata me dure
Los doctores no encuentran la medicina que me cure
Yo tu loco y tu mi loca, aquí nadie se equivoca
Aquí no hay mentiras en la boca
Borro cinta pero no se me ve en la inta
Me enamore desde que vi tu foto en Insta
Yo te llamo, peleamos, siempre arreglamos
Es un amor de manicomio lo que ambos llevamos
Indique, antes de que me diagnostique
Y otro caso me formulen o me lo fabrique

Diselo ma', que tu ta' puesta pa' mi
Como yo estoy dispuesto pa ti
Son dos loco en el mundo
Desde el segundo en que te conocí
Diselo ma', que tu ta' puesta pa' mi
Como yo estoy dispuesto pa ti
Son dos loco en el mundo
Desde el segundo en que te conocí

Un amor de manicomio
De los que me causa insomnio
De los que nadie comprende
Pero entre tu y yo se entiende
Un amor de manicomio
De los que me causa insomnio
De los que nadie comprende
Pero entre tu y yo se entiende

Rottweilas Inc
Y El Princi
Mami, yo no te soporto
Pero no puedo vivir sin ti
El Mueka
Echo
Montana
Fran Fusion
Yo Jaime
Warner Music"
DesaKTa2,La Diabla,6PaIQ2qR59qiqXgjeTFwJA,"(La nena se arrebata, 'bata cuando fuma mata
Sé que quieres que domine
Mira como gata, como diabla se desata
Y yo el que en la cama la maltrata)
Sé que quieres que domine tu cuerpo
Tengo el presentimiento
Mala mía si soy muy directo porque

Voy de casería
Puesto pa' la satería
Con lo' retro y motoras prendidas
De party con las fugitivas
Voy de casería
Puesto pa' la satería
Con lo' retro' y motoras prendidas
De party con las fugitivas
Voy de casería
Puеsto pa' la satería
Con lo' retro y motoras prendidas
Dе party con las fugitivas

Dice man
Se llegan la' doce e'tá borracha ('Tá, 'tá borracha)
Ando loco por esa muchacha (Por esa muchacha)
Dice que se pasó con la Buchanan's
Ella quiere hacerlo si fumamo' marihuana
La nena se arrebata, 'bata
Cuando fuma mata
Y una cintura que mata
Como perra a cuatro pata'
Pero mira como gata, como diabla se desata
Y yo el que en la cama la maltrata
Shorty, dame la hora de llegada
Perfecta para una coartada
Pero el otro fin de semana
Si quiere' también trae a tu hermana
O a tu amiguita, Juliana
Pa' que matemo' la' ganas
Shorty, dame la hora de llegada
Perfecta para una coartada
Pero el otro fin de semana
Si quiere' también trae a tu hermana
O a tu amiguita, Juliana
Pa' que matemo' la' ganas

Voy de casería
Puesto pa' la satería
Con lo' retro y motoras prendidas
De party con las fugitivas
Voy de casería
Puesto pa' la satería
Con lo' retro y motoras prendidas
De party con las fugitivas

No va ni media hora después de que te comí
Y así aprendí que no puedes vivir sin mí
Porque llama, llama
Que me quiere en su cama
Prendemos uno y no te vas hasta mañana
No puedo olvidar la primera vez
Que se lo hice mejor que su ex (No)
Es un pendejo al lado tuyo
Te mata el orgullo
Pero no soy tuyo
Y tú eres mía, bebé
No puedo olvidar la primera vez
Que se lo hice mejor que su ex (No)
Es un pendejo al lado tuyo
Te mata el orgullo
Pero no soy tuyo
Y tú eres mía, bebé
Ella se arrebata, 'bata
Cuando fuma mata, mata
(Y si te prendes me quemo contigo, bebé)
Ella se arrebata, 'bata, 'bata
(Y si te prendes me quemo contigo, bebé)

Voy de casería
Puesto pa' la satería
Con lo' retro y motoras prendidas
De party con las fugitivas
Vo', vo', voy de casería
Puesto pa' la satería
Con lo' retro y motora prendida
De party con las fugitivas

(Dice man, ey, dice man
Sé que quieres que domine)"
Bad Bunny,Si Estuviésemos Juntos,35wvL50xvKpCHEJPxLOLPI,"Yeh-yeh-yeh-yeh-yeh
Yeh-yeh-yeh-yeh
Yeh-yeh-yeh-yeh-yeh
Yeh

No sé si tu boca está besando a otra
En estos momentos, en estos momentos
Y no sé si tus ojos ya se olvidaron de mí
Y los pensamientos se fueron con el tiempo

Y me pregunto qué hubiera pasado
Si estuviésemos juntos, aún enamorados
Y me pregunto qué hubiera pasado
Si estuviésemos juntos, aún enamorados
Yeh-yeh

Todavía yo te espero
Aunque yo sé que tú no vas a volver
Todavía yo te quiero
Aunque yo sé que eso me puede joder
Y tengo tu foto guardá'
Tú y yo bailando cuando éramo' menore' de edad
Te digo la verda'
Te extraño el 14 y en la Navidad
Y lo' polvo' en la parte posterior
Del carro pa' los tiempo' en la superior
Siempre dejaba ropa interior
Cada polvo mejor que el anterior
Pero no como el primero
Tú sabe' que ese no se va a borrar
Ahora me paso en el putero, yeh
A otra persona no he podido amar
Y te juro que lo he trata'o
Pero es que ninguna se te para al la'o
Desde que te fuiste sigo trastorna'o
Escuchando Masterpiece, baby, me siento down
Si no tengo de tu piel, down
Deuces de Ñengo y De La, no la de Chris Brown
El cerebro dando vuelta', lo tengo marea'o
Cada cual por su la'o, yeh-eh

Y me pregunto qué hubiera pasado
Si estuviésemos juntos, aún enamorados
Y me pregunto qué hubiera pasado
Si estuviésemos juntos, aún enamorados
Yeh"
"Los Ángeles Azules, Emilia","Perdonarte, ¿Para Qué?",4dLLdfiniBhDP9dlJQIOi4,"Supérame, olvídame
Y piensa que solamente fue un sueño lo que viviste conmigo
Ubícate
Que ya no habrán más página' de la mejor historia que has leído
Ya con eso me despido
Porfa, mejor no me llames
No te quiero ni de amigo

Perdonarte, ¿para qué? ¿Para que vuelvas a fallarme otra vez?
No, muchas gracias, ese chiste ya no me hace gracia
Se te hizo tarde, bebé, tanto que te lo avisé
Pеro no quisiste oír y ya el avión se tе fue
Perdonarte, ¿para qué? ¿Para que vuelvas a fallarme otra vez?
No, muchas gracias, ese chiste ya no me hace gracia
Se te hizo tarde, bebé, tanto que te lo avisé
Pero no quisiste oír y ya el avión se te fue

Ay, se te fue

Los Ángeles Azules y Emilia

Supérame, olvídame
Y piensa que solamente fue un sueño lo que viviste conmigo
Ubícate
Que ya no habrán más página' de la mejor historia que has leído
Ya con eso me despido (Me despido)
Porfa, mejor no me llames (No me llames)
No te quiero ni de amigo

Perdonarte, ¿para qué? ¿Para que vuelvas a fallarme otra vez?
No, muchas gracias (Gracias), ese chiste ya no me hace gracia (Gracia)
Se te hizo tarde, bebé, tanto que te lo avisé
Pero no quisiste oír y ya el avión se te fue
Perdonarte, ¿para qué? ¿Para que vuelvas a fallarme otra vez?
No, muchas gracias (Gracias), ese chiste ya no me hace gracia (Gracia)
Se te hizo tarde, bebé, tanto que te lo avisé
Pero no quisiste oír y ya el avión se te fue

Ay, se te fue

De Iztapalapa para la Argentina
Y de la Argentina para México"
"Eugenia Quevedo, La banda de Carlitos",Como Lo Hizo? - En Vivo,3KAdpFK7rveKAAwpgjwhNn,"Hoy me sorprendí y me golpe de frente con la realidad
Al enterarme de lo que hubo entre el yo yo jamas fue la verdad
Yo me que lleve el más lindo recuerdo de su amor
Pasaba el tiempo y siempre a Dios le pregunte ¿Por que se terminó?
Y ahora lo entiendo
Era que habia una persona al mismo tiempo en su vida, era su vida
Al final yo nunca fui protagonista en su historia
Él escribia mi libreto a su antojo escribia con mi vida
Dios como pudo enrredar en su mundo a dos personas
Cómo lo hizo si siempre estaba conmigo
Cómo lo hizo si era mio a cada instante
Cómo lo hizo sin sospechas sin testigos
En que momento el me convirtio en su amante
Cómo lo hizo me preguntan los amigos
Cómo lo hizo y nada puedo contestarles
Cómo lo hizo sin sospechas sin testigos
En que momento él me convirtio en su amante
Y no puedo entender si él la amaba o si jugaba con su amor
Yo al no saber también le dí mi corazón, también me enamoré
Yo todo lo entiendo
Dios como pudo moverse entre tantas mentiras, mil mentiras
Ella nada de esto imagina y la hizo su señora
Y al mismo tiempo un libreto a su antojo escribia con mi vida
Dios como pudo enrredar en su mundo a dos, dos personas
Cómo lo hizo si siempre estaba conmigo
Cómo lo hizo si era mio a cada instante
Cómo lo hizo sin sospechas sin testigos
En que momento el me convirtio en su amante
Cómo lo hizo me preguntan los amigos
Cómo lo hizo y nada puedo contestarles
Cómo lo hizo sin sospechas sin testigos
En que momento él me convirtio en su amante
Yo no sé, yo no se
Cómo lo hizo me preguntan los amigos
Cómo lo hizo y nada puedo contestarles
Cómo lo hizo sin sospechas sin testigos
En que momento él me convirtio en su amante
Yo no sé como lo hizo, Angie
Solo sé que me dejo
...
Sé que no quieres hablar
Ni siquiera comentarme
No sientas que me haces daño
No creo que seas cobarde
Sé que lo bueno dura poco
Sé que te sientes encerrado como un loco
Pero porque no hablaste
Ahora es más grande el dolor
No podrás amarla, no podrás besarla
Cuando este con ella algo te hará falta
Sentiras mi aliento frío por tu espalda
Ojala tus manos mueran al tocarla
No podrás amarla, no podras besarla
Cuando estes con ella algo te hara falta
Morderas tus labios, sangraran de rabia
Solo tendras culpas negras en el alma
No recibiras nada al abrazarla
Porque no podras hacerle el amor
Sé que no quieres hablar
Ni siquiera comentarme
No sientas que me haces daño
No creo que seas cobarde
Sé que lo bueno dura poco
Sé que te sientes encerrado como un loco
Pero porque no hablaste
Ahora es más grande el dolor
No podrás amarla, no podrás besarla
Cuando este con ella algo te hará falta
Sentiras mi aliento frío por tu espalda
Ojala tus manos mueran al tocarla
No podrás amarla, no podras besarla
Cuando estes con ella algo te hara falta
Morderas tus labios, sangraran de rabia
Solo tendras culpas negras en el alma
No recibiras nada al abrazarla
Porque no podras hacerle el amor
Y así como escuchaste
No podrás amarla, no podrás besarla
Y mucho menos hacerle el amor
Sé que no quieres hablar
Ni siquiera comentarme
No sientas que me haces daño
No creo que seas cobarde
Sé que lo bueno dura poco
Sé que te sientes encerrado como un loco
Pero porque no hablaste
Ahora es más grande el dolor
No podrás amarla, no podrás besarla
Cuando este con ella algo te hará falta
Sentiras mi aliento frío por tu espalda
Ojala tus manos mueran al tocarla
No podrás amarla, no podras besarla
Cuando estes con ella algo te hara falta
Morderas tus labios, sangraran de rabia
Solo tendras culpas negras en el alma
No recibiras nada al abrazarla
Porque no podras hacerle el amor"
Soda Stereo,De Música Ligera - Remasterizado 2007,2WD9ggmpZE7Wodh3qVVCgg,
"Cosculluela, Bad Bunny",Madura,5n2XTRsYFlZwNBp06KAjDX,"Yeh-yeh-yeh

Me paso todo el día pensando en ti
Es que tu recuerdo no me deja vivir
Y cuando cae la noche
Suena el celu, y como de costumbre, lo contesto
Aunque tú y yo muy bien sabemo'
Que lo que estamo' haciendo está incorrecto

Pero tú 'tás grande, 'tás madura (Wuh)
Pasan los año' y te pone' más dura (Prru)
Baby, cómo te cura', yeh-eh
Mientra' me tortura', yeh
Pero tú 'tás grande, 'tás madura
Pasan los año' y te pone' más dura
Baby, cómo te cura', yeh
Mientra' me tortura', yeh (Prr-prr, prr, grr)

Esta gente me preguntan que si es media maniática (Oh)
Métele bellaco, bo, que eso e' una máquina
El pelo rubio que aguanta cualquier diluvio (Hah, prr)
De Asia, eso no es tinte de farmacia (Jaja; nope)
Trabaja porque ella donde apunta, encaja (Grr; ¡zah!)
Y to' eso que tú tiene', mami, huele a nuevo 'e caja (Wuh)
Cero milla', un novio, pero ya es obvio
Que desde que me vio se le derritió to' el rollo (Ojo)
La vida descuadrá', ella no bebe Madra (Hah)
A ella le gusta el rosé en la Mercedes cuadrá'
La chamaquita no quiere ahorita, ella me pide ahora
Y 'tá roncando 'e señorita (Rrra, ah-ah)
Esta chamaquita no se limita
Ella se cree señora y conmigo se las desquita (Oye, que; ¡prru!)

Pero tú 'tás grande, 'tás madura (Wuh)
Pasan los año' y te pone' más dura (Prru)
Baby, cómo te cura', yeh-eh
Mientra' me tortura', yeh
Pero tú 'tás grande, 'tás madura
Pasan los año' y te pone' más dura
Baby, cómo te cura', yeh
Mientra' me tortura', yeh (Yeh-yeh-yeh-yeh)

La baby le mete al kush (Wuh), pero hoy quiere wax (Hah)
Conmigo se viene cuando tú te vas (Wuh)
Pa' hacerte venir yo tengo el fast pass (Pass)
Hoy te lo vo'a meter dentro de la G-Class (Ah-ah-ah-ah; rrra)
Yo sé que e' otra onda, aparte del Honda
No me meto redonda (No), a ti te doy con to'a la tonga
Natural y Roberto Cavalli
A vece' las pali, pero casi siempre kush de Cali (¡Hah!)
Ma, yo nunca voy a borrar nuestra primera vez
Yo soy todo tuyo, pero tú nunca me crees
Te compré to' Gucci, baby, pa'l carajo Guess
Bad Bunny, baby, bebé (Prr)

Pero tú 'tás grande, 'tás madura
Pasan los año' y te pones más dura
Baby, cómo te cura', uh-uh (Rrrá)
Mientra' me tortura', uh-uh (Ah-ah-ah-ah-ah-ah)
Pero tú 'tás grande, 'tás madura (Prr)
Pasan los año' y te pones más dura
Baby, cómo te cura' (Baby), yeh
Mientra' me tortura'

Bad Bunny, baby, bebé
Bad Bunny, baby, bebé-bé
En esta andamo' con el Bad
Mothafuckin' Bunny
Dímelo, Oreo (Prru)
Cha-Cha-Champion Sound
Hear This Music (Rrre-che-chen)
Alex Ki
El Mueka
Yeh-yeh, yeh-yeh"
"Indio Solari, Los Fundamentalistas del Aire Acondicionado",Había una Vez...,3ayHT7okY784fCWMYDbspt,"Seré heraldo de buenas noticias
Solo si te quedás un rato más
Los espíritus soplan si quieren
(¡Y vos que recién te enterás!)
Tarde, otra vez, mi amor...

¡Sigo siendo el mismo de siempre
Y te aburre mi voz!
Llega el adiós...
Vengo cínico, fóbico, crudo, hervido
Y asado por vos
Va a despejar, mi amor

Hay tantas partes tan lindas
Sin tu traición
El mundo sigue girando
Aún sin tu amor

Voy enfrentando tu sinceridad
Vuelvo a sentirme extraño si me consolás

Borraremos los rastros
Las noches con más penas de bar
Sin recordar que hubo un tiempo
En que toda impaciencia
Era gracia para poder reír
Y festejar de amor

Con el rostro gustoso
Sin máscara que tape
El mohín de tu desdén
Con los puños en alto
Deseando, al final, hacer la revolución
Con una canción de amor

Hay tantas partes tan lindas
Sin tu traición
El mundo sigue girando
Aún sin tu amor"
Mancha De Rolando,Arde la Ciudad,3SyKG06yOK3omo29EwZ8dP,"Tu equipo volvió a ganar
Te prendieron mil bengalas hoy
La banda grita tu nombre y ves
Como la popular se va a caer
Pero tu estrella no esta más
Se la llevo la mañana
Arde la ciudad
Llueve en tu mirada gris
La gente festeja y vuelve a reír
Pero este carnaval
Hoy no te deja dormir
Mires donde mires ella esta ahí
Tu vida siempre fue así
Te da y te quita por nada
Y aunque estés solo, sin corazón
Ahora tenes que seguir la función
Es una fiesta, algo de hoy
Donde se junta la hinchada
Arde la ciudad
Llueve en tu mirada gris
La gente festeja y vuelve a reír
Pero este carnaval
Hoy no te deja dormir
Mires donde mires ella esta ahí
Es una fiesta, algo de hoy
Donde se junta la hinchada
Arde la ciudad
Llueve en tu mirada gris
La gente festeja y vuelve a reír
Pero este carnaval
Hoy no te deja dormir
Mires donde mires ella esta ahí
Arde la ciudad
Llueve en tu mirada gris
La gente festeja y vuelve a reír
Pero este carnaval
Hoy no te deja dormir
Mires donde mires ella esta ahí"
"J Balvin, Bad Bunny",QUE PRETENDES,25ZAibhr3bdlMCLmubZDVt,"Uah, uh-uh
Uah
Yeah, yeah, yeah, yeah (Uh-uh)

Ahora quiere' volver (Ahora quieres volver, yeah)
Por qué razón, dime para qué (Para qué, para qué)
Ya no te presto atención (Ninguna)
Desde hace tiempo le puse punto final (Sí)

¿Qué pretendes tú llamándome a esta hora? (Yeah, hora)
Esa actitud la conozco ya (Yeah-yeah-yeah)
Sabes qué hacer muy bien para envolverme (Envolverme)
Pero esta vez es muy tarde ya (Uah, oh-oh-oh)

Estas no son horas de llamar (No)
Al meno' que me lo quiera' mamar
Que quiera' prender, que quiera' quemar (Uh-huh)
Hablando claro ya tú me cae' hasta mal (Ja)
Por ti me metí pastilla' y me fui de over flow Lamar (Woh)
Pero tú no ere' una Kardashian (No)
Contigo no me tiro, porque si no las Retro se me embachan
De Snapchat te borré, de Facebook te borré
De Instagram te borré, de mi vida te borré (¡Plo!)

Y ahora quiere' volver (¡Nah!)
Nah, tú lo que quiere' e' joder (¡Wuh!)
Pero no se va a poder (Fuck you)
Me va' a ver con otra y te va' a morder (Uh)
Y ahora quiere' volver
Nah, tú lo que quiere' e' joder
Pero no se va a poder
Me va' a ver con otra y te va' a morder (¡Nah!)

¿Qué pretendes tú llamándome a esta hora? (Ey)
Esa actitud la conozco ya
Sabes qué hacer muy bien para envolverme
Pero esta vez es muy tarde ya
Yeah-yeah-yeah-yeah-yeah-yeah

Intentas hacerlo todo para que yo vuelva
Las cosas no son iguales, ¿para qué insistir?
Evita molestias y tu tiempo no pierdas
Conmigo no encuentras nada
A escondidas vives chequeando las fotos
Investigando mi perfil
No lo niegues, bien te conozco

Todo lo que tú hiciste conmigo
Quiere' repetirlo
Anda buscando más
Y a mí eso me da igual
Todo lo que tú hiciste conmigo
Quiere' repetirlo
Anda buscando más
Y a mí eso me da igual

¿Qué pretendes tú llamándome a esta hora? (Yeah, hora)
Esa actitud la conozco ya (Yeah-yeah-yeah)
Sabes qué hacer muy bien para envolverme (Envolverme)
Pero esta vez es muy tarde ya (Uah, oh-oh-oh)
¿Qué pretendes tú llamándome a esta hora? (Ey)
Esa actitud la conozco ya
Sabes qué hacer muy bien para envolverme
Pero esta vez es muy tarde ya
Yeah-yeah-yeah-yeah-yeah-yeah

Sky Rompiendo
Yeah, yeah, yeah, yeah
Rompiendo el Bajo
Bad Bunny, baby-be-be-bebé-bebé, bebé
J Balvin
Leggo'
J Balvin
Bad Bunny
Oasis
Oasis, baby
Esta va pa' ti"
"Arcángel, Bad Bunny, Mambo Kingz, DJ Luian",Tu No Vive Asi (feat. Mambo Kingz & DJ Luian),6NSMQFKgjpQb0KkjMDYIK0,"1. Piso 21 & Paulo Londra — Te Amo
2. Lalo Ebratt & Trapical — Mocca
3. J Balvin — Bobo
4. Canserbero — Querer Querernos
5. Danny Ocean — Dembow
6. Paulo Londra — Party en el Barrio (ft. Duki)
7. Duki — Rockstar
8. Bad Bunny — Otra Noche en Miami
9. Bizarrap & Tiago PZK — Tiago PZK: Bzrp Music Sessions, Vol. 48
10. J Balvin, Dua Lipa, Bad Bunny & Tainy — UN DIA (ONE DAY)
11. Kenny Man — Ni Gucci Ni Prada
12. Residente & Bad Bunny — Bellacoso
13. DUKI — GIVENCHY
14. Micro TDH — Cafuné
15. Bomba Estéreo — To My Love (Tainy Remix)
16. Canserbero — C'est La Mort
17. Bad Bunny & The Marías — Otro Atardecer
18. Bizarrap & Villano Antillano — Villano Antillano: Bzrp Music Sessions, Vol. 51
19. Canserbero & Afromak — De la Vida Como Pelicula, Tragedia, Comedia y Ficción
20. La Vagancia — Se Prendió la Fiesta
21. Bizarrap & Residente — Residеnte: Bzrp Music Sessions, Vol. 49
22. Chaucha Kings — Canelazo
23. Bad Bunny — Un Coco
24. Nicky Jam, Arcángеl & J Balvin — Travesuras (Remix) (ft. Zion & De La Ghetto)
25. Bad Bunny — Como Antes
26. Trueno — FEEL ME??
27. Canserbero — Maquiavélico
28. Bad Bunny — BOOKER T
29. Bad Bunny — La Romana FT El Alfa (ft. El Alfa)
30. WOS — CANGURO
31. Enrique Iglesias — DUELE EL CORAZON (ft. Wisin)
32. Daddy Yankee & Canserbero — Salud y Vida (Remix Edit)
33. Keyblade — Pennywise (Clásico) vs Pennywise (Moderno) - Épicas Batallas De Rap Del Frikismo
34. Bad Bunny, Duki & Pablo Chill-E — Hablamos Mañana
35. Bad Bunny — Está Rico (ft. Marc Anthony & Will Smith)
36. Romeo Santos — Imitadora (Drill Remix)
37. Canserbero — Es Épico
38. Bizarrap & Alemán — Alemán: Bzrp Music Sessions, Vol. 15
39. Maluma — Borro Cassette (Slowed)
40. Residente — René
41. Arcángel & Bad Bunny — Tu No Vive Asi (ft. Mambo Kingz & DJ Luian)
42. Zion & Lennox — Otra Vez (ft. J Balvin)
43. Bizarrap & L-Gante — Bzrp Music Sessions, Vol. 38"
"JHAYCO, J Balvin, Bad Bunny",No Me Conoce - Remix,2beS6dD5rovBxSA1zYoSHR,"(She's acting like she doesn't know me
But in my bed she became an addiction like the 5-12)
(Yeh-yeh-yeh-yeh; do you follow?)
She never lets herself be seen (She never lets herself be seen; ¡no!)
She knows how to cover it up (She knows how to cover it up)
She has a relationship and it's going well
But at night with me, she likes to misbehave (Wuh-huh!)
She comes and what she wants to do is sin, eh (Ayy)
She's ready to get horny, eh (The pressure)
I don't stop her, and sometimes she looks around weirdly (Rrra!)

She's acting like she doesn't know me (Like she doesn't know me; no, no, no)
But in my bed she became an addiction like the 5-12 (Like the 5-12)
I eat her out fully and no one is finding out
A couple of friends (A couple of friends; wuh-huh)
All single, they always watch over her so that she keeps going (She keeps)
She's acting like she doesn't know me (Like she doesn't know me)
But in my bed she became an addiction like the 5-12 (Like the 5-12)
We make love fully and no one is finding out
A couple of friends (Are you following me?)
All single, they always watch over her so that she keeps going

Huh-huh, eh
If looks could kill, yours made me love (Eh)
You look like you're high
She kills with a dress and when she dresses for sports (Wuh)
She has the booty XL, but she uses small panties
Some that can't take her pressure and they have her blocked, eh
A couple of psychos, stalked (Eh)
She doesn't hang in the streets, but she's backed (No)
The girl is really hot, I think she's hacked (Eh), eh
Tiny but huge, good grades at college, eh
A good girl, it shows (Eh, eh), but the high explodes her and (Ayy)

She's acting like she doesn't know me (Like she doesn't know me; no, no, no)
But in my bed, I gave it to her on all fours and in all the positions (In all the positions), eh
I eat her out fully, no one is finding out
With a couple of friends (With a couple of friends; wuh-huh)
All single, they always watch over her so that she keeps going (So that she keeps going; eh, eh-eh, eh)
She's acting like she doesn't know me (Like she doesn't know me; no, no, no)
But in my bed she became an addiction like the 5-12 (Like the 5-12)
I eat her out fully and no one is finding out, a couple of friends (Come on)
All single, they always watch over her so that she keeps going
(So that she keeps going; do you follow?)

She calls me so that I can try her and (Yah)
When I touch her, that rains over there (-ns over there)
She got dressed and I undressed her (Yes)
She never says: ""No"", she always says: ""Yes"" (Wuh)
When she wants to dance, the dembow whips her (What?)
She goes crazy
What she wants to do is her hair (Wuh), and fix herself up (Wuh)
She comes to the club to let herself loose (Ah)
Whether she knows me, she says: ""No"", but she knows well that she does
She mixes it with alcohol, like when I gave it to her
In all the positions, they ask and she says: ""I don't know""
On contacts she has ""José"", and always after 11 or 12 o'clock

She hits me up so that I can try her
She makes herself fragrant and I like how it smells (How it smells)
Private Instagram so that no one watches over her
She got pretty because she knows that today is for drinking
Misbehave to feel good (Good)
She didn't want to smoke but she hit the pen (Yes)
A Barbie, but she's not looking for a Ken (No)
I always go over when she says: ""Come""
To behave badly she dresses well (Well)
She tells the truth and sometimes she lies too
Turn off the notifications on the phone
She has a relationship, but today she wants to fuck

I gave it to her on the expre-ss
I filled her neck with kiss-es
I did time as a pris-oner
If you see her, don't talk to her about th-at, because

She's acting like she doesn't know me (Like she doesn't know me)
But in my bed she became an addiction like the 5-12 (Like the 5-12)
I eat her out fully and no one is finding out
A couple of friends (A couple of friends)
All single, they always watch over her so that she keeps going (She keeps; ah, ah, ah)
She's acting like she doesn't know me (Like she doesn't know me)
But in my bed she became an addiction like the 5-12 (Like the 5-12)
I eat her out fully, no one is finding out
A couple of friends (A couple of friends)
All single, they always watch over her so that she keeps going
(So that she keeps going; are you following me?)

(J Balvin, man; eh)
Yo, what's up Balvin?
Bad Bunny
Latino gang
Do you follow?
The pressure
Jhayco, Jhay Cortez
Jhayco, Jhay Cortez, eh (Oasis team)
Bad Bunny (Eh)
Nothing, nothing, nothing, Bad Bunny and J Balvin
(Yeh-yeh-yeh-yeh
Bad Bunny, baby-baby)
(Jhay Cortez)
Nothing, it's not going to be you guys (Bad Bunny, baby-baby, eh-eh-eh)
Do you follow me or are do you not follow yet?
I think that you do
If Mvsis plays a beat like this again, I'll go hard on it again, what happened? Haha
Oasis, Oasis
The trinity"
"Max Carra, Lira",VIAJEMOS EN EL TIEMPO #1 | Quien Te Quiere Como Yo,6il9B9hrZPNpXei57XM1Sv,
Patricio Rey y sus Redonditos de Ricota,Tarea Fina,4mZHvbJWkK9uVmD9SvHKao,"Quemando la turbina, te escapas
¿Vas a volver a herirme otra vez?
En tu ternura está acechándome una buena traición de mujer
Que echa hielo y brasas en mi corazón, fumando en la oscuridad

Sobrio no te puedo ni hablar
Estoy perdido sin mi estupidez
Un auto guapo va a venir por vos y nada va a cambiar
Vas a vivir en el Delta en un lanchón, buscando de qué reír

Con las piernas más bonitas
Las más lindas piernas que vi
Y un juego rico de amores
Caída libre para dos

Le das la copa, al fin, al vencedor
Tarea fina, perdida en mi soledad
No sé si no me gusta más que el rock, nunca la ví llorar
Si no va sin frenos, no anda bien, ni me encadena a su show

Con las piernas más bonitas
Las más lindas piernas que vi
Y un juego rico de amores
Caída libre para dos"
Babasonicos,En Privado,0ZyNiSXRbq68lmBjV0vJkR,"Hablás como si todo lo que decís
Te lo estuvieran escribiendo
Entonces controlan tus labios, tus narices
Que me lo están proponiendo
Las palabras se mezclaron al salir
De tu boca caprichosa
Como un crupier de casino de ruta
Que juega al tarot por dinero

Lo que me decís no me cierra
Hagámoslo igual, en privado
No me importan las consecuencias
Hagámoslo igual, en privado

Te movés como si todo lo que hacés
Te lo estuvieran sugiriendo
Desde detrás de tu oreja o desde algún punto
Que no conozco ni acierto
Creo entender que tus intenciones
Me afectan seriamente
Me lo recordaste una tarde a barlovento
En el puerto de Quequén

Lo que me decís no me cierra
Hagámoslo igual, en privado
No me importan las consecuencias
Hagámoslo igual, en privado

Late una intriga oculta en cada ostra
Un racimo perla en general
Soy un buscador de esos que no se conforman
Donde nadie encuentra, encontrará


Pusiste la mirada por algún lugar
Algo fuera de mi alcance
De lejos me hiciste la seña de algo confuso
Lo que los dos suponemos
Perdamos algo juntos, por lo menos, ya
Y festejemos el acuerdo
Pasa que sos tan hermosa y yo estoy hechizado
Y esto no tiene remedio

Lo que me decís no me cierra
Hagámoslo igual, en privado
No me importan las consecuencias
Hagámoslo igual, en privado
Lo que me decís no me cierra
Hagámoslo igual, en privado
No me importan las consecuencias
Hagámoslo igual, en privado"
RAYE,WHERE IS MY HUSBAND!,55lijDD6OAjLFFUHU9tcDm,"Baby (Woo-hoo), where the hell is my husband? (Woo-hoo)
What is takin' him so long to find me? (Woo-hoo)
Oh, baby, where the hell is my lover?
Getting down with another? (Woo-hoo, yeah)
Tell him if you see him, baby (Baby), if you see him, tell him (Tell him)
He should holler

Why is this beautiful man waiting for me to get old?
Why he already testing my patience?
I only fear he taking time with other women that ain't me
While I've been reviewin' applications
Wait till I get my hands on him, I'ma tell him off too
For how long he kept me waitin', anticipatin'
Prayin' to the Lord to givе him to my lovin' arms
And despite my frustrations

And he must need mе (He must need me)
Completely (Completely)
How my heart yearns for him
Is he far away? (Is he far away?)
Is he okay? (Is he okay?)
This man is testing me, uh-huh, uh-huh, uh
Help me, help me, help me, Lord
I need you to tell me

Baby (Woo-hoo), where the hell is my husband? (Woo-hoo)
What is taking him so long to find me? (Woo-hoo)
Oh, baby, where the hell is my lover?
Getting down with another? (Woo-hoo, yeah)
Tell him if you see him, baby (Baby), if you see him, tell him (Tell him)
He should holler

I'm doing lonely acrobatics, unzipping my dress at 2 a.m. ​
And I'm tired of living like this
He must be out there getting ready, tryna fix up his tie
Uh, huh-huh, uh, hello? This where your wife is
Wait till I get your heart goin', I'ma turn it up too
For how much I'm 'bout to love ya, no one above ya
Prayin' to the Lord to hurry, hurry you along
Baby, I intend to rush ya

And he must need me (He must need me)
Completely (Completely)
How my heart yearns for him
Is he far away? (Is he far away?)
Is he okay? (Is he okay?)
This man is testing me, uh-huh, uh-huh, uh (Help me)
Help me, help me, help me, Lord
I need you to tell me

Baby (Woo-hoo), where the hell is my husband? (Woo-hoo)
What is taking him so long to find me? (Woo-hoo)
Oh, baby, where the hell is my lover?
Getting down with another? (Woo-hoo, yeah)
Tell him if you see him, baby (Baby), if you see him, tell him (Tell him)
He should holler

Tuh, tuh, tuh, tuh
Tell him I'm mm, tell him I'm mm with the mm-mm-mm
Tell him I'm kind, tell him I'm 5'5""
Tell him I've got brown eyes and a growing fear
That if he doesn't find me now
I'm gonna die alone, so can he
Uh, uh, uh, uh, uh (Hurry up here, sir)
Uh-uh, uh-uh-uh, uh-huh, uh-huh, uh-huh
I want it, want it, want it, want it, want it
I would like a ring, I would like a ring
I would like a diamond ring on my wedding finger
I would like a big and shiny diamond that I can wave around
And talk, and talk about it
And when the day is here, forgive me God, that I could ever doubt it
Until death, I do, I do, I do, I
Is he about it, 'bout it, 'bout it?

This man is testing me, uh-huh, uh-huh, uh
Help me, help me, help me, Lord
I need you to tell me

Baby (Woo-hoo), where the hell is my husband? (Woo-hoo)
What is taking him so long to find me? (Woo-hoo)
Oh, baby, where the hell is my lover?
Getting down with another? (Woo-hoo, yeah)
Tell him that my grandma said it, tell him grandma said it
""Your husband is 
coming""

I would like a ring, I would like a ring
I would like a diamond ring on my wedding finger
I would like a big and shiny (Woo)
Diamond (Yes), diamond (Yes), diamond (Yes), diamond (Yes), diamond (Yes), oh (Oh)
Where is my husband? (Ah)"
"J Balvin, Bad Bunny",Si Tu Novio Te Deja Sola,2joKSGkqac0LIwYG9Ghrwq,"J Balvin
Ba-Bad Bunny
Lego, lego, lego
Yo vivo día y noche pensando en ti
Y tú perdiendo el tiempo con él (Skrt, skrt)
Dime dónde estás que yo te quiero ver, yeh

Si tu novio te deja sola
Dímelo y yo paso a buscarte
Solo me bastarán un par de horas (Ajá)
Y ese cabrón no va a recuperarte
Si tu novio te deja sola (Sola)
Dímelo y yo paso a buscarte
Solo me bastarán un par de horas (Lego)
Y ese cabrón no va a recuperarte (Rrrruah)

Un culito así no se encuentra en eBay
Este bicho es tuyo, te lo tengo en layaway
Es más ninguna tiene brake
No soy un pitcher, pero a ti te voy a hacer el doble play
Yo sé que eres fina, pero en la cama Sasha Grey
Fumando y bebiendo Grey
Lo siento por Casper, pero J-Lo se va con Drake
Te llevo pa' New York un fin de semana
Un polvo antes de acostarte, otro por la mañana
Hay un chorro de bobos que te tienen gana'
Pero diles que tú eres del rey como Lana

Yo siempre me maltrato
Viendo tus vídeos y tu retrato
Dile a tu novio que ya se le venció el contrato
Conmigo son de wax, los arrebato', yeh

Si tu novio te deja sola
Dímelo y yo paso a buscarte
Solo me bastarán un par de horas
Y ese cabrón no va a recuperarte
Si tu novio te deja sola (Eh-eh-eh)
Dímelo y yo paso a buscarte
Solo me bastarán un par de horas
Y ese cabrón no va a recuperarte, yeh (Lego)

Llégale, siempre sabe cuándo y dónde es
Se trajo a otras amigas que tienen novio también
Cada que toco PR ella suelta su gato y cae donde papi
Cuando me extraña y quiere que le meta de sorpresa llega a Medellín
Con él siempre pierdes, conmigo win
Te pienso todo el día bien nasty
Miles de mujeres, miles en botellas
No hay chimba si tú no estás aquí
Dile la verdad al bobo ese
Que no le da a los niveles
Y que tire a ver si puede

A tu jevo (A tu jevo)
Avísale (Avísale)
Que este fin de semana
La pasas con to' tus panas y no con él
Yo no juego (Yo no juego)
Avísale (Avísale)
Que encontraste reemplazo
Y que espere pa' un rato (Yeh-eh-eh)

Si tu novio te deja sola
Dímelo y yo paso a buscarte
Solo me bastarán un par de horas
Y ese cabrón no va a recuperarte, yeh
Si tu novio te deja sola (Bad Bunny)
Dímelo y yo paso a buscarte (El conejo malo)
Solo me bastarán un par de horas (J Balvin, man)
Y ese cabrón no va a recuperarte

(A tu jevo)
Mambo Kingz
(Avísale)
Hear this music
(Que este fin de semana)
DJ Luian
(La pasas con todo' tus panas y no con él)
(Yo no juego)
(Avísale)
(Que encontraste reemplazo)
(Y que espere pa' un rato)"
Airbag,Verte De Cerca,3pevHGhwL0brjFQfPABwns,"Decime cómo hacer, que quiero conocerla
Me hablaron mal de vos y eso me desespera
Es la primera vez que la tengo tan cerca
Es como si pudiera morderte la lengua
Morderte la lengua

Y el tiempo va pasando así, lo sé
Ya no sé más qué hacer
No sé a quién llamar aquí, aquí

Decime cómo hacer, que quiero conocerla
Me hablaron mal de vos y eso me desespera
Es la primera vez que la tengo tan cerca
Es como si pudiera morderte la lengua, oh

Dame un poco más
De eso que escondes ahí, ahí
No dejo de pensar
No me hagas más sufrir así

Decime cómo hacer, que quiero conocerla
Me hablaron mal de vos y eso me desespera
Es la primera vez que la tengo tan cerca
Es como si pudiera morderte la lengua
Decime cómo hacer, que quiero conocerla
Me hablaron mal de vos y eso me desespera
Es la primera vez que la tengo tan cerca
Es como si pudiera morderte la lengua, oh

Ah-ah, ah-ah-ah, ah-ah
Ah-ah, ah-ah-ah, ah-ah

Decime cómo hacer, que quiero conocerla
Me hablaron mal de vos y eso me desespera
Es la primera vez que la tengo tan cerca
Es como si pudiera morderte la lengua, oh
Ah-ah, ah-ah-ah, ah-ah
Es como si pudiera morderte la lengua"
Viejas Locas,Me Gustas Mucho,2kB1rqoTaZ3j6ChtIWGurm,"Nos conocimos bailando en un bar
Tus piernas volaban, las sabías llevar
A mí me gustaba como las movías
Y juntos nos fuimos a pernoctar

Es que me gustas mucho
Me gustas mucho
Me gustas mucho
Me gustas mucho

Me gusta como te vestís y como andas
Me gusta tu pelo, tu cuerpo
Me gustaría poderte bañar
También secarte
Y volverte a enjuagar

Porque me gustas mucho
Me gustas mucho, nena
Me gustas mucho
Me gustas mucho, nena
Y será que me gustas tanto
Debe ser que no puedo disimular
De veras, jah


¡Me gustas mucho!
¡Me gustas mucho, nena!
Será que me gustas tanto, pero tanto
¡Me gustas mucho, nena!
Y porque me gustas tanto
Debe ser que nunca te voy a olvidar"
"PEPU, Nico Valdi, Pizzu",FAR AWAY,3pcXMfSwwXGcucdrDb6Awd,"Yeah, P-E-P-U
El amanecer y tu actitud
¿Cuánto es y dónde es?
Que, girl, no puedo escaparte
(Nico Valdi produciendo)

Vamos a hacerla corta que esta noche todo vale
Va levantando el calor y es otro botón que se cae
Sabe bien que la quiero aunque no creo que me ame
Y al menos voy a intentar hasta que la música pare
Parece de película, ¿o es parte de tus planes
Que ahora estemos frente a frente solos mientras el sol sale?
Hoy vas a ser mi novia, hasta que el DJ nos separe

Y el amanecer y tu actitud, me hacen enloquecer
Mirándote en medio del club, soñándote piel a piel
Y a donde vas, yo voy también, aunque sea far away
Y a donde vas, yo voy también, aunque sea far a—

Aunque sea far away

Sos una chica perfecta, bailando tan suelta
To' en cámara lenta cuando me vio
Con su chicle de menta y sonrisa que tienta
Todo' se dan vuelta porque llegó

¿Y cuánto es? ¿Y dónde es? Que, girl, no puedo escaparte
Que me ves y enloquecés a cada una de mis partes
¿Y cuánto es? ¿Y dónde es? Que, girl, no puedo escaparte
Que me ves y enloquecés a cada una de mis partes

Y el amanecer y tu actitud, me hacen enloquecer
Mirándote en medio del club, soñándote piel a piel
Y a donde vas, yo voy también, aunque sea far away
Y a donde vas, yo voy también, aunque sea far away

Aunque sea far away
Aunque sea far away

Es el P-E-P-U
Es el P-E-P-U (Aunque sea far away)
Y Nico Valdi produciendo
Y es el P-E-P-U
Con el Pizzu, mami
Y que levante la mano si es el tema del verano"
Airbag,Ganas de Verte,3JCian69xIfy8A4799Og5f,"El miedo te trajo aquí
Enterrada hasta la nariz
Tu venganza no calmó
A tu angustia y tu dolor

Hoy tengo ganas de verte
De saber cómo estás
Saber que es suficiente
Si volviste a empezar
Con el filo de la muerte
Que te hace resucitar
O son tiempos diferentes
Todo eso quedó atrás (eh)

Sofía, prostituta
Hermosa, yo te conocí
Deslumbrando camarines de la cruel noche porteña
Dеl éxtasis hacia el dolor, se trituró tu corazón
Me dijistе: ""no te asustes al mirarme las muñecas""

El tiempo nos trajo acá
Condenados a fracasar
Date lo que necesitás
Yo me pregunto, ¿dónde estarás?

Hoy tengo ganas de verte
De saber cómo estás
Saber que es suficiente
Si volviste a empezar
Con el filo de la muerte
Que te hace resucitar
O son tiempos diferentes
Todo eso quedó atrás

Y tengo ganas de verte
De saber cómo estás
Saber que es suficiente
Si volviste a empezar
Con el filo de la muerte
Que te hace resucitar
O son tiempos diferentes
Todo eso quedó atrás (eh)

Y poco a poco, lo podés sentir
No es paranoia todo lo que viví
Yo me pregunto si de mí te acordás"
La T y La M,Como Se Siente,0tQDrJxQcB5zKGrHx43xUj,"You can take the kid outta the barrio
But u can neva take the barrio from da’ kid
You can take the kid outta the barrio
But u can neva take the barrio from da’ kid
Puedes sacar al escuincle del barrio
Pero ese barrio nunca lo vas a sacar de ahí
Puedes sacar al escuincle del barrio
Pero ese barrio nunca lo vas a sacar de ahí

Muy buenas tardes carnal
¿un viaje largo?
¿cómo se siente
Venir aterrizando?
Se siente como la vida
Voy palpitando
Latente como la vida
Voy regresando
Camino por mercado
Kilates de limones
Peseros atascados
Policletos huevones
Mi city es de cabrones
Tamalito y atoles
Es esquite que resiste
A la franquicia dando roles
Como viejo de tienda
Que abre siempre a tiempo
En el tiempo de mi templo
El atardecer es necio
Doble hache a muerte, no se si se entiende
This shit is true shit! ‘n that shit!, ou shit!
Mi barrio es un lugar que nunca duerme
Aquí el dormido pierde
Por eso chingo siempre
De barrio soy poniente
Mi cora contingente
Mi puño es por la izquierda
Mi aliento es rebelde
Listen 2 dis revele
Listen 2 dis ma’ frene, si, vienes, re-
Representin’ yo!
Estiloambulo
Doy cornyflacas
De desayuno
Y ni tan flacas yo’
Y ni me apuro
‘orita lo que traigo
Son ganitas de arrullo
Y a veces me escabullo
Porque no me convencen
La que manda en mi cora
Ya no quiere ni verme
Y no me tira un hola pero es tema de otra rola..
Hola, hola, hola, hola fabiola!
Soy chilango orgullo
Dese que se mata a gallos
Que’se pelea con los puercos
Que salió pateando barrio
Y la ley nos mata a rachas
Como cucarachas
Yo matando bachas
Chale, ¿cuándo retachas?
Preguntaba mi banda
Ya estoy de regreso
Cuetzo por las calles
Cuetzo está en los versos

You can take the kid outta the barrio
But u can neva take the barrio from da’ kid
You can take the kid outta the barrio
But u can neva take the barrio from da’ kid
Puedes sacar al escuincle del barrio
Pero ese barrio nunca lo vas a sacar de ahí
Puedes sacar al escuincle del barrio
Pero ese barrio nunca lo vas a sacar de ahí


¿cómo le explico cainal
Que así la hicimos?
Desafiando al cerdo
De lunes a domingo
Estilo killer funky
Quentin tarantino
Cada final de barra
Los bombos asesino
Si si si
Andamos tendos y venimos de ahí
Si si si
Somos de noche somos como Davin
Si si si
Buenos muchachos, si la mala es la ci
Ty si si
Aprovheco para saludar al skippie-G
Mira como cae la tónica, whisky con agua, es pentafónica
Checa la competencia, es agua mala, se queda afónica
Se que no basta, que’so no es nada pero en algún lado empieza
Que la corona es solo un adorno aunque esté en mi cabeza
Che, che che re che, he he he, mane
Vine from living in pain wey
Vine y pues playing’ the game, rey
Puro cariño, la Re-bel
Puros cartones de cheve
Pura maría a vapores
Pura bonita mujeres
Puro por la fam que siempre ha estado
Juro por mi sangre siempre a su lado
Nunca por la money, siempre por el honey
Siempre marihuana, Marley como Bobby
Stoner como rollin y smoking in the water
Cholo como el cypress, y solito ni madres
La ruta 15 sube, poniente, olivares
Súbase a la fiesta, lleva lugares
Pude yo salir de aquí
Becado del frenesí
Para encontrar que el barrio viajó conmigo y así
Nunca sólo me sentí
Aún sin mi selva
Vengo de un mapa de guerras
Y por eso nunca me perdí
Destino siempre free, los sin remedio
Aún si viajero always in the place 2 be
Cuz you can take the kid outta the barrio
But you can never take the barrio from the kid

You can take the kid outta the barrio
But u can neva take the barrio from da’ kid
You can take the kid outta the barrio
But u can neva take the barrio from da’ kid
Puedes sacar al escuincle del barrio
Pero ese barrio nunca lo vas a sacar de ahí
Puedes sacar al escuincle del barrio
Pero ese barrio nunca lo vas a sacar de ahí"
"Maria Becerra, Rei, XROSS",MI AMOR,1CSdu8EHZzV0DjYB6RNXbX,"Jaja, ey
Dímelo, Rei
Yeah
Mm-mm, mm-mm, mm-mm, mm-mm (Ey)
Mi amor

La vida se puso gris
Pero vos me abrazaste, conmigo lloraste, me diste un kiss
En la noches oscuras fuiste mi sutura, my beautiful gift
Nuestras flores se secaron de raíz y ahora son cicatriz

Me dijo: ""Mi amor: el destino es tan injusto (Ah-ah, ah-ah)
Tocamos el cielo, caímos al suelo y nos levantamo' junto'"" (Na-ra-na-na-na)
Toda la esperanza se volvió desilusión, y ahora la nostalgia ya es parte del tú y yo (No, no, no, no, no, no)

Baby, don't be afraid (No, no, no), aquí estás safe (No, no, no)
'Toy yo (No, oh), you know
Baby, don't be afraid (No, no, no), aquí estás safe (No, no, no)
'Toy yo (No, oh)
Baby, don't be afraid (No, no, no), aquí estás safe (No, no, no)
'Toy yo, you know
Baby, don't be afraid (No, no, no), aquí estás safe
'Toy yo

Baby, you know, no importan las circunstancias, no
Baby, you know, si tú me amas y te amo yo
Baby, you know, everything for you (Yeah)
Baby, you know (Dímelo, Rei)
Baby, baby (Dímelo, Rei), yeah (Ah)

Por vos crucé la cordillera y voy a navegar el Río de la Plata
Los que están hablando, que zarpen la lata
No existe la fama, ni cuento ni plata
Nosotros sabemos que de amor se trata
Visten caro y tienen mente barata
Es que no entienden que un pibe de barrio es el que de la mejor forma a vos te trata
Yo te miro y pregunto: ¿Querés que compartamos la vida? (¿Qué?)
Nos tiremo' sin paracaída', hoy quiero abrazarme a tus heridas
Yo voy a amarte sin que lo pidas
Y te juro, mi amor, que no miento, entraste a mi cora como allanamiento
Y allá adentro estaban las pruebas de lo que yo siento, y decía

""Amor: vos sos La Nena de Argentina, pero para mí la mujer de mi mundo
Me encanta perdernos, armarlo, prenderlo, vayamo' de viaje sin rumbo
Yo siempre te amé, pero eso es al margen
Ahora te amo más porque compartimo' unos ángele'""

Baby, don't be afraid (No, no, no), aquí estás safe (No, no, no)
'Toy yo, you know
Baby, don't be afraid (No, no, no), aquí estás safe (No, no, no)
'Toy yo (No, oh-oh)
Baby, don't be afraid (No, no, no), aquí estás safe (No, no, no)
'Toy yo, you know
Baby, don't be afraid, aquí estás safe
'Toy yo"
Bad Bunny,TURiSTA,7tCuCjhxzjX2XCz4JiiAsp,"En mi vida fuiste turista
Tú solo viste lo mejor de mí y no lo que yo sufría
Te fuiste sin saber el porqué, el porqué de mis herida'
Y no te tocaba a ti curarla', viniste a pasarla bien
Y la pasamo' bien

Una foto bonita, un atardecer hermoso
Una bailaíta', tu cadenita de oro
Estuvimo' tan cerquita, mirándono' a los ojo'
Dime si viste la pena de mi corazón roto

Que lleva así, lleva así mucho tiempo
Que lleva así, lleva así muchos año'
Escondiéndome los sentimiento'
Tengo miedo que me hagan más daño
Y lleva así, lleva así mucho tiеmpo
Ya lleva así, lleva así muchos año'

Ey, yo no sé, mi amor, lo que la vida tеndrá
Pa' ti y pa' mí, si se da, pues, se da
Y si no, pues también, vamo' a disfrutar, que
La noche se puso bonita, pero no tanto como tú
Jamás y nunca como tú

En mi vida fuiste turista
Tú solo viste lo mejor de mí y no lo que yo sufría
Te fuiste sin saber el porqué, el porqué de mis herida'
Y no te tocaba a ti curarla', viniste a pasarla bien
Y la pasamo' bien"
Beéle,quédate,6VfL3MEuYeJbDlD8m011HR,"¿Cómo le explico al corazón que quieres irte?
Si tienes dudas, mami, no te estoy mintiendo
Mira mis ojos mientras mi alma se desviste
Los que miras justo cuando me estoy viniendo
Cómo quisiera que estuvieras aquí
Me sintieras a mí al ladito tuyo
Pa' que veas que yo no puedo fingir
Y me puedo morir por los besos tuyos
Cómo quisiera que estuvieras aquí
Me sintieras a mí al ladito tuyo
Pa' que veas que yo no puedo fingir
Y me puedo morir por los besos tuyos

Ven quédate, quédate
No puedo estar sin ti
Quédate, quédate
Oh-oh, no puedo estar sin ti
Oh, no-no-no
Oh, no-no-no
Quédate
No puedo estar sin ti

Este que está aquí a ti no te quiere dejar
Este que está aquí también se deja llevar
Estamo' destinados a juntos celebrar la Navidad
Esto nunca tuvo sentido, fuimos en contra de la Ley Universal
Qué visaje, cule' viaje
Dime cómo evitamos las señales
A veces yo quisiera que no pare
Pero esto me va a matar
Quiero ver qué responde, no me tira ni: ""Hola""
Y yo aquí con cule' bartola
Pensando en toda' las noche' que estuvimos a solas
Y no le parábamos bolas
Chingando con un feeling, somos Reyes de las Olas
Estoy frente a tu alma, porfa, ma', déjame entrar
Permíteme que entienda' que no existe nadie más
Y si me quedo contigo es porque tú eres la mondá

Ven quédate (quédate), quédate (quédate)
No puedo estar sin ti (sin ti)
Quédate, quédate
No, no puedo estar sin ti
Oh, no-no-no
Oh, no-no-no
Quédate (alright, alright)
No puedo estar sin ti"
"PinkPantheress, Zara Larsson",Stateside + Zara Larsson,1DwscornXpj8fmOmYVlqZt,"(Ah-ah-ah)
I'm freezing outside
I feel my skin tight
My coat is inside
But I look up at you
I tracked your plane ride
For when you're in tonight
Tell me, when is the next time I'll run into you?

It sounds insane, right?
I'll take the same flight
Wait at your bedside
I'll land right next to you
I'm going stateside
Where I'll see you tonight
Tell me, how did a girl like me get into you? (Into you)

Ah-ah-ah-ah-ah-ah-ah-ah
Ah-ah-ah-ah-ah-ah

You can be my American, ha, ha (Ha, ha)
Ha, ha, ha, ha (Mwah)

Is it right? I don't know
Yet you're taking my control
Never been abroad before
Now I'm knocking through your door
But you're nice, so I'll stay
Never met a British girl, you say?
No onе treats me this way
Are all boys out hеre the same?

What can I say? (Uh-huh) What can I do? (Uh-huh)
I'm tryna be the girl that you're talking to (You're talking to, baby)
And maybe you can be my American ha, ha boy (
Ah-ah-ah
)
You can be my American ha, ha boy (
Boy
)
Why can't you say that you want it too? (Too)
I'm flying intercontinental with you
And maybe you can be my American ha, ha boy (Boy)
You can be my American ha, ha

All those years I put in for the American Dream
Is it worth all the work if you can't be here with me? (Me)
'Cause I fly Stockholm to LA
Leave my feelings on the plane
Worries fade away (Fade away)
When I hit the stage
I've been touring stateside
Kissing my Swedish boy over FaceTime
Who knew opening up would make me a headline?
Boots, that's my ego boost
Schedule ain't been loose for a minute
Yeah, I'm that girl, I've been it, ah-ah, ah-ah, ah-ah, ah-ah, ah-ah, ah-ah, ah

Oh, oh-oh, ooh, woah-oh
Oh-oh-oh, ooh
Ooh-ooh-ooh, oh-ah
[Chorus: PinkPantheress, 
Zara Larsson
, 
Both
]
What can I say? (Uh-huh) What can I do? (Uh-huh)
I'm tryna be the girl that you're talking to (You're talking to, baby)
And maybe you can be my American ha, ha boy (Ah-ah-ah)
You can be my American ha, ha boy (Boy)
Why can't you say that you want it too? (Uh-huh)
I'm flying intercontinental with you
And maybe you can be my American ha, ha boy (Hey, boy)
You can be my American, ha, ha

Is it right? I don't know
But you're taking my control
Never been abroad before
Now I'm knocking through your door
But you're nice, so I'll stay
Never met a Swedish girl, you say?
No one treats me this way
Are all boys out here the same?"
Kenshi Yonezu,IRIS OUT,59hVbgr8rfYkDbHfr8RcGI,"(Ah, ah, ah, ah, ah, ah)
(Ah, ah, ah, ah, ah, ah)
Ha-ha-ha
(Ah, ah, ah, ah, ah, ah)
(Ah, ah, ah, ah, ah, ah)

駄目駄目駄目 脳みその中から
「やめろ馬鹿」と喚くモラリティ
ダーリンベイビーダーリン
半端なくラブ！ときらめき浮き足立つフィロソフィ

死ぬほど可愛い上目遣い
なにがし法に触れるくらい
ばら撒く乱心 気づけば蕩尽
この世に生まれた君が悪い
やたらとしんどい恋煩い
バラバラんなる頭とこの身体
頸動脈からアイラブユーが噴き出て
(アイリスアウト)

一体どうしようこの想いを どうしようあばらの奥を
ザラメが溶けてゲロになりそう (Boom)
瞳孔バチ開いて溺れ死にそう
今この世で君だけ大正解

ダーリン (ベイビー) ダーリン (Uh-ha)
ダーリン (ベイビー) ダーリン
ダーリン (ベイビー) ダーリン (Uh-ha)
ダーリン (ベイビー) ダーリン (Ha-ha-ha)

ひっくり返っても勝ちようない
君だけルールは適用外
四つともオセロは黒しかない
カツアゲ放題 (Ha)
君が笑顔で放ったアバダケダブラ
デコにスティグマ 申し訳ねえな
(Foo) 矢を刺して (Foo) 貫いて
(Foo) ここ弱点

死ぬほど可愛い上目遣い
なにがし法に触れるくらい
ばら撒く乱心 気づけば蕩尽
この世に生まれた君が悪い
パチモンでもいい何でもいい
今君と名付いてる全て欲しい
頸動脈からアイラブユーが噴き出て

ア-ア-ア-ア-アイリスアウト
ア-ア-ア-ア-アイリスアウト
(ア-ア-ア-ア-アイリスアウト)

一体どうしようこの想いを どうしようあばらの奥を
ザラメが溶けてゲロになりそう (バーン)
瞳孔バチ開いて溺れ死にそう
今この世で君だけ大正解

ダーリン (ベイビー) ダーリン (Uh-ha)
ダーリン (ベイビー) ダーリン
ダーリン (ベイビー) ダーリン (Uh-ha)
ダーリン (ベイビー) ダーリン (Ha-ha-ha)

Rra"
Mrs. GREEN APPLE,lulu.,0vE1WglBbhmd5wDO49lcih,"終わりが来たら
なんて言おう
どうせなら ほら
哀しくない様に
いつかのあなたの言葉が
酷く刺さってる
温かく残ってる

知れば知るだけでいいのに
何かを求めてしまう
大丈夫
どこにも行かないよ
どこにも行けないよ、ね

探してるもの見つかったら
何かが途切れちゃいそう
ただ鼻歌に隠し ラララ
続く日めくりカレンダー

忘れないのに
何故か遠くなる
瞳の裏にいつも君は居る
今も ずっとそう

いつかね
もう少しね
世界に優しい風が吹いたら
何か変わるのでしょうか
「帰りたい場所がある」
誰もがこの星の子孫
約束はね 大事にね
温かく残ってる

(Da-tun-da, a-lu-lu-lu-lu-lu-lu)
(Da-tun-da, a-lu-lu-lu-lu-lu-lu)
(Da-tun-da, a-lu-lu-lu-lu-lu-lu)
(Da-tun-da, tun-da, tun-da)
(Da-tun-da, a-lu-lu-lu-lu-lu-lu)
(Da-tun-da, a-lu-lu-lu-lu-lu-lu)
(Da-tun-da, a-lu-lu-lu-lu-lu-lu)
(Da-tun-da, tun-da, tun-da)

知れば知るだけ困るのに
背中に委ねてしまう
大丈夫？ どこにも行かない？
ここに居て欲しいよ、ね？

探してるもの見つかったら
何かが崩れちゃいそう
ただ唇を噛み ラララ
揺れる レースのカーテンだ

忘れないのに
何故か遠くなる
心の奥底に大事に君が居る
いつも ずっと そう

いつかね
もう少しね
私が優しく在れたら
何か変わるのでしょうか

(Da-tun-da, a-lu-lu-lu-lu-lu-lu)
(Da-tun-da, a-lu-lu-lu-lu-lu-lu)
(Da-tun-da, a-lu-lu-lu-lu-lu-lu)
(Da-tun-da, tun-da, tun-da)
(Da-tun-da, a-lu-lu-lu-lu-lu-lu)
(Da-tun-da, a-lu-lu-lu-lu-lu-lu)
(Da-tun-da, a-lu-lu-lu-lu-lu-lu)
(Da-tun-da, a-lu-lu-lu-lu-lu-lu)
(Da-tun-da, a-lu-lu-lu-lu-lu-lu)
(Lu-lu-lu-lu)

あの日の思い出に
優しく包まれ歩こう
寂しさの涙を流すこともあるでしょう
「帰りたい場所がある」
誰もがこの星の子孫
あの時のね 心地はね
温かく残ってる

(Da-tun-da, a-lu-lu-lu-lu-lu-lu)
(Da-tun-da, a-lu-lu-lu-lu-lu-lu)
(Da-tun-da, a-lu-lu-lu-lu-lu-lu)
(Da-tun-da, tun-da, tun-da)
(Da-tun-da, a-lu-lu-lu-lu-lu-lu)
(Da-tun-da, a-lu-lu-lu-lu-lu-lu)
(Da-tun-da, a-lu-lu-lu-lu-lu-lu)
(Da-tun-da, tun-da, tun-da)"
M!LK,Bakuretsu Aishiteru,1F1hibBCtNeObRMmEMLHNh,"愛 宇宙を照らすよ
「I Love You」
「Fever time!!!」
ハートの通知が来るたび
ちっちゃい愛を確かめてる現代
ワンタップで伝え合う肯定
だけどそれだけじゃ物足りない？
譲りあい 慈しみあい 愛が地球を回してる
どんな形だって 間違いなんてないね
100億万通り
爆裂 愛愛愛愛愛してる
キャパ越え寸前な感情 ビッグバン
星のスポットライト 月のミラーボール
キミこそが太陽
爆裂 恋恋恋恋恋してる
シェアハピ 幸せ絶頂ピーポー
曲げてく運命 未来は想うがまま
一生一緒にいたいっしょ！
帰り道に見つけた
月がやけに綺麗だったとか
そんな他愛のない日々のキラめき
一番に教えたい
愛は奪い合うものじゃなく
みんなで積み重ねるもの
それは山となり 空と海を分かち
時空も超えるよ
ば・く・れ・つ♡
ば・く・れ・つ♡
ば・く・れ・つ♡
白黒２色じゃ描けない
いかなる愛でも大正解
どデカいこの気持ちは想定外
全部ありったけ ぶつけたい！
爆裂 LOVE！
爆裂 PEACE！
爆裂LOVE & PEACE！
誰にも邪魔させない Ah
キミと同じ地球に 生まれて出会えた幸せ
愛しい人がいるってだけで
輝きだす My Heart
爆裂 愛愛愛愛愛してる
キャパ越え寸前な感情 ビッグバン
星のスポットライト 月のミラーボール
キミこそが太陽
爆裂 恋恋恋恋恋してる
シェアハピ 幸せ絶頂ピーポー
曲げてく運命 未来は想うがまま
一生一緒にいたいっしょ！
キミと永遠にハイテンション！"
HANA,Blue Jeans,6hnk0Fesq9JOhWpck8HJsj,"Ooh-woah, ooh, ooh
Ooh-woah, ooh, ooh

I think I lost my last piece
何かが足りて無い日常に
Flashlight みたいな君だった so bright
未だにまだ目が痛い so blind
いつだって自信がなくて
Pretty girls 達に嫉妬して
気づいた時にはもう捻くれて
適当に生きてまた出掛けて

Alright
いつも通りの night, yeah
嘘みたいに綺麗な yeah
あの夜あの時間君が恋した

Blue jeans, 古いスニーカー
My hair was a mess, 崩れたメイク
深夜一時 blue jeans, 古いスニーカー
近づいて 君は言う baby
綺麗な人だ blue jeans, 古いスニーカー

Yeah, ハイヒールにワンピース (Ah)
長い足、完璧な body
そんな子達君は横目に
私のとこへ like a fantasy
何度も確かめたい (Ah)
""I'm not a type of girl"" って言って (Yeah)
それでも君は笑って (Uh)
『真夏の間だけでも信じて』

Alright
傷付くのが怖くて
戸惑う私を少しだって
気にしてくれない 私が恋した君は

Blue jeans, 古いスニーカー
Your hair was a mess, 汗だくで
踊る君 blue jeans, 古いスニーカー
嘘でもいい そう思ってた
次いつ会える？Blue jeans, 古いスニーカー

朝日が昇っても
しばらくは一緒にいて
未来のことなんて
今だけは言わないで

Blue jeans, 古いスニーカー
My hair was a mess, 崩れたメイク
深夜一時 blue jeans, 古いスニーカー
近づいて 君は言う baby
綺麗な人だ blue jeans, 古いスニーカー
Your hair was a mess, 汗だくで
踊る君 blue jeans, 古いスニーカー
嘘でもいい そう思ってた
次いつ会える？Blue jeans, 古いスニーカー

Blue jeans, 古いスニーカー
Blue jeans, 古いスニーカー

朝日が昇っても
しばらくは一緒にいて
未来のことなんて
今だけは言わないで"
M!LK,Sukisugite METSU!,0vDqNzQqEhl7boeRS3Joli,"マジ　ぎゅんぎゅんぎゅん
好きすぎて滅！
Crazy Crazy　この愛は Crazy
「ごめん、もう我慢できねえ。」
Crazy Crazy　過去イチ Crazy
「夢じゃないって、証明して？」
現世に生まれ変わった
牛若丸　楊貴妃
頭ん中　埋め尽くす
その笑顔が海馬をジャックする
恋なんぞ単純な言葉では
片付けられない This feeling
持てる全部　差し出そう
キミが喜ぶのなら...
こんな僕がいるって　今日まで知らなかった
キミは神秘　キミは神秘
ずっとそばにいて
「え、好き。」
マジ　ぎゅんぎゅんぎゅん
好きすぎて滅！
心拍数はみるみる上昇中
ただ健やかに　生きていてね
それだけで幸せ
マジ　ぎゅんぎゅんぎゅん
好きすぎて滅！
どこまで惚れさせる気なの？
ああ　キミがノンフィクションだなんてさ
理性持たない　心臓持たない
四六時中　ゾッコン中
キミだけを見つめてたい
いっさいがっさい　投げ捨てても問題ない
実際問題　この気持ちは止めらんない
一体全体　僕はどうしちゃったんだい？
現在　未来　好きでいさせてくんない？
宇宙の果ての果て　僕らは巡り合い
星がキラリ　愛はメラリ
混ざり合ってゆく　まさにLOVE
どんなキミも見逃さない
どんなキミも瞳に収めたい
僕だけのカメラロール
独り占めさせて欲しい
タカラモノ　渡したくない
「だめ....かな？」
80億分の1の奇跡
愛の雫が　大地濡らし
花も鳥も風も月も
キミの名を呼んでる
好きだ　好きだ　好きだ　好きだ
マジ　ぎゅんぎゅんぎゅん
好きすぎて滅！
どこまで惚れさせる気なの？
ああ　キミがノンフィクションだなんてさ
夢に出てきて　キスで目覚めて
「離さない。」「守るから。」
今ここに永遠を誓おう"
HANA,ROSE,3920QegiL2PHmaYYBVwexC,"I'm playing
All my cards, I keep them close to my chest
It don't phase me
When they all think I'm so innocent, yeah
I'm looking sweet
But I'm all dynamite
Don't believe me
When I say that I bite

Go ahead and try boy
Try your best
知られてる通り
I'm dangerous
Ah, 危ないの私は (Mm)
But you know that the choice is yours
Oh, you might regret
If you take that step

Just like a rose
トゲだらけの
My heart ain't yours
醜い世界でも
咲いた 花
泥だらけでも
I can't hide no more
With my beautiful thorns

Yeah, いつでも人は過ぎ去った
かれこれ時はだいぶ経った
え、あいつ咲いた？いや多分死んだ
この baddest トゲは自分に刺してた
If you wanna get closer
You can't resist
Then baby, move in, get closer
Can you handle it?

Go ahead and try boy
Try your bеst
知られてる通り
I'm dangerous
Nah, and so now that you've been warned
You know that thе choice is yours
Oh, you might regret
If you take that step

Just like a rose
トゲだらけの
My heart ain't yours
醜い世界でも
咲いた 花
泥だらけでも
I can't hide no more
With my beautiful thorns

朝日は昇って but I can't see it (人らはしるよしもない)
また眠りにつくこの現実に
汗や涙も枯れてきた頃に (私のトゲを飲んで)
まだ立ち上がる私を疑い
まだまだでもすくんだ足に (起き上がれない今日も)
命がまだあるらしい
I can't give up まだこの世界に (生きてる事を憎んで)
ありがたいと思いたいらしい

Just like a rose
トゲだらけの
My heart ain't yours
醜い世界でも
(誰もいないなら私が fly high) 咲いた 花
(多少の傷ならもう I'm alright) 泥だらけでも
(今から行くから心配いらない) I can't hide no more
(I'm alive now, like bloom, bloom, bloom, bloom)

Just like a rose
トゲだらけの
My heart ain't yours
醜い世界でも (Yeah, yeah)
咲いた 花
泥だらけでも
I can't hide no more
With my beautiful thorns

With my beautiful
咲いた 花
泥だらけでも
I can't hide no more
With my beautiful thorns"
ARASHI,Five,2cIqVZFyBH8h5dnrzBvtre,"(...never told ya...)
Hell was a place I knew a long time ago
Everything was dark, there were mazes all around
Here is where I am, here is where I was
Here is where I don't want to be
Hell was a place I found by mistake
A garden's secret yet inviting door
Leading to a place
I'm finding hard to let go

From the downside to the upside
From the inside to the outside
There I'll be making my vocabulary overstand this
Ain't no mountain high enough, valley low enough
I will cross over the wake and take it all
Inside stride seven cracks in the walls of ya concrete
Roots to mother nature found the foundation
Separating us with characterization
Sensation in my body feels life never tire
And the ways of the world inspire
Myself an entire being is fact
The ancient artifact shows the generation, try and understand
And a man-made decision in division all men
Then again when or why must eye reign speech
Everyone and each must reach for the step
They wanna climb to there is always time to
Lift an uplift with the gift we are all blessed
Lesson and test much more and no less
(...never told ya...)"
Mrs. GREEN APPLE,ライラック,21VsLvoE7elUmJZLSawaMh,"過ぎてゆくんだ今日も
この寿命の通りに
限りある数字が減るように
美しい数字が増えるように

思い出の宝庫
古いものは棚の奥に
埃を被っているのに
誇りが光って見えるように

されど
By my side
不安 喝采 連帯
濁ったりの安全地帯
グワングワンになる
朝方の倦怠感
三番ホーム 準急電車

青に似た
すっぱい春とライラック
君を待つよ ここでね
痛みだす人生単位の傷も
愛おしく思いたい
探す宛ても無いのに
忘れてしまう僕らは
何を経て 何を得て
大人になってゆくんだろう

一回だけのチャンスを
見送ってしまう事が無いように
いつでも踵を浮かしていたい
だけども難しいように

主人公の候補
くらいに自分を思っていたのに
名前も無い役のような
スピンオフも作れないよな

たかが
By my side
くだらない愛を歌う際
嘘つきにはなりたくない
ワサワサする胸
朝方の疎ましさ
ズラして乗る 急行電車


影が痛い
価値なんか無い
僕だけが独りのような
夜が嫌い
君が嫌い
優しくなれない僕です
光が痛い
希望なんか嫌い
僕だけ置いてけぼりのような
夜が嫌い
一人が怖い
我儘が拗れた美徳

不完全な思いも
如何せん大事にしたくて
不安だらけの日々でも
愛してみる
感じた事のない
クソみたいな敗北感も
どれもこれもが僕を
つき動かしてる

鼓動が揺らすこの大地とハイタッチ
全て懸けた あの夏も
色褪せはしない 忘れられないな
今日を生きる為に
探す宛ても無いのに
失くしてしまう僕らは
何のために 誰のために
傷を増やしてゆくんだろう
雨が降るその後に
緑が育つように
意味のない事は無いと
信じて 進もうか
答えがない事ばかり
だからこそ愛そうとも

あの頃の青を
覚えていようぜ
苦味が重なっても
光ってる
割に合わない疵も
認めてあげようぜ
僕は僕自身を
愛してる
愛せてる"
King Gnu,AIZO,65X2koe1LhDgQmRkNdJFv9,"Love me! Love me!
Hate me! Hate me!
Love me! Love me!
Kill me! Kill me! (Oww)

愛憎愛憎渦巻いて
大東京狂騒歌って
廻れ廻れ時代の
生き恥にずぶ濡れで
愛憎愛憎を喰らって
参ろう大層な様で
離れ離れで終いよ
然らば又逢いましょう

ドラマチックに溺れて
未完成な私を認めて
気休めのフィクション
嘘と真の不協和音

出来損な愛でも許して
構わない 此の舞台生き抜いて
咬ませ狗の武者震い
ヤラレっぱなしじゃ
大人しくはなれない

(Love me! Love me!) 正しさばかりで
(Hate me! Hate me!) 全部奪って
(Love me! Love me!) 愛憎塗れで
(Kill me! Kill me!) 此処を連れ出して (Ooh)

愛憎 愛憎抱き合って
最高潮よ何時だって
騙し 騙しで良いの
代償なんて気にしないよ
愛憎 愛憎に足宛いて
外交愛想振り撒いて
万物問答無用で終いよ
然らば又逢いましょう

夢見心地で嘘みたいだろう？
今の東京では正気じゃ居られない
甘い言葉で疼かせて
今が最高とそう思わせて
情けは無用ね
世情無常で一生平行線ね
愛憎塗れで
此処を連れ出して

(Love me! Love me!) 正しさばかりで
(Hate me! Hate me!) 今日も無情いね
(Love me! Love me!) 愛憎塗れで
(Kill me! Kill me!) 心剥き出しで

愛憎 愛憎渦巻いて
大東京狂騒歌って
廻れ 廻れ時代の
生き恥にずぶ濡れで
愛憎 愛憎を喰らって
参ろう大層な様で
離れ 離れで終いよ
然らば又逢いましょう

愛憎 愛憎抱き合って
最高潮よ何時だって
騙し 騙しで良いの
代償なんて気にしないよ
愛憎 愛憎に足宛いて
外交愛想振り撒いて
万物問答無用で終いよ
然らば又逢いましょう

(Love me! Love me!) 正しさばかりで
(Hate me! Hate me!) 全部奪って
(Love me! Love me!) 愛憎塗れで
(Kill me! Kill me!) 此処を連れ出して
(Love me! Love me!) 正しさばかりで
(Hate me! Hate me!) 今日も無情いね
(Love me! Love me!) 愛憎塗れで
(Kill me! Kill me!) 心剥き出しで

(Ooh; ow)"
back number,花束,3QIAwtEEDOrv0g5NKCGrXZ,"どう思う?これから2人で
やっていけると思う?
んんどうかなぁでもとりあえずは
一緒にいたいと思ってるけど
そうだねだけどさ最後は私が
ﾌﾗれると思うなんん
どうかなぁでも
とりあえずは一緒にいてみようよ
浮気しても言わないでよね
知らなければ
悲しくはならないでしょ
信用ないなぁ僕は僕なりに
真っ直ぐに君と
向かい合いたいと思ってるよ
僕は何回だって何十回だって
君と抱き合って手を繋いで
ｷｽをして思い出す度に
ﾆﾔけてしまうような
想い出を君と作るのさ
そりゃｹﾝｶもするだろうけど
それなら何回だって
何十回だって謝るし感謝の
言葉もきっと忘れないから
ごめんごめんありがとう
ごめんくらいの
ﾊﾞﾗﾝｽになる危険性は
少し高めだけど許してよ
今までの僕は
曲がった事ばっかだった
気がするんだよ
だからせめて君のとこには
まっすぐにまっすぐに走ってくよ
僕は何回だって何十回だって
君と抱き合って手を
繋いでｷｽをして
甘い甘いこの気持ちを
二人が忘れなければ
何も問題はないじゃない
ｹﾝｶもするんだろうけど
それなら何回だって
何十回だって
謝るし感謝の言葉も
きっと忘れないから
君とならどんな朝も
夜も夕方だって
笑い合って生きて
いけるんじゃないかと思うんだよ
どう思う?これから2人で
やっていけると思う?
んんどうかなぁでも
とりあえずは
僕は君が好きだよ"
