artist,title,spotify_uri,original_lang,length,translation_review_required,lyrics_in_en,qa_pred_lang,qa_pred_confidence
Crowd Lu,太陽與地球,0bQSWXtpau3VkNI1ZcXTQA,zh,434,True,"想守護你所有
回應你包容的溫柔
想用盡一生 陪在你左右是我
曙光和暮暉的夢

短暫如煙火 在懷裡墜落
Running towards the starry sky but unable to reach my heart
有什麼理由 必須要我放手

誰要我們的心 遙遠得像太陽與地球
怎會走到最後 你愛著我卻不屬於我
誰要時間奔走 只能照耀再不能觸碰
最靠近的我們 怎麼繞著繞著就錯過

在偌大銀河中
沒想過像流星交錯
該怎麼原諒讓你哭的人是我
抱歉沒有機會說

最渴望的夢 是你在等我
轟烈在星空 消散在心中
最難忘的人 是永恆地錯過

誰要我們的心 遙遠得像太陽與地球
怎會走到最後 你愛著我卻不屬於我
誰要時間奔走 只能照耀再不能觸碰
最靠近的我們  怎麼繞著繞著各自走

人總要狠狠痛過
才懂我要什麼
捨不得你不再快樂
如果悲傷請你留給我

原來我們的心  頑固地像太陽與地球
以為徹底分開 徹底放手 不曾離開過
我們只是錯過  誰都沒錯都努力愛過
最遙遠的我們  別回頭往幸福一直走",zh,0.9489373564720154
Jay Chou,擱淺,0cOMncRq4cmDLO4tPQnkBF,zh,429,True,"The sky that has not cleared up for a long time
依舊留著你的笑容
哭過 卻無法掩埋歉疚
風箏在陰天擱淺
想念還在等待救援
我拉著線 複習你給的溫柔

曝曬在一旁的寂寞
笑我給不起承諾
怎麼會 怎麼會
你竟原諒了我

我只能永遠讀著對白
讀著我給你的傷害
我原諒不了我
就請你當作我已不在
我睜開雙眼看著空白
忘記你對我的期待
讀完了依賴 我很快就離開

The sky that has not cleared up for a long time
依舊留著你的笑容
哭過 卻無法埋歉
風箏在陰天擱淺
想念還在等待救援
我拉著線 複習你給的溫柔

曝曬在一旁的寂寞
笑我給不起承諾
怎麼會 怎麼會
你竟原諒了我

我只能永遠讀著對白
讀著我給你的傷害
我原諒不了我
就請你當作我已不在
我睜開雙眼看著空白
忘記你對我的期待
讀完了依賴 我很快就
我只能永遠讀著對白
讀著我給你的傷害
我原諒不了我
就請你當作我已不在
我睜開雙眼看著空白
忘記你對我的期待
讀完了依賴 我很快就離開",zh,0.9793427586555481
"Gorillaz, De La Soul",Feel Good Inc.,0d28khcov6AiegSCpG5TuT,en,2691,False,"Ha-ha-ha-ha-ha-ha-ha-ha-ha-ha-ha-haa
Feel good
Sha-ba, sha-ba, sha-ba-da-ba, feel good
Sha-ba, sha-ba, sha-ba-da-ba, feel good
Sha-ba, sha-ba, sha-ba-da-ba, feel good
Sha-ba, sha-ba, sha-ba-da-ba, feel good
Sha-ba, sha-ba, sha-ba-da-ba, feel good
Sha-ba, sha-ba, sha-ba-da-ba, feel good
Sha-ba, sha-ba, sha-ba-da-ba, feel good
Sha-ba, sha-ba, sha-ba-da-ba, feel good

City's breaking down on a camel's back
They just have to go, 'cause they don't know wack
So while you fill the streets, it's appealing to see
You won't get out the county 'cause you're damned and free
You got a new horizon, it's ephemeral style
A melancholy town where we never smile
And all I wanna hear is the message beep
My dreams, they gotta kiss because I don't get sleep, no
*Beep
*

Windmill, windmill for the land
Turn forever, hand in hand
Take it all in on your stride
It is ticking, falling down
Love forever, love is free
Let's turn forever, you and me
Windmill, windmill for the land
Is everybody in?

Laughin' gas, these hazmats, fast cats
Linin' 'em up like ass cracks
Play these ponies at the track
It's my chocolate attack
Shit, I'm steppin' in the heart of this here (Yeah)
Care Bear repping in harder this year (Yeah)
Watch me as I gravitate, ha-ha-ha-ha-ha!
Yo, we gon' ghost town this Motown
With yo' sound, you in the blink
Gon' bite the dust, can't fight with us
With yo' sound, you kill the Inc
So don't stop, get it, get it (Get it)
Until you're cheddar headed
And watch the way I navigate, ha-ha-ha-ha-ha
(Ha! Ha-ha! Ha-ha! Ha-ha! Ha!)
(Ha-ha-ha! Haa!)
(Ha-ha-ha-ha-ha! Haa!)
(Ha-ha-ha-ha-ha-ha-ha-ha! Haa!)
(Ha-ha-ha-ha-ha-ha-ha-ha!)

Sha-ba, sha-ba, sha-ba-da-ba, feel good
Sha-ba, sha-ba, sha-ba-da-ba, feel good
Sha-ba, sha-ba, sha-ba-da-ba, feel good
Sha-ba, sha-ba, sha-ba-da-ba, feel good


Windmill, windmill for the land
Turn forever, hand in hand
Take it all in on your stride
It is ticking, falling down
Love forever, love is free
Let's turn forever, you and me
Windmill, windmill for the land
Is everybody in?

Don't stop, get it, get it, peep how your captain's in it
(Sha-ba, sha-ba, sha-ba-da-ba, feel good)
Steady, watch me navigate, ha-ha-ha-ha-ha!
(Sha-ba, sha-ba, sha-ba-da-ba, feel good)
Don't stop, get it, get it, peep how your captain's in it
(Sha-ba, sha-ba, sha-ba-da-ba, feel good)
Steady, watch me navigate, ha-ha-ha-ha-ha!
(Sha-ba, sha-ba, sha-ba-da-ba, feel good)
Sha-ba, sha-ba, sha-ba-da-ba, feel good (Haa-ha-ha!)
Sha-ba, sha-ba, sha-ba-da-ba, feel good (Haa-ha-ha!)
Sha-ba, sha-ba, sha-ba-da-ba, feel good (Haa-ha-ha-ha-ha!)
Sha-ba, sha-ba, sha-ba-da-ba, feel good (Haa-ha-ha-ha-ha-ha!)",en,0.5546458959579468
高爾宣 OSN,Without You,0KWnRv3wxjltYVB3MqjNd2,zh,1321,True,"I’m still the same 都好像沒有變
Nothing changed 還是討厭下雨天
還是不愛認錯
脾氣是硬了點
這我都清楚但我沒有辦法改變
我後悔高中花錢裝很吵的排氣管
想努力賺錢養妳 卻養成了壞習慣
我還想帶妳到處晃晃到處帶妳玩
'Cause me without you it feels like
情人節沒有愛人
像台相機沒有快門
像張書桌沒有檯燈
'Cause me without you it feels like

A sentence without no spaces
It be like youtube without no playlist
Or a chapter without no pages
'Cause me without you it feels just wrong

I don’t wanna live without you
I dont wanna be alone and
想念妳的每個角度
如果我們還能夠重來
Oh
You don’t know how I feel inside
So
I don’t wanna live without you
我沒有辦法

'Cause I’ve been through that
重蹈覆徹 I can’t do that
沒得負責 Oh damn too bad
I need you right now, yo, where you at?
先把我的面子放兩邊
榨乾我就像搶劫
Goddamn, I got nothing left
掉進去 No fun down here
Save me I call my friends
訴苦 說了好幾遍
他們叫我振作點
I know man but I fuckin can’t
幫我刪了 Instagram
Your post I don’t wanna see
Thinking of you once promised me
我乾掉一支Hennessy

I just wanna know, baby, why you gonna go?
我們之間太多 的我捨不得放手 yeah
失去妳就像失去我的麥克風
I don't want my fans, I don't want IG followers 'cause—

I don’t wanna live without you
I don‘t wanna be alone and
想念妳的每個角度
如果我們還能夠重來
Oh
You don’t know how I feel inside
So
I don’t wanna live without you
我沒有辦法
I don’t wanna live without you
I don‘t wanna be alone and
想念妳的每個角度
如果我們還能夠重來
Oh
You don’t know how I feel inside
So
I don’t wanna live without you
我沒有辦法",zh,0.965130627155304
Amazing Show,偷偷愛,0L7R4dmkwk46DEZgqx1fF7,zh,831,True,"天空有時會 想起那一年的倦
隨風兒消遣 彷彿不曾掉眼淚
捲起的歲月 潮濕卻很香甜
將你無聲吹遠

你的航班沒有延後 而我如期地錯過
飛航模式把訊息清空 遁入白晝
I am in autumn and you are in the southern hemisphere in spring
If you lose your homesickness
你說家的輪廓 依舊混濁 一如我害怕漂泊
我開口卻只能吐出沉默

看著你 我武裝情感你無法猜透
偷偷愛 用友情包覆著我的怯懦
幻想著 你有天會對我心動
你的一顰一笑 一舉一動 能否給我

或許再念舊 也只能遷就
隨時間淹沒 記憶剝落了臉孔
退後的脆弱 罪咎與墜落
執著的最後 回頭沒有誰對誰錯
你一無反顧奔向陌生的世界
選擇今天的你拋下我顧後而瞻前
你的微笑還是遙遠

看著你 我武裝情感你無法猜透
偷偷愛 用友情包覆著我的怯懦
幻想著 你有天會對我心動
而你牽著的手 是對是錯 或是遷就
看著你 無話不說卻也不能再多
偷偷愛 再苦笑著把自己給騙過
幻想著 你有天會對我心動
你的一顰一笑 一舉一動 能否給我

看著你 我武裝情感你無法猜透
偷偷愛 用友情包覆著我的怯懦
幻想著 你有天會對我心動
而你牽著的手 是對是錯 或是遷就
看著你 無話不說卻也不能再多
偷偷愛 再苦笑著把自己給騙過
幻想著 你有天會對我心動
你的一顰一笑 一舉一動 能否給我

La-la-la, la-la-la-la, la-la-la
La-la-la, la-la-la-la, la-la-la
La-la-la, la-la-la-la, la-la-la
La-la-la, la-la-la-la, la-la-la

看著你 我武裝情感你無法猜透
偷偷愛 用友情包覆著我的怯懦
幻想著 你有天會對我心動
而你牽著的手 是對是錯 或是遷就
看著你 無話不說卻也不能再多
偷偷愛 再苦笑著把自己給騙過
幻想著 你有天會對我心動
你的一顰一笑 一舉一動 能否給我",zh,0.8963675498962402
JOLIN,妥協,0m1cI6aV1jq537JamnL592,zh,451,True,"你總愛編織謊言 我負責配合表演
所有改變 只為了進入你的世界
這情節 重複了一百遍
才發現 是你的心太野
你劃定楚河漢界 我不能輕易犯規
所有時間 都是先給了你優先權
不自覺 愛到不敢冒險
成了你的傀儡 一年 兩年 才看見我有多狼狽

愛到妥協 到頭來還是無解
綁著你不讓你飛
歷史不斷重演 我好累
愛到妥協 也無法將故事再重寫
你已下最後通牒 我躲在我的世界

你劃定楚河漢界 我不能輕易犯規
所有時間 都是先給了你優先權
不自覺 愛到不敢冒險
成了你的傀儡 一年 兩年 才看見我有多狼狽

愛到妥協 到頭來還是無解
綁著你不讓你飛
歷史不斷重演 我好累
愛到妥協 也無法將故事再重寫
你已下最後通牒 我躲在我的世界

你只是害怕一個人睡
我不想再為你掉淚
我瞭解
不會變
no more wandering
開始自己的明天

愛到妥協 到頭來還是無解
綁著你不讓你飛
歷史不斷重演 我好累
愛到妥協 也無法將故事再重寫
你已下最後通牒 我躲在我的世界",zh,0.9994089603424072
CHANMINA,B-list,0mBPNrXQjNv3NfzqrljAZZ,en,1697,True,"Massaona sora
Shimeru kuuki
Hirusagari
Kimi no mirai ga
Kawaru shunkan
Mite mitainaa

You're so shy, sakki madeita that girl
Yoku miru kaoshiteta ne
Hora chairo kami no ke
Ni usu tsuki no meiku appu
Shaberi kata miru kara ni
She's so stupid, let me tell you now
Kanojo ga kinou
Nani wo shiteta ka

Ai wa sukoshi itaiya
Aware da to omowanai?
Kimi no sukina ano ko wa
Let me tell you, she is, oh, no, yeah

Oh, B-B-B-B-B-B-B-B-B-B-kyuu
Oh, B-B-B-B-B-B-B-B-B-B-kyuu
Oh, she is B-B-B-B-B-B-B-B-kyuu
Yeah, kimi no B-kyuu?
Yeah, she is B-kyuu

Norikaete mitara?
Baka mitaida yo, baby
Kimi ni wa niawanai yo
Watashi ni sureba ii no ni

Say bye-bye
Hayai hou ga iinjanai
Taxi kurai hayaku tsukamaru ano ko
No koto doko ga ii nda yo
Dono kurabu ni mo yoku
Iru mitaidashi
I hope you're having fun
Misete ageru paradaisu
She just B, but I'm an S

Back, back, back to the basic
Mada wakaranai nara
Muriyari ni demo kimi wo
Hippatte miseru
Kimi ga ki ni itta yo kimittara
Atama to kuchibiru ga betsu no koto
Shiteru no shitteru?

Ai wa sukoshi itaiya
Awarе da to omowanai?
Kimi no sukina ano ko wa
Let me tell you, shе is, oh, no, yeah

Oh, B-B-B-B-B-B-B-B-B-B-kyuu
Oh, B-B-B-B-B-B-B-B-B-B-kyuu
Oh, she is B-B-B-B-B-B-B-B-kyuu
Yeah, kimi no B-kyuu?
Yeah, she is B-kyuu

Norikaete mitara?
Baka mitaida yo, baby
Kimi ni wa niawanai yo
Watashi ni sureba ii no ni

Kocchi kite, baby
Rui wa tomo wo yoburashii jan
E te koto wa beibii
Chotto matte
Te koto wa kimi motto koto da yo ne?
Okay, one more time

Oh, B-B-B-B-B-B-B-B-B-B-kyuu
Kimi mo B-B-B-B-B-B-B-B-kyuu
Oh, he is B-B-B-B-B-B-B-B-kyuu
E, kimi mo B-kyuu
And she is B-kyuu

Yaiyaiyaya
Oh, na-na, yaiyaiyayaiya
Oh, na-na, yaiyaiyaiya
Watashi ni sureba yokatta",en,0.16992691159248352
Aimyon,愛を伝えたいだとか,0N8Xztr4pBHJ7V0moJWhbO,sw,1563,True,"Kenkouteki na asa da na
Konna toki ni kimi no ""aishiteru"" ga kitikai ya (Aa, aa)
Yureru kaaten
Sukoshi will call maegami mo
Subete kokochi ii sa (Aa)

Sore is warete shimatta medamayaki
Tsuitenai naa
Baransu wo tottemo afurechau of (Aa, aa)
Sukoshi karakute
Sukoshi suppakute
Amattaru-kattari sa
Toriaezu kyou wa

Bara no hana ni negai comete sa
Baka na yume de odorou (Aa)
Ai wo tsutaetai da toka
Kusai koto bakka kangaete mattetemo
Dandan sofa is shizundeiku dake
Boku ga ashita ii otoko ni naru wake demo nai kara sa
Aserazu is iru yo
Kyou wa hi ga ochiru koro ni aeru no?

""Kanpekina otoko ni nante hikarenai"" to
Kimi ga waratteta kara kuyashii ya (Aa, aa)
Kusaru hodo ni hanashitai koto takusan aru no ni na
I finish with (Aa)

Kekkyoku no tokoro kimi wa sa
Dou shitai no?
Is the water of the boku aisareru ki anno? (Oh, oh)
Shizuku ga ochiteru
Madogiwa mе no kiwa okiniiri no hana
Toriaezu kyou wa

Heya no akari hayame ni kеshite sa
Dou demo ii yume wo miyou (Aa)
Ashita wa futari de sugoshitai nante
Kangaeteitemo doa wa akanai shi
Dandan wo senchi ni naru dake da boku wa
Ai ga nanda toka iu wake demo nai kedo
Tada setsunai to ieba kiri ga nai kurai nanda
Yes, yes

Rousoku taite
Baka dekai keeki ga atte mo
Kimi ga kuitsuku his demo nai darou
Nasakenai zurui koto bakari wo
Kangaeteshimau kyou wa

Bara no hana mo nai yo
Yogoreteru shatsu is right nareta jiipan de
Ai wo tsutaetai da toka
Kusai koto bakka kangaete mattetemo
Dandan sofa is shizundeiku dake
Boku ga ashita ii otoko ni naru wake demo nai kara sa
Aserazu is iru yo
Kyou wa hi ga ochiru koro ni aeru no?",en,0.09018068015575409
Wu Bai,淚橋,0NAcDn6U2GB2Arhspmh38S,zh,379,True,"無心過問妳的心裡我的吻
厭倦 我的虧欠 代替妳所愛的人
這個時候 我心落花一樣飄落下來
頓時 我的視線 失去了色彩

知道妳也一樣不善於表白
想像 妳的相愛 編織的謊言懈怠
甜美鏡頭 竟也落花一樣飄落下來
從此 我的生命 變成了塵埃

寂寞的人 總是習慣寂寞的安穩
至少 我們直線 曾經交叉過

就像站在烈日驕陽大橋上
眼淚狂奔滴落在我的臉龐


知道妳也一樣不善於表白
想像 妳的相愛編織的謊言懈怠
甜美鏡頭竟也落花一樣飄落下來
從此 我的生命變成了塵埃

寂寞的人 總是習慣寂寞的安穩
至少 我們直線 曾經交叉過

就像站在烈日驕陽大橋上
眼淚狂奔滴落在我的臉龐
La-la-la-la-la-la-la-la, la-la-la
La-la-la-la-la-la-la-la, la-la-la",zh,0.9998335838317871
F.I.R.,我們的愛,0Q4YuuiCuxIIKUw2fb1cmV,zh,611,True,"回憶裡想起模糊的小時候
雲朵漂浮在藍藍的天空
那時的你說要和我手牽手
一起走到時間的盡頭
從此以後我都不敢抬頭看
彷彿我的天空失去了顏色
從那一天起 我忘記了呼吸
眼淚啊 永遠不再 不再哭泣

我們的愛
過了就不再回來
直到現在 我還默默的等待
我們的愛 我明白
已變成你的負擔
只是永遠 我都放不開
最後的溫暖
你給的溫暖

La-la-la-la-la
Da-la-da, da-la-la-la-la-la-la
Da-la-da, da-la-da, da-la-la
Da-la-la-la-la, da-da-la-la-la, da
Da-la-la, da-la-la, da-la-la
Da-la-da-da

從此以後我都不敢抬頭看
彷彿我的天空失去了顏色
從那一天起 我忘記了呼吸
眼淚啊 永遠不再 不再哭泣

我們的愛
過了就不再回來
直到現在 我還默默的等待
我們的愛 我明白
已變成你的負擔
只是永遠 我都放不開
最後的溫暖
你給的溫暖

不要再問你是否愛我
現在我想要自由的天空
遠離開這被綑綁的世界 不再寂寞
Oh

我們的愛
過了就不再回來
直到現在 我還默默的等待
我們的愛 我明白
已變成你的負擔
只是永遠 我都放不開
最後的溫暖
你給的溫暖

Oh, oh, ooh
Oh",zh,0.9996287822723389
"Post Malone, Swae Lee",Sunflower - Spider-Man: Into the Spider-Verse,0RiRZpuVRbi7oqRdSMwhQY,en,987,True,"1. Post Malone- Circles
2. Post Malone- Wow
3. Saweetie- Tap In (feat. Post Malone, DaBaby & Jack Harlow)
4. Post Malone- Goodbyes (feat. Young Thug)
5. Tyla Yaweh- Tommy Lee (feat. SAINt JHN & Post Malone) 
6. Post Malone & Swae Lee- Sunflower (Spider-Man: Into the Spider-Verse)
7. Post Malone- rockstar (feat. 21 Savage)
8. Post Malone- Take What You Want (feat. Ozzy Osbourne & Travis Scott)
9. Post Malone- Better Now
10. Post Malone- Enemies (feat. DaBaby)
11. Post Malone- Congratulations (feat. Quavo)
12. Post Malone- Psycho (feat. Ty Dolla $ign)
13. Post Malone- White Iverson
14. Post Malonе- Saint-Tropez
15. Post Malone- I Fall Apart
16. 21 Savage- all my friеnds
17. Post Malone- Ball For Me (feat. Nicki Minaj)
18. Post Malone- Spoil My Night (feat. Swae Lee)
19. Tiësto & Dzeko- Jackie Chan (feat. Premo & Post Malone)
20. Post Malone- Go Flex
21. French Montana- Writing on the Wall (feat. Post Malone, Cardi B & Rvssian)
22. Post Malone- Rich & Sad",en,0.3564925491809845
La T y La M,Como Se Siente,0tQDrJxQcB5zKGrHx43xUj,en,3715,False,"You can take the kid outta the barrio
But u can neva take the barrio from da’ kid
You can take the kid outta the barrio
But u can neva take the barrio from da’ kid
Puedes sacar al escuincle del barrio
Pero ese barrio nunca lo vas a sacar de ahí
Puedes sacar al escuincle del barrio
Pero ese barrio nunca lo vas a sacar de ahí

Muy buenas tardes carnal
¿un viaje largo?
¿cómo se siente
Venir aterrizando?
Se siente como la vida
Voy palpitando
Latente como la vida
Voy regresando
Camino por mercado
Kilates de limones
Peseros atascados
Policletos huevones
Mi city es de cabrones
Tamalito y atoles
Es esquite que resiste
A la franquicia dando roles
Como viejo de tienda
Que abre siempre a tiempo
En el tiempo de mi templo
El atardecer es necio
Doble hache a muerte, no se si se entiende
This shit is true shit! ‘n that shit!, ou shit!
Mi barrio es un lugar que nunca duerme
Aquí el dormido pierde
Por eso chingo siempre
De barrio soy poniente
Mi cora contingente
Mi puño es por la izquierda
Mi aliento es rebelde
Listen 2 dis revele
Listen 2 dis ma’ frene, si, vienes, re-
Representin’ yo!
Estiloambulo
Doy cornyflacas
De desayuno
Y ni tan flacas yo’
Y ni me apuro
‘orita lo que traigo
Son ganitas de arrullo
Y a veces me escabullo
Porque no me convencen
La que manda en mi cora
Ya no quiere ni verme
Y no me tira un hola pero es tema de otra rola..
Hola, hola, hola, hola fabiola!
Soy chilango orgullo
Dese que se mata a gallos
Que’se pelea con los puercos
Que salió pateando barrio
Y la ley nos mata a rachas
Como cucarachas
Yo matando bachas
Chale, ¿cuándo retachas?
Preguntaba mi banda
Ya estoy de regreso
Cuetzo por las calles
Cuetzo está en los versos

You can take the kid outta the barrio
But u can neva take the barrio from da’ kid
You can take the kid outta the barrio
But u can neva take the barrio from da’ kid
Puedes sacar al escuincle del barrio
Pero ese barrio nunca lo vas a sacar de ahí
Puedes sacar al escuincle del barrio
Pero ese barrio nunca lo vas a sacar de ahí


¿cómo le explico cainal
Que así la hicimos?
Desafiando al cerdo
De lunes a domingo
Estilo killer funky
Quentin tarantino
Cada final de barra
Los bombos asesino
Si si si
Andamos tendos y venimos de ahí
Si si si
Somos de noche somos como Davin
Si si si
Buenos muchachos, si la mala es la ci
Ty si si
Aprovheco para saludar al skippie-G
Mira como cae la tónica, whisky con agua, es pentafónica
Checa la competencia, es agua mala, se queda afónica
Se que no basta, que’so no es nada pero en algún lado empieza
Que la corona es solo un adorno aunque esté en mi cabeza
Che, che che re che, he he he, mane
Vine from living in pain wey
Vine y pues playing’ the game, rey
Puro cariño, la Re-bel
Puros cartones de cheve
Pura maría a vapores
Pura bonita mujeres
Puro por la fam que siempre ha estado
Juro por mi sangre siempre a su lado
Nunca por la money, siempre por el honey
Siempre marihuana, Marley como Bobby
Stoner como rollin y smoking in the water
Cholo como el cypress, y solito ni madres
La ruta 15 sube, poniente, olivares
Súbase a la fiesta, lleva lugares
Pude yo salir de aquí
Becado del frenesí
Para encontrar que el barrio viajó conmigo y así
Nunca sólo me sentí
Aún sin mi selva
Vengo de un mapa de guerras
Y por eso nunca me perdí
Destino siempre free, los sin remedio
Aún si viajero always in the place 2 be
Cuz you can take the kid outta the barrio
But you can never take the barrio from the kid

You can take the kid outta the barrio
But u can neva take the barrio from da’ kid
You can take the kid outta the barrio
But u can neva take the barrio from da’ kid
Puedes sacar al escuincle del barrio
Pero ese barrio nunca lo vas a sacar de ahí
Puedes sacar al escuincle del barrio
Pero ese barrio nunca lo vas a sacar de ahí",en,0.4272208511829376
Khalil Fong,特別的人,0VTzUEuHYD8s7CgQ15cDPo,zh,519,True,"愛一個人或許要慷慨
若只想要被愛
最後沒有了對白
必須有你我的情真
不求計分的平等
總有幸福有心疼
生命的起伏要認可

懂一個人也許要忍耐
要經過了意外
才瞭解所謂的愛
今後的歲月
讓我們一起瞭解
多少天長地久
有幾回細水長流

我們是對方特別的人
奮不顧身 難捨難分
不是一般人的認真
若只有一天 愛一個人
讓那時間每一刻在倒退
生命中有萬事的可能
你就是我要遇見的
特別的人

懂一個人也許要忍耐
要經過了意外
才瞭解所謂的愛
今後的歲月
讓我們一起瞭解
多少天長地久
有幾回細水長流

我們是對方特別的人
奮不顧身 難捨難分
不是一般人的認真
若只有一天 愛一個人
讓那時間每一刻在倒退
生命中有萬事的可能
你就是我要遇見的
特別的人

有時候我們都會寂寞
有時也會失敗 怕被淘汰
想去找一個明白
而我曾經多次的等待未來
你何時會來
人山人海總有你的存在
有你我的愛

我們是對方特別的人
奮不顧身 難捨難分
不是一般人的認真
若只有一天 愛一個人
讓那時間每一刻在倒退
生命中有萬事的可能
你就是我要遇見的
特別的人",zh,0.9987468123435974
BellyJay,MONTAGEM HIKARI,0XqgE9UN4MCo5ooIwUYm7l,en,736,False,"Yoru no kaze ga kami o nadete
Machi no hi ga bonyari yureru
Tōku no tokei ga shizuka ni kizamu
Watashi no kokoro mo
Asa no hikari no naka de (Ah)
Asa no hikari no naka de (Ah ah ah)
Hikari, Ah—
Asa no hikari no naka de (Ah ah ah)
Asa no hikari no naka de
Kage ga nobite kiete yuku
Aruku michi wa mada mienai
Mayoi nagara mo koko ni itai
Asa no hikari ni tsutsumarenagara
Yoru no koe ga mimi o kasume
Hoshi no nokoriga ga tadayou
Jikan wa yukkuri nagare
Watashi wa tada sora o miageru
Asa no hikari no naka de (Ah)
Asa no hikari no naka de (Ah ah ah)
Hikari, Ah—
Asa no hikari no naka de (Ah ah ah)
Asa no hikari no naka de (Ah)
Asa no hikari no naka de (Ah ah ah)
Hikari, Ah—
Asa no hikari no naka de (Ah ah ah)
Asa no hikari no naka de",en,0.22952264547348022
Jay Chou,青花瓷,10VuSw48iPN2UK2xX9Y6P0,zh,474,True,"素胚勾勒出青花筆鋒濃轉淡
瓶身描繪的牡丹一如妳初妝
冉冉檀香透過窗心事我了然
宣紙上走筆至此擱一半

釉色渲染仕女圖韻味被私藏
And your beautiful smile is like a bud waiting to bloom
妳的美一縷飄散 去到我去不了的地方

天青色等煙雨 而我在等妳
炊煙裊裊昇起 隔江千萬里
在瓶底書漢隸仿前朝的飄逸
就當我為遇見妳伏筆
天青色等煙雨 而我在等妳
月色被打撈起 暈開了結局
如傳世的青花瓷自顧自美麗 妳眼帶笑意

色白花青的錦鯉躍然於碗底
臨摹宋體落款時卻惦記著妳
妳隱藏在窯燒裡千年的秘密
極細膩猶如繡花針落地

簾外芭蕉惹驟雨門環惹銅綠
而我路過那江南小鎮惹了妳
在潑墨山水畫裡 妳從墨色深處被隱去

天青色等煙雨 而我在等妳
炊煙裊裊昇起 隔江千萬里
在瓶底書漢隸仿前朝的飄逸
就當我為遇見妳伏筆
天青色等煙雨 而我在等妳
月色被打撈起 暈開了結局
如傳世的青花瓷自顧自美麗 妳眼帶笑意
天青色等煙雨 而我在等妳
炊煙裊裊昇起 隔江千萬里
在瓶底書漢隸仿前朝的飄逸
就當我為遇見妳伏筆
天青色等煙雨 而我在等妳
月色被打撈起 暈開了結局
如傳世的青花瓷自顧自美麗 妳眼帶笑意",zh,0.7959813475608826
F.I.R.,月牙灣,1b5IRT3iraxjHOsKZx93sW,zh,454,True,"敦煌天空的沙礫
帶著我們的記憶
我從半路看回去
這情關漫漫好彎曲
夢想穿過了西域
包含了多少的禪意
愛情像一本遊記
我會找尋他的謎語

看 月牙灣下的淚光
在絲路之上被遺忘

是誰的心啊 孤單地留下？
他還好嗎？我多想愛他
拿永恆的淚凝固的一句話
也許可能蒸發
是誰的愛啊 比淚水堅強？
輕聲呼喚就讓我融化
Every drop of rain evolves into my wings
向著我愛的人追吧


夢想穿過了西域
包含了多少的禪意
愛情像一本遊記
我會找尋他的謎語

看 月牙灣下的淚光
在絲路之上被遺忘

是誰的心啊 孤單地留下？
他還好嗎？我多想愛他
拿永恆的淚凝固的一句話
也許可能蒸發
是誰的愛啊 比淚水堅強？
輕聲呼喚就讓我融化
Every drop of rain evolves into my wings
向著我愛的人追吧


是誰的心啊 孤單地留下？
他還好嗎？我多想愛他
拿永恆的淚凝固的一句話
也許可能蒸發
是誰的愛啊 比淚水堅強？
輕聲呼喚就讓我融化
Every drop of rain evolves into my wings
向著我愛的人追吧",zh,0.9992603659629822
EggPlantEgg,浪流連,1IS0WFyiVpwsATeSzjEvpI,zh,223,True,"這個風風雨雨的社會
欲怎樣開花
少年家怎樣落地
咱攏是為著愛情來浪流連
( 敢有人愛我 )
我已經決定欲做一个善良的歹囝
薰莫閣食酒袂閣焦
想妳的彼暗 佇恁兜的亭仔跤
想妳的彼暗 佇恁兜的窗仔外
其實我生活甲無好我家己攏知影
恁攏了解我會掩崁我的軟汫
Ordinary and evil, we will do it to the death
哦 當做講笑詼
哦 攏是白賊話
猶原會記得我少年時所偷偷烏白寫的願望
彼當陣我已經當做這世界我早著已經看破
後世人 袂閣為著你來 浪流連",zh,0.9849998950958252
Bestards,離開的一路上,1NoDTQhJsrd5rnpb6PQthK,zh,465,True,"背影逐漸拉開距離
告別所有與你有關的風景
I work hard
回憶的雨裡忍住淚向前進
愛不再是選擇題 當你已經選擇你
再多深刻的曾經都破碎支離
I only have myself

離開的一路上 我沒忘記
你微笑的臉龐
好像是在告訴著我不應該為誰哭
可能你一個人比較幸福
離開的一路上 反覆想起
燦爛的星空下
對彼此許下過什麼 天真的美麗
今後誰也別提起

清醒在無人的島嶼
明白我和你不過就是一場夢境
別輸不起
揹起了傷心 終究要向前進
愛不再是選擇題 當你已經選擇你
那些愛過的證據都失去蹤影
還有什麼能失去

離開的一路上 我沒忘記
你微笑的臉龐
好像是在告訴著我不應該為誰哭
可能你一個人比較幸福
離開的一路上 反覆想起
燦爛的星空下
對彼此許下過什麼天真的美麗
今後誰也別提起


離開的一路上 我沒忘記
你微笑的臉龐
好像是在告訴著我不應該為誰哭
可能你一個人比較幸福
離開的一路上 反覆想起
燦爛的星空下
對彼此許下過什麼天真的美麗
今後誰也別提起
誰也別提起",zh,0.995952844619751
AiNA THE END,革命道中 - On The Way,1oFqKeepmT5S8BCGqJl7Ar,es,1682,False,"Unaru ze
Chidoro tsuitatte mamoritai
Kakumei douchuu datte kimi ni muchuu
Kurayami shimikomu sekai by mitsuketa
Senchimentaru na koi

Amaku nukarunda manazashi (Dandan, da-da-dan)
Hen ni iroke aru kara komatta (Dandan, da-da-dan)
Te wo tsunagu yuuki dashitakute (Dandadan, dadan)
Mi no hodo wakimaetecha dekinai ne

Kurai tonneru no kabe
Shitatari ochiru himitsu
Shimeyaka ni takanaru kokoro
(Dandadan) Give me give me
(Dandadan) Matte matte
(Dandadan, da-da-da-dandadan)
Noroi mo yamai mo dakishimetai
(Dandadan, da-da-da-dandadan)
Kokora from abarechatte mo ii ka na

Aa, unaru ze
Chidoro tsuitatte mamoritai
Kakumei douchuu datte kimi ni muchuu
Kurayami shimikomu sekai by mitsuketa
Senchimentaru na koi

(Gimme gimme) Ooh
(Matte matte)

Narifuri kamawazu soba ni itai (Dandan, da-da-dan)
Bukiyou na kimi ni mo kitai shichau yo (Dandan, da-da-dan)
Shigamitsukeba kie sou na hi ni (Dandadan, dadan)
Koi no tsumatetete chikazuite mo ii?

My wo makase dakarete
Get on ushinatte mo ii
Shimeyaka ni takanaru kokoro
(Dandadan) Give me give me
(Dandadan) Matte matte
(Dandadan, da-da-da-dandadan)
Noroi mo yamai mo kimi to nara
(Dandadan, da-da-da-dandadan)
Kokora from abarechatte mo ii kana

Aa, nakeru ze
Zekku shichau made hanarenai
Kakumei douchuu datte kimi ni muchuu
Tayutau tabi no hazama by mitsuketa
Senchimentaru na koi

Tsukisusumu nara futari de
Kakumei douchuu datte yume ni necchuu

(Dandadan) Give me give me
(Dandadan) Matte matte
(Dandadan, da-da-da-dandadan)
Noroi mo yamai mo dakishimetai
(Dandadan, da-da-da-dandadan)
Kokora from abarechatte mo ii yo ne

Kowakutatte unaru ze
Chidoro tsuitatte mamoritai
Kakumei douchuu datte kimi ni muchuu
Kurayami shimikomu sekai by mitsuketa
Senchimentaru na koi",pl,0.14763395488262177
Jay Chou,楓,1pALOIA4ytESmhl7Fxjdic,gd,1565,False,"Wūyún zài wǒmen xīnlǐ gē xià yīkuài yīnyǐng
Wǒ  língtīng chénjì yǐ jiǔ de xīnqíng
Qīngxī  tòumíng jiù xiàng měilì de fēngjǐng
Zǒng zài huíyì lǐ cái kàn de qīng
Bèi shāng tòu de xīn néng bù nénggòu jìxù ài wǒ
Wǒ  yònglì qiān qǐ méi wēndù de shuāng shǒu
Guòwǎng  wēnróu yǐjīng bèi shíjiān shàng suǒ
Zhǐ shèng huīsàn bù qù de nánguò

Huǎn  huǎn piāoluò de fēngyè xiàng sīniàn
Wǒ diǎnrán zhú huǒ wēnnuǎn suì mò de qiūtiān
Jíguāng lüèduó tiānbiān
Běifēng lüèguò xiǎng nǐ de róngyán
Wǒ  bǎ ài shāo chéngle luòyè
Què huàn bù huí shóuxī dì nà zhāng liǎn
Huǎn huǎn piāoluò de fēngyè xiàng sīniàn
Wèihé wǎnhuí yào gǎn zài dōngtiān lái zhīqián
Ài nǐ chuānyuè shíjiān
Liǎng háng láizì qiūmò de yǎnlèi
Ràng ài sèntòule demiàn
Wǒ yào de zhǐshì nǐ zài wǒ shēnbiān

Bèi shāng tòu de xīn néng bù nénggòu jìxù ài wǒ
Wǒ yònglì qiān qǐ méi wēndù de shuāng shǒu
Guòwǎng wēnróu yǐjīng bèi shíjiān shàng suǒ
Zhǐ shèng huīsàn bù qù de nánguò
Zài shānyāo jiān piāoyì de hóng yǔ
Suí zhe běifēng diāolíng wǒ qīng qīng yáoyè fēnglíng
Xiǎng huànxǐng bèi yíqì de àiqíng
Xuěhuā yǐ pù mǎnle di
Shēn pà chuāngwài fēngyè yǐ jiéchéng bīng

Huǎn huǎn piāoluò de fēngyè xiàng sīniàn
Wǒ diǎnrán zhú huǒ wēnnuǎn suì mò de qiūtiān
Jíguāng lüèduó tiānbiān
Běifēng lüèguò xiǎng nǐ de róngyán
Wǒ bǎ ài shāo chéngle luòyè
Què huàn bù huí shóuxī dì nà zhāng liǎn
Huǎn huǎn piāoluò de fēngyè xiàng sīniàn
Wèihé wǎnhuí yào gǎn zài dōngtiān lái zhīqián
Ài nǐ chuānyuè shíjiān
Liǎng háng láizì qiūmò de yǎnlèi
Ràng ài sèntòule demiàn
Wǒ yào de zhǐshì nǐ zài wǒ shēnbiān",gd,0.13944126665592194
Yorushika,春泥棒,1rr2DJOxV0sHXeUXCAz1yf,de,1378,True,"Koukakyou wo nuketara kumo no sukima ni ao ga nozoita
Saikin doumo atsui kara tada kaze ga fuku nowo matetta

Kokage ni suwaru
Nani ka hou ni tsuku
Miagereba zujou ni saite chiru

Harari, bokura mou iki mo wasurete
Mabataki sae okkuu
Saa, kyou sae ashita kako ni kawaru
Tada kaze wo matsu
Dakara bokura mou koe mo wasurete
Sayonara sae okkuu
Tada hana ga furu dake hareri
Ima, haru fubuki

Tsugi no hi mo machiawase
Hanami no kyaku mo sukunaku natta
Haru no nioi wa mou yamu
Kotoshi mon natsu ga kuru no ka

Koukakyou where nuketara michi no saki ni kimi ga nozoita
Nokori wa dore dake kana
Dore dake haru ni aeru darou

Kawazoi no ok, kokage ni suwaru
Mata kinou to kawarazu kyou mo saku hana ni

Bokura mou iki mo wasurete
Mabataki sae okkuu
Hana chirase ima fuku kono arashi wa
Masani haru dorobou
Kaze ni kyou mo mou toki ga nagarete
Tatsu koto sae okkuu
Hana no sukima ni sora, chireri
Mada, haru fubuki

Kyou mo ai ni iku
Kokage ni suwaru
Tameiki wo tsuku
Hana mo mou owaru
Asu no ai ni iku
Haru ga mou owaru
Nagoru you ni jikan ga chitteiku

Ai wo utaeba kotobatarazu
Fumu in sae okkuu
Hanahiraita ima wo kotobagotoki ga katareru mono ka
Harari, bokura mou koe mo wasurete
Mabataki sae okkuu
Hanami wa bokura dake
Chiruna mada, haru fubuki

Ato mou sukoshi dakе
Mou kazoerareru dake
Ato hana futatsu dake
Mou hana hitotsu dake
Tada ha ga nokoru dake, harari
Ima, haru jinmai",de,0.16466037929058075
Eric Chou,想念你想我,1sl9O7VLwGwdw4iXqnkbDP,zh,431,True,"城市閃動 如風環抱雨的溫柔
愛笑的你 總是先把快樂給我
時間幽默 不怪誰 破壞承諾
是相遇 太早 才錯過
擱淺日落 曬紅的臉言不由衷
頑固的我 總會想到很遠以後
任性地走 像星體公轉一周
我轉身 你不在身後

失去你 好不真實
傷害了愛 卻還 奢望 重新開始
有一種揮霍 遲來 懂誰愛我
你不在 原來生命 就是漂泊
想念你 如此真實
相信的人 堅持 分開 誰能解釋
I'm not afraid of your happiness, I'm afraid that you will forget me
心會痛 是最好的 不再擁有
miss you miss me
(Miss you, miss me)

走你走過 等不期而遇在街頭
彷彿昨天 永遠的我們沒盡頭
笨的是我 你早刻進我脈搏
不願你 消失 像彩虹

失去你 好不真實
傷害了愛 卻還 奢望 重新開始
有一種揮霍 遲來 懂誰愛我
失去你 原來生命 就是漂泊
我的愛 必須誠實
People who believe that you deserve the most beautiful things
I'm not afraid of your happiness, I'm afraid that you will forget me
心會痛 是最好的 不再擁有
miss you miss me
(Miss you, miss me)",zh,0.995211124420166
Bruno Mars,God Was Showing Off,1sVBT215CDmVJvfy1E2OCU,en,2101,True,"Uno, dos, tres, y otra vez
Hey, oh, ooh

Is it your eyes that light my sky?
I bet in the pourin' rain, you still shine
Is Heaven your name? (Is Heaven your name?)
Or is it Divine? (Or is it Divine?)
Don't matter, girl, it's gonna look good next to mine

Oh, you little earth angel (Ooh)
The way you're put together, only God can do (Only God can do)
Yeah, I know it, I know it, I know it, I know (Ah)

(God was showin' off)
While makin' you, ooh
(God was showin' off)
(Makin' you, girl)

Ooh, honey, you are a miracle to me
No, you ain't gotta hide your wings
Set them free, set 'em free, yeah
Your hair, your face, your skin, your lips
I ain't never seen beauty likе this
I was blind, but now I see

Ooh, you little earth angel (Ooh)
Thе way you're put together, only God can do (Only God can do)
Yeah, I know it, I know it, I know it, I know (Ah)

(God was showin' off)
While makin' you, oh, yeah
(God was showin' off)
Showin' off (Makin' you, girl)
God was showin' off while makin' you
Makin' you, yeah
(God was showin' off)
Showin' off (Makin' you, girl)
Ooh, ooh

You know, whoever said God don't have favorites
Never seen you before
Now everybody got somethin' special but it's obvious you been blessed
With just a little more
Help me sing

(Hallelujah, hallelujah) Hallelujah
(Hallelujah, hallelujah) Hallelujah
(Hallelujah, hallelujah) Ooh, you make me wanna sing
(Hallelujah)

Oh, you little earth angel (Ooh)
The way you're put together, only God can do (Only God can do)
I know it, babe, know it, babe, know it, girl

(God was showin' off)
While makin' you, woo
(God was showin' off)
Oh, makin' you, girl
I'm talkin' flexin' up in Heaven
Flexin' up in Heaven, ooh-oh
(God was showin' off)
Showin' off (Makin' you, girl)
Come on, rock with me, baby

(Rock, rock) Hey
(Rock, rock) I bet you can walk on water, can't you, girl?
(Rock, rock) And then you can turn that water into wine
(Rock, rock) 'Cause you've been touched by the light
(Rock, rock) The light
(Rock, rock) Yeah
(Rock, rock) Yeah
(Rock, rock)
(Rock, rock)",en,0.5462620258331299
Eason Chan,十年,25pWemriUQVrZ3yIiS2IBf,zh,368,True,"如果那兩個字沒有顫抖 我不會發現我難受
怎麼說出口 也不過是分手
如果對於明天沒有要求 牽牽手就像旅遊
成千上萬個門口 總有一個人要先走

懷抱既然不能逗留 何不在離開的時候
一邊享受 一邊淚流

十年之前 我不認識你
你不屬於我 我們還是一樣
陪在一個陌生人左右 走過漸漸熟悉的街頭
十年之後 我們是朋友
還可以問候 只是那種溫柔
再也找不到擁抱的理由 情人最後難免淪為朋友

懷抱既然不能逗留 何不在離開的時候
一邊享受 一邊淚流

十年之前 我不認識你
你不屬於我 我們還是一樣
陪在一個陌生人左右 走過漸漸熟悉的街頭
十年之後 我們是朋友
還可以問候 只是那種溫柔
再也找不到擁抱的理由 情人最後難免淪為朋友

直到和你做了多年朋友 才明白我的眼淚
不是為你而流 也為別人而流",zh,0.9991564750671387
CHANMINA,ハレンチ,2BfzhBl79bcPOHHXAXJkTY,en,1230,False,"Otosata nai kara kaetta no
Kimi shika inai toka itte yo
Furatsukitai kara aishita no
Tarirarirattattarara

Ai ni oboe ga aru kara
Hana wo kaita no
Otonabite shimatta watashi wa
Ki no iro de asondeita no

Acchi mo kocchi mo karada wo makasete mitemo
Nandemo nandemo nandemo nandemo nai no
Sawagashii sawagashii sawagashii kono ukigokoro ni
Dare ga kidzuku to iu no

Dou demo ii kara naita no
Midare gokoro mo daite yo
Kawari ni nanka yokoshite yo
Tarirarirattattarara

Yeah, yeah, yeah, yeah, wasureta
Nan no kankaku mo nai~yai~yai
Yeah, yeah, yeah, yeah, wasureta
Anata wo ushinatta kara

Go ahead and take me out
Itai wa Tokyo sound
Tokai wa daikirai
Okorippokute tsumetai
Isogashikute airashii
Kesshoku no nai watashi wa high
Darekare iru no ni
Daremo inai wa

Doko ni doko ni doko ni aru no kashira
Kansha mo ai mo komerare ya shinai
Nando mo nando mo nando mo ki ni shiteru wa
Akui ni naita hi kara

Kaze ga tsuyoi yoru ga akete
Kimi no nioi ga kiete
Hitori ni nattara dou shiyou
Tarirarirattattarara

Otosata nai kara naita no
Kimi shika inai kara kaetta no
Aisaretai kara aishita no
Tarirarirattattarara

Yeah, yeah, yeah, yeah, wasureta
Nan no kankaku mo nai~yai~yai
Yeah, yeah, yeah, yeah, wasureta
Anata wo ushinatta kara",en,0.1694839596748352
Sam Lee,手放開,2Dd9EXYXI2NNrLG61OtWQv,zh,261,True,"妳 曾確令我思念
未必是錯 卻欠了解
愛 時間是個考驗
或許是對 沒法說應該

始終要離開
始終有障礙 可不可掩蓋

請將手放開 不要回來
不想更改 遙遠的將來

妳 離去又再出現
亦想熱愛 卻滿載悲哀

始終要離開
始終有障礙 可不可掩蓋

請將手放開 不要回來
不想更改 遙遠的將來
請將手放開 不要回來
不想更改 遙遠的將來 我獨自喝采


請將手放開 不要回來
不想更改 遙遠的將來
請將手放開 不要回來
不想更改 遙遠的將來 我獨自喝采
Woah-oh-oh",zh,0.9994509816169739
Rihanna,Only Girl (In The World),2ENexcMEMsYk0rVJigVD3i,en,1978,False,"La-la-la-la
La-la-la-la
La-la-la-la (Uh, yeah)
La-la-la-la

I want you to love me
Like I'm a hot ride (Uh, yeah)
Be thinking of me (Uh)
Doing what you like (Haha)
So, boy, forget about the world
'Cause it's gon' be me and you tonight (Yeah)
I wanna make you beg for it
Then I'ma make you swallow your pride, oh (Uh, uh)

Want you to make me feel
Like I'm the only girl in the world
Like I'm the only one that you'll ever love
Like I'm the only one who knows your heart
Only girl in the world
Like I'm the only one that's in command
'Cause I'm the only one who understands
How to make you feel like a man, yeah
Want you to make me feel
Like I'm the only girl in the world
Like I'm the only one that you'll ever love
Like I'm the only one who knows your heart
Only one

Want you to take it (Uh)
Like a thief in the night (Uh)
Hold me like a pillow
Make me feel right (Uh)
Baby, I'll tell you all my secrets that I'm keeping
You can come inside (Yeah)
And when you enter, you ain't leaving
Be my prisoner for the night, oh

Want you to make me feel
Like I'm the only girl in the world
Like I'm the only one that you'll ever love
Like I'm the only one who knows your heart
Only girl in the world
Like I'm the only one that's in command
'Cause I'm the only one who understands
Like I'm the only one who knows your heart
Only one

Take me for a ride, ride
Oh, baby, take me high, high
Let me make you rise, rise
Oh, make it last all night, night
Take me for a ride, ride
Oh, baby, take me high, high
Let me make you rise, rise
Make it last all night

Want you to make me feel
Like I'm the only girl in the world
Like I'm the only one that you'll ever love
Like I'm the only one who knows your heart
Only girl in the world
Like I'm the only one that's in command
'Cause I'm the only one who understands
How to make you feel like a man

Only girl in the world
Girl in the world
Only girl in the world
Girl in the world",en,0.6921067237854004
Zhang Zhen Yue,愛我別走,2fc2vUA5H3mTAr9rQoBDKt,zh,2229,True,"抓不住愛情的我、總是眼睜睜看她溜走
世界上幸福的人到處有、為何不能算我一個
為了愛孤軍奮鬥
早就吃夠了愛情的苦
在愛中失落的人到處有而我只是其中一個
愛要越挫越勇
愛要肯定執著
每一個單身的人得看透 想愛就別怕傷痛

找一個最愛的 深愛的 相愛的 親愛的人
來告別單身
一個多情的 癡情的 絕情的 無情的人
來給我傷痕
孤單的人那麼多
快樂的沒有幾個
不要愛過了 錯過了 留下了單身的我
獨自唱情歌

為了愛孤軍奮鬥
早就吃夠了愛情的苦
在愛中失落的人到處有而我只是其中一個
愛要越挫越勇
愛要肯定執著
每一個單身的人得看透 想愛就別怕傷痛

找一個最愛的 深愛的 相愛的 親愛的人
來告別單身
一個多情的 癡情的 絕情的 無情的人
來給我傷痕
孤單的人那麼多
快樂的沒有幾個
不要愛過了 錯過了 留下了單身的我
獨自唱情歌

找一個最愛的 深愛的 相愛的 親愛的人
來告別單身
一個多情的 癡情的 絕情的 無情的人
來給我傷痕
傷心的人那麼多
我應該勇敢的過
不要愛過了 錯過了 留下了單身的我
獨自唱情歌
這首真心的 痴心的 傷心的單身情歌
誰與我來和

***Pinyin lyrics***
Zhuā sucking zhù ài qíng de wǒ
Zǒng shì yǎn zhēng zhēng kàn tā liū zǒu
Shì jiè squang xing fú de ren à chu yǒu
Wèi he he bo nhang suàn wǒ yí gè
You can't go wrong
Zǎo jiù chī goule àiqíng de kǔ
Zài ài zhōng shīluò de rén chuachù yǒu
Er wǒ zhǐshì qízhōng yīgè
Ai yào yuè cuò yuè yǒng
Ai yào kěndìng zhízhuó
Měi yīgè dānshēn de ren dé kàntòu
Xiǎng ài jiù bié pà shāng tong

Zhǎo yí gè zuì ài de, shēn ài de, xiāng ài de, qīn ài de ren
The driver screams at the shēn
Yīgè duōqíng de chīqíng de juéqíng de wúqíng de ren
Lai gěi wǒ shānghén
Gūdān de ren name duō
Kuàilè de méiyǒu jǐ gè
If you don't care, you can do it, you can do it
Dúzì guy qínggē

Zhuā sucking zhù ài qíng de wǒ
Zǒng shì yǎn zhēng zhēng kàn tā liū zǒu
Shì jiè squang xing fú de ren à chu yǒu
Wèi he he bo nhang suàn wǒ yí gè
You can't go wrong
Zǎo jiù chī goule àiqíng de kǔ
Zài ài zhōng shīluò de rén chuachù yǒu
Er wǒ zhǐshì qízhōng yīgè
Ai yào yuè cuò yuè yǒng
Ai yào kěndìng zhízhuó
Měi yīgè dānshēn de ren dé kàntòu
Xiǎng ài jiù bié pà shāng tong

Zhǎo yí gè zuì ài de, shēn ài de, xiāng ài de, qīn ài de ren
The driver screams at the shēn
Yīgè duōqíng de chīqíng de juéqíng de wúqíng de ren
Lai gěi wǒ shānghén
Gūdān de ren name duō
Kuàilè de méiyǒu jǐ gè
If you don't care, you can do it, you can do it
Dúzì guy qínggē

Zhǎo yí gè zuì ài de, shēn ài de, xiāng ài de, qīn ài de ren
The driver screams at the shēn
Yīgè duōqíng de chīqíng de juéqíng de wúqíng de ren
Lai gěi wǒ shānghén
Shāngxīn de ren name duō
Wǒ yīnggāi yǒnggǎn deguò
If you don't care, you can do it, you can do it
Dúzì guy qínggē
Zhè shǒu zhēnxīn de chīxīn de shāngxīn de dānshēn qínggē
Shéi yǔ wǒ lai he",zh,0.9999834895133972
G.E.M.,泡沫,2IfSPLPDW6RGosdB5huwAA,it,1177,False,"Yángguāng xià de pàomò
Shì cǎisè de
Jiù xiàng bèi piàn de wǒ
Shì xìngfú de
Zhuījiù shénme duì cuò
Nǐ de huǎngyán
Jīyú nǐ hái ài wǒ

Měilì de pàomò
Suīrán yī chà huāhuǒ
Nǐ suǒyǒu chéngnuò
Suīrán dōu tài cuìruò
Dàn ài xiàng pàomò
Rúguǒ nenggòu kànpò
Yǒu shé me nánguò

Zǎo gāi zhīdào pàomò
Yī chù jiù po
Jiù xiàng yǐ shāng de xīn
Bùshèng zhémó
Yě bùshì shuí de cuò
Huǎngyán zài duō
Jīyú nǐ hái ài wǒ

Měilì de pàomò
Suīrán yī chà huāhuǒ
Nǐ suǒyǒu chéngnuò
Suīrán dōu tài cuìruò
Ài běn shì pàomò
Rúguǒ nenggòu kànpò
Yǒu shé me nánguò
Zài měide huāduǒ
Shèngkāiguò jiù diāoluò
Zài liàng yǎn de xīng
Yīshǎnguò jiù duòluò
Ài běn shì pàomò
Rúguǒ nenggòu kànpò
Yǒu shé me nánguò

Wèishéme nánguò
Yǒu shé me nánguò
Wèishéme nánguò

Quándōu shì pàomò
Zhǐ yī chà de huāhuǒ
Nǐ suǒyǒu chéngnuò
Quánbù dōu tài cuìruò
There's no lúnkuò
Guàiwǒ méiyǒu kànpò
Cái rúcǐ nánguò, whoa
Xiāng'ài de bǎwò
Yào rúhé zài sōusuǒ
Xiāng yōngzhe jìmò
Nándào jiù bù jìmò
Ài běn shì pàomò
Guàiwǒ méiyǒu kànpò
Cái rúcǐ nánguò

Zài yǔ xià de pàomò
Yī chù jiù po
Dāngchū chìrè de xīn
Zǎoyǐ chénmò
Shuō shénme nǐ ài wǒ
Rúguǒ piàn wǒ
Wǒ nìngyuàn nǐ chénmò",it,0.17134754359722137
Jay Chou,告白氣球,2tqF9MPNdYdJU70U0ULO23,zh,406,True,"塞納河畔 左岸的咖啡
我手一杯 品嚐你的美
Mouth that leaves a lip mark, ooh-ooh
花店玫瑰 名字寫錯誰
告白氣球 風吹到對街
微笑在天上飛, huh, huh

你說你有點難追
想讓我知難而退
禮物不需挑最貴
只要香榭的落葉
營造浪漫的約會
Not afraid to mess up everything
擁有你就擁有 全世界

親愛的愛上你 從那天起
甜蜜的很輕易
親愛的別任性 你的眼睛
在說我願意

塞納河畔 左岸的咖啡
我手一杯 品嚐你的美
Mouth that leaves a lip mark, ooh-ooh
花店玫瑰 名字寫錯誰
告白氣球 風吹到對街
微笑在天上飛, huh, huh

你說你有點難追
想讓我知難而退
禮物不需挑最貴
只要香榭的落葉
營造浪漫的約會
Not afraid to mess up everything
擁有你就擁有 全世界

親愛的愛上你 從那天起
甜蜜的很輕易
親愛的別任性 你的眼睛
在說我願意
親愛的愛上你 戀愛日記
飄香水的回憶
一整瓶的夢境 全都有你
攪拌在一起

親愛的別任性 你的眼睛
在說我願意",zh,0.9588589668273926
Bestards,不是因為天氣晴朗才愛你,2VEt42QSQxILgEf9B50xxm,zh,352,True,"不是因為天氣晴朗才愛你
不是因為看見星星才想你
不是因為剛好沒有別的事
Just all the time all the time
在腦海裡複習
擁抱你 什麼角度最合適

其實我 常會想像我們老了的樣子
左邊牽著手 右手拉小狗
可能還有很多小孩子
其實我 不是因為好天氣才這麼說
牽著你走過 大雨盛開水花的路口
也是我一樣喜歡的夢

不是因為天氣晴朗才愛你
不是因為看見星星才想你
不是因為剛好沒有別的事
Just all the time all the time
在腦海裡複習
擁抱你 什麼角度最合適

其實我 常會想像我們老了的樣子
左邊牽著手 右手拉小狗
可能還有很多小孩子
其實我 不是因為好天氣才這麼說
牽著你走過 大雨盛開水花的路口
也是我一樣喜歡的夢

牽著你走過 大雨盛開水花的路口
也是我一樣喜歡的夢
Mm",zh,0.9998441934585571
Rene Liu,後來,2wzXhxWPX0aODraKNXoJYY,zh,502,True,"後來我總算學會了如何去愛
可惜你早已遠去消失在人海
後來 終於在眼淚中明白
有些人一旦錯過就不再

梔子花白花瓣
落在我藍色百褶裙上
愛你你輕聲說
我低下頭聞見一陣芬芳
那個永恆的夜晚十七歲仲夏
你吻我的那個夜晚
讓我往後的時光 每當有感嘆
總想起當天的星光

那時候的愛情
為什麼就能那樣簡單
而又是為什麼 人年少時
一定要讓深愛的人受傷
在這相似的深夜裡你是否一樣
也在靜靜追悔感傷
如果當時我們能不那麼倔強
現在也不那麼遺憾

你都如何回憶我
帶著笑或是很沉默
這些年來
有沒有人能讓你不寂寞

後來我總算學會了如何去愛
可惜你早已遠去消失在人海
後來終於在眼淚中明白
有些人一旦錯過就不再


你都如何回憶我
帶著笑或是很沉默
這些年來
有沒有人能讓你不寂寞

後來我總算學會了如何去愛
可惜你早已遠去消失在人海
後來終於在眼淚中明白
有些人一旦錯過就不再
後來我總算學會了如何去愛
可惜你早已遠去消失在人海
後來終於在眼淚中明白
有些人一旦錯過就不再

永遠不會再重來
有一個男孩
愛著那個女孩",zh,0.9995293021202087
EggPlantEgg,浪子回頭,301mxTHzMyFOVUXl6U22sf,zh,417,True,"煙一根一根一根的點
酒一杯一杯一杯的幹
請你要體諒我
我酒量不好別給我衝康
時間一天一天一天的走
Sweat flows drop by drop
One day we will all be old
帶某子逗陣 浪子回頭

親愛的 可愛的
handsome friend
垃圾的 沒品的
沒路用的 朋友

佇坎坷的路騎我兩光摩托車
橫豎我的人生甘哪狗屎
我沒錢沒某沒子甘哪一條命
朋友啊 逗陣來搏

煙一根一根一根的點
酒一杯一杯一杯的幹
請你要體諒我
我酒量不好別給我衝康
時間一天一天一天的走
Sweat flows drop by drop
One day we will all be old
帶某子逗陣 浪子回頭

佇坎坷的路騎我兩光摩托車
橫豎我的人生甘哪狗屎
我沒錢沒某沒子甘哪一條命
朋友啊 逗陣來搏

煙一根一根一根的點
酒一杯一杯一杯的幹
請你要體諒我
我酒量不好別給我衝康
時間一天一天一天的走
Sweat flows drop by drop
One day we will all be old
帶某子逗陣

帶某子逗陣
帶某子逗陣 浪子回頭",zh,0.9974961280822754
Crowd Lu,愚人節快樂,3bQeHxH1x4pVUfsRpuLAlH,zh,457,True,"就這樣陪你走著走著
又是幾年過了呢
彷彿時間不怕蹉跎
Beautiful stop
只有這天說著真話
用著玩笑的身分
霸佔朋友的姿態愛著一個人

想說愛你 想要抱你
想你走進我的生活裡
想未來一切可能多美好
原來只是我而已
我喜歡你 最愛是你
我開玩笑的 請別介意
愚人節快樂 快樂地椎心
誰能告訴我為何 我還停在原地

我已經這樣寫一百首
Heartbroken love song
感謝是你給我靈感
給得那麼深刻
如果還有什麼遺憾
可能還不夠資格
寫你寫我卻沒能寫成個我們

想說愛你 想要抱你
想你走進我的生活裡
想未來一切可能多美好
原來只是我而已
我喜歡你 最愛是你
我開玩笑的請別介意
愚人節快樂 快樂地椎心
誰能告訴我為何 我還停在原地

無法愛你 無法抱你
無法讓你聽見我的心
無法克制重複想起那些
失去意義的或許
我喜歡你 最愛是你
我最後也沒走到結局
愚人節快樂 就停在這裡
說不出口的祝福就當我欠你
愚人不快樂 但身不由己
捨不得走的我還在等什麼 奇蹟",zh,0.9814496636390686
Jimin,Be Mine,3LWVXp636uLT356Rj08Jaz,en,1806,True,"Movin', comin', lovin', yeah, yeah, yeah
Movin', comin', lovin', yeah, yeah, yeah
Movin', comin', lovin', yeah, yeah, yeah
Movin', comin', lovin', yeah, yeah, yeah

뜨거운 island
둘만의 party, yeah
I know what you want, and
Baby, I want the same
Love 'til the morning, ah
We just keep fallin', oh
어차피 우린
연결된 DNA

Baby, come, baby, come
Show me what
Show me what love is, yeah, yeah
뜨겁게 뜨겁게 녹여줘
뜨겁게 빨리

Lovers come and go
In and out of my heart
빠져들수록
깊어만 가는걸
영원히 이대로
널 가질 수 있다면
I want you to be mine
I want you to be mine
I want you to be my

Movin', comin', lovin', yeah, yeah, yeah
I want you to be mine
Movin', comin', lovin', yeah, yeah, yeah
I want you to be minе
Movin', comin', lovin', yeah, yeah, yeah
I want you to bе mine
I want you to be mine
I want you to be my

Don't need to worry
Just follow my lead
내가 네 마음에 더 가득 찰 수 있게

Baby come, baby come
Show me what
Show me what love is, yeah, yeah
뜨겁게 뜨겁게 녹여줘
뜨겁게 빨리

Lovers come and go
In and out of my heart
빠져들수록
깊어만 가는걸
영원히 이대로
널 가질 수 있다면
I want you to be mine
I want you to be mine
I want you to be my

Movin', comin', lovin', yeah, yeah, yeah
I want you to be mine
Movin', comin', lovin', yeah, yeah, yeah
I want you to be mine
Movin', comin', lovin', yeah, yeah, yeah
I want you to be mine
I want you to be mine
I want you to be my

달빛 아래 dancing
Take it slow
오직 너와 나 밤새도록
내 맘이 네게 닿을 수 있다면
I want you to be mine
I want you to be mine
I want you to be my

Movin', comin', lovin', yeah, yeah, yeah
I want you to be mine
Movin', comin', lovin', yeah, yeah, yeah
I want you to be mine
Movin', comin', lovin', yeah, yeah, yeah
I want you to be mine
I want you to be mine
I want you to be my

Movin', comin', lovin', yeah, yeah, yeah
Movin', comin', lovin', yeah, yeah, yeah
Movin', comin', lovin', yeah, yeah, yeah
Movin', comin', lovin', yeah, yeah, yeah",en,0.5470895767211914
Fish Leong,慢冷,3NNDJfWMGHuNpvHWTImmlW,zh,445,True,"說完了 好像話都說完了
總是沉默對坐著
眼裡是濃濃夜色
感情是偏執的 越愛越是偏執的
Don't believe what I saw
硬要說裂縫不過 是皺褶

怎麼先熾熱的卻先變冷了
慢熱的卻停不了還在沸騰著
看時光任性快跑隨意就轉折
慢冷的人啊 會自我折磨
衝動的人向來聽不見挽留
這世界大得讓你很難不旅遊
浪漫讓你溫柔 也讓你最惹人 淚流

牽你手 若無其事牽你手
你像被動的木偶
多狠多讓人厭惡 的劇透

怎麼先熾熱的卻先變冷了
慢熱的卻停不了還在沸騰著
看時光任性快跑隨意就轉折
慢冷的人啊 會自我折磨
衝動的人向來聽不見挽留
這世界大得讓你很難不旅遊
浪漫讓你溫柔 也讓你最惹人 淚流

愛從不敵 性格 不死心最痛
奈何 我總是記得開始 被猛烈 愛的悸動

怎麼先熾熱的卻先變冷了
慢熱的卻停不了還在沸騰著
看時光任性快跑隨意就轉折
慢冷的人啊 會自我折磨
衝動的人向來聽不見挽留
這世界大得讓你很難不旅遊
浪漫讓你溫柔 也讓你最惹人 淚流",zh,0.991753101348877
David Tao,"愛, 很簡單",3OXHwY8gI2QUh0QliXBwrI,zh,841,True,"Woah-woah, woah-woah-woah
Woah-woah, woah-woah-woah
This is a stupid pop song 我想唱給你聽
就像開始 寫歌的自己
只為了感動你
Oh 不管這些 有沒有共鳴
都是我的誠意
Woah-woah, this is my stupid pop song
有故事藏在歌裡
This is a stupid pop song It's not easy to empty yourself Yeah
The world still needs some sincerity
所以我在這裡 Yeah
旋律簡單 歌詞別太難
愛很簡單 真的那麼難？
This is my stupid pop song I hope it becomes popular

Y'ya, Y'ya, Y'ya, Y'ya, Y'ya, wanna write that stupid pop song
Oh yeah
Y'ya, Y'ya, Y'ya, Y'ya, Y'ya, wanna write that stupid pop song
Oh yeah

你真的以為你是 OG？
就算你有幾百萬的關注點擊
可是 再過一年你就被代替
所以現在不要那麼快的就得意
只看數據 沒有影響力
音樂沒有靈魂怎麼流傳下去
What's going on?
世界都瘋狂
怎麼大家都不關心？

Y'ya, Y'ya, Y'ya, Y'ya, Y'ya, wanna write that stupid pop song
Oh yeah
Y'ya, Y'ya, Y'ya, Y'ya, Y'ya, wanna write that stupid pop song
Oh yeah

沒有人會知道 我心裡面的痛苦
我想讓你知道 我也有這些痛苦

This is my stupid pop song 想證明我可以
被你分享 或被你攻擊
音樂沒了順序 世界沒了邏輯 Yeah
這首歌行不行？
你是不是還想聽？",en,0.486779123544693
"Jay Chou, Lara Liang",珊瑚海,3Qj9Fy8BPbWmICTiNkuqB7,vi,1551,False,"Hǎi píngmiàn yuǎnfāng kāishǐ yīnmái
Bēishāng yào zěnme píngjìng chungbái
Wǒ de liǎn slanh shǐzhōng xié long
Yīmǒ qiǎn qiǎn de wúnài
Nǐ yọn chuan yǔ shuō nǐ yào linhkāi (xīn chuazài)
Na nánguò wúshēng mienle xiàlái
Xiōngyǒng chôshuǐ nǐ tīng miengbái
Bùshì village ér shì lèi hǎi

Zhuǎnshēn tuykāi nǐ yǒu huàshuō bu chūlái (fēnshǒu shuō bu chūlái)
Hǎiniǎo gēn yú xiāng'ài
Zhǐshì yīchǎng yìwài
Wǒmen de ài (gěi de ài)
Chāyì yīzhí Cúnzài (huí the steering wheel)
Fēng zhōng tham'āi děngdài jìng lěijī thamg shānghài (jìng lěijī thamg shānghài)
Zhuǎnshēn linhkāi
Fēnshǒu shuō bu chūlái
Wèilán de shānhú hǎi
Cuòguò shùnjiān cāngbái
Dāngchū bǐcǐ (nǐ wǒ dōu)
Bùgòu thamgshú tǎnbái (bù yìng gai)
Rèqíng bo zài (nǐ de)xiàoróng miǎnqiáng compu steering
Ai shēn roof shānhú hǎi

Huǐhuài de shādiāo quickly drive
Yǒu lièhén de ài zěnme zhọng giang
Zhǐshì yīqiè jiéshù tai kuài
Nǐ shuō nǐ wúfǎ shìhuái
Bèiké lǐ yǐncáng shénme qídài (děng huā er kāi)
Wǒmen yě yǐjīng wúxīn zài cāi
Liǎn slanhhǎifēng (miànxiáng hǎi fēng)
Xián xián de ài (xián xián de ài)
The shaman picked yǒu wèilái

Zhuǎnshēn tuykāi nǐ yǒu huàshuō bu chūlái (fēnshǒu shuō bu chūlái)
Hǎiniǎo gēn yú xiāng'ài
Zhǐshì yīchǎng yìwài
Wǒmen de ài (gěi de ài)
Chāyì yīzhí Cúnzài (huí the steering wheel)
Fēng zhōng tham'āi děngdài jìng lěijī thamg shānghài (jìng lěijī thamg shānghài)
Zhuǎnshēn linhkāi
Fēnshǒu shuō bu chūlái
Wèilán de shānhú hǎi
Cuòguò shùnjiān cāngbái
Dāngchū bǐcǐ (nǐ wǒ dōu)
Bùgòu thamgshú tǎnbái (bù yìng gai)
Rèqíng bo zài (nǐ de)xiàoróng miǎnqiáng compu steering
Ai shēn roof shānhú hǎi",en,0.11081673204898834
艾薇 Ivy,失重前幸福,3SJgTyb8a7z66suw0kBZ0T,zh,261,True,"記得被你拋得有多高
信任你的環抱
在我華麗翻轉後炫耀 yeah
不料我們偏差了分毫
你沒把我接牢
跌落在計畫外了 糟糕 ooh
誰的幻想 完美的飛翔
就像練習相愛的時光
我重重墜下 才知道多傻
我們都會故障
時間 差一點 剛好 慢一點 不妙
美麗的失誤
傷了你 傷了我
才學會彼此呵護 ooh~
愛情 缺一步 恰巧 多一步 到老
好比這領悟
讓我們把握失重前幸福
自由落體撞擊的力道
我們沒計算好
眼看著目標上下顛倒 ooh
你宣告 不管疤痕 我永遠是最美的
我們找回了重心與平衡",zh,0.9979075789451599
CHANMINA,Angel,3vXHM9HaxNYrky9r1zxLWa,en,1703,True,"Ah, la-la-la-la-la, la

Mada sabishii no wa kimi no sei demo nai yo
Dareka wo omoi uta wo utau yoru

You said you're the one
Demo zutto dokoka ochitsukanai
Kono mama da to anata wa watashi wo koishi garudeshou

(Namida yo odore)
Aa anata to no yoru wa atatakai
Demo imada ni kokoro wa hiemasu ne
(Tomo ni odore)
Hora kono mama futari chi ga tsunagaru
Hodo kokoro wo komete ai wo shimashou
(Namida yo odore)

Anata wa mada wakattenai
Sabishi sou ni mieru to itsumo iu dake de
Do you wanna marry me?
Yes tomo chigau desho
Nani ga shitai no yo
Kako no tsumi wo nozoki ni
Nani ga zen'aku mo nai yo
Mou saigo made ikou yo
Look at me, look at me, look at me

You said sukoshi dake ochitsuite
Kizu wo tsuketakunai to dakishimeru
Imada ni watashi wo yoku shiranai mitai ne

(Namida yo odore)
Aa anata to no yoru wa atatakai
Demo imada ni kokoro wa hiemasu ne
(Tomo ni odore)
Hora kono mama futari chi ga tsunagaru
Hodo kokoro wo komete ai wo shimashou
(Namida yo odore)

Angel mitai ni tobi mawaru no
Akuma mitai ni shigami tsuitе
(Tomo ni odore)
Angel mitai ni tobi mawaru no
Futari ga shinu made shinu madе
(Namida yo odore)

Look at my wings yabureteru no
Anata ga shite kita subete no koto tachi ga ima
Watashi wo okutta mitai da ne
Nee DAARIN naite misete
Zen mo aku mo touzen
Mukui wo ukerunda yo
Watashi wa kesenai yo, hm-hm-hm

(Namida yo odore)
Aa anata no namida wo wasuremasen
Mada watashi no kokoro wa arimasu ka?
(Tomo ni odore)
Mou dore hodo oroka to iwarete mo
Mata ame no yoru ni wa oide kudasai
(Namida yo odore)

Angel mitai ni tobimawaru no
Akuma mitai ni shigami tsuite
(Tomo ni odore)
Angel mitai ni tobi mawaru no
Watashi ga shinu made damashite odoru no
(Namida yo odore)

Namida yo odore",en,0.26154693961143494
Yorushika,ただ君に晴れ,3wJHCry960drNlAUGrJLmz,eo,1129,False,"Yoru ni ukande ita
Kurage no you na tsuki ga hazeta
Basutei no se wo nozokeba
Ano natsu no kimi ga atama let's go

That's right

Torii kawaita kumo natsu no nioi ga hoho wo naderu
Otona ni naru made hora, senobi shita mama de
Asobi tsukaretara basutei ura de sora demo miyou
Jiki ni natsu ga kurete mo
Kitto kitto oboeteru dear

Oitsukenai mama otona ni natte
Kimi no poketto ni yoru ga saku
Kuchi ni dasenainara boku wa hitori da
Sore de ii kara mou akirameteru

That's right

Natsubi kawaita kumo yusura ume sabita hyoushiki
Kioku no naka wa itsu mo natsu no nioi ga suru
Shashin nante kamikire da
Omoide nante tada no gomi da
Sore ga wakaranai dear, kuchi wo tsugunda mama
Taezu kimi no iko fu kioku ni natsuno no ishi hitotsu

Utsumuita mama otona ni natte
Oitsukenai tada kimi ni haire
Kuchi ni dasenai mama saka wo nobotta
Bokura no kage ni yoru ga saite iku

Utsumuita mama otona ni natta
Kimi ga omou mama te wo tatake
Hi no ochiru sakamichi wo nobotte
Bokura no kage wa

Ah-ah oitsukenai mama otona ni natte
Kimi no poketto ni yoru ga saku
Kuchi ni dasenakute mo bokura hitotsu da
Sore de ii daro, mou
Kimi no omoide wo kamishimeteru

That's right",en,0.15993957221508026
Crowd Lu,一夜一夜一夜,3wofqqt5YJWdhLI9IFaX39,zh,484,True,"不關燈就不怕天黑
不看訊息就不怕失眠
再夜長夢多都是思念作祟
不聽歌就不會流淚
那些平常不聽的歌曲
為何每一句都像是我和你

你是我的誰
你不是我的誰
我只能這樣地以為

I'm night after night
一夜一夜沒闔眼
嘴邊說好想要忘掉的一切
在夜深人靜只會變得更明顯
Me too
也也會心碎
陽光慢慢透進漆黑的房間
在還沒天亮之前 請你不要對我說再見

你是我的誰
你不是我的誰
又怎麼能 在我的心口不停地徘徊
你是我的誰
你不是我的誰
我只能這樣地以為

I'm night after night
一夜一夜沒闔眼
嘴邊說好想要忘掉的一切
在夜深人靜只會變得更明顯
Me too
也也會心碎
陽光慢慢透進漆黑的房間
在還沒天亮之前 請你不要對我說再見

在無邊星球漫漫長夜盡頭
我們曾一起面對

night after night
一夜一夜沒闔眼 (一夜一夜沒闔眼)
Me too
也也會心碎
I'm night after night
一夜一夜沒闔眼 (一夜一夜沒闔眼)
陽光慢慢透進漆黑的房間
在還沒天亮之前 請你不要對我說再見

不關燈就不怕天黑
不聽歌就不會流淚",zh,0.9997168183326721
Stefanie Sun,遇見,3xJK8ywApYVEYIDhymYMC6,zh,322,True,"聽見 冬天 的離開
我在某年某月醒過來
I think, I wait, I look forward to it
未來卻不能因此安排
陰天 傍晚 車窗外
未來有一個人在等待
Look left, right, forward
愛要拐幾個彎才來

我遇見誰 會有怎樣的對白
我等的人 他在多遠的未來
我聽見風 來自地鐵和人海
我排著隊 拿著愛的號碼牌

陰天 傍晚 車窗外
未來有一個人在等待
Look left, right, forward
愛要拐幾個彎才來

我遇見誰 會有怎樣的對白
我等的人 他在多遠的未來
我聽見風 來自地鐵和人海
我排著隊 拿著愛的號碼牌


我往前飛 飛過一片時間海
我們也曾 在愛情裡受傷害
我看著路 夢的入口有點窄
我遇見你 是最美麗的意外

總有一天 我的謎底會揭開",zh,0.9992967247962952
"Ryan Castro, Dongo",SANKA,46ufabZP6oK3ixmN6Gd753,es,2094,False,"Awo, awo
Hopi sende nos ta sua, lag'i hode
Complete, kandela (Mommy)
Brr
Ah, yeah (Hey, me, gangsta)

Mommy, hopi dushi bo sanka, sanka, sanka, sanka, sanka, sanka
Your ass is big, jump, jump, jump, jump, jump
Mommy, hopi dushi bo sanka, sanka, sanka, sanka, sanka, sanka
Your ass is big, jump, jump, jump, jump (Jump; yeah)

This was done for the party, for the boats, for the street
The partners, the women, everyone to dance, awo (Yeah)
Take out the motors, light the fire, ask for all the bottles, which we came here to spend today.
You have a giant ass, mommy, twerk when I sing
You are with the rude boys and with the gangster
Natural and with an implant, but let everything be big
You are of legal age, you are already grown up

Oh no, when that baby looked at me, I liked it
I have a feeling that he likes me too
I know their bad intentions are for pleasure
I fell for her, I stole her and we ended up together

Mommy, hopi dushi bo sanka, sanka, sanka, sanka, sanka, sanka
Your ass is big, jump, jump, jump, jump, jump
Mommy, hopi dushi bo sanka, sanka, sanka, sanka, sanka, sanka
Your ass is big, jump, jump, jump, jump (Eh-eh)

Sanka tami zwakke punt, I like nan 40 Plus (Mmm)
Dju blup den su olepup
A peiki bon bala, bon bala, kanyon
My dear milf, biña more bieu more bon
Muchu sanka te su pia a bira
Muhe ta koñ’i mama vooral esnan ku djente splits
Si e bisti parachute, e koi ta stail un dentel pe
Ami yes ta hinka lenga aden

Oh no, when that baby looked at me, I liked it
I have a feeling that he likes me too
I know their bad intentions are for pleasure
I fell for her, I stole her and we ended up together

Mommy, hopi dushi bo sanka, sanka, sanka, sanka, sanka, sanka
Your ass is big, jump, jump, jump, jump, jump
Mommy, hopi dushi bo sanka, sanka, sanka, sanka, sanka, sanka
Your ass is big, jump, jump, jump, jump

Rage rage, tey us
Spanish, papiamentu, bo sa tog?
Ryan Castro, Dongolicious
Awo (Yo, Gangsta)
Aha
Jump, jump, jump, jump
Your ass is big, jump, jump, jump, jump",en,0.34303954243659973
sakanaction,新宝島,4a48lWUd64bZgHUDx0GZlj,it,731,False,"Tsugi to I'm tsugi to
They are tsugi to sen or hikitsuzuketa
Tsugi no mokutekichi o
Mokutekichi or egakunda
Takarajima

Kono mama kimi or tsureteyuku to
Teinei, teinei, teinei ni egaku to
Yuretari furuetari shita sen de
Teinei, teinei, teinei ni egaku to
Kimeteita yo

Tsugi mo I'm tsugi mo
I am tsugi mo mada mokutekichi janai
Yume no keshiki o
Keshiki or sagasunda
Takarajima

Kono mama kimi o tsureteiku to
Teinei, teinei, teinei ni utau to
Yuretari furuetari shitatte
Teinei, teinei, teinei ni utau to
Kimeteta kedo


Kono mama kimi o tsureteyuku yo
Teinei, teinei, teinei ni egaku yo
Yuretari furuetari shitatte
Teinei, teinei, teinei ni utau yo

Soredemo kimi o tsureteyuku yo
Yuretari furuetari shita sen de
Egaku yo
Kimi no uta o",en,0.47838515043258667
Andrew Tan,天后,4D0KlK4Fl8lotvsoys1bYQ,zh,557,True,"終於找到藉口
Taking advantage of drunkenness
表達我所有感受
寂寞漸濃
Silence remains in the corner of the dance floor
你說的太少或太多
都會讓人更惶恐

誰任由誰放縱
誰會先讓出自由
最後一定總是我
雙腳懸空
在你冷酷熱情間遊走
被侵佔所有還要笑着接受（接受）

我嫉妒你的愛 氣勢如虹（氣勢如虹）
像個人氣高居不下的天後（天後）
It's not me you want
而是一種虛榮
有人疼才顯得多麼出眾（才顯得多麼出眾）
我陷入盲目狂戀的寬容（狂戀寬容）
成全了你萬眾寵愛的天後（天後）
若愛只剩誘惑
Just endure each other
別再互相折磨（再互相折磨）
因為我們都有錯

推開蒼白的手
推開蒼白的廝守
管你有多麼失措
別再叫我
心軟是最致命的脆弱
我明明都懂卻仍拚死效忠

我嫉妒你的愛 氣勢如虹（氣勢如虹）
像個人氣高居不下的天後（天後）
你要的不是我 而是一種虛榮
有人疼才顯得多麼出眾（才顯得多麼出眾）
我陷入盲目狂戀的寬容（狂戀寬容）
成全了你萬眾寵愛的天後（天後）
若愛只剩誘惑
Just endure each other
別再互相折磨（別再互相折磨）
因為我們都有錯


如果有一天愛不再迷惑
足夠去看清所有是非對錯
直到那個時候
you are in my heart
將不再被歌頌（將不再）
把你當作天後（當天後）
不會再是我",zh,0.959089994430542
Cheer Chen,太聰明,4DCB1S7G6SmH9qlDpEVIzP,zh,427,True,"總以為謎一般難懂的我
在你瞭解了以後 其實也沒什麼
我總是忽冷又忽熱 隱藏我的感受
只是怕愛你的心被你看透
猜的沒錯 想得太多 不會有結果
被你看穿了以後 我更無處可躲
我開始後悔不應該太聰明的賣弄
只是怕親手將我的真心葬送

我猜著你的心
要再一次確定
遙遠的距離 都是因為太過聰明
要猜著你的心
要再一次確定
混亂的思緒 都是因為太想靠近你

猜的沒錯 想得太多 不會有結果
被你看穿了以後 我更無處可躲
我開始後悔不應該太聰明的賣弄
只是怕親手將我的真心葬送

我猜著你的心
要再一次確定
遙遠的距離 都是因為太過聰明
要猜著你的心
要再一次確定
混亂的思緒 都是因為太想靠近你

猜的沒錯 想得太多 不會有結果
被你看穿了以後 我更無處可躲
我開始後悔不應該太聰明的賣弄
只是怕親手將我的真心葬送
只是怕親手將我的真心葬送
我開始後悔不應該太聰明的賣弄
只是怕親手將我的真心葬送",zh,0.9989169239997864
sodagreen,小情歌,4FhJ7YSRxATHnaRg4nGs6t,zh,517,True,"這是一首簡單的小情歌
唱著人們心腸的曲折
我想我很快樂 當有你的溫熱
腳邊的空氣轉了
這是一首簡單的小情歌
唱著我們心頭的白鴿
我想我很適合 當一個歌頌者
青春在風中飄著

你知道 就算大雨讓整座城市顛倒
我會給你懷抱
受不了 看見你背影來到
寫下我 度秒如年難捱的離騷
就算整個世界被寂寞綁票
我也不會奔跑
逃不了 最後誰也都蒼老
寫下我 時間和琴聲交錯的城堡

Yes-yes-yes-yes-yes-yes-yes
Yes-yes-yes-yes-yes-yes

這是一首簡單的小情歌
唱著我們心頭的白鴿
我想我很適合 當一個歌頌者
青春在風中飄著

你知道 就算大雨讓整座城市顛倒
我會給你懷抱
受不了 看見你背影來到
寫下我 度秒如年難捱的離騷
就算整個世界被寂寞綁票
我也不會奔跑
逃不了 最後誰也都蒼老
寫下我 時間和琴聲交錯的城堡
你知道 就算大雨讓整座城市顛倒
我會給你懷抱
受不了 看見你背影來到
寫下我 度秒如年難捱的離騷
就算整個世界被寂寞綁票
我也不會奔跑
最後誰也都蒼老
寫下我 時間和琴聲交錯 的城堡

Mm-mm
Mm-mm
Mm-mm",zh,0.9952802062034607
Remioromen,Sangatsu Kokonoka,4g066xFUp3cTUuTfOCPytT,en,1121,False,"Nagareru kisetsu no mannaka de
Futo hi no nagasa wo kanjimasu
Sewashiku sugiru hibi no naka ni
Watashi to anata de yume wo egaku
Sangatsu no kaze ni omoi wo nosete
Sakura no tsubomi wa haru e to tsuzukimasu
Afuredasu hikari no tsubu ga
Sukoshi zutsu asa wo atatamemasu
Ookina akubi wo shita ato ni
Sukoshi tereteru anata no yoko de
Arata na sekai no iriguchi ni tachi
Kizuita koto wa hitori ja naitte koto
Hitomi wo tojireba anata ga
Mabuta no ura ni iru koto de
Dore hodo tsuyoku nareta deshou
Anata ni totte watashi mo sou de aritai
Sunabokori hakobu tsumujikaze
Sentakumono ni karamarimasu ga
Hirumae no sora no shiroi tsuki wa
Nandaka kirei de mitoremashita
Umaku wa ikanu koto mo aru keredo
Ten wo aogeba sore sae chiisakute
Aoi sora wa rin to sunde
Hitsujigumo wa shizuka ni yureru
Hanasaku wo matsu yorokobi wo
Wakachiaeru no de areba sore wa shiawase
Kono saki mo tonari de sotto hohoende
Hitomi wo tojireba anata ga
Mabuta no ura ni iru koto de
Dore hodo tsuyoku nareta deshou
Anata ni totte watashi mo sou de aritai
La la la la
La la la la la
La la la la
La la la la la
La la la la
La la la la la la la
La la la",en,0.14314089715480804
"郭家瑋, DIOR 大穎",過了幾天(合唱版),4GEWZ1vDFVkmhG55zpKFLO,pam,1146,False,"Fēng ya qīng qīng chuī
Wǒ ya jǐn jǐn zhuī
Yǔ xià yì zhěng yè
Zhè yọu guò le jǐ tien

Wǒ shì nǐ de shuí
Wǒ yě jué de lèi
Seamless wèi she me ya
Wèi she me ya
Wǒ yòu comp duàn subside huí

Wǒ pick shì phang bu xià nǐ
Long zhe qíng ruff
Jiù suàn wǒ zài yě méi yǒu nǐ de xiāo xī
Kàn chǎng diàn yǐng
Wǒ zài zhè lǐ
Na xiē qíng huà bo shì shuō gěi wǒ tīng

Wǒ pick shì phang bu xià nǐ
Binh comp kě xī
Qí shí wǒ yě bo huì tai miǎn qiǎng zì jǐ
Fān zhe xon xī
Bi slanh yǎn jīng
Zǎo ān
Ng… ji ruff

Wǒ shì nǐ de shuí
Wǒ yě jué de lèi
Seamless wèi she me ya
Wèi she me ya
Wǒ yòu comp duàn subside huí

Wǒ pick shì phang bu xià nǐ
Long zhe qíng ruff
Jiù suàn wǒ zài yě méi yǒu nǐ de xiāo xī
Kàn chǎng diàn yǐng
Wǒ zài zhè lǐ
Na xiē qíng huà bo shì shuō gěi wǒ tīng

Rú guǒ wǒ zuì hueu yě zhǐ nhieng zhè yáng
Na zuì hou jiù clearly wǒ zhǐ nhieng zhè yáng
Kě shì wǒ pick shì
Bang bu xià nǐ ya
Biàn tǐ linh shāng ba

Wǒ pick shì phang bu xià nǐ
Qī piàn zì jǐ
Jiù dāng zuò nà nián wǒ men picking zài yī qǐ
Wǒ zài zhè lǐ
The guy is like this
Nǐ shuō compression compeng xiě gē casino gěi nǐ

Wǒ pick shì phang bu xià nǐ
Zhēn de kě xī
Wǒ zài yě wú compression wéi mien jì ruff ài nǐ
Shān uncle xon xī
Bi slanh yǎn jīng
Wǎn ān
Wǒ de céng jīng",lmo,0.11567889153957367
Jay Chou,說好的幸福呢,4OoExItZJ0jePoCZDbHx4t,zh,585,True,"你的回話凌亂著 在這個時刻
我想起噴泉旁的白鴿 甜蜜散落了
情緒莫名的拉扯 我還愛你呢
而你斷斷續續唱著歌 假裝沒事了

時間過了 走了 愛情面臨選擇
You are cold, tired and I cry
離開時的不快樂 你用卡片手寫著
有些愛只給這 真的痛了

怎麼了 你累了 說好的 幸福呢
我懂了 不說了 愛淡了 夢遠了
開心與不開心一一細數著你在不捨
那些愛過的感覺都太深刻 我都還記得
你不等了 說好的 幸福呢
我錯了 淚乾了 放手了 後悔了
只是回憶的音樂盒還旋轉著 要怎麼停呢

你的回話凌亂著 在這個時刻
我想起噴泉旁的白鴿 甜蜜散落了
情緒莫名的拉扯 我還愛你呢
而你斷斷續續唱著歌 假裝沒事了

時間過了 走了 愛情面臨選擇
You are cold, tired and I cry
離開時的不快樂 你用卡片手寫著
有些愛只給到這真的痛了

怎麼了 你累了 說好的 幸福呢
我懂了 不說了 愛淡了 夢遠了
開心與不開心一一細數著你在不捨
那些愛過的感覺都太深刻 我都還記得
你不等了 說好的幸福呢
我錯了 淚乾了 放手了 後悔了
只是回憶的音樂盒還旋轉著 要怎麼停呢

怎麼了 你累了 說好的 幸福呢
我懂了 不說了 愛淡了 夢遠了 我都還記得
你不等了 說好的幸福呢
我錯了 淚乾了 放手了 後悔了
只是回憶的音樂盒還旋轉著 要怎麼停呢",zh,0.9943084716796875
"Rauw Alejandro, Chencho Corleone",El Efecto,4SJHHpKhcuXwDsCsPqshXj,es,2351,False,"Uh-yeah-yeah-yeah (Uh-yeah-yeah-yeah)
Uh-yeah-yeah (Uh-yeah-yeah)
Uh-yeah-yeah-yeah (Uh-yeah-yeah-yeah)
(Who knows if tomorrow I won't see you again?)
(Let's forget what's right)
(I want to behave badly, I'll let you know)
(The note already had an effect on me)

Why do you dance for me as if we were in bed?
How rich you must feel naked, with nothing
Tell me when we are going to leave, because time is not running out
You already have to decide if you come or leave it for later.

Baby, today I really put myself out there for you
Because that's how, freaky, you danced for me
Moving, twerking, from behind I saw your g string
I'm sorry if I got cold seeing you like this
The meeting between you and me became erotic
Forget if it's right and live the moment
If for me, mommy, you allow me to flow
You will see how easily I take you to ecstasy
There's almost no time left for them to close this here
And let's do it, horny, what are we doing here?

Why do you dance to me as if we were in bed?
How rich you must feel naked, with nothing
Tell me when we are going to leave, because time is not running out
You already have to decide if you come or leave it for later.

Nobody is looking, and you can't see it either, there is little light
My mind thinking, wanting to know how you see yourself in bed
If I knew what this effect makes me do (Do)
Experiment with you various' pose' (Pose')
You still don't know me
Like Calderón, this is so you can enjoy it

I knew this would happen
That you would end up waking up in my bed
After tonight, everything is forgotten
And if you want another day, call me at any time
I knew this would happen
That you would end up waking up in my bed (-ma, yeah)
After tonight, everything is forgotten
And if you want another day, you can call me at any time (-more, yeah)

Why do you dance for me as if we were in bed?
How rich you must feel naked, with nothing
Tell me when we are going to leave, because time is not running out
You already have to decide if you come or leave it for later.

Who knows if I won't see you again tomorrow?
Let's forget what's right
I want to behave badly, I'll let you know
The note already had an effect on me (Yah!)
Ra-Rauw, hey
Ra-Rauw Alejandro
Chencho, Chencho
Chencho Corleone, baby
Tell me, Nigel, hey
With Naisgai (Tun-tun-tun-tun-tun-tun-tun), hey
Duran The Coach
Duars Entertainment
With the Sensei
Tell me, Colla, hey
Pina Records (Yah!)",en,0.6021523475646973
"Patrick Brasca, mac ova seas",左轉燈 (1000 Times+1),4UwZyC0wEV6XDEAr9kaQhi,zh,713,True,"回憶 降落沒訊號的地方
心入境 在空無一人的機場
留下的謊話 就寫成小說 好嗎
筆下的我是什麼模樣
Don't want to pull
身體卻誠實 手還拉著
成為了自己曾經最討厭的那種人

說都說了一千遍 別再見面
卻止不住想念 一再重演
你偷走我習慣的世界怎麼還
算了 我送你我回憶裡的一半
錯都錯了一千遍 就再加一遍
按理說平行線 不應該有交點
在路口打著向左邊轉彎的燈
向右轉

Yeah-yeah, yeah
酒是個壞東西
它操控我拿起了我的手機
左手點開對話框 右手扶到樓梯
今天碰到那個女娃兒很像你
The jersey he also wore
要不要給你發消息
這個想法在我腦殼翻來覆去
太久沒聯繫 現在我不曉得你的坐標
刪除了電話號碼 我不曉得現在是多少
我忘記好多天 像掉進一個圈
I miss you a thousand times
A thousand times plus one
我打的左轉彎的燈 但我在往右轉
愛情是丘比特 他的反面哪個在管
我忘記好多天 像掉進一個圈
I miss you a thousand times
A thousand times plus one

都說了一千遍 別再見面
卻止不住想念 一再重演
你偷走我習慣的世界怎麼還
算了 我送你我回憶裡的一半
錯都錯了一千遍 就再加一遍
按理說平行線 不應該有交點
在路口打著向左邊轉彎的燈
向右轉

Woah-oh-oh
都說了一千遍 都說了一千遍
錯都錯了一千遍 就再加一遍
按理說平行線 不應該有交點
在路口打著向左邊轉彎的燈
向右轉

在路口打著向左邊轉彎的燈
向右轉",zh,0.9992029070854187
"ROSÉ, Bruno Mars",APT.,4wJ5Qq0jBN4ajy7ouZIV1c,en,2063,True,"Chaeyoung-iga joahaneun
Random game
Random game
Game start

Apateu, apateu
Apateu, apateu
Apateu, apateu
Uh, uh-huh, uh-huh
Apateu, apateu
Apateu, apateu
Apateu, apateu
Uh, uh-huh, uh-huh

Kissy face, kissy face
Sent to your phone, but
I'm tryna kiss your lips for real (Uh-huh, uh-huh)
Red hearts, red hearts
That's what I'm on, yeah
Come give me somethin' I can feel, oh-oh, oh

Don't you want me like I want you, baby?
Don't you need me like I need you now?
Sleep tomorrow, but tonight, go crazy
All you gotta do is just meet me at the

Apateu, apateu
Apateu, apateu
Apateu, apatеu
Uh, uh-huh, uh-huh
Apateu, apateu
Apateu, apatеu
Apateu, apateu
Uh, uh-huh, uh-huh

It's whatever (Whatever), it's whatever (Whatever)
It's whatever (Whatever) you like (Woo)
Turn this apateu into a club (Uh-huh, uh-huh)
I'm talkin' drink, dance, smoke, freak, party all night (Come on)
Geonbae, geonbae, girl, what's up? Oh-oh, oh

Don't you want me like I want you, baby?
Don't you need me like I need you now?
Sleep tomorrow, but tonight, go crazy
All you gotta do is just meet me at the

Apateu, apateu
Apateu, apateu
Apateu, apateu
Uh, uh-huh, uh-huh
Apateu, apateu
Apateu, apateu
Apateu, apateu
Uh, uh-huh, uh-huh

Hey, so now you know the game
Are you ready?
'Cause I'm comin' to get ya, get ya, get ya
Hold on, hold on
I'm on my way
Yeah, yeah, yeah-yeah, yeah
I'm on my way
Hold on, hold on
I'm on my way
Yeah, yeah, yeah-yeah, yeah
I'm on my way

Don't you want me like I want you, baby?
Don't you need me like I need you now?
Sleep tomorrow, but tonight, go crazy
All you gotta do is just meet me at the
[Chorus: ROSÉ, 
Bruno Mars
, 
 ROSÉ & Bruno Mars
]
Apateu, apateu
Apateu, apateu
Apateu, apateu
Just meet me at the (Uh, uh-huh, uh-huh)
Apateu, apateu
Apateu, apateu
Apateu, apateu
Just meet me at the (Uh, uh-huh, uh-huh)
Apateu, apateu
Apateu, apateu
Apateu, apateu
Just meet me at the (Uh, uh-huh, uh-huh)
Apateu, apateu
Apateu, apateu
Apateu, apateu
Uh, uh-huh, uh-huh",en,0.5176856517791748
JOLIN,倒帶,4XipvtwRgtUrGb2j2l0wNG,zh,500,True,"我受夠了等待 你所謂的安排
說的未來到底多久才來
總是要來不及 才知道我可愛
我想依賴而你卻都不在

應該開心的地帶
你給的全是空白
一個人假日發呆 找不到人陪我看海
我在幸福的門外
卻一直都進不來
你累積給的傷害 我是真的很難釋懷

終於看開愛回不來
而你總是太晚明白
最後才把話說開
哭著求我留下來
終於看開愛回不來
我們面前太多阻礙
你的手卻放不開
寧願沒出息 求我別離開

你總是要我乖 慢慢計畫將來
我的眼淚卻一直掉下來
過去怎麼交代 你該給的信賴
被你親手緩緩推入懸崖

從我臉上的蒼白
看到記憶慢下來
過去甜蜜在倒帶 只是感覺已經不在
而我對你的期待
被你一次次摔壞
已經碎成太多塊 要怎麼拼湊跟重來

終於看開愛回不來
而你總是太晚明白
最後才把話說開
哭著求我留下來
終於看開愛回不來
我們面前太多阻礙
你的手卻放不開
寧願沒出息 求我別離開
終於看開愛回不來
而你總是太晚明白
最後才把話說開
哭著求我留下來
終於看開愛回不來
我們面前太多阻礙
你的手卻放不開
寧願沒出息 求我別離開",zh,0.9961984753608704
EggPlantEgg,閣愛妳一擺,4Zwn8WxD61diTwqv9hyTQA,zh,592,True,"過了盈暗 欲和別人結婚
聽講妳已經有 別人的子孫
結果嘛是行到最後一步
著是妳有翁 我猶袂有某
想起彼時 妳是歹甲有賰
拄著我是 妳好命的天份
結果嘛是行到最後一步
著是越頭走 莫閣再耽誤

毋知妳是佇佗位
我想欲 聽妳溫柔的聲音 (Oh)
以後我會當做毋捌妳
無咱的過去

若是彼工 是我來牽起妳的手
著毋是這馬 是伊來完成妳的要求
若是彼工 是我對愛情無相讓
妳敢會轉來 做伙的所在
我愛妳無問題 問題是妳毋是我的
我有影毋知好歹 閣想欲愛妳一擺

過了盈暗 欲和別人結婚
聽講妳已經有 別人的子孫
結果嘛是行到最後一步
著是妳有翁 我猶袂有某

毋知妳是佇佗位
我想欲聽妳溫柔的聲音
以後我會當做毋捌妳
無咱的過去

若是彼工 是我來牽起妳的手
著毋是這馬 是伊來完成妳的要求
若是彼工 是我對愛情無相讓
妳敢會轉來 做伙的所在
我愛妳無問題 問題是妳毋是我的
我有影毋知好歹 閣想欲愛妳一擺
若是彼工 是我來牽起妳的手
(著毋是這馬 是伊來完成妳的要求)
若是彼工 是我對愛情無相讓
(妳敢會轉來 做伙的所在)
我愛妳無問題 問題是妳毋是我的
我有影毋知好歹 閣想欲愛妳一擺

閣愛妳一擺 閣愛妳一擺 閣愛妳一擺
閣愛妳一擺 閣愛妳一擺 閣愛妳一擺
閣愛妳一擺 閣愛妳一擺 閣愛妳一擺",zh,0.9885573983192444
Wu Bai,夢醒時分,51fGtLs5vdK2NOumVhMXru,zh,439,True,"你說 你愛了不該愛的人 你的心中滿是傷痕
你說 你犯了不該犯的錯 心中滿是悔恨
你說 你嘗盡了生活的苦 找不到可以相信的人
你說 你感到萬分沮喪 甚至開始懷疑人生

早知道傷心總是難免的 你又何苦一往情深
因為愛情總是難捨難分 何必在意那一點點溫存
要知道傷心總是難免的 在每一個夢醒時分
有些事情你現在不必問 有些人你永遠不必等

你說 你愛了不該愛的人 你的心中滿是傷痕
你說 你犯了不該犯的錯 心中滿是悔恨
你說 你嘗盡了生活的苦 找不到可以相信的人
你說 你感到萬分沮喪 甚至開始懷疑人生

早知道傷心總是難免的 你又何苦一往情深
因為愛情總是難捨難分 何必在意那一點點溫存
要知道傷心總是難免的 在每一個夢醒時分
有些事情你現在不必問 有些人你永遠不必等

早知道傷心總是難免的 你又何苦一往情深
因為愛情總是難捨難分 何必在意那一點點溫存
要知道傷心總是難免的 在每一個夢醒時分
有些事情你現在不必問 有些人你永遠不必等",zh,0.9999686479568481
Rainie Yang,雨愛,553GNiNqcudWfsF55RBDqz,zh,489,True,"窗外的天氣
就像是你多變的表情
It’s raining, the rain accompanies me to cry
I can’t see clearly and I don’t want to see clearly either.

離開你我安靜的抽離
不忍揭曉的劇情
我的淚流在心裡
學會放棄

聽雨的聲音 一滴滴清晰
你的呼吸像雨滴滲入我的愛裡
I really hope it keeps raining
讓想念繼續 讓愛變透明
我愛上給我勇氣的 Rainie love
窗外的雨滴 一滴滴累積
屋內的濕氣像儲存愛你的記憶
I really hope it keeps raining
雨愛的秘密能一直延續
我相信我將 會看到彩虹的美麗

冷冷的空氣
很窒息我無法呼吸
一萬顆雨滴的距離
很徹底 讓愛消失無息

離開你我安靜的抽離
不忍揭曉的劇情
我的淚流在心裡
學會放棄

聽雨的聲音 一滴滴清晰
你的呼吸像雨滴滲入我的愛裡
I really hope it keeps raining
讓想念繼續 讓愛變透明
我愛上給我勇氣的 Rainie love
窗外的雨滴 一滴滴累積
屋內的濕氣像儲存愛你的記憶
I really hope it keeps raining
雨愛的秘密能一直延續
我相信我將 會看到彩虹的美麗

屋內的濕氣像儲存愛你的記憶
I really hope it keeps raining
雨愛的秘密能一直延續
我相信我將會看到彩虹的美麗",zh,0.8009116649627686
G.E.M.,多遠都要在一起,55d0jw269HE9pbOt5ntCo8,zh,467,True,"想聽你聽過的音樂 想看你看過的小說
我想收集每一刻  我想看到你眼裡的世界
想到你到過的地方  和你曾渡過的時光
不想錯過每一刻 多希望我一直在你身旁
未來何從何去 你快樂我也就沒關係
對你我最熟悉  你愛自由我卻更愛你
我能習慣遠距離  愛總是身不由己
寧願換個方式至少還能遙遠愛著你
愛能克服遠距離  多遠都要在一起
你已經不再存在我世界裡 請不要離開我的回憶
想你說愛我的語氣 想你望著我的眼睛
不想忘記每一刻 用思念讓我們一直前進
想像你失落的唇印  想像你失約的旅行
想像你離開的一刻 如果我有留下你的勇氣
我能習慣遠距離 愛總是身不由己
寧願換個方式至少還能遙遠愛著你
愛能克服遠距離 多遠都要在一起
我已經不再存在你的心裡 就讓我獨自守著回憶
如果陽光永遠都熾熱 如果彩虹不會掉顏色
你能不能不離開呢
我能習慣遠距離 愛總是身不由己
寧願換個方式至少還能遙遠愛著你
愛能克服遠距離 多遠都要在一起
你已經不再存在我世界裡 請不要離開我的回憶
請不要離開 不要離開 我的回憶",zh,0.999683678150177
"The Kid LAROI, Justin Bieber",STAY (with Justin Bieber),567e29TDzLwZwfDuEpGTwo,en,2176,False,"1. GAYLE - abcdefu (=)
2. Adele - Easy On Me (+3)
3. The Kid LAROI - Stay (with Justin Bieber) (-1)
4. Ed Sheeran - Shivers (-1)
5. Elton John & Dua Lipa - Cold Heart (PNAU Remix) (+5)
6. Glass Animals - Heat Waves (=)
7. Lil Nas X - INDUSTRY BABY (feat. Jack Harlow) (=)
8. CKay - love nwantiti (ah ah ah) (+1)
9. ACRAZE & Cherish - Do It To It (+3)
10. Doja Cat - Woman (+1)
11. SZA - I Hate U (-7)
12. Justin Bieber - Ghost (+2)
13. Post Malone - One Right Now (with The Weeknd) (=)
14. Coldplay & BTS - My Universe (+4)
15. Imagine Dragons - Enemy (with JID) (+4)
16. Juice WRLD - Girl Of My Dreams (with SUGA of BTS) (-8)
17. Bruno Mars, Andersson .Paak & Silk Sonic - Smokin Out The Window (-2)
18. Ed Sheeran - Bad Habits (-1)
19. Jaymes Young - Infinity (+3)
20. Adele - Oh My God (-4)
21. Farruko - Pepas (=)
22. FKA twigs - Tears In The Club (with The Weeknd) (NEW)
23. Doja Cat - Need To Know (+5)
24. Emmy Meli - I AM WOMAN (+6)
25. Lost Frequencies & Calum Scott - Where Are You Now (=)
26. Tiësto & Ava Max - The Motto (NEW)
27. Lil Nas X - THATS WHAT I WANT (=)
28. Kodak Black - Super Gremlin (NEW)
29. NEIKED, Mae Muller & Polo G - Better Days (NEIKED x Mae Muller x Polo G) (-3)
30. Oliver Tree - Life Goes On (+11)
31. Billie Eilish - Happier Than Ever (Edit) (-2)
32. THE ANXIETY, WILLOW & Tyler Cole - Meet Me At Our Spot (+5)
33. Roddy Ricch - 25 million (NEW)
34. LISA - MONEY (-1)
35. Doja Cat - Kiss Me More (feat. SZA) (+5)
36. Juice WRLD - Wandered To LA (with Justin Bieber) (-16)
37. ROSALÍA - LA FAMA (with The Weeknd) (-5)
38. Shawn Mendes - It'll Be Okay (-15)
39. Måneskin - Beggin' (-3)
40. Adele - Can I Get It (-9)
41. Olivia Rodrigo - good 4 u (-3)
42. Lil Nas X - MONTERO (Call Me By Your Name) (+4)
43. BoyWithUke - Toxic (-1)
44. Taylor Swift - All Too Well (10 Minute Version) (Taylor Version) (From The Vault) (-20)
45. Jason Derulo - Acapulco (+2)
46. Amaarae - SAD GIRLZ LUV MONEY Remix (feat. Kali Uchis & Moliy) (-11)
47. Tate McRae - feel like shit (-2)
48. Benson Boone - GHOST TOWN (-5)
49. Summer Walker - No Love (with SZA) (=)
50. Ariana Grande & Kid Cudi - Just Look Up (-6)",en,0.5014061331748962
Morgan Wallen,Whiskey Glasses,57TEkZN3f84tFJFHFrD4pO,en,2758,False,"Poor me, pour me another drink
'Cause I don't wanna feel a thing
No more, hell nah
I just wanna sip 'til the pain wears off
Poor me, pour me another round
Line 'em up and knock 'em down
Two more let's go
'Cause I ain't never hurt like this before

Don't wanna think about her
Or wear a ring without her
Don't wanna hit the karaoke bar
Can't sing without her
So make them drinks strong
'Cause brother she's gone
And if I'm ever gonna move on

I'ma need some whiskey glasses
'Cause I don't wanna see the truth
She's probably making out on the couch right now
With someone new
Yeah, I'ma need some whiskey glasses
If I'm gonna make it through
If I'ma be single
I'ma need a double shot of that heartbreak proof
And see the world through whiskey glasses
(Ain't nothing else to do, but sip around the truth)
And see the world through whiskey glasses
(I need a better view, where I don't drink to you)

Last call
I swear this will be my last call
Now I ain't drunk dialing no more at 3 am
Mr. Bartender hittin' me again

Don't wanna think about her
Or wear a ring without her
Don't wanna hit the karaoke bar
Can't sing without her
So make them drinks strong
'Cause brother she's gone
And if I'm ever gonna move on

I'ma need some whiskey glasses
'Cause I don't wanna see the truth
She's probably making out on the couch right now
With someone new
Yeah, I'ma need some whiskey glasses
If I'm gonna make it through
If I'ma be single
I'ma need a double shot of that heartbreak proof
And see the world through whiskey glasses
(Ain't nothing else to do, but sip around the truth)
Oh, see the world through whiskey glasses
(I need a better view, where I don't drink to you)

Line 'em up, line 'em up, line 'em up, line 'em up
Knock 'em back, knock 'em back, knock 'em back, knock 'em back
Fill 'em up, fill 'em up, fill 'em up, fill 'em up
'Cause if she ain't ever coming back
Line 'em up, line 'em up, line 'em up, line 'em up
Knock 'em back, knock 'em back, knock 'em back, knock 'em back
Fill 'em up, fill 'em up, fill 'em up, fill 'em up
'Cause if she ain't ever coming back

I'ma need some whiskey glasses
'Cause I don't wanna see the truth
She's probably making out on the couch right now
With someone new
Yeah, I'ma need some whiskey glasses
If I'm gonna make it through
If I'ma be single
I'ma need a double shot of that heartbreak proof
And see the world through whiskey glasses
(Ain't nothing else to do, but sip around the truth)
Oh, see the world through whiskey glasses
(I need a better view, where I don't drink to you)
Yeah

(Ain't nothing else to do, but sip around the truth)
And see the world through whiskey glasses
(I need a better view, where I don't drink to you)
Yeah",en,0.634293794631958
Jay Chou,七里香,57w29bSwdIZ6gr6xXOqwc1,zh,509,True,"窗外的麻雀 在電線桿上多嘴
你說這一句 很有夏天的感覺
手中的鉛筆 在紙上來來回回
我用幾行字形容你是我的誰

秋刀魚的滋味 貓跟你都想了解
初戀的香味就這樣被我們尋回
那溫暖的陽光 像剛摘的鮮豔草莓
你說你捨不得吃掉這一種感覺

雨下整夜 我的愛溢出就像雨水
院子落葉 跟我的思念厚厚一疊
幾句是非 也無法將我的熱情冷卻
你出現在我詩的每一頁
雨下整夜 我的愛溢出就像雨水
窗台蝴蝶 像詩裡紛飛的美麗章節
我接著寫 把永遠愛你寫進詩的結尾
You are the only thing I want to know


雨下整夜 我的愛溢出就像雨水
院子落葉 跟我的思念厚厚一疊
幾句是非也無法將我的熱情冷卻
你出現在我詩的每一頁

那飽滿的稻穗 幸福了這個季節
而你的臉頰像田裡熟透的番茄
你突然對我說 七里香的名字很美
我此刻卻只想親吻你倔強的嘴

雨下整夜 我的愛溢出就像雨水
院子落葉 跟我的思念厚厚一疊
幾句是非 也無法將我的熱情冷卻
你出現在我詩的每一頁
整夜 我的愛溢出就像雨水
窗台蝴蝶 像詩裡紛飛的美麗章節
(我接著寫) Oh, 寫 把永遠愛你寫進詩的結尾
You are the only thing I want to know",zh,0.9997973442077637
"高爾宣 OSN, Patrick Brasca",Hold On,580BvW3DyUNoYFgQgoD2GI,zh,1323,True,"So why you gotta hold on to those memories?
讓我們進退兩難
能不能夠一通電話
想打給你把想講的都講完
就算悲傷沖淡了回憶
偶爾還是會想起
So why you gotta hold on to those memories?
Would you let me know what's on your mind?
你的限時動態露出蛛絲馬跡
Wait...
想你的天數不只這點那點
Deep inside
留下的線索 論時間也沖不淡
If you miss me girl, would you tell me so?
'Cause it ain't hard to find
I've been waiting and waiting the whole time
牌都攤在桌上怎麼算
你說的算
So why you gotta hold on to those memories?
讓我們進退兩難
能不能夠一通電話
想打給你把想講的都講完
就算悲傷沖淡了回憶
偶爾還是會想起
So why you gotta hold on to those memories?
Ooh woah woah woah
Those memories
Ooh woah woah woah
Those memories
(I'm up in the sky)
(You're flying a kite)
(Won't let me go)
Yeah
(I'm feeling so small)
但誰猜得到
I also hope to find someone like you
But I'm not Adele
我也希望能裝作不在乎
When you're not around
到底愛你是福還是禍
I would never let you fall
Hold on to that rope tied on my throat
就算握緊彼此是一種失誤
Yeah, you could cut me open, cut me deep
Don't cut me loose
So why you gotta hold on to those memories?
讓我們進退兩難
能不能夠一通電話
想打給你把想講的都講完
就算悲傷沖淡了回憶
偶爾還是會想起
So why you gotta hold on to those memories?
I'm sick at all these time
I am cooperating with you every time
(I am always cooperating with you)
Yeah 都說得很簡單
但說了幾次想要放下你
(但說了幾次想要放下你)
(Yeah) I hate myself 那天在包廂外面抱緊你
(那天在包廂外面抱緊你)
Just tell me why you gotta hold on to those memories?
Ooh woah woah woah
So why you gotta hold on to",zh,0.47028616070747375
Aimyon,君はロックを聴かない,59eluCMn0XbOWqeWQ91FTM,id,1232,False,"Sukoshi samishisou na kimi ni
Konna uta wo kikaseyou
Te wo tataku aizu
Zatsu na sapuraizu
Boku nari no seiippai

Hokori mamire doonatsu ban ni wa
Ano hi no yume ga odoru
Majime ni hari o otosu
Iki wo tome sugita ze
Saa koshi wo oroshite yo

Futsu futsu to naridasu seishun no oto
Kawaita merodi de odorou yo

Kimi wa rokku nanka kikanai to omoi nagara
Sukoshi demo boku ni chikazuite hoshikute
Rokku nanka kikanai to omou keredo mo
Boku wa konna uta de anna uta de
Koi o norikoete kita

Boku no shinzou no BPM wa
Hyaku kyuu juu ni natta zo
Kimi wa kidzuku no kai?
Naze ima waraundai?
Uso mitai ni oyogu me

Dara dara to nagareru seishun no oto
Kawaita merodi wa yamanai ze

Kimi wa rokku nanka kikanai to omoi nagara
Ato sukoshi boku ni chikazuite hoshikute
Rokku nanka kikanai to omou keredo mo
Boku wa konna uta de anna uta de
Koi ni kogarete kita nda

Kimi ga rokku nanka kikanai koto shitteru kedo
Koibito no you ni yorisotte hoshikute
Rokku nanka kikanai to omou keredo mo
Boku wa konna uta de anna uta de
Mune eyes don't itai nda

Kimi wa rokku nanka kikanai to omoi nagara
Sukoshi demo boku ni chikazuite hoshikute
Rokku nanka kikanai to omou keredo mo
Boku wa konna uta de anna uta de
Koi o norikoete kita

Koi o norikoete kita",en,0.09486567974090576
Kenshi Yonezu,IRIS OUT,59hVbgr8rfYkDbHfr8RcGI,ja,955,False,"(Ah, ah, ah, ah, ah, ah)
(Ah, ah, ah, ah, ah, ah)
Ha-ha-ha
(Ah, ah, ah, ah, ah, ah)
(Ah, ah, ah, ah, ah, ah)

No, no, no, from inside my brain
Morality screams, “Stop it, you idiot!”
darling baby darling
Absolute love! A philosophy that sparkles and stands out

Deadly cute look
It's almost like breaking the law
Spreading madness, before you know it, you've exhausted yourself
It's your fault for being born into this world
Extremely painful lovesickness
This head and this body are falling apart
I love you is gushing out from my carotid artery
(iris out)

What should I do with these feelings? What should I do with these feelings?
The grains are going to melt and turn into vomit (Boom)
My pupils are dilated and I feel like I'm drowning
You are the only one who is right in this world

Darling (baby) darling (Uh-ha)
Darling (baby) darling
Darling (baby) darling (Uh-ha)
Darling (Baby) Darling (Ha-ha-ha)

Even if I turn over, I can't win
Only you rule doesn't apply
All four Othellos are only black.
As much as you want (Ha)
The Avada Kedabura you released with a smile
I'm sorry about the stigma on the deco.
(Foo) Pierce with an arrow (Foo) Pierce
(Foo) This is the weak point

Deadly cute look
It's almost like breaking the law
Spreading madness, before you know it, you've exhausted yourself
It's your fault for being born into this world
Pachimon or anything is fine.
I want everything that has your name on it right now
I love you is gushing out from my carotid artery

A-a-a-a-a-iris out
A-a-a-a-a-iris out
(A-a-a-a-a-iris out)

What should I do with these feelings? What should I do with these feelings?
The grains will melt and turn into vomit (Burn)
My pupils are dilated and I feel like I'm drowning
You are the only one who is right in this world

Darling (baby) darling (Uh-ha)
Darling (baby) darling
Darling (baby) darling (Uh-ha)
Darling (Baby) Darling (Ha-ha-ha)

Rra",en,0.4896264672279358
Khalil Fong,愛愛愛,59lBAMCis4C6NsPdUV35Vz,zh,562,True,"在 哪裡記載 第一個桃花賊
誰在 哪裡典賣 第一支紫玉釵
我在 這裡見怪更怪
見過電影裡面人家的海 更想去看海
唱過人家的愛 更想找愛

你哭起來 我笑起來
都為了 愛愛愛
有一天翻開辭海找不到愛
花不開 樹不擺 還是更暢快
愛 還是會期待
還是覺得孤單太失敗 Woah
我愛故我在

Ooh-hoo, ooh-hoo, yeah, yeah, yeah
Oh, oh, oh, oh, oh, oh

找到愛 幸福的人 肯不肯躲起來
正在 寂寞的人 能不能站起來
我在 (Ooh, ooh) 這裡陪你無奈 Yeah
看過小說裡面人家等待 更習慣等待
唱過人家的愛 更想找愛

你喊出來 我靜下來
都為了 愛愛愛
有一天翻開辭海找不到愛
花不開 樹不擺 還是更暢快
愛 還是會期待
還是覺得孤單太失敗 Woah
我愛故我在

揮不出滿天滿地的塵埃
買不起滿街口袋的品牌
你悶起來 我傻起來 可以愛
會不會整個時代只有一個告白
誰不愛過不存在

Don't know what's good or bad, what's good or bad
都為了 愛愛愛
有一天翻開辭海找不到愛
花不開 樹不擺 還是更暢快
愛 還是會期待
還是覺得孤單太失敗 Woah
我愛故我在 (Hey yeah, hoo) Ooh, hoo",zh,0.9969075918197632
Omoinotake,幾億光年,5Ak1F5nGzM4KRhE0H1Q3CP,es,1626,False,"Mou ichidosa koe wo kikaseteyo
Mekurenai mamade iru
Natsinohi no karenda
Tadaimattesa waratte miseteyo
Okurisaki mo wakaranai
Wasuremono Bakarida
Kokoroga kowareru kotoga kikoete
Doredake kimi wo aishiteitaka shitte
Mou nidotowa fuyasenai
Omoide wo daite ikite
Deibaidei
Donna learned about oikaketara
Mata kimi to meguri aerudarou
Yorisotta hibi ikiteiru imi
Kuretanowa Kimi Nandayo
Dakar
Itsumo kokorode omoi tsuzuketeru
Mada bokuno koewa kikoeteru?
Tomaranai hibi kimini au tabi
Yoku niau emi ukabete mattete
Ienakatta muneno okuno kotoba
Imanara arinomama kimini wataseru
Sasayakebasa todokerareta kyori
Zeroinghi no yubisakide
Wataseta kini natteta
Doushitekana hanareteiru houga
Kotoba ahuredasunowa
Imasarato waratte
Kimidake mitsuketa itsukano ryusei
Donna negai wo ukabete itanokana
Anohi kimiga miageta
Aiirono saki wo mitsume
Deibaidei
Ikuokunen no kyori wo koete
Kagayaki wo tsutau hoshino youni
Kawaranai ai tashikana hikari
Todokumade negai tsuzukeru
Dakar
Itsuka bokura meguri aetanara
Kagayakino naka machiawaseyou
Kimiga maigoni naranaiyouni
Mabataki mo sezu terashite matteru
Kieyashinai kimiga kureta nukumori
Dakishime bokuwa ima wo ikite ikukara
Namae wo yobuyo kuruhimo kuruhimo
Taezu sakebuyo anomamano futaride iyouyo
Deibaidei
Dinna heard from oikaketara
Mata kimito meguri aerudarou
Wakeaeta hibi kisetsu wa Fuini
Kimidake wo nose kanatae
Dakar
Itsumo kokorode omoi tsuzuketeru
Mada bokuno koewa kikoeteru?
Susumidasu hibi mewo akerutabi
Chikazuiteiku unmeito shinjite
Ienakatta mune no oku no kotoba
Imanara arinomama kimini wataseru
Doredakeno tokiga nagaretemo towani
Kakokeini naranai ""I LOVE YOU""",es,0.17042629420757294
Eric Chou,怎麼了,5cU1O9P0EDA0rPkPDykhIm,zh,641,True,"你說藍色是你最愛的顏色
你說如果沒有愛那又如何
怎麼了 你怎麼了
看過你曾經最燦爛的笑容
看過你緊緊擁抱愛的面孔
怎麼了 你消失了

是不是我錯了 搞錯了
天灰了 雨下著 凝望著 你走了
都回不去了 像從前快樂

怎麼能輕易說要結束 (怎麼能要結束)
怎麼會讓你抱著我哭
太努力的我們最後用力給祝福
怎麼看你笑著 我卻心如刀割
原來我們都一樣頑固
怎麼會誰都絕口不提要幸福
再也不能牽著你走未來每一步 (未來一步)
我們懷念什麼 失去愛那一刻 才曉得

你說藍色是你最愛的顏色
你說如果沒有愛那又如何
怎麼了 你怎麼了
看過你曾經最燦爛的笑容
看過你緊緊擁抱愛的面孔
怎麼了 你消失了

是不是我錯了 搞錯了
越愛著 越痛著 苦笑著 你走了
我們約好了 要比我快樂

怎麼能輕易說要結束 (怎麼能要結束)
怎麼會讓你抱著我哭
太努力的我們最後用力給祝福
祝福我最愛的 (我最愛的) 遇見更愛你的 飛翔著

我不想說 你不會懂 請別可憐我
受傷的我 究竟需要 一個人 多少年 去度過
我不想說 你不會懂 請別可憐我
誰說我 一定要 永遠笑著 我不想

怎麼能輕易說要結束 (怎麼能要結束)
怎麼會讓你抱著我哭
太努力的我們最後用力給祝福
祝福我最愛的 能永遠飛翔著
原來我們都一樣頑固
怎麼會誰都絕口不提要幸福
再也不能牽著你走未來每一步 (未來一步)
我們懷念什麼 失去愛那一刻 才曉得",zh,0.9984229207038879
Eric Chou,摯友,5evE7bweEhX83fd1ZmwPjP,zh,506,True,"想當星辰 卻像路燈
若愛一個人 切忌愛得太深
酒後傳的訊息 你別當真
我總感情用事 忘了不可能
也委屈你 長期容忍
但我們之間 該用什麽相稱
難道非要我愛 其他的人
你才心安理得 卸下了責任

我們不討論的關係 很接近卻不是愛情
擁有無數交集 要丟棄太可惜
我演的恨 真不誠懇
你最清楚 我是怎樣的人
沒人不羨慕的關係 只是沒結局的續集
為什麽太熟悉 反而變成距離
觸不到的戀人 化身摯友也像塘塞
你明知道我不會等到卻放任我等

你正全心 對待的人
輾轉找到我 勸我別再傷神
其實我真不想一一詢問
從此默不出聲 是我的責任

我們不說破的關係 很微妙卻不是愛情
容許這種維繫 是我不夠爭氣
一再追問 何其愚笨
我也清楚你是怎樣的人
蕩氣回腸 又能如何
我最不應該 還害你受困 進退不得, oh, oh

我們不討論的關係 很接近卻不是愛情
擁有無數交集 要丟棄太可惜
我演的恨 真不誠懇
你最清楚 我是怎樣的人
沒人不羨慕的關係 只是沒結局的續集
為什麽太熟悉 反而變成距離
觸不到的戀人 化身摯友也像塘塞
你明知道我不會等到 卻放任我等",zh,0.9997099041938782
Amazing Show,愛情的大壞蛋,5HVq8nS0pbM6G7YK8M7DY4,zh,553,True,"我在情歌的尾奏 落在琴聲的最後
活該今生的罪疚 默哀硬撐著淚流
想要夢見你 重建你 容顏已走遠
在不真實的空間裡好好再愛一遍
Oh, 或許這就是所謂心痛
或許我不曾真的心痛
或許這次我認真了 這次是真的愛了

就當作我是愛情的大壞蛋 不需要你原諒我
背後為你流的淚 就當我自作自受
就因為我是愛情的大壞蛋 愛情的小偷
請忘記我 讓我寂寞

今晚沒夢見你 是因為睡不著
情節像爛電影 而我不是主角
看著剪影出竅 你走遠聽不到
我只能抽著菸 兜著圈 收著淚 又一遍畫夜
我會把你的故事折成紙鶴
讓他飛到銀河
不再唱為你寫的歌 反正你不會聽了
我是真的不愛了


就當作我是愛情的大壞蛋 不需要你原諒我
背後為你流的淚 就當我自作自受
就因為我是愛情的大壞蛋 愛情的小偷
請忘記我 讓我寂寞

我在情歌的尾奏 落在琴聲的最後
活該今生的罪疚 默哀硬撐著淚流
想要夢見你 重建你 容顏已走遠
在不真實的空間裡好好再愛一遍

今晚我摧毀了最美的未曾愛過
儘管我卑微的淚水徹夜碎成敗破
就當我沒愛過 就當我沒愛過
我不配你愛我 我不配你愛我

我會把你的故事折成紙鶴
讓他飛到銀河
就當我沒愛過 就當我沒愛過
我不配你愛我 我不配你愛我",zh,0.9995657801628113
Yorushika,だから僕は音楽を辞めた,5j7ixaLeGTGSv4DzKs0pCM,la,1807,False,"​

Kangaetatte wakaranaishi
Aozora no shita kimi o matta
Kaze ga fuita shougo
Hirusagari o nukedasu souzou
No, kore kara dou narun darou ne
Susume kata osowaranainda yo
Kimi no me o mita
Nanimo jezu boku wa aruita


Kangaetatte wakaranaishi
Seishun nate tsumaranaishi
Yameta hazu no piano, tsukue o hiku kuse ga nukenai
No, shourai nani shiteru darou ne
Ongaku wa shite naito ii ne
Komaranaide yo

Kokoro no naka ni hitotsu sen o hiite mo
Doushite mo kienakatta ima sara nanda kara
Naa, mou omoidasu na

Machigatterun da yo
Wakattenai yo
Between nine months
Hontou mo ai mo sekai mo
Kurushisa mo jinsei mo
Dou demo ii yo
Tadashii ka dou ka shiritai no datte bouei honnou da
Kangaetanda, do not give yourself before

Kangaetatte wakaranai ga
Hontou ni toshi oitakuninda
Itsuka Shindaratte
Omou dake de mune ga karappo ni narunda
Shourai nanishiteru darou tte
Otona ni nattara wakatta yo
Nanmo shitenai sa

Shiawase na kao
Shita hito ga nikui no wa
Dou warikittara ii nda
Mitasarenai atama no oku no
Bakemono mitai na rettoukan

Machigattennai yo na
Nanda ka nda antara ningen da
Ai mo sukui mo yasashisa mo
Konkyo ga nai nante
Kimi ga warui yo
Rabusongu nanka ga itai
No datte boe honnou da
Dou demo ii ka
Do not give yourself an entrance

Kangaetatte wakaranaishi
Ikiteru dake demo kurushiishi
Ongaku to ka mou karanaishi
Kashito ka tekitou demo ii yo
I will give you a demo
Machigattennai darou
Machigattennai yo na
Machigattennai yo na

Machigatterunda yo
Wakatterunda antara ningen mo
Hontou mo ai mo sukui mo
Yasashisa mo jinsei mo
Give me a demo
Tadashii kotae ga yenai
No datte boe honnou da
I will give you a demo
Anta no seida

(Aaah) Boku datte shinnen ga atta
Ima ja gomi mitai na omoi da
Nando demo kimi o kaita
Ureru koto koso ga dou demo yokatta nda
Hontou da hontou na nda
Mukashi wa sou given
Dakara boku wa
Dakara boku wa
Ongaku o yameta",la,0.15978233516216278
"Sean Paul, Keyshia Cole",(When You Gonna) Give It Up to Me - Radio Version,5nEdwtSv0qqeE0l4o1lR4q,en,3129,False,"Yeah, Ideal
Y-2-Kay Gee and R.L. collabo'
Uh-oh
Make 'em, make 'em, make 'em dance to this
Uh, yeah, Ideal, come on
Make 'em, make 'em, make 'em dance to this
Let's go

Whatever you wanna do, uh-uh
Whether it's at the crib or club
It's all up to you, what-what
Whatever you wanna do
So you wanna groove, uh-uh
Show me how you move, uh-huh
What you gonna do, what-what
'Cause I wanna rock with you
Whatever you wanna do

Tonight, you're with me
I'm talkin' VIP
Cristal, Moet, Dom P tonight, oh
Nice suite at the Double Tree
You and me in between the sheets
It's whatever you like, baby, tell me

I like when you move up close to me
Sexy grindin', holdin' me
Real close 'cause you're supposed to be, baby
I like it when you put that thing on me
Pushin' it up against the jeans
Makin' it harder in between, baby

Whatever you wanna do, uh-uh
Whether it's at the crib or club (Yeah, yeah, yeah)
It's all up to you (What-what), what-what
Whatever you wanna do
So you wanna groove (Oh), uh-huh
Show me how you move (Oh, oh), uh-huh
What you gonna do (Yeah), what-what
'Cause I wanna rock with you
Whatever you wanna do

Tonight, I just got paid
Let's hop in the Escalade
Go out on an escapade tonight, alright
What sip you choose
I'll grab your hips and move
And do whatever you like, tell me, tell me

I like when you move up close to me
Sexy grindin', holdin' me
Real close 'cause you're supposed to be, baby
I like it when you put that thing on me
Pushin' it up against the jeans
Makin' it harder in between, baby

Whatever you wanna do, uh-uh
Whether it's at the crib or club (Oh-ho), uh-huh
It's all up to you (What-what), what-what
Whatever you wanna do (And whatever you want)
So you wanna groove, uh-uh
Show me how you move (Oh, oh), uh-huh
What you gonna do (What-what), what-what
'Cause I wanna rock with you (Yeah)
Whatever you wanna do

You could choose the place we go
Or stay home with the stereo (Oh, oh)
You choose the scenario
Tonight (Come on, come on, come on, come on)
Tonight your situation (Yeah)
Here's your invitation
Come with me (Come and go with me)

Whatever you wanna do (Oh, no), uh-uh
Whether it's at the crib or club (Oh, yeah, yeah, yeah)
It's all up to you, what-what
Whatever you wanna do (Whatever, whatever, whatever)
So you wanna groove, uh-uh
Show me how you move (Oh, oh), uh-huh
What you gonna do (What-what), what-what
'Cause I wanna rock with you (Yeah, yeah)
Whatever you wanna do

Come on, show me how you move
Baby, let me see you groove
We can do what you want to
Tonight
You can move across to me
You can say, ""Come on, mami""
You can say, ""Come on, papi""
Tonight

Whatever you wanna do (Whatever you wanna do), uh-huh
Whether it's at the crib or club (I'll give it to you)
It's all up to you (Whatever you need), what-what
Whatever you wanna do (I'll do it for you)
So you wanna groove (Whatever you want), uh-huh
Show me how you move (I'll give it to you), uh-huh
What you gonna do (Whatever you want), what-what
'Cause I wanna rock with you (I'll give it to you)
Whatever you wanna do",en,0.6750301718711853
Kenshi Yonezu,さよーならまたいつか！- Sayonara,5pN2AyWwjzwRoI7gukEVNd,hr,1341,False,"Doko kara haru ga megurikuru no ka shirazushirazu otona ni natta
Miageta saki ni wa tsubame ga tondetta ki no nai kao de
Moshimo watashi ni tsubasa ga areba negau tabi ni kanashimi ni kureta
Sayonara hyakunen saki de mata aimashou shinpai shinaide

Itsu no ma ni ka hana ga ochita dareka ga watashi ni uso wo tsuita
Doshaburi demo kamawazu tonde iku sono chikara ga hoshikatta

Dareka to koi ni ochite mata kudakete yagate hanare banare
Kuchi no naka hatato chi ga nijinde sora ni tsuba wo haku
Mabatake hane wo hiroge kimama ni tobe doko made mo yuke
Hyakunen saki mo oboeteru ka na shiranee keredo sayoonara mata itsuka!

Shigururu ya shigururu machi e ayumiiru soko kashiko de soda fureru
Miageta saki ni wa nanimo inakatta
(Aa inakatta)

Shitarigao de sawaranaide senaka wo naguritsukeru matohazure
Hito ga notamau jigoku no saki ni koso watashi wa haru wo miru

Dareka wo aishitakute demo itakute itsu shika amearare
Tsunagareteita nawa wo nigirishimete shikato kamichigiru
Tsuranuke neraisadame kedashi tora e doko made mo yuke
Hyakunen saki no anata ni aitai kiuseru na yo sa you nara mata itsuka!

(Ima koi ni ochite mata kudakete hanare banare)
Kuchi no naka hatato chi ga nijinde sora ni tsuba wo haku
(Ima hane wo hiroge kimama ni tobe doko made mo yuke)
Umareta hi kara watashi de itan da shiranakatta daro
Sayounara mata itsuka",hr,0.11462727189064026
Sukima Switch,奏(かなで),5RbMlPFL4gVyEHW2lEOuzG,it,1073,False,"Kaisatsu no mae tsunagu te to te
Itsumo no zawameki, atarashii kaze
Akaruku mi okuru hazu datta no ni
Umaku waraezu ni kimi wo miteita

Kimi ga otona ni natteku sono kisetsu ga
Kanashii uta de afurenai you ni
Saigo ni nani ka kimi ni tsutaetakute
""Sayonara"" ni kawaru kotoba wo boku wa sagashiteta

Kimi no te wo hiku sono yakume ga boku no shimei da nante
Sou homotteta
Dakedo ima wakattanda bokura nara mou
Kasaneta hibi ga hora, michibite kureru

Kimi ga otona ni natteku sono jikan ga
Furi tsumoru ma ni boku mo kawatteku
Tatoeba soko ni konna uta ga areba
Futari wa itsumo donna toki mo tsunagatte yukeru

Totsuzen fui ni narihibiku beru no oto
Aseru boku hodokeru te hanareteku kimi
Muchuu de yobi tomete dakishimetanda
Kimi ga doko ni ittatte boku no koe de mamoru yo

Kimi ga boku no mae ni arawareta hi kara
Nanimo kamo ga chigaku mietanda
Asa mo hikari mo namida mo, utau koe mo
Kimi ga kagayaki wo kuretanda
Osae kirenai omoi wo kono koe ni nosete
Tooku kimi no machi and todokeyou
Tatoeba sore ga konna uta dattara
Bokura wa doko ni ita toshite mo tsunagatte ikeru",it,0.33347827196121216
Eason Chan,淘汰,5sYtvIl1mx9QuIgwC6FDU1,zh,393,True,"我說了所有的謊 你全都相信
簡單的我愛你 你卻老不信
你書裡的劇情 我不想上演
因為我喜歡 喜劇收尾

我試過完美放棄 的確很踏實
醒來了夢散了 你我都走散了
情歌的詞何必押韻 就算我是 K 歌之王
也不見得把 愛情唱得完美

只能說我輸了 也許是你怕了
我們的回憶沒有皺摺 你卻用離開燙下句點
只能說我認了 你的不安贏得你信任
我卻得到你安慰的淘汰

我試過完美放棄 的確很踏實
醒來了夢散了 你我都走散了
情歌的詞何必押韻 就算我是 K 歌之王
也不見得把 愛情唱得完美

只能說我輸了 也許是你怕了
我們的回憶沒有皺摺 你卻用離開燙下句點
只能說我認了 你的不安贏得你信任
我卻得到你安慰的淘汰


只能說我輸了 也許是你怕了
我們的回憶沒有皺摺 你卻用離開燙下句點
只能說我認了 你的不安贏得你信任
我卻得到你安慰的淘汰",zh,0.9986521005630493
Khalil Fong,紅豆,5TkQbhQm9BXONk2agDo4w9,zh,424,True,"還沒好好的感受 雪花綻放的氣候
我們一起顫抖 會更明白什麼是溫柔
還沒跟你牽著手 走過荒蕪的沙丘
可能從此以後學會珍惜天長和地久

有時候 有時候
我會相信一切有盡頭
相聚離開 都有時候
沒有什麼會永垂不朽
可是我 有時候
寧願選擇留戀不放手
等到風景都看透
也許你會陪我看細水長流

還沒為你把紅豆 熬成纏綿的傷口
然後一起分享 會更明白相思的哀愁
還沒好好地感受 醒著親吻的溫柔
可能在我左右 你才追求孤獨的自由

有時候 有時候
我會相信一切有盡頭
相聚離開都有時候
沒有什麼會永垂不朽
可是我有時候
寧願選擇留戀不放手
等到風景都看透
也許你會陪我看細水長流

La-la-la-la-la-la
Ooh, ooh

有時候 有時候
我會相信一切有盡頭
相聚離開都有時候
沒有什麼會永垂不朽
可是我有時候
寧願選擇留戀不放手
等到風景都看透
也許你會陪我看細水長流",zh,0.9989089965820312
Stefanie Sun,雨天,5tZbcQ5PYID0xB0VNblmrK,zh,475,True,"我的小時候吵鬧任性的時侯
我的外婆總會唱歌哄我
The old song comforts me in the summer afternoon
那首歌好像這樣唱的

It's dark and it's going to rain
It's dark, it's dark

離開小時候有了自己的生活
新鮮的歌新鮮的念頭
任性和衝動無法控制的時候
我忘記還有這樣的歌

It's dark and it's going to rain
It's dark, it's dark

我愛上讓我奮不顧身的一個人
我以為這就是我所追求的世界
然而橫衝直撞被誤解被騙
是否成人的世界背後總有殘缺
我走在每天必須面對的分岔路
我懷念過去單純美好的小幸福
愛總是讓人哭讓人覺得不滿足
天空很大卻看不清楚好孤獨


我愛上讓我奮不顧身的一個人
我以為這就是我所追求的世界
然而橫衝直撞被誤解被騙
是否成人的世界背後總有殘缺
我走在每天必須面對的分岔路
我懷念過去單純美好的小幸福
愛總是讓人哭讓人覺得不滿足
天空很大卻看不清楚好孤獨

天黑的時候我又想起那首歌
突然期待下起安靜的雨
原來外婆的道理早就唱給我聽
下起雨也要勇敢前進

我相信一切都會平息
我現在好想回家去

It's dark and it's going to rain
It's dark, it's dark",zh,0.7690882682800293
Omar Courtz,UNA NOTi,61tC2eD62xjmkEX9FGEad7,es,2190,False,"(Bellaquita)
Yeah-yeah
(Bellaquita)
Hey

If it's to eat us, I dare, baby, of necessity
You on top of me, me grabbing your tobi
Enchula'o about you, imagine about your body

I always want to catch you like a news
like a news
like a news
Hey (Yeah-yeah)

I always want to catch you like a news
Come on, baby, show me something
I know that we are nothing
But I want to see those buttocks jumping on me
And catch you like I noticed
Come on, baby, show me something
I know that we are nothing
But I want to see those buttocks jumping on me

Whoa-Whoa-He wants me to enter it hot
If you hit enter, it wasn't an accident
And if you came out, it was so that I could give it to you
He wants me to do the whitin' in his teeth'
That you have a mole close to the oh-oh
I know all your body
The more I sink, the more I touch the sky (I touch)
All this time I was acting crazy
Tell me where you're living, it's been a while since I've been down to the apartment
Now if I get off, baby, I have to cover myself
Your friend, that bitch, said she wasn't going to hit me
If you don't want me to sing, I can leave now
Let's go to the ATH to pick it up
I have to concentrate to apply it
That ass (Ass) leaves me bald like a barber
I put 150 in the bus like Yandel (Like Yandel)

Uh, like Yandel
'Esnúa always waits for me at home with her sandals
I look great with the Alexander
And even if I'm late

I always catch you like a news
like a news
like a news
Hey (Yeah-yeah)
I always want to catch you like a news
like a news
like a news

The only thing that could be seen in the room was the cherry
To the pai's house he went down with Polo and Sperry
I hope you wait for me'
And if you're with a bastard one day, mommy, he'll fight and he'll leave you.
And there I threw myself (I threw myself)
When you see her alone, moon, tell her
That I kill for her and because those eyes look at me
I ask God that that little ass turns around

Because now that we're far away, oh-oh
That's when we fuck the most, but that's in my mind
We don't want to do it with more people, no
Ma, that's why we see each other, oh-oh
You're worth two thousand when we're in front
Shall we go to sleep or do you want me to come in?

I always want to catch you like a news
like a news
Like a news (Noti)
Hey (Yeah-yeah)
I always want to catch you like a news
like a news
like a news",en,0.5848917365074158
Stefanie Sun,開始懂了,68tZwwRuo9ip5gRQFG1XWF,zh,406,True,"我竟然沒有調頭 最殘忍那一刻
靜靜看你走 一點都不像我
原來人會變得溫柔 是透徹的懂了
愛情是流動的 不由人的 何必激動著要理由
相信你只是怕傷害我
不是騙我 很愛過誰會捨得
把我的夢搖醒了 宣佈幸福不會來了
用心酸微笑去原諒了
也翻越了 有昨天還是好的
但明天是自己的 開始懂了 快樂是選擇
♪
我竟然沒有調頭 最殘忍那一刻
靜靜看你走 一點都不像我
原來人會變得溫柔 是透徹的懂了
愛情是流動的 不由人的 何必激動著要理由
相信你只是怕傷害我
不是騙我 很愛過誰會捨得
把我的夢搖醒了 宣佈幸福不會來了
用心酸微笑去原諒了
也翻越了 有昨天還是好的
但明天是自己的 開始懂了 快樂是選擇
♪
相信你只是怕傷害我
不是騙我 很愛過誰會捨得
把我的夢搖醒了 宣佈幸福不會來了
用心酸微笑去原諒了
也翻越了 有昨天還是好的
但明天是自己的 開始懂了 快樂是選擇",zh,0.9988341331481934
"Firdhaus, DIOR 大穎",在加納共和國離婚,6GyUt7yJ0sOktc5HjvVnFh,zh,409,True,"沒想到 只能 走到這
看你濕了眼 我到底該說什麼
總以為 還有一輩子的時間
慢慢跟你說 再見
你不用對我說什麼
我哭不是因為我覺得捨不得
只是覺得努力了那麼久
最後卻還是敗給不適合
也許這一切都是最好安排
但我無法看著你離開
你還愛我嗎 你還愛我嗎
我沒辦法看著你雙眼說那句話
You understand me, right? You understand me, right?
你懂我會不爭氣想回到你身旁
你不用對我說什麼
我哭就是因為我覺得捨不得
我們一起努力了那麼久
最後卻還是敗給不適合
也許這一切都是最好的安排
但我無法看著你離開
你還愛我嗎 你還愛我嗎
我沒辦法看著你雙眼說那句話
You understand me, right? You understand me, right?
你懂我會不爭氣想回到你身旁
你還愛我嗎（我還愛你啊）
你還愛我嗎 （我還愛你啊）
我沒辦法看著你雙眼說那句話
You understand me, right? You understand me, right?
你懂我會不爭氣想回到你身旁
原來一輩子 它真的很遙遠
抵達一輩子的時候 你已不在身邊",zh,0.9922510981559753
Kenshi Yonezu,感電,6H0PLsSYMzDOqhLgyOlzIj,en,1864,False,"Nigedashitai yoru no ourai yukue wa imada fumei
Mawarimawatte munashiku tte komacchatta wan wan wan
Ushinatta tsumori mo nai ga nani ka tarinai kibun
Chotto hen ni hai ni natte fuka shikonda yonrinsha

Kyoudai yo doukashiyo mou nanimo kangaenai yo
Gingakei no hazure e to sayounara
Shinjitsu mo doutoku mo kousa shinai ikareta yoru demo
Bokura te wo tataite waraiau
Dare ni mo shirarenai mama

Tatta isshun no kono kirameki wo
Tabetsukusou futari de kutabaru made
Soshite kouun wo bokura ni inori wo
Mada ikou dare mo oitsukenai kurai no supiido de

Inazuma no you ni ikitetai dake
Omae wa dou shitai? henji wa iranai

Korogashita shasou to joukei douki wa imada fumei
Jama kusakute iratsuite mayoikonda nyan nyan nyan
Kokoira de otoshita saifu dareka mimasen deshita?
Baka mitai ni tsuitenai ne chakashite kure haiwei sutaa

You aibou mou icchou manga mitai na kenka shiyou yo
Share ni nannai kurai no yatsu wo otameshi de
Seiron to bouron mo bunrui sae deki ya shinai machi wo
Nukedashite otagai ni waraiau
Mezasu no wa meroo na endingu

Sore wa shinzou wo setsuna ni yurasu mono
Oikaketa totan ni miushinacchau no
Kitto eien ga dokka ni arun da to
Asatte wo sagashimawaru no mo waruku wa nai deshou

Omae ga dokka ni kieta asa yori
Konna yoru no hou ga mada mashi sa

Ai ni suiren tooku no sairen
Hibikiau kyoukaisen
Aishiau you ni kenka shiyou ze
Yaruse nasa hissagete
Ai ni suiren tooku no sairen
Hibikiau kyoukaisen
Aishiau you ni kenka shiyou ze
Yaruse nasa hissagete

Tatta isshun no kono kirameki wo
Tabetsukusou futari de kutabaru made
Soshite kouun wo bokura ni inori wo
Mada ikou dare ni mo oitsukenai kurai no supiido de
Sore wa shinzou wo setsuna ni yurasu mono
Oikaketa totan ni miushinacchau no
Kitto eien ga dokka ni arun da to
Kusattemo sagashimawaru no mo waruku wa nai deshou

Inazuma no you ni ikitetai dake
Omae wa dou shitai?
Henji wa iranai",en,0.269629567861557
Yorushika,晴る,6kFIakexzgsZwsfWDmb36o,sw,1038,False,"Anata wa kaze no you ni
Me wo tojite wa yuugure
Nani wo omotteirun darou ka, hmm

Mabuta wo hiraiitea
Anata no me wa biidoro
Sukoshi dake haru no nioi ga shita

A hare is a hare, he has no sake
Saite haru no sei
Furiyameba ame de sae
Anata wo kazaru haru
Mune wo utsu oto yo nage
Bokura haru kaze
Ano kumo mo koeteyuke
Tooku topic tooku made

The heart is sticky
Me wo tojite wa aoiro
Nani ga kanashii no darou ka, hmm

Mabuta wo hiraiteiru
Anata no me ni biidoro
Ima sukoshi ame no nioi ga shita

Naki ni nake, sora yo nake
Naite ame no sei
Furishikiru ame de sae
Kumo no ue de wa haru
Tsuchi wo utsu oto yo nare
Bokura haru are
Ano umi mo koeteyuku
Tooku topic tooku made

Tooriame kusa wo nabikase
Hitsuji kumo are mo haru no sei
Kaze no you mune ni haru nose
Haru wo matsu

A hare is a hare, sora yo sake
Saite haru no sei
Furiyameba ame de sae
Anata wo kazaru haru
Mune wo utsu oto kanade
Bokura does not rush
Oto is kiku haru no kaze
Watch kono uta yo nage!

A hare is a hare, he has no sake
Saite haru no sei
Ano kumo mo koeteyuke
Tooku topic tooku made",en,0.5560302734375
Kenshi Yonezu,春雷,6megNXGjmim4OitjZnIn9v,zh,2081,False,"Kenshi Yonezu “Shunrai” Roma Lyrics
Araware ta sore wa haru no massaichū e mo ie nu mama kagayai te i tas
Donnakotoba mo donnateburi mo tari yashi nai mitaida
Sono hi kara boku no mune ni wa arashi ga sumitsui ta mama hanare nai n da
Hito no koe o kari ta aoi me no rakurai da
Yure nagara odoru sono kami no kuro ga ta no dore yori ya ka deshi ta
Sutto kie sō na masshiroi hada ni yoku niatte mashi ta
Anata ni wa kono sekai no irodori ga dō mieru no ka shiri taku te ima
Hō ni te o nobashi ta koware sō de tada kowakatta
Subete wa anata no omoidōri kanashikutte chirabatta omoi mo subete
Anata ga kure ta purezento
Yurayura fukare te fukai madoi itami ui koishii
Kotoba ni suru no mo katachi ni suru no mo sono dore mo ga satoshi taba nakutte
Tada me o mitsume ta suruto anata wa futto yasashiku waratta n da
Shagare ta kokoro mo sazameku himitsu mo ki ga tsuke ba konagona ni natte
Setsuna no ma ni itami ni ta koi ga karada o hashitta n da
Fukai madoi itami ui kurikaeshi itsunomanika haru ni natta
Amai kaori nokoshi kageri koi kogashi fukaku fukaku mayoikon da
Hanabira ga chire ba anata to osaraba sorenara boku to odori mase n ka
Chū o mau hana ga dōmo anata mitai de mairi mashi ta
Yagate mata megurikuru haru no saichū soko wa yutaka na hida mari deshi ta
Mi o yatsushi te yama nai anna arashi wa doko e yara
Madamada kokoro wa kaere nai sono hosoi koe de dōka damashi te okure
Karakara ni karehateru made
Furafura yurare te amai kaori nokoshi kageri maboroshi
Kiki tai kotoba mo ii tai omoi mo warau kurai yama hodo atte
Soredemo anata o mae ni suru to nani ni mo de te wa ko nai nante
Kogetsuku itami mo sashi komu shibire mo kuchi o tsugun da koi to wakatte
Anata no kokoro ni hashi o kakeru daiji na raiu da to shitta n da
Dōka damashi te okure ‘ai’ to waratte okure
Itsuka kieru hi made sonomama de i te
Kotoba ni suru no mo katachi ni suru no mo sono dore mo ga satoshi taba nakutte
Tada me o mitsume ta suruto anata wa futto yasashiku waratta n da
Shagare ta kokoro mo sazameku himitsu mo ki ga tsuke ba konagona ni natte
Setsuna no ma ni itami ni ta koi ga karada o hashitta n da",en,0.2140588015317917
David Tao,就是愛妳,73eCSQ1DxQbaOnzy8PhKx3,zh,2567,False,"Yeah~ Woah~ Yeah~ Da da da
I always wanted to tell you
Wǒ yīzhí dōu xiǎng duì nǐ shuō
I’ve always wanted to tell you
You give me unexpected happiness
Nǐ gěi wǒ xiǎngbùdào de kuàilè
You’ve given me happiness beyond belief
Like an oasis to the desert
Xiàng lǜzhōu gěile shāmò
Like an oasis in a desert

Say you will always be with me
Shuō nǐ huì yǒngyuǎn péizhe wǒ
Say that you will forever be by my side
Be my roots and my wings
Zuò wǒ de gēn wǒ chìbǎng
Be my root, my wings
Let me fly and have a nest to return to
Ràng wǒ fēi yěyǒu huíqù de wō
Let me fly and have a nest to return to
I do, I can too
Wǒ yuànyì wǒ yě kěyǐ
I am willing and I am able
It won't be a pity if you give everything
Fùchū yīqiè yě bù huì kěxí
To give up everything without any regrets
Just watch the time pass together
Jiù zài yīqǐ kàn shíjiān liúshì
Let’s just be together and watch time pass by
Remember the way we love each other
Yào jìde wǒmen xiāng’ài de fāngshì
Must remember the way of our love
Just love you, love you
Jiùshì ài nǐ àizhe nǐ
I just love you, loving you
There is sadness and joy, but with you, the plainness also has meaning.
yǒu bēi yǒuxǐ yǒu nǐ píngdàn yěyǒule yìyì
With sorrow, with joy, with you even ordinary is meaningful
Just love you, love you
Jiùshì ài nǐ àizhe nǐ
I just love you, just loving you
Sweet and reassuring, that feeling is you
Tiánmì yòu ānxīn nà zhǒng gǎnjué jiùshì nǐ
Sweet and comfortable, that kind of feeling is just you
I always wanted to tell you
Wǒ yīzhí dōu xiǎng duì nǐ shuō
I’ve always wanted to tell you
You give me unexpected happiness
Nǐ gěi wǒ xiǎngbùdào de kuàilè
You’ve given me happiness beyond belief
Like an oasis to the desert
Xiàng lǜzhōu gěile shāmò
Like an oasis in a desert
Say you will always be with me
Shuō nǐ huì yǒngyuǎn péizhe wǒ
Say that you will forever be by my side
Be my roots and my wings
Zuò wǒ de gēn wǒ chìbǎng
Be my root, my wings
Let me fly and have a nest to return to
Ràng wǒ fēi yěyǒu huíqù de wō
Let me fly and have a nest to return to
I am willing, really willing
Wǒ yuànyì zhēn de yuànyì
I am willing, truly willing
I will give everything to protect you
Fùchū suǒyǒu yě yào bǎohù nǐ
To give up everything to protect you
Oh, together, time continues to pass
Oh zài yīqǐ shíjiān jìxù liúshì
Oh together as time continues to pass
Please remember how much I love you
Qǐng jìde wǒ yǒu duōme de ài nǐ
Please remember how much I love you
*
Oh, I just love you, love you
Oh jiùshì ài nǐ àizhe nǐ
Oh I just love you, loving you
Don’t give up, don’t leave, don’t care how many winds and rains there are along the way
Bù qì bù líkāi bù zàiyì yīlù yǒu duōshǎo fēngyǔ
Won’t abandon, won’t leave, won’t mind how much wind and rain there’ll be
Just love you, love you
Jiùshì ài nǐ àizhe nǐ
I just love you, loving you
Putting it in the palm of your hand, all the splendid happiness is given to you
Fàng zài nǐ shǒuxīn cànlàn de xìngfú quán gěi nǐ
I place all of the radiant happiness into the palm of your hands
Repeat*
**
Oh, I just love you, love you
Oh jiùshì ài nǐ àizhe nǐ
Oh I just love you, loving you
I'm willing to do both
Wǒ dū yuànyì
I’m fully willing
Just love you, love you
Jiùshì ài nǐ àizhe nǐ
I just love you, loving you
want us to be together
Yào wǒmen zài yīqǐ
I want us to be together
Repeat **",en,0.6185005903244019
玖壹壹,下輩子,73Ijz3vN9KP1W5qrfNeWMI,zh,796,True,"我知 妳老母都嫌我醜
I know your dad is unhappy with me
I know your dog bit me three times
全家伙都賭爛 其實我都會知

我寄呼妳的信 都給妳爸撕掉
我打電話去妳家 擱呼妳媽掛掉
連我走去妳家 都有人來討債
我不敢相信 自己怎會甲衰小
妳老爸老母看我無 我選里長給他看
伊嫌我不夠好野 但我有好的心肝
送芒果去妳家又呼妳爸丟在地下
我發誓 下輩子 我要娶他女兒
我拜天 我拜地 求菩薩讓咱作夥
妳永遠 是家裡 最甲意 那一個
這世人沒辦法給妳山盟海誓
後世人再帶妳去呷妳最愛的燒酒螺

妳說下輩子如果我還記得妳
我們死也要在一起
Like instructions to fall into hypnosis
我又開始昏迷不醒
好吧下輩子如果我還記得妳
妳的誓言可別忘記
不過一張明信片而已
我已隨他走入 下個輪迴裡

這輩子無法的話 那可以下輩子好嗎
妳說當朋友的話 那我也就這樣做吧
我看著妳去愛誰 比做牛做馬還累
妳的另一半在哪裡我I DONT CARE
我什麼時候 會離開 在走上奈何橋
不選擇孟婆湯的話 我吞下那不該吃的藥
為了可以在人群之中讓我更快的找到妳
我決定在離開前 我先來帶個望遠鏡
COME ON BABY 說好下輩子妳要在我身邊
我還會記得那牌子 跟妳最愛抽的菸
我更他媽的希望時間可以再快一點
讓我過完這輩子 完成我的心願
沒有了天長地久 真的我沒差
下輩子還要記得妳 是我的真心話
就算是角色互換 那我真的沒關係
反正 也 對阿 對阿 我心甘情願的被妳插

妳說下輩子如果我還記得妳
我們死也要在一起
Like instructions to fall into hypnosis
我又開始昏迷不醒
好吧下輩子如果我還記得妳
妳的誓言可別忘記
不過一張明信片而已
我已隨他走入 下個輪迴裡

這輩子無法的話我沒差
只想跟妳說我的真心話
一個無理的要求 答應我好嗎
不管是天堂地獄 我都沒在怕",zh,0.8417162895202637
黃奇斌,若無你我欲去佗位,76EfpqmO6JUL2TTR1SIGwz,zh,420,True,"若無你我欲去佗位
我愛你毋但彼當時
我盡力習慣沒有你
卻無法放過我自己

咱做伙生活的彼跤皮箱
閣寫有你的名字
親像咱猶原鬥陣
是你將咱的愛情攏變做不得已
是我毋情願你離開

最後 傷的是我 吼的是我 閣放我一個人
你好膽 著應我一聲
夠了 誰又能做選擇 (沒有選擇) 痛過 才懂
最後 咱的一切 無應無回 閣拍無一個家
你講過 咱攏袂改變
哪知 你無欲閣轉來 (無法轉來) 是我 應該

若無你我欲去佗位
我也曾想過去找你

咱談情說愛的彼張相片
閣囥佇我的身邊
親像咱猶原鬥陣
是你將咱的愛情攏變做不得已
是我毋情願你離開

最後 傷的是我 吼的是我 閣放我一個人
你好膽 著應我一聲
夠了 誰又能做選擇 痛過 才懂
最後 咱的一切 無應無回 閣拍無一個家
你講過 咱攏袂改變
哪知 你無欲閣轉來 是我 應該

若無你我欲去佗位
我愛你毋但彼當時
我盡力習慣沒有你",zh,0.9994214177131653
David Tao,普通朋友,7CTitzr4eVIDCPUJi5Dr4B,zh,631,True,"等待 我隨時隨地在等待
做妳感情上的依賴
我沒有任何的疑問 這是愛
我猜妳早就想說明白
我覺得自己好失敗
從天堂掉落到深淵 多無奈

我願意改變 (What can I do?)
重新再來一次 (Just give me a chance)
我無法只是普通朋友
感情已那麼深 叫我怎麼放手

但妳說 I only wanna be your friend 做個朋友
In your heart, I am just a friend, not a lover
我感激你對我這樣的坦白 (這樣的坦白)
但我給你的愛暫時收不回來
So I can't just be your friend
I just can't be your friend

我猜 妳早就想要說明白
我覺得自己好失敗
從天堂掉落到深淵 多無奈

我願意改變 (What can I do?)
重新再來一遍 (Just give me a chance)
我無法只是普通朋友
感情已那麼深 叫我怎麼能放手

但妳說 I only wanna be your friend 做個朋友
In your heart, I am just a friend, not a lover
我感激你對我這樣的坦白 (這樣的坦白)
但我給你的愛暫時收不回來
So I can't just be your friend
I just can’t be your friend

No, no, no
I can't just be your friend
Can't be just friends",zh,0.9859452247619629
"The Weeknd, JENNIE, Lily-Rose Depp","One Of The Girls (with JENNIE, Lily Rose Depp)",7CyPwkp0oE8Ro9Dd5CUDjW,en,1000,False,"2012The Knowing
Rolling Stone
Wicked Games
The Zone (feat. Drake)2013Kiss Land
Twenty Eight
Belong To The World
Live For (feat. Drake)
Pretty2014Often
King Of The Fall2015Earned It
The Hills
Can't Feel My Face
Tell Your Friends
In The Night2016In The Night (Short Version)
Starboy (feat. Daft Punk)
False Alarm
M A N I A2017Party Monster
Reminder
I Feel It Coming (feat. Daft Punk)2018Call Out My Name2019Heartless2020Blinding Lights
After Hours (Short Film)
In Your Eyes
Too Late
Until I Bleed Out2021Can't Feel My Face (Alternate Video)
Die For You
Echoes of Silence
Moth To A Flame (with Swedish House Mafia)
Save Your Tears
Take My Breath Away
Try Me2022Gasoline
How Do I Make You Love Me?
Out of Time
Sacrifice2023Double Fantasy
Is There Someone Else?
One Of The Girls (with JEANNIE & Lily-Rose Depp)2024Dancing In The Flames
Popular
São Paulo
Timeless2025Baptized In Fear
Cry For Me
Drive
Hurry Up Tomorrow
Open Hearts
One Week Until Tomorrow
Red Terror",en,0.6229109168052673
张远,看着我的眼睛说,7d6eShN6yVeR4Y2Md9uCA4,zh,604,True,"今天你生日我準備了好多
也把驚喜偷偷藏口袋左側
只等你回家 我就陪你過
再把準備很久的話對你說

天空好像隱隱要下起雨了
我們坐在沙發上彼此沉默
我問你為什麽說分手 是我哪有錯
你說我很好 只是他回來了

來 你看著我的眼睛說
你從沒愛過我
再看著我的眼睛說
你一點都不難過
我雖然沒那麽懂事
但絕不攔你這一次
如果你說 想要回到有他在的城市

來 你看著我的眼睛說
你從沒愛過我
再看著我的眼睛說
你一點都不難過
我攥緊手裡的戒指
它本該有一個名字（有一個名字）
如果你生日願望是回到他身旁
我幫你這最後一次

明明說好去看好多風景的
吹著海風聽你最愛聽的歌
可那些承諾 換個人也能做
他憑什麽這麽簡單 就能贏了我

來 你看著我的眼睛說
你從沒愛過我
再看著我的眼睛說
你一點都不難過
我雖然沒那麽懂事
但絕不攔你這一次
如果你說 想要回到有他在的城市

來 你看著我的眼睛說
你從沒愛過我
再看著我的眼睛說
你一點都不難過
我攥緊手裡的戒指（手裡的戒指）
它本該有一個名字（它該有個名字）
如果你生日願望是回到他身旁
我幫你這最後一次

來 你看著我的眼睛說
再看著我的眼睛說
你看著我的眼睛說
你從沒愛過我

那是段美好的回憶
只是差了一個結局
請記得我曾認認真真的愛過
該遺憾的不是我",zh,0.9816523790359497
ORANGE RANGE,イケナイ太陽,7emibp3qHeqNNYqZ2Y09xb,eo,1877,False,"ROMAJI
Hoo ikenai taiyou na na
Chotto deiikara mise tekurenaika
O mae no sekushi. feromon de ore meromero
Ahfurechaisoudemo ikenai no!
Jojo ni takana ru kodou yamera renaiwa
Kawasu su kotoba no kioku tooku kuchimoto no ugoki ni yure ugoku
Nure ta kami wo nade ta soshite ah?
Abc tsuzuka nai sonnanja dame janai
Datte kokoro no oku wa chigan jyanai?
Ore no seishun sannamonjanai atsuku oku de hate taiyo
Kitto kimi janakya ya dayo ore wa ikenai taiyou na
(akai ito) nante esoragoto demo shitagokoro desae shinji taino
Ore wa tadashi i kimi mo tadashi i tonikakumou sayuu sarenai ze
Damashi damasa re mune uzuku heta na shibai ga yori moriage ru yoru
Iki ga mimi ni fureta futari ah
Abc tsuzuka nai sonnanja dame janai
Datte kokoro no oku wa chigan jyanai?
Atashino seishun sonnamonjanai atsuku oku de hate taiyo
Kitto kimi janakya yadayo atashi ikenai taiyou na
Majiwa su kotoba no kioku tooku kuchimoto no ugoki ni yure ugoku
Nure ta kami wo nade ta soshite ah
ABC, abc tsuzuka nai sonnanja dame janai
Datte kokoro no oku wa chigaun jyanai?
Ore no seishun sannamonjanai atsuku oku de hate taiyo
Kitto kimi janakya yadayo ore wa ikenai taiyou
Karami au ito wa kunto ore wo musubu akai ito na na

KANJI
Hoo naughty sun na na
Na, na, na, na, na, na, na, na
Could you please show me just a little bit?
Your sexy pheromones make me melt
Ah, I feel like I'm going to touch you, but I'm naughty!
I can't stop my heartbeat that gradually increases
The memories of the words we exchanged are far away, swaying with the movement of our lips.
I stroked my wet hair and ah?
ABC won't last, it's not okay like that.
Because deep inside your heart, isn't it different?
My youth is nothing like that, I want to end it passionately deep inside.
I'm sure it has to be you.
I'm a naughty sun
Na, na, na, na, na, na, na, na
""Red thread"" is just a fantasy, but I want to believe even if it's an ulterior motive
I'm right, you're right too, anyway, I can't be influenced anymore
The night where my heart tingles as I'm deceived and deceived, the bad play makes the night even more exciting.
The two of us whose breath touched our ears ah
ABC won't last, it's not okay like that.
Because deep inside your heart, isn't it different?
My youth is nothing like that, I want to end it passionately deep inside.
I'm sure it has to be you.
I'm a naughty sun
The memories of the words we exchanged are far away, swaying with the movement of our lips.
I stroked my wet hair and ah?
ABC ABC it won't last, it's not okay like that
Because deep inside your heart, isn't it different?
My youth is nothing like that, I want to end it passionately deep inside.
I'm sure it has to be you.
I'm a naughty sun
The intertwined thread is a red thread that connects you and me
Na, na, na, na, na, na, na, na",eo,0.2028326839208603
Nicky Lee,想太多,7IiSESHLOtsoEXTlXa0bjJ,zh,332,True,"有些夢 不能戳破 怕誰會難過
有些話 中肯得讓我 好想躲
倒過來看 才看懂世界 不完美
或許負負 也不會得正 無所謂
拆穿美好假象 需要一點負能量 來平衡現實和幻想
打破溫室的牆 需要一點負能量 讓我們學會堅強
我需要一點負能量
我需要一點負能量
我們都長大了 卻沒有從前快樂 是哪裡壞了
我們都畢業了 卻開始在學習著 人生的及格
倒過來看 才看懂世界 不完美
或許負負 也不會得正 無所謂
拆穿美好假象 需要一點負能量 來平衡現實和幻想
打破溫室的牆 需要一點負能量 讓我們學會堅強
我需要一點負能量
我需要一點負能量
醒醒吧拜託 我們自找的煩惱太多
有些 苦不必擺脫 一笑帶過 會更開闊
我需要一點負能量
我需要一點負能量",zh,0.9989821314811707
Jay Chou,一路向北,7KoqEF76fGnDYdxTSHLxcm,gd,1226,False,"Hòu shì jìng lǐ de sìjiè yuè lái yuè yuǎn de dào bié
Nǐ zhuǎnshēn xiàngbèi cè liǎn háishì hěn měi
Wǒ yòng yǎnguāng qù zhuī jìng tīngjiàn nǐ de lèi
Zài chē chuāngwàimiàn páihuái shì wǒ cuòshī de jīhuì
Nǐ zhàn de fāngwèi gēn wǒ zhōng jiàn gézhe lèi
Jiējǐng yīzhí zài hòutuì nǐ de bēngkuì zài chuāngwài língsuì

Wǒ yīlù xiàng běi líkāi yǒu nǐ de jìjié
Nǐ shuō nǐ hǎo lèi yǐ wúfǎ zài ài shàng sheí
Fēng zài shānlù chuī guòwǎng de huàmiàn quándōu shì wǒ bùduì
Xì shù cánkuì wǒ shāng nǐ jǐ huí

Hòu shì jìng lǐ de sìjiè yuè lái yuè yuǎn de dào bié
Nǐ zhuǎnshēn xiàngbèi cè liǎn háishì hěn měi
Wǒ yòng yǎnguāng qù zhuī jìng tīngjiàn nǐ de lèi
Zài chē chuāng wàimiàn páihuái shì wǒ cuòshī de jīhuì
Nǐ zhàn de fāngwèi gēn wǒ zhōng jiàn gézhe lèi
Jiējǐng yīzhí zài hòutuì nǐ de bēngkuì zài chuāng wài língsuì

Wǒ yīlù xiàng běi líkāi yǒu nǐ de jìjié
Nǐ shuō nǐ hǎo lèi yǐ wúfǎ zài ài shàng shuí
Fēng zài shānlù chuī guòwǎng de huàmiàn quándōu shì wǒ bùduì
Xì shù cánkuì wǒ shāng nǐ jǐ huí
Wǒ yīlù xiàng běi líkāi yǒu nǐ de jìjié
Fāngxiàngpán zhōuwéi huízhuǎnzhe wǒ de hòuhuǐ
Wǒ jiāsù chāoyuè què shuǎi bù diào jǐn jǐn gēnsuí de shāng bēi
Xì shù cánkuì wǒ shāng nǐ jǐ huí
Tíngzhǐ lángbèi jiù rang cuò chúncuì",gd,0.17178548872470856
Amazing Show,捲菸,7ks6KrwN2DKhEm06X85qEK,zh,721,True,"我們曾經那麼快樂 現在卻不愛了
我說妳這樣太扯 妳說妳不愛台客
該來的那天還是來了 我唱著哀歌
這段感情失敗了 但我會一直在這
我們像是天南和地北 截然不同的地位
我們像是淑真和水扁 苦撐多少的淬煉
承諾還是無法兌現 我只能說人會變
妳也不用覺得虧欠 妳要愛誰我隨便

但是我還會繼續愛你
而在妳面前我會假裝不在意
當個工具人 二十四小時待機
不怕我寵壞妳

對不起我騙了妳
捲菸的菸草不來自後山
戒不掉菸 戒不掉妳 該怎麼辦
妳轉身離開我
我知道是我活該
捲菸捲走我的愛 我的愛

上了大學玩了樂團 交了壞朋友
崇拜金錢 崇拜權利 也崇拜成就
白天練團晚上夜店我都待很久
忘了自己忘了初衷 誰能來拯救
迷途的羔羊 每天我照樣
少了妳好像白天少了朝陽
好想變回那個屁孩只會尻槍
而不是獨自翱翔
Oh, I really want to fly
Oh

Ah, 對不起我騙了妳
捲菸的菸草不來自後山
戒不掉菸 戒不掉妳 該怎麼辦
妳轉身離開我
我知道是我活該
捲菸捲走我的愛 我的愛

Yeah, yeah
Oh, yeah, yeah

對不起我騙了妳
捲菸的菸草不來自後山
戒不掉菸 戒不掉妳 該怎麼辦
妳轉身離開我
我知道是我活該
捲菸捲走我的愛 我的愛
捲菸捲走我的愛 我的愛

La-la-la, la-la-la
La-la-la-la-la-la-la-la
La-la-la, la-la-la-la, la-la-la-la
La-la-la, la-la-la
La-la-la-la-la-la-la
La-la-la-la-la-la-la",zh,0.9993271827697754
"Kabasaki, Zeno El Faraón, l0rna, Kristina",LA SACAPUNTAS,7mjWqfMjappj2v1Iw3rXeR,es,3168,False,"Tip-pun-tapun
Kristinando
Yeah, yeah, yeah, yeah (Punta-pun-tapun)
forever
The Queen of the point (Punta-pun-tapun; Kabasaki)
Hey, hey

Late night shows up
Dressed in Prada, the babe gets hot
Don't worry, with me they increase you
That 'desire' to do it to me slowly, and it demands me

They call it the pencil sharpener-pun-tapun
Shoot, then ask-tapun-tapun
And those black heels are joint-pun-tapun
With the—With the .22 semiautomatic always full
And they call it the pencil sharpener-pun-tapun
Shoot, then ask-tapun-tapun
And that 'taco' black' joint-pun-tapun
With the '—With the' panties that surround him, that thing back there that damages my health

I'm a tremendous sata', a manic cat
Magic because without touching it it gets up, and I love it
Everyone knows that Kristina always stands out
That's why in the neighborhood they call me the pencil sharpener.
Take it out because you know I'm very bad
I am the certified server
Because I'm a babydoll, legs like Aventador
Yes, everything you heard is true
They call me the pencil sharpener-pun-tapun
Shoot, then ask, I'm clever
I'm the pencil sharpener, pencil sharpener
Because I'm a little devil, baby, just like you

They call it the pencil sharpener-pun-tapun
Shoot, then ask-tapun-tapun
And those black heels are joint-pun-tapun
With the—With the .22 semiautomatic always full
And they call it the pencil sharpener-pun-tapun
Shoot, then ask-tapun-tapun
And that 'taco' black' joint-pun-tapun
With the '—With the' panties that surround him, that thing back there that damages my health

Man, drugs and money, my mind is like a joint
I wanted to go out quietly and I ended up with the richest
We stole your chain, your money and your boy
But we gave it back to you because I had the small pencil
We enter the club and they separate like the waters of Moses
You are the water and I am dead of thirst
Baby, I don't have time, I'm going to give you an express
So that he can call me again
Whore, faggot and chapi
We take the tip of your pencil
I didn't want to in the ass and you convinced me, daddy
Kristina and Lorena, the Illuminati combo (Ah)

Always active to bite you all
In criminal sex, flow Sinaloa
That butt knocks out like Balboa
The chin of the chain sounds and it soaks
He likes it—He likes it in the car in sport mode and out of the corner of my eye I see it
Who gets excited when the ugly ones follow us'
Always ask for the song ""Colocao"" in the chat
And he is aware that the perreo will continue to live with me
Baby, we have a 'count' pending for a long time
But tonight that debt is paid off
Hitting you hard became a necessary thing for me
And I'm in love with a hitwoman (Meow)

They call it the pencil sharpener-pun-tapun
Shoot, then ask-tapun-tapun
And those black heels are joint-pun-tapun
With the—With the .22 semiautomatic always full
And they call it the pencil sharpener-pun-tapun
Shoot, then ask-tapun-tapun
And that 'taco' black' joint-pun-tapun
With the '—With the' panties that surround him, that thing back there that damages my health

Hmm-hmm
L0rna, ah-ah, ah-ah-ah (Kabasaki)
Hmm-hmm
So you can take the edge off, dad
Kristina, Kabasaki, hmm-hmm
(So you can take the edge off)
You know, daddy
We only hang out with men who make money, not ridicule (Haha)
We are not for love
We are for the 100 bill, haha",en,0.36457422375679016
Stefanie Sun,我懷念的,7z2M7DsEjZjwXBkWG3zd21,zh,781,True,"我問為什麼 那女孩傳簡訊給我
而你為什麼 不解釋低著頭沉默
我該相信你很愛我 不願意敷衍我
還是明白你已不想挽回什麼
想問為什麼 我不再是你的快樂
可是為什麼 卻苦笑說我都懂了
自尊常常將人拖著 把愛都走曲折
假裝了解是怕 真相太赤裸裸
狼狽比失去難受

我懷念的 是無話不說
我懷念的 是一起作夢
我懷念的 是爭吵以後
還是想要愛你的衝動
我記得那年生日
也記得那一首歌
記得那片星空
最緊的右手 最暖的胸口 (Ooh, ooh)

誰記得 誰忘了

想問為什麼 我不再是你的快樂
可是為什麼 卻苦笑說我都懂了
自尊常常將人拖著 把愛都走曲折 (Ah-ah, hah-ah-ah)
假裝了解是怕 真相太赤裸裸 (Hah-ah-ah)
狼狽比失去難受

我懷念的 是無話不說
我懷念的 是一起作夢
我懷念的 是爭吵以後 (Uh, 爭吵以後)
還是想要愛你的衝動
我記得那年生日 也記得那一首歌
記得那片星空 最緊的右手 最暖的胸口
誰忘了
我懷念的 是無言感動
我懷念的 是絕對熾熱
我懷念的 是你很激動
求我原諒抱得我都痛
我記得你在背後 也記得我顫抖著
記得感覺洶湧 最美的煙火 最長的相擁

誰愛得太自由 (誰愛得太自由)
誰過頭太遠了 (誰過頭太遠了)
誰要走我的心 (誰要走我的心)
誰忘了那就是承諾
誰自顧自地走 (誰自顧自地走)
誰忘了看著我 (誰忘了看著我)
誰讓愛變沉重 (誰讓愛變沉重)
誰忘了要給你溫柔

Woah, ooh, woah
我懷念的
我還有想要愛你的衝動
我記得那年生日 也記得那一首歌
記得那片星空 最緊的右手 最暖的胸口

I let go
我讓座
假灑脫
誰懂我多麼不捨得
太愛了
so i
沒有哭
沒有說",zh,0.9997810125350952
