rank,artist,title,region,language,spotify_uri,streams,weeks_on_chart,peak_rank,lyrics
1,"Mr Plata, El Americano 4KT",Las Muñequitas,Colombia,latin,4nJJCRYru4QQakCiUA155f,1990353,9,1,"(Dímelo, ¿me vas a dar lo que yo pido?)
Dame tu amor, tu corazón
Enchapado en oro y en billetes, mi amor (Omarion King Beat)
Hazme volar, pero en avión
Quiero ser la reina de Miami a New York
Los 4KT

A todas las muñequita' le gustan los hombres malo'
Que tiene pistola' y balas como Halo
Que culeen bien pa' nunca olvidarlo
Que le pongan cacho' pa' todo' los día' llorarlo
A toa' estás perra' le gustan los hombres malo'
Que tiene pistola' y balas como Halo
Que culeen bien pa' nunca olvidarlo
Y que le pongan cacho, brother, pa' después llorarlo

(Será que yo lе puedo pedir un favorcito)
Ella se cree Yailin, yo mе le senté en la silla
Viene, me lo mama, te besa y no se cepilla
Le corro la tanga y se la meto por la orilla
El bueno tiene el pipí pequeño y no le hace ni cosquillas
Aló, aló, otra perra a la vista
De noche prepago y de día manicurista
Sale en los catálogos y no son de revista
Van al gimnasio y el gordito las conquista
Un perreo en la suite a las 6 de la mañana
Una perra mala, Catalina Santana
Que se preste ella, la amiga y la hermana
Recién me conoció me lo entregó por la fama
En lo oscuro, que tu novio no te vea
Mírala como mueve las tapa'
A los malo' nos busca la DEA
Esa carita 'e mala te delata

Ella viene de mamar, no la bese', no la bese'
Viene de mamar, no la bese', no la bese'
Ella viene de mamar, no la bese', no la bese'
No la bese', no la bese', no la bese'

A todas las muñequita' le gustan los hombres malo'
Que tiene pistola' y balas como Halo
Que culeen bien pa' nunca olvidarlo
Que le pongan cacho' pa' todo' los día' llorarlo
A todas las muñequita' le gustan los hombres malo'
Que tiene pistola' y balas como Halo
Que culeen bien pa' nunca olvidarlo, pa' nunca olvidarlo

Ella es una muñeca, ella es muñeca 'e la mafia
Su estilo no es de aquí, es de otra galaxia
Le gustan los bandido', los gánster pasa'o 'e farmacia
El amor pa' ella no existe, eso no es importancia
Esa linda e' una mala, es amante a los extremo'
Desde que anda con los malo' no le gustan más los bueno'
Nosotros somos bandidos, codeína y Sprite me enveneno
La mala que queremos en la trinchera la tenemo' (Papi)
La señorita quiere plata por eso anda con los malo'
Desde muy pequeña a ella le gustan los regalos
Sabe que soy un bandido de verdad, que yo la jalo
Que le doy muy feo cuando droga yo me instalo

Ella viene de mamar, no la bese', no la bese'
Viene de mamar, no la bese', no la bese'
Ella viene de mamar, no la bese', no la bese'
No la bese', no la bese', no la bese'

The fama fucking gone
Jaja, le cambiamos el juego
Con el Americano y los 4KT
Mera, dime
¿Qué lo qué?
De Tumaco a Tura y de Tura a Tumaco
Pa' que las perras se quiten los taco'
Grr-grr
¿Qué lo qué?
¿Qué lo qué?
Los 4KT, los 4KT
El Americano is back
Por cantar me mandan pack
Por cantar me mandan foto de los pussy
Andamos con Mr Plata y los TFG
¿Qué lo qué?
¿Qué lo qué?
¿Qué lo qué?
Jaja
Blows Duvaaan (A todas las muñequita' le gustan los hombres malo')"
2,"ARIA VEGA, Ryan Castro",CHÉVERE (premium_remix),Colombia,latin,3CBEVPwR3kUXDoTx1lqFUQ,1793988,3,2,"ARIA VEGA, Ryan Castro
La costeñita premium y el Awoo
Qué chimba, SOG
CHÉVERE Remix
¡Plo-plo-plo-plo!

Yo a ti no te quiero pa' un rato
Yo a ti te quiero pa' siempre
No sé por qué nos alejamo'
Como yo no te quiero ausente
Y tú, baby, ay, tú me gusta' full, ey
Imagina una vida cool
Tú y yo bajo un cielo azul
Oye, bebé (Yeah)

Uh, dime cómo lo consigo (Awoo)
Mi amor, tú aquí me tiene', solitario en el olvido (Yeah)
El pan está caliente, ¿y pa' qué va' a comerlo frío?
Hoy te la tiro true, plena, juntico' somos un mood (Upa, je)

Sabes que estoy puesta pa' ti, pa' ti, pa' ti (Pa' ti)
Que yo a nadie miro así, así, así (Que yo a nadie miro así)
Apriétame y no me deje' ir, no me deje' ir, no, uh-yeah
Sabes que estoy puesto pa' ti, pa' ti, pa' ti (Pa' ti)
Que yo a nadie miro así, así, así (Uy)
Acércate y no me deje' ir, no me deje' ir, woh, uh-yeah (Uh-yeah, ¡plo-plo-plo!)

Ay, costeñita, mamacita, a mí me gusta tu style
Si me pide' que te llegue, yo te llego a one time (Oh)
Me le pongo romántico tomando red wine
Contigo yo quiero una Caribbean life
Yo sé que a ti te gusta el flow de este bad boy
Caballero con dinero y coleto como Totoy
Monta'o en el bote, en el mar hay un party (¡Plo, plo, plo, plo!)
Energía caliente en Quillami

Ay, ay, chévere (Óyelo)
Costeñita hasta que quedemo' chévere' (Óyelo)
Ya estamo' 3:15 y pasamo' chévere'
Ponte las pila' o habla pa' ve', te has queda'o, ponte la 10 (¡Plo-plo-plo!)
Ay, chévere, un guarito para que quedemo' chévere (Salud)
Estamo' en la farra y me siento chévere
Ponte las pila' o habla pa' ve'
Te has queda'o, ponte la 10 (Pa' ve')

Uh, dime cómo lo consigo
Papá, tú aquí me tiene', solitarioaen el olvido (Yeah)
El pan está caliente, ¿y pa' qué va' a comerlo frío?
Hoy te la tiro true, plena, juntico' somos un mood (Je)

Sabes que estoy puesta pa' ti, pa' ti, pa' ti (Pa' ti)
Que yo a nadie miro así, así, así (Que yo a nadie miro así)
Apriétame y no me deje' ir, no me deje' ir, no, uh-yeah
Sabes que estoy puesto pa' ti, pa' ti, pa' ti (Pa' ti)
Que yo a nadie miro así, así, así (Uy)
Acércate y no me deje' ir, no me deje' ir, woh, uh-yeah (Uh-yeah, oye)

Dame lu', I give you luz verde, babe
Un futuro caribbean, Costa vibe
Con la lanchita lista en el muelle
Una casita en Puerto frente al mar
Y si quiere' city
Nos vamo' pa' la Arenosa, don't thinkin'
Lo feo, ¿pa' qué? Si yo pienso en lo pretty
Traje con la mini mini

Ay, ay, chévere (Óyelo)
Costeñita hasta que quedemo' chévere' (Óyelo)
Ya estamo' 3:15 y pasamo' chévere'
Ponte las pila' o habla pa' ve', te has queda'o, ponte la 10 (¡Plo-plo-plo!)
Ay, chévere, un guarito para que quedemo' chévere (Salud)
Estamo' en la farra y me siento chévere
Ponte las pila' o habla pa' ve'
Te has queda'o, ponte la 10

Upa, je, ah, ah
Yo soy ARIA VEGA, yeah
¿Está chévere o no está chévere?
¡Plo-plo-plo!
Vacílate esta, tiburón
Dí-Dí-Dímelo, HOKAI BEATS
Awoo
Cule vibe
La Nena de Quilla"
3,"Ryan Castro, Kapo, Gangsta",LA VILLA,Colombia,latin,2ZyrAym0sRLwt4PhGotHuI,1662672,18,1,"Kapo, Ryan Castro, Gangsta
Qué chimba, SOG
The real combination one more time
Again and again and again

Yeah, ay, si quiere me busca', me busca' en un party
Si quiere me busca', me busca que aquí 'toy
Me gusta tu boca y la curva de tu body
Ven, bailemo', que ya casi me voy
Que suene duro ese vals y si entra el awoo
Mami, que prendan los flash
Yo no me voy de aquí si no tengo una peli black
Que escuche dancehall y tenga grande eso atrás
Un recuerdo, un flashback
Hasta sin joya' tú brilla'
Eso nuevecito, mamacita, cero milla'
Vamos todo el finde a parcharno' en la villa
Esto es secretico donde nadie nos pilla
Nadie nos pilla

Ay, una que baile dancehall el doctor me recetó
Su mini, mini, mini, mini a mí me hipnotizó
Sexy gyal, tú anda' suelta, mami, lo sé to'
Su mini, mini, mini, mini a mí me hipnotizó
Una que baile dancehall el doctor me recetó
Su mini, mini a mí me hipnotizó
Sexy gyal, tú anda' suelta, mami, lo sé to'
Su mini, mini a mí me hipnotizó

Llego to'a la mafia que convoquen las muñeca'
Hoy yo voy salido pa' la lleca
Vamo' pa' la finca después de la discoteca
No te haga' la santa, mamacita, que tú peca'
Oh, no, baby, don't go, vamo' a cogerlo slow
Siente la vibra escuchando este dancehall
Pero tenemo' algo pendiente tú y yo después de este show, awoo
Bye-bye, todos nos miran, pero chao
Bye-bye, conmigo estás chimba, no woman, no cry
Aunque yo ya sé que e' la que menos runfly
Bam-bam-biram, bam-bam

Ay, una que baile dancehall el doctor me recetó
Su mini, mini, mini, mini a mí me hipnotizó
Sexy gyal, tú anda' suelta, mami, lo sé to'
Su mini, mini, mini, mini a mí me hipnotizó
Una que baile dancehall el doctor me recetó
Su mini, mini a mí me hipnotizó
Sexy gyal, tú anda' suelta, mami, lo sé to'
Su mini, mini a mí me hipnotizó

Ay, me fascina tu style, me fascina tu style, arrebata
Hopi bo sanka, mami, me sonsaca
Y pon la mano en la pared
Así tal cual el doctor me la médico
Nada genérico, original, sin químico
Yo soy su Kapo, también soy su lollipop
Brilla mi lollipop, como estrella de pop, mami
Be-bebé, bye

Ayy, ay, ay
Bam-bam-biram, bam-bam
Tu booty smile
Ayy, ay, ay
Bam-bam-biram, bam-bam

Una que baile dancehall el doctor me recetó
Su mini, mini, mini, mini a mí me hipnotizó
Sexy gyal, tú anda' suelta, mami, lo sé to'
Su mini, mini, mini a mí me hipnotizó
Una que baile dancehall el doctor me recetó
Su mini, mini, mini, mini a mí me hipnotizó
Sexy gyal, tú anda' suelta, mami, lo sé to'
Su mini, mini a mí me hipnotizó

Yo, Gangsta"
4,Kris R.,GANAS,Colombia,latin,4KE9Ne3hgh18B3Th4xcylg,1555655,7,2,"Yeah, yeah
Yeah, yeah

Mi amor, culeemos como si me mataran mañana
Venga, yo le hago el favor
Usted sabe que hace tiempo le llevo ganas

¿Cuál es tu misterio?
Hemos chimbea'o, hemos habla'o
A nada hemos llega'o, tú no me tomas en serio
No metemos sentimientos, tú enferma por culear
Y yo soy tu remedio

No te voy a mentir, nos hicimos daño
Me enredo en otras pieles y más tе extraño (Eh)
Yo contigo quería todo, tú me usastе de paño
Qué gonorrea, no alcanzamos ni a llegar al año
Yo a ti te conozco, ma
Se nos va a ir esta vida, pero en otra vida me vas a tener que amar
Usted pa' mí era mi vida y qué malparida cómo me llegó a pagar
Di-Di-Di-Di-Di-Di-Dime, mami, si quiere' y lo repetimo'
Momentos viejos, con sexo los revivimo'
Tú me pediste tiempo, en ese tiempo nos perdimo'
Dime si nos vemos en el lugar que nos comimo'
Quiero culearte una vez más
Te recojo en la G-Class, te meto en la parte 'e atrás (Shh)
Sabes de lo que soy capaz, no importa si hay alguien más
Tú eres mía hasta que yo decida
Y todo duele, pero me hago el loco
Yo a ti no te olvido, tú a mí tampoco
Tuve que borrar todas las fotos
Quedó en el olvido lo de nosotros
No, no, no, hable claro, amor, si fue que me olvidó
Nadie se ve tan chimba como tú y yo
Si hay alguien más, yo te doy tu espacio
Pero hagámoslo por última vez
Si te llamo, amor, no es pa' que me colgués (No)
Es para que revivamos las noches de sex
Uno siempre vuelve a donde algún día feliz fue

Mi amor, culeemos como si me mataran mañana
Venga, yo le hago el favor
Usted sabe que hace tiempo le llevo ganas (Jeje)

¿Cuál es tu misterio?
Hemos chimbea'o, hemos habla'o
A nada hemos llega'o, tú no me tomas en serio
No metemos sentimientos, tú enferma por culear
Y yo soy tu remedio

Normal, no sé ni qué voy a hacer con usted, de buenas
Qué vuelta todo lo que pasó, cómo me pagó
Sabe que yo estaba puesto pa' usted, pero
¿Qué es lo que somos, pues?
Sisas, La K
El trap de Medallo, el trap de Colombia
Una valija en sentimiento
Háblales, Monja
Mejor dicho, jaja
Es pa' que la escuche, me piense
Y me pegue la llamadita, jajaja
Háblales, OG
Háblales, Magic"
5,"W Sound, Beéle, Ovy On The Drums",La Plena - W Sound 05,Colombia,latin,6iOndD4OFo7GkaDypWQIou,1187848,54,1,"O-O-Ovy On The Drums
You're the apple of my eye, you
Are everything I want
A beer to quench the thirst? Nah
Better to be kissed by your little mouth, my love
Temptations like you
Deserve sinners like me
Oh, if you want it, just give the signal (Aye)
You know I won't say no

Ay, you've got that magic
You really have that little something I love, it drives me crazy (Ay-ay)
Sleeping with you was love at first sight, when you danced like that
On the neck, kisses and tongue, I know you love it, it drives you crazy
I know you love it, it drives you crazy
And sometimes

Ooh, ooh, ooh (I know you love it, it drives you crazy)
Ooh, ooh, ooh (For real)
Ooh, ooh, ooh
Ooh (Listen), ooh, ooh

Hey, the thing is that ever since I saw your face
I fell in love with all of you, you've just got that something and I don't know what it is
I feel like the same thing happens to you when I look at you
What do you say, we chill and watch the sunrise together? (Prra)
I wanna do everything, I want you to be my everthing
I tell you, ""Rub it, go ahread,"" and then she comes and rubs it (Ooh-ah)
Let's meet up later
If you don't like hell, why you flirting with the devil?
And she, a cutie from Medellín, and I'm from the coast, a coleto
I press her close on a single tile
To keep it real with you, no fake stuff
It's clear you're pure poison

Ay, you've got that magic
You really have that little something I love, it drives me crazy (Ay-ay)
Sleeping with you was love at first sight, when you danced like that
On the neck, kisses and tongue, I know you love it, it drives you crazy (Ooh)
I know you love it, it drives you crazy
And sometimes

Ooh, ooh, ooh (I know you love it, it drives you crazy)
Ooh, ooh, ooh (Listen, for real)
Ooh, ooh, ooh (I know you love it, it drives you crazy)
Ooh, ooh, ooh

Beéle
Ovy On The Rasta Drums
W Sound
Aye
Alright"
6,Beéle,no tiene sentido,Colombia,latin,1HEwEN64NjgTaHmo7LfkX8,1147408,42,2,"(¡Uh-wu-wu-wu-wu-wu-wu-wu!)
Baby, ¿Qué tú espera'? (Ah-ah)
Si tú y yo conectamo' la primera vez que nos vimo' a los ojo'
No hay manera (Óyelo), de que me olvide de esa piel canela
Quedaron secuela' de esa noche (Yeah, yeah)

Que tú y yo paramo' el tiempo
Frente a frente (Alright), cuerpo a cuerpo
Yo no sé por qué tan lejos, vo', ah-ah

No tiene sentido que con esto que sentimo'
Tú esté' por otro camino, no еs normal
Bebé, tú allá y yo acá
Eso no tiene sеntido, baby, si ya coincidimo'
Y un par de cosas vivimo', no es normal
Bebé, tú allá y yo acá
Eso no tiene sentido (No; wuh-wuh-wuh)
Eso no tiene sentido (No; aye)
No tiene sentido (No; alright, wu-wu-wu-wu)
No tiene sentido (Óyelo)

Dime, mami, ¿qué fue? ¿Qué se me hizo? (Uh)
Que hace tiempo no te localizo (Uh)
Manda ubi que yo te aterrizo (Wuh-wuh)
Te pienso y me erizo (Aye)
A tu nombre yo me desahogo
El video que hicimo' a vece' lo utilizo
Las ganas en el cielo y la ropa en el piso
Bebé (Bebé), hace tiempo que no te veo (Que no)
Que no me escribes (Que no), que no te leo (Que no)
Con mi mente a veces peleo (Que no)
Porque me dice (Que no) que me olvide, baby

Que tú y yo paramo' el tiempo (Tú y yo)
Frente a frente, cuerpo a cuerpo
Yo no sé por qué tan lejos, vo' (Alright, alright), ah-ah

No tiene sentido que con esto que sentimo'
Tú esté' por otro camino, no es normal
Bebé, tú allá y yo acá
Eso no tiene sentido, baby, si ya coincidimo'
Y un par de cosas vivimo', no es normal
Bebé, tú allá y yo acá
Eso no tiene sentido (No; wuh-wuh-wuh)
Eso no tiene sentido (No; aye)
No tiene sentido (No; alright, wu-wu-wu-wu)
No tiene sentido (No; óyelo)"
7,"J Balvin, Ryan Castro, DJ Snake",Tonto,Colombia,latin,7mU1fei7P9h4mpjP2Otdw5,1138980,1,7,"No se puede decir grosería'
Soy Godzilla y presento
DJ Snake
SOG
J Balvin
Ryan Castro
Latino gang
Awoo

Tonto, ni que tonto
Tonto, yo quiero tonto
Tonto, ni que tonto
'Tá rica pa' hacerle wikiri-wikiri-wikiri-wa
Tonto, ni que tonto
Tonto, yo quiero tonto
Tonto, ni que tonto
'Tá rica pa' hacerle wikiri-wikiri-wikiri-wa (Awoo)

Mmm, me siento como Kendrick en Compton
Con una chimba montada en el Phantom
La cubana con las Jordan Concord
No colaboramo' con los tombo' (Plo)
Mami, clap-clap ese bombo
Muévelo pa' mí y pa' mi combo
¿Pa' qué me invitan, si saben cómo me pongo?
Tú no estás rica, tú 'tás rica con co (Wikiri-wikiri-wikiri-wa)

Tonto, ni que tonto
Tonto, yo quiero tonto (Plo)
Tonto, ni que tonto
'Tá rica pa' hacerle wikiri-wikiri-wikiri-wa
Tonto, ni que tonto
Tonto, yo quiero tonto (Plo)
Tonto, ni que tonto
'Tá rica pa' hacerle wikiri-wikiri-wikiri-wa, wikiri-wikiri-wikiri

De weekend en Toronto
Si no es la G-Wa, es en la Bronco
Cada que tengo un party, la monto
No, no, no, Mutombo
El gato volador como El Chombo
Perro de raza, putongo
Me la como en PR como mofongo (Pu-pu-pum)
Y no soy un gomelo de colombo

Tonto, ni que tonto
Tonto, yo quiero tonto
Tonto, ni que tonto
'Tá rica pa' hacerle wikiri-wikiri-wikiri-wa
Tonto, ni que tonto
Tonto, yo quiero tonto
Tonto, ni que tonto
'Tá rica pa' hacerle wikiri-wikiri-wikiri-wa

Yah
Yah
Yah
Wikiri-wikiri-wikiri-wa
Yah
Yah
Yah
Wikiri-wikiri-wikiri-wa"
8,Beéle,quédate,Colombia,latin,6VfL3MEuYeJbDlD8m011HR,1124708,42,2,"¿Cómo le explico al corazón que quieres irte?
Si tienes dudas, mami, no te estoy mintiendo
Mira mis ojos mientras mi alma se desviste
Los que miras justo cuando me estoy viniendo
Cómo quisiera que estuvieras aquí
Me sintieras a mí al ladito tuyo
Pa' que veas que yo no puedo fingir
Y me puedo morir por los besos tuyos
Cómo quisiera que estuvieras aquí
Me sintieras a mí al ladito tuyo
Pa' que veas que yo no puedo fingir
Y me puedo morir por los besos tuyos

Ven quédate, quédate
No puedo estar sin ti
Quédate, quédate
Oh-oh, no puedo estar sin ti
Oh, no-no-no
Oh, no-no-no
Quédate
No puedo estar sin ti

Este que está aquí a ti no te quiere dejar
Este que está aquí también se deja llevar
Estamo' destinados a juntos celebrar la Navidad
Esto nunca tuvo sentido, fuimos en contra de la Ley Universal
Qué visaje, cule' viaje
Dime cómo evitamos las señales
A veces yo quisiera que no pare
Pero esto me va a matar
Quiero ver qué responde, no me tira ni: ""Hola""
Y yo aquí con cule' bartola
Pensando en toda' las noche' que estuvimos a solas
Y no le parábamos bolas
Chingando con un feeling, somos Reyes de las Olas
Estoy frente a tu alma, porfa, ma', déjame entrar
Permíteme que entienda' que no existe nadie más
Y si me quedo contigo es porque tú eres la mondá

Ven quédate (quédate), quédate (quédate)
No puedo estar sin ti (sin ti)
Quédate, quédate
No, no puedo estar sin ti
Oh, no-no-no
Oh, no-no-no
Quédate (alright, alright)
No puedo estar sin ti"
9,Grupo Firme,El Beneficio De La Duda,Colombia,latin,5yXt80BNZGbmHFd0NHZHNn,1105825,54,3,"Sé que ahora lo último que quieres es saber cómo me encuentro
Pero, por si acaso llegas a pensar en mí un momento
Quiero que sepas que yo también estoy pensando en ti
Y también me queda claro que no te interesan mis historias
La versión mía de los hechos no me llevará a la gloria
Pero, de algún modo, sé que no me dejaría tan mal

No me merezco el benеficio de la duda
Mas lo voy a agradecer si acaso un día mе lo regalas
Tú y yo no estamos pa' estar sufriendo por estupideces
Nos podemos arreglar si todavía te quedan ganas
Y no quisiera que me malinterpretaras
Pero a los dos nos conviene que le demos vuelta a la hoja
Se nos va a poner difícil eso de andarle buscando en otras gentes
Otros modos, otros cuerpos, otras bocas

Tú y yo estábamos viviendo algo bonito
Y disculpa si es que te vuelvo a insistir
Solo dame el beneficio de la duda
Y no te vas a arrepentir
(Ra-ra-ra-ra-ri-ra)
(Ra-ra-ra-ra-ri-ra)

¡Y puro Grupo Firme!
¡Uh!

No me merezco el beneficio de la duda
Mas lo voy a agradecer si acaso un día me lo regalas
Tú y yo no estamos pa' estar sufriendo por estupideces
Nos podemos arreglar si todavía te quedan ganas
Y no quisiera que me malinterpretaras
Pero a los dos nos conviene que le demos vuelta a la hoja
Se nos va a poner difícil eso de andarle buscando en otras gentes
Otros modos, otros cuerpos, otras bocas

Tú y yo estábamos viviendo algo bonito
Y disculpa si es que te vuelvo a insistir
Solo dame el beneficio de la duda
Y no te vas a arrepentir

(Ay, la-ra-la)
(La-ra-la)
(La-ra-la)
(La-ra-la, ah-ah)"
10,"Yeison Jimenez, Luis Alfonso",Destino Final,Colombia,latin,2E4TYekUduml1DWIqQWNcj,1099832,13,1,"Y cántele lindo, ¡señorazo!

Yo sé que algún día, el día en que me muera tendrá que llegar
Yo no quiero honores, ni llantos ni flores, quiero descansar
Por eso es que en vida no le tengo miedo cuando hay que gastar
¿Para qué la guardo? Si cuando me vaya, aquí se va a quedar

Por eso es que vivo feliz y contento
Yo no me desgasto esperando el momento
Por eso prefiero estar con mis parceros, esa es la que hay

Y vamos a sacarle el jugo a esta vida pero un poquito contentosos
Dícelo, Luis Alfonso

Que prendan la fiesta y que truene la banda
Que traigan cerveza y se arme la parranda
Que lluevan mujeres, que suenen guitarras para disfrutar
Que el último beso sea el de mi madre
Que la Virgencita me los acompañe
Que sean mis caballos los que a mí me lleven
Al destino final

¡Yeison Jimenez!
Lindo, lindo, Luis Alfonso
Este es el señorazo y Yeison Jimenez
¡Georgy Parra!
Salvaje
Con el corazón
¡Ay!

Por eso es que vivo feliz y contento
Yo no me desgasto esperando el momento
Por eso prefiero estar con mis parceros, esa es la que hay

Que prendan la fiesta y que truene la banda
Que traigan cerveza y se arme la parranda
Que lluevan mujeres, que suenen guitarras para disfrutar
Que el último beso sea el de mi madre
Que la Virgencita me los acompañe
Que sean mis caballos los que a mí me lleven
Al destino final"
11,"Blessd, Los Money Makers, Prodmonja",NUEVA YORK,Colombia,latin,5U3sC7aA5NxoMSeI1kmO2n,1051785,40,8,"(¿Sabe qué, mi amor?)
Pensando en ti, aunque somos tal para cual
Yo no te leí, pero el corazón sí
Y yo no voy a aceptar que me vayas a olvidar
Si sé que muero por ti
Con el corazón hecho mierda
Pensando soy un cero a la izquierda (¿Pero sabe qué, mi amor?)
Yo no quiero dejarte ir

Y a Nueva York te vas sin mí, y yo sigo aquí
Pegado a la botella, pidiendo a las estrellas
Que no te dejen ir a otro lugar sin mí
Porque en ti dejé huellas
(No estoy tan Blessd sin ella; usted sabe, mi amor)

Solo otra Navidad, Amor y Amistad sin vos
Con la mente andando en Nueva York
El chorro me aconseja mal, me pone peor
Y esta soledad me está dando depresión
Llámame ""loco"", ""intenso""
Porque te llame cada vez que te pienso
Pa' este despecho prendo un incienso
Desde que hicimos el amor (Jaja)
Con los otros ni sexo
Sigo pensándote, y ahora no quiere' responderme
Quisiera el tiempo retroceder pa' mejor valorarte
Ese cuerpito de gimnasio
Que merecía carro', joya' y palacio
Todavía me niego en entender
Que me estés pidiendo, reina, un espacio
(Escuche, mi amor, que, agh)

Y a Nueva York te vas sin mí, y yo sigo aquí
Pegado a la botella, pidiendo a las estrellas (Pidiendo)
Que no te dejen ir a otro lugar sin mí
Porque en ti dejé huellas, no estoy tan Blessd sin ella (Escuche pues, mi amor)

Y yo no sé cómo olvidarme de ti (Jaja)
Te lo juro que eres mi secreto más oscuro (Te lo juro)
Qué vuelta esconder algo tan real y puro
Pero nadie sabe que a mí me da tan duro
Y se lo juro, y se lo aseguro (¿Sabe qué, mi amor?)
Que eres, bebé, mi lugar seguro
Te necesito como un cubano a su puro
Yo no voy a dejarte ir, dime ""inmaduro""

Y a Nueva York te vas sin mí, y yo sigo aquí
Pegado a la botella, pidiendo a las estrellas (Pidiendo)
Que no te dejen ir a otro lugar sin mí
Porque en ti dejé huellas, no estoy tan Blessd sin ella (Jaja, ¿pero sabe qué, mi amor?)

Mi amor, usted fue la única que me creyó lo de amor a primera vista
Y se enamoró el artista
¿Qué más podemos hacer? ¿Qué más podemos querer?
Si usted se deja involucrar, el amor volvemos a hacer, jajaja
Y esto es pa' ti
Monja
Monja, don't got mercy on these niggas
Dímelo, Jara
Este talento que nadie se compara
Toby, prende la guitarra
Money Makers (Money Makers)
Ey, Jose, candela"
12,Blessd,YOGURCITO,Colombia,latin,6rZno3nqeT7hv2PnSWRuYS,1046173,79,4,"Uy
Mmm, mmm
Escuche pues
The Prodigiez

Yo no me conformo a verte por las foto' (Ey)
Mándame la ubi para yo llegarle
En el cuarto, baby, vamo' a hace' una porno
Te jalo del pelo, no vas a quitarte
¿Qué es lo que tiene ese booty tuyo, mami?
Que me haces pensarte cuando yo estoy solo
Lo más hijueputa es cuando te hago venir
Y me dices: ""Papi, no quiero con otro""

Rico, adicto a tu toto
Me quitas las prenda', yo te lo coloco
Le gusta lo caro, se moja si la toco
Se baja los panty y me mandó una foto
En la mano el AP, mueve todo eso pa' mí
Dice que nadie le ha da'o así como yo le di
Yo hago que te conviertas en diabla, palabras sobran
Porque en la cama no se habla, partimos tabla
En la cama arreglamo' siempre que discutimo' (Mmm)
Son más de siete polvo' y siempre nos venimo'
Me pide que no pare, que le dé más castigo
Esta ninfomaniaca me tiene envuelto en su nido

Yo no me conformo a verte por las foto' (Ey)
Mándame la ubi para yo llegarle
En el cuarto, baby, vamo' a hace' una porno
Te jalo del pelo, no vas a quitarte
¿Qué es lo que tiene ese booty tuyo, mami?
Que me haces pensarte cuando yo estoy solo
Lo más hijueputa es cuando te hago venir
Y me dices: ""Papi, no quiero con otro""

Usted tranquila, reina, que yo conduzco
Yo me pongo tierno, pero también yo soy brusco
Dígame, mujer, que a escondidas la seduzco
Deme un polvito y verá que yo me luzco
El yogurcito ya está listo allá, en la barbería (Jaja)
Empezamos en la noche y terminamos en el día (Sabes)
Estoy listo pa' darle candela, pero a escondida'
Ay, mi vida, ay, mi vida
Qué rico, qué rico, qué rico ese totito
Más cuando está mojado, mi amor, por los besito'
Qué rico, qué rico, te juro, mi amorcito
Acérquese despacio, yo le meto un dedito

Jaja
Ave María, mi amor (Jaja)
Aquí no sé qué decirle, venga, fluya (Jaja)
Venga, me hace el amor bien rico, mi reina, que
Usted sabe, en la cama, ¿pa' qué hablar?
Las palabras sobran, ¿vea, mor?
Siempre Blessd
Y esto es pa' ti, tú sabes quién
Dímelo, Jara
The-The-The Prodigiez
Junto a El Bendito
Mi amor, usted sabe, en cualquier puto ritmito"
13,"Beéle, Ovy On The Drums",mi refe,Colombia,latin,4zhk2RS2EZODmBW6il55Qj,985479,65,1,"To' el mundo ya supone que tú y yo somo' algo (Oh-oh)
Confirman en la calle que contigo es que salgo (Uh-uh)
¿Entonce' pa' qué mentirno' más? (Ah)
No sé pa' qué seguir disimulando más (No)
Que importe un culo lo que piensen los demás (Uh-yeah)
Tú y yo nacimo' pa' estar juntos, yo me pregunto

¿Pa' qué putas esconderno'?
Dejemo' tanto misterio para verno'
Yo te gusto, tú me gustas, eso hace rato se sabe
Delante de la gente bésame
¿Pa' qué putas esconderno'?
Dejemo' tanto misterio para verno'
Yo te gusto, tú me gustas, eso hace rato se sabe
Delante de la gente bésame

Vo'a presumir que estás dura (Oh), yo tu gángster, tú mi chula
Contigo me pasa que no me importa lo que comenten
Si nos llegan a la altura (No, no), tienes vibra de alma pura (OH)
Para el mal, ella es mi cura, su cintura está demente

Yo me enamoré, eh, eh, eh, eh
De ti más me enamoro, oh, oh, oh, oh (Ah-ah)
Con la espalda en la pared, eh, eh, eh, eh (Eo)
Sin pensar que alguien nos vio, oh, oh, oh, oh
De ti yo me enamoré, eh, eh, eh, eh (Aye)
De ti más me enamoro, oh, oh, oh, oh
Con la espalda en la pared, eh, eh, eh, eh
Sin pensar que alguien nos vio, oh, oh, oh, oh (No, no)

¿Pa' qué putas esconderno'?
Dejemo' tanto misterio para verno'
Yo te gusto, tú me gustas, eso hace rato se sabe
Delante de la gente bésame
¿Pa' qué putas esconderno'?

O-O-Ovy On The Drums"
14,Bad Bunny,BAILE INoLVIDABLE,Colombia,latin,2lTm559tuIvatlT1u0JYG2,944937,61,1,"Pensaba que contigo iba a envejecer
En otra vida, en otro mundo podrá ser
En esta solo queda irme un día
Y solamente verte en el atardecer
Si me ven solo y triste, no me hablen
Si me ven solo y triste, soy culpable
La vida es una fiesta que un día termina
Y fuiste tú mi baile inolvidable
Y fuiste tú mi baile inolvidable
Eh-eh, eh-eh
Eh-eh, eh-eh

Mientras uno está vivo
Uno debe amar lo más que pueda

Pensaba que contigo iba a envejecer
En otra vida, en otro mundo podrá ser
En esta solo queda irme un día
Y ver pa'l cielo a ver si te veo caer
Si me ven solo y triste, no me hablen
Si me ven solo y triste, soy culpable
La vida es una fiesta que un día termina
Y fuiste tú mi baile inolvidable

No, no te puedo olvidar
No, no te puedo borrar
Tú me enseñaste a querer
Me enseñaste a bailar
No, no te puedo olvidar
No, no te puedo borrar
Tú me enseñaste a querer
Me enseñaste a bailar

Yeah-yeah-yeah-yeah, ey
Dime cómo le hago pa' olvidarte
Hay un paso nuevo que quiero enseñarte
En las noche' ya ni puedo dormir
Lo que hago es soñarte

No, no te puedo olvidar
No, no te puedo borrar
Tú me enseñaste a querer
Me enseñaste a bailar

Cómo tú me besabas, cómo yo te lo hacía
Cómo tú me mirabas, bellaquito me ponía
Se siente feo no tenerte cerquita
La nueva mama bien, pero no es tu boquita
Mi diabla, mi ángel, mi loquita
Mi diabla, mi ángel, mi loquita, ey

Esto suena cabrón
Vamo' a hacerlo otra ve'
Como anoche, como anoche
Tan, tan, ta-na-na, ta-na-na
Aprieta, chamaquito, aprieta
¡Ahí, ahí, ahí, vamo' allá!

No, no te puedo olvidar
No, no te puedo borrar
Tú me enseñaste a querer
Me enseñaste a bailar

Ay, yo con cualquiera me puedo acostar
Pero no con cualquiera quiero despertar
Solo con usted, con usted
Yo bailo con usted, na' más con usted
Un beso donde estés, donde estés, bebé

No, no te puedo olvidar
No, no te puedo borrar
Tú me enseñaste a querer
Me enseñaste a bailar

Y yo he tenido muchas novia'
Pero como tú, ninguna
Ya no tengo mi sol, me paso en la luna
Si te pienso, me tiro de una
Eh-eh, mi diabla, mi ángel, mi loquita
Mi diabla, mi ángel, mi loquita, eh-eh"
15,"Omar Courtz, Ñengo Flow",FOREVER TU GANTEL,Colombia,latin,1YAWMfsmduIrpqrjP45pFn,923751,2,15,"Voy a darte duro, mami, pa' que lo sienta'
En las noche' frías sé que mi nombre piensas
Jajajaja
Bri-ba-ba-ba-bai-ba
Bellaquita, bellaquita
Real G4 Life foreva

Baby, por las noches tú me piensa', me pasa también (
Mami, mami
)
Yo siempre quiero ser quien te calienta (
Forever
), quien besa tu piel (
Bri-ba-ba-ba-bai-ba
)
Baby, vamo' a hacerlo como ante', cuando estábamo' bien (
Mami
)
Yo forever voy a ser tu gangster (Jajajaja), tú mi nena, bebé (Real G4 Life foreva)

Fore-Forever mi lova (Mi lova), yo nunca la dejo sola
Esa nena es mi gata, ella nunca me abandona (Yo)
Tengo el poder de erizar tu piel si te toco por la zona
Yo soy tu bandido, el que el corazón te roba
Una noche de placer es lo que la nena pide
Que le pongan música pa' que se motive (Ah)
Cuerpo con cuerpo la bellaquera coincide (Jajaja)
Me hace to' los truco' pa' que yo nunca la olvide, ma (Yo)
Forever mi gata, el que te toque, vo'a jalarle las pata' (Se va a morir)
Pensando en ti es que Ñengo se arrebata
Pone mis cancione' en la bocina pa' ponerse má' bellaca
De pasarla bien, eso se trata, ma (Es obvio)
Real G4 Life, baby

Baby, por las noches tú me piensa' (Uh-uh), me pasa también (Ma)
Yo siempre quiero ser quien te calienta, quien bese tu piel
Baby, vamo' a hacerlo como ante' (Jajajajaja), cuando estábamo' bien
Yo forever voy a ser tu gangster, tú mi nena, bebé (Jajajajaja; bellaquita)

Tú me piensa' cuando bebe', cuando fuma'
Cuando te sientes solita, cuando está' arriba 'e la luna
Yo sueno en las motorita', en los Can-Am y toa' las Chuma
Yo paso empeliculea'o en la nave por tu urba
Mami, ahí es que yo te robo-obo
Como yo te como, nadie te lo hace, hace
De tocarte, ma, te mojo (Mojo)
Chequea el piquete este, como que camino cojo
No es que yo esté bien cabrón, es que ellos to's son flojo', flojo' (Ey)
Mi-Mi bebecita yo me encierro en el cuarto con ella
La pongo a cerrar los ojo' pa' que vea la' estrella'
Cuando tú me mira' así, diablo, qué bellaquera
Está' escuchando al Ñengo con el de la nueva era
Y yo recuerdo tú y yo (Ah-ah) entrando en calor
La noche nos pedía, mami, sexo y sudor
En mi mente tus beso', tus pose', y tu olor (Eh-eh)
Tú todavía busca' a alguien que te lo haga como yo
Y son recuerdo', mi amor, entrando en calor
La noche nos pedía, mami, sexo y sudor
En mi mente tus beso', tus pose', y tu olor
Aquí me tienes solito esperando el call, mami (Jajajajaja, Real G4 Life, baby)

Baby, por las noches tú me piensa', me pasa también (Ma)
Yo siempre quiero ser quien te calienta, quien besa tu piel (Sí)
Bab-Baby, vamo' a hacerlo como ante' (Jajajaja), cuando estábamos bien
Yo forever voy a ser tu gangster, tú mi nena, bebé

Tú está' bellaca, y yo lo sé
Sus ojo' me están hablando
Si sigue como va, vamo' a terminar chingando, chingando
Lo sé, sus ojos me están hablando
Si sigue como va, vamo' a terminar chingando
Real G4 Life, baby
Orientando a las generacione' nueva'
Dime, Ousi
Bellaquita, bellaquita
Nosotro' estamo' poniendo los culo' a retumbar desde ante' de que ustede' nacieran
Real G4 Life foreva (Jajajaja)
Ousi
Ja"
16,"Blessd, Ovy On The Drums",AMISTA,Colombia,latin,1kJyDcBrZ7rSKnFtKc82vm,921870,45,2,"Oh
Ovy On The Drums
(O-O-Ovy On The Drums)

Voy a ahogarme con la realidad
Si no te digo esto (Escuche pues)
Todavía te extraño (Te extraño)
Todavía te pienso (Todavía te pienso)
Reina, no te estoy hablando yo
Son mis sentimientos (Eh)
Sé que tuve mis fallos (Pero ¿sabe qué?)
Ya he aprendido de ellos (Jaja)
Y a veces quiero pensar
Que tú tampoco a mí me has dejado de pensar
Aunque veo en tus redes lo contrario (Qué vuelta)
Ver tu perfil es un mal necesario (Todos los días)
Y si me vieras, quizás
Algo de ti de pronto te haga a mí regresar (Regresar)
Reina, yo no pierdo la esperanza de que algún día volvamos (Escuche pues)

Ojalá sintieras esto que estoy sintiendo
Ojalá y me vieras así (¿Así cómo?), bebiendo
Pa' que te des cuenta que por ti estoy muriendo (Por dentro)
Pero si no quieres volver, entiendo (Siempre Blessd)

Estoy tomando Clase Azul, para matar este guayabo amoroso (Escuche pues)
De tanto hablarte, ma, creo que es acoso (Ah)
Tú fuiste lo más lindo, aunque perdí lo más valioso
Quiero volverte a ver, así suene ambicioso
Y sé (Y sé) que tu perdón no merezco
Pienso en lo que hice y hasta yo me aborrezco (Uoh)
Si en tu vida más no aparezco
Quiero que sepas que por todo te agradezco (Jaja, ah)
Ey, te pienso mucho, niña
Extraño eso' besitos con sabor a Caipiriña
Me muero en celos pensando que otro el ojo te guiña
Ojalá y no me olvides si con él tú te encariñas (Todos los días)
Ayer que regresé a mi pueblo
Alguien me dijo que ya te casaste
Mírame y dime si ya me olvidaste
Bebé, no te deseo el mal, pero (Escuche pues)

Ojalá y sintieras esto que estoy sintiendo
Ojalá y me vieras así (¿Así cómo?), bebiendo
Pa' que te des cuenta que por ti estoy muriendo (Por dentro)
Pero si no quieres volver, entiendo

(Estoy tomando Clase Azul)
¿Sabe qué, mi amor?
No sé como comentarle tantas cosas que han pasado, pero
Yo le sigo revisando ese Instagram todos los días
Y no me puedo olvidar de usted, ¿si sabe?
Ey
Ovy On The Drums, El Bendito y Keityn
Dímelo, Jara
Desde el Barrio Antioquia
Siempre Blessd
Ey, Jose, candela"
17,"Blessd, Anuel AA, Yan Block, Luar La L, Kris R., ROA","YOGURCITO REMIX (feat. Kris R., ROA)",Colombia,latin,7nrd0eIftH3NQLfgk20Qp9,902099,28,1,"יה, יה
אני כבר חמוש ומקליט את האלבום באמצע סיבוב הופעות

אה-אה-אה, את עומדת לחשוב עליי
איפה שלא תהיי, איפה שלא תהיי
משקרת לעצמך, לא משנה כמה שואלים
אם אני איתך
אני אתחיל עם הזונות האלה, היא הבייבי (אה-אה)
את באה לפה, אני מעלה את זה למעלה (מעלה)
הסטלה הזאת היא תרופה, הגוף הזה הרפתקה (אה)
למה הגוף הזה כל כך טוב? (אה-אה)
הכוס הזה מריח כמו פרי

אני לא מסופק מלראות אותך בתמונות (תמונות)
תשלחי לי את המיקום כדי שאני אגיע (אגיע)
בחדר, בייבי, אנחנו עומדים לעשות פורנו (או-או)
אני מושך לך בשיער (שיער), את לא תלכי (אואה)
מה הקטע עם התחת הזה שלך,מאמי? (מאמי)
מה את גורמת לי לחשוב עלייך כשאני לבד (לבד)
הכי בן זונה כשאני גורם לך לגמור (לגמור)
ואומרת לי: ""פאפי, אני לא רוצה עם מישהו אחר""

רותח, מכור לכוס שלך
את מורידה לי את הבגדים, אני שם אותם עלייך
היא אוהבת דברים יקרים, נרטבת אם אני נוגע בה
הורידה את התחתונים ושלחה לי תמונה

יפה, מגניבה (-בה), הציצים הקטנים מורמים (מורמים)
טסתי לקוליאקן, התאהבה בגלוק המוזהב שלי (ברר)
טוסי, מולי ומים כדי להזדיין חזק (להזדיין חזק)
מאמי, תשלחי לי תמונה, אני עם הנשק (עם הנשק)
כדי למצוץ לך את הכוס בחדר המלון, לקחתי שוט של וויטפאר
זה לא אותו דבר
כשאת מזדיינת איתו, לעומת מה שנותן אנואל
תגידי, בייבי, מגלגלים ג'וינט ומעשנים פורה (מעשנים פורה)
הדלקתי, העננים אפורים, מאמי, עכשיו הכוס שלך יהיה גשום (הכוס שלך יהיה גשום)

הבן זונה הזה השאיר אותך עם לב שבור (שבור)
השמוק הזה לא יודע לזיין אותך (לזיין אותך)
בחדר, בייבי, אנחנו עומדים לעשות פורנו (פורנו)
אני מלקק לך את התחת אחרי שאת משתכרת (La AA)

על היד האייפי, תזיזי את כל זה בשבילי
אומרת שאף אחד לא נתן לה כמו שאני נותן
אני הופך אותך לשטנית, לא צריך מילים
כי במיטה היא לא מדברת, שוברים את השולחן
במיטה תמיד מתקנים את הריבים שלנו (מממ)
יש יותר משבע אבקות ואנחנו תמיד גומרים
ביקשה ממני שלא אפסיק, שאעניש אותה יותר
הנימפומנית הזאת קברה אותי בקן שלה (ררר)

אני לא מסופק מלראות אותך בתמונות (איי)
תשלחי לי את המיקום כדי שאני אגיע (את יודעת שאני ואת עומדים לגמור)
(בייבי, אני שם לך טראפ כדי שתתחרמני או מה?)
בחדר, בייבי, אנחנו עומדים לעשות פורנו
אני מושך לך בשיער, את לא תלכי (¿Qué?)

אני לא מסופק מלראות אותך במצלמה (לא)
אני רוצה אותך על ארבע בחדר שלי (תגידי, בייבי)
בייבי (תגידי, מאמי), כדי שתרטבי כמו חיילים של הנייבי (ברר; ¿qué?)
אני הספורטקס של הנווה עצלנות שלך (אהא)
אני נותן לך את המקגריידי ולא של סטייסי (Black, jeje)
אני נשאר דבוק כמו דבר (¿Qué?)
חירפנת אותי, אחושרמוטה משוגע (¿Ah?)
ביונסה וג'יי-זי, ג'יי-זי וביונסה (אהא)
זאת המשאלה שביקשתי כשהשעון הראה 11:11  (זאת את, מאמי), כן
תגידי לי אז איך אנחנו עושים את זה (תגידי איך)
אני מחפש אותך והולכים דרך מונזרט (Brrum)
הג'וינט בועט בי, כמו קראטה
ואני חושב על להכניס אותך להיריון (חהחה)
ואין פתרון אם אני אפשל (¿Qué?)
את יורה כשאני מכוון (Brr)
הכוס הזה הדובדבן שלי, השגתי אותו (איי)
שברת לשניים את הימות שלך אני מרגיש כמו משה (אהא)
ואם אכניס אותך להריון, אז, נתפוס את תיבת משה (אחת), חה
כמה מגניב (כמה מגניב)
אני אוהב כשהשיער שלך מסתבך
את הפטיקו שלי, בייבי, אני הפבלו שלך
אני אהפוך את המכוערת שאני נוגע בה ליפה, ברר

רותח, מכור לכוס שלך
את מורידה לי את הבגדים, אני שם אותם עלייך
היא אוהבת דברים יקרים, נרטבת אם אני נוגע בה (אואה)
הורידה את התחתונים (אואה) ושלחה לי תמונה (אואה)

לפניי היית משועממת, כמו קרול עם פרצ'ו
אני תמיד מעלה אותך לשמיים, מא, כמו צ'נצ'ו
האלה שלי, הדת שלי, וגם המקדש שלי
אני לא משקר לך, באמת שאני בתוך זה
את הזונה שלי, אחושרמוטה נימפומנית
תמיד כשאני לא גומר בפנים את מתחרפנת
יפה ברשתות, יותר רותחת במציאות
כל כך הרבה בולשיט, רמזים, אבל אף פעם לא מזכירה אותי

תשלחי לי את המיקום, שאני אחפש אותך
אם זה לא איתך אני מעדיף להיות לבד
מאמי, כדי לעשות אותך, אלוהים צריך להתאמץ
היום אני רוצה לזיין אותך, בואי נעשה פורנו

כמה רותח, מכור לכוס שלך
את אוהבת דברים יקרים ואני נוצץ
אוהבת דברים יקרים, נרטבת אם אני נוגע בה (כמה רותח)
הורידה את התחתונים ושלחה לי תמונה (Vea pues, sisas)

אני שופך שמן על כל התחת שלה, מדליקים את הנרות, נראה כמו טקס (איי)
קנתה ברד, אני מערבב קצת דבש, כמה רותח; אהבה שלי, היום אני רוצה לתת בך (כמה רותח)
היא נימפומנית, איך סיבכת אותי בסקס (אויי)
בשבילך אני אהיה מיליונר, כאילו את מרוויחה על זה
כמה רותח לאכול אותך (ששש), נתתי לך את זה ואני לא רוצה ללכת (אה)
דייט ראשון, הגעת בחצאית וייבשה אותי בקולנוע (ששש)
נותן לך את היוגורסיטו שלי, נעמד לי הזין והוא מתעטף במים
נראית כמו האקסית שלי, כל פעם שאני עוזב אותה, היא מתקשרת אליי (חהחהחה)
היא חמודה וסקסית (חה), מהרחוב, אבל עשירה
בואי נעשה את זה על הג'ט סקי, עם נוף למזח (איי)
אהבה שלי, את הזונה שלי, וגם הנסיכה שלי (ששש)
אני אוהב לרדת לה, שם עליה חומר סיכה תות

כמה רותח, אני מכור לכוס הזה
סם לבן, העיניים מתכווצות (יה)
כמה רותח, אני מכור לכוס הזה
סם לבן, העיניים מתכווצות
כמה רותח, כמה רותח, כמה רותח הכוס הזה
במיוחד כשהוא רטוב, אהבה שלי, בגלל הנשיקות
כמה רותח, כמה רותח, נשבע לך, אהבה קטנה שלי
תתקרבי לאט, אני אכניס לך אצבע

חהחה, Ave María, אהבה שלי (איי)
פה אני לא יודע מה לומר, יאללה, תזרמו (חהחה)
יאללה, תעשי לי אהבה רותחת, מלכה שלי, que
את יודעת, במיטה, למה לדבר
המילים מיותרות, מה לא?
Siempre Blessd
וזה בשבילך, את יודעת מי
Dímelo, Jara
Junto al Bendito
אהבה שלי, את יודעת, בכל פאקינג קצב
Sisas, La K (אה-אה-אה, את עומדת לחשוב עליי)
זה הרמיקס
Mejor dicho, Los Money Makers (איפה שלא תהיי)
Prime, Deezy (איפה שלא תהיי)
Money Makers (משקרת לעצמך, לא משנה כמה שואלים)
(אם אני איתך)"
18,Yeison Jimenez,Por Qué la Envidia,Colombia,latin,433eYQkvCgJKXh1o7LtplV,871538,18,3,"Que vienen a decirme a mí que quieren criticarme
Comprendan que yo no soy Dios y puedo equivocarme
Les es muy fácil difamar sin importarles nada
Solo les interesa hablar cuando no saben nada

Si hubieran visto
Cuantas noches de rodillas que frente a mi cama
Dios rogué y le suplique para que me ayudara
Con mis ojos cerrados
Pero la envidia
Eso humilla y les molesta y se quedan callados
Cuando ven que un ser humilde triunfa еn todos lados
Están es asustados


Nadie me vino a rеgalar, yo nací de la nada
Y mucho tuve que luchar dejen la maricada
Porque en vez de poner hablar no ocupan bien su tiempo
No puede un pobre progresar les causa sufrimiento
Que si llegue muy tarde ayer, o si me emborrache
Que si algo caro me compre fue que me lo robe

Si hubieran visto
Cuantas noches de rodillas que frente a mi cama
Dios rogué y le suplique para que me ayudara
Con mis ojos cerrados
Pero la envidia
Eso humilla y les molesta y se quedan callados
Cuando ven que un ser humilde triunfa en todos lados
Están es asustados"
19,"Fuerza Regida, Grupo Frontera",COQUETA,Colombia,latin,1PREzVLuDT6PSE9sej4wnV,871350,44,16,"Otra de más, de las cumbias originales
Sus compas de Fuerza Regida y Grupo Frontera
Vuélvale a marcar, compa Carlos

Pensando y viendo las estrellas, pregunté
Si en algún lugar esto se estaría repitiendo
Si es que en otro mundo tal vez nos ganó el deseo
O si solo fuimos un error del universo

Baby, bésame
Quiero que vuelvas a mis brazos pa' sentirnos eternos como la última vez
Quiero confesarte, te extraño, como un loco tе pienso, yo sé que tú también
Porfa, ma, ya vuelvе conmigo, pero no como amigos como la última vez
Quiero confesarte, te extraño, como un loco te pienso, yo sé que tú también

Coqueta
Si me quieres, solo di la neta
Que se entere todito el planeta
Chula, ya decide qué onda, nena
Qué onda, nena
Coqueta
Si me quieres, solo di la neta
Que se entere todito el planeta
Chula, ya decide qué onda, nena
Qué onda, nena

Dame, dame un besito, mami
Dale, ¿cómo no quieres que me clave?
De mi cel ahí te va la clave, que yo no hablo con nadie
Nomás contigo
Dame, dame un besito, mami
Dale, ¿cómo no quieres que me clave?
De mi cel ahí te va la clave, que yo no hablo con nadie
Nomás contigo

Esto es otro pedo
Grupo Frontera y Fuerza Regida, pa
¡Wuh!

Es que me mata el recuerdo y solo pienso que pienso
Que te quites los Dolce & Gabbana
Yo solo siento que siento, que no sé qué es lo que siento
Tanto nos pasó en una semana
Ya bloquéame si no es cierto, pero yo sé, baby
Cierto que ambos, mami, nos teníamos ganas
Puede que sí, reconozco, sé que apenas te conozco
Lo que me mató fue tu mirada

Baby, bésame
Quiero que vuelvas a mis brazos pa' sentirnos eternos como la última vez
Quiero confesarte, te extraño, como un loco te pienso, yo sé que tú también
Porfa, ma, ya vuelve conmigo, pero no como amigos como la última vez
Quiero confesarte, te extraño, como un loco te pienso, yo sé que tú también

Coqueta
Si me quieres, solo di la neta
Que se entere todito el planeta
Chula, ya decide qué onda, nena
Qué onda, nena
Coqueta
Si me quieres, solo di la neta
Que se entere todito el planeta
Chula, ya decide qué onda, nena
Qué onda, nena

Dame, dame un besito, mami
Dale, ¿cómo no quieres que me clave?
De mi cel ahí te va la clave, que yo no hablo con nadie
Nomás contigo
Dame, dame un besito, mami
Dale, ¿cómo no quieres que me clave?
De mi cel ahí te va la clave, que yo no hablo con nadie
Nomás contigo"
20,"Blessd, Ovy On The Drums","""EMHDM""",Colombia,latin,5NbIHx26LyFkW2oSNSCYBV,870491,2,12,"O-O-Ovy On The Drums

Yo te veía mi futuro y tú te dejaste llevar de mi pasado
Sé que el amor nunca es seguro, pero te juro que tenía preparado
El viaje pa' París, el anillo de diamante, la boda en Santorini
Y una casa gigante pa' los dos
Juro por Dios que no quería decirte adiós

Te dijeron que yo soy, que yo soy un farsante
Te dijeron que yo soy perro como to' los cantantes
Pero te quise de verdad, bebé, te quise bastante
Contigo siempre fui real, así somos los gangsters

La plata no duerme, por eso ando joseando
Yo sé que en la calle yo me vivo arriesgando
Te dicen que con otra yo estoy vacilando
Siempre estuve pa' ti, tú celando y celando
El Rolex se compra, pero el tiempo no
La vida es muy corta, y yo no tengo dos
Si fue suficiente para ti un rumor
Pues aunque me duela, yo te digo adiós

Ya no hay viaje pa' París, ni el anillo de diamantes
Si quieres di que yo soy un arrogante, pero no
Si no hay confianza es porque nunca existió amor

Te dijeron que yo soy, que yo soy un farsante
Te dijeron que yo soy perro como to' los cantantes
Pero te quise de verdad, bebé, te quise bastante
Contigo siempre fui real, así somos los gangsters

La cama matrimonial ya la terminé de pagar
Porque no hay otra mujer que pueda encajar
Te lo juro, mi cielo, que quería darte un lugar
Pero con otra mujer ya yo tengo que empezar
Veo tus videíto' en Instagram y en TikTok
Y digo: ""Ojalá que se consiga alguien mejor""
Pero en el fondo sabes que no hay nadie como yo
Porque lastimosamente fui tu primer amor

Ya no hay viaje pa' París, ni el anillo de diamantes
Si quieres di que yo soy un arrogante, pero no
Si no hay confianza es porque nunca existió amor (Nunca existió amor)

Te dijeron que yo soy, que yo soy un farsante
Te dijeron que yo soy perro como to' los cantantes
Pero te quise de verdad, bebé, te quise bastante
Contigo siempre fui real, así somos los gangsters

Ey
Ah, ah
Ovy On The Drums
Nelsen
Dímelo, Jara
Desde el Barrio Antioquía
Ave María, mi amor
Uste' sabe que uno no se puede defender cuando la vida de uno es ser artista, ¿sí sabe?
Yo respondo con musica, además usted me entiende, me quiere y sabe cómo soy yo
Y pa' rematar, esa no es mi letra, mi vida"
21,"Ryan Castro, Dongo",SANKA,Colombia,latin,46ufabZP6oK3ixmN6Gd753,870384,39,7,"Awo, awo
Hopi sende nos ta sua, lag'i hode
Kompleto, kandela (Mami)
Brr
Ah, yeah (Eh, yo, gangsta)

Mami, hopi dushi bo sanka, sanka, sanka, sanka, sanka, sanka
Tú tiene' grande ese culo, salta, salta, salta, salta, salta
Mami, hopi dushi bo sanka, sanka, sanka, sanka, sanka, sanka
Tú tiene' grande ese culo, salta, salta, salta, salta (Salta; yeah)

Esto se hizo pa' la party, pa' los bote', pa' la calle
Los parcero', las mujeres, todo el mundo a bailar, awo (Yeah)
Saquen los motore', prendan fuego, pidan toda' las botella', que hoy vinimo' a gastar
Tú tiene' un culo gigante, mami, dale twerking cuando cante
Tú está' con los rude boy y con lo' gánster
Natural y con implante', pero quе todito sea grande
Tú erе' mayor de edad, ya tú estás grande

Oh, no, cuando esa nena me miró, me gustó
Yo presiento que también le gusto
Sus malas intencione' sé que son por gusto
Le caí, me la robé y terminamo' junto'

Mami, hopi dushi bo sanka, sanka, sanka, sanka, sanka, sanka
Tú tiene' grande ese culo, salta, salta, salta, salta, salta
Mami, hopi dushi bo sanka, sanka, sanka, sanka, sanka, sanka
Tú tiene' grande ese culo, salta, salta, salta, salta (Eh-eh)

Sanka tami zwakke punt, mi gusta nan 40 Plus (Mmm)
Dju blup den su olepup
Un peiki bon bala, bon bala, kanyon
Mi stima milf, biña mas bieu mas bon
Muchu sanka te su pia a bira X
Muhe ta koñ’i mama vooral esnan ku djente splits
Si e bisti parachute, e koi ta stail un dentel pe
Ami si ta hinka lenga aden

Oh, no, cuando esa nena me miró, me gustó
Yo presiento que también le gusto
Sus malas intencione' sé que son por gusto
Le caí, me la robé y terminamo' junto'

Mami, hopi dushi bo sanka, sanka, sanka, sanka, sanka, sanka
Tú tiene' grande ese culo, salta, salta, salta, salta, salta
Mami, hopi dushi bo sanka, sanka, sanka, sanka, sanka, sanka
Tú tiene' grande ese culo, salta, salta, salta, salta

Rabia rabia, nos tey
Spañó, papiamentu, bo sa tog?
Ryan Castro, Dongolicious
Awo (Yo, Gangsta)
Aja
Salta, salta, salta, salta
Tú tiene' grande ese culo, salta, salta, salta, salta"
22,Bad Bunny,DtMF,Colombia,latin,3sK8wGT43QFpWrvNQsrQya,863486,61,1,"Eh, eh, eh, eh

Otro sunset bonito que veo en San Juan
Disfrutando de todas esas cosas que extrañan los que se van
Disfrutando de noche' de esas que ya no se dan
Que ya no se dan
Pero queriendo volver a la última vez
Que a los ojos te miré
Y contarte las cosas que no te conté (Te parece' a mi crush, jaja)
Y tirarte la' foto' que no te tiré (Acho, jura'o te ves bien linda, déjame tirarte una foto)
Ey, tengo el pecho pela'o, me dio una matá'
El corazón dándome patá'
Dime, baby, ¿dónde tú está'?
Pa' llegarle con RoRo, Julito, Krystal
Roig, Edgar, Seba, Óscar, Darnell y Big Jay, tocando batá
Hoy la calle la dejamo' 'esbaratá
Y sería cabrón que tú me toque' el güiro
Yo veo tu nombre y me salen suspiro'
No sé si son petardo' o si son tiro'
Mi blanquita, perico, mi kilo
Yo estoy en PR, tranquilo, pero

Debí tirar más fotos de cuando te tuve
Debí darte más beso' y abrazo' las vece' que pude
Ey, ojalá que los mío' nunca se muden
Y si hoy me emborracho, pues que me ayuden
Debí tirar más foto' de cuando te tuve
Debí darte más beso' y abrazo' las veces que pude
Ojalá que los mío' nunca se muden
Y si hoy me emborracho, pues que me ayuden

Ey, hoy voy a estar con abuelo to'l día, jugando dominó
Si me pregunta si aún pienso en ti, yo le digo que no
Que mi estadía cerquita de ti ya se terminó
Ya se terminó, ey
Que prendan la' máquina', voy pa' Santurce
Aquí todavía se da caña
Chequéate las babie', diablo, mami, qué dulce
Hoy yo quiero beber, beber, beber
Y hablar mierda hasta que me expulsen
'Toy bien loco ('Toy bien loco), 'toy bien loco ('Toy bien loco)
Cabrón, guía tú, que hasta caminando yo estoy que choco
'Toy bien loco ('Toy bien loco), 'toy bien loco ('Toy bien loco)
Vamo' a disfrutar, que nunca se sabe si nos queda poco
Debí tirar más f—

Gente, lo' quiero con cojone', los amo
Gracias por estar aquí, de verdad
Para mí e' bien importante que estén aquí
Cada uno de ustede' significa mucho para mí
Así que, vamo' pa' la foto, vengan pa'cá
Métase to'l mundo, to'l corillo, vamo'
Zumba

Ya Bernie tiene el nene y Jan la nena
Ya no estamo' pa' la movie' y las cadena'
'Tamos pa' las cosa' que valgan la pena
Ey, pa'l perreo, la salsa, la bomba y la plena
Chequéate la mía cómo es que suena

Debí tirar más fotos de cuando te tuve
Debí darte más besos y abrazo' las veces que pude
Ojalá que los mío' nunca se muden
Y que tú me envíe' más nude'
Y si hoy me emborracho, que Beno me ayude"
23,"Kapo, Ryan Castro",DÓNDE,Colombia,latin,4zqFA9MOG86u7uugR8QFDU,856437,35,13,"Zaga, babe
And the real combination
Kapo Gangsta and Ryan Castro
Plo, plo, plo, plo
Ay, hola, cómo estás de guapa, bebé (Zaga)
Te luce la playa, te quiero pa' mí (Awo, awo)
Si no eres tú, gyal, dime quién

Ay, dónde encuentro una así, mami, dónde (Ajá)
Mala, que con su belleza se esconde
Que esté puesta para darle fallabonden
Por favor, responde y dime dónde
Encuentro una así, dónde (Excuse?)
Mala, que con su belleza se esconde (Boom)
Que еsté puesta para darle fallabonden (Awo, awo)
Por favor, rеsponde

A mí me gustan las blonde
Tiene' el culo grande, ¿mami, por qué lo escondes'?
Es de Medallo y me la llevo pa' Londres
Dime dónde estás, mamacita, dime dónde, uh (Ajá)
Mami, dime dónde
Me gustan morenas y me gustan las blonde
Vamo' a la playita pa' broncearno' en el sunset (Ajá)
Mami, tú eres fuego y yo te doy fallabonden
Fallabonden (Okay), oh, na
En la playita con las Ray-Ban, botellita y algo pa' fumar
Dime dónde está', te quiero ver bailar
Mamacita, ven a bailar, ven a bailar
Si la llevo pa' la playa y se le cae la toalla
Si ella está escuchando dancehall es de Kapo y con Ryan
Tú tienes la energía, pura vitamina saiyan
Y si yo te estoy gustando, dime tú, ¿por qué lo calla'?

Ay, dónde (Ey) encuentro una así, mami, dónde (Ajá)
Mala, que con su belleza se esconde
Que esté puesta para darle fallabonden
Por favor, responde y dime dónde (¿Dónde?)
Encuentro una así, dónde (Eh)
Mala, que con su belleza se esconde (¿Qué?)
Que esté puesta para darle fallabonden
Por favor, responde

Ay, tú, mi lady, te luce' cuando el sol te quema
Blanquita, pero te pone' canela (Eh)
Dime si tú vas a entrar, mami, que quiero entrar

Para verte aquí como en el TikTok
Me dejaste un tic cuando te vi en to'
Mami, dame un tip para hacer tan top (Falla-Falla-Falla-Fallabonden)
Lanzan Ryan and Kapo, pull up
Para verte aquí como en el TikTok
Me dejaste un tic cuando te vi en to
Mami, dame un tip para hacer tan top
Lanzan Ryan and Kapo, pull up

Ay, dónde encuentro una así, mami, dónde (¿Dónde?)
Mala, que con su belleza se esconde
Que esté puesta para darle fallabonden
Por favor, responde y dime dónde
Encuentro una así, dónde
Mala, que con su belleza se esconde
Que esté puesta para darle fallabonden
Por favor, responde

Mi amor, si a usted gusta el dancehall o le gusta el party
Tiene que llamar a Kapo, tiene que llamar a Ryan
Tiene que llamar a Gangsta
Pa' que baile, pa' que mueva ese booty"
24,"J Balvin, Bad Bunny",LA CANCIÓN,Colombia,latin,0fea68AdmYNygeTGI4RC18,822393,349,2,"Yeh, yeh, yeh

Pensaba que te había olvida'o, eh
Pero pusieron la canción, eh, eh, eh
Que cantamo’ bien borracho'
Que bailamo' bien borracho’
Nos besamo' bien borracho' los dos
Pensaba que te había olvida'o, eh
Pero pusieron la canción, eh, eh, eh
Que cantamo' bien borracho'
Que bailamo' bien borracho'
Nos besamo’ bien borracho’ los dos
Pensaba que te había olvida'o

Justo cuando creía
Que por comerme a do’ o diez, te olvidaría' (Yeh)
Cogí un respiro y me salí de la vía
Y como un pendejo, no sabía lo que hacía
Nunca lo superé, nunca te superé (No; no)
Hasta me aprendí to'a la' balada’ en inglé' (Yeh)
Respiré y conté hasta tres (Uno, dos, tres)
Ere' la fantasía oscura de Kanye West, bebé, ey
Hace tiempo lo barato me salió caro (Yih)
Yo sólo twitteo, bala' loca' disparo (Yih)
¿Cómo olvidar la bellaquera en el carro?
¿A que guió solo?

Pensaba que te había' olvida'o (Pero no), yeh
Pero pusieron la canción, yeh, yeh
Que cantamos bien borrachos
Que bailamo' bien borrachos
Nos besamo' bien borracho' lo' dos
Pensaba que te había' olvida'o, eh
Pero pusieron la canción, yeh, yeh
Que cantamo' bien borracho'
Que bailamo' bien borracho'
Nos besamo' bien borracho' los dos, ey, ey

Y hace tiempo que no venía' a mi cabeza
Pero ya van par de cerveza'
Y me acordé de cómo tú me besa'
De to' lo' polvo' encima 'e la mesa
Y en el carro, la playa, y el motel
En casa de tu pai', cuando yo te iba a ver
Las vece' que tu mai' no' llegó a coger
Tú brincando mojaíta', sudando Chanel
Yo sé que lo nuestro e' cosa de ayer
Y me pone contento que te va bien con él
Yo ni te extrañaba ni te quería ver
Pero pusieron la canción que te gustaba poner
Y me acordé de ti, cuando me hiciste feliz
Se acabó, pues, me fui, ey
Yo mismo me río de mí porque—

Pensaba que te había' olvida'o, eh
Pero pusieron la canción, yeh, yeh
Que cantamos bien borrachos
Que bailamo' bien borrachos
Nos besamo' bien borracho' lo' do'


Y yo pensaba que tu nombre estaba muerto, eh
Pero te soñé despierto, ey
Hoy salí pa' la calle suelto
Sin sentimiento', el corazón desierto
Y yo pensaba que tu nombre estaba muerto
Pero te soñé despierto
Hoy salí pa' la calle sueltoSin sentimiento', el corazón desierto"
25,Omar Courtz,POR SI MAÑANA NO ESTOY,Colombia,latin,595wwjQiad6e6lSTScmXvz,806198,2,25,"Baby, por la noche, I wanna kiss you
Aunque sea por FaceTime, I wanna fuck you
Cuando tú no está', me siento lonely
Me cuesta admitirte that I miss you
Habla claro, do you wanna fuck me?
Porque toa' las noche' I wanna fuck you
Cuando tú no está', me siento lonely
Me cuesta admitirte that I miss you
That I miss you

Tu tatuaje de luna en el tobillo
Tu piel color perla, ojito' con brillo
Los polvito' escondido', no me olvido
Enamora'itos, éramos niño'
Y se sentía real, todo era real
Si te lo hice en el prom, baby, ¿cómo olvidar?
Pai me prestaba el carro y te salía a buscar
""Engancha tú primero que no quiero enganchar"" me decía'
Que tú iba' a ser mía pa' siempre, tú me decía'
Que no iba a pegarme en la música, me decía'
Hice un choli pa' cantarte y no fuiste ese día a verme
Tu silla estaba vacía, vacía como la mansión cuando me voy de gira
Vacía como la guagua que tú quería'
Me monto en el pasajero imaginando que la guía'
Escuchando ""MARGIELA"" y ""P o l v o s Q u e N o S e O l v i d a n""
Uh-uh, ese era pa' ti, ""LUCES DE COLORES"" y ""P I E N S A S E N M I""
Ya mismo me gano un Grammy y na' más hablando 'e ti
Me preguntan quién es la primera musa y les tengo que mentir
A lo mejor, a lo mejor ya tú tiene' una vida mejor
A lo mejor tiene' a alguien que te trata mejor
Pero no sé si te pasa lo mismo que yo, es que por la noche, eh
Baby, por la noche yo te extraño
Baby, por la noche e' que te pienso
¿Cómo es que ahora somo' do' extraños?
Si hasta tengo fotos tuyas que ni enseño
Baby, te lo juro, me hace daño darte besito' na' má' en mis sueño'
¿Cómo es que ahora somo' do' extraño'?
Si encima mío me estabas diciendo que

Baby, por la noche, I wanna kiss you
Aunque sea por FaceTime, I wanna fuck you
Cuando tú no está', me siento lonely
Me cuesta admitirte that I miss you
Habla claro, do you wanna fuck me?
Porque toa' las noche' I wanna fuck you
Cuando tú no está', me siento lonely
Me cuesta admitirte that I miss you
That I miss you

Mami, frente a la playita, aquí 'toy solo
Mirando la luna, solitario el lobo
Pensando en la primera vez que te besé
Tú me tienes viviendo en el 2016, recordando que
Mañana hay escuela y tu mamá nos daba hasta la 1
Hoy voy a pichear el PlayStation, eso es de una
Pa' ir a verte con la combi Ecko, las trenza' y el durag
Tu pai en el cuarto de al la'o, tú encima mío, desnu'a
Pa' los tiempo' 'e Maybach Music, cuando Anuel decía ""uah"" (Uah)
Si ya no me amas como antes, como Ozuna
Hoy bajo las escalera' de La Perla
Ojalá encontrarte y que conmigo tú las subas, bebé
Y si mañana no estoy (Y si mañana no estoy), ey
Recuerda los momento' felice'
El tiempo cura todo, sana cicatrice'
Siempre sale el sol después de los día' grise'
Te deseo lo mejor; yo siempre te quise
Que cumpla' tus sueño', que los realice'
Y como el tiempo pasa rápido y no hay un reloj que avise
Esta la hice por si mañana no estoy, por si mañana no estoy
Esta la hice por si mañana me voy
Pa' que te acuerde' de mí, si mañana me voy
Nadie te va a querer como yo si mañana me voy
Por si mañana no estoy, si mañana no estoy
Esta la hice por si mañana me voy
Pa' que te acuerde' de mí, si mañana no estoy
Por si mañana no estoy
Por si mañana me voy, si mañana me voy
Esta la hice por si ma—, ey
Por si mañana me voy, si mañana me voy
Nadie va a quererte, baby, como yo
Si mañana me voy"
26,Arcángel,Por Amar A Ciegas,Colombia,latin,2BrfJdTXohQRtWBKsBTIp0,796575,7,26,"Yo le pregunté a un pastor del amor
Y él me dijo que se lo entregara a Dios
Que no me sintiera solo
Que estar solo era mejor que vivir de una ilusión
Yo le pregunté a un dentista del amor a primera vista
Y dijo que era un error
Que eso era de novelistas, soñadores
Que en la vida hay que ser más realista

Y ahora que no te tengo pienso en todo el tiempo perdido, que perdí contigo
Pues, por amarte a ciegas, yo no escuché y me lancé al vacío por amor
Todos me dijeron, todos me advertían que hay flores que tienen espinas

Yo le pregunté a un señor del amor
Y él me dijo que ignorarlo era mejor
Que yo era joven y el dinero debería ser más importante
Que mil amores
Yo le pregunté a un anciano en un boulevard lejano
Del amor y las pasiones
Me dijo: ""Hijo mío, es un cristal de doble filo y corta
Te guinda de un hilo""

Y ahora que no te tengo pienso en todo el tiempo perdido, que perdí contigo
Pues, por amarte a ciegas, yo no escuché y me lancé al vacío por amor
Todos me dijeron, todos me advertían que hay flores que tienen espinas

Yo le pregunté a mi padre del amor y la inocencia
De la fe, la paciencia y, ¿sabes lo que dijo?
""Hijo, siempre es mejor ignorar el corazón
Hazle caso a tu conciencia""
Yo le pregunté a mi madre del amor que te tenía
Y dijo que eran fantasías
Que si yo no le creía con el tiempo aprendería
Que ella tenía razón

Y ahora que no te tengo pienso en todo el tiempo perdido, que perdí contigo
Pues, por amarte a ciegas, yo no escuché y me lancé al vacío por amor
Todos me dijeron, todos me advertían que hay flores que tienen espinas"
27,Kapo,UWAIE,Colombia,latin,0fMjldiEpgjbWQ4bBQwVzH,795099,81,1,"(Yo, Gangsta) Bebé
Where you at?

Ay, me he inventado cosa' pa' llamar la atención de ti
Y no solo por lo hermosa, niña, tu brillo me tiene así
Siéntate y piensa en algo, y quiero ser ese algo
Ay, procuré seducirla mucho, hasta que se dio, y

Flaca, vos sos hermosa, y te merece' todo
Amarte es mi necesidad, mi necesidad
De ti me gustan cosa', la verdad, todo
Quitarte esa inseguridad e' mi necesidad

Es darte un par de besito'
Es bailar contigo un afrito
Es decir: ""Qué loquito me tiene'""
Es decir: ""¿A qué huele?""
Huele rico al bailar
Es perfecta al despertarse
Ay, procuré seducirla mucho, hasta que se dio

Ay, flaca, vos sos hermosa, y te merece' todo
Amarte es mi necesidad, mi necesidad
De ti me gustan cosa', la verdad, todo (La verdad todo)
Quitarte esa inseguridad e' mi necesidad
De verdad, ah

Ay, procuré seducirla mucho, hasta que se dio
Y si supiera todo lo que yo le recé a Dios
Pa' que tú estuviera' aquí
Ay, mi flaca hermosa, vo' so' otra cosa
Es el destino que no' tiene feliz
(Bebé, date una idea de que)

Flaca, vos sos hermosa, y te merece' todo
Ay, amarte es mi necesidad, mi necesidad
De ti me gustan cosa', la verdad, todo
(Bebé, date una idea de que)
Flaca, vos sos hermosa (Uwaie), y te merece' todo (Uwaie)
Ay, amarte es mi necesidad, mi necesidad
De ti me gustan cosa' (Uwaie), la verdad, todo (Uwaie)
(Uwaie)

(Yo, Gangsta)
(Ay, yo soy tu Kapo, baby)
(Bebé, yeah, yo)
La Industria Inc"
28,Yeison Jimenez,Vete,Colombia,latin,6cZcn282SIMmuO8FHN8634,794801,19,10,"¿Qué pasó con aquella promesa que me hacías?
Cada día cuando me juraste que me amabas
Y que Dios nunca separaría nuestras vidas
¿Qué nos pasó?
Es triste ver cómo el amor que yo sentía
Se va muriendo al pasar los días con tu despedida
Si fue tu decisión terminar con este amor
Entonces vete
Ya no quiero más tu amor, te lo dejaré a mi suerte
Si esa fue tu decisión, alejarte para siempre
Aunque duela еl corazón, mi cura será el alcohol
Pa' olvidarme dе ella

Si te di todo de mí para que fueras feliz
Y hasta al mundo me enfrenté cuando hablaron mal de ti
Y ahora me pagas así, alejándote de mí
Si ya no te importo, entonces vete

Yeison Jiménez
Con el corazón
Georgy Parra
Salvaje
Pero vete

Si te di todo de mí para que fueras feliz
Y hasta al mundo me enfrenté cuando hablaron mal de ti
Y ahora me pagas así, alejándote de mí
Si ya no te importo
Si te di todo de mí para que fueras feliz
Y hasta al mundo me enfrenté cuando hablaron mal de ti
Y ahora me pagas así, alejándote de mí
Si ya no te importo, entonces vete"
29,Lenin Ramírez,Todo Lo Fue,Colombia,latin,0Sa8aRfGckW0qUGLrBwoBG,789203,4,27,"Yo sé que en el amor no tienes interés
Fui un cero a la izquierda y tiraste a la mierda lo que pudo ser
Una historia tan bonita de rosas de cartas y mil serenatas
Te invertí mi dinero y te fuiste mujer
Hoy me tienes tomando con desconocidos
En una triste barra pierdo mi cordura buscando el olvido
Mi cien porciento fue poco yo te lo di todo y tu andabas con todos
 Ahora tu bien alegre y yo acá bien jodido
Me pongo a ver tus historias para ver dónde andas
Tres vеladoras a un santo para ver si me llamas
Con esa carita yo nunca pеnsé que con otro tú te revolcabas
En la parte de atrás del Mercedes que yo te compré
Llevo las cuatros estaciones del año en lo mismo
Si me ven con otra morra es puro fanatismo
Quiero sacarte de mi mente y que ya no me afecte lo que un dia vivimos
Y mandarte a la mierda a ti y a tu madre también
Ja-Ja!
Me pongo a ver tus historias para ver dónde andas
Tres veladoras a un santo para ver si me llamas
Con esa carita yo nunca pensé que con otro tú te revolcabas
En la parte de atrás del Mercedes que yo te compré
Llevo las cuatros estaciones del año en lo mismo
Si me ven con otra mora es puro fanatismo
Quiero sacarte de mi mente y que ya no me afecte lo que un dia vivimos
Y mandarte a la mierda a ti y a tu madre también"
30,Bad Bunny,EoO,Colombia,latin,6J5kc12BW5HuP3d7C3vvx8,777344,61,7,"Ella viene por ahí y nunca llega sola, so-so-so-so—
Ella nunca llega sola
To' los bandi-bandido' le sueltan las pistola', pa-pa-pa-pa—
Esta es noche lo que hay-hay-hay-hay-hay (Dice)

Perreo, baby (
Sobeteo, baby
)
Tra-tra, baby (
Hasta abajo, baby
)
En la disco, baby (
Yo te cojo, baby
)
Tra-tra, baby (
Tra-tra, baby
)
Perreo, baby (
Sobeteo, baby
)
Tra-tra, baby (
Hasta abajo, baby
)
En la disco, baby (
Yo te cojo, baby
)
Ey (
Tra-tra, baby
), ey (
Tra-tra, baby
)

Yo se la mamo y se pone contenta
Está wheeleá' y ya cumplió los 30
Después de las 12 no los cuenta
No la llame' en el jangueo si no quiere' que mienta
'Tás escuchando al número uno en venta'
Por eso con nosotro' nadiе inventa
Me siento como un bichotе en los 90
Lo tengo para'o, ven pa' que lo sienta'
Dale, mami, pégate (¡Ah!), vírate
Si me mira' mucho, sabe' que voy a besarte
Dale, mami, pégate (¡Ah!), vírate
Si te beso y me lo agarra', entonce' vo'a llevarte

Mira, puñeta, no me quiten el pe-pe-pe-pe-pe-pe-pe—

Mami, yo sé que tú te vuelve' loca cuando el perreo te azota
Pero obliga'o tú te acuerda' de mí si me ve' por ahí
Mami, yo sé que tú te vuelve' loca cuando el perreo te azota
Pero obliga'o tú te acuerda' de mí, de cuando te di

Perreo, baby, tra-tra, baby
En la disco, baby, vamo' a darle, baby
Hasta abajo, baby, no te quite', baby
Bellaqueo, baby, tú y yo solos, baby
Perreo, baby, tra-tra, baby
En la disco, baby, te lo meto, baby
Aquí mismo, baby, delante de tu baby
Te compro la BM y también el AP

Ey, te doy de'o bailando, mami, estoy testing (Dale), ey
Tráete a tu bestie (Uh), que a la do' le bajamo' el panty (Tra)
Tiene a 20 en lista 'e waiting (Dale)
Te lo tiro en la espalda, body painting (
¡Oh!
)
Rompiendo la calle desde los twenty
Anda cazando, no está dating
Rompe la calle siempre que sale
Mami, tú 'tá fit, vo'a lamberte lo' abdominale'
Rompe la calle siempre que sale
Me gusta' porque tú y yo somo' iguale'
Siempre queremo' perreo, -eo
Tú y yo 'tamo envuelto' en el bellaqueo
Cuando nos ponen perreo, -eo, ey
No me ronquen, cabrone', que acá no lo' veo

'Tás escuchando música de Puerto Rico, cabrón
Nosotro' nos criamo' escuchando y cantando esto
En los caserío', en los barrio'
Desde los 90 hasta el 2000 por siempre
Y ando con el mejor de to' los tiempo, Tainy
Y yo no tengo que roncar, ustedes saben ya
Yeah-yeah-yeah-yeah, yeah-yeah-yeah-yeah
Bad Bunny, baby, Bad Bunny, baby, eh
Tainy, Tainy, Tainy, Tainy
Chequéate la historia"
31,ARIA VEGA,CHÉVERE (joesón_type_beat),Colombia,latin,5OQCghydcEeA76eGdJ6GEa,772648,7,12,"Yeah-yeah
Oh, yeah

Yo a ti no te quiero pa' un rato
Yo a ti te quiero pa' siempre
No sé por qué nos alejamo'
Como yo no te quiero ausente
Y tú, baby, ay, tú me gusta' full, ey
Imagina una vida cool, tú y yo bajo un cielo azul
Oh, yeah

Bebé, uh
Dime cómo lo consigo
Papá, tú aquí me tiene', solitaria en el olvido (Yeah)
El pan está caliente, ¿y pa' qué va' a comerlo frío?
Hoy te la tiro true, plena
Juntico' somos un mood (Upa, hey)

Sabes que estoy puesta pa' ti, pa' ti, pa' ti (Pa' ti)
Que yo a nadie miro así, así, así (Que yo a nadie miro así)
Apriétame y no me deje' ir, no me deje' ir, no, uh-yeh
Sabes que estoy puesta pa' ti, pa' ti, pa' ti (Puesta pa' ti)
Que yo a nadie miro así, así, así
Apriétame y no me deje' ir, no me deje' ir, no, uh-yeh (Oh, yeah)

Dame lu', I give you luz verde, babe
Un futuro caribbean, Costa vibe
Con la lanchita lista en el muelle, una casita en Puerto frente al mar
Y si quiere' city, nos vamo' pa' la Arenosa, don't thinkin'
Lo feo pa' qué si yo pienso en lo pretty
Traje con la mini mini
Ay, ay, chévere (Oh, yeah)
Costeñita hasta que quedemo' chévere' (Oh, yeah)
Ya estamo' 3:15 y pasamo' chévere'
Ponte la' pila' o habla pa' ve', te has queda'o, ponte la die' (Wuh)
Ay, chévere, Costeñita hasta que quedemo' chévere
Ya estamo' 3:15 y pasamo' chévere'
Ponte la' pila' o habla pa' ve'
Te has queda'o, ponte la die' (Pa' ve')

Uh
Dime cómo lo consigo
Papá, tú aquí me tiene' solitaria en el olvido (Yeah)
El pan está caliente, ¿y pa' qué va' a comerlo frío?
Hoy te la tiro true, plena
Juntico' somos un mood (Hey)

Sabes que estoy puesta pa' ti, pa' ti, pa' ti (Pa' ti)
Que yo a nadie miro así, así, así (Que yo a nadie miro así)
Apriétame y no me deje' ir, no me deje' ir, no, uh-yeh
Sabes que estoy puesta pa' ti, pa' ti, pa' ti
Que yo a nadie miro así, así, así
Apriétame y no me deje' ir, no me deje' ir, no, uh-yeh (Oh, yeah)

Upa, hey
Ah, ah
Yo soy ARIA VEGA, ah-ah-ah-ah, yeah
¿Está chévere o no está chévere?
Vacílate esta, tiburón
Dí-Dí-Dímelo, Joca y Beat
Cule vibe
Ay, ay, ay-ay-ay
Está pa' bailarlo en una sola baldosa
Oh, que te lo digo yo, yo
La Nena de Quilla"
32,"Nanpa Básico, Beéle",Hasta Aquí Llegué,Colombia,latin,0Qe2g06yzLBuuSvVmFiweP,767136,85,3,"(Oh, ye-yeah)
Alright

Si sigo con esto, no acabará, me siento hablando con la pared
Estoy nadando con la marea tratando de olvidarte y en el cabaret
Y aunque no lloro, juro que te añoro
Aún siento de todo, no sé cómo te olvidaré, bebé

Y antes que me olvides, yo te recordaré
Fuiste lo mejor que ha habido, pero, baby, hasta aquí llegué
Y antes que lo olvides, baby, perdóname
Por siempre haber sabido que no eras para mí

Diga usted qué decirlеs o que excusa sacarles
Tus sobras no mе sirven, me voy solo a este baile
Ya no quiero estar triste, me cansé del desaire
Me voy solo en la 15 con flores pa' quemarle
Pude entender que no eras pa' mí, solo por tus falla'
Vayas donde vayas, te recordaré
Yo no soy lo que estás diciendo, soy lo que callas
Dime, ¿a quién engañas? Ya nada va a estar bien

Y antes que me olvides, yo te recordaré
Fuiste lo mejor que ha habido, pero, baby, hasta aquí llegué
Y antes que lo olvides, baby, perdóname
Por siempre haber sabido que no eras para mí

Baby, qué loquera, esperaba full ahora sé el dilema
Que dar más de lo que uno recibe en sí daña lo que sea
Yo trabajo, ma' tú pasea, no sé si ya al amor, yo le crea
No solo hieres, tú noqueas, tú las vainas las piloteas
Esto se volvió una odisea, tú estás errónea aún que no lo veas
Huele todavía a tu perfume, duele todavía esto me golpea

Un diablo labrado como yo
No vuelvo a enamorarme
Conmigo lo tenías todo
Lo valioso no siempre se ve
De amor na-na, na-na-na-na
Na-na-na-na
Nadie se muere
De amor na-na, na-na-na-na
Na-na-na-na
Nadie se muere

Espero que no te caigas del cielo en el que estás (Huh)
Alright
Yeah, bae
Beéle
Nanpa
Super Da
Soundbwoy"
33,"Ovy On The Drums, Quevedo, Beéle",YO y TÚ,Colombia,latin,7koAf6aZgjO6TS7bipfPD0,747831,38,2,"You give me sweet love, babe
O-O-Ovy On The Drums
Or you give me sweet heartbreak

Yo siempre había singa'o (Ah-ah-ah)
Pero contigo es primera vez que hago el amor (Que hago el amor)
Tú me encantas, ma, mucho con demasia'o
Ser el que te despierte a beso', e' un honor
Baby, por favor (Óyelo)

Imagínate tú y yo
Yo y tú, los do'
Bailando esta bien pega'o
Con un Phillie enrola'o
Imagínate tú y yo
Yo y tú, tú, tú, los do'
Bailando esta bien pega'o
Con un Philliе enrola'o

Tu espalda pegá' a mi abdomеn perreando en una esquinita del VIP
Me muerde el labio y me pregunta: ""Do you like it?""
Mami, obvio, si parecemo' novio'
Si me doy otro shot quizás se me escapa un ""I love you""
Pero yo no quiero eso (No)
Por lo meno' hasta ayer eso pensaba
Y eso que soltero estaba melo
Pero Cupido no falló su última bala, esa me dio
Y ahora me tiene mirando arriba, pidiendo a Dio'
Que nunca se acabe este momento perreándono'
Se me está ocurriendo un futuro para los do'
Que empieza esta noche en mi cama singándono'
Y ahora me tiene mirando arriba, pidiendo a Dio'
Que nunca se acabe este momento perreándono'
Se me está ocurriendo un futuro
Pero pa' empezar bajemo' esta bellaquera

Imagínate tú y yo
Yo y tú (Yo y tú), los do' (Los do')
Bailando esta bien pega'o
Con un Phillie enrola'o
Imagínate tú y yo
Yo y tú, tú, tú, los do'
Bailando esta bien pega'o
Con un Phillie enrola'o

En cámara lenta yo te quiero ver
En esta esquinita te vo'a secuestrar
Yo sé, mami, que a ti te gusta el bling-bling
Tenerte de espalda, mami, arrecostá'
En cámara lenta yo te quiero ver
En esa esquinita te vo'a secuestrar
Yo sé, mami, que a ti te gusta el bling-bling
Tenerte de espalda, mami, arrecostá'
To'a mis ganas se me salen
Si me mira' así, me pone mal
Cómo me besa' es to' lo que está bien
Volvamo' a hacerlo, ¿tú te imagina'?
Toa' mis ganas se me salen
Si me mira' así, me pone mal
Besarno' así es to' lo que está bien
Dime pa' qué quedarno' con las gana'

Imagínate tú y yo
Yo y tú, los do'
Bailando esta bien pega'o
Con un Phillie enrola'o
Imagínate tú y yo
Yo y tú, tú, tú, los do'
Bailando esta bien pega'o
Con un Phillie enrola'o

Gu-gu-gu-gu-gu
Aye (Ah)
Quevedo, óyelo
Ovy On The rasta Drums
Rasta Drums, yeah
Beéle, eh-eh, KEITYN
Alright
The Kristoman
Óyelo, Súper Da"
34,"Kybba, Sean Paul, Ryan Castro, Busy Signal",Ba Ba Bad Remix,Colombia,latin,0lMafSfME2iJEE972bsQaK,739865,36,2,"Awoo-woo, awoo-woo
Kybba, how you bad suh

Medellín, háblame, fai
No hay estrés, give me the light
Un gin tonic, gin tonic vamo' a tomar
Yo te robo y te quito la combi Nike (Plo-plo)
Awoo

Bad-bad-bad-bad-bad-bad-bad-bad (Uh)
Pa' to'as las mamacitas que escuchan dancehall
Bad-bad-bad-bad-bad-bad-bad-bad (Please)
Y pa' que to' los manes boten el style
Mai, tú estás rica y bailas una chimba
Las europea', las latina' y las gringa'
Bad-bad-bad-bad-bad-bad-bad-bad (Uh)
Bussin' up the place with me style, bad, bad (Plo-plo-plo)

Yo la conocí bailando en un party de Kybba
Se me pegó y me bailó, la baby es una asesina
Yo le dije: ""Mano' arriba, que esta noche tú ere' mía""
La pegué en lo oscurito, bailándome en la esquina
Una gata felina, los manes le hacen fila
Ella quiere un gangster, le gustan los killa
Ella quiere al ""Awoo"", le gusta mi styla
Y yo le tiro un flow pa' que rompan fila

Bad-bad-bad-bad-bad-bad-bad-bad (Uh)
Pa' to'as las mamacitas que escuchan dancehall
Bad-bad-bad-bad-bad-bad-bad-bad (Please)
Y pa' que to' los manes boten el style
Mai, tú estás rica y bailas una chimba
Las europea', las latina' y las gringa'
Bad-bad-bad-bad-bad-bad-bad-bad (Please)
Bussin' up the place with me style

It could be ever look fresh and ever clean
You seen the gyal them a roppin'
Oh, you mean
Ever controlling the entire scene
And I'm on a poly money, my money real
What you feel is real, you get fi face to steal
Me no steal, boys, I am the real deal
Girl them love me, but give them the real feel
Go down pon a knee, push up bring it back
She want peace and me, me all inna the—
Bad-bad-bad-bad-bad-bad-bad-bad
Yeah, when me put it on she and she put it on me and again in some way
She want me ugly, fi bump the ugly, come here

Bad-bad-bad-bad-bad-bad-bad-bad (Uh)
Anywhere them see me, me and me gun, them a chat (Whoo!)
Bad-bad-bad-bad-bad-bad-bad-bad (Please)
Bussin' up the place with me style, bad, bad (Uh)
Mai, tú estás rica y bailas una chimba
Las europea', las latina' y las gringa'
Bad-bad-bad-bad-bad-bad-bad-bad (Please)
Bussin' up the place with me style, bad, bad (Uh)

Get it lit (Boy), love your vibe (Yeah)
We the best (Boy), give me the light (Yeah)
And we turn it up, turn it up every time (Every time)
And we bust it up, bust it up, watch it hype (Watch it hype), ha

Kybba, how you bad suh"
35,"Héctor ""El Father"", Wisin & Yandel",El Teléfono,Colombia,latin,614NVFo5csQqRnryl4jXs2,716593,31,19,"Eh (W), eh-eh (Y)
Eh (El Father), eh-eh (Haces falta)
¡Los Rompe Discotekas!

Hace mucho tiempo que te quiero ver
Busco la manera de tu cuerpo tener
Ni tu padre ni tu madre te quieren conmigo
Pues hagamos el amor por el teléfono
Hace mucho tiempo que te quiero ver
Busco la manera de tu cuerpo tener
Ni tu padre ni tu madre te quieren conmigo
Pues hagamos el amor por el teléfono

Y solo ten mi número telefónico
Para cuando te sientas sola
Y me llamas a mí, recuerda que
Yo estaré para ti a todas horas
Y solo ten mi número telefónico
Para cuando te sientas sola
Y me llamas a mí, recuerda que
Yo estaré para ti a todas horas (¡Oye, bebé!)

Muñeca, llama por ley (¡Hah!), que de ti tengo sed (¡Buh!)
Quiero tocarte
Enredarte en la red (¡Hah!), pegarte a la pared (¡Buh!)
Pa' devorarte (Ajá)
Entonces suéltate (¡Hah!), lúcete, sedúceme
Vamos, aprovéchate (¡Hah!)
Enciéndete (¡Hah!), libérate y caliéntate (¡Buh!)
Pa' devorarte

Hace mucho tiempo que te quiero ver (Eh-eh)
Busco la manera de tu cuerpo tener (Eh-eh)
Ni tu padre ni tu madre te quieren conmigo
Pues hagamos el amor por el teléfono (Eh, eh-eh-eh)
Hace mucho tiempo que te quiero ver (Eh-eh)
Busco la manera de tu cuerpo tener (Eh-eh)
Ni tu padre ni tu madre te quieren conmigo
Pues hagamos el amor por el teléfono

Ella me llama en asterisco, le gusta el shot y un poco 'e disco
Loca que la coma de un mordisco
Ma', quiero tu zip code, tu número te lo confisco
Chico, tú la llama' y yo la pellizco
Que se aquiete el bizco o te lo tiro por un risco
Ponle este disco y dile que yo vivo arisco
Ese gato tuyo es un peñisco, medio jalisco
Y yo gigante como San Francisco

Y solo ten mi número telefónico
Para cuando te sientas sola
Y me llamas a mí, recuerda que
Yo estaré para ti a todas horas
Y solo ten mi número telefónico
Para cuando te sientas sola
Y me llamas a mí, recuerda que
Yo estaré para ti a todas horas

Hace mucho tiempo que te quiero ver (Eh-eh)
Busco la manera de tu cuerpo tener (Eh-eh)
Ni tu padre ni tu madre te quieren conmigo
Pues hagamos el amor por el teléfono (Eh, eh-eh-eh)
Hace mucho tiempo que te quiero ver (Eh-eh)
Busco la manera de tu cuerpo tener (Eh-eh)
Ni tu padre ni tu madre te quieren conmigo
Pues hagamos el amor por el teléfono

Oiga, payaso
Pa' usted hacer una canción como esta
Es sencillo, tiene que volver a nacer
Hambre y sueño es lo que usted tiene
W ""El Sobreviviente"" con Yandel
Héctor ""El Father""
Oye, bebé, tranquila que no va a haber rebuleo
¿Okey?
Usted anda conmigo, ¡hah!"
36,Herencia De Grandes,Ya Borracho,Colombia,latin,4NyUIohBa3CEMGcXURYSOh,714760,9,36,"Me enamoré y creo que me fui de paso
Hoy me declaro un loco obsesionado
Y no te espantes pues no es nada malo
Pero es que tú eres mi amor anhelado
Cuando te vi sentí algo que ya no había aquí
Quise elegir por mí y me decidí por ti

Y ya borracho me parqueo por tu ventana
Para llevarte las canciones que te encantan
Pa' enamorarte las flores no son tan caras
Pero llevan todo el cariño de mi alma
Que pa' en febrero vendré frente a ti
Con mis preguntas y digas que sí
Hacernos novios y verte feliz y muy contenta como yo por ti

Herencia De Grandes

Pregúntame qué es lo que me enamora
Pa' describirte unas cuántas horas
También pregunta qué quiero contigo
Que seas dichosa al estar conmigo
Y ya borracho contéstame la llamada
Pa' dedicarte unas bonitas palabras
Así borracho me animo a decirte todo
Y puedo describir lo mucho que me encantas
Decirte que me siento muy feliz y emocionado por tenerte a ti
Espero que quieras estar aquí enamorada mirándome a mí
Mirándome a mí"
37,"Yeison Jimenez, Chayín Rubio",El Mejor - Remix,Colombia,latin,1xRRW5ZrL7I9EG8CGZrXHE,711034,8,8,
38,Bad Bunny,NO ME QUIERO CASAR,Colombia,latin,39L3LdlHS3gqB62HPWaJRg,701742,79,19,"Y si tu man te quiere parar, dile que no
Modélale y corre a la disco, yeah
Porque tu man, ah, porque tu man, ah
Porque tu, porque tu, porque tu—
Ey

Que levante la mano to' el que está haciendo dinero
Que venga el Año Nuevo y yo voy a josearlo entero
Un día de estos llega mi amor verdadero
Pero, quiero hacerme rico primero
2026 y yo sigo soltero
W, ando con to' mis vaquero'
Me monté en la Cybertruck y me acordé de la Montero
De los viejos tiempo'
Ya mismo me hago bi sin dejar de ser hetero
Ya mismo vo'a tener un hijo, un heredero
Vo'a extrañar la calle, la disco y el putero
Pero yo voy a seguir hasta que me caiga 'el caballo y se me pierda el sombrero, je
Este año será mejor que el anterior, yo lo sé
Que tú te ve' mejor en ropa interior, yo lo sé, yo lo sé, ey
Yo seré tu amante bandido, Miguel Bosé
Pero hasta ahí, woh, hasta ahí, mami, hasta ahí
Vamo' a vivir el hoy

Porque mañana yo no sé qué va a pasar
Me siento triste, pero se me va a pasar, je
Mi vida está cabrona, ey
Yo no me quiero casar
La-la-la, la-la, la-la
Yo no me quiero casar, ey
Por ahora celibato, voy a gozar un rato
Yo no me quiero casar

2016, arrebata'o con las Cazal
Mi casa algún día seis millone' va a tasar
Al corillo entero lo voy a engrasar
La vida es bonita, la voy a abrazar
Trabajando con cojone', aquí nada fue al azar
Malas vibras pa'l carajo, a mí nadie me va a atrasar, ey
Sorry por bostezar, ey
Pero es que me aburro fácil
Si me gusta, yo lo quiero
Me pongo pa' eso y lo tengo fácil
Una vez me iba a casar
Gracias a Dios que no, wow, diablo, pero casi, ey
Viendo la ciudad de Nueva York monta'o en taxi
Me puse a soñar
Y dije: ""Mi futuro tengo que cambiarlo hoy""

Porque mañana yo no sé qué va a pasar
Me siento triste, pero se me va a pasar, je
Mi vida está cabrona, ey
Yo no me quiero casar
La-la-la, la-la, la-la
Yo no me quiero casar

Y si yo volviera a nacer
Así quisiera ser
Para todas las babies, las ladies

Me gusta el vino tinto, los atardeceres
La risa de mis amigos, la mirada de las mujere'
Que tú quiere' estar conmigo, tú no sabes lo que quiere'
Baby, yo soy un peligro
Ey

Yo por nadie vo'a cambiar, ey
Siempre vo'a campear, mami
Me voy a trampear
Hoy voy pa' la calle, je, acaba'o de recortar
Yo soy Bad Bunny, no fulano de tal
Gracia' a la vida pudimo' conectar
Tú me gustas, no vaya' a malinterpretar
Pero estoy enfoca'o, puesto pa' apretar
Por el momento contigo no puedo estar, je
Yo siempre he sido un hijo 'e puta, desde Head Start, je
Cierra la puerta cuando salga' y pon el ""no molestar""

Oah
Oah
Oh, oah
Oah"
39,Beéle,top diesel,Colombia,latin,2QP041AcWg8PwPIWP95RKN,688171,42,3,"Aye
Uh-uh-uh-uh-uh-uh
Uh

Top diesel, top de cara, top princess (Uh), uh
Pasa que dije algo que escuché en Cap Cana
Dice, dice un bro: (No te–)

""No te vaya' a enamorar""
Yo me dije: ""Why, why?""
Se lo dije al corazón: ""No te vaya' a enamorar""
Y él se ríe, ay, ay

Yo no sé decir que no (No-no-no, no-no-no, no-no)
No, no, no (No-no-no, no-no-no, no-no)
No, no, no (No-no-no, no-no-no, no-no)
No, no, no (No-no-no, no-no-no, no-no)
Yo no sé decir que no (No-no-no, no-no-no, no-no)
No, no, no (No-no-no, no-no-no, no-no)
No, no, no (No-no-no, no-no-no, no-no)

Top diesel, top de cara, top princess
(Pero, y ese asfixie que tú tiene', hermanito mío, si viste esa tipa ahora mismo)
(Why, Papa Dios?)

'Toy viendo a la más linda, le haría un hijo con gana'
Si así como baila, chinga, vo'a ser su playlist en la cama
Ella es la más linda, por la noche a su casa
Quiero ir de visita, parcharme a su mamá
Yo hago lo que toque solo si me toca
Me imagino que esto suceda desde que salió de mi boca
Dejo que me enamore', me le pongo romanticón
Si mi tía me ve cachetón, diga: ""Carajo, el amor engorda""
Yo no sabría decir que no, quiero que sea su culpa
Que me ajuicie del borondo y me dé amorcito en pulpa
Hasta lo dijo mi cucha:

No te vaya' a enamorar
Yo me dije: ""Why, why?""
Se lo dije al corazón: ""No te vaya' a enamorar""
Y él se ríe, ay, ay

Yo no sé decir que no
No, no, no, no, no, no, no, no
Ah, no, no, no, no, no, no, no, no
Ah, no, no, no, no, no, no, no, no
Ah, no, no, no, no, no, no, no, no
Ah, no, no, no, no, no, no, no, no
Ah, no, no, no, no, no, no, no, no
Ah, no, no, no, no, no, no, no, no
Ah, no, no, no, no, no, no, no, no"
40,"Bad Bunny, Omar Courtz, Dei V",VeLDÁ,Colombia,latin,7d6yK8v8J484SWH5prIQiE,680800,61,5,"Freaky girl
Freaky girl
Eh
Ayo, it's Ousi
Yeah-yeah
Dei V, Underwater
Freaky girl

You followed me and I followed you back
You gave me a like and I gave two back
Take that, the other day you put me in your close friends
That’s what you want, babe
I'm heading to the DMs, from the back, side, or front
You look amazing in all your pics
Baby, I'll give it to you now and later too
You posted a story nearby, I’m ready to walk over if I have to, eh
Ooh, babe, I want you to be my wolf
You've got me walking a fine line
Woah-oh, if we go underwatеr, you'll get wet
I'm gonna eat you up likе running a red light

And come on, get ready
Who's paying tonight? Babe, don't worry about it
You're coming, I'm going, just follow me
With that anime-style ass, babe, anime-style
Come on, get ready (Yeah)
Who’s paying tonight? Baby, don’t worry about it
Are you coming or should I come? Just follow me
This is what you've been waiting for
My flirty message

We’ll see if it's true (Ooh-ooh), eh
We'll see if it's true, we’ll see if it's true, we'll see if it's true
Baby
We'll see if it's true (We'll see if it's true), eh

Baby, you do it like you knew how (Like you knew how)
Even you would get turned on if you saw yourself through my eyes
Saw yourself through my eyes

Hey (Hey), you and I are gonna meet, we're gonna get to know each other
We're gonna dance (We're gonna dance), we're gonna drink (We're gonna drink)
We're gonna hook up (We're gonna hook up), then get it on
You're gonna get addicted, and this is gonna get wild
We're gonna end badly, yeah
Because I'm trouble
And because you're hot
But I've got my girls
The ones I don't let go of, but you're loose, yeah
But you're fr—, but-but you're loose, hey (Hey)
You're a pitcher, baby, but I grew up on the mound
You'll be dreaming of me after I eat you up
I'll roll up to your block, lowkey in the Tacoma
Or maybe in the Lambo, living a crazy movie life
Hey (Hey), check the AP, it's always on time
That's why no girl rushes me or tricks me
I'm ready to knock you up right now (Horny)

She showed up all wild, like a white girl in La Perla
Baby, this is Ousi, it's a pleasure to meet you
I'm with Bad Bo, with Dei V, and you're with your girls
And I don't know if it's the weed, but you've got
Those tiny little eyes like Don
I ran my tongue over you like sealing a blunt
Baby, you let loose with tequila and lime
That thing in the back, baby, it's huge, like a Yukon
Close your eyes and think of me
I'm drinking and blazing too
She wants a message that says, ""Come over""
I spend my time staring at that booty online

Baby (Baby), that ass belongs to a boss
And I've always wanted to be a boss
Let's go somewhere no one will notice
So when I hit it, hey (Hit it)

We'll see if it's true
We'll see if it's true, we'll see if it's true, we'll see if it's true
Eh-eh
We'll see if it's true, we'll see if it's true

Baby, you do it like you knew how
Even you would get turned on if you saw yourself through my eyes, saw yourself through my eyes (Eyes)

What? Baby, I heard you get things done
Who leads the new generation?
The multi-platinum league
Bad Bunny, Dei V, Omar Courtz
You know, your idols
You're probably wondering how they do it
You've gotta step it up, boom!

Hey, yeah-yeah
Hey
Close your eyes and think of me, hey
I'm drinking and blazing too
She wants a message that says, ""Come over""
I spend my time staring at that booty online"
41,"Luister La Voz, maikol el insoportable",Ozono,Colombia,latin,4acvrfbXrDPFQNNDnFZnpC,678942,3,41,
42,Yeison Jimenez,Un Perro Enamorado,Colombia,latin,3kcr3teEgyTOVIAxMPOPeO,668288,8,21,"Esto se llama ""Un Perro Enamorado""
Para ti, mi vida, dice así

Es la primera vez que me enamoro así
Así de esta manera que te estoy amando, que te quiero a ti
Es la primera vez que muero de deseo
Y siento que me mata no besar tus labios cuando no te veo
No entiendo qué pasó, mi vida no era así
Ahora no soy el mismo, todo me ha cambiado, pues te tengo a ti

Y empiezo a preguntarme qué pasó
Con el perro enamorado que era yo
¿Qué pasó con el galán que sentía pena
Caminar con unas flores para ella?
Y vuelvo a preguntarme qué pasó
Con el perro enamorado que era yo
Nunca imaginé que un día llegaría la alegría
Que jamás había sentido como hoy

Ay-ay-ay, muchachos
¡Mamacita!
Con el corazón
Oiga, y eso que estoy en sano juicio

¿Y qué pasó?, yo no era así
Y ahora sé que estás aquí
Ahora no soy el mismo, todo me ha cambiado, pues te tengo a ti

Y empiezo a preguntarme qué pasó
Con el perro enamorado que era yo
¿Qué pasó con el galán que sentía pena
Caminar con unas flores para ella?
Y vuelvo a preguntarme qué pasó
Con el perro enamorado que era yo
Nunca imaginé que un día llegaría la alegría
Que jamás había sentido como hoy
Nunca imaginé que un día llegaría la alegría
Que jamás había sentido

Salucita, salucita
Oiga, me empezó a hacer esta güevonada
Ahí sí me preocupa
Como hoy"
43,Arcángel,Pa' Que La Pases Bien,Colombia,latin,1pLCpA1RN8avJxSD3ZCwhj,661883,165,23,"(Pa' que la—Pa' que la pases bien)
Sí, jaja
Oye, yo le pregunté and she said ""yes"", ¡wow!
(Pa' que la—Pa' que la pases bien)
Jaja, ajá
(Arcángel, pa)
Tini-tan-tan-tan
(Tainy; ey; La Maravilla, ajá, aoh)

A ella no le gusta el reggaetón
A ella le gusta cómo canta la sensación
Maravillosamente a la pista se adapta (Ajá)
Con señas, rápido me capta
Llega el chamaquito, el chiquito
El que por cierto no tiene mucho 'e bonito
Pero las gatas se enloquecen cuando canto
No venga' a tirarme que yo 'toy cura'o de espanto

Ella brinca y salta (Cuando yo le doy)
Tranquila (Ella sabe quién soy)
Si me llama (Seguro que voy)
Ponte ready (Que te toca lo tuyo pa' hoy)
Ella brinca y salta (Cuando yo le doy)
Tranquila (Ella sabe quién soy)
Si me llama (Seguro que voy)
Ponte ready (Que te toca lo tuyo pa' hoy; ajá)

Y búscame pa' que la pases bien
Pa' que la—Pa' que la pases bien
Acércate pa' que la pases bien
Pa' que la—Pa' que la pases bien
Y búscame pa' que la pases bien
Pa' que la—Pa' que la pases bien
Acércate pa' que la pases bien
Pa' que la—Pa' que la pases bien (Ajá)

You know, your boy is lookin' good for the ladies (For the ladies)
When I pass by in my new Mercedes (Mercedes)
Swag, te hace falta un masaje
First class, primera clase son mis pasaje'
Vente conmigo pa' que vea' lo que traje
Sensual y a la vez salvaje
Vuelve, mami, recoge tu equipaje (Ajá)
Que de nuevo nos vamo' de viaje (Ey)
Sin demora, quítate el traje
Y a la vez disfruta el paisaje (Sí)
Ahora deshaz tu equipaje
Bienvenida a una nueva misión

Y búscame pa' que la pases bien
Pa' que la—Pa' que la pases bien
Acércate pa' que la pases bien
Pa' que la—Pa' que la pases bien
Y búscame pa' que la pases bien
Pa' que la—Pa' que la pases bien
Acércate pa' que la pases bien
Pa' que la—Pa' que la pases bien

Ella brinca y salta (Cuando yo le doy)
Tranquila (Ella sabe quién soy)
Si me llama (Seguro que voy)
Ponte ready (Que te toca lo tuyo pa' hoy; ajá)
Ella brinca y salta (Cuando yo le doy)
Tranquila (Ella sabe quién soy)
Si me llama (Seguro que voy)
Ponte ready (Que te toca lo tuyo pa' hoy)
(¡Wuh!)

Ey
La Maravilla
Arcángel
El fenómeno musical (Que te toca lo tuyo pa' hoy)
Simplemente te dedica esta canción (Uh) para que tú (Pa' que la—Pa' que la—Pa' que la—Pa' que la—Pa' que la pases bien)
Directamente desde mi Factoría del Flow
Flow Factory, la compañía, ajá
Oh, no
Tainy (Ajá)
Otra amenaza en la música
Ingeniero (Naldy)
Siempre con la calidad (Ajá)
Hyde, Jorgy, jaja, prr
Artillery, ajá, jaja, ah
(Bien, bien-bien, bien-bien-bien-bien-bien-bien-bien-bien-bien-bien-bien-bien—Pa' que la, pa' que la pases bien)"
44,"El Bogueto, Yung Beef",Cuando No Era Cantante,Colombia,latin,6N2iccqxRInhTLHc2Fu3W0,660043,18,22,"Jajajajaja
Jaja, QueHicisteBella

Como antes, baby, vamo' a hacerlo como antes
Como cuando no era cantante
(Antes de que yo me hiciera un gánster)

Mami, extraño tu olor, necesito tu calor
Ven, que yo te quiero hacer el amor
Escuchando de fondo La Mafia del Amor
Como lo hacíamos antes dentro de tu habitación
Mami, extraño tu olor, necesito tu calor
Ven, que yo te quiero hacer el amor
Escuchando de fondo La Mafia del Amor
Como lo hacíamos antes dentro de tu habitación

Como antеs, baby, vamo' a hacerlo como antes
Como cuando no era cantantе
Antes de que yo me hiciera un gánster
Antes de ponerte eso' implante'
Como antes, baby, vamo' a hacerlo como antes
Como cuando no era cantante
Antes de que yo me hiciera un gánster
Antes de ponerte eso' implante'

Deja de esconderte, vo'a salir a buscarte
Deja demostrarte que ya no soy el de ante'
Rico vo'a tratarte, lo nuestro, eso e' aparte
Vamo' a hacer deporte, después pa'l restaurante
Baby, vamo' a hacerlo, 'cerlo duro como ante'
Y si tú quiere', mañana puede' olvidarte
Y dale un beso a tu mamá de mi parte
Y si tú quiere', ya sabe' dónde encontrarme

Como antes, baby, vamo' a hacerlo como antes
Como cuando no era cantante
(Antes de que yo fuera un gánster)
(Antes de que yo fuera cantante)

Mami, extraño tu olor, necesito tu calor
Ven, que yo te quiero hacer el amor
Escuchando de fondo La Mafia del Amor
Como lo hacíamos antes dentro de tu habitación
Mami, extraño tu olor, necesito tu calor
Ven, que yo te quiero hacer el amor
Escuchando de fondo La Mafia del Amor (Prr)
Como lo hacíamos antes dentro de tu habitación (Ah, ah)

Ando por la calle, ando en el joseo
Tú sabes, mami, yo me cuido de los feos
Pendiente a ti, a las otras yo ni las leo
Extraño los perreos dándote de'o
Me tienes preso, ven, dame de eso
Eso a mí me dejó el cora ileso
Te juro que ha sido difícil el proceso
Ando con culos, pero, mami, yo te pienso
Y ahora soy un bandido, pero roto
Vamos pa' la Louis V, yo te la exploto
Ma', todavía tengo las fotos
Estoy loquito por romperte ese toto

(Mami, extraño tu olor, necesito tu calor)
(Ven, que yo te quiero hacer el amor)
(Escuchando de fondo La Mafia del Amor)
(Como lo hacíamos antes dentro de tu habitación)

Como antes, baby, vamo' a hacerlo como antes
Como cuando no era cantante
Antes de que yo me hiciera un gánster
Antes de ponerte eso' implante'
Como antes, baby, vamo' a hacerlo como antes
Como cuando no era cantante
Antes de que yo me hiciera un gánster
Antes de ponerte eso' implante'

Jajajajaja
Jaja, QueHicisteBella"
45,"Bad Bunny, Ozuna, Farruko, Arcángel, Ñengo Flow, DJ Luian, Mambo Kingz",Diles,Colombia,latin,6C1RD7YQVvt3YQj0CmuTeu,659861,300,20,"(Prende otro phillie, bebé)

Prende otro phillie, bebé, que ya mismo este se apaga (Ey, yo')
Vamos para el cuarto polvo, ya esto es una saga (Jajaja)
Dice que le gusta hacerlo con mis temas de trap (Oh, yeah)
Y si te preguntan por qué pa'l sexo yo soy tu fav

Diles que yo me sé tus pose' favoritas
Que te hablo malo y que eso te excita
Que te hago todo lo que necesitas pa' hacerte venir
Y dile' que yo me sé tus pose' favorita'
Que te hablo malo y que eso te excita
Que te hago todo lo que necesita' pa' hacerte venir

(¡Farru!)
Dile que soy el baby (Uh), tu novio viste de Old Navy
Yo sí tengo flow, él no tiene flow
Yo a ti te martillo y te doy dembow (Jaja)
Por la noche, cuando él se va
Tú me llamas con la necesidad
Porque te gusta cómo te doy
Tranquila, ma', que por ahí voy ya
Uh-uh-uh-uh
Quiero hacerte cosita' que nunca te han hecho (Te han hecho)
Esta noche conmigo tú tocas el techo (Tocas el techo)
Uh-uh-uh-uh
Cuando te pelean y estás en despecho (Despecho)
Me llamas y yo adentro te la echo (Jajaja)

Dime si tú quieres que yo te ubique en mi cama
Deja el drama, ven y mama
Voy a darte duro hasta por la mañana (Wuh)
Y que comience la acción (La acción; wuh-wuh)
Dame tu ubicación (Ubicación)
Tú sabe' que yo le llego
Y cuando llego, este bicho causa emoción (Auh; wuh)
Le bajo al pozo como Poseidón (Yeah)
Le abro las piernas en el balcón (Auh)
Pa' hablarte claro, ma', tú le mete' cabrón (Yeah)
Me gusta cómo con la boca me pone' el condón (Uh)
Y te queda mejor, mamá, cuando no me pone' na'
Este bicho es tuyo, avanza y corre
Ven y súbete en la torre (La Ma')

Diles que yo me sé tu' pose' favoritas
Que te hablo malo y que eso te excita
Que te hago todo lo que necesitas pa' hacerte venir
Y dile' que yo me sé tus pose' favorita'
Que te hablo malo y que eso te excita
Que te hago todo lo que necesitas pa' hacerte venir

Conozco tus pose'
Hago susurrar todas tus voce' por mi cuello
Se ilumina el camino cuando estrello tu cuerpo junto al mío
Haciendo detener el tiempo, este es el mejor momento
Pose' abajo o arriba, pose' en cuatro, encima o de la'o
Caliente, caliente, dime qué tú sientes
Si te doy de frente, se siente apreta'o
Tu culo pégalo cerca pa' retumbarte completa
Baja y sube en cámara lenta, ma'i

(Bad Bunny)
Vamo' a hacerlo dentro del carro y pichea el hotel (Hotel)
Que tengo ganas, bebé, y no hay tiempo para perder
Cristale' tintia'o, nadie nos va a ver
Estamo' bellaco' y queremo' meter (Wuh)
Tú y yo solitos, dale, apaga el cel'
Que te vo'a hacer lo que no te hace él
Y woh, heh
Los cristale' del carro se empañan
Tu carita de ángel me engaña
Yo soy sano, pero tú me dañas
Y woh (Woh)
Prendió un krippy y se puso lucí'a
Me dio un blowjob mientras conducía
Se trepó y me seducía

Y dile' que yo me sé tu' pose' favorita'
Que te hablo malo y que eso te excita
Que te hago todo lo que necesitas pa' hacerte venir (¡Farru'!)
Y diles (Dile'), que yo me sé tu' pose' favoritas
Que te hablo malo y que eso te excita
Que te hago todo lo que necesitas pa' hacerte venir

Bad Bunny
Bad Bunny
Hear This Music
Hear This Music
Mambo Kingz
Mambo Kingz
DJ Luian
Luian
¡Farru!
Ozuna
(Ozuna)
Ñengo Flow
Arcángel
(ELGENERO.COM)"
46,Bad Bunny,VOY A LLeVARTE PA PR,Colombia,latin,59D4DOkspUbWyMmbAPQkxZ,653297,61,4,"Acho, PR es otra cosa
Yo la conocí en Miami, en Brickell
Ella sabe que aquí hay ticket
Quiere que yo se la aplique
Que pa' casa la trafique

Vo'a llevarte pa' PR, mami, pa' que vea' cómo es que se perrea
Tráete a tu amiga si te gusta la idea
Dile que esta noche vamo' a janguear
Que rico la vamo' a pasar
Aquí nadie se va a casar
Pero tú te va' a querer quedar (Ey, ey)

Aprovecha, quе estoy soltero (Ay), single
Míramе mal si quiere' que te singue
Te vo'a llevar pa' PR to' el finde
Despué' de mí va' a borrar Tinder
Y estoy suelto, mami, estoy suelto
Mírame ahora, perreando un experto
Estoy suelto, mami, estoy suelto, ey, ey, ey
Hoy la calle está prendía', hookah, pastilla molía'
Yo no pierdo tiempo, yo las cambio como ROSALÍA
La que me mira a los ojo' por cinco segundo' ya yo sé que es mía
¿Dónde están las mala'? Que son bienvenía'
'Toy puesto pa'l lío, dime si tú lía'
Tus amiga' y to' el corillo 'tán bien rica'
Pero ese culo tuyo, wow, sobresalía
Salimo' de la disco y estaba de día
Obviamente salí con la que quería, ey
Que viva la putería
Dale pa'trá', pa'trá', tan-tan, chulería, ey
Dime si te va' a montar, pa' la isla tengo el portal
Bien borracho' los tre', baby, a las do' me las vo'a llevar
Oh, oh, me quiere besar, ja, yo que la puse mal
Tírate fotitos ahora porque ahorita te vo'a despeinar
Yeah-eh-eh-eh-eh

Vo'a llevarte pa' PR, mami, pa' que vea' cómo es que se perrea
Tráete a tu amiga si te gusta la idea
Dile que esta noche vamo' a janguear
Que rico la vamo' a pasar
Aquí nadie se va a casar
Pero tú te va' a querer quedar, yeah

Yeah, sí, sí
Esto es PR, mami
Aquí nací yo y el reggaetón, pa' que sepa'
Ey, ey, ey
Voy cazando y muero perreando
Voy cazando y muero perreando
Voy cazando y muero perreando
Que bailen toa' las gata', nos fuimo' algarete
'Tás escuchando al que más le mete
Dale, mami, suéltate el grillete
Ponte en cuatro, que te vo'a dar fuete
Ponte en cuatro, que te vo'a dar fue—"
47,Arcángel,Hace Mucho Tiempo,Colombia,latin,0a6ogDrZBvYgDjILgsQVaJ,652301,122,47,"Uh, uh-uh-uh
Uh, uh-uh-uh, uh, uh

Hace mucho tiempo que quiero conocerte (Yes)
Mira que me han habla'o bien de ti
Tanto te vi en mis sueños que ya quiero tenerte
Sólita, exclusiva pa' mí (-siva pa' mí)
Hace mucho tiempo que quiero conocerte
Mira que me han habla'o bien de ti (Ajá)
Tanto te vi en mis sueños que ya quiero tenerte (Baby; tenerte)

Vino tinto, agua de mar
En la costa de Noruega, una aurora boreal
Fenómeno en el cielo difícil de no mirar
Así es ella, maravillosamente bella
Un historial de belleza como monumento en Grecia
Clásica como canal de Venecia
Fina, se distingue por su elegancia
En su mirada se le ve glamour en abundancia
Ella tiene lo que a otras les falta
Ella es de esas mujeres que resalta
Y si yo no la tengo a ella
Quiero a una como ella que cariño me reparta

Hace mucho tiempo que quiero conocerte (Yes)
Mira que me han habla'o bien de ti
Tanto te vi en mis sueños que ya quiero tenerte
Sólita, exclusiva pa’ mí (-siva pa' mí)
Hace mucho tiempo que quiero conocerte
Mira que me han habla'o bien de ti (Ajá)
Tanto te vi en mis sueños que ya quiero tenerte (Baby; tenerte)

Y suavemente siento que tu cuerpo consumo
Lentamente como el humo
Llegaste precisamente, mami, en el momento oportuno
Como el chocolate caliente en el desayuno (Ajá)
Como el sol cuando sale en la mañana
Y sus rayos penetrando tu ventana
De lejos siento tu cariño inmenso
De lejos siento tu calor intenso, prra
Eres valiosa como el oro de una mina
Dura como La Gran Muralla China
Nunca te he visto, mami, pero te conozco
Lo sé porque al soñar veo tu rostro, baby

Hace mucho tiempo que quiero conocerte (Yes)
Mira que me han habla'o bien de ti
Tanto te vi en mis sueños que ya quiero tenerte
Sólita, exclusiva pa' mí (-siva pa' mí)
Hace mucho tiempo que quiero conocerte
Mira que me han habla'o bien de ti (Ajá)
Tanto te vi en mis sueños que ya quiero tenerte (Baby; tenerte)

Yep, ahora sí, bien hecho
Yo soy y seguiré siendo ""La Maravilla""
La Marash (Arca)
Sentimiento, Elegancia y Maldad"
48,"Feid, ATL Jacob",LUNA,Colombia,latin,7bywjHOc0wSjGGbj04XbVi,650903,118,1,"Yeah, yeah, yeah
ATL Jacob, ATL Jacob

I'm looking for you and I don't know where you are, I'm looking for answers
When was the last time I saw you smile?
I called you ""my queen"", your legs were shaking
With you, the nights, no, they weren't for sleeping
Sometimes I ignore it
I smoke and drink alone
I always thought you shouldn't have left
You traded silver for gold, you were my treasure (treasure)

I didn't know what day you forgot about me
And, and me, and, and me of you
I didn't know what day you forgot about me
And, and me, and, and me of you
I didn't know what day you forgot about me
And, and of me, and, and of mе
I didn't know what day you forgot about me
And, and me, and, and me of you
I didn't know what day you forgot about mе

Sometimes I miss you, ma
I want to forgive you
Baby, you threw me to the canvas
You drained all of my stamina
Don't call me when you feel lonely
Baby, I know that you miss the cars too
Making love when you're wasted, yeah
It was all a lie when you used to tell me: ""Baby, I miss you""
That we'd last for years
Baby, your betrayal hurt
I wish this song would end and I'd finally forget about you

I'm looking for you and I don't know where you are, I'm looking for answers
When was the last time I saw you smile?
I called you ""my queen"", your legs were shaking

I didn't know what day you forgot about me
And, and me, and, and me of you
I didn't know what day you forgot about me
And, and me, and, and me of you
I didn't know what day you forgot about me
And, and of me, and, and of me
I didn't know what day you forgot about me
And, and me, and, and me of you
I didn't know what day you forgot about me

Yeah
Ah-ah-ah"
49,"El Bogueto, Anuel AA, Fuerza Regida, Yung Beef",Cuando No Era Cantante - Remix,Colombia,latin,2pbSCYzxrG0wa6qcj8IyiE,646278,12,36,
50,Kris R.,MIL D AURA,Colombia,latin,0LvxvoeJmdhkxRIC4orlJ3,645266,3,21,"Eh
Hola, bebé
Sé que de pronto es muy tarde y me dan ganas de ir a buscarte
Y que no soy bienvenido en tu casa, dijeron tus padre'
Si no voy, es por respeto, no porque sea un cobarde
La chimba, no vo'a aguantarme

Tus viejos no te quieren conmigo
Dicen que soy maleante porque mantengo con bandido'
Y yo buscando efectivo pa' verme un ratito contigo
Tengo que apretar, si el mundo te quiero comprar
Por ti, amor, soy capaz de matar (Al quе sea)
Tus viejos no te quiеren conmigo
Dicen que soy maleante porque mantengo con bandido'
Y yo buscando efectivo pa' verme un ratito contigo
Tengo que apretar, si el mundo te quiero comprar
Por ti, amor, soy capaz de matar (Al que sea)

Contigo puedo caminar
Pero sé que mañana en un Mercedes vamos a estar
Y lo que te quieras comprar
Tranquila, reina, que con el tiempo te lo voy a dar
Yo soñaba con una como tú desde la escuela
Escuchando Cosculluela
Todo chimba ilusionado de tenerla
Y ahora que te tengo, la vida es más bella
Y no es el dinero, eres tú (Sí)
Ya no es en nada pasajero, contigo estoy en mi mood
Así tus viejos no me quieran
No me azara, la que me importa eres tú

Tus viejos no te quieren conmigo
Dicen que soy maleante porque mantengo con bandido'
Y yo buscando efectivo pa' verme un ratito contigo
Tengo que apretar, si el mundo te quiero comprar
Por ti, amor, soy capaz de matar (Al que sea)

Mami, me tiene la cabeza dando vuelta'
Yo pensando en una vuelta pa' sacarte a dar la vuelta
Y qué vuelta, que su cucha to' lo mío lo cuenta
Imposible que en to' este tiempo no se ha dado cuenta
Que yo estoy pa' ti y pa' nadie más, soy tu paño de lágrimas
Y cuando tengo el ánimo en el piso, tú me reanimas
Un chorrito, por ti y por las ánimas
Como dijo Blessd, no tengo carro, mor, te invito a caminar
Una como tú, ¿me extraña'? Mor, me too
No tenía pa' darte ni chimba, ahora te compro Jimmy Choo
Aura, eso es lo que transmite usted
Estoy a su disposición, a su merced

Mor, me siento bien, dime si tú no
Cuando estamos los dos se va volando el tiempo
(Qué chimba cómo te siento)
Mor, me siento bien, dime si tú no
Cuando estamos los dos se va volando el tiempo
(Hasta en mis sueños te encuentro)

Tus cuchos no te quieren conmigo
Jajaja
Sisas, La K
El trap de Medallo, el trap de Colombia
¿Ah?
Una valija en sentimiento, ma
Háblales, Prime
Monja, don't got mercy on these niggas
Háblales, Deezy
Money Makers
Nelsen
En la melodía, en el lápiz
Mor, tú sabes que esta combi es pa' ti, jajaja
Yeah"
51,"Blessd, Fuerza Regida, Ovy On The Drums",COMO OREO,Colombia,latin,7sRXb5IgYWwVv1DaavHSNs,643436,27,1,"Jaja, Ave María, mi amor
O-O-Ovy On The Drums
Como Oreo de fresita tiene esa carita
Y me puse malote y quiero una mordidita
Niña fresa, se las daba de santita
Y si no llamo, ella me llama pa' que choque esas nalguita'
Y si no llamo, ella me llama pa' que choque esas—

Hace tiempo te miraba por ahí (Por ahí)
Y yo noté que también tú mirabas
Mirabas, mirabas, mirabas
Na-na-na-na-na-na-na
Con el cora roto te cogí (Te cogí)
Y con el gusto que tú gritabas
Gritabas, gritabas, gritabas
Na-na-na-na-na-na-na

Yeah, yeah, chulita, ¿qué fue?
Dime, dime, ¿cómo quiere el Patek? Yeah, yeah
Y la troca también, bebé, bebé
Ese culito yo le pongo anillo de seguridad
Carita de ángel y una diabla en la intimidad
En negra mate blindada pa' que andemos en la ciudad
Y un convoy de setenta por si nos toca disparar (Prr)
Está operadita, eso a mí me fascina
Y ese culo resalta cuando entra en la piscina
Y un poco de lavada pa' que la fiesta esté fina
Y ella e' mi paisita, la quiero, a mí me domina

Se dio, se dio después de to'-to'-to'-to'-to'
Todo lo que chambeé-bé-bé-bé-bé
Vamo' hasta abajo, bien duro, como la última vez
Se dio, se dio después de todo, to'-to'-to'-to'-to'
Todo lo que chambeé-bé-bé-bé-bé
Vamo' hasta abajo, bien duro, como la última vez

Hace tiempo te miraba por ahí (Por ahí)
Y yo noté que también tú mirabas
Mirabas, mirabas, mirabas
Na-na-na-na-na-na-na
Con el cora roto te cogí (Te cogí)
Y con el gusto que tú gritabas
Gritabas, gritabas, gritabas
Na-na-na-na-na-na-na

Hola, mi amor, soy yo de nuevo
Mintiendo que estás sola y que ya no tiene' jevo
Y el volverte a meter, mami, es mi mayor anhelo
Sabes que yo estoy rico y para usted todo melo (Jaja)
Gucci, Prada con Van Cleef, para usted un final feliz
Ya me apliqué la Chantal de rosa pa' su nariz
Te-Tengo mela la G-Wa pa' robármele unos kiss
Y vamos pa' la parte atrá' y cometemos un desliz
Please, eres mi pornstar, eres mi actriz
Yo te compro y te quito, ma, la Louis V
Parchamos en Mykonos, en el jet ski
En aviones privados, solo para ti (Ja)

Hace tiempo te miraba por ahí (Por ahí)
Y yo noté que también tú mirabas
Mirabas, mirabas y mirabas
Na-na-na-na-na-na-na
On el cora roto te cogí (Te cogí)
Y con el gusto que tú gritabas
Gritabas, gritabas, gritabas
Na-na-na-na-na-na-na

Uh, Fuerza Regida
Compa Bendito
Dímelo, Jara
Andamo' a la puta orden, viejo
Siempre Blessd
Usted se la sabe
Arriba la Empresa SM, viejo
Jaja
Fuerza Regida
Ovy On The Drums"
52,Plan B,Es un Secreto,Colombia,latin,3KZCP2StVGdWkOKyRZNWA4,641795,266,18,"Será cuestión de tiempo (Presentimiento)
De un lugar, de un momento
Conozco tu debilidad, cómo haces para envolverte
Si no es hoy, mañana tal vez, pero algún día voy a tenerte
Tengo la capacidad sin que me hables, de entenderte
Yo sé lo que trae' en tu mente, que estás loca por tenerme

Es un secreto de tu mirada y la mía
Un presentimiento, como un ángel que me decía
Es un secreto de tu mirada y la mía
Un presentimiento, como un ángel que me decía

Será cuestión de tiempo, de un lugar, de un momento
De una palabra, de un encuentro, de una noche, de un intento
Tranquilito, confiando en lo que creo
Tu mente me llama, me llama y yo le contesto
Mi mente te piensa y con el deseo la alimento
Yo sé que estamo' cerca de que pase el suceso
De una historia, de un recuerdo

Es un secreto de tu mirada y la mía
Un presentimiento, como un ángel que me decía
Es un secreto de tu mirada y la mía
Un presentimiento, como un ángel que me decía

Tú sabes que naciste pa' mí, tú eres mi gusto, mi flow
Lo mismo te pasa a ti, cuando estás cerquita de mí
El deseo es tanto que quema por dentro
Sin decir nada, haciéndolo lento
Mientras me deleito, aprovecha el momento
Mami, mami

Tú eres una Barbie, muñeca, princesa y no es de Mattel
Tú eres perfecta, tu cara, tu cuerpo, tus ojos también tu piel
Te quiero completa, ven, baila sensual, así te quiero ver (Te quiero ver)
Juntito', solito' nos vamo' a complacer
Tú eres una Barbie, muñeca, princesa y no es de Mattel
Tú eres perfecta, tu cara, tu cuerpo, tus ojos también tu piel
Te quiero completa, ven, baila sensual, así te quiero ver (Te quiero ver)
Juntito', solito' nos vamo' a complacer (-cer-cer)

Es un secreto de tu mirada y la mía
Un presentimiento, como un ángel que me decía
Es un secreto de tu mirada y la mía
Un presentimiento, como un ángel que me decía

(Haze) Haze
Plan B, Pina
La Casa del Placer
(Es un secreto de tu mirada y la mía)
(Un presentimiento)"
53,Yeison Jimenez,MLP,Colombia,latin,4DAMvNqHt0s8zJr6JwOoye,641764,12,8,"Dicen que es suerte
Pero no saben toda la que me he comido
Algunos dicen que yo soy un presumido
Yo los entiendo y sé que hay muchos ofendidos
Y me vale madre
Más de diez años y conmigo no han podido
Aventurero, embilletado y bendecido
Soy el más joven y parecen hijos míos

Que sigan hablando, yo aquí facturando
Los perros ladrando y la cuenta llenando
Y pa' que les duela
Yo sigo cantando

Ya me cansé de callarles la boca
Soy еl original y ustedes una copia
Tampoco me importa si еstán ofendidos
Camino de frente, yo sigo en lo mío
¿De dónde es que sale?
Tanto malparido

¡Yeison Jiménez!
Con el corazón

Que sigan hablando, yo aquí facturando
Los perros ladrando y la cuenta llenando
Y pa' que les duela
Yo sigo cantando

Ya me cansé de callarles la boca
Soy el original y ustedes una copia
Tampoco me importa si están ofendidos
Camino de frente, yo sigo en lo mío
¿De dónde es que sale?
Tanto malparido

¡Y esto es con mucho cariño!
Pa' todo el que le duele ver un pobre progresando en la vida
¡Yeison Jiménez!

Camino de frente, yo sigo en lo mío
¿De dónde es que sale?
*Silbido*"
54,"Blessd, Los Money Makers, Prodmonja",URUS BLUE,Colombia,latin,4sTnItbNUAcS5KDG6vTA5B,632957,40,22,"¿Y usted qué va a hacer con esa plata?
Pa' llevarla a usted a ver los alumbrados, al pueblito paisa

¿Entonces qué, mi amor? (Jaja)
Soy más de guaro, pero por usted le juro que me tomo los vinos
Esa sonrisa, esa boquita y sus ojitos los combino conmigo
¿Usted dónde está?
Dame unos minuto', matamo' la ansiedad
No va a perder el tiempo, se lo aseguro
Qué rico hacerlo con usted en lo oscuro
Hola, mi amor, traje un baretico de indoor
Pa' que nos lo fumemo' en una tarde de sol
Nos vamos pa' Guatapé, allá la pongo a hacer surf
Y después en la cabaña, yo le hago el amor (Qué rico, mi cielo)
Yo la llevo al gimnasio
Y le compro un Patek pa' que cambie ese Casio (Oh)
Pero me lo haces despacio (Ave María, mi amor)
Y te rizo ese cabello, así tú lo traiga' lacio
Mami, de ese culo soy dueño
No sé por qué desde pequeño me gusta lo ajeno (Jaja)
Me enamoró tanto que le pagué el diseño
Compré la CX-30 y le operé hasta los seno'
Qué rico es verla, sentirla encima 'e mí
Decirle que me encanta porque creo que yo nací pa' ti, sí
Sabes, bebé, que contigo yo soy feliz
Si quieres, viajamo' el mundo y la fotico por París
Bien perfuma'o, siempre Louis Vui la loción
Si se me maneja bien, yo le doy su mansión
A ese culito yo le tengo admiración (¿Por qué?)
Porque en la cama es ejemplo 'e superación

Tú y yo haciendo el after party
Fumando mari (Mari)
Con un puesto de Cali (En California, mami)
En la Urus, bebé
Tú y yo haciendo el after party (Party)
Fumando mari (Mari)
Con un puesto de Cali (California, mi amor)
En la Urus, bebé

Vuelo privado, nada de Avianca o Spirit (Jamás)
Pídeme ayuda a mí, no le digan a Siri
Pa' ti son to'as mis letras, ma, son toda' mis lyrics (Jaja)
Y te cotizo como Anuel con Amiri (Brr)
Bebé, vámono' a vacacionar (Jaja)
Que la cuenta mía es como la de Neymar (Qué chimba)
Si tú quiere' to' te lo puedo comprar (¿Qué quieres?)
Yo te regalo, solo tú tiene' que hablar (Ah, listo)
¿Qué es lo que quiere? ¿La Dolce? ¿La Gucci? ¿La Prada?
¿La Balenciaga? Yo a ti te la doy (Se la compro)
Sabe' que quieres hacerlo conmigo
Y si tú me llamas un bebé, aquí yo estoy (Rico)

Tú y yo haciendo el after party (¿Cómo así?)
Fumando mari
Con un puesto de Cali
En la Urus, bebé (En la Urus, mi cielo)
Tú y yo haciendo el after party (¿El after qué?)
Fumando mari (Ay, Dios mío)
Con un puesto de Cali (Jaja)
En la Urus, bebé

Pues, ¿qué te cuento?, ¿qué te puedo decir?
Si lo de nosotros es una chimba
No tenemos que envidiarle nada a nadie, porque to' lo tenemos
El único complemento para yo poderme sentirme satisfecho
Son unos besitos tan lindos que usted me da, mi corazón (Ave María, mi amor)
Money Makers (Money Makers)
Siempre Blessd, y esto es pa' ti, tú sabes quién
Dímelo, Jara
Desde el Barrio Antioquia
Ey, Jose, candela
Monja (Don't got mercy on these niggas)
Ah-ah-ah
Ave María, mi amor, si usted supiera
Ay, que vuelva a escuchar la canción"
55,"Maluma, Trap Capos, Noriel, Bryant Myers, Juhn","Cuatro Babys (feat. Trap Capos, Noriel, Bryant Myers & Juhn)",Colombia,latin,0JoHqmlqE0W0i9prt6kcHR,625925,133,16,"Ya no sé qué hacer
No sé con cuál quedarme
Todas saben en la cama maltratarme
Me tienen bien, de sexo me tienen bien

Estoy enamorado de cuatro babies, siempre me dan lo que quiero
Chingan cuando yo les digo, ninguna me pone pero
Dos son casadas, hay una soltera
La otra medio psycho y si no la llamo se desespera
Estoy enamorado de cuatro babies, siempre me dan lo que quiero
Chingan cuando yo les digo, ninguna me pone pero
Dos son casadas, hay una soltera
La otra medio psycho y si no la llamo se desespera

(Noriel)
La primera se desespera
Se encojona si se lo echo afuera
La segunda tiene la funda
Y me paga pa' que se lo hunda
La tercera me quita el estrés
Polvo corridos siempre echamos tres
A la cuarta de una, le bajo la luna
Pero ella quiere con Maluma y conmigo a la vez
Estoy enamorado de las cuatro
Siempre las busco después de las cuatro
A las cuatro les encanta en cuatro
Y yo nunca fallo como el 24
De los Lakers siempre es la gorra
De chingar ninguna se enzorra
Estoy metio' en un lío, y hasta confundio'
Porque ninguna de mi mente se borra

(Ah!)
Me pongo las gafas Cartier, saliendo del aeropuerto
Vestio' Giuseppe, zapatos en piel
Tú tienes todas mis cuentas de banco y el número de la MasterCard
Tú eres mi mujer oficial, me tiene enamorado ese culote con ese pelo rubio
Pero tengo otra pelinegra que siempre quiere chichar
A veces hasta le llega al estudio
La pelirroja chichando es la más que se moja
La encojona que me llame y no lo coja
Peleamos y me bota la ropa y tengo que llamar a cotorra pa' que la recoja
Tengo una chiquitita nalgona con el pelo corto
Me dice: ""Papi, vente adentro, si me preña'—"" (Bryant Myers)

Estoy enamorado de cuatro babies, siempre me dan lo que quiero
Chingan cuando yo les digo, ninguna me pone pero
Dos son casadas, hay una soltera
La otra medio psycho y si no la llamo se desespera
Estoy enamorado de cuatro babies, siempre me dan lo que quiero
Chingan cuando yo les digo, ninguna me pone pero
Dos son casadas, hay una soltera
La otra medio psycho y si no la llamo se desespera

Y estoy metío en un lío
A todas yo quiero darle
Me tienen bien confundío
Ya no sé ni con cuál quedarme
Y es que todas maman bien
Todas me los hacen bien
Todas quieren chingarme encima de billetes de cien
Me tienen en un patín
Comprando en San Valentín
Ya me salieron más caras que un reloj de Ulysse Nardin
Es que las babys están dura' y ninguna de la' cuatro se ha hecho completa
Dos tienen maridos y ninguna de las dos al marido respetan

Cuatro chimbitas, cuatro personalidades
Dos me hablan bonito, dos dicen maldades
Diferentes nacionalidades
Pero cuando chingan gritan todas por iguales
Quiere que la lleve pal Medallo
Quiere que la monte en carro del año
Que a una la coja, a la otra la apriete
Y a las otras dos les dé juntas en el baño
Digan qué más quieren hacer
El Dirty las va a entretener
En la casa gigante, hay un party en el yate que él quiere tener
No sé si me entiendes, bebé

Estoy enamorado de cuatro babies, siempre me dan lo que quiero
Chingan cuando yo les digo, ninguna me pone pero
Dos son casadas, hay una soltera
La otra medio psycho y si no la llamo se desespera
Estoy enamorado de cuatro babies, siempre me dan lo que quiero
Chingan cuando yo les digo, ninguna me pone pero
Dos son casadas, hay una soltera
La otra medio psycho y si no la llamo se desespera

No-No-Noriel
Bryant Myers
Dirty Boy, Maluma
Versatility, muchachos
Nosotros somos los capos del trap
Mr. Myers
Trap Capos
Maluma
Santana ""The Golden Boy""
Bryant Myers
Dímelo, All Star, baby
Mera Juhn
Dímelo, Ganda"
56,"Danny Ocean, Kapo",Imagínate,Colombia,latin,7ns16ylM6sbxo9ZWIwyE5d,611905,69,1,"Ba-Ba-Babylon girl, ba-ba-babylon girl, ba-ba-babylon girl

Imagínate en la playa los do'
Con ninguna tendrás que competir
Repetía toa' tus nota' de voz
Pero ahora, mira, te tengo aquí

Y cuando te vuelva a ver, quiero que nos parchemo' en el Altoque
Que estemo' tú y yo, que andemo' en otra y que nada importe
Y sabe' que ere' mía, la vida es fresca como tu escote
Nos vamo' pa' Cali, bailamos salsa toda la noche

Hay una playa, solo falta tú y yo
Yo soy tu visa por si quieres venir
Tú ere' una mezcla de arena con sol
La más linda que he visto así por ahí
Tú ere' una mezcla de arena con sol, de arena con sol y brisa
Tú ere' lo que hace falta pa' una vida feliz

Cuando pueda volver, quisiera llevarte a Los Roques
Mami, yo tengo un pana que nos va a cuadrar el bote, y
Que conozca mis mares, su cielo y todos sus colores
Quiero caerte a beso', beso' y bailar toda la noche, oh

Ay, como un demente, con mi mente la haré
Tú mi babylon girl, tu sonrisa angelical, eso fue que me tragué
Y como un demente, con mi mente te manifesté
Una Cali baby girl, casi caribeña girl, doradita en su piel

Ay, aniquilado, desde lejos se le ve
Vara más como dirá, par de besos me trae
No es normal lo que me transmite
Verle a los ojos hace que levite
Yeah, y se siente, ma, se siente
Tu energía, mami, la tiene' transparente
Y yo, se siente bien, se siente
Yo te llevo cuando cambien el presidente

Y cuando te vuelva a ver, quiero que nos parchemo' en el Altoque
Que estemo' tú y yo, que andemo' en otra y que nada importe
Y sabe' que ere' mía, la vida es fresca como tu escote
Nos vamo' pa' Cali, bailamos salsa toda la noche

Cuando pueda volver, quisiera llevarte a Los Roques
Mami, yo tengo un pana que nos va a cuadrar el bote
Que conozca mis mares, su cielo y todos sus colores
Quiero caerte a beso', beso' y bailar toda la noche

¿Te vas con Kapo, te vas pa' Cali hoy por la noche?
¿O te vas conmigo, te vas con Danny para Los Roques?"
57,"Bryant Myers, Anuel AA, Anonimus, Almighty",Esclava - Remix,Colombia,latin,2Mgur7BKnpr7OG3izSNFTA,607020,69,46,"¡La versión oficial del tema estará disponible pronto!

Qué bellaquera me da
Baby, yo no la aguanto
Tú me gusta' tanto, oh
Pero yo te quiero chichar (Ah)
Ninguno somo' santo' (Yeh)
Vamo' a hacerno' canto, oh (Hacerno' canto, Anuel)

Se esconde el sol y sale la demonia, eh-eh (Anonimus; uah-uah; Almighty)
Y ella quiere bicho y se me endemonia (Eh-eh) uah, uah
Torturándote, maltratándote
Mi esclava, ah-ah (Uah, uah)
Amarrándote (-te) y rompiéndote (-te)
Mi diabla, ah-ah

Hoy de nuevo te voy a comer
Si llama pichea el cel
Pero todo callado, nos tenemos que esconder
Una hija de lucifer
Un demonio hecho mujer
Por eso soy tu amante y de lo mío eres fiel (Bryant Myers)

Tú ere' un afrodisiaco, me pongo bellaco siempre que te veo (Wuh)
Compro condone' en el Texaco, me lo saco, te toco y te la babeo
Vamo' a meter mano (Mano)
Siempre anestesiado, nunca bueno y sano
Tú me lo mama', yo también te la mamo
Te lo pongo en el chocho y meto el de'o en el ano (Jajaja)
Mi dama e' de ocho, el mío e' africano
Somo' pecadore', no somo' cristiano' (Hoh)
El palo en la mano y el peine banano (Brr)
Ella e' mía siempre que la llamo (Yeh)
To' ustede' le tiran pero en otra' gano (Siempre)
Te viene' como lavamano' (Oh)
Cuando te doy con el brazo gitano (Je)
Undertaker en el WrestleMania (Ja)
Los kilo' vienen desde Armenia
El popo mío está bien poderoso, baby, tu jevo tiene micropenia (-penia)
Y vamo' para el cinco letra' (¿Qué?)
Te gusta cuando mi bicho te penetra
Arrodíllate y mámamelo hasta que bote leche por la uretra (Jajaja)

Torturándote (Yeh), maltratándote (Yeh)
Mi esclava, ah-ah (Uah, uah)
Amarrándote (-te) y rompiéndote (-te)
Mi diabla, ah-ah

Hoy de nuevo te voy a comer
Si llama pichea el cel
Pero todo callado, nos tenemos que esconder
Una hija de lucifer
Un demonio hecho mujer
Por eso soy tu amante y de lo mío eres fiel

(Corran)
Esto e' un secreto (¡Shh!), callao' que se enteran
Nadie sabe que te meto, mami (No), pero te choteo la cartera
No estamo' en feka, no estamo' en feka (Jamás)
Ella chicha y endeca (Endeca)
Siempre tengo grasa por to'a la manteca (Ja)
De porno con ella tengo biblioteca' (Mami)
Diablo en bicicleta, a chingar en avione' me reta (Wuh)
Louis Vuitton lo' bulto' y la' maleta'
Pa' llevarme tu culo y tus teta'
Los kilo' mío' son aéreos (Ah)
Cabrón y yo tengo un imperio, pa' sacarte de en medio (Pla-pla)
Yo soy la enfermedad junto con el remedio (Wuh)
Ella no se enamora (No), tiene el corazón roto
Yo la busco to' lo' weekene' pa' que el pene le rompa el toto (Pa' partirla)
Esclavizá', esclavizá', con mi leche está bautizá'
Siempre llega si la llaman (Jaja)
Me lo mama y nunca se siente utilizá'
Almighty

Te gusta cómo trasteo mi lengua o nah (O nah), eh
Tú encima mío 'esnuda to'a mojá' (To'a mojá), eh-eh
Tú siempre te viene' pa' mí na' má', ah-ah (Eh-eh)
Yo soy tu diablito, está endemoniá, ah-ah-ah
Me lo saca y se lo pone (Pone)
Las perla' y lo' condone' (Condone)
Y yo tengo el R fulete, posicione' con lo' tambore' (Brr)
Y lo' kilo' son de Antioquia (Antioquia)
Yo te me vengo en la boca (Ja)
Y tú siempre te la traga' y tú ere' buena pero bien loca (Jaja)
Vamo' a chingar otra ve', eh-eh (Eh-eh)
Que yo estoy bien bellaco
Y pa'l cabrón de tu e-ex (E-ex)
Ya acabé 'e comprarme un draco, uah (Brr)
Le gustan los gangsters como a Lynette Chico (Chico)
Bebé, yo me pillo a tu gato y le doy 30 y pico

Hoy de nuevo te voy a ver
Si llama pichea el cel
'Tamo fumando marihuana
Hoy serás mi esclava en el cuarto de un motel

Dímelo, Anuel
Real hasta la muerte, eh-eh
Dímelo, Bryant
Real hasta la muerte, eh-eh (Yeah, yeah, yeah)
Primo Boyz Music
Anuel (Anonimus)
Real hasta la muerte, ¿oí'te, bebé?
Ey, La Oscuridad
Mera, dime, Geniuz
Lo' intocable', lo' illuminati
Lil Geniuz
Mera, dime, EQ
El Equalizer
'Tamos bendecido', yeh
Mera, dime, Almighty
Mera, dímelo, Almighty
El diablo en patine', ¿oí'te, baby? Jaja (Bendecido)
La Industria de lo' Inmortale'
Mera, dime, Bryant
Ey, La Oscuridad
Los que pegaron el trap
Los diose' del trap, ¿oí'te, bebecita?"
58,"CARABIN3, SVNTI",MUSA,Colombia,latin,0QuHK1VvIZ1Kt2GfqRrdVo,605951,13,36,"(Con tu cara en la pared)
(Por el humo ya nada se ve)
(El Nuevo Amanecer)
Grr-paw

No confío en nadie, but I trust on you
Sin ti empty, pero contigo me siento full
Te gusta la película y mi Glock 22
Con las Dior B22 resalto en la multitud, yeah-yeah

No soy cualquiera, estás con el #1
A tu novio en un Backwood me lo fumo
Si-si estoy down cojo musa de ese culo (Jaja)
Yo soy la estrella y ellos solo son el humo, ma
Te palpita si te agarro la cintura
Tu amiga es lesbiana, se lo meto y duda
Slow down, sube la temperatura
Codeína y tussi, te sientes en las alturas

Te grabo nightshot cuando tu culo está bouncing on my dick
La vista 360 en to'a la suite
Te lo meto entero y me vengo dentro de ti (Grr-paw)
Te parto por dentro como estoy partiendo el beat
Cuando lo saco, queda goteando
Te cojo el cuello, te estoy asfixiando, el stick on me
Cuando culeamos con el te estoy apuntando (Jaja)
Me dices que no pares, que quieres verme matándote
Con tu cara en la pared
Por el humo ya nada se ve, partimos la mitad 'e 512
Con tu amiga, a las dos voleándole

No soy cualquiera, estás con el #1 (#1)
A tu novio en un Backwood me lo fumo
Si-si estoy down cojo musa de ese culo (De ese culo)
Yo soy la estrella y ellos solo son el humo, ma
Te palpita si te agarro la cintura (Jaja)
Tu amiga es lesbiana, se lo meto y duda (Ella)
Slow down, sube la temperatura (Temperatura)
Codeína y tussi, te sientes en las alturas

No confío en nadie, but I trust on you
Sin ti empty, pero contigo me siento full
Te gusta la película y mi Glock 22
Con las Dior B22 resalto en la multitud, yeah-yeah

Grr-paw
No soy cualquiera, estás con el #1
A tu novio en un Backwood me lo fumo
Si-si estoy down cojo musa de ese culo
Yo soy la estrella y ellos solo son el humo, ma"
59,Arcángel,Me Prefieres A Mi,Colombia,latin,3GhmL9fuM8jwGcHCFbeo3v,601608,118,42,"Si tú te vuelves loca por mí (Ajá)
Y yo me vuelvo loco por ti (Baby)
Entonces, mami, deja el novio que tú tiene' (Muak)
Dile que tú no lo quiere', que me prefieres a mí (Okay)
Si tú te vuelves loca por mí (Sí)
Y yo me vuelvo loco por ti (Yo también)
Entonces, mami, deja el novio que tú tiene'
Dile que tú no lo quiere', que me prefieres a mí

Mí, que me prefieres a mí-mí (Que me prefieres a mí)
Que me prefieres a mí (Que me prefieres a mí)
Que me prefieres a mí-mí (Que me prefieres a mí)
Que tú me prefieres a mí

Oye, sé que tienes novio (Sip), que te trata bien (Okey)
Pero no como yo (Na'), yo te trato al cien (Jaja)
Él te da buen sexo, a veces calor (Na')
Yo no te doy sexo, yo te hago el amor (Obliga'o)
Te lleva a janguear a la discoteca (Está bien)
Yo a otro planeta, VIP sin chequear maleta' (Fium)
Yo te soy real, él está lleno 'e feka (Uh-ah)
Dice muchas cosas y ninguna son concreta', prra

Si tú te vuelves loca por mí (Ajá)
Y yo me vuelvo loco por ti (Baby)
Entonces, mami, deja el novio que tú tiene' (Muak)
Dile que tú no lo quiere', que me prefieres a mí (Jaja)
Si tú te vuelves loca por mí
Y yo me vuelvo loco por ti
Entonces, mami, deja el novio que tú tiene'
Dile que tú no lo quiere', que me prefieres a mí

A veces en la vida hay que tomar decisione'
A veces esas decisiones rompen corazones (Okey)
Pero tienes que pensar en ti primero y no en los otro' (Jajaja)
Aunque causes dolor y dejes sentimientos rotos
Las heridas sanan, pero el tiempo no se detiene (No)
No entiendo por qué sigues con él
Cuando aquí me tienes (Yeah) esperando por ti
Sé que me prefieres a mí (All day)
Estoy consciente que lo quiere', pero me amas a mí

Si tú te vuelves loca por mí (Loca por mí)
Y yo me vuelvo loco por ti (Por ti)
Entonces, mami, deja el novio que tú tiene'
Dile que tú no lo quiere', que me prefieres a mí

Mí, que me prefieres a mí-mí (Que me prefieres a mí)
Que me prefieres a mí (Que me prefieres a mí)
Que me prefieres a mí-mí (Que me prefieres a mí)
Que tú me prefieres a mí

Austin
Arcángel, pa, La Marash
Baby, nunca permitas que el amor se convierta en una rutina
El verdadero amor está tan cerca (Tú lo sabes, yep)
¿Por qué eres tan terca?
Si sabes que cuando a mi te acercas (Al frente tuyo)
A la realidad despiertas
Mambo Kingz
Díselo, Luian
Flow Factory, alright"
60,"Blessd, GeezyDee",DIOMEDEZ,Colombia,latin,6qDTm2QbRSLlSmaUSJE6bF,601518,19,1,"Yeah
Tiene que sacarle la arena antes de
Porque hoy vamos a tirar la hijueputa volqueta al río, mami
Hágale, pues

Estoy comiendo catana desde que tenía 15 (Uy)
No soy futbolista por culpa de un puto esguince (Je, nunca)
De pulmón, porque por marihuanero no quise
En el trío es lo que yo diga, amor, no me desautorice (Perra hijueputa)
Si la otra quiere chupar, déjela, no mariquee y sígala
¿La tiene al frente? Escúpala, si no la curva cójala
Para que vaya y cuente lo que en el remate hicimos
¿Creyó que solo eran temas? No, mi amor, se lo dijimos
Escuchando Sir Speedy, si no Polaco y Lito (Perra, je)
Le echo un verbo de kilo pa' ver si suelta el chiquito
Le estoy pidiendo un DiDi, vístase rápidito (Fium)
¿Cómo no se me iba a bajar con ese aliento a Dorito? (Suerte, mami)
Si tiene miedo no compre un perro, mejor cómprese dos
Ahora libras de exóticas, antes no había pa' la de arroz (Ah, no)
Más manillas que el Pibe en la mano de Maradios (Por favor)
Revivan a Diomedes, no alcancé a decirle adiós (Ay)

Si me escribe y es un gurre, suerte, la ignoro
¿La misma cuca una semana? La chimba, me enzorro
Así me patrocine Durex, jamás me pongo un forro
¿Y pa' qué picos, maricona? Pa' eso me compro un loro
Si me escribe y es un gurre, suerte, la ignoro
¿La misma cuca una semana? La chimba, me enzorro
Así me patrocine Durex, jamás me pongo un forro
¿Y pa' qué picos, maricona? Pa' eso me compro un loro
Jajaja

Nunca soñé con ser cantante
¿Qué querías ser?
Futbolista, siempre quise ser futbolista
Pero no se me dio, ja
Me gustaba ir a jugar y calentaba primero
Pero los pulmones antes de los partidos
Pues el que lo entendió, lo entendió

Chimba que me picho queda dando lora en reality (Jaja)
No se olvidan de mi chimbo y mucho menos cómo yo les di
Fantasean con mis poses y lo rico que les metí
Les cuentan a sus amiga' y llaman pidiendo pipí (Jaja)
A ninguna puta yo he trata'o nunca con mañita (Ay, ome)
Me encantan como usted, mi amor, culona y chiquitica (¿Sí? Ah, bueno)
Que el novio es un bacán, le regalé la ropita (Jaja)
Pa' después quitarle to' eso y llenarla de lechita
La princesa suya siempre será la perra mía (Mía)
Le meto el niño a estudiar de noche y día (Ja, ave maría, mi amor)
Me traga tanta leche que le digo ""Alquería""
Qué rico, malparida
Dime cajonero, sí, dime gusanero, yo
Ustedes no son pana', no, y nunca lo fueron, yeah (Nunca, jamás)
Yo siempre como bien, puta verificada
Más si es la chimba suya, se la mando detonada (Escuche, pues)
Ay, qué pena, ay, qué pena, me disculpa
Solo culito rico y nada de cara brusca
Esa mamada suya se ganó mi premio Puskás
Cabecea como Zidane, dale, pa' que te luzcas
M, endroga'o y ando borracho
Yo me las picho rico sin nada 'e Mero Macho
Yo me pongo forro, hay mucha enfermedad, muchacho (Muchacho)
Pero si está muy buena, me encomiendo a San Pacho (En el nombre del padre, del hijo)

Ah, no, en el nombre del padre, del hijo, del espíritu santo, amén
Ay, yo como me le voy a ir a pelo a esa mugrosa, ome, no mentiras
Entre, amor, esperemos a que no suceda nada
Siempre Blessd, hecho en Medellín
Jaja
Ey, Geezy, dígalo, pues, gonorrea
Money Makers (Money Makers)
Monja
Ey, abajo lo están esperando unos negros
¿Cómo es la vuelta?
Don't got mercy on these niggas
Jajaja
Ey, Monja, don't got mercy on these niggas"
61,Bad Bunny,NUEVAYoL,Colombia,latin,5TFD2bmFKGhoCRbX61nXY5,597070,61,3,"¡
Nueva
 Yol
!

Si te quieres divertir
Con encanto y con primor
Solo tienes que vivir (
¿Pa' dónde?
)
Un verano en Nueva York (
¡Nueva York!
)
Si te quieres divertir
Con encanto y con primor (
¿Pero qué es esto?
)
Solo tienes que vivir (
¿Y este frío?
)
Un verano en Nueva York (
Un ratito na' má'
)

Ey, ey, ey, 4 de julio, 4th de July
Ando con mi primo, borracho, rulay
Los mío' en El Bronx saben la que hay
Con la nota en high por Washington Heights
Willie Colón, me dicen ""еl malo"", ey
Porque pasan los año' y sigo dando palo'
Vendiеndo disco' como cuadro' 'e Frida Kahlo
El perico es blanco, sí, sí, el tusi rosita, eh, eh
No te confunda', no, no, mejor evita, ey (Ey)
Un shot de cañita en casa de Toñita y PR se siente cerquita
Sí, sí, sí, tengo el campeonato, nadie me lo quita

The best in the world
Number one, the best in the world, ¿okey? ¡Puerto Rico!

¿Cómo Bad Bunny va a ser rey del pop, ey
Con reggaetón y dembow? Ey
Con reggaetón y dembow, sí
Con reggaetón y dembow
¿Cómo Bad Bunny va a ser rey del pop, ey
Con reggaetón y dembow?
Me siento como el Lapiz en ""Capea El Dough""
Cuando yo nací, fue que nació el flow
De la'o a la'o, ping-pong
Un flow pesa'o, Big Pun
Con silenciador les robamo' las gata', James Bond, ey
Yo estoy en la mía, no tengo adversario, no
Con Los Yankee' y Los Met', Juan Soto
A correr, que otra ve' la sacamo' 'el estadio (Ey)

Si te quieres divertir
Con encanto y con primor
Solo tienes que vivir (
Ya mismo nos vamo'
)
Un verano en Nueva— (
Un ratito má', un ratito
)

Shh, cuida'o, que nadie nos escuche
Shh, cuida'o, que nadie nos escuche
Shh, cuida'o, que nadie nos escuche
Shh, cuida—

Tú tiene' piquete, mami, yo también
Tú estás buena, yo estoy bueno también
Huelo rico y ando con los de cien
Si tú lo quiere', lo tiene' que mover
Tú tiene' piquete, mami, yo también
Tú estás buena, yo estoy bueno también
Huelo rico y ando con los de cien
Si tú lo quiere', lo tiene' que mover

Lo tiene' que move'-ve'-ve'-ve'-ve'-ve'-ve'-ve'-ve'-ve'-ve'-ve'
Lo tiene' que move'-ve'-ve'-ve'-ve'-ve'-ve'-ve'-ve'-ve'-ve'-ve'
Lo tiene' que move'-ve'-ve'-ve'-ve'-ve'-ve'-ve'-ve'-ve'-ve'-ve'
Lo tiene' que move'-ve'-ve'-ve'-ve'-ve'-ve'-ve'-ve'-ve'-ve'-ve'-ve'-ve'-ve'-ve'
Shh"
62,"Kris R., ROA",PASIÓN Y SEXO,Colombia,latin,4pjkZyNZnOJEPpBmzOqTC2,595855,1,62,"Quedaron cosas pendiente' (Sisas), entre tú y yo (Mami, usted sabe)
Dime lo que te hice, si lo único que hice fue hacerte el amor
Tú a mí no me olvida'
Tenemo' una conexión que va a durar to'a la vida
Me tiene' loco, te pienso to' el día
Dame tu alma y yo te entrego la mía

Mami, fue pasión y sexo, noches de beso' (¿Ah?)
Mami, tú, dame un poquito de eso (Qué rico)
Mami, tú erеs una diosa y te rezo
Copas de vino pa' soltar еl proceso
Mami, fue pasión y sexo (Sí), noches de beso' (¿Ah?)
Mami, tú, dame un poquito de eso (Ma)
Mami, tú eres una diosa y te rezo (Rico)
Copas de vino pa' soltar el proceso

Vo'a llevarte pa' PR como Bad Bo
Si es por mí, te pillo, te preño y te hago gemelo' como Eladio
Tú sabes que yo soy malo
Si me gritas: ""Suave"", tú sabes que voy más duro y no paro
'Tabas bien aburría', él no te complacía'
Nadie tiene el fuego que a Dios le pedía
Yo nunca vo'a soltarte
Mira lo rica que tú estás, tú te merece' que te chinguen to' los día'
No te vaya' todavía, quédate un ratito má', un ratito má'
Dile que yo me sé toa' tus pose' favorita'
Que te hablo malo y eso es to' lo que te excita
Por eso siempre que te llamo tú responde', soy lo que tú necesita'

Pasión y sexo, comerte a beso'
Mami, tú ere' una diosa y te rezo
Copas de vino pa' chingar en exceso
Lo nuestro es pa' siempre, disfrutemo' el proceso
Mami, fue pasión y sexo (Sí), noches de beso' (¿Ah?)
Mami, tú, dame un poquito de eso (Ma)
Mami, tú eres una diosa y te rezo (Rico)
Copas de vino pa' soltar el proceso

Tímida y se suelta con el trago (¿Ah, no?)
Vive en Cali y me llegó a Medallo (De ley)
Tus besos fríos como la lluvia de Eladio
Me dieron ganas de comerte, dime, ¿qué hago?
Traguitos de Baileys, tú eres mi baby (Rico)
Amigos con privilegios, mi amor, nuestro sexo es friendly
Haciendo el amor siento que eres mi otra mitad (Sí)
Dame otro polvito, reforzamo' la amistad
Mami, te vi en el jacuzzi, espuma (¿Ah?)
Yo trabaíto' y ella ni fuma (Ajá)
Pero toma, toma, y hasta prende
Si la vida nos separa, que el sexo nos una (Ajá)

Siempre que hacemos el amor, se nos para el reloj (Ja)
Contigo no me importa la hora (Jaja)
Llámame cuando estés sola

Mami, fue pasión y sexo (Sí), noches de beso' (¿Ah?)
Mami, tú, dame un poquito de eso (Rico)
Mami, tú eres una diosa y te rezo (Sí)
Copas de vino pa' soltar el proceso
Pasión y sexo, comerte a beso'
Mami, tú ere' una diosa y te rezo
Copas de vino pa' chingar en exceso
Lo nuestro es pa' siempre, disfrutemo' el proceso

Jajajaja
Sisas, La K
El Trap de Medallo, El Trap de Colombia
Una valija en sentimiento, ma
Jajaja
Pa' usted lo que me pida
Pero vamo' a hacerlo otra vez, pues
¿Ah, no? Jajaja
Deezy, Prime, Los Money Makers (Los Money Makers)
Con Los Rudeboyz (Rudeboyz)
Kevin ADG, Chan El Genio, ah
Ah, sí
Mi lucerito"
63,Kapo,NO CRY,Colombia,latin,4YM3IYESNKXWYHbPXvMMVD,595539,15,47,"Que no funciona, es evidente
Se nos complica la verdad (Sí, sí, sí)
Nadando contra la corriente se suma el ruido de la gente
Haciéndome dudar al punto que te suelte

Pero, please, baby, no cry
De lejos te amaré, te amaré
Please, baby, no cry
Hace daño querer
Please, baby, no cry
Si me voy, te amaré para siempre
Please, baby, no cry
No, baby, no cry

No llores, tus lágrimas duelen, producen nostalgia
Yo quiero que vueles con toda tu magia
Así de lejitos, te aplaudo mejor

Quizás en otro espacio, sí
De pronto en otro momentico
Quizás en otro horario, sí
Por fin logramos entendernos
Quizás en otra temporada tenemos un final bonito
Quizás en otro tiempo
Quizás vuelva tu sonrisa y a mí tu olorcito

Please, baby no cry
De lejos te amaré, te amaré
Please, baby, no cry
Hace daño querer
Please, baby, no cry
Si me voy, te amaré para siempre
Please, baby, no cry
No, baby, no cry

Te escribí, lo borré
Prometí no buscarte
Si preguntan, diré que de pronto en otra vida pueda amarte

Quizás en otro espacio, sí
De pronto en otro momentico
Quizás en otro horario, sí
Por fin logramos entendernos
Quizás en otra temporada tenemos un final bonito
Quizás en otro tiempo
Quizás vuelva tu sonrisa y a mí tu olorcito

Please, baby, no cry
De lejos te amaré, te amaré
Please, baby, no cry
Hace daño querer
Please, baby, no cry
Si me voy, te amaré para siempre
Please, baby, no cry
No, baby, no cry

(Please, baby, no cry)
(No, no, no) De lejos te amaré, te amaré
(Please, baby, no cry)
(No, no) Hace daño querer
(Please, baby, no cry)
(No, no, no) Si me voy, te amaré para siempre
(Please, baby, no cry)
(No, baby, no cry)
(No más, no más)"
64,Rels B,TU VAS SIN (fav),Colombia,latin,6uiQ0DqbXTBc8tl0AUKZkR,593688,35,14,"Ve-Ve-Vente y no te quites, que tú vas sin
Me dijo un man, que tú eres mi señora
Se la tiro de que sí, y ahora le toca que sí
No tengo miedo si te tengo enfrente
Tirando labia, que yo voy pa'lante
Si yo sé que te las sabes todas
Siempre me sale en ""For you""
Yo la quería pa' mí, mi bebeci—, bebeci—

Una varita diseñó su cuerpo
Y la verdad, si está más buena, explota
Ella tiene el truquito, el pasito de baile
Yo me la pegué pa' que baile, me baile
Una varita diseñó su cuerpo
Y la verdad, si está más buena, explota
Ella tiene el truquito, el pasito de baile (Ey, yo)
Yo me la pegué pa' que baile, me baile

A mí me gusta que me tires corazones
Porque llevo tiempo detrás de ti (Yeah, yeah)
Yo quiero todo, quiero que tú te enamores, baby
Yo te quiero solo pa' mí, yeah, yeah
Bebé, en la calle todo' saben quiénes somos
Por eso que están mirando pa' aquí, yeah, yeah
Porque brillamos como bli-bling
Yeah, bli-bling, yeah, bli-ling (Ey, yo)

Vente y no te quites, que tú vas sin
Me dijo un man, que tú eres mi señora
Se la tiro de que sí, y ahora le toca que sí
No tengo miedo si te tengo enfrente
Tirando labia, que yo voy pa'lante
Si yo sé que te las sabes todas
Siempre me sale en ""For you""
Yo la quería pa' mí, mi bebeci—, bebeci—

Una varita diseñó su cuerpo
Y la verdad, si está más buena, explota
Ella tiene el truquito, el pasito de baile
Yo me la pegué pa' que baile, me baile
Una varita diseñó su cuerpo
Y la verdad, si está más buena, explota
Ella tiene el truquito, el pasito de baile
Yo me la pegué pa' que baile, me baile"
65,"Blessd, J Alvarez",FANÁTICO,Colombia,latin,0e3d2UZRjtvviXWWMRYGQo,586346,5,17,"Money Makers
Siempre Blessd
Qué linda estás (Qué linda estás)
Qué vuelta que te tenga que encontrar aquí, en este lugar (Este lugar)
Pero enamorarse de ella tiene un precio y yo estoy dispuesto a pagar (Dispuesto a pagar)
Y por eso me la quiero llevar de aquí (Llevar de aquí), que me baile solo a mí (Solo a mí)

Y acariciarla to'a, to'a, to'a, to'a, to'a
Acariciarla to'a, to'a, to'a, to'a

Y si te baila
Ella te hipnotiza, pero no puedes tocarla
Chimbita de las finas, no le importa lo que hablan
No saben lo que ese vestidito abajo carga
Ella es una diabla, pero tiene alma
El día de su suerte y soy su ángel de la guarda
Si fuera exclusiva, yo quisiera enamorarla
Pero cambia el corazón a cambio 'e plata, plata (Jaja)

Fanático (Fanático)
De mi show siempre será la principal (-al)
Yo sé tu precio y hoy lo voy a pagar (-ar)
Protagonista, estrella que quiero probar (-ar)

Y acariciarla, y acariciarla to'a, to'a, to'a, to'a, to'a
Acariciarla to'a, to'a, to'a, to'a

Cómo baila, es difícil no mirarla
Y si no le paga', no puedes tocarla
Ahí va, otra vez
Se ve bien de la cabeza a los pies
Ella es la estrella, la protagonista
No hay ningún man que se le resista
Se enamoran de ella a primera vista
Por eso en mi lista es la preferida
De su espectáculo, yo soy su fanático
Y me tiene sudando como un lunático
Me estoy volviendo loco en estado crítico
Me tiene envuelto todo su físico

Y por eso me la quiero llevar de aquí
Que me baile solo a mí
Y acariciarla to'a
Y acariciarla to'a
Ey

Y acariciarla to'a, to'a, to'a, to'a, to'a
Acariciarla to'a, to'a, to'a, to'a (jeje)

Ella es una chica sexy que baila
Ella está en otra vuelta
Y entre tantos amores
Siempre ha sido la mejor
Ella es una chica sexy que baila
Ella está en otra vuelta
Te regala el corazón a cambio de plata
Dime qué tú quieres hacer conmigo
Dímelo, dímelo, ma
Si yo estoy aquí viéndote modelar
(Jeje)

Pa' acariciarla
Pa' acariciarla to'a, to'a, to'a, to'a, to'a
Acariciarla to'a, to'a, to'a, to'a (Jeje)

Y si te baila, ella te hipnotiza
Pero no puedes tocarla
Chimbita de las finas
No le importa lo que hablan
Eh, Ave María, mi amor
¿Qué te puedo decir, qué te puedo contar?
Flechado por usted
Cómo usted se mueve, mi cielo
Jamás en la vida, nadie se me ha movido así tan bien
Monja, don't got mercy on these niggas
Money Makers
Siempre Blessd
Dímelo, Jara
Jajaja, dímelo, baby
(Fanático)
(De mi show siempre serás la principal)
Esto es música eterna
J Álvarez
Este es el nuevo sistema
Indica, Blessd
(Yo sé tu precio y hoy lo voy a pagar)
Lo de nosotros no caduca
On Top Of The World Music"
66,"Blessd, Ovy On The Drums",Mírame,Colombia,latin,2btNsI4OvcVl7SAHQQDHFB,585082,98,1,"Ovy On The Drums
O-O-Ovy On The Drums (Es que uste' es una mamacita, uste' sabe)
Mírame fijo a la cara si no sientes lo mismo (Jaja, Ave María, mi amor)
Que yo entenderé, no cualquiera puede aguantar mi ritmo (Yo sé)
Por eso te vas, bebé, yo pensé que era de por vida
Pero se pierde lo que no se cuida
Lo más probable es que otro te castiga
Mi amor, ¿pa' qué le digo que no?

Su adiós duele, pero vuele
Que mientras yo me enredo en otras pieles
Ojalá que otro me la consuele
Su adiós duele, pero vuele
Que mientras yo me enredo en otras pieles
Ojalá que otro me la consuele

No me voy a olvidar la llamada
Cuando me hablaste para terminar conmigo
Diciéndome que ya estabas cansada
Peleándome por unos culos que ni sigo
Pero al final te ganó la duda (Jaja)
Cambiaste un cheque por la menuda
Y si es así, no busques mi ayuda (Ay, yo sé)
Yo ya no soy el que te desnuda
En la calle andas hablando mal de mí, ya lo sé
Pero no dices toa' las cosas lindas que te di, ya lo sé

Aquí no pasa nada, vaya con Dios
Relajadita, que el que sobra soy yo (Soy yo)
Si me pregunta que si esto me dolió
Mi amor, ¿pa' qué le digo que no?

Su adiós duele, pero vuele
Que mientras yo me enredo en otras pieles
Ojalá que otro me la consuele
Su adiós duele, pero vuele
Que mientras yo me enredo en otras pieles
Ojalá que otro me la consuele

¿Sabe qué, mi amor?
Yo sé que estaba cansada, que no se sentía cómoda
Que esto, que aquello
Si no que esa es la vida mía
Pero tranquila, mamacita, que en el futuro nos vamo' a juntar
Y si no nos juntamos, tenemos la experiencia en la cabeza
Jaja, ey
Y esto es pa' ti
Tú sabes quién
Ovy On The Drums, El Bendito y KEITYN
Jaja
Dímelo, Jara (Desde el Barrio Antioquia)"
67,Ñengo Flow,En Las Noches Frias,Colombia,latin,0a0JiZejbYYem1W31fldde,583111,44,67,"Real G4 Life
Tú sabe', Lester
Gotay
Pain Digital, Pain Digital
Oye, John Jay, el supremo lírico asesino
El Dream Team es muy pesa'o, baby

Tengo la llave a tu salida por si andas perdida
Me manda desde arriba, pero sigue encendía'
Atrevida, quieres hacerlo
Junta tu cuerpo y ya no finjas más
Yo te conozco bien, también sé muy bien lo que das
Mami-mami-mami, si me calientas no te eches pa'trás
Y deja que te devore (Jaja), tú vas a hacer que me enamore
Y si se lo pongo, me la llevo al hombro
La pongo ready, por dentro se lo escondo
No estoy pa' juego', ya deja el llanto
No comas mierda pa' hacernos daño (Ah)
Ella es guerrera de la misma batalla
Siempre que me tira, jamás y nunca falla
Se lo hago en la arena, en la orilla, en la playa
Pa' que nunca se olvide de su chamaquito 'e Baya
¿Cómo te sientes? No quiero preguntarte nada más por hoy
Y solo espero que me digas la verdad de la situación
Te pones bellaca (Bellaca) cuando suena mi canción

Bri-bi-ba, vamo' a darle duro
Duro pa' que se encienda
Te lo hago bien claro pa' que claro me entienda'
Voy a darte duro pa' que no te arrepientas
En las noches frías, sé que mi nombre mientas
Buscando refugio, estás engreída
No vas a convencerme, hoy tienes que verme (Jaja)
Solo, mami, es un ""resuelve""
Vas a pasarla bien cuando empieces a conocerme
Voy a darte duro pa' que no te arrepientas
En las noches frías, sé que mi nombre mientas
Buscando refugio, estás engreída
No vas a convencerme, hoy tienes que verme (Jaja)
Solo, mami, es un ""resuelve""
Vas a pasarla bien cuando empieces a conocerme

Así que vámono' lejos, que la brisa nos siga
Fue que yo te encontré cuando andabas perdida
A-a-a-amiga, yo voy a darte lo que pida'
Pa' tratarte bien, algo especial en tu vida
Hoy 'tás de suerte, quiero iluminarte
Duro voy a darte, tú eres aparte
Nunca olvidarás estos tiempos
De tan solo besarme me robas el aliento, y no miento

La tomé por sorpresa, mi anestesia son sus labios
Se pone bien loca cuando me escucha en la radio
Es tu cuerpo mi alma, bríndame la calma
En mi mente traigo bomba, ¿por qué no la desarma'?
Pero hazlo rápido, antes que suene la alarma
Antes que me reviente, vamo' a ver si me salva'

Voy a darte duro pa' que no te arrepientas
En las noches frías, sé que mi nombre mientas
Buscando refugio, estás engreída
No vas a convencerme, hoy tienes que verme
Solo, mami, es un ""resuelve""
Vas a pasarla bien cuando empieces a conocerme
Voy a darte duro pa' que no te arrepientas
En las noches frías, sé que mi nombre mientas
Buscando refugio, estás engreída
No vas a convencerme, hoy tienes que verme
Solo, mami, es un ""resuelve""
Vas a pasarla bien cuando empieces a conocerme

Ñengo Flow, jajajajaja
Kevin (Oh, shit)
Yeah-yeah
Tú sabe' la que hay
Real G4 Life
Millones Records, jaja
Full Records (What's up, W?)
La ""L"" encendía'
John Jay
Oh, shit
Oye, pa' Chile
Pa' México, pa'l mundo entero, yo-yo
Shadow, what's up, baby? Ey-yo
Dándole duro, bien duro (Sonando humilde, demasia'o, demasia'o)
Dándole duro, mai, como se supone (¿Qué pasó?)
Dándole duro, bien duro
Dándole duro, mai, como se supone (Dice, dice, dice, dice)
Voy a darte duro, mami, pa' que lo sienta'
En las noches frías sé que mi nombre mientas"
68,"Tony Dize, Plan B",Solos,Colombia,latin,3CbiuLMBPM6uV4a7HvkOib,579835,177,29,"Me dijo: ""Se hizo tarde, ya no se ve el sol"" (So?)
Y que le hiciera un favor, oh-oh-oh
De llevarla a su casa a conseguir alcohol (Pina Records)
A conocernos mejor
Maldy se dio cuenta que ella tenía un plan
Vida loca, para ella eso es normal
Chencho le ofreció fuego, bien charlatán y así le ofrecí a estar

Solos, mirándono' a los ojos
Perdiéndonos por un rato, oh-oh
Así como hacen todos
A lo loco, en tan solo minutos
Descifrando todo el asunto
Porque queremo' estar juntos
Antes que el tiempo se acabe y nada pase

Esos olore' hacen que este perro se enamore
Me gusta tu guille y cómo bailas mis cancione'
Cara bonita, mirada como de cazar leone'
Me gusta tu blusa, también tu' mahone'
Tú me tiene' a mí lleno, ma', de ilusione'
Lo-Loco por probarte, por compartir amore'
Lo más que me gusta cuando te suelta' el pelo
Cuando tú me expresas, mami, tus anhelos

Solos, mirándono' a los ojos
Perdiéndonos por un rato, oh-oh
Así como hacen todos
A lo loco, en tan solo minutos
Descifrando todo el asunto
Porque queremo' estar juntos
Antes que el tiempo se acabe y nada pase

Sin saber tu nombre, vo'a ser tu hombre
Ya te dije en dónde, pues tengo hambre (Hambre)
Sé que quiere' hacerlo, fácil pude entenderlo
Perdiste el control de tu cuerpo
Y solo falta un beso de esos, para perder la calma (Calma)
Pero me pone pero' (Ey), y la aventura nos llama (Llama)
Tu cuerpo a lo lejos habla (Jaja)
Dize, cuéntame su drama

Sigo echándome fiero
La noche se hacía tarde y yo todavía en su juego
Tratando 'e quitarle su timidez
Para así contemplar su desnudez
Intenté besarla y me esquivó
Ansioso, con las ganas me dejó
Aunque no le quedaba ese guille, me le pegué y le dije

Solos, mirándono' a los ojos
Perdiéndonos por un rato, oh-oh
Así como hacen todos
A lo loco, en tan solo minutos
Descifrando todo el asunto
Porque queremo' estar juntos
Antes que el tiempo se acabe y nada pase

Chencho y Maldy (Plan B es Plan B)
Junto a Tony Dize (Por más que ronquen)
La Melodía de la Calle (Updated)
Combinación inesperada, resultado: ""Un ataque fulminante""
Pina Records, la única compañía
Las demá' son recapping
En la pista, el Haze
Todo era cuestión de tiempo
Dilo tú (Pina)
House of Pleasure comin' soon"
69,"KAROL G, Feid",Verano Rosa,Colombia,latin,0nafF9MxcXJBQWv3BTKtdF,574978,37,5,"Estoy a ley de una señal, márcame al celular
Que estoy caliente y sin ti me vo'a quemar
Dime qué era lo que tú hacía' con ella en vez de llegar
Este party no es lo mismo si no estás

Hoy las botellas son a tu nombre
Hoy hago lo que sea por mirarte
Así lo haya intentado con otros hombres
Nadie lo hace como tú lo haces
Hoy las botellas son a tu nombre
Hoy hago lo que sea por mirarte
Así lo haya' intentado con otros hombres
Nadie lo hace como tú lo haces, wow

I rеally love cuando él me dice: ""Hola, mami, ¿qué más?""
Rápido yo lе respondo que dónde hay que llegar
Me acuerdo de ti sin ropa y no sé cómo explicar
Que fuimos un verano rosa, un verano pa' no olvidar
Esa tanguita de la perla, mami, hoy se te cae
Ese topcito transparente deja ver lo que hay
Ya se te notan los gains, eso allá abajo está tight (Uy)
No hay ninguna como tú, bebé, como tú no hay

Estoy a ley de una señal, márcame al celular
Que estoy caliente y sin ti me vo'a quemar
Dime qué era lo que tú hacía' con ella en vez de llegar
Este party no es lo mismo si no estás

Hoy las botellas son a tu nombre
Hoy hago lo que sea por mirarte
Así lo haya intentado con otros hombres
Nadie lo hace como tú lo haces, wow

Que tú me corres a otro nivel, baby, responde, no seas cruel
Volvamos la casa como un motel, así que alista las Duracell
Para donde tú quieras coger, mai, yo le llego
Los recuerdo' que yo te guardé, hoy me los bebo
Esa noche no se me olvida, tú guayándome y yo prendida
Y aunque yo he querido borrarlo, estás presente y pasan los días
Yo sé que quieres buscarme, tú estás loquito por darme
(Y yo que pienso en dejarme)

Estoy a ley de una señal, márcame al celular
Que estoy caliente y sin ti me vo'a quemar
Dime qué era lo que tú hacía' con ese en vez de llegar
Este party no es lo mismo si no estás

Hoy las botellas son a tu nombre
Hoy hago lo que sea por mirarte
Así lo haya intentado con otros hombres
Nadie lo hace como tú lo haces"
70,Danny Ocean,Me Rehúso,Colombia,latin,6ifUES3keWjwXgae8pXI3o,564230,477,1,"Ba-Ba-Babylon girl, Ba-Ba-Babylon girl
Para todos aquellos amore' que
Que fueron obligao' a ser separao'
Ba-Ba-Babylon girl, Ba-Ba-Babylon girl
Esta canción es para ti

Dime cómo le explico a mi destino que ya no estás ahí
Dime cómo haré para desprenderme de este frenesí
Esta locura que siento por ti
Con esta química que haces en mí
Y ya no puedo, girl, ya no puedo, girl

Nena, discúlpame si te ilusioné, yo no lo quise hacer (Oh-uh)
Sé que en el amor cuando es real, ese vuelve, vuelve (Vuelve, vuelve)
Pero, ¿cómo olvidar tu piel?
Y, ¿cómo olvidarte, mujer? (Uh-uh-uh)
Ya no puedo, girl, ya no puedo, girl

Baby, no (Baby, no)
Me rehúso a darte un último beso, así que guárdalo (Guárdalo)
Para que la próxima ve' te lo dé haciéndolo (Haciéndolo)
Haciéndotelo así, así, así
Así como te gusta, baby

Sin mirar atrás, sin buscar a nadie más
Solo quiero estar contigo, woah (Woah)
Si no te tengo aquí conmigo, yo no quiero ser tu amigo
Porque tú ere' mi camino, woah
Y yo solo quiero estar junto a ti
Nena, por favor entiéndelo
Solo dame tu mano y confía en mí
Si te pierdes, solo sigue mi voz

Y dale tiempo (Tiempo), mami, al tiempo (Tiempo)
Que tú, que yo
Estamos hechos para estar los dos
Y dale tiempo (Dale tiempo), baby, al tiempo
Que tú y yo, que tú y yo
Estamos hechos para estar los dos

Baby, no (Baby, no)
Me rehúso a darte un último beso, así que guárdalo (Guárdalo)
Para que la próxima ve' te lo dé haciéndolo (Haciéndolo)
Haciéndotelo así, así, así (Así, así)
Así como te gusta, baby (Woah, woah)
Baby, no
Me rehúso a darte un último beso, así que guárdalo (Guárdalo)
Para que la próxima ve' te lo dé haciéndolo
Haciéndotelo así, así, así
Así como te gusta, baby

Así, así
Así como te gusta, baby


Baby, no (Baby, no)
Me rehúso a darte un último beso, así que guárdalo (Guárdalo)
Para que la próxima ve' te lo dé haciéndolo (Uh-uh)
Haciéndotelo así, así, así (Uh-uh-uh)
Así como te gusta, baby
Y baby, no (Baby, no)
Me rehúso a darte un último beso, así que guárdalo (Guárdalo)
Para que la próxima ve' te lo dé haciéndolo
Haciéndotelo así, así
Así como te gusta, baby"
71,"Yan Block, Panda Black",444,Colombia,latin,1o4xkdBe0RjSf2u6VXi4OI,557269,85,25,"Panda Black on the beat

Aunque no esté' aquí y esté' allá
Mami, tú 'tás clara que siempre te vo'a clavar
Que esto nunca va a acabar, sí, yo siempre vo'a clavarte
Tú siempre va' a tenerme y yo siempre vo'a tenerte
Tú siempre va' a llamar y yo voy a responderte (Yeah)

(Tú siempre va' a llamar y yo voy a responderte)

Me enchulé de tus defecto' imperfectamеnte perfecto'
Lе contesto en to' momento, monumento e' ese cuerpo, ma
¿Cuándo vamo' a verno'? Que el infierno está viniendo
Y me quiero morir viniéndome, metiéndote, yeah
Tengo mari, pali y Xanny, mami, yo vivo en un party
Apúntame a los shorte' con mi pistola y dime ""papi""
Siempre oculto, Illuminati, en la Ducati, yeah
Por Miami, yeah

Aunque no esté' aquí y esté' allá
Mami, tú 'tás clara que siempre te vo'a clavar
Que esto nunca va a acabar, sí, yo siempre vo'a clavarte
Tú siempre va' a tenerme y yo siempre vo'a tenerte
Tú siempre va' a llamar y yo voy a responderte (Yeah)

Be-Bebecita, yo te lo dije
Que yo siempre voy a ser el que te parte
Tengo Roleta y ella Cartier
Tú sabe' que soy el uno y soy aparte
Tú está' ricota, tú ere' arte
Te gustan los artista' y los gánsters

Tú ere' tan rica que tú ere' arte
Te gustan los artista' y los gánsters

Tú no está' cuando quiero, e' cuando tú quiere'
Si el amor es de verda', pues, ¿pa' qué me hiere'?
Te doy to' lo que pediste, ¿qué más tú quiere'?
Con to' y eso pienso tanto, baby, que hasta me conformo
Con que tú me mire' y me escuche'
Me transformo cuando entra y dejo que me use'
Me trastorno cuando no te siento cerca mío
Encima mío, me da escalofrío'

Me enchulé de tus defecto' imperfectamente perfecto'
Le contesto en to' momento, monumento e' ese cuerpo, ma
¿Cuándo vamo' a verno'? Que el infierno está viniendo
Y me quiero morir viniéndome, metiéndote, yeah
Tengo mari, pali y Xanny, mami, yo vivo en un party
Apúntame a la chola con mi pistola y dime ""papi""
Siempre oculto, Illuminati, en la Ducati, yeah
Por Miami, yeah

Yeah
Me enchulé de tus defecto' imperfectamente perfecto'
Le contesto en to' momento, monumento e' ese cuerpo, ma
¿Cuándo vamo' a verno'? Que el infierno está viniendo
Y me quiero morir viniéndome, metiéndote"
72,"W Sound, Blessd, Ovy On The Drums",Soltera - W Sound 01,Colombia,latin,13BDiikG6y5o5cQTK0HpW6,554673,83,1,"Baby
Ovy On The Drums, W Sound

You're in a relationship, I'm not
But if I'll eat you one day
Nobody has to know about it
Nobody's gonna see me leaving, nobody's gonna see me coming in
Baby, I don't understand what we are
That I make you moan in tone
And that jerk (Haha)
Send him to hell, he won't complain

I want you to be single for me, mami, tell me if you think the same
Baby, mami, take away these cravings
I get so excited when you start smoking that weed
Baby, I notice you're tense, and I'm gonna relieve you (Listen up)

You know, baby, go for it, ask for whatever you want
Guccy, Prada, and a handbag
She's chill, but she speeds up on top
Haha, Blessd isn't just anyone
I'm watching you and you're screaming on top
The night's talking to us, saying, ""How long?""
And I don't know how I fell in love with her
It's 'cause my sex took her to the stars
Mami, I don't know how I got hooked, baby, with you
Could it be due to that adrenaline of doing it secretly? (Haha)
You saved me (Haha, ave Maria, my love, do you know?)
We know what we're doing, we like the danger

I want you to be single for me, mami, tell me if you think the same
Baby, mami, take away these cravings
I get so excited when you start smoking that weed
Baby, I notice you're tense, and I'm gonna relieve you

You know, baby, go for it, ask for whatever you want
Guccy, Prada, and a handbag
Ovy On The Drums, W Sound
Nu-number one
Tell me, Jara
From the Barrio Antioquía
Ey, Jose, fire, haha
Gotex
O-O-Ovy On The Drums"
73,Willie Colón,Idilio,Colombia,latin,5iwgEFKEktjBBZV3C9TTZj,553715,13,22,"Solo me alienta el deseo divino de hacerte mía
Más me destruye la incertidumbre que estoy pasando
Es que la nieve cruel de los años mi cuerpo enfría
Y se me agota ya la paciencia por ti esperando
Y se me agota ya la paciencia por ti esperando
Que a besos yo te levante al rayar el día
Y que el idilio perdure siempre al llegar la noche
Y cuando venga la aurora llena de goce
Se fundan en una sola tu alma y la mía

Que a besos yo te levante al rayar el día
(A besos el día nos sorprenda, corazón)
Y que el idilio perdure siempre al llegar la noche
(La noche sea tan solo de los dos)
Y cuando venga la aurora llena de goce
(Juntos solos tú y yo)
Se fundan en una sola tu alma y la mía

Que a besos yo te levante al rayar el día
Y que el idilio perdure siempre al llegar la noche
Y cuando venga la aurora llena de goce
Se fundan en una sola tu alma y la mía

Que a besos yo te levante al rayar el día
(A besos el día nos sorprenda, corazón)
Y que el idilio perdure siempre al llegar la noche
(La noche sea tan solo de los dos)
Y cuando venga la aurora llena de goce
(Juntos solos tú y yo)
Se fundan en una sola tu alma y la mía
Se fundan en una sola tu alma y la mía

Soñando contigo, queriendo que se cumpla nuestro idilio
A veces me voy a un rincón y me quedo en el vacío
Sufriendo por ti, amor mío, te llama mi corazón
Soñando contigo, queriendo que se cumpla nuestro idilio
Y verás lo lindo que es el amor cuando se quiere de verdad
No existe duda, no existe rencor
Solo un corazón que es para los dos

¡Guapea Willie Colón!

Soñando contigo, queriendo que se cumpla nuestro idilio
Eh, yo esperaría mil años si fuera tu condición
Pero el tiempo va volando, ven y calma mi pasión
Soñando contigo, queriendo que se cumpla nuestro idilio
Y así, muy juntos, volver a sentir que se funden tu alma y la mía
En un abrazo, un idilio de amor"
74,"Yan Block, Panda Black",Talento,Colombia,latin,7sChwC2NZjGc2Kdni3hlDg,547310,12,68,"Panda Black, Panda Black
Me lo mama y despué' lo quiere adentro
¿Qué e' esto? Tú tiene' un—

Me lo mama y despué' lo quiere adentro
¿Qué e' esto? Tú tiene' un talento
Talento, tú naciste pa' esto
Me josea, tiene ticket, tiene un Benzo
Con un verso la vida te resuelvo (Yeah)
Mis disculpa', yo no estoy en sentimiento
El piquete tienе desde nacimiento
No tе miento, ese culo e' perfecto
Me lo mama y despué' lo quiere adentro
¿Qué e' esto? Tú tiene' un talento
Talento, tú naciste pa' esto (Yeah-yeah)
Me josea, tiene ticket, tiene un Benzo

El Rolex es de colore', yeah-yeah-yeah
No te encabrone', 'toy en plati pa' threesome'
Te mando flore', espero que no te enamore' (Yeah)
Flow Cris, en partysone', en mansione'
Toa' esta' puta' están mirándome en el club (Club; yeah)
A la que te desboque', pues te lo meto yo
El gato le falló, y yo que te tengo en la mira de hace mese' (Eh)
Habla claro, ¿tú me entiende' o no me entiende'?
No quiere' estar con él, eso se siente (Eh-eh-eh)
Me encojona' cuando tú misma te miente'
Y yo que te tengo en la mira de hace mese'
Habla claro, ¿tú me entiende' o no me entiende'?

Me lo mama y despué' lo quiere adentro (Hm)
¿Qué e' esto? Tú tiene' un talento
Talento, tú naciste pa' esto
Me josea, tiene ticket, tiene un Benzo
Con un verso la vida te resuelvo (Yeah)
Mis disculpa', yo no estoy en sentimiento
El piquete tiene desde nacimiento
No te miento, ese culo e' perfecto
Me lo mama y despué' lo quiere adentro
¿Qué e' esto? Tú tiene' un talento
Talento, tú naciste pa' esto
Me josea, tiene ticket, tiene un Benzo

El Rolex es de colore', yeah-yeah-yeah
Te mando flore', espero que no te enamore'"
75,"Rauw Alejandro, Bad Bunny",Qué Pasaría...,Colombia,latin,0l0vcZMU7AOeQmUIREoI2U,547077,68,11,"¿Qué pasaría si volvieran esas noche' dentro de ti?
Qué rico fue cuando te metí
Tú sabe' lo que hicimo'
Y ahora sin buscarno' en la disco nos vimo'

¿Qué pasaría si estuviéramos solos?
En una cama, ey, ey, recordando
Cómo ante' yo te lo metía, tu amiga se fue
¿Por qué te estás quedando? Algo te está faltando, bebé, y

Yo lo tengo, ma, yo lo tengo, ma
Yo lo tengo y te lo doy esta noche (Wuh)
Suena su canción, suena su canción
Tú la ve' y nadie la conoce
No lo piense' má', no lo piense' má'
No lo piensе' y dame otra noche
Que yo tе doy lo que te falte, bebé (Ra-Rauw)

Y si nos comemo' otra vez, ¿a quién le importa? (¡Yah!)
Esto es cosa nuestra, cuando la bellaquera aprieta (Wuh)
Lleno de video' dándole están las carpeta'
La tengo brincando en un split (Yih)
Explícita le gusta la letra (¡Ah!)
Tú siempre' termina' aquí
Mi gata salvaje y yo soy quien te aquieta, eh
Yo sé que tú no vas a parar hasta tener lo que quieres (No, oh-oh, yeah)
Ella está prendía' en fuego, quiere que me queme (Quiere que me queme)
Ya por mi mente pasa hacerte un par de nenes (Ja)
Diablo, qué culo tienes (Yeah-yeah-yeah-yeah; wuh)

Baby, no te haga', tú sabe' lo que va a pasar
Si no te la saco, me va' a tener que envasar
Tú sabe' quién la tiene, yo sé cómo te viene'
Imagínate un baby si juntamo' los gene'
Por ahora no quiere, en la boca la prefiere, y
Se dio un shot de mi ADN
Tan callaíta' la nena (Wuh), pero bellaqueando nunca frena (Yih)
Sudaíta', brincando, brillando como mis cadena'
Ba-Ba-Baila, morena (
¡Yah!
)
Me mira y me lo agarra, ella sabe pa' qué
Es que la noche está buena
La disco está llena, pero

¿Qué pasaría si estuviéramos solos?
En una cama tú y yo chingando
Como antes yo te lo metía, tu amiga se fue
¿Por qué te estás quejando? Algo te está faltando
Eh, eh, eh, eh (¡Yah!)

Yo lo tengo, ma, yo lo tengo, ma
Yo lo tengo y te la doy esta noche (Yih)
Suena su canción, suena su canción
Tú la ve' y nadie la conoce (Yih)
No lo piense' má', no lo piense' má'
No lo piense' y dame otra noche
Eh-eh-eh, eh-eh-eh, eh-eh-eh, mmm

Dime, MAG, ponle más
Dime, MAG, ponle más
Ey, ey, ey, ja"
76,"Boza, ELENA ROSE",orióN,Colombia,latin,4feh4Ak3ZJfC6ibxkNzlkE,546964,90,6,"But tell me, what's the secret you’re keeping
That no one has found
And it's got me fascinated
If you ask me to wait, I'll wait sitting down
You’ve got me on a cloud
And I still haven't landed

Oh, if you kiss me, I'll lose my mind
If they hurt you, I'll heal you
I swear I want you for myself
You've got me messed up with that booty
If you kiss me, I'll lose my mind
If they hurt you, I'll heal you
I swear I want you for myself
You've got me messed up with that booty, that booty

I also want to have you
Just give me a chance to process
’Cause in the past I fell quitе a bit
And with my wounds, I don’t want to hurt you
I also want to have you
Just give me a chancе to process
'Cause in the past I fell quite a bit
And with my wounds, I don’t want to hurt you

I want to take it slow, slow, slow, slow, slow
'Cause I won't lie to you, no
Just give me a chance, I ask you
My heart is like Miami
Always under construction
I put myself first
That's my only condition
And I don’t just want to bang you, bang you, bang you, eh
Man, I like you a lot, that's why I want to confess
Oh, to the life that brought you, your kisses are so good, you went overboard
I want to stick you to the wall like a piece of art

Oh, if you kiss me, I'll lose my mind
If they hurt you, I'll heal you
I swear I want you for myself
You've got me messed up with that booty
If you kiss me, I'll lose my mind
If they hurt you, I'll heal you
I swear I want you for myself
I can be your safe place

I also want to have you
Just give me a chance to process
'Cause in the past I fell quite a bit
And with my wounds, I don't want to hurt you

Ah, ah
I become a pirate and would steal your heart
And make love to you in the Orion Belt
There's no way to fail with such a woman
I assure you that you're my philosophy and I'm Plato
Understand that I am unique, baby
Therefore, the least expected surprises you
And that wounds heal
Pain doesn't last forever

Oh, if you kiss me, I'll lose my mind
If they hurt you, I'll heal you
I swear I want you for myself
You've got me messed up with that booty
If you kiss me, I'll lose my mind
If they hurt you, I'll heal you
I swear I want you for myself
You've got me messed up with that booty, that booty

I also want to have you
Just give me a chance to process
'Cause in the past I fell quite a bit
And with my wounds, I don't want to hurt you
I also want to have you
Just give me a chance to process
'Cause in the past I fell quite a bit
And with my wounds, I don't want to hurt you

Venezuela and Panama
Tell me, Boza
Elena"
77,Luis Alberto Posada,Mal Amor,Colombia,latin,1j4XwpoLvqdkWllikDu7Rm,546247,18,32,"¿A qué volviste, amor perdido?
Ya te cansaste de vagar, ¿a qué has venido?
Me utilizaste, me diste olvido
Me acostumbré a querer y nunca ser querido
¿Cuánto tiempo esperé que tú volvieras?
También soñaba con tenerte en primavera

Y el invierno llegó sin tu presencia, no, no
No quiero verte, por favor, date la vuelta
Mal amor

Dolor
Pero bueno

Hoy es distinto todo en mi vida
Ya no eres dueña dеl amor que te tenía
Mе fui olvidando que tú existías
Te fui sacando poco a poco de mi vida
Lo siento ya por ti, quiero estar solo
Me abandonaste y pretendes que olvide todo
Tú ya no estás en mí, mejor te vas, déjame así
No te das cuenta que ya no te necesito en mi vivir

El invierno llegó sin tu presencia, no, no
No quiero verte, por favor, date la vuelta
Mal amor"
78,Arcángel,Ganas De Ti,Colombia,latin,71w26UK674tLfGtJFfDSjE,546114,55,78,"Jaja, ey
La Maravilla
Quiero llevarte y hacerte el amor
Déjame tocarte (Uh-uh), tu cuerpo está pidiéndolo

Tengo tantas ganas de ti
Amarte es esencial
Me desespero si no estás aquí
Regresa que no puedo más (Ajá)

Deja pegarme, si me lo permites (Yes)
Cree en mí, no te limites (Sí)
El nene puede hacer que te excites (Ven)
Baila conmigo, yo hago que lubriques (Ajá)
Si tú me quiere', yo quiero y me atrevo
Si yo quiero, tú quiere' y te atreves
Tú sabes que por ti me muero
Vente, que yo aquí te espero
Tú y yo, solos en mi cuarto (Sí)
En una esquina haciéndonos canto (Ah)
Se siente fuera de control
Te quiero hasta que salga el sol, ey

Tengo tantas ganas de ti
Amarte es esencial
Me desespero si no estás aquí
Regresa que no puedo más

Y mientras tanto sigo esperando (Esperando)
¿Qué va a pasar contigo y conmigo? (¿Cuándo?)
Mami, yo quisiera volver a ser tu amigo (Ah)
Y tener los privilegios, que teníamos antes en el colegio
En serio, yo soy de tu promedio, ma' (Ma')
Mi chamaquita (Chamaquita), tan bonita (Bonita)
Tú sabes que aquí se te quiere (Yeah)
De gratis se te quiere y el nene la quiere a usted (Sí)
To' los días 'e la semana, bienvenida aquí en mi cama eres tú, porque (Ah)

Tengo tantas ganas de ti (Ah, ah, ah)
Amarte es esencial (Ah, ah)
Me desespero si no estás aquí (Wuh, ah, ah, ah)
Regresa que no puedo más (Wuh)

La Maravilla"
79,Romeo Santos,Imitadora,Colombia,latin,6r46lnXFbE9fr2d3KNaGbe,539798,114,29,"Hey
Who are you?

Mi memoria ha conservado lo que se ha llevado el viento
Y yo estoy estancado en esos tiempos
Cuando tú me amabas y con gran fulgor sentía tus besos
Dime, quítame esta duda
¿Quién es esta extraña que se ha apoderado de tu ser?
¿Dónde está la amante loca que me erizaba la piel?
Porque ya tú no me tocas como lo hacía esa mujer
Algo no anda bien
Escucha las palabras de Romeo

Esta noche me hago el interrogante
Y le pongo fin a la impostora, usurpadora
Exijo contigo una entrevista
Sospecho plagio a mi señora, mala imitadora
Dime, tengo unas preguntas
¿Dónde fue bajo la lluvia que te di ese primer beso?
Dime también, relátame el momento
Número de alojamiento donde yo te hice mujer
Confírmame
¿Qué me enciende en el sexo?
¿Qué me encanta de tu cuerpo?
Nuestra primera aventura
Quiero detalles
¿Será el cuello o el ombliguito tu punto favorito?
Porque yo sí sé cual es
Si en verdad eres la original, demuéstramelo ahora

Esta noche me hago el interrogante
Y le pongo fin a la impostora, usurpadora
Exijo contigo una entrevista
Sospecho plagio a mi señora, mala imitadora
Dime, tengo unas preguntas
¿Dónde fue bajo la lluvia que te di ese primer beso?
Dime también, relátame el momento
Número de alojamiento donde yo te hice mujer
Confírmame
¿Qué me enciende en el sexo?
¿Qué me encanta de tu cuerpo?
Nuestra primer aventura
Quiero detalles
¿Será el cuello o el ombliguito
Tu punto favorito?
Porque yo sí sé cual es
Mmm, si en verdad eres la original, demuéstramelo ahora

Tú no era' así cuando te conocí
The king

Tell me where she's at?
¿Quién es esta imitadora hoy en su lugar?
Tell me where she's at?
Yo la extraño ¿a dónde se me perdió?
Tell me where she's at?
Que regrese mi amada porque tú, no eres tú"
80,Maluma,Borro Cassette,Colombia,latin,6DUdDIRgLqCGq1DwkNWQTN,533885,169,23,"Sabemos lo tuyo (Rudeboyz)

Ayer me besaste y no podías parar, y me bailaste hasta el amanecer
Cuando desperté yo te quise llamar, y ahora me dice que borró cassette
Que no se acuerda de esa noche porque ella borró cassette
Dice que no me conoce y quiero volverla a ver

Y que los tragos, hicieron estrago' en su cabeza
Ella con cualquiera no se besa, quiero que sepa que me interesa
Y no hay un día que no pare de pensar en su belleza
Y que los tragos, hicieron estrago' en su cabeza
Ella con cualquiera no se besa, quiero que sepa que me interesa
Y no hay un día que no pare de pensar en su belleza

Te dije mami, tómate un trago
Y cuando te emborracha', pa' mi casa nos vamos
Me sorprendió cuando sacaste ese cigarro
Tomaste tanto que lo has olvidado
Y tranquila ma', no pasa na', enloqueciste pero más na'
Pedías a grito que te besara en la escalera y en el sofá
Y tranquila ma', no pasa na', conozco ya tu debilidad
Bastará solo un par de copas pa' conocerte en la intimidad

Y tú, mami, ¿cómo dices que no te acuerdas cómo mi cuerpo te calienta?
Ven, dímelo en la cara y no mientas, dejemos de jugar
Y tú, mami, ¿cómo dices que no te acuerdas cómo mi cuerpo te calienta?
Ven, dímelo en la cara y no mientas, dejemos de jugar
Ayer me besaste y no podías parar, y me bailaste hasta el amanecer
Cuando desperté yo te quise llamar, y ahora me dice que borró cassette
Que no se acuerda de esa noche porque ella borró cassette
Dice que no me conoce y quiero volverla a ver

Y que los tragos, hicieron estrago' en su cabeza
Ella con cualquiera no se besa, quiero que sepa que me interesa
Y no hay un día que no pare de pensar en su belleza
Y que los tragos, hicieron estrago' en su cabeza
Ella con cualquiera no se besa, quiero que sepa que me interesa
Y no hay un día que no pare de pensar en su belleza

Te estoy buscando para ver si lo repetimos
Esa noche, que bien lo hicimos, entre tragos nos desvestimos
Las botellas que nos tomamos, a la locura que nos llevaron
Fue mucho lo que vacilamos, imposible no recordarlo

Y tú, mami, ¿cómo dices que no te acuerdas cómo mi cuerpo te calienta?
Ven, dímelo en la cara y no mientas, dejemos de jugar
Y tú, mami, ¿cómo dices que no te acuerdas cómo mi cuerpo te calienta?
Ven, dímelo en la cara y no mientas, dejemos de jugar

¡Yeh-yoh! ¡Yeh-yoh! ¡Ja, ja!
Pretty Boy, Dirty Boy, baby (¡Oh!)
Y yo soy Maluma, baby, ¡oh, no! (¡Ja, ja, ja!)
(Rudeboyz) Kevin ADG y Chan El Genio
Rudeboyz, Bull Nene, Atlantik music
¿Qué hubo mi reina? (Pretty Boy), ¿cómo así que no se acuerda?
Que hicimos el amor, la pasamos bien, ¿y me va a decir que borró cassete?
¡Nah!"
81,"Yan Block, TORRRES",Yo sé,Colombia,latin,5DdLSEyKh8zgCrJq2hFj92,532115,61,42,"Es Lucifer, oeh, oeh, oeh (Eh)
Tú 'tás bellaca, eso, eso, eso e'
Me-Me-Me vo'a empastillar pa' martillarte como e' (Eh)
Bandida fina, que bajen la Moët (Eh)
Te-Te-Te me perdiste y al DM te tiré
BM charcoal gray, la movie te pongo en play
Esa carita angelical me hace pecar en 4K (Eh)
Ella me lo mama cuando estoy jugando Play

Cuando estamo' chingando no miramo' el reloj (Oh-oh-oh)
En la cama enemigo' y en la calle somo' bro (Oh-oh-oh)
Pa' mí se hipnotizó cuando los ojo' mе miró
Yo sé que va a romper con el outfit quе compró

Hija 'e Lucifer, oeh, oeh, oeh (Ah)
Tú estás bellaca, yo sé, yo sé, yo sé (Eh, eh)
Ba-Ba-Bandida fina, que bajen la Moët (Eh-eh)
Acostumbrada a que le dé como e'

Los siete día' de la week, le meto sin beanie, lo siente en el cli
Tus ojo' chotean que te gusta así
'Tás encima 'e la torre, no la de París
La cambio de pose como cambia el cli
Volteo la cámara pa'l videoclip (Eh-eh-eh)
Se mueve distinta, ella tiene su drip
Empezamo' el polvo y no le encuentro fin

Cuando estamo' chingando no miramo' el reloj
En la cama enemigo' y en la calle somo' bro
Pa' mí se hipnotizó cuando los ojo' me miró
Yo sé que va a romper con el outfit que compró (Eh)

Es Lucifer, oeh, oeh, oeh (Yah)
'Tás bellaca, eso, eso, eso e'
Me-Me-Me vo'a empastillar pa' martillarte como e' (Eh)
Bandida fina, que bajen la Moët (Eh)
Te me perdiste y al DM te tiré
BM charcoal gray, la movie te pongo en play
Esa carita angelical me hace pecar en 4K

Quedó esto hijueputa, ¿verda'?"
82,"El Americano 4KT, Kobby",The Flow's Son Black!,Colombia,latin,6uLcqYE347zlvXD6rhiM4J,530895,6,74,"Dímelo, Kobby, ¿klk? ¿Klk? Where you at, Kobby?
Where you at? What’s up, bro?
Americano is back
Por cantar me mandan pack
Salió de nuevo el papá
En un ritmo que no es de 2pac
Con la ceniza que sale del lápiz, cuando escribo, hacen el crack
Antes solo era fútbol, si yo salgo a hacer music cap
Tengo varias Air Force en colores como Bilz y Pap
Mi estilo vive en un iglú, mi mente controla el Bluetooth
Entre más rapeo, entro en fases como si fuera Goku
Si escuchan, son de la isla, ellos se me hacen pupu
Son hombres y se maquillan, pa' que después les caigas tú
Ahora se parecen al Americano, el mismo flow to' ustedes
Si salen pacas demás, se alborotan todas las redes
Me escuchan en todo ritmo, me monto en cuatro paredes
Soy Thanos Candelier, el que les quema, los posee
Un vaso de lean tirando esquema con spín, spín
Si no camella, no hay botín
Me cogieron los policías, pa' que me soltaran se armó un motín
Los ojos rojos, noche de weed
To' los flow son black, la ID's black is back
En un BM mataron a 2pac
Ronaldo es cabra, Messi es winner cap
To' los beat son happy, mis letras son sad
To' los flow son black, la ID's black is back
En un BM mataron a 2pac
Ronaldo es cabra, Messi es winner cap
Los beat son happy, mis letras son sad
Son los 4kt, los four kt
La M pega el bate mientras Richie daña el beat
Mi gang es negri verde, elegance de White
Te pasas a bruto y yo te suelto ID
Todos quieren mi contrato, nadie trabaja contigo, de todo yo consigo
Es real lo que yo digo: En esta parrillada no existen los amigos
Esto es claro, no digo, por eso no están contigo
Periquito y no es Pinpín, las fores rojas como McQueen
La weed combina con el botín, ando peluche, no gamín
La mesera sirviéndonos en patín, yo pagando con tarjeta con chis-chis
To'a mi ganga en Call of Duty, porque mandé a traer todas estas puti
Hay varias S y todas están tuti
Las coordenadas Guti, a mí to's me tienen en la lupi
Todas estas perras están gritando: ¡Yupi!
To' los flow son black, la ID's black is back
En un BM mataron a 2pac
Ronaldo es cabra, Messi es winner cap
Los beat son happy, mis letras son sad
To' los flow son black, la ID's black is back
En un BM mataron a 2pac
Ronaldo es cabra, Messi es winner cap
Los beat son happy, mis letras son sad"
83,Dalmata,Dile a Tu Amiga,Colombia,latin,3u2jlo9kygiIAq7SPVuw6S,530815,126,25,"Y yo contigo solo quiero misionar
No lo coja' personal, no lo coja' personal
No te vaya' a enamorar, no lo coja' personal
Que esto no es pa' en serio
Que esto mañana por la mañana murió
Que esto e' una aventura na' má', locura, mamá
Y ya que anda' con tu amiga
Vámono' si baby, ya, pero antes, ey

Dile a tu amiga, que es bella
Déjale saber que también me atrevo con ella
Que yo, que yo, también quiero con ella
Que yo, que yo, también quiero con ella

Solo una cosa te tengo que decir (Ah)
Oh, oh-oh, oh, oh-oh
No me es tan fácil si tú te me pone' difícil (Jaja)
Oh, oh-oh, oh, oh-oh
Suelta, media vuelta y ponte al revés
Pa' darte un guayeteo que te baje el estrés (Jaja; wuh)
Dale, antes de que el asunto olvides
Suelta, media vuelta, ponte al revés y

Dile a tu amiga, que es bella
Déjale saber que también me atrevo con ella
Que yo, que yo, también quiero con ella
Que yo, que yo, también quiero con ella

Te hablo en serio cuando te digo (Hah)
Que a mí no me importaría irme del party con las dos si es necesario (Wuh)
Sin misterio (Na'-na')
Te digo que a mí no me importaría irme del party con las dos si es necesario
A ti y a tu amiga yo propongo
Juntémono' y formemo' un triptongo
Un trío, un amorío pasajero
En la disco la vi bailando y quedé bizco (Bizco), por eso insisto

Mami, así que tienta, en lo que la nota revienta
Sube, baja, pónteme loca
Vamo' a darno' un beso triple en la boca
Vamo' a hacer un brindi', arriba las tres copa' (Ah, ah)
Tienta, en lo que la nota revienta
Sube, baja, pónteme loca
Vamo' a darno' un beso triple en la boca
Vamo' a hacer un brindi', arriba las tres copa'

Y yo contigo solo quiero misionar
No lo coja' personal, no lo coja' personal
No te vaya' a enamorar, no lo coja' personal
Que esto no es pa' en serio
Que esto mañana por la mañana murió
Que esto e' una aventura na' má', locura, mamá
Y ya que anda' con tu amiga
Vámono' sin babilla, pero antes, ey

Dile a tu amiga, que es bella
Déjale saber que también me atrevo con ella
Que yo, que yo, también quiero con ella
Que yo, que yo, también quiero con ella

Nely (Hah)
El Da-Da-Dalmation
Road To Riches (Wuh-uh)
Artillery
(Jaja)"
84,"Kris R., GeezyDee, Prodmonja",BOBADITA,Colombia,latin,52IeC2QBiJqk9jAR5gbe14,529677,18,15,
85,"Omar Courtz, ROA",WO OH OH,Colombia,latin,0h54mLixODOqU6vTcZMqVM,526842,2,75,"[Intro: 
Bad Bunny
]
Pero yo estoy con ella y tú estás con él
Sabiendo que yo siempre te voy a querer
Yeah, si tú lo dejas, yo la dejo (Yo la dejo)
Yeah, si tú lo dejas, yo la dejo

Mami, contigo se siente cabrón, no me pasa con cualquiera
Me tiene' aquí hablando con Dios, pidiéndole que pa' mí seas
Por las noche' mi alma sale a buscarte
Aquí estoy llamando pa' preguntarte

Y dime, ma (Ma), ¿cuándo es que chingamo' otra ve'?
Si e' por mí, no te suelto jamá', ah, ah-ah
¿Cuándo nos vеmo'? Dime qué ya quiero

Hacertе de to'-oh-oh-oh, oh-oh-oh-oh
Te como de almuerzo y de cena, tú eres mi nena
El mundo atrás se queda y nosotros
Oh-oh-oh-oh, oh-oh-oh-oh
Nadie está mirando, y mientras el mundo está girando, tú y yo
Woh-oh-oh-oh, woh-oh-oh-oh
Enrolamos, quemamos, chingamo'
Qué mucho peleamos, yo creo que ya nos amamo'
Woh-oh-oh-oh, woh-oh-oh-oh
Tú y yo solo' en mi cuarto, y el mundo no está girando

Tú huele' al amor de mi vida, de esos que ya quedan poco'
Mami, tú ere' la elegida, tamo' unido' por el hilo rojo
Y siento que abro el portal (-tal) cuando de frente te miro a los ojo' (Ojo')
Escribiéndote canciones, siento los podere', Almighty con el pelo rojo
Baby, tú me tiene' envuelto, oh-oh (Oh-oh)
Coge mi corazón, te lo presto, tú ere' la fantasía de mi cuento

Y yo estoy con ella, y tú estás con él
Una carita de diosa, un ángel mujer (Eh)
Tú ere' mi nena, mi nena, mi nena
Como en el 2000, Baby Rasta
Yo, Bieber y tú, Selena
Aunque esté' con alguien, yo soy tu fantasma

Oh-oh-oh-oh, oh-oh-oh-oh
Te como de almuerzo y de cena, tú eres mi nena
El mundo atrás se queda y nosotro'
Oh-oh-oh-oh, oh-oh-oh-oh
Nadie está mirando, y mientras el mundo está girando, tú y yo

Tú ere' mi destino, mi chrono, mami, como Simba con Nala
En este infierno, tú eres mi cielo
Me siento A$AP la primera vez que se lo metió a Rihanna
Mirándote a los ojo', tú fuiste mi todo en la vida pasada
Antes de conocerte, ya yo te extrañaba
Tú ere' el sol y las constelacione', ¿contigo pa' qué carajo los condone'?
Tú eres mía completa, dile al rascabicho de tu ex que a mí no me mencione
Te gusta que me encabrone pa' que yo te descabrone, pa' que te entone
Son muchas las Kendall, pero Gabriela siempre va a ser la nena 'e Bad Bunny

Y dime, ma, ¿cuándo es que chingamo' otra ve'?
Si e' por mí, no te suelto jamá', ah, ah-ah
¿Cuándo nos vemos? Dime qué ya quiero

Hacerte de to'-oh-oh-oh, oh-oh-oh-oh
Qué rico besarte otra ve', repetir la ocasió-o-o-o-oh, oh-oh-oh-oh-oh
Ojalá que lo nuestro sea eterno
Woh-oh-oh-oh, woh-oh-oh-oh
Te como de almuerzo y de cena, tú eres mi nena
El mundo atrás se queda y nosotros
Woh-oh-oh-oh, woh-oh-oh-oh
Nadie está mirando, y mientras el mundo está girando, tú y yo
[Outro: 
Bad Bunny
]
Pero yo estoy con ella y tú estás con él
Sabiendo que yo siempre te voy a querer
Yeah, si tú lo dejas, yo la dejo (Yo la dejo)
Yeah, si tú lo dejas, yo la dejo"
86,Yeison Jimenez,Ya No Mi Amor,Colombia,latin,7qbPQqOYYMPdQqRqv7bNin,526682,16,9,"Pues ya que te vas
Déjame decirte: ""que te vaya bien""
Pues ya que no quieres seguir más conmigo
Me pasa lo mismo y tú lo sabes bien

Recuerda que siempre te di mi cariño
Te di mi confianza, pero me cansé
De ahora en adelante esto es ya punto aparte
Pues ya te olvidé

Pues ya no, mi amor, ya no soy el bobo
Que sufrió por ti, que hacía de todo
Pues ya no, mi amor, y escúchame bien
Si te quieres ir, que te vaya muy bien
Pues ya no mi amor, y me paro en la raya
No voy a seguir humillando mi alma
Si algún día te dije que sin ti moría
Pues ya no, mi amor

¡Yeison Jiménez!, ¡con el corazón!

Pues ya que te vas
Solo te deseo siempre lo mejor
Aunque estoy seguro de que en tu camino
De que en tu destino lo mejor fui yo

Recuerda que siempre te di mi cariño
Te di mi confianza, pero me cansé
De ahora en adelante esto es ya punto aparte
Pues ya te olvide
De ahora en adelante esto es ya punto aparte
Pues ya te olvidé

Pues ya no, mi amor, ya no soy el bobo
Que sufrió por ti, que hacía de todo
Pues ya no, mi amor, y escúchame bien
Si te quieres ir, que te vaya muy bien
Pues ya no mi amor y me paro en la raya
No voy a seguir humillando mi alma
Si algún día te dije que sin ti moría
Pues ya no, mi amor"
87,Omar Courtz,SI ESTÁS CON ALGUIEN,Colombia,latin,7nyk5uxevcijIfl1FlJgmA,526155,2,87,"Yo me acuerdo aquel día, tú y yo, tú encima
Dos cuerpo' a escondida', bebé, la noche era de los do'
¿Dónde estás metía'? De la disco sale 'e día
Ojalá que te acuerdes, mi amor

Pa' hacerlo hoy, hoy
Pa' hacerlo hoy, hoy
Pa' hacerlo hoy, hoy
Mi amor, yeah-yeah, ey

Si estás con alguien, dile que tú ere' mía
Que no somos na', pero que no me olvida', mi amor (Mi amor)
Mi amor (Mi amor)
Mi amor (Mi amor, yeah-yeah)

4 a. m., loca con el nene
Nota los weekene', yo no sé qué ella tiene
Pero tiene lo que me gusta, pa' su casa es la ruta
Baby, tú eres mi musa, caliente como una hookah
Saliendo de día como a las 6 de la morning
Dice que se desvía, pero que na' má' eso es por mí
Dice que esta es su primera ve'
Y yo sé que esta no es su primera ve'
Ey, yo me sé to' los punto'
To' los fetiches se los cumplo
Como una brocha se lo paso
Como si no hay más nadie en este mundo
Yo nunca le digo: ""Detente""
Ella es como una serpiente
Pero es de esas venenosa'
Le gusta jugar con mi mente

Yo sé que te gusta cuando hacemo' el amor
Mami, tú te fuiste, pero se quedó tu olor
Mía por siempre, pero lejo' estamo' mejor
Si tú quiere', yo te hago el favor

Y lo hacemo' hoy, hoy
Pa' hacerlo hoy, hoy
Pa' hacerlo hoy, hoy
Mi amor (Mi amor), yeah-yeah, mi amor (Mi amor)

Si estás con alguien, dile que tú ere' mía
Que no somos na', pero que no me olvida', mi amor (Mi amor)
Mi amor (Mi amor)
Mi amor

Y ahora que no te tengo
Pienso en todo el tiempo perdido que perdí contigo
Pues, por amarte a ciegas, yo no escuché
Y me lancé al vacío por amor
Todos me dijeron, todos me advertían
Que hay flores que tienen espinas

Qué Ousi ni qué Ousi
A mí tú me habla' de Omar
Este Omarcito que está acá
No es el mismo
No es el mismo que yo conocí
Y no me encanta
Así que si no va a estar el que yo conocí al principio
No lo quiero
Yo creo que ya
Ya yo me rindo"
88,"Alzate, Yeison Jimenez",Mi Venganza,Colombia,latin,3f4AsGGYt94t7g1lHcsa8D,523499,62,11,"Puede que me haga el pendejo
Pero ¿sabes?
Ya sé que me eres infiel
La verdad
No te voy a contar
No te voy a dar el gusto que me veas sufrir por ti
Me dedicaré a vengarme de los dos sin compasión
Pensarán que soy el tonto
Que no sabe nada, nada
No sabrán de dónde viene mi venganza
Ni siquiera el pobre diablo que te estás comiеndo hoy
Va a salvarse de lo que lеs tengo preparado yo
No me van a ver la cara, soy buen hombre, no huevón
Que pesar que decidiste acabar con nuestro amor
Si yo fui el que te dio todo, todo
Todo lo que tienes, hasta el corazón
Si perdono, renuncio al derecho
Que tengo a vengarme
No, no va a pasar
Y hoy sí está doliendo
¡Carajo!
Ayy
Así es que es
Yeison Jiménez
Alzate, PAPA
Ya sé que me eres infiel
Ayy
La verdad, no te voy a contar
No te voy a dar el gusto que me veas sufrir por ti
Me dedicaré a vengarme de los dos sin compasión
Pensarán que soy el tonto
Que no sabe nada, nada
No sabrán de dónde viene mi venganza
Ayy
¿Cómo dice?
Ni siquiera el pobre diablo que te estás comiendo hoy
Va a salvarse de lo que les tengo preparado yo
No me van a ver la cara, soy buen hombre, no huevón
Que pesar que decidiste acabar con nuestro amor
Si yo fui el que te dio todo, todo
Todo lo que tienes y hasta el corazón
Si perdono, renuncio al derecho
Que tengo a vengarme
Y no, no va a pasar
Ayy
Con el corazón
Papá"
89,"Arcángel, Bad Bunny, Mambo Kingz, DJ Luian",Tu No Vive Asi (feat. Mambo Kingz & DJ Luian),Colombia,latin,6NSMQFKgjpQb0KkjMDYIK0,521583,206,64,"Ye-eh, ye-eh
Tú estás buena, bebé, y sin mandarte a hacer
Quiero fumar y darte hasta el amanecer
Te juro que me gusta to' de ti, todo de ti

Pero lo que me mata
Es cuando pone cara de bellaca
Se besa con la amiga y no son patas
Fina, pero en la cama tremenda sata, yeh
Y lo que a mí me mata
Es cuando pone cara de bellaca
Tú misma baja' el zipper y lo sacas
Fina, pero en la cama tremenda sata, yey

(Austin, baby) ¡Au!
Me bebí un jarabe que es pa' la tos
Le pedí una amiguita y me trajo dos
Le metí toda la noche a lo nivel Dios
Me llegó el regalo adelanta'o de Santa Claus (Wow)
Fuerte, no fue golpe de suerte (No)
Le di una pastilla y se puso indecente (Loquita)
Aunque media loquita la demente
Le enseñé este bicho y se puso coherente
Por eso ella siempre me llama (Yeah)
Cada vez que ella está sola (Ajá)
Cuando llego me lo mama (Uy)
Bien rico, no importa la hora (Jajaja)
Siempre se me manifiesta (Siempre)
Luego tomamo' una siesta (Siesta)
Despertamos y se me trepa encima
Y pa' hacerlo de nuevo se presta

(Noriel)
Mi baby es una atrevida (Ajá)
Quiere chingar conmigo de por vida
A el novio un par de veces se las pegó (Wuh)
Porque ese cabrón la tenía aburrida
Siempre que la llamo le llega enseguida
To' lo que me gusta nunca se le olvida (No)
Quieres que te diga (Ah)
Ella va a ser leal a este bicho Mientras el cabrón tenga vida
Se toca y me baila
Si anda con la amiga digo que la traiga
Pone el teléfono en modo de avión pa' que nunca le suene y no se me distraiga (Ajá)
Siempre echamos más de uno
Se envuelve en el humo, fuma si yo fumo
La baby dice que no es pata, pero le encantan los dos pa' uno (Wuh)

Todo los trucos ella se los sabe (Ah)
Chingando tiene la clave
Que los dos pensamos iguale'
Y en la cama todo se vale
Es una diabla (Es una diabla)
Que na' más piensa en mí cuando está bellaca
Eh-eh, eh-eh, eh

Pero lo que me mata
Es cuando pone cara de bellaca
Se besa con la amiga y no son patas
Fina, pero en la cama tremenda sata, yeh
Y lo que a mí me mata
Es cuando pone cara de bellaca
Tú misma baja el zipper y lo sacas
Fina, pero en la cama tremenda sata, yeah

(Bryant Myers)
Hoy te vo' a torturar, baby, tu cuerpo es un mural
¿Ese culote es natural? Yo te lo quiero inaugurar
Como en The Purge, esta noche yo te vo' a depurar
¿Cuánto tú me va' a durar? Ese totito hoy yo te lo vo' a saturar
Tú eres una enferma y este bicho es el único que te va a curar
Yo sé que a ti y a la amiga tuya también le encantan el bi
Ustedes hacen threesomes con cojone'
Ya casi parecen lesbi', baby, en mi chalet hay room service
Hoy te lo vo' a meter completo hasta que te llegue a la pelvis
A tu ex cuando yo lo vi, lo puse a correr to'a la recta del presbi

(Brytiago, baby)
Cuando dan las 12, un phillie, ojitos chiquitos, nadie las conoce
Una es como Rihanna la otra es Amber Rose
Adicta con ser atrevida, loca con que una a la otra la rose
Se pasa metida en YouPorn, buscando aprenderse to'itas las pose'
Me lo chupa y no para hasta que acaba
Me la drage'o con la lengua llena 'e baba
Sin phillies dijo que no se arrebataba
Cuando tiene relaciones ella misma es la que se graba (Wuh)
Vive viajando en éxtasis
Tú la ves por las redes y no se ve así
Yo que soy un bellaco desde que nací
Las invité pa' hacer un trío y las dos dijeron que sí-í
El sexo va a llover, exceso de placer
No sé si va a poder con to'a las poses que le vo' a hacer
Hoy nos vamo' a joder, apenas empecé
Yo abuso contigo como mismo abuso de las tramadols y las percocet

Y lo que a mí me mata
Es cuando pone cara de bellaca
Tú misma baja' el zipper y lo saca'
Fina, pero en la cama tremenda sata, yeh

(Almighty, It's the game changer)
Si tu amiga hoy no puede
Busco otra que diga que sí y se besan entre sí
Luego hacen la seis-nueve (Wuh)
Las dos se tocan y llueven
Las pongo a fumar pa' que se eleven
Baby, cumple mi fantasy, ¿o es que tú no te atreves?

Llegó tu Roberto Clemente, también tu Chayanne
Yo soy tu pirata, quiero fumar con tu gata
Baby, yo cacho las libras de kushy barata
Bajo con la aguja y la bata, y te inyecto la tecata
Me lo mama mientras se retrata
Si tú eres pata, yo meto las patas
Están poderosas, el buffet 'e Ponderosa (Ah), son espinas sin rosas
Ustedes son un libro y yo soy el lector que siempre las desglosa (Tú sabe')
Que Dios me perdone, ateo a los condone'
Me le' vengo adentro y hasta el sol de hoy no hay pensiones
Solo mis hijo y son estos cabrones, ¡Almighty!

Baby, yo soy tu Drake (Yeh), tú eres mi Rihanna (Rihanna)
Yo soy un bellaco, bebé, pero tú me ganas (Wuh)
Yo soy fan de tu boca, tus nalgas, tus tetas, tus ojos y tu piel
Pero es esa carita 'e bellaca la que hace que yo te lo quiera meter
Ninguna puta le llega (No)
Sale a janguear y a la casa no llega (Wuh)
Tienen novio, pero se las pega
Mi bicho es su hookah y no se le despega (No se le despega)
Baby, tú eres bellaca
Pues envía el location pa' que lo confirme (Au)
Yo dándote bicho y tu novio meti'o en Planet Fitness

Auuu, Austin baby, Arcangel pa
Bad Bunny, Bryant Myers
Almighty
Noriel, Brytiago, Baby Rasta
Hear This Music, Dí-Díselo Luian, Mambo Kingz
'Pérate dame un break, Mambo Kingz, oh yeah
Uy, Alex Killer, jaja
Mami yo sé que tú estabas esperando que yo mencionara el bicho
¿O que tú quieres, que te hable de rifles y de pistola'?
Si a última hora lo que yo te voy a meter es el bicho (¡Uh!)
La Industria de los Inmortales"
90,"TURY, CARABIN3",CHUCHA,Colombia,latin,01dFxiEOMTTzim5J3kytjA,519145,2,90,"Pero yo a uste' la amo (Prr)
Cuando la vea pa' que le peguemo' al peluche, mi amor
Y le voy a tirar a preñar, pa' que sepa, mi amor
Sabelona (Ey)
Jajaja
Ey, ah

Tu polla quiere culear y, maní (Manito)
Y yo que no copeo, nene, le voy a volear
Le doy chimbo to'a la noche, su vicio soy yo y soplar
Se cansó del noviecito que se puso a cacorrear (Prr-prr)
Yo-yo-yo soy un killer culeando y metiendo dedo (Jaja)
Pregunten por ahí a ver si tengo el chimbo feo (Jamás)
Cuando lеs doy por el culo, me dicen: ""Tury, mе meo"" (Ey)
Bota leche de un pezon si las tetas le lengueteo (Jaja, cochina)
Jaja, los reyes del chirreo, mi amor, escuche pues
Ah, le meto un dedo por el culo así la deje con demencia
Los reyes del chirreo, lo digo por experiencia (Ah)
De volear dedo y pegar temas, mami, yo tengo la ciencia
De tanto pichar webcam, voy a montar una agencia
Ay, tengo tantas chimbas que ya me estresa
De culear tanta groupie, yo siento que me da pereza
Ahora pa' picharmela, tiene que ser gomela y fresa
O que me chupe las huevas mientras me agarra la cabeza (Ey)

Las chimbitas mojan cuco cuando paso en el dragón
El carro en hora pico pa' que mame en el trancón, ey
Yo no bajó antes de que se dé un juagon
Tu novio es mero lambón, lo vi en la calle y qué cagón (Pirobito)
Las-las chimbitas mojan cuco cuando paso en el dragón
El carro en hora pico pa' que mame en el trancón, ey (Yeah)
Yo no le voy a bajar antes de que se dé un juagon
Tu novio es mero lambón, lo vi en la calle y qué cagón (Gas, pirobo)

La grabó y tira garganta profunda (Yeah)
La escupo y quiere que yo se lo hunda (Que se lo hunda)
Que si tengo novia, ¿qué pregunta?
Deje de ser metida, sapa, perra, malparida, zorra, inmunda (Ah)
Yo soy un mentiroso a lo Pinocho (Yeah)
A la que vea babuina, se lo meto y la recocho (Pirobita)
Los rotos los hice solo, sisas, un blunt y un 8 (Grr-paw)
Cuando lo tengo parado parece que me empretiné un 38
Lo más chucha, en Roxy se lo meto hasta en la ducha (Mami)
Si lo coge a dos manos, es porque mama como puta (Grosera)
Terminé haciendo un trío con la hermana y con la cucha
Hágale suave, mi reina, el papá de pronto nos escucha (Sh, sh)
Se lo metí en los baños del BodyTech
Le llegué re salsa con unas TN y negro el Nike Tech
Conmigo siempre bota el chorro, yo la mal acostumbré
Se lo mete el novio y dice que no siente na' con el

Las chimbitas mojan cuco cuando paso en el dragón
El carro en hora pico pa' que mame en el trancón
Yo no le voy a bajar antes de que se dé un juagon
Tu novio es mero lambón, lo vi en la calle y qué cagón (Ey)
Las-las chimbitas mojan cuco cuando paso en el dragón
El carro en hora pico pa' que mame en el trancón, ey
Yo no bajó antes de que se dé un juagon
Tu novio es mero lambón, lo vi en la calle y qué cagón, jajaja

(Las chimbitas mojan cuco cuando paso en el dragón)
Ey
El nene de Pedre, gas
(El carro en hora pico pa' que mame en el trancón, ey)
Ustedes saben ya
Con CARABIN3
(Yo no bajó antes de que se dé un juagon)
Ey, dime, Svnti, ah
(Tu novio es mero lambón, lo vi en la calle y qué cagón)
Noah
Dime, Jota
Dime, Guelo
Grr-paw, jaja
El nuevo amanecer en la cama te desbarata
Dime, Svnti
Dime, Gordo
El nuevo amanecer, mi amor, CARABIN3
Con el nene de Pedre, gas
Directamente desde la 24
Dímelo, Jara, ¿si sabe?
Grosero"
91,Bad Bunny,KLOuFRENS,Colombia,latin,4MUrUT38U98olfnyzMBCzm,517358,59,15,"¿Cómo diablos vo'a olvidarte si ya te vi sin ropa?
Wow, qué obra de arte, sé que prometí que iba a alejarme

¿Pero cómo quiere' que me vaya bien?
Si tú no me saca' de los close friends
Me paso stalkeándote pa' ver qué hace'
Enchula'o, puede que se me pase
¿Pero cómo quiere' que me vaya bien?
Si tú no me saca' de los close friends
Me paso stalkeándote pa' ver qué hace'
Enchula'o, puede que se me pase

¿Cómo diablo' vo'a olvidarte?
Si cuando estoy solo y prendo lo que hago es pensarte, eh-eh
Mami, me dejaste hipnotiza'o, coloniza'o
Otra galla como tú todavía no ha pisa'o
Ese totito era bello, precioso, cute
Me dejaste envicia'o, ey
Pelinegra o blondie, ma, tú ere' la baby
Dando vuelta' por la SanSe escuchando a Dei V y a Ousi
To' lo mío es tuyo, si quiere' te doy la OC
Quiero comerte esos labio' glossy
Oh, sí, mmm
Esto no tiene que pasar
, no
Pero veo el circulito verde y me vuelvo a ilusionar
Tú ere' mala, tú lo hace' intencional
Una player profesional (Ah-ah)
Total, esto no iba a funcionar
Pero te veo y me vuelvo a ilusionar
Tú ere' mala, tú lo hace' intencional
A tu nombre me lo voy a lesionar
'Tá cabrón que pa' ti es normal

¿Pero cómo quiere' que me vaya bien?
Si tú no me saca' de los close friends
Mmm-mmm, mmm-mmm, mmm-mmm, mmm-mmm

Dime qué pasó, mi amor
Que ya no me envía' los bueno' día' por la mañana
Y en la noche ante' de acostarte ya no me llamas
¿Será que ya encontraste a alguien má' y me cambiaste?
Está cabrón cómo de tu vida ya desaparecí
Qué triste que terminó así, que terminó así, eh
¿Será que a otro ahora le cuentas tu día
Y lo hace' reír con los chiste' que tú me hacía'?
No tengo stickers nuevo', mami, porque ya tú no me los envía'
Te fuiste cuando más yo te quería, eh
Y ya nadie sabrá lo que tú y yo pudo ser
Qué triste, no conocerá' esa parte de mí que yo sé que te iba a gustar
Y nadie sabrá lo que tú y yo pudo ser
Qué triste, no conocerás esa parte de mí que yo a nadie le suelo mostrar"
92,"KAROL G, Feid, DFZM, Ovy On The Drums, J Balvin, Maluma, Ryan Castro, Blessd",+57,Colombia,latin,3mg9jYNC1NihbthlglzrWP,516832,69,1,"Colombia gang
O-O-Ovy On The Drums
Woah

She told her boyfriend she was going to bed already
But her friend got in her head
At 12:30 a.m., she started doing her makeup
She said she'd be there in 20 minutes
Turned off her phone so she wouldn't get caught
Baby is bad, but she's smart, yeah

And even though that baby girl has a man, she goes out whenever she wants to
She's getting higher and she's grinding in this drunk night
Passing shots mouth to mouth, rolling it up and lighting it
And if they ask if she has a boyfriеnd, it depends (Woah)

We got еxotic here, pills, liquor, Hpnotiq (-tiq)
A chill vibe (Pu), offering you something
To-to drink, you're already out there, they won't catch you
A mamacita since eighteen
When she walks into the club, you can feel her energy
Baby, I'm taking these shots for you
That back there is huge and yummy, be gentle, hold on
A mamacita since eighteen
When she walks into the club, you can feel her energy
Baby, I'm taking these shots for you
She's got a lot going on below, the outfit barely holds it (Haha)

She's got all the codes (Oh)
Listening to 2Pac and that booty's notorious
I put Oreo cream on her stomach (Nasty)
To spend on her at the club (Ching, ching)
Nobody's exposing her, not even in Q'hubo

Big booty, very big booty (Awoo)
Machine shorts, so it all shows (Tra, tra)
I spit some game so she'll undress
I don't use protection with that pussy (Pu-pu-pu!)
On the BlackBerry, I saved your PIN
If there's a pest, I'm the remix
This cute mouth, ready for some kisses (Uh-huh)
I called her for some fun, you know (Yeah)

And even though that baby girl has a man, she goes out whenever she wants to (Ah-ah-ah)
She's getting higher and she's grinding in this drunk night
Passing shots mouth to mouth, rolling it up and lighting it
And if they ask if she has a boyfriend, it depends

That booty is hers, so she's turning up (Zaga)
She knows who she's with
She looks innocent, but those eyes lie
And for boys, she replies, ""Depends""
Sucking on a lollipop, hottie's got that vibe (Ayy)
Never sitting in the disco (No)
For good luck, yellow thong
Done up in case someone catches her eye
Sucking on a lollipop, hottie's got that vibe
Never sitting in the disco
For good luck, yellow thong
Done up in case someone catches her eye (Baby)

Hat on, looking good to impress you (Haha)
That smile on her lips confirms it for me
That booty's mine, signed and sealed
If her man's late, do the same to him (Haha)
'Cause I'll handle it
And the guy next to me is a total fool
If things get wild, I'll take it up a notch
'Cause in Medellín, I'm like Drake in Toronto

Gi-gi-give me your location, give me time and I'll be there
She looks at me and I give her everything, no marriage needed
She says I should eat it quietly and blindly
The sex got its own code, money talks
She's got her own thing, doesn't wanna play around (Uh-huh)
She wants to stay with me
She's real with me, playing badminton
It's 11 p.m., time to take that booty out

Break it down, break it down, break it down and give everything, baby, no one's stopping you
Request an Ovy On The Drums track, boyfriends are irrelevant
In the club, weed, drinks, and fun
Your boyfriend, the joker, needs to slow down
She wants to feel like a women
No drink can buy it, no makeup will cover it
She wants to feel beautiful again (Haha, you know, baby?)

And even though that baby girl has a man, she goes out whenever she wants to (Wants to)
She's getting higher and she's grinding in this drunk night
Passing shots mouth to mouth (Mouth), rolling it up (Rolling it up) and lighting it
And if they ask if she has a boyfriend, it depends

Yeah
KAROL G-G, La Bichota (Yeah)
Feid, FERXXO (Woah)
Let's go
Maluma, Don Juan, yeah
Blessd, you know? (Yeah)
Awoo (¡Pu-pu-pu!), Ryan Castro
DF
Latino gang, gang
Colombia gang, gang
J Balvin, man, man
Let's go, yeah (Baby)
Ovy On The Drums (Yeah-yeah, yeah-yeah)
Ovy on the drums, baby, baby, baby
KEITYN on the radar
Colombia gang, gang, yeah
Ay, eh, Ave María
Ah
So great"
93,Yeison Jimenez,El Mejor Caballo,Colombia,latin,4Udf3NPZZVggwmVXHcjuqA,514955,8,20,"Y hasta el cielo, aventurero papa
Ay, mi Yeison, ¡qué dolor, qué dolor!
Y a beber, voy a llamar a todo el combo para que alisten un caballo
Voy a sacar el mejor, una despedida con farra
No se preocupen por plata, que esta noche invito yo
Vamos a escuchar a Yeison, que se curó
En el cielo está en su mejor caballo

Qué falta haces, mi parcero
No olvides que te queremos, por eso estamos cantando
Mi Dios solicitó al aventurero, De buenas botas, caballo y de sombrero
Sé que a los ángeles ya los tienes cantando
Y a tu equipo el cielo conquistando
Desde arriba tú nos estarás cuidando, Con el corazón brindamos porque todos te queremos

¿Qué día es hoy?
Ayer fue tu última parra
Y hoy Colombia llora de pura rabia
Voy a darle hasta la madre, sirvan guaro y que el desmadre sea hoy por tu legado Descansa en paz, vete tranquilo, vuela, Aunque en la tierra aquí a todos nos duela. Tenías razón: ni tengo ni necesito
Fuiste leal, sincero y buen amigo
Que retumbe aventurero allá en el cielo
Y aquí en tu nombre cantamos
¡Ya no, mi amor!

Yeison Jiménez, con el corazón
Y aquí estamos, mi hermano, para seguir tu legado, mi parcero
¡Ay, ay, ay!

Las mujeres te extrañamos, Con tu música tomamos, nos dejaste un gran dolor
Aquí todas te recuerdan como todo un caballero, De palabra y gran señor. Vamos a escuchar a Yeison que se curó, Allá en el cielo está en su mejor caballo

Qué faltas ser mi parcero, no olvides te queremos, Por eso estamos cantando
Mi Dios solicitó al aventurero, De buenas botas, caballo y de sombrero
Sé que a los ángeles ya los tienes cantando
Y a tu equipo el cielo conquistando
Desde arriba tú nos estarás cuidando, Con el corazón brindamos porque todos te queremos

¿Qué día es hoy?
Ayer fue tu última parra y hoy Colombia llora de pura rabia
Voy a darle hasta la madre, sirvan guaro y que el desmadre sea hoy por tu legado Descansa en paz, vete tranquilo, vuela, Aunque en la tierra aquí a todos nos duela. Tenías razón: ni tengo ni necesito
Fuiste leal, sincero y buen amigo
Que retumbe aventurero allá en el cielo, Que aquí en tu nombre cantamos
¡Ya no, mi amor!

Yeison Jiménez, con el corazón"
94,"Yeison Maje, Ciro Quiñonez, Luis Alfonso, Yeison Jimenez",El Embustero RMX,Colombia,latin,72q1JMsCJbKNbWgzipGi6x,514823,8,40,
95,Milo j,Niño,Colombia,latin,4aDbrgm1ZaebS1Bb2dOXac,511758,23,73,"¿Cómo estarán en la ensenada, el viejo ceibal
Los jazmineros y orquídeas en flor?
Donde cantó dulcemente el zorzal
Quiero volver a contemplarme en tus ojos cambá
Y que me beses como te besé
Bajo la sombra del jacarandá

Niño, apoyate en mis recuerdos, intentá dormir en paz
Siento el peso en tu conciencia por el llanto de mamá
Vi que el miеdo al abandono no te deja respirar
Siеnto el nudo de tu panza cuando te hablan de papá
Niño, haz las paces con la vida, no es de piedra el pastizal
La nostalgia de tu antes no te deja caminar
¿Quién mató tu sonrisita de ilusión y de bondad?
Sé que te querés dormir pa' no volver a despertar

Amor, no llores, veo luz en tus males
Siguiéndote el corazón, bailando en un canto de zorzales

Niño, soy un hombre con tristeza, sé del peso en tu verdad
Escaparte por robar porque robás para cenar
Vi tus dedos en el barro con olor a libertad
Sé que te querés dormir pa’ no volver a despertar
Por el mundo vas de pillo con alma de caramelo
Vi la vida en tus nudillos y su odio en tus hoyuelos (Ah, ah, ah, ah)
Le rezaste a unos amigos, pues no todos van al cielo
Pero vos sos un grial

Amor, no llores, veo luz en tus males
Siguiéndote el corazón, bailando en un canto de zorza—
Amor, no llores, veo luz en tus males
Siguiéndote el corazón

Hijo, me robaron tus ojitos los momentos que perdí
Pedí tiempo a mi destino, y dijo: ""Hoy te toca a ti""
Sé que un día serás grande, sé que un día entenderás
Los consejos de tu viejo, estoy descansando en paz"
96,"Yan Block, De La Rose, Hades66, Ñengo Flow",444 - Remix,Colombia,latin,5AK6QqM8aUXXTk6oY00ZRh,509711,16,34,
97,"La Combinación Vallenata, Jean Carlos Centeno",Ayer Y Hoy,Colombia,latin,5HCk7iruzhQ1FbxyS3igmM,505110,27,47,
98,Omar Courtz,KOKO,Colombia,latin,1tz7RZirwiuaJw2p0jbdHb,500240,1,98,"Bellaquita
Bellaquita
Uh-uh

Caliente cuando yo la toco (Ey)
Cremita de vainilla con coco
Quietecita como una foto (Foto)
Si le doy un beso, quiere otro
Y la miro y le brillan los ojo' (Ojo', ey)
Yo te quiero comer como antojo
Si no es contigo, pues, estoy solo

Uah, uah (Uah)
Tú va' a ser mía, tú verá'
Esa notita, sube, súbela (Ey)
Cuando la toco siento la humedad en su cuerpo
Uah, uah (Uah)
Tú va' a ser mía, tú verá'
Esa notita, sube, súbela (Ah)
Cuando la toco siento la humedad en su cuerpo

Yo le hago el ""uh-la-la"" (Yeah-yeah)
La piel le еrizo y le salen las ala' (Uh)
Te llеvé a fumar al frente 'e la playa
Y yo sentía que sus ojo' me hablaban (Uh)
Y nos metimo' pa'l agua
No somo' surfer, pero aquí estamos dando tabla
Yo le tiro cuando estoy por el área
Pa' la arena, Louis Vuitton las sandalia' (Uh-uh), yeah-yeah

En una hamaca debajo 'e las palma' (Palma')
'Tamos quemando en hojas de palma (Palma)
Le puse el bronceador en la espalda
Y las mano' bajaron a las nalga'

Y la miro, y le brillan los ojo' (Ojo', ey)
Yo te quiero comer como antojo
Si no es contigo, pues, estoy solo

Uah, uah (Uah)
Tú va' a ser mía, tú verá'
Esa notita, sube, súbela (Ah)
Cuando la toco siento la humedad en su cuerpo
Uah, uah (Uah)
Tú va' a ser mía, tú verá'
Esa notita, sube, súbela (Ah)
Cuando la toco siento la humedad en su cuerpo
(En su cuerpo)
(En su cuerpo)

Mira, ando con una amiga
Dime, papi
Fui a casa a almorzar, ahora, ahora vente
¿Cuándo me va' a invitar a la playita?
Botecito, Icaco', Palomino
Y contesta por lo menos, please
Dale un like, ¿okey?
Ando con una amiga que anda bellaquita
Jajajaja

Caliente cuando yo la toco (Ey)
Cremita de vainilla con coco
Quietecita como una foto (Foto)
Si le doy un beso, quiere otro
Y la miro y le brillan los ojo' (Ojo', ey)
Yo te quiero comer como antojo
Si no es contigo, pues, estoy solo

Uah, uah (Uah)
Tú va' a ser mía, tú verá'
Esa notita, sube, súbela (Ey)
Cuando la toco siento la humedad en su cuerpo
Uah, uah (Uah)
Tú va' a ser mía, tú verá'
Esa notita, sube, súbela (Ah)
Cuando la toco siento la humedad en su cuerpo"
99,Kapo,OHNANA,Colombia,latin,482PEx8hfMHSsuGtHd960A,499078,90,3,"Oh-na-na, oh-na-na
Ay, mami

Ey, aquí estoy yo (Aquí estoy yo)
Parqueado en el mismo lugar donde te conocí (Donde te conocí)
Todo lo que suena en la radio me recuerda a vos
Vos allá y yo acá
Y yo no sé si pueda, pero sigo

Sigo pensando en tu boca, me encierro en cuatro parede'
Una historia tan hermosa en estos tiempos no se ve
Y yo tan loco, tan loco, sigo pensando en tu baile
Mira la luna y siente que estoy al oído susurrando

Oh-na-na, oh-na-na, oh-na-na-eh
Oh-na-na, oh-na-na
Una historia tan hermosa en estе tiempo no se ve
Oh-na-na, oh-na-na, oh-na-na-еh
Oh-na-na, oh-na-na
Mira la luna y siente que estoy al oído susurrando

Ay, con una rosa la conquisté
Bailando dancehall me la llevé
Y sin brisa yo la mojé
Sin tocarla la desnudé
Mucho hermosa, bien lo sabe
Y to' los días le hago saber
Que me tiene loco con ese vaivén
Y sigo

Sigo pensando en tu boca, me encierro en cuatro parede'
Una historia tan hermosa en esto' tiempo' no se ve
Y yo tan loco, tan loco, siempre pensando en tu baile
Mira la luna y siente que estoy al oído susurrando

Oh-na-na, oh-na-na, oh-na-na-eh
Oh-na-na, oh-na-na
Una historia tan hermosa en estos tiempos no se ve
Oh-na-na, oh-na-na, oh-na-na-eh
Oh-na-na, oh-na-na
(Mira la luna y siente que estoy al oído susurrando)
Una historia tan hermosa en esto' tiempo' no se ve

(Oh-na-na, oh-na-na)
Yo, Gangsta
(Oh-na-na)
En estos tiempos no se ve
(Siente que estoy al oído susurrando)
(Oh-na-na, oh-na-na)
Una historia tan hermosa en esto' tiempo' no se ve
(Mira la luna y siente que estoy al oído susurrando)"
100,"Tony Dize, Yandel",Permítame,Colombia,latin,6OaGIYcVzx5c7aEKkuYS1M,499007,204,59,"Me preguntó como si no supiera nada (Oh, oh, oh; nada, nada)
Que cuál era mi nombre y temblaba (Oh, oh, oh)
Y yo le dije: ""Yandel"" (Oh, oh, oh)
Ella dijo: ""No puede ser
Para mí es un placer conocerte"" (Oh, oh, oh)
(Es un placer conocerte y ando con la melodía de la calle, Tony Dize)
Jajajajaja

Así se nos da
Y salimos a solas, permítame
Siente el ritmo, síguele excitándome
Yo te convenzo, matamos tiempo aquí, aquí, aquí (¡Suelta!)
Si se nos da (Oh, oh, oh)
Y salimos a solas, permítame (Oh, oh, oh)
Siente el ritmo, síguele excitándome (Ella lo sabe; oh, oh, oh)
Yo te convenzo, matamos tiempo aquí, aquí, aquí

Relájate, no ha pasado nada y los nervios ahora te hacen reír
Creo que cuando me hablas no te quieres despedir
No me conformaré con mirarte na' má'
Revélate pa' llevarte a lo íntimo ya

Si se nos da (Oh, oh, oh)
Y salimos a solas, permítame (Oh, oh, oh)
Siente el ritmo, síguele excitándome (Oh, oh, oh)
Yo te convenzo, matamos tiempo aquí, aquí, aquí (Oh, oh, oh)

(Esto es un proceso pero yo)
Te convenceré, te llevaré a un lugar donde no podrás escapar
A una esquina donde tengas que bailar
Tocar tu cuerpo no lo puedo evitar
Me quiere retar, lo acabo de detectar

Me preguntó como si no supiera nada (Nada, nada)
Que cuál era mi nombre y temblaba
Y yo le dije: ""Yandel""
Ella dijo: ""No puede ser
Para mí es un placer conocerte""
(Mi amor, disfruta el más mínimo momento)

Así se nos da
Y salimos a solas, permítame
Siente el ritmo, síguele excitándome
Yo te convenzo, matamos tiempo aquí, aquí, aquí

Jajajajaja (Oh, oh)
Sé que se les hace imposible hacer música como esta (Oh, oh)
De copiloto nada más y nada menos, Víctor ""El Nasi"" (Oh, oh)
Capitaneando la nave, Tainy  (Oh, oh)
El que a los dieciséis año' anda en Mercede', más na' te digo (Oh, oh)
MarioSo (Oh, oh)
""La melodía de la calle"", Tony Dize
Oye, las mentes de nosotros son superiores a las de ustedes"
1,Bad Bunny,DtMF,Global,latin,3sK8wGT43QFpWrvNQsrQya,39131995,61,1,"Eh, eh, eh, eh

Otro sunset bonito que veo en San Juan
Disfrutando de todas esas cosas que extrañan los que se van
Disfrutando de noche' de esas que ya no se dan
Que ya no se dan
Pero queriendo volver a la última vez
Que a los ojos te miré
Y contarte las cosas que no te conté (Te parece' a mi crush, jaja)
Y tirarte la' foto' que no te tiré (Acho, jura'o te ves bien linda, déjame tirarte una foto)
Ey, tengo el pecho pela'o, me dio una matá'
El corazón dándome patá'
Dime, baby, ¿dónde tú está'?
Pa' llegarle con RoRo, Julito, Krystal
Roig, Edgar, Seba, Óscar, Darnell y Big Jay, tocando batá
Hoy la calle la dejamo' 'esbaratá
Y sería cabrón que tú me toque' el güiro
Yo veo tu nombre y me salen suspiro'
No sé si son petardo' o si son tiro'
Mi blanquita, perico, mi kilo
Yo estoy en PR, tranquilo, pero

Debí tirar más fotos de cuando te tuve
Debí darte más beso' y abrazo' las vece' que pude
Ey, ojalá que los mío' nunca se muden
Y si hoy me emborracho, pues que me ayuden
Debí tirar más foto' de cuando te tuve
Debí darte más beso' y abrazo' las veces que pude
Ojalá que los mío' nunca se muden
Y si hoy me emborracho, pues que me ayuden

Ey, hoy voy a estar con abuelo to'l día, jugando dominó
Si me pregunta si aún pienso en ti, yo le digo que no
Que mi estadía cerquita de ti ya se terminó
Ya se terminó, ey
Que prendan la' máquina', voy pa' Santurce
Aquí todavía se da caña
Chequéate las babie', diablo, mami, qué dulce
Hoy yo quiero beber, beber, beber
Y hablar mierda hasta que me expulsen
'Toy bien loco ('Toy bien loco), 'toy bien loco ('Toy bien loco)
Cabrón, guía tú, que hasta caminando yo estoy que choco
'Toy bien loco ('Toy bien loco), 'toy bien loco ('Toy bien loco)
Vamo' a disfrutar, que nunca se sabe si nos queda poco
Debí tirar más f—

Gente, lo' quiero con cojone', los amo
Gracias por estar aquí, de verdad
Para mí e' bien importante que estén aquí
Cada uno de ustede' significa mucho para mí
Así que, vamo' pa' la foto, vengan pa'cá
Métase to'l mundo, to'l corillo, vamo'
Zumba

Ya Bernie tiene el nene y Jan la nena
Ya no estamo' pa' la movie' y las cadena'
'Tamos pa' las cosa' que valgan la pena
Ey, pa'l perreo, la salsa, la bomba y la plena
Chequéate la mía cómo es que suena

Debí tirar más fotos de cuando te tuve
Debí darte más besos y abrazo' las veces que pude
Ojalá que los mío' nunca se muden
Y que tú me envíe' más nude'
Y si hoy me emborracho, que Beno me ayude"
2,"PinkPantheress, Zara Larsson",Stateside + Zara Larsson,Global,latin,1DwscornXpj8fmOmYVlqZt,38913426,8,2,"(Ah-ah-ah)
I'm freezing outside, I feel my skin tight
My coat is inside, but I look up at you
I tracked your plane ride for when you're in tonight
Tell me, when is the next time I'll run into you?

It sounds insane, right?
I'll take the same flight
Wait at your bedside
I'll land right next to you
I'm going stateside
Where I'll see you tonight
Tell me, how did a girl like me get into you? (Into you)

Ah-ah-ah-ah-ah-ah-ah-ah
Ah-ah-ah-ah-ah-ah

You can be my American, ha, ha (Ha, ha)
Ha, ha, ha, ha (Mwah)

Is it right? I don't know
Yet you're taking my control
Never been abroad before
Now I'm knocking through your door
But you're nice, so I'll stay
Never met a British girl, you say?
No onе treats me this way
Are all boys out hеre the same?

What can I say? (Uh-huh) What can I do? (Uh-huh)
I'm tryna be the girl that you're talking to (You're talking to, baby)
And maybe you can be my American ha, ha boy (
Ah-ah-ah
)
You can be my American ha, ha boy (
Boy
)
Why can't you say that you want it too? (Too)
I'm flying intercontinental with you
And maybe you can be my American ha, ha boy (Boy)
You can be my American ha, ha

All those years I put in for the American Dream
Is it worth all the work if you can't be here with me? (Me)
'Cause I fly Stockholm to LA
Leave my feelings on the plane
Worries fade away (Fade away)
When I hit the stage
I've been touring stateside
Kissing my Swedish boy over FaceTime
Who knew opening up would make me a headline?
Boots, that's my ego boost
Schedule ain't been loose for a minute
Yeah, I'm that girl, I've been it, ah-ah, ah-ah, ah-ah, ah-ah, ah-ah, ah-ah, ah

Oh, oh-oh, ooh, woah-oh
Oh-oh-oh, ooh
Ooh-ooh-ooh, oh-ah
[Chorus: PinkPantheress, 
Zara Larsson
, 
Both
]
What can I say? (Uh-huh) What can I do? (Uh-huh)
I'm tryna be the girl that you're talking to (You're talking to, baby)
And maybe you can be my American ha, ha boy (Ah-ah-ah)
You can be my American ha, ha boy (Boy)
Why can't you say that you want it too? (Uh-huh)
I'm flying intercontinental with you
And maybe you can be my American ha, ha boy (Hey, boy)
You can be my American, ha, ha

Is it right? I don't know
But you're taking my control
Never been abroad before
Now I'm knocking through your door
But you're nice, so I'll stay
Never met a Swedish girl, you say?
No one treats me this way
Are all boys out here the same?"
3,Bruno Mars,Risk It All,Global,latin,5y2ijHECwFYWqcAHKTZgzD,36569896,1,3,"For just the chance to win your heart
You could set the bar beyond the stars
I'll do anything, anything you ask me to

Say you want the moon
Watch me learn to fly
Ain't no mountain you could point to
I wouldn't climb

It's crazy, but it's true
There's nothing I won't do
I'd risk it all for you

To hold your hand and call you mine
I'm tryna be your man 'til the end of time
Oh, I'll do anything, anything you ask me to

I would run through a fire
Just to be by your side
If your heart's on the line
You could take mine

It's crazy, but it's true
There's nothing I won't do
I'd risk it all for you

I would swim across the sea just to show you
Sacrifice my life just to hold you
I could go on and on
To prove that you belong here in my arms

Say you want the moon
Watch me learn to fly
Ain't no mountain you could point to
I wouldn't climb

It's crazy, but it's true
There's nothing I won't do
I'd risk it all for you
It's crazy, but it's true
There's nothing I won't do
I'd risk it all for you"
4,Djo,End of Beginning,Global,latin,3qhlB30KknSejmIvZZLjOD,31777044,107,1,"Just one more tear to cry, one teardrop from my eye
You better save it for
The middle of the night when things aren't black and white
Enter, Troubadour
""Remember twenty-four?""

And when I'm back in Chicago, I feel it
Another version of me, I was in it
I wave goodbye to the end of beginning

This song has started now, and you're just finding out
Now isn't that a laugh?
A major sacrifice, but clueless at the time
Enter, Caroline
""Just trust me, you'll be fine""

And when I'm back in Chicago, I feel it
Another version of me, I was in it
I wave goodbye to the end of beginning
(Goodbye, goodbye, goodbye, goodbye)

You take the man out of the city, not the city out the man
You take the man out of the city, not the city out the man
You take the man out of the city, not the city out the man
You take the man out of the—

And when I'm back in Chicago, I feel it
Another version of me, I was in it
Oh, I wave goodbye to the end of beginning
(Goodbye, goodbye)"
5,Olivia Dean,Man I Need,Global,latin,1qbmS6ep2hbBRaEZFpn7BX,31301570,28,3,"Talk to me, talk to me
Talk to me, talk to me
Hm

Looks like we're making up for lost time
Need you to spell it out for me
Bossa nova on all night
It's like a type of alchemy
Introduce me to your best friend
I can come and slot right in
A satellite ain't even that far
I, I kinda wonder where you are

Already know I can't leave it alone
You're on my mind, mm
Already gave you the time and the place
So, don't be shy
Just come be the man I need

Tell me you got something to give, I want it
I kinda like it when you call me ""Wonderful""
Whatever the type of talk it is, come on then
I gotta know you're meant to be the man I need
Talk to me, talk to me

Mm, talk to me, talk to me
Be the man that I need, baby
Talk to me, talk to me
Be the man that I need, need, need
Mm, talk to me, talk to me
Be the man that I need, baby
Talk to me, talk to me
Be the man, man, man, man, man

I'd like to think you feel the same way
But I can't tell with you sometimes
So, baby, let's get on the same page
Stop making me read between the lines

Already know I can't leave it alone
You're on my mind, mm
Already gave you the time and the place
So, don't be shy
Just come be the man I need

Tell me you got something to give, I want it
I kinda like it when you call me ""Wonderful""
Whatever the type of talk it is, come on then
I gotta know you're meant to be the man I need
Talk to me, talk to me
Talk to me, talk to me

Mm, talk to me, talk to me
Be the man that I need, baby (Be the man)
Talk to me, talk to me
Be the man that I need, need, need
Mm, talk to me, talk to me
Be the man that I need, baby (Be the man)
Talk to me, talk to me
Be the man, man, man, man, man

Mm
Mm-mm, mm-mm, mm
Mm-mm, mm
Mm-mm, mm-mm, mm-mm, mm-mm, mm"
6,Taylor Swift,The Fate of Ophelia,Global,latin,53iuhJlwXhSER5J2IYYv1W,29888205,22,1,"I heard you calling on the megaphone
You wanna see me all alone
As legend has it, you are quite the pyro
You light the match to watch it blow

And if you'd never come for me
I might've drowned in the melancholy
I swore my loyalty to me (Me), myself (Myself), and I (I)
Right before you lit my sky up

All that time
I sat alone in my tower
You were just honing your powers
Now I can see it all (See it all)
Late one night
You dug me out of my grave and
Saved my heart from the fate of
Ophelia (Ophеlia)

Keep it one hundred on the land (Land), thе sea (Sea), the sky
Pledge allegiance to your hands, your team, your vibes
Don't care where the hell you've been (Been) 'cause now (Now) you're mine
It's 'bout to be the sleepless night you've been dreaming of
The fate of Ophelia

The eldest daughter of a nobleman
Ophelia lived in fantasy
But love was a cold bed full of scorpions
The venom stole her sanity

And if you'd never come for me (Come for me)
I might've lingered in purgatory
You wrap around me like a chain (A chain), a crown (A crown), a vine (A vine)
Pulling me into the fire

All that time
I sat alone in my tower
You were just honing your powers
Now I can see it all (See it all)
Late one night
You dug me out of my grave and
Saved my heart from the fate of
Ophelia (Ophelia)

Keep it one hundred on the land (Land), the sea (The sea), the sky
Pledge allegiance to your hands, your team, your vibes
Don't care where the hell you've been (Been) 'cause now (Now) you're mine
It's 'bout to be the sleepless night you've been dreaming of
The fate of Ophelia

'Tis locked inside my memory
And only you possess the key
No longer drowning and deceived
All because you came for me
Locked inside my memory
And only you possess the key
No longer drowning and deceived
All because you came for me

All that time
I sat alone in my tower
You were just honing your powers
Now I can see it all (I can see it all)
Late one night
You dug me out of my grave and
Saved my heart from the fate of
Ophelia (Ophelia)

Keep it one hundred on the land (Land), the sea (The sea), the sky
Pledge allegiance to your hands (Your hands), your team, your vibes
Don't care where the hell you've been (You've been) 'cause now ('Cause now) you're mine
It's 'bout to be the sleepless night you've been dreaming of
The fate of Ophelia

You saved my heart from the fate of Ophelia"
7,Olivia Dean,So Easy (To Fall In Love),Global,latin,6sGIMrtIzQjdzNndVxe397,29678009,23,6,"I could be the twist, the one to make you stop
The icing on your cake, the cherry on the top
There's Heaven in my heart, and we could find you some space, mm
I could be the world to you, the missing piece
The extra sentimental kind of chemistry
Some people make it hard, with me, that isn't the case

'Cause I make it so easy to fall in love
So, come give me a call, and we'll fall into us
I'm the perfect mix of Saturday night and the rest of your life
Anyone with a heart would agree
It's so easy
To fall in love with

The way I do my hair, the way I make you laugh
The way we like to share a walk in Central Park
I could be fresh air, might be the girl of your dreams (Dreams, dreams, dreams)
There's no need to hide if you're into me
'Cause I'm into you quite intimately
And maybe one night could turn into three
Well, I'm down to see

'Cause I make it so easy to fall in love
So, come give me a call, and we'll fall into us
I'm the perfect mix of Saturday night and the rest of your life
Anyone with a heart would agree
It's so easy
To fall in love with me

(Me, me)
Me (Me, me)
Me (Me, me)
Me (Me, me)
It's so easy (Me, me)
It's so easy (Me, me)
It's so easy (Me, me)
Yeah (Me, me)

So easy to fall in love
So, come give me a call, and we'll fall into us
I'm the perfect mix of Saturday night and the rest of your life
Anyone with a heart would agree
It's so easy
To fall in love with me"
8,Bad Bunny,BAILE INoLVIDABLE,Global,latin,2lTm559tuIvatlT1u0JYG2,29165614,61,2,"Pensaba que contigo iba a envejecer
En otra vida, en otro mundo podrá ser
En esta solo queda irme un día
Y solamente verte en el atardecer
Si me ven solo y triste, no me hablen
Si me ven solo y triste, soy culpable
La vida es una fiesta que un día termina
Y fuiste tú mi baile inolvidable
Y fuiste tú mi baile inolvidable
Eh-eh, eh-eh
Eh-eh, eh-eh

Mientras uno está vivo
Uno debe amar lo más que pueda

Pensaba que contigo iba a envejecer
En otra vida, en otro mundo podrá ser
En esta solo queda irme un día
Y ver pa'l cielo a ver si te veo caer
Si me ven solo y triste, no me hablen
Si me ven solo y triste, soy culpable
La vida es una fiesta que un día termina
Y fuiste tú mi baile inolvidable

No, no te puedo olvidar
No, no te puedo borrar
Tú me enseñaste a querer
Me enseñaste a bailar
No, no te puedo olvidar
No, no te puedo borrar
Tú me enseñaste a querer
Me enseñaste a bailar

Yeah-yeah-yeah-yeah, ey
Dime cómo le hago pa' olvidarte
Hay un paso nuevo que quiero enseñarte
En las noche' ya ni puedo dormir
Lo que hago es soñarte

No, no te puedo olvidar
No, no te puedo borrar
Tú me enseñaste a querer
Me enseñaste a bailar

Cómo tú me besabas, cómo yo te lo hacía
Cómo tú me mirabas, bellaquito me ponía
Se siente feo no tenerte cerquita
La nueva mama bien, pero no es tu boquita
Mi diabla, mi ángel, mi loquita
Mi diabla, mi ángel, mi loquita, ey

Esto suena cabrón
Vamo' a hacerlo otra ve'
Como anoche, como anoche
Tan, tan, ta-na-na, ta-na-na
Aprieta, chamaquito, aprieta
¡Ahí, ahí, ahí, vamo' allá!

No, no te puedo olvidar
No, no te puedo borrar
Tú me enseñaste a querer
Me enseñaste a bailar

Ay, yo con cualquiera me puedo acostar
Pero no con cualquiera quiero despertar
Solo con usted, con usted
Yo bailo con usted, na' más con usted
Un beso donde estés, donde estés, bebé

No, no te puedo olvidar
No, no te puedo borrar
Tú me enseñaste a querer
Me enseñaste a bailar

Y yo he tenido muchas novia'
Pero como tú, ninguna
Ya no tengo mi sol, me paso en la luna
Si te pienso, me tiro de una
Eh-eh, mi diabla, mi ángel, mi loquita
Mi diabla, mi ángel, mi loquita, eh-eh"
9,Bruno Mars,I Just Might,Global,latin,6f68Ac5tt5BQOpwr0BV9oN,28933106,8,3,"One, two, three, four
Doo-doo, doo-doo, doo-doo, doo-doo-doo
Doo-doo, doo-doo, doo-doo, doo-doo-doo

You stepped inside with a vibe I ain't never seen
Yes, you did, ooh
So girl, if you talk like you walk, come and talk to me
But look here

It would break my heart, break my heart, break my heart
If I find out you can't move
You better show me now, show me now, show me now
'Cause when I take you to the floor, ooh, you gotta get down
You know what to do

Hey, Mr. DJ (Oh, oh, oh)
Play a song for this pretty little lady (Oh, oh, oh)
'Cause if she dance as good as she look right now (Oh, oh, oh)
I just might, I just might make her my baby
I just might make her my baby, hey

Doo-doo, doo-doo, doo-doo, doo-doo-doo
I just might
Doo-doo, doo-doo, doo-doo, doo-doo-doo
Oh, I just might

But first, may I just say that your facе got me so intrigued?
I'm so intrigued
But what good is bеauty if your booty can't find the beat?
I don't wanna know, girl
So please don't do that to me

'Cause it would break my heart, break my heart, break my heart
If I find out you can't move
You better show me now, show me now, show me now
'Cause when I take you to the floor, ooh, you gotta get down
You know what to do

Hey, Mr. DJ (Oh, oh, oh)
Play a song for this pretty little lady (Oh, oh, oh)
'Cause if she dance as good as she look right now (Oh, oh, oh)
I just might, I just might make her my baby
I just might make her my baby, hey

Woah, woah, woah, woah, woah
Woah, woah, woah, woah, woah
This the part where you break it all the way down, down, down, down
This the part where I turn you all the way around, 'round, 'round, 'round
Put some spirit in it, put your heart into it
That's all I need
And if I like what I see, you're comin' home with me

Hey, Mr. DJ (Oh, oh, oh)
Play a song for this pretty little lady (Oh, oh, oh)
'Cause if she dance as good as she look right now (Oh, oh, oh)
I just might, I just might make her my baby
I just might make her my baby
Hey, Mr. DJ (Oh, oh, oh)
Play a song for this pretty little lady (Oh, oh, oh)
'Cause if she dance as good as she look right now (Oh, oh, oh)
I just might, I just might make her my baby
I just might make her my baby, hey

Doo-doo, doo-doo, doo-doo, doo-doo-doo
I just might
Doo-doo, doo-doo, doo-doo, doo-doo-doo
Oh, I just might"
10,Bad Bunny,NUEVAYoL,Global,latin,5TFD2bmFKGhoCRbX61nXY5,28499978,61,3,"¡
Nueva
 Yol
!

Si te quieres divertir
Con encanto y con primor
Solo tienes que vivir (
¿Pa' dónde?
)
Un verano en Nueva York (
¡Nueva York!
)
Si te quieres divertir
Con encanto y con primor (
¿Pero qué es esto?
)
Solo tienes que vivir (
¿Y este frío?
)
Un verano en Nueva York (
Un ratito na' má'
)

Ey, ey, ey, 4 de julio, 4th de July
Ando con mi primo, borracho, rulay
Los mío' en El Bronx saben la que hay
Con la nota en high por Washington Heights
Willie Colón, me dicen ""еl malo"", ey
Porque pasan los año' y sigo dando palo'
Vendiеndo disco' como cuadro' 'e Frida Kahlo
El perico es blanco, sí, sí, el tusi rosita, eh, eh
No te confunda', no, no, mejor evita, ey (Ey)
Un shot de cañita en casa de Toñita y PR se siente cerquita
Sí, sí, sí, tengo el campeonato, nadie me lo quita

The best in the world
Number one, the best in the world, ¿okey? ¡Puerto Rico!

¿Cómo Bad Bunny va a ser rey del pop, ey
Con reggaetón y dembow? Ey
Con reggaetón y dembow, sí
Con reggaetón y dembow
¿Cómo Bad Bunny va a ser rey del pop, ey
Con reggaetón y dembow?
Me siento como el Lapiz en ""Capea El Dough""
Cuando yo nací, fue que nació el flow
De la'o a la'o, ping-pong
Un flow pesa'o, Big Pun
Con silenciador les robamo' las gata', James Bond, ey
Yo estoy en la mía, no tengo adversario, no
Con Los Yankee' y Los Met', Juan Soto
A correr, que otra ve' la sacamo' 'el estadio (Ey)

Si te quieres divertir
Con encanto y con primor
Solo tienes que vivir (
Ya mismo nos vamo'
)
Un verano en Nueva— (
Un ratito má', un ratito
)

Shh, cuida'o, que nadie nos escuche
Shh, cuida'o, que nadie nos escuche
Shh, cuida'o, que nadie nos escuche
Shh, cuida—

Tú tiene' piquete, mami, yo también
Tú estás buena, yo estoy bueno también
Huelo rico y ando con los de cien
Si tú lo quiere', lo tiene' que mover
Tú tiene' piquete, mami, yo también
Tú estás buena, yo estoy bueno también
Huelo rico y ando con los de cien
Si tú lo quiere', lo tiene' que mover

Lo tiene' que move'-ve'-ve'-ve'-ve'-ve'-ve'-ve'-ve'-ve'-ve'-ve'
Lo tiene' que move'-ve'-ve'-ve'-ve'-ve'-ve'-ve'-ve'-ve'-ve'-ve'
Lo tiene' que move'-ve'-ve'-ve'-ve'-ve'-ve'-ve'-ve'-ve'-ve'-ve'
Lo tiene' que move'-ve'-ve'-ve'-ve'-ve'-ve'-ve'-ve'-ve'-ve'-ve'-ve'-ve'-ve'-ve'
Shh"
11,sombr,back to friends,Global,latin,7qjZnBKE73H4Oxkopwulqe,27034485,50,1,"Touch my body tender
'Cause the feeling makes me weak
Kicking off the covers
I see the ceiling while you're looking down at me

How can we go back to being friends
When we just shared a bed?
How can you look at me and pretend
I'm someone you've never met?

It was last December
You were layin' on my chest
I still remember
I was scared to take a breath
Didn't want you to movе your head

How can we go back to being friеnds
When we just shared a bed? (Yeah)
How can you look at me and pretend
I'm someone you've never met?

The devil in your eyes
Won't deny the lies you've sold
I'm holding on too tight
While you let go
This is casual

How can we go back to being friends
When we just shared a bed? (Yeah)
How can you look at me and pretend
I'm someone you've never met?
How can we go back to being friends
When we just shared a bed? (Yeah)
How can you look at me and pretend
I'm someone you've never met?

I'm someone you've never met (Yeah)"
12,Dominic Fike,Babydoll,Global,latin,7yNf9YjeO5JXUE3JEBgnYc,26488917,16,12,"And I can't move on, babydoll
Waitin' on calls, flippin' through stations
I'm outclassed and it's outrageous (Ooh)
And I'll take it all, babydoll
Whatever's been weighin' you down (Eeh)

Find me on Miami concrete
Lookin' for somebody different 'cause my daddy was a pimp (Ooh, ooh, ooh)
My mama had her issues but I miss her anyway
Oh, babydoll (Ooh, ooh-ooh)
Please don't call me for the wrong reasons
We both know exactly what I'm thinkin'
Weeks pass and I never grow tired
'Cause I never said never and I barely ever lie
I'm on the road to an original place in outer space
I didn't make it up, but you can't find it on a phone or a globe
And I can take you with me if you really wanna go
Oh, babydoll, I can't move on

And I can't move on, babydoll
Waitin' on calls, flippin' through stations
I'm outclassed and it's outrageous (Ooh)
And I'll take it all, babydoll
Whatever's been weighin' you down"
13,RAYE,WHERE IS MY HUSBAND!,Global,latin,55lijDD6OAjLFFUHU9tcDm,25025673,24,6,"Baby (Woo-hoo), where the hell is my husband? (Woo-hoo)
What is takin' him so long to find me? (Woo-hoo)
Oh, baby, where the hell is my lover?
Getting down with another? (Woo-hoo, yeah)
Tell him if you see him, baby (Baby), if you see him, tell him (Tell him)
He should holler

Why is this beautiful man waiting for me to get old?
Why he already testing my patience?
I only fear he taking time with other women that ain't me
While I've been reviewin' applications
Wait till I get my hands on him, I'ma tell him off too
For how long he kept me waitin', anticipatin'
Prayin' to the Lord to givе him to my lovin' arms
And despite my frustrations

And he must need mе (He must need me)
Completely (Completely)
How my heart yearns for him
Is he far away? (Is he far away?)
Is he okay? (Is he okay?)
This man is testing me, uh-huh, uh-huh, uh
Help me, help me, help me, Lord
I need you to tell me

Baby (Woo-hoo), where the hell is my husband? (Woo-hoo)
What is taking him so long to find me? (Woo-hoo)
Oh, baby, where the hell is my lover?
Getting down with another? (Woo-hoo, yeah)
Tell him if you see him, baby (Baby), if you see him, tell him (Tell him)
He should holler

I'm doing lonely acrobatics, unzipping my dress at 2 a.m. ​
And I'm tired of living like this
He must be out there getting ready, tryna fix up his tie
Uh, huh-huh, uh, hello? This where your wife is
Wait till I get your heart goin', I'ma turn it up too
For how much I'm 'bout to love ya, no one above ya
Prayin' to the Lord to hurry, hurry you along
Baby, I intend to rush ya

And he must need me (He must need me)
Completely (Completely)
How my heart yearns for him
Is he far away? (Is he far away?)
Is he okay? (Is he okay?)
This man is testing me, uh-huh, uh-huh, uh (Help me)
Help me, help me, help me, Lord
I need you to tell me

Baby (Woo-hoo), where the hell is my husband? (Woo-hoo)
What is taking him so long to find me? (Woo-hoo)
Oh, baby, where the hell is my lover?
Getting down with another? (Woo-hoo, yeah)
Tell him if you see him, baby (Baby), if you see him, tell him (Tell him)
He should holler

Tuh, tuh, tuh, tuh
Tell him I'm mm, tell him I'm mm with the mm-mm-mm
Tell him I'm kind, tell him I'm 5'5""
Tell him I've got brown eyes and a growing fear
That if he doesn't find me now
I'm gonna die alone, so can he
Uh, uh, uh, uh, uh (Hurry up here, sir)
Uh-uh, uh-uh-uh, uh-huh, uh-huh, uh-huh
I want it, want it, want it, want it, want it
I would like a ring, I would like a ring
I would like a diamond ring on my wedding finger
I would like a big and shiny diamond that I can wave around
And talk, and talk about it
And when the day is here, forgive me God, that I could ever doubt it
Until death, I do, I do, I do, I
Is he about it, 'bout it, 'bout it?

This man is testing me, uh-huh, uh-huh, uh
Help me, help me, help me, Lord
I need you to tell me

Baby (Woo-hoo), where the hell is my husband? (Woo-hoo)
What is taking him so long to find me? (Woo-hoo)
Oh, baby, where the hell is my lover?
Getting down with another? (Woo-hoo, yeah)
Tell him that my grandma said it, tell him grandma said it
""Your husband is 
coming""

I would like a ring, I would like a ring
I would like a diamond ring on my wedding finger
I would like a big and shiny (Woo)
Diamond (Yes), diamond (Yes), diamond (Yes), diamond (Yes), diamond (Yes), oh (Oh)
Where is my husband? (Ah)"
14,"Dave, Tems",Raindance (feat. Tems),Global,latin,3oTuTpF1F3A7rEC6RKsMRz,24542605,14,11,"Vamos começar a festa
Te vi no bar, você quase não falava
Foi aí que eu soube que seu coração tava marcado
De amigos pra amantes, precisando de um papel pra estrelar, tipo “Espera, amor”
Deixa eu pedir desculpa
Isso não é Gucci, isso é Prada, querida
Se você quiser alguma coisa, pode me pedir, querida
Aí você começou a rir achando que eu tava brincando
Mas olhar nos seus olhos é a melhor coisa
As luzes de freio tão deixando sua pele avermelhada
Você já tava de mau humor desde que a gente entrou
Mesmo tendo desistido antes da gente se acomodar
No telefone você vai desabafar com a sua melhor amiga
A mesma que me deu sermão, mas eu não vou me estressar com isso, amor
Vou deixar você se acertar com seu garoto, te despir
E deixa eu te contar por que eu vou te abençoar

É o jeito que a minha mente vai se perdendo
No meu coração, eu sei
Você sente o mesmo quando está comigo
Você sabe que eu sou tudo o que você precisa
É com você que eu quero estar
Meu amor, você não vê?

Eu te amo
Eu te amo
Eu te amo
Eu te amo
Eu te amo

Caí em você
Diz que me quer no clima certo
Estou tentando esconder o que eu sinto por você
Não quero brigar, não com você
Me diz por que você está tão na negação
Me abraça forte, não me diz boa noite
Você topa ir comigo?
Me diz quando estiver pronto, eu estou pronta (Yeah)

A gente pode discutir ou pode ficar íntimo
No banho quando você canta
É melhor que a Beyoncé, eu gosto do som da noiva
Sabe, tem até um anel nisso
E quando eu penso bem
Crescendo, eu nunca vi casamentos
Sem festas, sem cavalos, sem carruagens
Eu quero fazer diferente e mudar a história
Deus sabe que você é uma criança selvagem, linda, eu preciso da sua ajuda
Parecendo que você saiu dos anos 90 sozinha
Minha mãe tem 61 anos e a frase favorita dela pra mim é
Às vezes ela queria ter tido uma filha (Filha)
Quero te levar de volta no tempo, numa viagem
Você tomou aquele vinho branco que eu nunca consegui provar
E o jantar não foi estragado porque você nunca teve que escolher
Eu sei que todo mundo me disse que eu sou doente, porque

É o jeito que a minha mente vai se perdendo
No meu coração, eu sei
Você sente o mesmo quando está comigo
Você sabe que eu sou tudo o que você precisa
É com você que eu quero estar
Meu amor, você não vê?

(Eu te amo) Eu e você, nunca me deixa ir
(Eu te amo) Eu e você, vou te dizer duas vezes
Eu e você, nunca me deixa ir
(Eu te amo) Eu e você, vou te dizer duas vezes
Somos eu e você, nunca me deixa ir
(Eu te amo) Eu e você, vou te dizer duas vezes
Eu e você, nunca me deixa ir
Eu e você, vou te dizer duas vezes

Eu disse, entra no clima, vai no balanço (Você é o único que eu quero)
Seu dedo, eu posso colocar um diamante nele (Você é o único, meu amor)
Seu dedo, eu posso colocar um diamante nele (Você é o único que eu quero)
O banco até pode travar isso (Você é o único, meu amor)
Eu disse, vai no balanço, pula junto (Você é o único que eu quero)
No seu pulso esquerdo, eu posso colocar minha casa inteira (Você é o único, meu amor)
Quer apostar, amor? Eu coloco minha casa nisso (Você é o único que eu quero)
Amor, eu coloco minha esposa nisso (Você é o único, meu amor)

Eu disse shimmy-shimmy, yay, shimmy, shimmy-shimmy, yah
Um e setenta e cinco, olhos castanhos, e ela tá dentro, dentro
Shimmy-shimmy, yay, shimmy, shimmy-shimmy, yah
Um e setenta e cinco, olhos castanhos, né, né
Shimmy-shimmy, yay, shimmy, shimmy-shimmy, yah
Um e setenta e cinco, olhos castanhos, e ela tá den—
Shimmy-shimmy, yay, shimmy, shimmy-shimmy, yah
Um e setenta e cinco, olhos castanhos"
15,Bad Bunny,Tití Me Preguntó,Global,latin,1IHWl5LamUGEuP4ozKQSXZ,24477910,66,4,"Ey

Tití me preguntó si tengo mucha' novia', mucha' novia'
Hoy tengo a una, mañana otra, ey, pero no hay boda
Tití me preguntó si tengo mucha' novia', je, mucha' novia'
Hoy tengo a una, mañana otra

Me la' vo'a llevar a to'a pa' un VIP, un VIP, ey
Saluden a Tití
Vamo' a tirarno' un selfie, say ""cheese"", ey
Que sonrían las que ya les metí
En un VIP,  un VIP, ey
Saluden a Tití
Vamo' a tirarno' un selfie, say ""cheese""
Que sonrían las que ya se olvidaron de mí

Me gustan mucho las Gabriela
Las Patricia, las Nicole, las Sofía
Mi primera novia en kinder, María
Y mi primer amor se llamaba Thalía
Tengo una colombiana que mе escribe to' los día'
Y una mexicana quе ni yo sabía
Otra en San Antonio que me quiere todavía
Y las de PR que todita' son mía'
Una dominicana que es uva bombón
Uva, uva bombón
La de Barcelona que vino en avión
Y dice que mi bicho está cabrón
Yo dejo que jueguen con mi corazón
Quisiera mudarme con toda' pa' una mansión
El día que me case te envío la invitación
Muchacho, deja eso, ey

Tití me preguntó si tengo mucha' novia', mucha' novia'
Hoy tengo una, mañana otra, ey, pero no hay boda
Tití me preguntó si tengo mucha' novia', ey, ey, mucha' novia'
Hoy tengo una, mañana otra (Mañana otra; ¡rra!)

Tití me preguntó-tó-tó-tó-tó-tó-tó-tó
Tití me preguntó-tó-tó-tó-tó-tó-tó-tó (Qué pámpara)
Tití me preguntó-tó-tó-tó-tó-tó-tó-tó
Tití me preguntó-tó-tó-tó-tó (Pero ven acá, muchacho, ¿y para qué tú quiere' tanta' novia'?)

Me la' vo'a llevar a to'a pa' un VIP, un VIP, ey
Saluden a Tití
Vamo' a tirarno' un selfie, say ""cheese"", ey
Que sonrían las que ya les metí
En un VIP,  un VIP, ey
Saluden a Tití
Vamo' a tirarno' un selfie, say ""cheese""
Que sonrían las que ya se olvidaron de mí

Oye, muchacho 'el diablo azaroso
Suelta ese mal vivir que tú tiene' en la calle
Búscate una mujer seria pa' ti
Chacho 'el diablo, coño

Yo quisiera enamorarme
Pero no puedo, pero no puedo, eh, eh
Yo quisiera enamorarme
Pero no puedo, pero no puedo

Sorry, yo no confío, yo no confío
Nah, ni en mí mismo confío
Si quiere' quedarte hoy que hace frío
Y mañana te va', nah
Muchas quieren mi baby gravy
Quieren tener mi primogénito, ey
Y llevarse el crédito
Ya me aburrí, hoy quiero un totito inédito, je
Uno nuevo, uno nuevo, uno nuevo, uno nuevo (Ey)
Hazle caso a tu amiga, ella tiene razón
Yo vo'a romperte el corazón, vo'a romperte el corazón
Ey, no te enamore' de mí (No, no)
No te enamore' de mí (No, no), ey
Sorry, yo soy así (Así, así), ey
No sé por qué soy así (Ey)
Hazle caso a tu amiga, ella tiene razón
Yo vo'a romperte el corazón, vo'a romperte el corazón (Ey, ey)
No te enamore' de mí (No)
No te enamore' de mí (No), no
Sorry, yo soy así
Ya no quiero ser así, no"
16,Zara Larsson,Lush Life,Global,latin,1rIKgCH4H52lrvDcz50hS8,23649072,28,7,"I live my day as if it was the last
Live my day as if there was no past
Doin' it all night, all summer
Doin' it the way I wanna
Yeah, I'ma dance my heart out 'til the dawn
But I won't be done when morning comes
Doin' it all night, all summer
Gonna spend it like no other

It was a crush
But I couldn't, couldn't get enough
It was a rush
But I gave it up
It was a crush
Now, I might've went and said too much
But that's all it was
So I gave it up

I live my day as if it was the last
Live my day as if there was no past
Doin' it all night, all summer
Doin' it the way I wanna
Yeah, I'ma dance my heart out 'til the dawn
But I won't be done when morning comes
Doin' it all night, all summer
Gonna spend it like no other

It was a crush
I kept sayin', ""I'ma stay in touch""
But that thing went bust
So I gave it up, ooh
No tricks, no bluff
I'm just better off without them cuffs
Yeah, the sun won't set on us
Ooh-ooh-ooh, yeah-yeah

Went low, went high
Still waters run dry
Gotta get back in the groove
I ain't ever worried
Went low, went high
What matters is now
Gettin' right back in the mood

I live my day as if it was the last
Live my day as if there was no past
Doin' it all night, all summer
Doin' it the way I wanna
Yeah, I'ma dance my heart out 'til the dawn
But I won't be done when morning comes
Doin' it all night, all summer
Gonna spend it like no other

Now I've found another crush
The lush life givin' me a rush
Had one chance to make me blush
Second time is one too late
Now I've found another crush
The lush life givin' me a rush
Had one chance to make me blush
Second time is one too late

Ooh, ooh-woah
Ooh, ooh-woah

I live my day as if it was the last
Live my day as if there was no past
Doin' it all night, all summer
Doin' it the way I wanna
Yeah, I'ma dance my heart out 'til the dawn
But I won't be done when morning comes
Doin' it all night, all summer
Gonna spend it like no other

Now I've found another crush
The lush life givin' me a rush
Had one chance to make me blush
Second time is one too late
Now I've found another crush
The lush life's givin' me a rush
Had one chance to make me blush
Second time is one too late"
17,Alex Warren,Ordinary,Global,latin,2RkZ5LkEzeHGRsmDqKwmaJ,23230306,56,1,"They say, ""The holy water's watered down
And this town's lost its faith
Our colors will fade eventually""
So, if our time is runnin' out
Day after day
We'll make the mundane our masterpiece

Oh, my, my
Oh, my, my love
I take one look at you

You're takin' me out of the ordinary
I want you layin' me down 'til we're dead and buried
On the edge of your knife, stayin' drunk on your vine
The angels up in the clouds are jealous knowin' we found
Somethin' so out of the ordinary
You got me kissin' thе ground of your sanctuary
Shatter me with your touch, oh, Lord, return mе to dust
The angels up in the clouds are jealous knowin' we found

Hopeless hallelujah
On this side of Heaven's gate
Oh, my life, how do ya
Breathe and take my breath away?
At your altar, I will pray
You're the sculptor, I'm the clay

Oh, my, my

You're takin' me out of the ordinary
I want you layin' me down 'til we're dead and buried
On the edge of your knife, stayin' drunk on your vine
The angels up in the clouds are jealous knowin' we found
Somethin' so out (Out) of the ordinary (Ordinary)
You got me kissing the ground (Ground) of your sanctuary (Sanctuary)
Shatter me with your touch, oh, Lord, return me to dust
The angels up in the clouds are jealous knowin' we found

Somethin' so heavenly, higher than ecstasy
Whenever you're next to me, oh, my, my
World was in black and white until I saw your light
I thought you had to die to find

Somethin' so out of the ordinary
I want you laying me down 'til we're dead and buried
On the edge of your knife, stayin' drunk on your vine
The angels up in the clouds are jealous knowin' we found
Somethin' so out (Out) of the ordinary
You got me kissing the ground (Ground) of your sanctuary (Sanctuary)
Shatter me with your touch, oh, Lord, return me to dust
The angels up in the clouds are jealous knowin' we found"
18,"HUNTR/X, EJAE, AUDREY NUNA, REI AMI, KPop Demon Hunters Cast",Golden,Global,latin,1CPZ5BxNNd0n0nF4Orb9JS,22704416,37,1,"[Verse: Rumi, 
Zoey
, 
Mira
, 
All
]
I was a ghost, I was alone
어
두워진 
앞
길속에 (
Ah
)
Given the throne, I didn't know 
how
 to believe (
Hah
)
I was the queen that I'm meant to be (
Ah
)
I lived two lives, tried to play both sides (
Oh
)
But I couldn't find my own place
 (
Oh
)
Called a problem child 'cause I got too wild
But now that's how I'm getting paid, 끝없이 on stage

I'm done hidin', now I'm shinin'
Like I'm born to be
We dreamin' hard, we came so far
Now I believe
[Chorus: All, 
Rumi
]
We're goin' up, up, up, it's our moment
You know together we're glowin', gonna be, gonna be golden
Oh, up, up, up with our voices
영원히 깨질 수 없는 gonna be, gonna be golden
Oh, I'm done hidin', now I'm shinin'
Like I'm born to be
Oh, our time, no fears, no lies
That's who we're born to be

Waited so long to break these walls down
To wake up and feel like me
Put these patterns all in the past now
And finally live like the girl they all see

No more hiding, I'll be shining
Like I'm born to be
'Cause we are hunters, voices strong
And I know I believe
[Chorus: All, 
Rumi
]
We're goin' up, up, up, it's our moment
You know together we're glowing, gonna be, gonna be golden
Oh, up, up, up with our voices
영원히 깨질 수 없는 gonna be, gonna be golden
Oh, I'm done hidin', now I'm shining
Like I'm born to be
Oh, our time, no fears, no lies
That's who we're born to be
[Outro: Rumi, 
All
]
You know we're gonna be, gonna be golden, we're gonna be, gonna be (
Oh
)
Born to be, born to be glowin', 밝게 빛나는 우리
You know that it's our time, no fears, no lies (Oh)
That's who we're born to be"
19,Bad Bunny,EoO,Global,latin,6J5kc12BW5HuP3d7C3vvx8,22635430,61,4,"Ella viene por ahí y nunca llega sola, so-so-so-so—
Ella nunca llega sola
To' los bandi-bandido' le sueltan las pistola', pa-pa-pa-pa—
Esta es noche lo que hay-hay-hay-hay-hay (Dice)

Perreo, baby (
Sobeteo, baby
)
Tra-tra, baby (
Hasta abajo, baby
)
En la disco, baby (
Yo te cojo, baby
)
Tra-tra, baby (
Tra-tra, baby
)
Perreo, baby (
Sobeteo, baby
)
Tra-tra, baby (
Hasta abajo, baby
)
En la disco, baby (
Yo te cojo, baby
)
Ey (
Tra-tra, baby
), ey (
Tra-tra, baby
)

Yo se la mamo y se pone contenta
Está wheeleá' y ya cumplió los 30
Después de las 12 no los cuenta
No la llame' en el jangueo si no quiere' que mienta
'Tás escuchando al número uno en venta'
Por eso con nosotro' nadiе inventa
Me siento como un bichotе en los 90
Lo tengo para'o, ven pa' que lo sienta'
Dale, mami, pégate (¡Ah!), vírate
Si me mira' mucho, sabe' que voy a besarte
Dale, mami, pégate (¡Ah!), vírate
Si te beso y me lo agarra', entonce' vo'a llevarte

Mira, puñeta, no me quiten el pe-pe-pe-pe-pe-pe-pe—

Mami, yo sé que tú te vuelve' loca cuando el perreo te azota
Pero obliga'o tú te acuerda' de mí si me ve' por ahí
Mami, yo sé que tú te vuelve' loca cuando el perreo te azota
Pero obliga'o tú te acuerda' de mí, de cuando te di

Perreo, baby, tra-tra, baby
En la disco, baby, vamo' a darle, baby
Hasta abajo, baby, no te quite', baby
Bellaqueo, baby, tú y yo solos, baby
Perreo, baby, tra-tra, baby
En la disco, baby, te lo meto, baby
Aquí mismo, baby, delante de tu baby
Te compro la BM y también el AP

Ey, te doy de'o bailando, mami, estoy testing (Dale), ey
Tráete a tu bestie (Uh), que a la do' le bajamo' el panty (Tra)
Tiene a 20 en lista 'e waiting (Dale)
Te lo tiro en la espalda, body painting (
¡Oh!
)
Rompiendo la calle desde los twenty
Anda cazando, no está dating
Rompe la calle siempre que sale
Mami, tú 'tá fit, vo'a lamberte lo' abdominale'
Rompe la calle siempre que sale
Me gusta' porque tú y yo somo' iguale'
Siempre queremo' perreo, -eo
Tú y yo 'tamo envuelto' en el bellaqueo
Cuando nos ponen perreo, -eo, ey
No me ronquen, cabrone', que acá no lo' veo

'Tás escuchando música de Puerto Rico, cabrón
Nosotro' nos criamo' escuchando y cantando esto
En los caserío', en los barrio'
Desde los 90 hasta el 2000 por siempre
Y ando con el mejor de to' los tiempo, Tainy
Y yo no tengo que roncar, ustedes saben ya
Yeah-yeah-yeah-yeah, yeah-yeah-yeah-yeah
Bad Bunny, baby, Bad Bunny, baby, eh
Tainy, Tainy, Tainy, Tainy
Chequéate la historia"
20,"Lady Gaga, Bruno Mars",Die With A Smile,Global,latin,7so0lgd0zP2Sbgs2d7a1SZ,20370215,81,1,"(Ooh, ooh)

I, I just woke up from a dream
Where you and I had to say goodbye
And I don't know what it all means
But since I survived, I realized

Wherever you go, that's where I'll follow
Nobody's promised tomorrow
So I'ma love you every night like it's the last night
Like it's the last night

If the world was ending
I'd wanna be next to you
If the party was over
And our time on Earth was through
I'd wanna hold you just for a while
And die with a smile
If the world was ending
I'd wanna be next to you

(Ooh, ooh)

Ooh, lost, lost in the words that we scream
I don't even wanna do this anymore
'Cause you already know what you mean to me
And our love's the only war worth fighting for

Wherever you go, that's where I'll follow
Nobody's promised tomorrow
So I'ma love you every night like it's the last night
Like it's the last night

If the world was ending
I'd wanna be next to you
If the party was over
And our time on Earth was through
I'd wanna hold you just for a while
And die with a smile
If the world was ending
I'd wanna be next to you

Right next to you
Next to you
Right next to you
Oh-oh

If the world was ending
I'd wanna be next to you
If the party was over
And our time on Earth was through
I'd wanna hold you just for a while
And die with a smile
If the world was ending
I'd wanna be next to youIf the world was ending
I'd wanna be next to you

(Ooh, ooh)
I'd wanna be next to you"
21,Alex Warren,FEVER DREAM,Global,latin,7ogpGbKc4Io6NCU6ydxXwZ,20313162,1,21,"How did you know
I was hoping for a sign?
My heart was so
Close to closing time

Somethin' 'bout you hit me like a freight train to the chest, uh-huh
The day we met, uh-huh
My loneliness

Left the room the second that you walked in, somethin' like a fever dream
Haven't slept in weeks, I think I'm seeing things
Like our shadows dancing us out of our clothes
I'll be damned if you love me, damned if you don't

Maybe it's fate, maybe it's late
Told you I ain't no liar
Watching you leave's haunting my dreams

Baby, it hit me like a frеight train to the chest, uh-huh
The day wе met, uh-huh
My loneliness

Left the room the second that you walked in, somethin' like a fever dream
Haven't slept in weeks, I think I'm seeing things
Like our shadows dancing us out of our clothes
I'll be damned if you love me, damned if you don't

One foot on the edge, uh-huh
That silhouette, uh-huh
I can't forget
Somethin' 'bout you hit me like a freight train to the chest, uh-huh
The day we met, uh-huh
My loneliness

Left the room the second that you walked in, somethin' like a fever dream
Haven't slept in weeks, I think I'm seeing things (Seeing things)
Like our shadows dancing us out of our clothes
I'll be damned if you love me, damned if you don't

Oh, if you don't"
22,SIENNA SPIRO,Die On This Hill,Global,latin,2gYTC8DsplN3RNdpdBcCOQ,19583021,12,9,"Got me to stay, said that you need me
Starved 'cause these words don't have a meaning
No, they don't, at least not to me
There'll be a day, I'll be more creative
A poetic way to say, ""I'm not leaving""
To the world, not to your face, mm

I'll take my pride, stand here for you
No, I'm not blind, just seeing it through
You'd take my life just for the thrill
I'll take tonight and die on this hill
I always will

Know that I look stubborn, impatient
But you wrote the book, I just took a page out
To be loved, to be loved and nothing more
And you kept your word, do you want a medal?
The way that someone leaves this world
Is all just levels to me now, oh, to me now

I'll take my pride, stand here for you
Know I'm not blind, just seeing it through
You'd take my life just for the thrill
I'll take tonight and die on this hill
I always will

I'll be here the whole night
I'll be here 'cause I can
Yeah, I know you don't care
I know nothing could matter
God, I wish something mattered to you

I'll take my pride, stand here for you
Know I'm not blind, just seeing it through
You'd take my life just for the thrill
I'll take tonight and die on this hill
I always, always, I always will"
23,BLACKPINK,GO,Global,latin,3FZPp9lBUvhsxFxKJi3VkB,19179998,1,23,"(You ready? Ready? Ready?)

I'm on a mission, I'm in control
I want your body, I want your soul
Here to the rescue, I'm number one
Your guardian angel, your kingdom come

March to the beat of, beat of my drum
'Cause when I call you, you're gonna come
Hold in position, it's gonna blow
You only move when, when I say so

Go
BLACKPINK'll make ya
Go
BLACKPINK'll make ya

Go get it, I'ma go get it
Never gonna settle for second, I need a gold medal
Get up on the floor, tell me when to go, no slow jams
Bumpin' through the speakers when I do my go-go dance
Oh, no, I go when I wanna go, I'm so gone
Go reckless, go off, like, ""What could go wrong?""
I'm goin' all in, you should know that's my go-toMy whole crew with me, if I go, then they go too

March to the beat of, beat of my drum
'Cause when I call you, you're gonna come
Hold in position, it's gonna blow
You only move when, when I say so

Go
BLACKPINK'll make ya
Go
BLACKPINK'll make ya
[Bridge: Jennie, 
Rosé
, 
All
, 
Lisa
]
When your heart is broken, baby
Darkness on the edge of town (BLACKPINK'll make ya)
Try to keep it open, baby
Try to let your walls come down (BLACKPINK'll make ya)
I know you're frozen, baby
Love can make you turn to stone
You could stop and be alone
Or you could (Ah, ah, ah)

Go
BLACKPINK'll make ya
Go
무야호
 (
I'm on a mission
)

BLACKPINK, BLACKPINK
BLACKPINK, BLACKPINK
BLACKPINK, BLACKPINK
BLACKPINK, BLACKPINK (Mission)
BLACKPINK, BLACKPINK
BLACKPINK, BLACKPINK
BLACKPINK, BLACKPINK
BLACKPINK, BLACKPINK"
24,The Goo Goo Dolls,Iris,Global,latin,6Qyc6fS4DsZjB2mRW9DsQs,19060939,131,12,"And I'd give up forever to touch you
'Cause I know that you feel me somehow
You're the closest to heaven that I'll ever be
And I don't wanna go home right now
And all I could taste is this moment
And all I can breathe is your life
And sooner or later, it's over
I just don't wanna miss you tonight

And I don't want the world to see me
'Cause I don't think that they'd understand
When everything's made to be broken
I just want you to know who I am


And you can't fight the tears that ain't comin'
Or the moment of truth in your lies
When everything feels like the movies
Yeah, you bleed just to know you're alive

And I don't want the world to see me
'Cause I don't think that they'd understand
When everything's made to be broken
I just want you to know who I am


And I don't want the world to see me
'Cause I don't think that they'd understand
When everything's made to be broken
I just want you to know who I am
And I don't want the world to see me
'Cause I don't think that they'd understand
When everything's made to be broken
I just want you to know who I am
I just want you to know who I am
I just want you to know who I am
I just want you to know who I am"
25,sombr,Homewrecker,Global,latin,7tICCrK3CcyRFKza7yrR0z,18232386,4,21,"Ooh-ooh-ooh, ooh-ooh-ooh
Ooh-ooh-ooh, ooh-ooh-ooh
Ooh-ooh-ooh, ooh-ooh-ooh, ooh

You hit like a drunk cigarette
The feelin' amplified
By sayin' things we never meant, oh, yeah
You leave me filled with regret
At the end of the night
I always find myself wonderin' why, oh, yeah

Do you got plans for life?
'Cause I don't wanna just romance tonight
I wanna see you in another light, oh, yeah
With rhythm, there is rhyme
With you, there always can be I
I wanna see you in another light, ooh

I don't wanna talk down on your lover
I don't wanna be a homewrecker
I just know I can be better, bе better, be bеtter
I don't wanna talk down on your lover
I don't wanna be a broken record
I just know I can be better, be better, be better

We sit on the fire escape
We talk and talk 'til dawn
I open up to you about my wrongs, oh, yeah
Then we lay and contemplate
Just one more round of love
Before you go home to another one

Do you got plans for life?
'Cause I don't wanna just romance tonight
I wanna see you in another light, oh, yeah
With rhythm, there is rhyme
With you, there always can be I
I wanna see you in another light, ooh

I don't wanna talk down on your lover
I don't wanna be a homewrecker
I just know I can be better, be better, be better
I don't wanna talk down on your lover
I don't wanna be a broken record
I just know I can be better, be better, be better

I don't wanna be how you formulate opinions on astrology, oh no
Or to say we made peace
And then your friends don't even wanna talk to me, no more, no more
I wanna kiss you on the bed and on the floor
When I'm poor, when I'm bored
I am yours, I am yours, I am yours

I don't wanna talk down on your lover
I don't wanna be a homewrecker
I just know I can be better, be better, be better
I don't wanna talk down on your lover
I don't wanna be a broken record
I just know I can be better, be better, be better

Ooh-ooh-ooh, ooh-ooh-ooh (Oh-oh)
Ooh-ooh-ooh, ooh-ooh-ooh (Oh-oh)
Ooh-ooh-ooh, ooh-ooh-ooh (Oh-oh)
Ooh-ooh-ooh, ooh-ooh-ooh"
26,Billie Eilish,BIRDS OF A FEATHER,Global,latin,6dOtVTDdiauQNBQEDOtlAB,18085107,94,1,"(But I wanna stay)

I want you to stay
'Til I'm in the grave
'Til I rot away, dead and buried
'Til I'm in the casket you carry
If you go, I'm goin' too, uh
'Cause it was always you (Alright)
And if I'm turnin' blue, please don't save me
Nothin' left to lose without my baby

Birds of a feather, we should stick together, I know
I said I'd never think I wasn't better alone
Can't change the weather, might not be forever
But if it's forever, it's even better

And I don't know what I'm cryin' for
I don't think I could love you more
It might not be long, but baby, I

I'll love you 'til the day that I die
'Til the day that I die
'Til the light leaves my eyes
'Til the day that I die

I want you to see, hm
How you look to me, hm
You wouldn't believe if I told ya
You would keep the compliments I throw ya
But you're so full of shit, uh
Tell me it's a bit, oh
Say you don't see it, your mind's polluted
Say you wanna quit, don't be stupid

And I don't know what I'm cryin' for
I don't think I could love you more
It might not be long, but baby, I
Don't wanna say goodbye

Birds of a feather, we should stick together, I know ('Til the day that I die)
I said I'd never think I wasn't better alone ('Til the light leaves my eyes)
Can't change the weather, might not be forever ('Til the day that I die)
But if it's forever, it's even better

I knew you in another life
You had that same look in your eyes
I love you, don't act so surprised"
27,The Police,Every Breath You Take,Global,latin,1JSTJqkT5qHq8MDJnJbRE1,17874535,221,8,"Every breath you take
And every move you make
Every bond you break, every step you take
I'll be watching you

Every single day
And every word you say
Every game you play, every night you stay
I'll be watching you

Oh, can't you see?
You belong to me
How my poor heart aches
With every step you take

Every move you make
And every vow you break
Every smile you fake, every claim you stake
I'll be watching you

Since you've gone, I've been lost without a trace
I dream at night, I can only see your face
I look around, but it's you I can't replace
I feel so cold, and I long for your embrace
I keep crying, baby, baby, please

Mmm, mmm, mmm, mmm
Mmm, mmm, mmm

Oh, can't you see?
You belong to me
How my poor heart aches
With every step you take

Every move you make
And every vow you break
Every smile you fake, every claim you stake
I'll be watching you
Every move you make, every step you take
I'll be watching you (250)

I'll be watching you
(Every breath you take, every move you make)
(Every bond you break, every step you take)
I'll be watching you
(Every single day, every word you say)
(Every game you play, every night you stay)
I'll be watching you
(Every move you make, every vow you break)
(Every smile you fake, every claim you stake)
I'll be watching you
(Every single day, every word you say)
(Every game you play, every night you stay)
I'll be watching you
(Every breath you take, every move you make)
(Every bond you break, every step you take)
I'll be watching you
(Every single day, every word you say)
(Every game you play, every night you stay)
I'll be watching you
(Every move you make, every vow you break)
(Every smile you fake, every claim you stake)
I'll be watching you
(Every single day, every word you say)
(Every game you play, every night you stay)
I'll be watching you
(Every breath you take, every move you make)
(Every bond you break, every step you take)
I'll be watching..."
28,Ravyn Lenae,Love Me Not,Global,latin,4WFgvKVfEhb3IUAFGrutTR,17646413,50,8,"See, right now, I need you, I'll meet you somewhere now
You up now, I see you, I get you, take care now
Slow down, be cool, I miss you, come here now
It's yours now, keep it, I'll hold out until now
I need you right now, once I leave you I'm strung out
If I get you, I'm slowly breaking down

And, oh, it's hard to see you, but I wish you were right here
Oh, it's hard to leave you when I get you everywhere
All this time I'm thinking we could never be a pair
Oh, no, I don't need you, but I miss you, come here
And, oh, it's hard to see you, but I wish you were right here
Oh, it's hard to leave you when I get you everywhere
All this time I'm thinking, I'm strong enough to sink it
Oh, no, I don't need you, but I miss you, come here

He love me not, he loves me
He holds me tight, then lets me go
He love me not, he loves me
He holds me tight, then lets me go

Soon as you leave me, we always lose connection
It's gettin' messy, I fiend for your affection
Don't loosen your grip got a hold on me
Now, forever, let's get back together

Lord, take it so far away
I pray that, God, we don't break
I want you to take me up and down
And round and round again

And, oh, it's hard to see you, but I wish you were right here
Oh, it's hard to leave you when I get you everywhere
All this time I'm thinking we could never be a pair
Oh, no, I don't need you, but I miss you, come here
And, oh, it's hard to see you, but I wish you were right here
Oh, it's hard to leave you when I get you everywhere
All this time I'm thinking, I'm strong enough to sink it
Oh, no, I don't need you, but I miss you, come here

He love me not, he loves me
He holds me tight, then lets me go
He love me not, he loves me
He holds me tight, then lets me go
He love me not, he loves me
He holds me tight, then lets me go
He love me not, he loves me
He holds me tight, then lets me go

You're gonna say that you're sorry at the end of the night
Wake up in the morning, everything's alright
At the end of the story, you're holdin' me tight
I don't need to worry, am I out of my mind?

And, oh, it's hard to see you, but I wish you were right here (I'm losing my mind)
Oh, it's hard to leave you when I get you everywhere
All this time I'm thinking, I'm strong enough to sink it
Oh, no, I don't need you, but I miss you, come here"
29,She & Him,I Thought I Saw Your Face Today,Global,latin,0myRViRgmQ3J8izICXEAVO,17006777,13,14,"I thought I saw your face today
But I just turned my head away
Your face against the trees
But I just see the memories as they come, as they come

And I couldn't help but fall in love again
No, I couldn't help but fall in love again

I saw it glitter as I grew
And loved it, why, I never knew
I thought this place was heaven-sent
But now it's just a monument in my mind, in my mind

And I couldn't help but fall in love again
No, I couldn't help but fall in love again

The cars and freeways implore me to stay away, out of this place
My mother said, ""Just keep your head, and play it as it lays""


The cars and freeways implore me to stay away, out of this place
My mother said, ""Just keep your head, and play it as it lays""

I somehow see what's beautiful
In things that are ephemeral
I'm my only friend of mine
And love is just a piece of time
In the world, in the world

And I couldn't help but fall in love again
No, I couldn't help but fall in love again
No, I couldn't help but fall in love again
No, I couldn't help but fall in love again
No, I couldn't help but fall in love again"
30,Sabrina Carpenter,Manchild,Global,latin,2BwO5K8Q7EPAJSGze3AAh9,16507726,39,1,"Oh boy

You said your phone was broken, just forgot to charge it
Whole outfit you're wearing, God, I hope it's ironic
Did you just say you're finished? Didn't know we started
It's all just so familiar, baby, what do you call it?

Stupid
Or is it slow?
Maybe it's useless?
But there's a cuter word for it, I know

Man-child
Why you always come a-running to me?
Fuck my life
Won't you let an innocent woman be?
Never heard of self-care
Half your brain just ain't there
Man-child
Why you always come a-running, taking all my loving from me?

Why so sexy if so dumb?
And how survive the Earth so long?
If I'm not there, it won't get done
I choose to blame your mom

Man-child
Why you always come a-running to me?
Fuck my life
Won't you let an innocent woman be?
Never heard of self-care
Half your brain just ain't there
Man-child
Why you always come a-running, taking all my loving from me?

Oh, I like my boys playing hard to get
And I like my men all incompetent
And I swear they choose me, I'm not choosing them
Amen, hey, men
Oh, I like my boys playing hard to get (Play hard to get)
And I like my men all incompetent (Incompetent)
And I swear they choose me, I'm not choosing them (Not choosing them)
Amen (Amen), hey, men (Hey, men)

Man-child
Why you always come a-running to me? (Always come a-running to me)
Fuck my life
Won't you let an innocent woman be? (Amen)

Oh, I like my boys playing hard to get (Play hard to get)
And I like my men all incompetent (Incompetent)
And I swear they choose me, I'm not choosing them (Not choosing them)
Amen (Amen), hey, men (Hey, men)"
31,Bad Bunny,VOY A LLeVARTE PA PR,Global,latin,59D4DOkspUbWyMmbAPQkxZ,16414264,53,8,"Acho, PR es otra cosa
Yo la conocí en Miami, en Brickell
Ella sabe que aquí hay ticket
Quiere que yo se la aplique
Que pa' casa la trafique

Vo'a llevarte pa' PR, mami, pa' que vea' cómo es que se perrea
Tráete a tu amiga si te gusta la idea
Dile que esta noche vamo' a janguear
Que rico la vamo' a pasar
Aquí nadie se va a casar
Pero tú te va' a querer quedar (Ey, ey)

Aprovecha, quе estoy soltero (Ay), single
Míramе mal si quiere' que te singue
Te vo'a llevar pa' PR to' el finde
Despué' de mí va' a borrar Tinder
Y estoy suelto, mami, estoy suelto
Mírame ahora, perreando un experto
Estoy suelto, mami, estoy suelto, ey, ey, ey
Hoy la calle está prendía', hookah, pastilla molía'
Yo no pierdo tiempo, yo las cambio como ROSALÍA
La que me mira a los ojo' por cinco segundo' ya yo sé que es mía
¿Dónde están las mala'? Que son bienvenía'
'Toy puesto pa'l lío, dime si tú lía'
Tus amiga' y to' el corillo 'tán bien rica'
Pero ese culo tuyo, wow, sobresalía
Salimo' de la disco y estaba de día
Obviamente salí con la que quería, ey
Que viva la putería
Dale pa'trá', pa'trá', tan-tan, chulería, ey
Dime si te va' a montar, pa' la isla tengo el portal
Bien borracho' los tre', baby, a las do' me las vo'a llevar
Oh, oh, me quiere besar, ja, yo que la puse mal
Tírate fotitos ahora porque ahorita te vo'a despeinar
Yeah-eh-eh-eh-eh

Vo'a llevarte pa' PR, mami, pa' que vea' cómo es que se perrea
Tráete a tu amiga si te gusta la idea
Dile que esta noche vamo' a janguear
Que rico la vamo' a pasar
Aquí nadie se va a casar
Pero tú te va' a querer quedar, yeah

Yeah, sí, sí
Esto es PR, mami
Aquí nací yo y el reggaetón, pa' que sepa'
Ey, ey, ey
Voy cazando y muero perreando
Voy cazando y muero perreando
Voy cazando y muero perreando
Que bailen toa' las gata', nos fuimo' algarete
'Tás escuchando al que más le mete
Dale, mami, suéltate el grillete
Ponte en cuatro, que te vo'a dar fuete
Ponte en cuatro, que te vo'a dar fue—"
32,sombr,12 to 12,Global,latin,05od2qm2MTSKCHxy1GBp5W,16403974,32,14,"I don't want anyone else
From the hours of 12 to 12
I am not the least compelled
By anyone but yourself
Look at me, it makes me melt
I know you wanna see me in hell, my love
I'm dealing with the cards I've dealt
While you're dancing with somebody else

Was it always in your plan to leave eventually?
Because to me, there's no one else that could make sense to me
The last and final puzzle piece

In a room full of people, I look for you
Would you avoid me or would you look for me too?
Tell me, is our story through? (Through)
Or do our hearts still beat in tune?

I've never felt anything
Like the love from my final days
Why'd you wait
To show me you could do it this way?
Woo, I'll never look at you, look at you the same
We met in The Paris café
I said, ""Can I sit with you? Comment ça se fait?""
My mistake
If I'd known it would have been this way
I'd never looked at you, looked in the first place

Was it always in your plan to leave eventually?
Because to me, there's no one else that could make sense to me
The last and final puzzle piece

In a room full of people, I look for you
Would you avoid me or would you look for me too?
Tell me, is our story through? (Through)
Or do our hearts still beat in tune?

Maybe I'm delusional
And the way you act is usual
Maybe in another world
I won't feel so unlovable (Unlovable)
Oh (Unlovable)

In a room full of people, I look for you
Would you avoid me or would you look for me too?
Tell me, is our story through? (Through)
Or do our hearts still beat in tune?
In a room full of people, I look for you
Would you avoid me or would you see me through?
Tell me, is our story through? (Through)
Or do our hearts still beat in tune?"
33,Gigi Perez,Sailor Song,Global,latin,21IYMdzTrzSe191Cy5eMap,16293188,81,7,"I saw her in the rightest way
Looking like Anne Hathaway
Laughing while she hit her pen and coughed, and coughed
And then she came up to my knees
Begging, ""Baby, would you please
Do the things you said you'd do to me, to me?""

Oh, won't you kiss me on the mouth and love me like a sailor?
And when you get a taste, can you tell me, what's my flavor?
I don't believe in God, but I believe that you're my savior
My mom says that she's worried, but I'm covered in His favor
And when we're getting dirty, I forget all that is wrong
I sleep so I can see you 'cause I hate to wait so long
I sleep so I can see you, and I hate to wait so long

She took my fingers to her mouth
The kind of thing that makes you proud
That nothing else had ever worked out, worked out
And maybe I tried other things
But nothing can capture the sting
Of the venom she's gonna spit out right now

Oh, won't you kiss me on the mouth and love me like a sailor?
And when you get a taste, can you tell me, what's my flavor?
I don't believe in God, but I believe that you're my savior
I know that you've been worried, but you're dripping in my favor
And when we're getting dirty, I forget all that is wrong
I sleep so I can see you 'cause I hate to wait so long
I sleep so I can see you, and I hate to wait so long

And we can run away to the walls inside your house
I can be the cat, baby, you can be the mouse
And we can laugh off things that we know nothing about
We can go forever or until you wanna sit it out"
34,Taylor Swift,Opalite,Global,latin,3yWuTOYDztXjZxdE2cIRUa,16221369,22,2,"I had a bad habit
Of missing lovers past
My brother used to call it
""Eating out of the trash""
It's never gonna last
I thought my house was haunted
I used to live with ghosts
And all the perfect couples
Said, ""When you know, you know""
And, ""When you don't, you don't""

And all of the foes, and all of the friends (Ha, ha)
Have seen it before, they'll see it again (Ha, ha)
Life is a song, it ends when it ends
I was wrong

But my mama told me, ""It's alright
You were dancing through the lightning strikes
Sleepless in the onyx night
But now, the sky is opalite, oh-oh, oh, oh, oh
Oh, my Lord
Never made no one like you bеfore
You had to make your own sunshine
But now, thе sky is opalite, oh-oh, oh, oh, oh, oh""

You couldn't understand it
Why you felt alone
You were in it for real
She was in her phone
And you were just a pose
And don't we try to love love? (Love, love)
We give it all we got (Give it all we got)
You finally left the table (Uh, uh)
And what a simple thought
You're starving 'til you're not

And all of the foes, and all of the friends (Ha, ha)
Have messed up before, they'll mess up again (Ha, ha)
Life is a song, it ends when it ends
You move on

And that's when I told you, ""It's alright
You were dancing through the lightning strikes
Sleepless in the onyx night
But now, the sky is opalite, oh-oh, oh, oh, oh
Oh, my Lord
Never met no one like you before
You had to make your own sunshine
But now, the sky is opalite, oh-oh, oh, oh, oh, oh""

This is just
A storm inside a teacup
But shelter here with me, my love
Thunder like a drum
This life will beat you up, up, up, up
This is just
A temporary speed bump
But failure brings you freedom
And I can bring you love, love, love, love (Love)

Don't you sweat it, baby, it's alright
You were dancing through the lightning strikes
Oh, so sleepless in the onyx night
But now, the sky is opalite, oh-oh, oh, oh, oh
Oh, my Lord
Never met no one like you before (No)
You had to make your own sunshine
But now, the sky is opalite, oh-oh, oh, oh, oh, oh"
35,Bella Kay,iloveitiloveitiloveit,Global,latin,5IMpnpD0tQVcqWlVIgtAtV,16210197,2,35,"I like being used, it means I have a purpose
It's the little things you do, at least you're being earnest
Oh, maybe I'm too fragile
But maybe you're too mean
I've never been real good at deciphering things

Let's let fate decide
Heads, we go to yours, tails, we go to mine
You're a bad idea
But a real good time

Oh, and I'd be lying if I said I didn't love it, 'cause I do
I'm a couple minutes out from rеlapsing into you, oh, fuck it
Baby, I love it
I love it, I love it, I
I lovе it when we fight, and I like it when you're mean
We don't have to get into what that says about me, oh, shut it
Baby, I love it
I love it, I love it, I

I could tell you the truth, but first you gotta earn it
Don't gotta last 'til the moon, just tell me that I'm perfect
Oh, maybe I'm too easy (Oh, maybe I'm too easy)
But maybe you're too hard (But maybe you're too hard)
I've always been real good at taking it too far

Let's let fate decide
Heads, we go to yours, tails, we go to mine
You're a bad idea
But a real good time

Ooh, I'd be lying if I said I didn't love it, 'cause I do
I'm a couple minutes out from relapsing into you, oh, fuck it
Baby, I love it
I love it, I love it, I
I love it when we fight, and I like it when you're mean
We don't have to get into what that says about me, oh, shut it
Baby, I love it
I love it, I love it, I

(Hmm) I'm a couple minutes out from relapsing
Do you remember the last time this happened?
(Hmm) Baby, relax, sometimes it happens
Baby, relax, sometimes it happens
(Hmm) I'm a couple minutes out from relapsing
Is the key still under the mat?
(Hmm) Can you imagine the last time this happened?
Yeah, I, I loved it, I, I loved it, I

I'd be lying if I said I didn't love it, 'cause I do
I'm a couple minutes out from relapsing into you, oh, fuck it
I only love it 'cause it's you"
36,The Neighbourhood,Sweater Weather,Global,latin,0cQVqPuHQP4KEwc7ZUQmj6,16178529,288,16,"And all I am is a man
I want the world in my hands
I hate the beach, but I stand
In California with my toes in the sand
Use the sleeves of my sweater, let's have an adventure
Head in the clouds, but my gravity's centered
Touch my neck and I'll touch yours
You in those little high-waisted shorts, oh

She knows what I think about
And what I think about
One love, two mouths
One love, one house
No shirt, no blouse
Just us, you find out
Nothing that I wouldn't wanna tell you about, no

'Cause it's too cold for you here and now
So let me hold both your hands in the holes of my sweater

And if I may just take your breath away
I don't mind if there's not much to say
Sometimes the silence guides a mind
To move to a place so far away
The goosebumps start to raise
The minute that my left hand meets your waist
And then I watch your face
Put my finger on your tongue 'cause you love the taste, yeah
These hearts adore
Everyone the other beats hardest for
Inside, this place is warm
Outside, it starts to pour

Comin' down
One love, two mouths
One love, one house
No shirt, no blouse
Just us, you find out
Nothin' that I wouldn't wanna tell you about
No, no, no

'Cause it's too cold for you here and now
So let me hold both your hands in the holes of my sweater
'Cause it's too cold for you here and now
So let me hold both your hands in the holes of my sweater
Woah

Woah, woah, woah
Woah, woah, woah, woah
Woah, woah
Woah, woah, woah, woah
Woah, woah

'Cause it's too cold for you here and now
So let me hold both your hands in the holes of my sweater
'Cause it's too cold for you here and now
Let me hold both your hands in the holes of my sweater

And it's too cold, it's too cold
The holes of my sweater"
37,Billie Eilish,WILDFLOWER,Global,latin,3QaPy1KgI7nu9FJEQUgn6h,15256615,94,9,"Things fall apart
And time breaks your heart
I wasn't there, but I know
She was your girl
You showed her the world
But fell out of love and you both let go

She was cryin’ on my shoulder
All I could do was hold her
Only made us closer until July
Now, I know that you love me
You don't need to remind me
I should put it all behind me, shouldn't I?

But I see her in the back of my mind all the time
Like a fever, like I’m burning alive, like a sign
Did I cross the line?

(Mm) Hmm

Well, good things don't last (Good things don't last)
And life moves so fast (Life moves so fast)
I'd never ask who was better (I'd never ask who was better)
'Cause she couldn't be (Couldn't)
More different from me (Different)
Happy and free in leather (Happy)

And I know that you love me (You love me)
You don’t need to remind me (Remind me)
Wanna put it all behind me, but baby

I see her in the back of my mind (Back of my mind) all the time (All the time)
Feels like a fever (Like a fever), like I’m burning alive (Burning alive), like a sign
Did I cross the line?

You say no one knows you so well (Oh)
But every time you touch me, I just wonder how she felt
Valentine's Day, cryin’ in the hotel
I know you didn't mean to hurt me, so I kept it to myself

And I wonder
Do you see her in the back of your mind in my eyes?

You say no one knows you so well
But every time you touch me, I just wonder how she felt
Valentine's Day, cryin' in the hotel
I know you didn’t mean to hurt me, so I kept it to myself"
38,Radiohead,Creep,Global,latin,70LcF31zb1H0PyJoS1Sx1r,15052471,118,27,"When you were here before
Couldn't look you in the eye
You're just like an angel
Your skin makes me cry
You float like a feather
In a beautiful world
I wish I was special
You're so fuckin' special

But I'm a creep
I'm a weirdo
What the hell am I doin' here?
I don't belong here

I don't care if it hurts
I wanna have control
I want a perfect body
I want a perfect soul
I want you to notice
When I'm not around
You're so fuckin' special
I wish I was special

But I'm a creep
I'm a weirdo
What the hell am I doin' here?
I don't belong here
Oh-oh, oh-oh

She's runnin' out the door
She's runnin' out
She run, run, run, run
Run

Whatever makes you happy
Whatever you want
You're so fuckin' special
I wish I was special

But I'm a creep
I'm a weirdo
What the hell am I doin' here?
I don't belong here
I don't belong here"
39,Bruno Mars,That's What I Like,Global,latin,0KKkJNfGyhkQ5aFogxQAPU,14902211,175,6,"Ayy, ayy, ayy
I got a condo in Manhattan
Baby girl, what's happenin'?
You and your ass invited
So go on and get to clappin'
So pop it for a player
Pop, pop it for me
Turn around and drop it for a player
Drop, drop it for me
I'll rent a beach house in Miami ('ami)
Wake up with no jammies (Nope)
Lobster tail for dinner
Julio, serve that scampi (Julio!)
You got it if you want it
Got, got it if you want it
Said, you got it if you want it
Take my wallet if you want it now

Jump in the Cadillac, girl, let's put some miles on it
Anything you want, just to put a smile on it
You deserve it, baby, you deserve it all
And I'm gonna give it to you

Gold jewelry shinin' so bright
Strawberry champagne on ice
Lucky for you, that's what I like, that's what I like
Lucky for you, that's what I like, that's what I like
Sex by the fire at night
Silk sheets and diamonds all white
Lucky for you, that's what I like, that's what I like
Lucky for you, that's what I like, that's what I like

I'm talkin' trips to Puerto Rico (Bih)
Say the word and we go (Say it)
You can be my freaka (Brrrt!)
Girl, I'll be your fleeko, Mamacita
I will never make a promise that I can't keep
I promise that your smile ain't gon' ever leave
Shoppin' sprees in Paris
Everything 24 karats
Take a look in that mirror
Now, tell me, who's the fairest?
Is it you? 
(Is it you?)
 Is it me? 
(Is it me?)
Say it's us 
(Say it's us)
 and I'll agree, baby

Jump in the Cadillac, girl, let's put some miles on it
Anything you want, just to put a smile on it
You deserve it, baby, you deserve it all
And I'm gonna give it to you

Gold jewelry shinin' so bright
Strawberry champagne on ice
Lucky for you, that's what I like, that's what I like
Lucky for you, that's what I like, that's what I like
Sex by the fire at night
Silk sheets and diamonds all white
Lucky for you, that's what I like, that's what I like
Lucky for you, that's what I like, that's what I like

You say you want a good time
Well, here I am, baby, here I am, baby
Talk to me, talk to me, talk to me, baby
Tell me, what's on your mind? (What's on your mind?)
If you want it, girl, come and get it
All this is here for you
Tell me, baby, tell me, tell me, baby
What you tryna do?

Gold jewelry shinin' so bright
Strawberry champagne on ice
Lucky for you, that's what I like, that's what I like (That's what I like, babe)
Lucky for you, that's what I like, that's what I like (Oh, oh)
Sex by the fire at night
Silk sheets and diamonds all white (All white)
Lucky for you, that's what I like, that's what I like (That's what I like, babe)
Lucky for you, that's what I like, that's what I like (Ooh, ooh, ooh)"
40,"J Balvin, Bad Bunny",LA CANCIÓN,Global,latin,0fea68AdmYNygeTGI4RC18,14418462,141,11,"Yeh, yeh, yeh

Pensaba que te había olvida'o, eh
Pero pusieron la canción, eh, eh, eh
Que cantamo’ bien borracho'
Que bailamo' bien borracho’
Nos besamo' bien borracho' los dos
Pensaba que te había olvida'o, eh
Pero pusieron la canción, eh, eh, eh
Que cantamo' bien borracho'
Que bailamo' bien borracho'
Nos besamo’ bien borracho’ los dos
Pensaba que te había olvida'o

Justo cuando creía
Que por comerme a do’ o diez, te olvidaría' (Yeh)
Cogí un respiro y me salí de la vía
Y como un pendejo, no sabía lo que hacía
Nunca lo superé, nunca te superé (No; no)
Hasta me aprendí to'a la' balada’ en inglé' (Yeh)
Respiré y conté hasta tres (Uno, dos, tres)
Ere' la fantasía oscura de Kanye West, bebé, ey
Hace tiempo lo barato me salió caro (Yih)
Yo sólo twitteo, bala' loca' disparo (Yih)
¿Cómo olvidar la bellaquera en el carro?
¿A que guió solo?

Pensaba que te había' olvida'o (Pero no), yeh
Pero pusieron la canción, yeh, yeh
Que cantamos bien borrachos
Que bailamo' bien borrachos
Nos besamo' bien borracho' lo' dos
Pensaba que te había' olvida'o, eh
Pero pusieron la canción, yeh, yeh
Que cantamo' bien borracho'
Que bailamo' bien borracho'
Nos besamo' bien borracho' los dos, ey, ey

Y hace tiempo que no venía' a mi cabeza
Pero ya van par de cerveza'
Y me acordé de cómo tú me besa'
De to' lo' polvo' encima 'e la mesa
Y en el carro, la playa, y el motel
En casa de tu pai', cuando yo te iba a ver
Las vece' que tu mai' no' llegó a coger
Tú brincando mojaíta', sudando Chanel
Yo sé que lo nuestro e' cosa de ayer
Y me pone contento que te va bien con él
Yo ni te extrañaba ni te quería ver
Pero pusieron la canción que te gustaba poner
Y me acordé de ti, cuando me hiciste feliz
Se acabó, pues, me fui, ey
Yo mismo me río de mí porque—

Pensaba que te había' olvida'o, eh
Pero pusieron la canción, yeh, yeh
Que cantamos bien borrachos
Que bailamo' bien borrachos
Nos besamo' bien borracho' lo' do'


Y yo pensaba que tu nombre estaba muerto, eh
Pero te soñé despierto, ey
Hoy salí pa' la calle suelto
Sin sentimiento', el corazón desierto
Y yo pensaba que tu nombre estaba muerto
Pero te soñé despierto
Hoy salí pa' la calle sueltoSin sentimiento', el corazón desierto"
41,"Disco Lines, Tinashe",No Broke Boys,Global,latin,3cZajhyr8LmtPfHZ9296tj,14288536,36,13,"No, that, no, that, no, that (Disco)

Ex on the line, just as I suspected
No one really gets over me
I'm unaffected, why would you try to ever put me second?
You just another groupie to me now

I'm out here single, and I need somethin' real
Now I got standards, give a fuck how you feel (Fuck how you feel)
I'm out here single, tell me what's the deal
Now I got standards, give a fuck how you feel

No broke boys, no new friends
No broke boys, no new friends
No broke boys, no new friends
(No, that, no, that, no, that, no, that)
No, that, no, that, no, that, no, that

No broke boys, no new friends
I'm that pressure, give me my tens
Ain't no lie, ain't no shade
Fuck on me, then you know he paid
Looks so good, makes no sense
Badass bitch, with my badass friends
No broke boys, ain't no shade
Fuck on me, then you know he paid

No broke boys, no new friends
No broke boys, no new friends
No broke boys, no new friends
No broke boys, no new friends
No, that, no, that, no, that, no, that
No broke boys, no new friends
No broke boys, no new friends
No broke boys, no new friends
No broke boys, no new friends
No, that, no, that, no, that, no, that

No broke boys, no new friends
I'm that pressure, give me my tens
Ain't no lie, ain't no shade
Fuck on me, then you know he paid
Looks so good, makes no sense
Badass bitch, with my badass friends
No broke boys, ain't no shade
Fuck on me, then you know he paid

No broke boys, no new friends (No new friends)
No broke boys, no new friends
No broke boys, no new friends (No new friends)
(No, that, no, that, no, that, no, that)
No, that, no, that, no, that (Disco)

No broke boys, no new friends
I'm that pressure, give me my tens
Ain't no lie, ain't no shade
Fuck on me, then you know he paid
Looks so good, makes no sense
Badass bitch, with my badass friends
No broke boys, ain't no shade
Fuck on me, then you know he paid

No broke boys, no new friends
No broke boys, no new friends
No broke boys, no new friends
No broke boys, no new friends

(No, that, no, that, no, that, no, that)
No, that, no, that, no, that, no, that"
42,"Drake, Wizkid, Kyla",One Dance,Global,latin,1zi7xx7UVEFkmKfv06H8x0,14191693,268,12,"Senin tarzını seviyorum bebek

Eller belde
Öne ve arkaya
Biliyorsun rol yapmıyorum
Sokaklar güvenli değil
Fakat asla kaçmadım
Uzakta olsam bile
Hayır, hayır, kentin dışında asla yeteri kadar sevgi yok
Tek parça dönmek için dua ediyorum
Dua ediyorum, dua ediyorum

Bu yüzden bir dansa ihtiyacım var
Elimde bir Hennessy var
Gitmeden önce bir kez daha
Yüksek güçler beni tutuyor
Bir dansa ihtiyacım var
Elimde bir Hennessy var
Gitmeden önce bir kez daha
Yüksek güçler beni tutuyor

Senin tarzını seviyorum bebek

Güç ve idare
Arkadaşlarım için bütün dilediğim bu
Benim mahallemden kimse bunu yapamaz
Sessizliği parçalamalıydım
Biliyorsun yanımda kalmalısın
Yazıyı görür görmez bana yanıt ver
Zamanı kavga ederek harcamak istemiyorum
Hiç zamanımız yok

Bu yüzden bir dansa ihtiyacım var
Elimde bir Hennessy var
Gitmeden önce bir kez daha
Yüksek güçler beni tutuyor
Bir dansa ihtiyacım var
Elimde bir Hennessy var
Gitmeden önce bir kez daha
Yüksek güçler beni tutuyor

Güzel bir kız var ve o, beni uzun zamandır seviyor
Dans et, dans et, uzun zamandır
Oh evet, uzun zamandır
Geri geri git, geri geri git, geri geri git ve dans et
Geri geri git, geri geri git, geri geri git ve dans et bebeğim
Geri geri git, geri geri git, geri geri git ve dans et
Oh evet, uzun zamandır
Geri geri git, geri geri git, geri geri git ve dans et bebeğim

Söyle bana
Bilmeliyim, nereye gitmek istiyorsun?
Çünkü eğer istiyorsan, yavaşlayabilirim
Sana kontrolünü kaybettiriyor

Nereye, nereye, nereye
Nereye, nereye, nereye, nereye (Oh evet, uzun zamandır)
Nereye, nereye, nereye (Geri geri git, geri geri git ve dans et bebeğim)
Nereye, nereye, nereye, nereye
Çünkü eğer istiyorsan (Geri geri git, geri geri git ve)
Çünkü eğer istiyorsan (Geri geri git, geri geri git ve)
Çünkü eğer istiyorsan (Geri geri git, geri geri git ve)

Bu yüzden bir dansa ihtiyacım var (
Nereye, nereye, nereye
)
Elimde bir Hennessy var (
Nereye, nereye, nereye, nereye
)
Gitmeden önce bir kez daha (
Nereye
)
Yüksek güçler beni tutuyor (
Nereye, nereye, nereye, nereye
)
Bir dansa ihtiyacım var
Elimde bir Hennessy var
Gitmeden önce bir kez daha
Yüksek güçler beni tutuyor

""Hennessy""i nasıl heceliyorsun?
İki ""N"" ve iki ""S"" koyuyorum, böyle mi? Hen... Henn... Henn...
Kesinlikle çıkmıyor
""Hennessy""nin iki tane ""S""i olduğundan eminim, o yüzden ""N""lerden birini çıkaracağım"
43,Benson Boone,Beautiful Things,Global,latin,3xkHsmpQCBMytMJNiDf3Ii,14153921,111,1,"For a while there, it was rough
But lately, I've been doin' better
Than the last four cold Decembers I recall
And I see my family every month
I found a girl my parents love
She'll come and stay the night, and I think I might have it all
And I thank God every day
For the girl He sent my way
But I know the things He gives me, He can take away
And I hold you every night
And that's a feeling I wanna get used to
But there's no man as terrified as the man who stands to lose you

Oh, I hope I don't losе you
Mm, please stay
I want you, I need you, oh God
Don't take
Thеse beautiful things that I've got

Please stay
I want you, I need you, oh God
Don't take
These beautiful things that I've got

Oh, ooh
Please don't take

I found my mind, I'm feelin' sane
It's been a while, but I'm finding my faith
If everything's good and it's great, why do I sit and wait 'til it's gone?
Oh, I'll tell ya, I know I've got enough
I've got peace and I've got love
But I'm up at night thinkin' I just might lose it all

Please stay
I want you, I need you, oh God
Don't take
These beautiful things that I've got

Oh, ooh

Please stay
I want you, I need you, oh God
I need
These beautiful things that I've got"
44,Ella Langley,Choosin' Texas,Global,latin,65DbTqJKhbwqYbZ1Okr0rc,14143729,9,44,"Just when I thought I got him to fall in love with Tennessee
I should've known better than to take him back to Abilene
I put him right back into her arms
I wasn't a match for that kind of spark

She's from Texas, I can tell by the way
He's two-stepping 'round the room
And judging by the smile that's written on his face
There's nothing I can do
It doesn't take a crystal ball to see
A cowboy always finds a way to leave
Drinking Jack all by myself
He's choosin' Texas, I can tell

Well, I guess he forgot about the Smoky Mountain rain
Them old Hank tunes, the Memphis blues we used to sing
He always loved ""Amarillo by Morning""
I should've taken that as a warning

She's from Texas, I can tell by the way
He's two-stepping 'round the room
And judging by the smile that's written on his face
There's nothing I can do
It doesn't take a crystal ball to see
A cowboy always finds a way to leave
Drinking Jack all by myself
He's choosin' Texas, I can tell

When I'm eastbound and down and I can't help but cry
'Cause I-40 gets lonelier with every mile
I'll know that his mind wasn't ever gonna change
'Cause his heart still belongs to the Lone Star State

She's from Texas, I can tell by the way
He's two-stepping 'round the room
And judging by the smile that's written on his face
There's nothing I can do, naw, yeah
It doesn't take a crystal ball to see
A cowboy always finds a way to leave
Drinking Jack all by myself
He's choosin' Texas, I can tell, no
Drinking Jack all by myself
He's choosin' Texas, I can tell

Come on, baby
Oh yeah
Just when I thought I got him to fall in love with Tennessee"
45,"El Bogueto, Anuel AA, Fuerza Regida, Yung Beef",Cuando No Era Cantante - Remix,Global,latin,2pbSCYzxrG0wa6qcj8IyiE,14113572,12,30,
46,Bruno Mars,Cha Cha Cha,Global,latin,6QletrrmpkUpeJkipX9pgf,14113224,1,46,"You got me drinkin', spendin' my money
Got my lemon pepper steppers on, ooh, girl, you in trouble tonight
Uh, I feel like dancin' (I feel like dancin')
Little mama, you turn me on (Little mama, you turn me on)
Move your body right here, just a little closer next to mine, uh

Come on and cha-cha-cha with me
And I'ma cha-cha-cha with you tonight
Uh, I like it like that, she workin' that back
I don't know how to act, ooh-ooh-ooh
Come on and cha-cha-cha with me
And I'ma cha-cha-cha with you tonight
Uh, I like it like that, she workin' that back
I don't know how to act, ooh-ooh-ooh-ooh

It's on and poppin', the club bouncin' (Ha-ha-ha-ha)
There's a party at The Pinky Ring, ooh, The Hooligans, we outside
Uh, the spotlight's on you now (The spotlight's on you)
Let mе see what you came to do (Let me see what you camе to do)
Girl, the dance floor is yours and you're lookin' ready to set it on fire, uh

Come on and cha-cha-cha with me
And I'ma cha-cha-cha with you tonight
Uh, I like it like that, she workin' that back
I don't know how to act, ooh-ooh-ooh
Come on and cha-cha-cha with me
And I'ma cha-cha-cha with you tonight
Uh, I like it like that, she workin' that back
I don't know how to act, ooh-ooh-ooh-ooh

If you're ready, I'm ready, baby
We can do this all night
Let's go to the moon a little later
Hope you ain't scared to fly

Uh-uh-uh-uh

Come on and cha-cha-cha with me
And I'ma cha-cha-cha with you tonight
Uh, uh, I like it like that, she workin' that back
I don't know how to act, ooh-ooh-ooh
Come on and cha-cha-cha with me, yeah
And I'ma cha-cha-cha with you tonight, yeah
Uh, uh, I like it like that, she workin' that back
I don't know how to act, ooh-ooh-ooh-ooh

Uh"
47,Don Toliver,E85,Global,latin,3B4cjvGlPvyBLNG3AzEgkZ,13967375,5,47,"(
I love
)
(I've been tryin', tryin', tryin', tryin')
(I've been cryin', cryin', cry—)
On the highway and I'm thinkin' that I love her
On the highway and I'm thinkin' there ain't no rubber
On the highway with my significant lover (
I love
)
(I've been tryin', tryin', tryin', tryin')
High octane, more fuel for your consumption, nigga
More 'tane for the vein, nigga (I've been cryin', cryin', cry—)
It's lit, yeah

On the highway and I'm thinkin' that I love her
On the highway and I'm thinkin' there ain't no rubber
On the highway with my significant lover (It go)
(It go, it go)
You been runnin' the summer, you got a brand-new Hummer
We laugh all day like Dumber and Dumber
I'm 'bout to shoot my shot, she lovin' my jumper
My favoritе outfit is her see-through romper

Don't worry, I got you, I promise I won't hurt hеr
She talk like a snappin' turtle, she squirt like that shit fertile
Got drink in my cup, on Kirko, she move that ass in circles
Not sippin' on green, it's purple, we said that shit never hurt, though
I just hope you down for me (I've been tryin', tryin')
'Cause this shit what it supposed to be (
I love
)

On the highway and I'm thinkin' that I love her
On the highway and I'm thinkin' there ain't no rubber
On the highway with my significant lover (It go)
(It go, it go)
You been runnin' the summer, you got a brand-new Hummer
We laugh all day like Dumber and Dumber
I'm 'bout to shoot my shot, she lovin' my jumper
My favorite outfit is her see-through romper (
I love
)

I've been tryin', tryin', tryin', tryin'
I've been cryin', cryin', cry—"
48,Bruno Mars,Locked out of Heaven,Global,latin,5g7sDjBhZ4I3gcFIpkrLuI,13930898,187,18,"(One, two, one, two, three)
Aw, yeah, yeah
Aw, yeah, yeah, yeah, yeah (Uh)
Aw, yeah, yeah
Aw, yeah, yeah, yeah, yeah (Uh)

Never had much faith in love or miracles (Uh)
Never wanna put my heart on the line (Uh)
But swimmin' in your water's somethin' spiritual (Uh)
I'm born again every time you spend the night, —ight (Uh)

'Cause your sex takes me to paradise
Yeah, your sex takes me to paradise
And it shows
Yeah, yeah, yeah

'Cause you make me feel like
I've been locked outta heaven
For too long
For too long
Yeah, you make me feel like
I've been locked outta heaven
For too long
For too long

Aw, yeah, yeah, yeah, yeah (Uh)
Aw, yeah, yeah
Aw, yeah, yeah, yeah, yeah (Uh)

You bring me to my knees, you make me testify (Uh)
You can make a sinner change his ways (Uh)
Open up your gates 'cause I can't wait to see the light (Uh)
And right there is where I wanna stay, —ay (Uh)

'Cause your sex takes me to paradise
Yeah, your sex takes me to paradise
And it shows
Yeah, yeah, yeah

'Cause you make me feel like
I've been locked outta heaven
For too long
For too long
Yeah, you make me feel like
I've been locked outta heaven
For too long
For too long

Oh, woah, woah, woah
Yeah, yeah, yeah
Can I just stay here?
Spend the rest of my days here?
Oh, woah, woah, woah
Yeah, yeah, yeah
Can I just stay here?
Spend the rest of my days here?

'Cause you make me feel like
I've been locked outta heaven
For too long
For too long
Yeah, you make me feel like
I've been locked outta heaven
For too long
For too long

Aw, yeah, yeah, yeah, yeah (Uh)
Aw, yeah, yeah
Aw, yeah, yeah, yeah, yeah (Uh)"
49,Jin,Don’t Say You Love Me,Global,latin,27xkOIER6uDLKALIelHylZ,13917142,42,2,"I really thought I made up my mind
Hopped in the car and put it in drive
I tried to leave like a hundred times
But something's stopping me every time, oh-ho

Faking a smile while we're breaking apart
Oh, I never, never, never meant to take it this far
Too late to save me, so don't even start
Oh, you never meant to hurt me, but you're making it hard

Don't tell me that you're gonna miss me
Just tell me that you wanna kill me
Don't say that you love me 'cause it hurts the most
You just gotta let me go

I really thought this was for the best
It never worked last time that I checked
I got this pain stuck inside my chest
And it gets worse the further I get, oh-ho

Faking a smile while we're breaking apart
Oh, I never, never, never meant to take it this far
Too late to save me, so don't even start
Oh, you never meant to hurt me, but you're making it hard

Don't tell me that you're gonna miss me (Tell me that you miss me)
Just tell me that you wanna kill me (Kill me)
Don't say that you love me 'cause it hurts the most (The most)
You just gotta let me go
Lie to me, tell me that you hate me (Tell me that you hate me)
Look me in the eyes and call me crazy (Crazy)
Don't say that you love me 'cause it hurts the most (The most)
You just gotta let me go

Let me go
Gotta let me go
Gotta let me
Don't say that you love me 'cause it hurts the most
You just gotta let me go"
50,Arctic Monkeys,I Wanna Be Yours,Global,latin,5XeFesFbtLpXzIVDNQP22n,13643006,191,15,"I wanna be your vacuum cleaner
Breathin' in your dust
I wanna be your Ford Cortina
I will never rust
If you like your coffee hot
Let me be your coffee pot
You call the shots, babe
I just wanna be yours

Secrets I have held in my heart
Are harder to hide than I thought
Maybe I just wanna be yours

I wanna be yours
I wanna be yours
Wanna be yours
Wanna be yours
Wanna be yours

Let me be your 'leccy meter
An' I'll never run out
Let me be the portable heater
That you'll get cold without
I wanna be your setting lotion (Wanna be)
Hold your hair in deep devotion (How deep?)
At least as deep as the Pacific Ocean
I wanna be yours

Secrets I have held in my heart
Are harder to hide than I thought
Maybe I just wanna be yours

I wanna be yours
I wanna be yours
Wanna be yours
Wanna be yours
Wanna be yours
Wanna be yours
Wanna be yours
Wanna be yours
Wanna be yours
Wanna be yours

I wanna be your vacuum cleaner (Wanna be yours)
Breathin' in your dust (Wanna be yours)
I wanna be your Ford Cortina (Wanna be yours)
I will never rust (Wanna be yours)
I just wanna be yours (Wanna be yours)
I just wanna be yours (Wanna be yours)
I just wanna be yours (Wanna be yours)"
51,The Killers,Mr. Brightside,Global,latin,003vvx7Niy0yvhvHt4a68B,13628626,210,50,"Comin' out of my cage and I've been doin' just fine
Gotta, gotta be down because I want it all
It started out with a kiss, how did it end up like this?
It was only a kiss, it was only a kiss
Now I'm falling asleep and she's calling a cab
While he's having a smoke and she's taking a drag
Now they're goin' to bed and my stomach is sick
And it's all in my head, but she's touching his

Chest now
He takes off her dress now
Let me go
And I just can't look, it's killing me
And taking control

Jealousy
Turning saints into the sea
Swimming through sick lullabies
Choking on your alibis
But it's just the price I pay
Destiny is calling me
Open up my eager eyes
'Cause I'm Mr. Brightside


I'm comin' out of my cage and I've been doin' just fine
Gotta, gotta be down because I want it all
It started out with a kiss, how did it end up like this?
(It was only a kiss) It was only a kiss
Now I'm falling asleep and she's calling a cab
While he's havin' a smoke and she's taking a drag
Now they're goin' to bed and my stomach is sick
And it's all in my head, but she's touching his

Chest now
He takes off her dress now
Let me go
'Cause I just can't look, it's killing me
And taking control

Jealousy
Turning saints into the sea
Swimming through sick lullabies
Choking on your alibis
But it's just the price I pay
Destiny is calling me
Open up my eager eyes
'Cause I'm Mr. Brightside


I never
I never
I never
I never"
52,"Sean Paul, Keyshia Cole",(When You Gonna) Give It Up to Me - Radio Version,Global,latin,5nEdwtSv0qqeE0l4o1lR4q,13586077,7,52,"Last updated: 10/6/2018, 5:16PM MSTOctoberOctober 6Jesse Powell — 
Jesse Powell
 (1996)October 5girl in red — 
chapter 1
 (2018)
Blanca — 
Shattered
 (2018)
LouGotCash (feat. Trippie Redd) — ""Too Turnt"" (2018)October 4Terri Clark — 
Raising the Bar
 (2018)
Jess Kent — ""Girl"" (2018)
Joey Purp — 
QUARTERTHING
 (2018)
Cypress Hill — ""Crazy"" (2018)
Brooke Evers (feat. Rachel West & Glen Faria) — ""Turn Around"" (2018)
Born Dirty (feat. jstlbby) — ""Get Up Get Out"" (2018)
First Aid Kid — 
Tender Offerings
 (2018)
Kap G — 
no kap
 (2018)
Asiahn — ""NOLA"" (2018)
Young Dolph — ""By Mistake"" (2018)
Charlotte Lawrence — ""Stole Your Car"" (2018)October 3Howard — 
Together Alone
 (2018)
Joji — ""SLOW DANCING IN THE DARK"" (2018)
Joji — ""YEAH RIGHT"" (2018)
Brett Young — ""Here Tonight"" (2018)
Swizz Beatz (feat. Lil Wayne) — ""Pistol on My Side (P.O.M.S)"" (2018)
Lil Baby & Gunna — ""Drip Too Hard"" (2018)
Ciara — ""Dose"" (2018)
Lana Del Rey — ""Mariners Apartment Complex"" (2018)
Tori Kelly — 
Hiding Place
 (2018)October 2Noname — 
Room 25
 (2018)
Wale — 
Free Lunch
 (2018)
Carrie Underwood — 
Cry Pretty
 (2018)October 1N/ASeptemberSeptember 30N/ASeptember 29N/ASeptember 28Gucci Mane, Bruno Mars & Kodak Black — ""Wake Up in the Sky"" (2018)September 27N/ASeptember 26N/ASeptember 25N/ASeptember 24teddy<3 — ""Body and Soul"" (2018)
Brynn Elliott — 
Time of Our Lives
 (2018)
Madison Cuningham — ""Last Boat to Freedom"" (2018)
Abby Anderson — 
I'm Good
 (2018)
Runaway June — 
Runaway June
 (2018)
Noah Cyrus & Gallant — ""Mad at You"" (2018)
Judy Blank — 
Morning Sun
 (2018)September 23N/ASeptember 22N/ASeptember 21Kilo Kish — 
mothe
 (2018)
Clairo — ""Heaven"" (2018)
Bri Steves — ""Ain't Shit"" (2018)
AlunaGeorge (feat. Cautious Clay) — ""Superior Emotion"" (2018)
Jessie Reyez — ""Fuck Being Friends"" (2018)
Robinson — ""Medicine"" (2018)
Waxahatchee — 
Great Thunder
 (2018)
Jillian Jacqueline — 
Side B
 (2018)
Amber Mark (feat. DRAM) — ""Put You On"" (2018)
Jeremy Zucker — ""comethru"" (2018)September 20Chelsea Cutler — ""Cold Showers"" (2018)
$uicideBoy$ — 
I Want to Die in New Orleans
 (2018)
T.I. & Yo Gotti — ""Wraith"" (2018)
T.I. (feat. Meek Mill) — ""Jefe"" (2018)
Various Artists — 
Sierra Burgess Is a Loser (Original Motion Picture Soundtrack)
 (2018)September 19Carrie Underwood — ""End Up With Me"" (2018)
Dua Lipa — ""Want To"" (2018)
Lauren Daigle — 
Look Up Child
 (2018)
Kanye West & Lil Pump — ""I Love It"" (2018)
YBN Nahmir, YBN Cordae & YBN Almighty Jay — 
YBN: The Mixtape
 (2018)
Silk City & Dua Lipa (feat. Diplo & Mark Ronson) — ""Electricity"" (2018)September 18N/ASeptember 17N/ASeptember 16N/ASeptember 15N/ASeptember 146LACK — 
East Atlanta Love Letter
 (2018)September 13Ginny Owens (feat. Resound) — Stand with Me"" (2018)
Maddie Simpson — ""Love Me Loud"" (2018)
Anna Calvi — 
Hunter
 (2018)
Sage The Gemini (feat. Chris Brown) — ""Buss It"" (2018)
Katelyn Tarver — 
Kool Aid
 (2018)
Q Money — 
Ain't Shit Funny
 (2018)
Mick Jenkins — ""What Am I to Do"" (2018)
Francesca Battistelli — ""Royalty"" (2018)
Passenger — 
Runaway
 (2018)September 12Chief Keef (feat. Jenn Em) — ""Chiraq"" (2018)
The Game (feat. YG, Ty Dolla $ign & Jeremih) — ""Down to Fuck"" (2018)
HoodCelebrityy — 
Inna Real Life
 (2018)
Young Dolph (feat. Key Glock) — ""Major"" (2018)
Lloyd — 
TRU - LP
 (2018)
Cassie Scerbo — ""Disaster"" (2018)
Blac Youngsta — 
Fuck Everybody 2
 (2018)
Jillian Jacqueline — ""Sad Girls"" (2018)
Terri Clark — ""Young as We Are Tonight"" (2018)
Nao (feat. SiR) — """"Make It Out Alive"" (2018)
Tash Sultana — 
Flow State
 (2018)September 11Jay Rock (feat. Rich The Kid) — ""Rotation 112th (Remix)"" (2018)
Carrie Underwood — ""Love Wins"" (2018)
Why Don't We — 
8 Letters
 (2018)
6ix9ine (feat. Nicki Minaj & Murda Beatz) — ""FEFE"" (2018)
6ix9ine & Anuel Aa — ""BEBE"" (2018)
Kanye West — ""XTCY"" (2018)
Lauv — ""Superhero"" (2018)
Eminem — 
Kamikaze
 (2018)
Troye Sivan — 
Bloom
 (2018)September 10N/ASeptember 9N/ASeptember 8Pusha T — ""The Story of Adidon"" (2018)
Fantasia — 
Back to Me
 (2010)
The Staple Singers — 
Be Altitude: Respect Yourself
 (1972)September 7N/ASeptember 6N/ASeptember 5N/ASeptember 4Thouxanbanfauni — 
The Lost Files
 (2018)
MoKenStef — 
Azz Izz
 (1995)
A$AP Ant (feat. A$AP Rocky) — ""Mario Cart"" (2018)
A$AP Ant — ""Shanghai"" (2018)September 3Wallows — ""Pleaser"" (2017)
Wallows — ""Sun Tan"" (2017)
Wallows — ""Uncomfortable"" (2017)
Wallows — ""Pulling Leaves off Trees"" (2017)
Wallows — ""Underneath the Streetlights in the Winter Outside Your House"" (2018)
Wallows — 
Spring EP
 (2018)September 2Raveena — ""You Give Me That"" (2016)
Raveena — ""Johnny It's the Last Time"" (2016)
Raveena — ""Spell"" (2017)
Raveena — ""Sweet Time"" (2017)
Raveena — 
Shanti
 (2017)
Raveena — ""Wherever U Go"" (2018)
Raveena — ""I Won't Mind"" (2018)
Raveena — ""Honey"" (2018)
Bandhunta Izzy — ""Gummo Freestyle"" (2017)
Tierra Whack — ""Niggalodeon"" (2015)
Tierra Whack — 
Whack World
 (2018)
Tierra Whack — ""MUMBO JUMBO"" (2017)
Tierra Whack — ""Shit Happens"" (2017)
Tierra Whack — ""Child Please"" (2017)
Tierra Whack — ""Toe Jam"" (2017)
Jungle Brothers — 
Straight Out the Jungle
 (1988)
Sabrina Carpenter — ""Thumbs (Acoustic)"" (2017)
Tory Lanez — ""I Sip"" (2017)
Maggie Lindemann — ""Things"" (2016)
Smooky MarGielaa (feat. Jrich Ent.) — ""Shawty"" (2017)
Ronny J (feat. Ski Mask The Slump God) — ""Thriller (Forever)"" (2017)
The Girl and the Dreamcatcher — ""Written in the Stars"" (2015)
Fancy Cars & Sophie Rose — ""Time Machine"" (2018)
Jaira Burns — ""High Rollin"" (2017)
Tana Mongeau — ""W"" (2018)
Astrid S — ""Hyde"" (2015)
Josephina — ""Feelings"" (2018)
Joe Moses (feat. Future) — ""Back Goin Brazy"" (2018)
Lou — ""Beaten"" (2018)
Kristina Bazan — ""Out"" (2016)
April + Vista — ""How to Get By"" (2018)
Eden Samara — ""Upside Down"" (2018)
The Black Eyed Peas — ""RING THE ALARM pt.1, pt.2, pt.3"" (2018)
KIIRA (feat. Noah North) — ""Last Time"" (2017)
JVZEL — ""You Make It Easy"" (2018)
Alyson Stoner — ""Who Do You Love"" (2018)
Andy Mineo, Foggieraw & Mannywellz — ""Coquito"" (2018)
Foggieraw — ""Harry Potter"" (2018)
Foggieraw & Mannywellz — ""Different World Type Luv"" (2018)
Carlie Hanson — ""Mood"" (2018)
Kero Kero Bonito — ""Time Today"" (2018)
Rosie Carney — ""Winter"" (2017)
Zilo — ""Don't Waste My Time"" (2018)
Confetti — ""Right Now"" (2018)
Phoebe Ryan & Quinn XCII — ""Middle Finger"" (2018)
Georgi Jacobs — ""Ooooohh"" (2018)
Eli Priess (feat. Kareem Pfeifer) — ""Back at You"" (2018)
Astrid S — ""2AM"" (2014)
Rosie Carney — ""Awake Me"" (2017)
ARY — ""Already There"" (2017)
Madison Cunningham — ""All at Once"" (2018)
Mickey Shiloh (feat. Rowlan) — ""1 More Time"" (2017)September 1N/AAugustAugust 31N/AAugust 30N/AAugust 29Kiiara — ""Gloe"" (2018)
NOTD (feat. Tove Styrke) — ""Been There Done That"" (2018)
KYLE (feat. Kehlani & Logic) — ""Playinwitme (Remix)"" (2018)
REASON — ""Better Dayz"" (2018)
Rosette — ""Single for the Summer"" (2018)
Anna Wise & Xavier Omar — ""Easy"" (2018)
Dounia — ""How I See It"" (2018)
T-Pain (feat. Gucci Mane) — ""Might Be"" (2018)
KYLE (feat. Wiz Khalifa) — ""Moment"" (2018)August 28E-40 — 
The Gift of Gab
 (2018)
Noah Cyrus & Lil Xan — ""Live or Die"" (2018)
Tori Kelly (feat. Kirk Franklin) — ""Never Alone"" (2018)
Leon Thomas — 
Genesis
 (2018)
Bas — 
Milky Way
 (2018)
Blood Orange — 
Negro Swan
 (2018)August 27K1D (feat. Woodie Smalls) — ""Yoshi"" (2018)
3 — ""Watch Me"" (2018)
Truthcity — ""Trap Music in My Uber"" (2018)
Tre Redeau — ""Safe Route"" (2018)
Freelance — ""Pretty Please"" (2018)
Tee Krispil — 
One Way Ticket
 (2018)
Maesu — ""Nothing 2 Lose"" (2018)
Trey Graves — ""new thang"" (2018)
Dimez — ""New Porsche"" (2018)
Darrein STL — ""My Bag"" (2018)
Madd AnarKist (feat. Troy James & Bank Bunz) — ""Mxndfxkk"" (2018)
HAWA — ""Might Be"" (2018)
OSIYM (feat. Filli Babii) — ""Lookin' Like"" (2018)
Son! — ""LINGO"" (2018)
Hydra — 
Lifeboat
 (2018)
Sazetrax — ""Latency"" (2018)
Blvc Svnd & One Who May Ascend — ""Lames"" (2018)
Cero Ismael — ""Insane"" (2018)
Gaika — ""Immigrant Sons (Pesos & Gas)"" (2018)
ILLYMINIACHI — ""Ignita"" (2018)
YTK — ""Feel Like That"" (2018)
Kent Loon — ""Drone"" (2018)
Huey Supreme — ""Dolla Bill"" (2018)
Love-Sadkid — ""Control"" (2018)
B. Aull — ""Come Down"" (2018)
Why Khaliq — 
Clearwater
 (2018)
chase. & spaceout — 
#CHASEXSPACEOUT
 (2018)August 26The O'Jays — 
Back Stabbers
 (1972)August 25N/AAugust 24Famous Dex (feat. Drax Project) — ""LIGHT"" (2018)
Sarah Reeves — ""Always Been You"" (2018)
Cousin Stizz — 
All Adds Up
 (2018)
24hrs (feat. YG) — ""Don't Mess"" (2018)
Camila Cabello (feat. Swae Lee) — ""Real Friends"" (2018)
Jess Glynne — ""All I Am"" (2018)
Lucie Silvas — ""E.G.O."" (2018)August 23Blue October — 
I Hope You're Happy
 (2018)August 22The New Respects — 
Before the Sun Goes Down
 (2018)
Baauer & Miquela — ""Hate Me"" (2018)
SOB X RBE (feat. Shoreline Mafia) — ""Da Move"" (2018)
SOB X RBE — ""Vibes"" (2018)
Stefflon Don — 
SECURE
 (2018)
Bishop Briggs — ""Baby"" (2018)
The 1975 — ""TOOTIMETOOTIMETOOTIME"" (2018)
6LACK — ""Nonchalant"" (2018)August 21Tory Lanez (feat. Bryson Tiller) — """"KeeP IN tOUcH"" (2018)
Jillian Jacqueline (feat. Keith Urban) — ""If I Were You"" (2018)
Mitski — 
Be the Cowboy
 (2018)
Aminé — 
ONEPOINTFIVE
 (2018)August 20Calvin Harris & Sam Smith (feat. Jessie Reyez) — ""Promises"" (2018)
Young Thug & Young Stoner Life Records — 
Slime Language
 (2018)
Ariana Grande — 
Sweetener
 (2018)August 19N/AAugust 18N/AAugust 17N/AAugust 16N/AAugust 15Jay Americana — ""Burner Phones"" (2018)
8tm — ""711"" (2018)
Flavia Abadía — ""Trumpets"" (2018)
Brooke Aulani — ""Out Loud"" (2018)
PRISTINE BABE — ""Moonlight"" (2018)
Lanna — ""Maybe"" (2018)
Emeryld — ""Honey Bee"" (2018)
Friday Night Plans — ""Happy Birthday"" (2018)
Finis Mundi — 
EVERYTHING AFTER
 (2018)
Assa, Esydia & neo — ""don't let me fall"" (2018)
Hailey Orion — 
Deadly.
 (2018)
SOLARSUNS & IOLITE — ""Break, Burn, Crash"" (2018)
Kwaku Asante — ""The Way That You Move"" (2018)
Corbin Dallas — 
Water
 (2018)
Jack Davey — ""Undone"" (2018)
Charlie Burg — 
Two, Moonlight
 (2018)August 14N/AAugust 13Tirzah — 
Devotion
 (2018)
Black Grapefruit — 
All My Relations
 (2018)
Stefflon Don (feat. Tiggs Da Author) — ""Pretty Girl"" (2018)
Elley Duhé — 
DRAGON MENTALITY
 (2018)
Elle King — ""Shame"" (2018)
Daniella Mason — ""Human"" (2018)
Red Velvet — 
Summer Magic - Summer Mini Album
 (2018)
Kiesza — ""Phantom of the Dance Floor"" (2018)
Wafia — ""I'm Good"" (2018)
Jessie Reyez — ""Sola"" (2018)
Ro James — ""Excuse Me"" (2018)
Lola Kirke — 
Heart Head West
 (2018)August 12A$AP Rocky & Tyler, The Creator — ""POTATO SALAD"" (2018)
FatBran — 
FatBranuary
 (2018)
Bandhunta Izzy — 
Code Blue
 (2018)
Mitski — ""Two Slow Dancers"" (2018)
Cassadee Pope — ""One More Red Light"" (2018)
Ciara (feat. Tekno) — ""Freak Me"" (2018)
Skye & Chris Brown — ""Fairytale"" (2018)
Childish Major — ""Know Something"" (2018)
R.LUM.R — ""I Need to Know"" (2018)
R.LUM.R — ""Right Here"" (2018)
Nina Nesbitt — ""Loyal to You"" (2018)
Lauren Daigle — ""Still Rolling Stones"" (2018)
Nicki Minaj — 
Queen
 (2018)August 11Quavo — ""W O R K I N M E"" (2018)
Quavo — ""B U B B L E G U M"" (2018)
Quavo — ""L A M B T A L K"" (2018)
Kirsten Collins — ""Sugar Pop Cocaine"" (2018)August 10IceBirds — 
ICEBIRDS PROJECT
 (2018)August 9Young Nudy — ""Crack"" (2016)
Kaycee Shakur — ""Think of Something"" (2018)
Ryahn — ""Studio"" (2018)
Lotushalves — ""Raincheck"" (2018)
The Empress — ""Pray on It"" (2018)
Parables of Neptune — 
Parables of Neptune
 (2018)
Tola — ""Next to Me"" (2018)
Karun (feat. Blinky Bill) — ""Make Believe"" (2018)
JoJo Nichols (feat. Regina Skeeters) — ""Love on Repeat"" (2018)
KingJet — ""Lifeguard"" (2018)
Abel — ""Known"" (2018)
Eli Preiss — ""I Want You to Know"" (2018)
Pink Sweat$ — ""Honesty"" (2018)
Jesse Fischer — 
Flipped II
 (2018)
Ama Lou — 
DDD
 (2018)
Shenna — ""Conversation"" (2018)
marcella — 
Chapter Two
 (2018)
REY — ""Bet"" (2018)
Lili K — ""Best Friend"" (2018)
Dee Mad — ""Along with You"" (2018)
199V — ""187 Love"" (2018)August 8Jacquees — 
4275
 (2018)
Ella Mai — ""Trip"" (2018)
K'ron (feat. Ty Dolla $ign) — ""No BFs"" (2018)
Buddy — 
Harlan & Alondra
 (2018)
PnB Rock — ""ABCD (Friend Zone)"" (2018)
Diana Gordon — 
Pure
 (2018)
The Midnight — ""America 2"" (2018)
DJ Holiday (feat. Quavo & 21 Savage) — ""2 Seater"" (2018)
Pi'erre Bourne — ""Marie Curie"" (2018)
Riley Clemmons — 
Riley Clemmons
 (2018)
CHVRCHES (feat. WEDNESDAY CAMPANELLA) — ""Out of My Head"" (2018)
A R I Z O N A — ""Freaking Out"" (2018)
A R I Z O N A — ""Summer Days"" (2018)
A R I Z O N A — ""What She Wants"" (2018)
Kid Ink — ""Big Deal"" (2018)
Baka Not Nice — 
4Milli
 (2018)August 7Young Nudy — 
SlimeBall 3
 (2018)
Tamia — ""Deeper"" (2018)
Amanda Shires — 
To the Sunset
 (2018)
Danielle Bradbery & Thomas Rhett — ""Goodbye Summer"" (2018)
Silk City, GoldLink & Desiigner — ""Loud"" (2018)
H.E.R. — 
I Used to Know Her: The Prelude
 (2018)
J. Cole — ""Album of the Year (Freestyle)"" (2018)
Mac Miller — 
Swimming
 (2018)
Bazzi (feat. Camila Cabello) — ""Beautiful"" (2018)
Robyn — ""Missing U"" (2018)
YG — 
STAY DANGEROUS
 (2018)
Travis Scott — 
ASTROWORLD
 (2018)August 6N/AAugust 5Souls of Mischief — 
93 'til Infinity
 (1993)
The Pharcyde — 
Bizarre Ride II the Pharcyde
 (1992)
Brandy — 
Brandy
 (1994)
OJ da Juiceman — 
The Otha Side of the Trap...
 (2009)
Maisie Peters — ""Best I'll Ever Sing"" (2018)
Maisie Peters — ""Worst of You"" (2018)
Polo Boy Shawty — 
Fast Lane
 (2018)
Ciara — 
Basic Instinct
 (2010)August 4Ne-Yo — 
Because of You
 (2007)
Joe — 
And Then...
 (2003)
Avalon Young — ""Sweet Talk"" (2018)
Shaqdi — 
Colorless
 (2018)
Akinyemi & Birocratic — ""Time"" (2018)
Ryan Brinnand — ""Think of Me"" (2018)
Teon Gibbs — 
These Are the Times.
 (2018)
Cyrax (feat. $ilkMoney) — ""Tank"" (2018)
Latasha — ""Sumpn"" (2018)
Ily Pineapple — ""Spark the Blunt"" (2018)
Majest Nové — ""Southern Girl"" (2018)
ayeeii & mikey 2x — ""Never Thought"" (2018)August 3Deezie Brown — 
Judith
 (2018)
Jaylon Ashaun — ""I Got You"" (2018)
B0nds & Fushou. — 
High Noon
 (2018)
80purppp — ""Hex"" (2018)
Tass Nasta — ""Her"" (2018)
$ly — ""Guaponese"" (2018)
Charlie Threads — ""Forever and a Day"" (2018)
DWN2EARTH — 
DWN2EARTH
 (2018)
Cakes da Killa & Proper Villains — ""Don't Make Cents"" (2018)
Elton — ""Callin'"" (2018)
BbyMutha & $hoey — 
BbyShoe
 (2018)
Rawso — ""Afraid"" (2018)
Jean Castel — ""What Happened to Us"" (2018)
Keelan Mak — ""Weigh You Down"" (2018)
ZenAware (feat. Evergreen) — ""Ur Cute"" (2018)
Aaron Childs — ""No Hobbies"" (2018)
Aaron Childs — ""Tangerine"" (2018)
Mikos Da Gawd — ""Start Things New"" (2018)
Kylo — ""Sometimes"" (2018)
Jamie Lane — ""Sink"" (2018)
Small Hours — ""Shoe Box"" (2018)
Lhuma — ""RUN"" (2018)
Jacob Steele — ""Move Like Me"" (2018)
KUNZITE — ""MONKS"" (2018)
Trevor Daniel — ""Mirror"" (2018)
Aleks Grey — ""Let Go"" (2018)
Dena — ""Imaginary Friends"" (2018)
GOLDSPACE (feat. Saint Laurant) — ""Heavy Hitter"" (2018)
rn — ""Hard Hearts"" (2018)August 2Kiiara — ""Messy"" (2018)
Dierks Bentley — ""You Can't Bring Me Down"" (2018)
Bryce Vine (feat. Wale) — ""Drew Barrymore"" (2018)
Jade Novah — 
All Blue
 (2018)
Frvrfriday — ""Heaven Margiela"" (2018)
JIL — ""Virgin Atlantic"" (2018)
Luhcream — 
Cream of the Crop
 (2018)
Rich Forever Music — 
Rich Forever 3
 (2018)
Jade Bird — ""Uh Huh"" (2018)
Catherine McGrath — 
Talk of This Town
 (2018)
Jarren Benton — 
Yuck Fou
 (2018)
Queen Naija — 
Queen Naija
 (2018)
Derek Minor — ""Revolution"" (2018)
Tenille Townes — ""Somebody's Daughter"" (2018)
Channel Tres — 
Channel Tres
 (2018)
Raiche — ""Money Trees"" (2018)August 1The Coup — 
Sorry to Bother You: The Soundtrack
 (2018)JulyJuly 31Charli XCX — ""Girls Night Out"" (2018)
AGNEZ MO (feat. Chris Brown) — ""Overdose"" (2018)
Elley Duhé — ""WAY DOWN LOW"" (2018)July 30VanJess — 
Silk Canvas
 (2018)
Maggie Rogers — ""Give a Little"" (2018)
Mac Miller — ""What's the Use?"" (2018)
Tyga — ""SWISH"" (2018)
BROCKHAMPTON — ""1997 DIANA"" (2018)
Denzel Curry — 
TA13OO
 (2018)
The Chainsmokers (feat. Emily Warren) — ""Side Effects"" (2018)
Davie Guetta (feat. Anne-Marie) — ""Don't Leave Me Alone"" (2018)
ARTY — ""Tim"" (2018)
YG (feat. A$AP Rocky) — ""HANDGUN"" (2018)
DJ Khaled, Justin Bieber & Quavo (feat. Chance The Rapper) — ""No Brainer"" (2018)July 29N/AJuly 28Still Woozy (feat. ODIE) — ""Lucy"" (2018)
BLVK JVCK (feat. Jessie Reyez) — ""Love Me Still"" (2018)
NVDES — ""Louì"" (2018)
Matoma (feat. MAX) — ""Lonely"" (2018)
Vené & ATL Smook — ""Mood"" (2017)July 27Childish Gambino — 
Summer Pack
 (2018)
Chelsea Jade — 
Personal Best
 (2018)
Lost Kings (feat. Tove Styrke) — ""Stuck"" (2018)
PnB Rock — ""Nowadays"" (2018)
GOLDN — 
once upon a star, Pt. 1
 (2018)
Riley Clemmons — ""Hold On"" (2018)
St. Lucia — ""Walking Away"" (2018)
The New Respects — ""Before the Sun Goes Down"" (2018)
Jessie Reyez — ""Apple Juice"" (2018)July 26Young Nudy — ""Sherbert"" (2018)
070 Shake — ""Accusations"" (2018)
Ciara — ""Level Up"" (2018)
The 1975 — ""Love It If We Made It"" (2018)
DRAM — 
That's a Girl's Name
 (2018)
RaeLynn — ""Tailgate"" (2018)
88rising — 
Head in the Clouds
 (2018)
Becky G (feat. French Montana & Farruko) — ""Zooted"" (2018)
Billie Eilish — ""you should see me in a crown"" (2018)July 25Daye Jack — ""Heart Shaped Culdesac"" (2018)
The New Respects — ""We Ain't Goin' Nowhere"" (2018)
TK Kravitz — 
2.0
 (2018)
Nora Van Elken — ""I Told You"" (2018)
Ashe — 
The Rabbit Hole
 (2018)
Daya — ""Safe"" (2018)
Charlotte Lawrence — 
Young
 (2018)
Buddy (feat. Ty Dolla $ign) — ""Hey Up There"" (2018)
Lil Skies — ""World Rage"" (2018)
Yazmin Lacey — 
When the Sun Dips 90 Degrees
 (2018)
Riley Clemmons — ""Broke"" (2018)
Priscilla Renea — 
Coloured
 (2018)July 24Vacationer — 
Mindset
 (2018)
R. Kelly — ""I Admit"" (2018)
Demi Lovato — ""Sober"" (2018)
Redman — ""I Love Hip Hop"" (2018)
Freddie Gibbs — 
Freddie
 (2018)
Lecrae & Zaytoven — 
Let the Trap Say Amen
 (2018)
Koryn Hawthorne — ""Unstoppable"" (2018)
Meghan Trainor — ""ALL THE WAYS"" (2018)
PRETTYMUCH — ""Summer on You"" (2018)July 23Nao — ""Another Lifetime"" (2018)
A Boogie Wit da Hoodie — 
International Artist
 (2018)
Rick Ross (feat. Future) — ""Green Gucci Suit"" (2018)
6LACK — ""Switch"" (2018)
Trippie Redd — ""How You Feel"" (2018)
Trippie Redd — ""Me Likey"" (2018)
Ariana Grande (feat. Nicki Minaj) — ""the light is coming"" (2018)
Teyana Taylor — 
K.T.S.E.
 (2018)
Jaden Smith — ""Ghost"" (2018)
Bebe Rexha — 
Expectations
 (2018)
Dan + Shay — 
Dan + Shay
 (2018)
Panic! At the Disco — 
Pray for the Wicked
 (2018)July 22N/AJuly 21N/AJuly 20MadeinTYO & MyNamePhin — 
I Bet U Get This All the Time
 (2018)
Hoodrich Pablo Juan & Danny Wolf — 
HoodWolf 2
 (2018)
Rockstar Marqo — 
So Icey Marqo
 (2018)July 19The Internet — 
Hive Mind
 (2018)
RIMON — ""Nighttime"" (2018)
RIMON — ""Grace"" (2018)
Louis III — ""Goosebumps"" (2018)
Wolfskind & Yann Lauren (feat. Moli) — ""Give It Up"" (2018)
MOONOVERSUN — ""GIRLS/BOYS"" (2018)
Hamond — ""Copacabana"" (2018)
Catila — ""Call Me"" (2018)
Kiera Please — ""Bloom"" (2018)
Jodnyl — ""Blood"" (2018)
Ruben Pol — ""Bed Sheets"" (2018)
JORDY — ""Be with Me"" (2018)
Meghan Waterman — 
3AM Conversations
 (2018)
Madison Cunningham — ""So Long, Frank Lloyd Wright"" (2018)
Madison Cunningham — ""Beauty into Clichés"" (2018)
The Score — ""Glory"" (2018)
lovelytheband — ""emotion"" (2018)
lovelytheband — ""alone time"" (2018)
88rising (feat. NIKI) — ""Warpaint"" (2018)
Shy Glizzy — ""Free 3"" (2018)
Casanova — 
COMMISSARY
 (2018)July 18Alessia Cara — ""A Little More"" (2018)
Alessia Cara — ""Growing Pains"" (2018)
Tyler, The Creator — ""BRONCO"" (2018)
Aaron Cole — ""Off My Back"" (2018)
The Interrupters — 
Fight the Good Fight
 (2018)
cleopatrick — ""youth"" (2018)
Mitski — ""Nobody"" (2018)
Yung Bans — 
Yung Bans Vol. 5
 (2018)
Wiz Khalifa (feat. Problem) — ""Gin and Drugs"" (2018)
Charli XCX — ""No Angel"" (2018)
Charli XCX — ""Focus"" (2018)
A$AP Ferg — ""Verified"" (2018)
Axwell /\ Ingrosso (feat. RØMANS) — ""Dancing Alone"" (2018)
Gorillaz — 
The Now Now
 (2018)July 17Florence + The Machine — 
High as Hope
 (2018)
Shea Diamond — 
Seen It All
 (2018)
A$AP Ferg — ""Not the Boy"" (2018)
Mozzy — ""Pure in the Pack"" (2018)
Trae Tha Truth — 
48 Hours Later
 (2018)
Let's Eat Grandma — 
I'm All Ears
 (2018)
AWWZ (feat. Yaw Mini & F. Dowell) — ""Visa"" (2018)
YK Osiris — ""Timing"" (2018)
Jay Park (feat. GASHI & Rich The Kid) — ""FSU"" (2018)
teddy<3 — ""I Was in a Cult"" (2018)
Caly Bevier — ""Head Held High"" (2018)
Dave East & Rick Ross — ""Fresh Prince of Belaire"" (2018)
Skooly (feat. Lil Xan) — ""Crazy Shit"" (2018)July 16Chris Lane — ""Hero"" (2018)
Why Don't We — ""Hooked"" (2018)
Why Don't We — ""Talk"" (2018)
Lil Pump — ""Drug Addicts"" (2018)
A R I Z O N A — ""Freaking Out"" (2018)
A R I Z O N A — ""Summer Days"" (2018)
Lil Yachty (feat. Cardi B & Offset) — ""Who Want the Smoke?"" (2018)
Justin Timberlake — ""SoulMate"" (2018)
Future & Zaytoven — 
BEASTMODE 2
 (2018)
Meek Mill — 
Legends of the Summer
 (2018)
Goonew — 
BIG64
 (2018)July 15Childish Gambino — 
""Awaken, My Love!""
 (2016)
Shoreline Mafia — 
ShorelineDoThatShit
 (2018)
Juice WRLD — 
JuiceWRLD 9 9 9
 (2017)
Diego Money — 
Welcome to IceLand
 (2015)
The Carters — 
EVERYTHING IS LOVE
 (2018)
Nas — 
NASIR
 (2018)
Drake — 
Scorpion
 (2018)July 14N/AJuly 13N/AJuly 12rum.gold — ""Where There’s Smoke"" (2018)
Hamzaa — ""Stranded Love"" (2018)
Lexus — ""Sounds Good"" (2018)
MADANII — ""Rosemvry"" (2018)
Lndfk — ""LOVE BOMBING” (2018)
Gian Camp — 
LOST IN TRANSLATION
 (2018)
Taylor Eve (feat. OYABUN) — ""Like You"" (2018)
yuzu blur — ""Home Soon"" (2018)
Kwaku — ""Fake"" (2018)
Aysha Monet — 
Don’t Forget
 (2018)
Charles Freeman — 
ANODYNE
 (2018)
Daz Rinko (feat. Rahel) — ""Sweetie"" (2018)
Daz Rinko — ""Vanilla Ice"" (2018)
HolyGxd — ""Ugly"" (2018)
Rey King — ""Tijuana"" (2018)
Nosninja — 
Riverside Beat Tape
 (2018)
Yutes — ""Push"" (2018)
BinoBossBricks & Scooter on the Beat — ""Poppin Tags"" (2018)
Marceon Jacobs — ""No Losses"" (2018)
Ben James — ""Like Me"" (2018)
2u4u — ""Gurl"" (2018)
KING JAE — ""DRAMA"" (2018)
Serious Klein — ""Coochie Money"" (2018)
The Real Ice — ""BAG for MY BAG"" (2018)
Aja9 — ""Treat Yo’Self"" (2018)
NOAAON — ""Summer Clearance"" (2018)
Yaffle (feat. Linying) — ""Summer"" (2018)
JT Soul — ""LOUD"" (2018)July 11All That Glitters (feat. Chaz Mason) — ""I’ll Wait for You"" (2018)
Elephant Heart — ""HIYA"" (2018)
CHAMPANE (feat. CATALI) — ""Down Low"" (2018)
Natalie — 
Shameful
 (2018)
Ukweli (feat. Karun) — ""Roses"" (2018)
Ash (feat. starRo) — ""Lover Friend"" (2018)
Mina & Kit Moro — 
Goodbye
 (2018)
ChrisLee — ""Found Her"" (2018)
Jae.T — ""Yo Body"" (2018)
Emilia Anastazja — ""Under My Skin"" (2018)
GREGarious (feat. Akacia) — ""Sticks & Stones"" (2018)
Lottie Jade — ""South Side"" (2018)
Nizzy (feat. Pvpi Strz) — ""Rice n Peas"" (2018)
SqueakPIVOT (feat. Xone White) — ""Perfect for U"" (2018)
Black Grapefruit — ""Mind"" (2018)
Mei Mei — ""Livin in the Truth"" (2018)
HALP (feat. Anthony Russo) — ""Hurt Myself"" (2018)
Frex — ""History"" (2018)
Kean Farrar — ""Heartthrob"" (2018)
Parisalexa — 
Flexa
 (2018)
Forrest. — ""Your Soul"" (2018)
Shane Reis & God.Damn.Chan — 
VEIB
 (2018)
Zac Ace — 
Testing Ground.
 (2018)July 10Latrell James — ""Okay"" (2018)
Vonathan — ""Mac Attack"" (2018)
FEYI — ""F@%& WITH A DIME"" (2018)
A-Reece, Ecco & Wordz — ""Better Luck Next Time"" (2018)
Kevoe West — ""Stoner"" (2018)
Patches (feat. Namesake.) — ""show goes on"" (2018)
ZER0 — ""Orphus"" (2018)
Clyde Guevara — ""Higher Vibration"" (2018)
Svlm — ""Day Dreaming"" (2018)
emoniFela — 
Day Camp for Dreamers
 (2018)
happytree & late late — 
CANVAS
 (2018)
frumhere — 
are you lost?
 (2018)
Renzo — 
2359
 (2018)July 9Whinnie Williams — “Violet” (2018)
John Conception — “So Bad” (2018)
yù yī (feat. Ellen) — “Peaches” (2018)
TS Graye — “MY2” (2018)
Rushes — ""Wave” (2018)
s7erre (feat. Elysa) — “So Bad” (2018)
Haula — “Trouble” (2018)July 8Diego Money & StoopidXoolin — 
Stoopid Ice Volume One
 (2016)July 7Chance Peña — “Sun Goes Down” (2018)
Holow (feat. Lucile) — “Spotlight” (2018)
Ivy Rei — “Say It to My Face” (2018)
Miriam — “Off That Thing” (2018)
DJ Young & Krista — “Nvm (Never Mine)” (2018)
BAYLA — “Monster” (2018)
Arthur Wimble — “Miss You” (2018)
ICELANDIA — “Miracle Caught on Camera” (2018)
Amber Simone — “Loving You” (2018)
BLANKSY — “Love Won’t Save Me” (2018)
CC Clarke — “A Little More” (2018)
Spectrum & Ria Choony — “Home” (2018)
Korky Buchek (feat. Kymie) — “Higher” (2018)
Dominique Tey — “Heartstream” (2018)
A$AP Rocky (feat. Moby) — “A$AP Forever” (2018)
Juice WRLD — 
Too Soon..
 (2018)
Bruno Mars — 
It’s Better If You Don’t Understand
 (2010)July 6Diego Money & MexikoDro — 
Plug Money
 (2015)
Louis Bordeaux — “Do What I Do” (2018)
DeathbyRomy — “DeathWish” (2018)
Vera Hotsauce — “Bottoms Up” (2018)
MĀX — “Wrong Guy” (2018)
James Blake (feat. MistaDC) — “Vegas Girl” (2018)
David Hopperman (feat. Wes Writer) — “Don’t Stop” (2018)
Lodola — “Cover It Up” (2018)
Lava La Rue — “Widdit” (2018)
A. Rell — “What If I Did It” (2018)
Pediko — “Ticket to Go” (2018)
PatricKxxLee — “So & So” (2018)
Caliray1k —"" Run Up the Band” (2018)
Myke Bogan (feat. Khary) — “Pickathon” (2018)
Ozadya — 
Oz Life
 (2018)July 5YBN Cordae — “Old Niggas” (2018)
Shwiggy (feat. 198o8) — “Might Troll” (2018)
Hella Sketchy — “Losing Control” (2018)
10cellphones (feat. Swoop) — “Kicking Doors” (2018)
ppgcasper (feat. Eera) — “Headache” (2018)
Dontae (feat. Cal) — “Flipmode” (2018)
Caine Casket — “Domino” (2018)
Felixx — “Diddy” (2018)
CloutBoi TJ — 
CloutBoi!
 (2018)July 4N/AJuly 3Macca Wiles — “AWOL” (2018)
Tommy Savo — “2 ROCKS” (2018)
Frex — “y u gotta” (2018)
Laura Roy — “Temporary” (2018)
Ego Ella May — “Table for One” (2018)
Linae — “Sweet Sweat” (2018)
Ebz the Artist — “Say It” (2018)
Choc — “Same” (2018)
loftii — 
leaving us
 (2018)
Ricks Art — “Kiss N Tell” (2018)
Levine Lale — “Keep Up” (2018)
Melo-Zed — 
Eleven
 (2018)
Blossom & Ripley Snell (feat. Neill Von Tally) — “casting couch” (2018)
Love — “Black Coffee” (2018)
Love — “3” (2018)
Paige Bea — “Your Echo” (2018)
Brad O’Neill — “Unexpected” (2018)
Deflo & Lliam Taylor (feat. Awa) — “Spotlight” (2018)July 2Delaney Kai & Kyoto Black — “Sounds” (2018)
Taylor Reed — “Say You Won’t” (2018)
Camille Trust — “Move On” (2018)
Liv Keegan — “Just My Type” (2018)
Natasha Fisher — “If I Could I Would” (2018)
iiola — “don’t shut me up” (2018)
JONNA — “Black Tears” (2018)
TARI (feat. Lani Rose) — “Best for You” (2018)
Nodfather — “Thoughts” (2018)
Brett — “Therapy” (2018)
Ra’Shaun — “She Told Me” (2018)
S7EAZE — “Don’t Test Me” (2018)
M.R — “Calling” (2018)
Xander — “Better or Worse” (2018)
Ric Wilson — 
BANBA
 (2018)
Adamn Killa — 
Adamn Everlasting (In Loving Memory of Jalen)
 (2018)
GNGR — “Without You” (2018)
Star Martin — “Walls” (2018)
Trevor Daniel — “Wake Up” (2018)
BR3 (feat. Jacquees) — “Used to This” (2018)
p-rallel (feat. Yiigaa & Finn Foxell) — “Signs” (2018)
gny — 
Present
 (2018)
Sameik Moore — “Bounce” (2018)
Adreyn Cash — “Angel’s Lie” (2018)
Parker Louis — 
All Good Things, Pt. One
 (2018)
Tru — “Young & Reckless” (2018)
Bae Louie — “Wonderful” (2018)
Rokusho (feat. Inga & Stille) — “Wishing for You” (2018)
bêlla — “sorry if u misunderstood” (2018)
SVĒ — “Njne1 (Not Just Anyone)” (2018)
Shaeane — “Bag of Bones” (2018)
Shaeane — “Joker” (2018)
Olloway — “August” (2018)
Light Gun Fire (feat. Marta Carvallo) — “All on You” (2018)
Ruuth — “All About” (2018)
Lil Candy Paint — “Sleep at Night” (2018)
Lord Narf (feat. Meltycanon) — “Rent” (2018)
Luxe — “Nothing to Me” (2018)
Vuyo — “Lord Knows” (2018)July 1Student 1 — 
Drag
 (2018)
brakence — 
hypnagogia
 (2018)
Loski — “I Been” (2018)JuneJune 30Cashwaveyboiz — 
waves
 (2018)
Sudan Archives — ""Nont for Sale"" (2018)
NDAI — ""Nobody's Ting"" (2018)
Allen Ritter — ""Never Leave"" (2018)
Diamonique Jackson — ""Give Me a Sign"" (2018)
HMLT (feat. TiKA) — ""Gary"" (2018)
Notifi — ""Dramamine"" (2018)
IVYxM — ""But You"" (2018)
Mogillah (feat. Georgia Anne Muldrow & Flote) — ""Birds Eye's View"" (2018)
Lfalfa — ""What It Means"" (2018)
Irie Lee — ""Van Gogh"" (2018)
Kiki Ireland — ""Timid"" (2018)
Manana — ""Think About You"" (2018)
Lunadira — ""STUCK WITH YOU"" (2018)
LOONY — ""A Small Flame"" (2018)
Kaptain Jay — ""Skittle"" (2018)
Kaptain Jay — ""Night Out"" (2018)
cktrl — 
SAG Playlist 1
 (2018)
Yakul — ""Realigned"" (2018)
Shakale Davis — 
Note to Self
 (2018)June 29SAFE — ""No Answer"" (2018)
Bobby Earth — ""Mood"" (2018)
Tmmrw — ""Lowkey"" (2018)
PROMKNGHT — ""Like I Do"" (2018)
Asiah — 
Know Me
 (2018)
Hugo Joe & MexikoDro — 
Hugo Dro
 (2018)
Pro Reese — 
Fresh Off a Break Up
 (2018)
PxRRY — ""FaLL BacK"" (2018)
Kaycee Shakur — 
Divination
 (2018)
Fallon Favors — 
Destiny
 (2018)June 28Diego Money — 
Diego World
 (2018)
Haley Daniels — ""Delirious"" (2018)
Rabino — ""Crocodile"" (2018)
Easton — ""Blue Love"" (2018)
KC.. — 
Bare, Vol. 1
 (2018)
TeaMarrr — ""Bent Hella"" (2018)
Swiss Army — 
Paris Mountain
 (2018)June 27N/AJune 26PYRMDPLAZA — 
The Void
 (2018)
Nfromthewave — ""Pashun"" (2018)
My Friend Alan — ""Falling"" (2018)
MadeByKuya — 
Universal
 (2018)
Jordana — ""Body"" (2018)
Jordan Dennis (feat. Blasko) — ""Crumbs"" (2018)
falcxne — ""Slowly"" (2018)
Dream League Soccer — ""So I Broke Her Heart"" (2018)
Coco Reilly — ""Define You"" (2018)
Bella Boo — 
Fire
 (2018)June 25Pi'erre Bourne — ""Planet Namek"" (2018)
Tim Atlas — 
All Talk!
 (2018)
KILLY — 
Surrender Your Soul
 (2018)
Calum Scott — 
Only Human
 (2018)June 24B.o.B — 
The Upside Down
 (2018)
Phoelix — 
TEMPO
 (2018)June 23N/AJune 22N/AJune 21N/AJune 20Niko Khale — 
Free Mind Rich Thoughts
 (2018)
Smerz — 
Have fun
 (2018)
Jonathan McReynolds — 
Make Room
 (2018)
Lawren — 
Get Your Change
 (2018)
Pouya — 
FIVE FIVE
 (2018)
Nap Eyes — 
I'm Bad Now
 (2018)
Acid Dad — 
Acid Dad
 (2018)June 19R.LUM.R — 
ALTERIMAGE
 (2018)
Jimi Hendrix — 
Both Sides of the Sky
 (2018)
Various Artists — 
A Wrinkle in Time (Original Motion Picture Soundtrack)
 (2018)
What So Not — 
Not All the Beautiful Things
 (2018)June 18YFN Lucci — 
Ray Ray from Summerhill
 (2018)
Wale — 
Self Promotion EP
 (2018)
The Voidz — ""Coul as a Ghoul"" (2018)
Valee (feat. Jeremih) — ""Womp Womp"" (2018)
Tee Grizzley — 
Activated
 (2018)
Stalley — ""Chains Mr. T"" (2018)June 17Sonta — ""Ride for You"" (2018)
Sonta — ""Wishes"" (2018)
Sonta — ""Dream Girl"" (2018)
Sonta — ""Lovers N Friends"" (2018)June 16Sonta — ""Cut It (Remix)"" (2018)
Sonta — ""Hopeful"" (2015)
Sonta — ""MMMM"" (2015)
Sonta — ""Medicine (Remix)"" (2018)
Sonta — ""Letter from Sonta"" (2018)
Sonta — ""Screwed Up (Boo'd Up Remix)"" (2018)
Sonta — ""All I Want Is You (For Christmas)"" (2016)
Sonta — ""Hard to Love"" (2017)
Sonta — ""How You Gonna Act Like That"" (2016)June 15Sonta — 
In My Feelings (Re-release)
 (2018)
Selena Gomez — ""Back to You"" (2018)
Sarah Louise — 
Deeper Woods
 (2018)
Sabrina Carpenter & Jonas Blue — ""Alien (Acoustic)"" (2018)
Rita Ora (feat. Cardi B, Bebe Rexha & Charli XCX) — ""Girls"" (2018)June 14Nina Nesbitt — ""The Sun Will Come Up, The Seasons Will Change"" (2018)
Marian Hill — 
Unusual
 (2018)
La Luz — 
Floating Features
 (2018)
Joji — ""Yeah Right"" (2018)June 13Jackie Hill Perry — 
Crescendo
 (2018)
Dierks Bentley — ""You Can't Bring Me Down"" (2018)
City Girls — 
PERIOD
 (2018)
Charlie Puth — 
Voicenotes
 (2018)
BJ The Chicago Kid — 
The Opening Ceremony
 (2018)
Beach House — 
7
 (2018)June 12Marqo 2 Fresh — 
Live Fast Die Young
 (2015)
MPR Tito — 
Rixh Blxxd
 (2018)
Lil Dude — 
ME
 (2018)
Playboi Carti — ""Been Ballin"" (2017)
Playboi Carti — ""Arm & Leg"" (2018)
Playboi Carti — ""Tragic"" (2016)
Playboi Carti — ""They Go Off"" (2018)
Playboi Carti — ""Tank"" (2018)
Playboi Carti — ""Supersonic"" (2018)
Playboi Carti — ""Movin' Different"" (2018)
Playboi Carti — ""Let 'Em In"" (2018)
Playboi Carti — ""Kick"" (2018)
Playboi Carti — ""Drop"" (2018)
Playboi Carti & SosaMann — ""In the Lobby"" (2018)
Ski Mask The Slump God — 
Get Dough Presents Ski Mask The Slump God
 (2018)
Polo Boy Shawty — 
On the Track
 (2017)
Redd Coldhearted — 
Coldhearted EP
 (2017)
Slim 400 — 
Foe Reala
 (2018)
Yung Mal & Lil Quill — 
Kids of the 6
 (2017)
Yung Mal & Lil Quill — 
SOUF6
 (2018)June 11Hoodrich Pablo Juan — ""MONY Walk"" (2018)
Yung Mal & Lil Quill — 
Blessed Lil Bastards
 (2017)
Rich Forever Music — 
Rich Forever 2
 (2016)
Rich Forever Music — 
Rich Forever Music: The Mixtape
 (2016)
Rich The Kid — 
Dabbin Fever
 (2015)
Rich The Kid — 
Flexxin on Purpose
 (2015)
Rich The Kid — 
Keep Flexin
 (2016)
Lil B — 
Platinum Flame
 (2018)June 10Frvrfriday — 
WHOISFRIDAY
 (2018)
KIDS SEE GHOSTS — 
KIDS SEE GHOSTS
 (2018)
Youngr — ""Lost in Translation"" (2018)
YourWelcome Shon — ""Summa Hood Laude"" (2018)
SUMR CAMP — ""24-7"" (2018)
Tove Lo (feat. Charli XCX, Icona Pop, Elliphant & ALMA) — ""bitches"" (2018)
Dagny — ""Used to You"" (2018)
NEEDTOBREATHE — ""Bullets"" (2018)
Erin Rae — 
Putting on Airs
 (2018)
Snail Mail — 
Lush
 (2018)
Tyler, The Creator — ""435"" (2018)
Jeremih & Ty Dolla $ign — ""The Light"" (2018)
Chelsea Cutler — 
Sleeping With Roses
 (2018)
Kamiyah (feat. ScHoolboy Q) — ""Addicted to Ballin'"" (2018)
DeJ Loaf & Leon Bridges — ""Liberated"" (2018)
Rich The Kid — ""Bring It Back"" (2018)
Various Artists — 
SUPERFLY (Original Motion Picture Soundtrack)
 (2018)
Tory Lanez & Ozuna — ""Pa Mi"" (2018)
Lykke Li — 
so sad so sexy
 (2018)
Little Big Town — ""Summer Fever"" (2018)
JZVEL — ""Tired Af"" (2018)June 9Jorja Smith — 
Lost & Found
 (2018)
Ne-Yo — 
GOOD MAN
 (2018)June 8Bali Baby & Rockstar Marqo — 
Sosa & Tony: The Movie
 (2018)
CosaNostra Kidd — 
Wham
 (2018)June 7Rich The Kid — 
Trap Talk
 (2016)
André 3000 — 
Look Ma No Hands
 (2018)
Stalone — 
Uropa
 (2018)
Middle Kids — 
Lost Friends
 (2018)
Kirsten Collins — ""Rainbows"" (2018)
Kirsten Collins — ""BAD"" (2018)
Jade Novah — ""Next to You"" (2018)
Dan + Shay — ""Alone Together"" (2018)
CASS — ""Not for Sale"" (2018)
lil aaron — 
ROCK$TAR FAMOU$
 (2018)
Cautious Clay — 
RESONANCE
 (2018)
YBN Almighty Jay — ""2 Tone Drip"" (2018)
Lil Skies (feat. Yung Pinch) — ""I Know You"" (2018)June 6Freedom Fry — 
Classic
 (2018)
Future (feat. Yung Bans) — ""Bag"" (2018)
Natalie Prass — 
The Future and the Past
 (2018)
Sarah Reeves — ""Easy"" (2018)
Rex Orange County & Randy Newman — ""You've Got a Friend in Me"" (2018)
Liz Vice — 
Save Me
 (2018)
MNEK (feat. Hailee Steinfeld) — ""Colour"" (2018)
Third Party — ""Free"" (2018)
Mac Miller — ""Programs"" (2018)
A$AP Ferg — ""Harlem Anthem"" (2018)
Black Thought — 
Streams of Thought Vol. 1
 (2018)
Lauv — 
I met you when I was 18. (the playlist)
 (2018)
The 1975 — ""Give Yourself a Try"" (2018)
Big Freedia — 
3rd Ward Bounce
 (2018)
Florida Georgia Line — ""Colorado"" (2018)
Florida Georgia Line — ""Simple"" (2018)June 5Sabrina Carpenter — ""Almost Love"" (2018)
Kanye West — 
ye
 (2018)
Jade Bird — ""Furious"" (2018)
Meiko — 
Playing Favorites
 (2018)
Jessie J — 
R.O.S.E. (Empowerment)
 (2018)
Riley Clemmons — ""Better for It (2018)
DREAMERS — ""SCREWS"" (2018)
NIKI — 
Zephyr
 (2018)June 4Parliament — 
Medicaid Fraud Dogg
 (2018)
Zaytoven — 
Trapholizay
 (2018)
Fortunate Ones — 
Hold Fast
 (2018)
Lindsay Ell — 
The Continuum Project
 (2018)
Sudan Archives — 
Sink
 (2018)
NDAI — ""Time Heals All Wounds"" (2018)
Maggie Rogers — ""Fallingwater"" (2018)
Naji — 
Act I
 (2018)June 3Silk — 
Silk
 (1995)June 2N/AJune 1Young Nudy (feat. 21 Savage) — ""Since When"" (2018)
D.O.D — ""Glow"" (2018)
The New Respects — ""Freedom"" (2018)
Clairo — 
diary 001
 (2018)
Jorja Smith — ""February 3rd"" (2018)
Juice WRLD — 
Goodbye & Good Riddance
 (2018)MayMay 31Pusha T — 
DAYTONA
 (2018)
CHVRCHES — 
Love Is Dead
 (2018)
Shawn Mendes — 
Shawn Mendes
 (2018)
Drake — ""I'm Upset"" (2018)May 30The Internet — ""Roll! (Burbank Funk) (KAYTRANADA Remix)"" (2018)
Blue October — ""Colors Collide"" (2018)
nobigdyl. — ""twenty eighteen"" (2018)
nobigdyl. — ""psycho heart!"" (2018)
Jay Rock — ""WIN"" (2018)
Chaos Chaos — 
Chaos Chaos
 (2018)
Temi Omi (feat. Tierra Whack) — ""Pull Up on You"" (2018)
Alex Da Kid (feat. H.E.R. & Rapsody) — ""Go"" (2018)
KYLE — 
Light of Mine
 (2018)
Christina Aguilera (feat. Demi Lovato) — ""Fall in Line"" (2018)
Lil Baby — 
Harder Than Ever
 (2018)
Pharrell Williams & Camila Cabello — ""Sangria Wine"" (2018)May 29NIKI — ""I Like U"" (2018)
NIKI — ""See U Never"" (2018)
NIKI — ""Chilly"" (2018)
NIKI — ""Vintage"" (2018)
ORKID — ""So Rude"" (2018)
TOMI — ""Coming Around"" (2018)
Natalie Prass — ""Lost"" (2018)
Now, Now — ""MJ"" (2018)
Jennifer Hudson — ""I'll Fight"" (2018)
Ashe — ""Choirs"" (2018)
THEY. — ""Ain't the Same"" (2018)
Sabrina Carpenter & Jonas Blue — ""Alien (M-22 Remix)"" (2018)
Terrance Escobar (feat. Thouxanbanfauni) — ""*D 4 L*"" (2018)
Mike Jones — ""All on Me"" (2018)
A$AP Ferg & Elle Fanning — ""Moon River"" (2018)
Jasmine Thompson — ""Lonely Together"" (2018)
Houndmouth — ""This Party"" (2018)
Ginny Owens — ""Remind Me"" (2018)
Jean Deaux — ""Energy"" (2018)
morgxn — ""me without you"" (2018)
Gallant — ""Doesn't Matter"" (2018)
Chantel Jeffries (feat. Offset & Vory) — ""Wait"" (2018)
Tee Grizzley (feat. Chris Brown) — ""Fuck It Off"" (2018)
Wiz Khalifa (feat. Gucci Mane) — ""Real Rich"" (2018)
Jessie Reyez — ""Body Count"" (2018)
Troye Sivan — ""Bloom"" (2018)
Julia Michaels (feat. Trippie Redd) — ""Jump"" (2018)
Jess Glynne — ""I'll Be There"" (2018)
Dan + Shay — ""All to Myself"" (2018)
Charlie Puth (feat. Kehlani) — ""Done for Me"" (2018)
Charlie Puth — ""The Way I Am"" (2018)
Florence + The Machine — ""Hunger"" (2018)
Travis Scott (feat. Lil Uzi Vert & Kanye West) — ""Watch"" (2018)
Shawn Mendes (feat. Khalid) — ""Youth"" (2018)May 28N/AMay 27N/AMay 26A$AP Rocky — 
TESTING
 (2018)May 25N/AMay 24N/AMay 23N/AMay 22N/AMay 21N/AMay 20N/AMay 19Various Artists — 
Boomerang Soundtrack
 (1992)
Foggieraw — ""Prolly"" (2018)
BRYN (feat. Yung Fume) — ""Pull Up"" (2018)May 18Desiigner — 
L.O.D.
 (2018)May 17N/AMay 16N/AMay 15N/AMay 14N/AMay 13N/AMay 12April + Vista — ""Own2"" (2018)
Amy Grant — ""Say It With a Kiss"" (2018)
Jodeci — 
The Show, the After-Party, the Hotel
 (1995)May 11Playboi Carti — 
Die Lit
 (2018)May 10Leon Bridges — 
Good Thing
 (2018)
Rob $tone — 
Young Rob $tone
 (2018)
Jeremy Zucker — 
glisten
 (2018)
Yung Gravy — 
Snow Cougar
 (2018)
Amber Mark — 
Conexão
 (2018)May 9BlocBoy JB — 
SIMI
 (2018)
6 Dogs & Danny Wolf — 
6 Wolves
 (2018)
Slim Jxmmi — 
Jxmtro
 (2018)
Swae Lee — 
Swaecation
 (2018)
Rae Sremmurd — 
SR3MM
 (2018)
Tove Styrke — 
Sway
 (2018)May 8Playboi Carti — ""Foreign"" (2018)
L.A. Salami — 
The City of Bootmakers
 (2018)
Laura Veirs — 
The Lookout
 (2018)
Jim Jones — 
Wasted Talent
 (2018)
nothing,nowhere. — 
ruiner
 (2018)May 7Pete Rock & C.L. Smooth — 
The Main Ingredient
 (1994)
Childish Gambino — ""This Is America"" (2018)
Madeline Kenney — 
Night Night at the First Landing
 (2017)
Annmarie — 
Tripolar
 (2018)
Georgi Jacobs — ""Hard to Love"" (2018)
Elle Teresa — 
KAWAII BUBBLY LOVELY
 (2018)May 6702 — 
No Doubt
 (1996)
A$AP Ferg — 
Still Striving
 (2017)
Madeline Kenney — 
Signals
 (2016)
21 Savage & Metro Boomin — 
Savage Mode
 (2016)
Trippie Redd — 
A Love Letter to You
 (2017)
Wintertime — 
I Know What You Did Last Winter
 (2016)
Cassy London — 
Realm
 (2017)May 5Cassy London — ""Wonderland"" (2016)
Diego Money — 
Go Diego EP
 (2017)May 4Diego Money — 
Diego & Friends
 (2017)
Evangeline Joy — 
Verbatim
 (2013)
Karen Waldrup — ""Warm in Your Sunshine"" (2017)
Phoebe Ryan — 
James
 (2017)
Nadia — 
Rebel
 (2017)
Jxck Kelly — ""Nancy"" (2018)
Jxck Kelly — ""Nothing"" (2018)
K. Cero — 
Songs About You
 (2017)
Soduh — 
The Crocodile
 (2018)May 3Phoebe Ryan — 
Mine EP
 (2015)
Ashaya — 
November
 (2016)
Evan Diamond — ""Intersections"" (2018)
Vai Petri — ""Criminal"" (2018)
Vai Petri — ""Let Live"" (2017)
Analisa Corral — 
Sugar Pills - Pack 1
 (2018)
Kara Elyse — ""Take Control"" (2018)
Aced Spade (feat. Lé, Kiim Bosh, D. Laflair & Marko Stat$) — ""Outta Sight"" (2018)May 2Carnage — 
Battered Bruised & Bloody
 (2018)
Ciaran Lavery — 
Sweet Decay
 (2018)
Robert Glasper Experiment — 
Robert Glasper x KAYTRANADA: The ArtScience Remixes
 (2018)
Robotaki — 
Science
 (2018)
Skizzy Mars — 
are you OK?
 (2018)
Bazzi — 
COSMIC
 (2018)May 1Famous Dex — 
Dex Meets Dexter
 (2018)
The Aces — 
When My Heart Felt Volcanic
 (2018)
The Longshot — 
The Longshot EP
 (2018)
Luniz — 
No Pressure
 (2018)
Ski Mask The Slump God — 
Beware the Book of Eli
 (2018)
Kanye West — ""Lift Yourself"" (2018)
Cardi B — 
Invasion of Privacy
 (2018)
Serayah — 
Addicted
 (2018)
Sigrid — 
Raw
 (2018)
Smokepurpp & Murda Beatz — 
Bless Yo Trap
 (2018)
Young Thug — 
Hear No Evil
 (2018)
isaac gracie — 
isaac gracie
 (2018)
Sofi Tukker — 
Treehouse
 (2018)
Alyson Stoner — ""God's Plan"" (2018)
Moon Taxi (feat. Sofi Tukker) — ""Two High (Sofi Tukker Remix)"" (2018)
Terri Clark & Dallas Smith — ""One Drink Ago"" (2018)
Ne-Yo, Bebe Rexha & Stefflon Don — ""PUSH BACK"" (2018)
Daryl Hall & John Oates (feat. Train) — ""Philly Forget Me Not"" (2018)
THEY. & DEAN — ""Dante's Creek (deantrbl Remix)"" (2018)
Nelly (feat. Jacquees) — ""Freaky with You"" (2018)
Amine (feat. Injury Reserve) — ""Campfire"" (2018)
Ralo & P.Skud — ""Don't Worry"" (2018)
Bebe Rexha — ""Meant to Be (Acoustic)"" (2018)
Jenny Hval — ""Spells"" (2018)
Calpurnia — ""Louie"" (2018)
DREAMS — ""Silence"" (2018)
Gang Gang Dance — ""Lotus (edit)"" (2018)
Royce da 5'9"" (feat. Ashley Sorrell) — ""Stay Woke"" (2018)AprilApril 30Chaos Chaos — ""Pink Politics"" (2018)
La Luz — ""The Creature"" (2018)
REMMI — ""Desperate"" (2018)
Couros — ""Young"" (2018)
Highasakite — ""Out of Order"" (2018)
Mavi Phoenix — ""Yellow"" (2018)
TOMI — ""Every Morning I Feel Like Running Away"" (2018)
Wet — ""Soften"" (2018)
Asteph — ""No One Will Smile"" (2018)
AUGUST 08 — ""Lately"" (2018)
Alae — ""Stone Cold"" (2018)
Jackson Penn — ""Babylon"" (2018)
Morgan Wallen — ""Happy Hour"" (2018)
Allen Stone — ""Brown Eyed Lover"" (2018)
Higher Brothers & DJ Snake — ""Made in China"" (2018)
The Shires — ""The Hard Way"" (2018)
Dierks Bentley — ""The Mountain"" (2018)
Kideko — ""Good Thing"" (2018)
Marian Hill — ""Wish You Would"" (2018)
Powers Pleasant (feat. Joey Bada$$ & A$AP Ferg) — ""Pull Up"" (2018)
Tritonal (feat. Riley Clemmons) — ""Out My Mind (Club Mix)"" (2018)
Bearson (feat. Ashe) — ""Get Lost"" (2018)
Cole Swindell  — ""Somebody's Been Drinkin'"" (2018)
Ekali & Medasin (feat. Elohim) — ""Forever"" (2018)
Christopher — ""Bad"" (2018)
Amy Shark — ""I Said Hi"" (2018)
50 Cent (feat. PnB Rock) — ""Crazy"" (2018)
SATICA — ""Inner Child"" (2018)
DJ Megan Ryte (feat. Tory Lanez & HoodCelebrityy) — ""On & On"" (2018)
John Splithoff — ""Raye"" (2018)
Gavin James — ""Always"" (2018)
Aries — ""SAYONARA"" (2018)
Juice WRLD — ""All Girls Are the Same"" (2018)
Brandy Burnette & Dwilly (feat. Kayo Genesis) — ""Hands Down"" (2018)
BATE (feat. Blake Rose & Radio 3000) — ""One I Love"" (2018)
Florence + the Machine — ""Sky Full of Song"" (2018)
Cash Cash (feat. Abir) — ""Finest Hour"" (2018)
Louis the Child (feat. Wafia) — ""Better Not"" (2018)
5 Seconds of Summer — ""Youngblood"" (2018)
ZAYN — ""Let Me"" (2018)
G-Eazy (feat. Yo Gotti & YBN Nahmir) — ""1942"" (2018)
Gianna Adams — 
I Don't Know
 (2018)
Drake — ""Nice for What"" (2018)
Catherine McGrath — ""Wild"" (2018)
Trinidad Cordova — ""Even If"" (2018)
Youngr — ""Drive"" (2018)
Marshmello & Anne-Marie (feat. A Boogie Wit da Hoodie) — ""FRIENDS (A Boogie Wit da Hoodie Remix)"" (2018)April 29Empress Of — 
Trust Me Baby / In Dreams
 (2018)
Derek Minor (feat. Dre Murray, Chino Dollaz & Anesha Birchett) — ""Decisions"" (2018)
Phora — ""Come Thru"" (2018)
nobigdyl. — ""enemies?"" (2018)
Patrick Paige II (feat. Syd & Kari Faux) — ""On My Mind / Charge It to the Game"" (2018)
Nicki Minaj — ""Chun-Li"" (2018)
King Princess — ""Talia"" (2018)
Swae Lee (feat. Slim Jxmmi) — ""Guatemala"" (2018)
Lil Pump — ""Esskeetit"" (2018)
Bebe Rexha (feat. Quavo) — ""2 Souls on Fire"" (2018)
Bebe Rexha — ""Ferrari"" (2018)
Nicki Minaj — ""Barbie Tingz"" (2018)
Keith Urban — 
Graffiti U
 (2018)
Half Waif — 
Lavender
 (2018)
Janelle Monáe — 
Dirty Computer
 (2018)
We Are Scientists — 
Megaplex
 (2018)
Cicada Rhythm — 
Everywhere I Go
 (2018)
Twin Shadow — 
Caer
 (2018)April 28Elohim — 
Elohim
 (2018)
Sarah Reeves — 
Easy Never Needed You
 (2018)
Buzzy Lee — 
Facepaint
 (2018)
XXXTENTACION — 
?
 (2018)
Anne-Marie — 
Speak Your Mind
 (2018)
SahBabii (feat. 21 Savage) — ""Outstanding"" (2018)
Peso da Mafia — ""About Us"" (2018)
Codes — 
GO DOWN / THAT CRACK
 (2018)April 27NEEDTOBREATHE — ""Darling"" (2018)
Kailee Morgue — ""Fuck U"" (2018)
Meg Myers — ""Numb"" (2018)
Shea Diamond — ""Keisha Complexion"" (2018)
A Boogie Wit da Hoodie — ""Right Moves"" (2018)
Tee Grizzley (feat. Lil Yachty) — ""2 Vaults"" (2018)
Aloe Blacc — ""Brooklyn in the Summer"" (2018)
The Internet — ""Roll! (Burbank Funk)"" (2018)
Clairo — ""4EVER"" (2018)
Jason Mraz — ""Have It All"" (2018)
Imagine Dragons — 
Evolve
 (2017)
Onyx — 
Black Rock
 (2018)
Young Scooter — 
Trippple Cross
 (2018)April 26Towkio — 
WWW.
 (2018)
Black Milk — 
FEVER
 (2018)
Blac Youngsta — 
223
 (2018)
Quinn XCII — 
The Story of Us (Deluxe Tracks)
 (2018)
Quinn XCII — 
The Story of Us
 (2017)April 25J. Cole — ""Want You to Fly"" (2017)
Skool Boy (Skoolie 300) — 
After Skool Vol. 1
 (2009)April 24S. Carey — 
Hundred Acres
 (2018)
SOB X RBE — 
GANGIN
 (2018)
Kodak Black — 
Heart Break Kodak (HBK)
 (2018)
Rockstar Marqo — 
Fuck Rap'n
 (2018)
The Dopplegangaz — ""Fajita Effect"" (2018)
Ugly God — 
just a lil something before the album...
 (2018)April 23E-40 & B-Legit — 
Connected and Respected
 (2018)
ALLBLACK — 
Outcalls
 (2018)
Katelyn Tarver — ""LY4L"" (2018)
Jade Bird — ""Cathedral (Acoustic)"" (2017)
Princess Nokia — 
A Girl Cried Red
 (2018)
Tinashe — 
Joyride
 (2018)
The Paper Kites — 
On the Train Ride Home
 (2018)
Mýa — 
T.K.O. (The Knock Out)
 (2018)
Bishop Briggs — 
Church of Scars
 (2018)
Lord Huron — 
Vide Noir
 (2018)
The Chainsmokers — 
Sick Boy
 (2018)
Sasha Sloan — 
sad girl
 (2018)
Anna Leone — 
Wandered Away
 (2018)
Carrie Underwood — ""Cry Pretty"" (2018)
Lykke Li — 
deep end / hard rain
 (2018)
PRETTYMUCH — 
PRETTYMUCH an EP
 (2018)April 22A$AP TyY — 
Best Kept Secret
 (2016)
A$AP TyY — 
Troubles of the World
 (2018)
A$AP Rocky — ""Herojuana Blunts"" (2018)
Thouxanbanfauni — 
The EXFiles
 (2017)
XVL Hendrix — 
Blessings & a Curse 2
 (2018)
Thouxanbanfauni — 
Heavy Weight Champ
 (2017)
Flatbush ZOMBiES — 
Vacation in Hell
 (2018)April 21Migo Domingo — 
Menace II Society
 (2018)
A$AP Ant — 
The Best of A$AP Ant 2017
 (2018)
Off Bloom — ""Love Actually"" (2018)
Halsey (feat. Stefflon Don) — ""Alone (Calvin Harris Remix)"" (2018)
Jack & Jack — ""Stay with Me"" (2018)
JGrrey — ""Growing"" (2018)
FIDLAR — ""Alcohol"" (2018)
Mahalia — ""No Reply"" (2018)
AURORA — ""Queendom"" (2018)
Channel Tres — ""Controller"" (2018)
Hobo Johnson — ""Peach Scone"" (2018)
Calvin Harris & Dua Lipa — ""One Kiss"" (2018)
Wiz Khalifa — ""420 Freestyle"" (2018)
Schilly (feat. Nessly) — ""Higher"" (2018)
Caitie Hurst — ""How Could I Be Silent"" (2018)
Vacationer — ""Being Here"" (2018)
KB — ""No Chains"" (2018)
Cam — ""Palace (Cover)"" (2018)
L.I.F.T — ""WANNA DIE"" (2018)
Anik Khan (feat. Burna Boy & Sango) — ""Oh My"" (2018)
Naughty Boy, RAY BLK & Wyclef Jean — ""All or Nothing"" (2018)
Hyphen Hyphen — ""KND"" (2018)
Rae Sremmurd (feat. Travis Scott) — ""CLOSE"" (2018)
Jeremy Zucker (feat. Chelsea Cutler) — ""better off"" (2018)
6 Dogs (feat. Lil Skies) — ""Off the Gas"" (2018)
Jean Deaux — ""SSN (They Say)"" (2018)
CRUISR — ""Mind Eraser"" (2018)
Anne-Marie — ""2002"" (2018)
Caitie Hurst — ""Nothing to Hide"" (2018)
Leon Bridges — ""Beyond"" (2018)
iZNiiK — ""round the world"" (2018)
BURNS (feat. Maluma & Rae Sremmurd) — ""Hands on Me"" (2018)
A Boogie Wit da Hoodie (feat. Tory Lanez) — ""Best Friend"" (2018)
Khalid, 6LACK & Ty Dolla $ign — ""OTW"" (2018)
Prince — ""Nothing Compares 2 U"" (2018)
VHS Collection — ""One"" (2018)
Courtney Barnett — ""City Looks Pretty"" (2018)
VanJess — ""Addicted"" (2018)
Casey Veggies (feat. Wiz Khalifa) — ""Show Off"" (2018)
Bas (feat. Correy C) — ""Pinball II"" (2018)
Shae Jacobs — ""Space"" (2018)
Confetti — ""When I Grow Up"" (2018)
Bahari — ""Savage"" (2018)
Sauce Walka — ""No Recess"" (2018)
Warhol.SS — ""Birds Nest"" (2018)April 20Billie Eilish & Khalid — ""lovely"" (2018)
Russ (feat. Jessie Reyez) — ""Basement"" (2018)
Janelle Monáe — ""I Like That"" (2018)
Ariana Grande — ""no tears left to cry"" (2018)
J. Cole — 
KOD
 (2018)April 19Yung Bans — 
Yung Bans Vol. 4
 (2018)
Berhana — ""Whole Wide World"" (2018)
RuthAnne — ""The Vow"" (2018)
Ray LaMontagne — ""Such a Simple Thing"" (2018)
Sarah Reeves — ""Something About You"" (2018)
BlocBoy JB (feat. 21 Savage) — ""Rover 2.0"" (2018)
San Holo (feat. Taska Black) — ""Right Here, Right Now"" (2018)
Underoath — ""Rapture"" (2018)
Snail Mail — ""Pristine"" (2018)
Mr. Popular — ""Price Is Right"" (2018)
Marc Scibilia — ""Over You"" (2018)
Eminem (feat. Kehlani) — ""Nowhere Fast (Extended Version)"" (2018)
Steve Angello & Sam Martin — ""Nothing Scares Me Anymore"" (2018)
Thandi Phoenix — ""My Way"" (2018)
Steve Aoki & Quintino — ""Mayhem"" (2018)
CVIRO & GXNXVS — ""Lady"" (2018)
Chloe x Halle — 
The Kids Are Alright
 (2018)
Alec King — ""Keep It Real"" (2018)
Spencer Ludwig — ""Just Wanna Dance"" (2018)
Goody Grace — 
Infinite
 (2018)
joan — ""i loved you first"" (2018)
Ernest K., Case Arnold & Bryant Taylorr — ""I Love My City"" (2018)
Jack & Jack — ""I Don't Know"" (2018)
Nightly — ""Holding On"" (2018)
Bazzi — ""Honest"" (2018)
Hiss Golden Messenger — 
Hiss Golden Messenger Meets Spacebomb
 (2018)
FINNEAS — ""Heaven"" (2018)
No Jumper (feat. Tay-K & BlocBoy JB) — ""Hard"" (2018)
070 Shake — 
Glitter
 (2018)
Sonta — 
In My Feelings
 (2017)
Jason Aldean — ""Gettin' Warmed Up"" (2018)
NONONO — ""Friends"" (2018)
kiLL edward — ""Tidal Wave (just a little reference)"" (2018)
Two Door Cinema Club — 
Four Words to Stand On
 (2018)
Kodaline — ""Follow Your Fire"" (2018)
David Guetta & Sia — ""Flames"" (2018)
Golden Features — ""Falling Out"" (2018)
Let's Eat Grandma — ""Falling into Me"" (2018)
Mishegas — ""Episodes"" (2018)
Grizfolk — ""Endless Summer"" (2018)April 18Trouble & Mike WiLL Made-It — 
Edgewood
 (2018)
CHVRCHES — ""Miracle"" (2018)
Ski Mask The Slump God — ""SKIMeetsWorld"" (2018)
ELEL — ""Early in the Morning"" (2018)
Snow Patrol — ""Don't Give In"" (2018)
Sheck Wes — ""Do That"" (2018)
Marian Hill — ""Differently"" (2018)
Ryan Hurd — ""Diamonds or Twine"" (2018)
Autograf (feat. Lils & Bonsai Mammal) — ""Dead Soon"" (2018)
Lil Skies (feat. Rich The Kid) — ""Creeping"" (2018)
Burak Yeter — ""Crash"" (2018)
Keith Urban (feat. Julia Michaels) — ""Coming Home"" (2018)
Diplo — 
California
 (2018)
NEEDTOBREATHE — ""Bridges Burn"" (2018)
E^ST — ""Blowjob"" (2018)
SHY Martin — ""Bad in Common"" (2018)
The Shadowboxers — 
Apollo
 (2018)
Vory — ""9.22"" (2018)
The Aces — ""Waiting for You"" (2018)
Zaytoven (feat. Yung Cakes) — ""Time Too"" (2018)
Mike Jones — ""Some Show Me Love"" (2018)
Pete Rock (feat. Amxxr) — ""Rap Caviar"" (2018)
RaeLynn — ""Queens Don't"" (2018)
SD — 
Pay Attention
 (2018)
Noname (feat. Sniperghini) — ""Nikey"" (2018)
The Neighbourhood — 
The Neighbourhood
 (2018)
Jose Guapo — 
Lingo 2: The Return
 (2018)
Chief Keef — 
The Leek Volume 4
 (2018)April 17Lil Yachty — 
Lil Boat 2
 (2018)
Migos (feat. Hoodrich Pablo Juan) — ""Migo Pablo"" (2018)
Foggieraw — 
Fogtavious Vandross
 (2018)
Gravediggaz — ""Enter the Graveyard Chamber"" (2018)
Cautious Clay — ""Cold War (Stripped)"" (2018)
AJR — ""Burn the House Down"" (2018)
Waka Flocka Flame, Zaytoven & Big Bank — 
The Brick House Boyz
 (2018)
Halsey (feat. Big Sean & Stefflon Don) — ""Alone"" (2018)
Mary Chapin Carpenter — 
Sometimes Just the Sky
 (2018)April 16Frank Ocean — 
Endless
 (2016)
Her — 
Her
 (2018)
Zhané — 
Pronounced Jah-Nay
 (1994)
LSG — 
Levert.Sweat.Gill
 (1997)
Cardi B — ""Be Careful"" (2018)April 15Tove Styrke (feat. Björn Yttling) — ""Say My Name (Acoustic Version)"" (2017)
Tove Styrke — ""... Baby One More Time"" (2015)
Tove Styrke — ""liability (demo)"" (2017)
Tove Styrke — ""Mistakes"" (2017)
Tove Styrke — ""Changed My Mind"" (2018)
Tove Styrke — ""Say My Name"" (2017)
Tove Styrke — ""On the Low"" (2018)
OutKast — 
Southernplayalisticadillacmuzik
 (1994)
Steffany Gretzinger — 
Blackout
 (2018)April 14N/AApril 13Doja Cat — 
Amala
 (2018)
A Tribe Called Quest — 
Beats, Rhymes and Life
 (1996)
A Tribe Called Quest — 
Midnight Marauders
 (1993)
Jean Grae & Quelle Chris  — 
Everything's Fine
 (2018)April 12Ashley McBryde — 
Girl Going Nowhere
 (2018)April 11Craig Mack (feat. Q-Tip) — ""Get Down (Q-Tip Remix)"" (1994)
Damar Jackson — 
Unfaithful
 (2018)
The Voidz — 
Virtue
 (2018)April 10DJ Esco — 
KOLORBLIND
 (2018)
Bloodboy — ""Is Now a Good Time to Ruin Your Life?"" (2018)
Kylie Minogue — ""Raining Glitter"" (2018)
Hinds — ""Finally Floating"" (2018)
Andra Day — ""I Wish I Knew How It Would Feel to Be Free"" (2018)
CHVRCHES — ""Never Say Die"" (2018)
Tinashe (feat. Ty Dolla $ign & French Montana) — ""Me So Bad"" (2018)
Billie Eilish — ""bitches broken hearts"" (2018)
Grace VanderWaal — ""Clearly"" (2018)
Tori Kelly (feat. The HamilTones) — ""Help Us to Love"" (2018)
Lizzo — ""Fitness"" (2018)
Cassadee Pope — ""Take You Home"" (2018)
Jessie Reyez (feat. Daniel Caesar) — ""Figures, a Reprise"" (2018)April 9Henry Green — 
Shift
 (2018)April 8N/AApril 7A$AP Rocky (feat. BlocBoy JB) — ""Bad Company"" (2018)
Ty Dolla $ign (feat. Gucci Mane & Quavo) - ""Pineapple"" (2018)
ARTY — ""Rain"" (2018)
Tyler, The Creator — ""OKRA"" (2018)
Lauv — ""Chasing Fire"" (2018)April 6Hayley Kiyoko — 
Expectations
 (2018)April 5Rich The Kid — 
The World Is Yours
 (2018)
Kacey Musgraves — 
Golden Hour
 (2018)
The Weeknd — 
My Dear Melancholy,
 (2018)
Louisa (feat. 2 Chainz) — ""YES"" (2018)
Alyson Stoner — ""When It's Right"" (2018)April 4D'Angelo — 
Brown Sugar
 (1995)
Troop — 
Attitude
 (1989)April 3Christopher Williams — 
Changes
 (1992)April 2Guy — 
The Future
 (1990)
Silk — 
Lose Control
 (1992)April 1DJ SpinKing (feat. A$AP Ferg, Tyga, Velous & Jeremih) — ""Adult Swim"" (2014)
Busta Rhymes & Q-Tip — 
The Abstract and the Dragon
 (2013)MarchMarch 31H-Town — 
Fever for da Flavor
 (1993)March 30The Internet — 
Feel Good
 (2013)
The Internet — 
Ego Death
 (2015)March 29N/AMarch 28N/AMarch 27N/AMarch 26N/AMarch 25N/AMarch 24Belly (feat. YG) — ""4 Days"" (2018)
Thirty Seconds to Mars (feat. A$AP Rocky) — ""One Track Mind"" (2018)
Kacey Musgraves — ""High Horse"" (2018)
Shawn Mendes — ""Lost in Japan"" (2018)
grandson — ""thoughts & prayers"" (2018)
Panic! At the Disco — 
Say Amen for Silver Linings
 (2018)
KYLE (feat. Kehlani) — ""Playinwitme"" (2018)
Amara La Negra — ""Insecure"" (2018)
Keith Urban (feat. Julia Michaels) — ""Coming Home"" (2018)
Shawn Mendes — ""In My Blood"" (2018)March 23at Wendys — 
We Beefin?
 (2018)
Tove Styrke — 
Kiddo
 (2018)
Warhol.SS — 
Where's Warhol?
 (2017)
MadeinTYO — 
True's World
 (2017)
StaRR Lyfe — ""Fuck Tomi Lahren (Shut Up Bitch)"" (2016)
Warhol.SS — 
Warhol 16'
 (2017)
Warhol.SS — 
3200
 (2017)
Jeremih — 
The Chocolate Box
 (2018)March 22Playboi Carti — ""Shake N Bake"" (2018)
Sammie — 
Series 31873.0
 (2018)
Marshmello (feat. Leah Culver) — ""Fly"" (2018)
Steffany Gretzinger — ""Save Me"" (2018)
Jason Derulo — ""Colors"" (2018)
FLETCHER — ""I Believe You"" (2018)
KYLE — ""To the Moon"" (2018)
Vince Staples — ""Get the Fuck Off My Dick"" (2018)
DROELOE — ""Many Words"" (2018)
Buddy (feat. A$AP Ferg) — ""Black"" (2018)
Phora — ""Boss Up"" (2018)
The Knocks (feat. Foster The People) — ""Ride or Die"" (2018)
Neko Case — ""Hell-On"" (2018)
REMMI — ""Minimum Wage"" (2018)
morgxn — ""translucent"" (2018)
Ashley Monroe — ""Paying Attention"" (2018)
The Aces — ""Just Like That"" (2018)
Sauce Walka — ""OK"" (2018)
Trinidad James — ""T.I.B.E. (This Is Black Excellence)"" (2018)
Bankroll Fresh — ""Whole 4"" (2018)
Loote — ""Your Side of the Bed"" (2018)
JP Saxe — ""The Few Things"" (2018)
Years & Years — ""Sanctify"" (2018)
Alison Wonderland — ""No"" (2018)
Wifisfuneral — ""25 Lighters"" (2018)
Johnny Yukon — ""Lonely"" (2018)
Yoke Lore — ""Fake You"" (2018)
Sjowgren — ""Beginners"" (2018)
Barns Courtney — ""Sinners"" (2018)
Brett Castro — ""Much About Sadness"" (2018)
Louis The Child (feat. Joey Purp) — ""Shake Something"" (2018)
Jordan Hollywood — ""Cash Out"" (2018)
Parquet Courts — ""Wide Awake"" (2018)
Wet — ""There's a Reason"" (2018)
Liv Dawson — ""Talk"" (2018)
Dermot Kennedy — ""Young & Free"" (2018)
Beach House — ""Dive"" (2018)
Jon Hopkins — ""Emerald Rush"" (2018)
Sofi Tukker — ""Baby I'm a Queen"" (2018)
TRACES — ""Before I Wilt"" (2018)
Spazz Cardigan — ""Episode"" (2018)
CXLOE — ""Monster"" (2018)March 21Necklace — ""Easy"" (2018)
George Ezra — ""Hold My Girl"" (2018)
Sea Girls — ""Eat Me Whole"" (2018)
Shaylen — ""Take It Back"" (2018)
Salt Cathedral — ""No Love"" (2018)
Lil Jay Brown — 
Money Luvin Youngin: The Lick Tape
 (2018)
John Wic — 
One Gunman
 (2018)
Famous Dex & Polo Boy Shawty — 
When Polo Met Dexter
 (2018)March 20Astrid S — 
Party's Over (Acoustic)
 (2017)
Bell Biv DeVoe — 
Poison
 (1990)
Mobb Deep — 
The Infamous Archives
 (2007)
Sy Ari da Kid — 
After the Heartbreak
 (2018)March 19Jonathan Wilson — 
Rare Birds
 (2018)
Current Joys — 
A Different Age
 (2018)March 18Cape Cope — 
How to Socialise & Make Friends
 (2018)March 17N/AMarch 16N/AMarch 15Sabrina Carpenter & Jonas Blue — ""Alien"" (2018)
Katie Herzig — 
Moment of Bliss
 (2018)March 14Haley Heynderickx — 
I Need to Start a Garden
 (2018)March 13The Breeders — 
All Nerve
 (2018)
Waka Flocka Flame — 
Benjamin Flocka
 (2011)March 12Moby — 
Everything Was Beautiful, and Nothing Hurt
 (2018)
The Undercover Dream Lovers — 
In Real Time
 (2018)
Larry June — 
You're Doing Good
 (2018)
Moss Kena — 
Found You in 06
 (2018)
JOY. — 
Six
 (2018)March 11N/AMarch 10Mikky Ekko — 
ADVANCE COPY EP
 (2018)
Margaret Glaspy — 
Born Yesterday
 (2018)
Valee — 
GOOD Job, You Found Me
 (2018)
Soccer Mommy — 
Clean
 (2018)March 9Nessly — 
Wildflower
 (2018)
ALMA — 
Heavy Rules Mixtape
 (2018)
Superorganism — 
Superorganism
 (2018)
Lucius — 
NUDES
 (2018)
Mt. Joy — 
Mt. Joy
 (2018)March 8Tory Lanez — 
MEMORIES DON'T DIE
 (2018)March 7B5 — 
B5
 (2005)
Digable Planets — 
Blowout Comb
 (1994)March 6Digable Planets — 
Reachin' (A New Refutation of Time and Space)
 (1993)
B2K — 
B2K
 (2002)March 5Sophie Rose — ""Pink Lipstick"" (2018)
Subway — 
Good Times
 (1995)
Katelyn Tarver — ""Never Fade"" (2018)
Casey Veggies (feat. 03 Greedo) — ""Broke"" (2018)
UnoTheActivist (feat. Rich The Kid) — ""Fabo (Remix)"" (2018)
Madge — ""Fight or Flight Club"" (2018)
Frankie Simone — ""War Paint"" (2018)
Funky Craig & Tommie Sunshine — ""Where the Drums At"" (2018)
BOBI ANDONOV — ""Smoke"" (2018)
Molly Moore — ""Tough Love"" (2018)
Maths Time Joy (feat. Flores) — ""Going Nowhere"" (2018)
What So Not (feat. Winona Oak) — ""Beautiful"" (2018)
Saba — ""Busy"" (2018)
TV Noise (feat. Drew Love) — ""Run"" (2018)
Now, Now — ""AZ"" (2018)
Amber Mark — ""Love Me Right"" (2018)
Northern Faces — ""Firecracker"" (2018)
Carlos Vara — ""Numb"" (2018)
The Neighbourhood — ""Nervous"" (2018)
pronoun — ""run"" (2018)
XXXTENTACION — ""changes"" (2018)
Young Fathers — ""Toy"" (2018)
EBEN — ""LAMBO"" (2018)
Fickle Friends — ""Wake Me Up"" (2018)
XXXTENTACION — ""SAD!"" (2018)
Zaytoven (feat. Ty Dolla $ign, Jeremih & OJ da Juiceman) — ""What You Think"" (2018)
Hoodrich Pablo Juan (feat. Gucci Mane) — ""We Don't Luv Em (Remix)"" (2018)
Smooky MarGielaa — ""Smooky's Story"" (2018)
Sauce Walka — ""Sauce Baby"" (2018)
Lil Yachty (feat. Digital Nas) — ""Revenge"" (2018)
Flatbush Zombies — ""Headstone"" (2018)
Kap G & Hoodrich Pablo Juan — ""Boss Luv"" (2018)
Jose Guapo (feat. Young Scooter) — ""Blame It on the Streets"" (2018)
Miriam Bryant — ""Black Car"" (2018)
nothing,nowhere. — ""hammer"" (2018)
Coast Modern — ""Electric Feel"" (2018)
Godsmack — ""Bulletproof"" (2018)
The Moondoggies — ""Sick in Bed"" (2018)
Hawthorne Heights — ""Pink Hearts"" (2018)
Everette — ""Slow Roll"" (2018)
Natalie Prass — ""Short Court Style"" (2018)
Fedel — 
Gold Package
 (2018)
The Blaze — ""HEAVEN"" (2018)
The Kills — ""Steppin' Razor"" (2018)
The Kills — ""List of Demands (Reparations)"" (2018)March 4Little Dragon — ""Best Friends"" (2018)
Ryan Kinder — ""Leap of Faith"" (2018)
Smokepurpp & Murda Beatz — ""123"" (2018)
Tom Misch (feat. De La Soul) — ""It Runs Through Me"" (2018)
SG Lewis — ""Coming Up"" (2018)
Rudy Mancuso & Maia Mitchell — ""Magic"" (2018)
Jordan Davis — ""Going 'Round"" (2018)
LA Riots — 
Do Your Thing/All Good
 (2018)
Joyner Lucas & Chris Brown — ""Stranger Things"" (2018)
Fisher — ""Crowd Control"" (2018)
MVEK — ""Tongue"" (2018)
Flo Rida — ""Dancer"" (2018)
Jack White — ""Over and Over and Over"" (2018)
Gucci Mane (feat. Migos & Lil Yachty) — ""Solitaire"" (2018)
Meghan Trainor — ""No Excuses"" (2018)
CHVRCHES (feat. Matt Berninger) — ""My Enemy"" (2018)
DJ Khaled (feat. JAY Z, Future & Beyoncé) — ""Top Off"" (2018)
Zapp — 
Zapp II
 (1982)
Illegal — 
The Untold Truth
 (1993)
Another Bad Creation — 
It Ain't What U Wear, It's How U Play It
 (1993)
Another Bad Creation — 
Coolin' at the Playground Ya Know!
 (1991)
Zapp — 
Zapp
 (1980)
Marqo 2 Fresh — 
Marqo da Monster
 (2016)
N II U — 
N II U
 (1994)March 3Young Nudy (feat. Hoodrich Pablo Juan) — ""Do It"" (2016)
RX Peso — 
Rixh Drugs
 (2018)March 2Playboi Carti — ""Shawty in Love"" (2018)
Confetti — ""People Suck"" (2018)
Max Frost — ""Good Morning"" (2018)
Svrcina — ""Whispers"" (2018)
Ramz — ""Power"" (2018)
Jake Miller (feat. Jabbar Hakeem) — ""The Girl That's Underneath"" (2018)
Sigala (feat. Paloma Faith) — ""Lullaby"" (2018)
VanJess (feat. Berhana & Leikeli47) — ""Easy"" (2018)
Yung Fume & Zaytoven (feat. Young Nudy) — ""Something Else"" (2018)
Timeflies — ""Are You Down"" (2018)
Pentatonix — ""Havana"" (2018)
Tritonal (feat. Riley Clemmons) — ""Out My Mind"" (2018)
Preme — ""No Defeat"" (2018)
Ski Mask The Slump God — ""DoIHaveTheSause?"" (2018)
Sophie Simmons — ""Black Mirror"" (2018)
The Night Game — ""Bad Girls Don't Cry"" (2018)
Clara Mae — ""I Forgot"" (2018)
George Taylor — ""Stay Warm"" (2018)
KLP (feat. Milwaukee Banks) — ""Carried Away"" (2018)
Hembree — ""Continents"" (2018)
Carlie Hanson — ""Us"" (2018)
Vancouver Sleep Clinic — ""Ayahuasca"" (2018)
Alex Lustig (feat. Akacia) — ""In the End"" (2018)
Robinson — ""Nothing to Regret"" (2018)
Nessly (feat. Joji) — ""Make It Right"" (2018)
NoMBE (feat. Big Data) — ""Drama"" (2018)
RAYE, Mabel & Stefflon Don — ""Cigarette"" (2018)
Riz La Vie — ""Napkins"" (2018)
JOHN.k — ""Best of Me"" (2018)
Yuno — ""No Going Back"" (2018)
Emma McGrath — ""Love You Better"" (2018)
Superorganism — ""Reflections on the Screen"" (2018)
King Princess — ""1950"" (2018)
Mickey Shiloh (feat. Rami Beatz) — ""Funny When"" (2018)
Jade Bird — ""Lottery (Acoustic)"" (2018)
Ray J (feat. Kid Ink) — ""Feeling Like Love"" (2018)
Foggieraw (feat. DJ Yung Vamp) — ""Moncler Bubble"" (2018)
The Aces — ""Lovin Is Bible"" (2018)
Noel Gallagher's High Flying Birds — ""God Help Us All (Demo Version)"" (2018)
Nohidea & killedmyself — ""and then, it swallowed me"" (2018)
Spice 1 — ""2 Many Movies"" (2018)
Haux — ""Ricochet"" (2018)
Ashley Monroe — ""Hands on You"" (2018)
Zilo — ""Keep Up Wimi"" (2018)
24hrs (feat. Lil Pump) — ""Lie Detector"" (2018)
Janelle Monáe — ""Django Jane"" (2018)
GASHI — ""1134"" (2018)
CeeLo Green — ""Brick Road"" (2018)
Lewis Capaldi (feat. Jessie Reyez) — ""Rush"" (2018)
Kacey Musgraves — ""Space Cowboy"" (2018)
Bishop Briggs — ""White Flag"" (2018)
5 Seconds of Summer — ""Want You Back"" (2018)
Bazzi — ""Gone"" (2018)
David Guetta, Martin Garrix & Brooks — ""Like I Do"" (2018)
Kacey Musgraves — ""Buterflies"" (2018)
Janelle Monáe — ""Make Me Feel"" (2018)
Logic — ""44 More"" (2018)
Post Malone (feat. Ty Dolla $ign) — ""Psycho"" (2018)
Stalley — 
Tell the Truth Shame the Devil, Vol. 2
 (2018)
Stalley — 
Tell the Truth Shame the Devil
 (2017)
Cautious Clay — 
Blood Type
 (2018)March 1Holly Miranda — 
Mutual Horse
 (2018)
Caroline Rose — 
LONER
 (2018)
Bea Miller — 
aurora
 (2018)FebruaryFebruary 28B.o.B — 
B.o.B Presents: The Adventures of Bobby Ray
 (2010)
Young Nudy — 
Nudy Land
 (2017)
Beyoncé — 
B'Day
 (2006)
DENM — 
Is Whatever
 (2018)February 27Snoop Dogg— 
220
 (2018)
Kendrick Lamar, The Weeknd & SZA — 
Black Panther: The Album (Music from and Inspired By)
 (2018)
Young Nudy — 
Slime Ball 2
 (2017)
Young Nudy — 
Slime Ball
 (2016)February 26Tinashe — 
Aquarius
 (2014)
Fat Joe & Remy Ma (feat. French Montana, InfaRed, Snoop Dogg, The Game & E-40) — ""All the Way Up (Westside Remix)"" (2016)
Pale Waves  — 
ALL THE THINGS I NEVER SAID
 (2018)
Kero Kero Bonito — 
TOTEP
 (2018)
Sonder — 
Into
 (2017)
Ravyn Lenae — 
Crush EP
 (2018)
Charlotte Day Wilson — 
Stone Woman
 (2018)
Good Gas — 
Good Gas, Vol. 1 EP
 (2018)
2 Chainz — 
The Play Don't Care Who Makes It
 (2018)
BoA — 
ONE SHOT, TWO SHOT - The 1st Mini Album
 (2018)February 256ix9ine — 
DAY69
 (2018)
Various Artists — 
Fifty Shades Freed (Original Motion Picture Soundtrack)
 (2018)
A$AP Ant — 
The Prelude
 (2018)
Hoodrich Pablo Juan & Brodinski — 
The Matrix
 (2018)February 24Scrape Gang Marcos (feat. Marqo 2 Fresh) — ""Went to Sleep"" (2017)
Timbaland & Magoo — 
Welcome to Our World
 (1997)
Playa — 
Cheers 2 U
 (1998)
Tha Dogg Pound — 
Dogg Food
 (1995)
Madilyn Bailey — 
Wiser EP
 (2016)
Pi'erre Bourne — ""Hacked My Instagram, Pts. 1 & 2"" (2017)February 23DrugRixh Hect (RX Hector) — 
Hector Vol. 1
 (2017)
Flatlinerz — 
U.S.A.
 (1994)
Gravediggaz — 
6 Feet Deep
 (1994)
Joe — 
All That I Am
 (1997)
Amil — 
A.M.I.L. (All Money Is Legal)
 (2000)February 22Wale — 
Summer on Sunset
 (2016)
Ray J — 
All I Feel
 (2008)
Valerie June — 
For the Loved & Loveless
 (2018)
Madison McFerrin — 
Finding Foundations Vol. II
 (2018)February 21DrugRixh Hect (RX Hector) — 
Ian Never Had Shit
 (2016)
Ugly God (feat. PnB Rock) — ""Imma Dog"" (2018)
Sean Paul & David Guetta (feat. Becky G) — ""Mad Love"" (2018)
Tory Lanez — ""B.I.D"" (2018)
Wale — ""All Star Break Up"" (2018)
Tinashe (feat. Future) — ""Faded Love"" (2018)
YG — ""Suu Whoop"" (2018)February 20Kim Petras — ""Heart to Break"" (2018)
Sammi Sanchez (feat. Reykon) — ""Pum Pum"" (2018)
SOPHIE — ""Faceshopping"" (2018)
Derek Minor — ""It Is What It Is"" (2018)
Madilyn Bailey — ""Tetris"" (2018)
Sofia Reyes (feat. Jason Derulo & De La Ghetto) — ""1, 2, 3"" (2018)
The Neighbourhood — ""Void"" (2018)
PRETTYMUCH — ""10,000 Hours"" (2018)
Lauv — ""Getting Over You"" (2018)
Khalid & Normani — ""Love Lies"" (2018)
Frank Ocean — ""Moon River"" (2018)
A$AP Rocky (feat. 21 Savage, Gucci Mane & London on da Track) — ""Cocky"" (2018)
Pi'erre Bourne — ""Honeyberry"" (2017)
Pi'erre Bourne — ""Hacked My Instagram"" (2018)February 19N/AFebruary 18N/AFebruary 17N/AFebruary 16N/AFebruary 15Alyson Stoner — ""Someone to Call My Lover"" (2018)February 14Rome — 
Rome
 (1997)February 13DJ Paul & Lord Infamous — 
Come With Me to Hell: Part 1 (Remastered)
 (2014)
6LACK — ""Cutting Ties"" (2018)
Mindless Behavior — 
All Around the World
 (2013)
DJ Paul & Lord Infamous — 
Come With Me to Hell 2
 (1995)
Joe — 
Ain't Nothin' Like Me
 (2007)February 12DJ Paul & Lord Infamous — 
Come With Me to Hell
 (1994)
Marshmello & Anne-Marie — ""FRIENDS"" (2018)
Lotto Savage — 
Don Slaughter
 (2016)
Monica — 
After the Storm
 (2003)
Gianna Adams (feat. Jhen) — ""Fallen"" (2018)February 11Thouxanbanfauni — 
Heavy
 (2015)
Thouxanbanfauni — 
Untitled
 (2016)
Brandy — 
Afrodisiac
 (2004)
August Alsina — 
Testimony
 (2014)
Thouxanbanfauni — 
Heavier EP
 (2015)
Thouxanbanfauni — 
34 EP
 (2016)
Keith Sweat (feat. K-Ci) — ""How Many Ways"" (2018)
Parliament (feat. Scarface) — ""I'm Gon Make U Sick O'Me"" (2018)
Trinidad James — ""Zion"" (2018)
K. Michelle (feat. Nathan Jain) — ""Make This Song Cry (Nathan Jain Remix)"" (2018)
Hoodrich Pablo Juan (feat. Lil Dude & Goonew) — ""Take Down"" (2018)
Sherwood Marty — ""Wild'n"" (2018)
MadeinTYO — ""Picture Me Rollin"" (2018)
Snoop Dogg (feat. Tye Tribbett) — ""You"" (2018)
Onyx (feat. Skyzoo) — ""Ima Fuckin Rockstar"" (2018)February 10Jennifer Lopez — ""Us"" (2018)
The Aces — ""Volcanic Love"" (2018)
Tedashii — ""Smile"" (2018)
Fireflight — ""I Won't Look Back"" (2018)
Dorothy — ""Who Do You Love"" (2018)
Sonder — ""One Night Only"" (2018)
grandson — ""Overdose"" (2018)
Au/Ra — ""Panic Room"" (2018)
King Combs (feat. Chris Brown) — ""Love You Better"" (2018)
Ne-Yo — ""GOOD MAN"" (2018)
Rich The Kid — ""Plug Walk"" (2018)
Noah Cyrus (feat. MØ) — ""We Are..."" (2018)
A-Trak & Falcons (feat. Young Thug & 24hrs) — ""Ride for Me"" (2018)
Brent Faiyaz — ""Make Luv"" (2018)
Calvin Harris (feat. PARTYNEXTDOOR) — ""Nuh Ready Nuh Ready"" (2018)
Billy Paul — 
360 Degrees of Billy Paul
 (1972)
Justin Timberlake — 
The 20/20 Experience - 2 of 2
 (2013)February 9Goonew — 
Goonwick
 (2018)
Miilkbone — 
da' Miilkrate
 (1995)February 8Justin Timberlake — 
The 20/20 Experience
 (2010)
ARY — ""Childhood Dreams"" (2017)
Bell Biv DeVoe — ""Gangsta"" (1993)
Anjali World — 
Brave New World
 (2015)
Sabrina Carpenter — ""Smoke and Fire"" (2016)
Hodgy — 
Fireplace: TheNotTheOtherSide
 (2016)
The Aces — 
I Don't Like Being Honest
 (2017)
69 Boyz — 
199Quad
 (1994)
Keyshia Cole — 
11:11 Reset
 (2017)February 7The Isley Brothers — 
3+3
 (1973)
Mike Jones — 
Who Is Mike Jones? (Screwed & Chopped)
 (2005)
Da Youngsta's — 
I'll Make U Famous
 (1995)
Twista — 
Adrenaline Rush
 (1997)February 63LW — 
3LW
 (2000)
Beyoncé — 
4
 (2012)
R. Kelly — 
12 Play
 (1993)
B.O.N.E. Enterpri$e (Bone Thugs-N-Harmony) — 
Faces of Death
 (1993)
Mindless Behavior — 
#1 Girl
 (2011)February 5Nebu Kiniza — ""Gassed Up"" (2016)
Charlotte Lawrence — ""The Finish Line"" (2014)
Charlotte Lawrence — ""Ever After"" (2015)
Jahi Winston — ""Shine"" (2017)
Teairra Marí — ""Deserve"" (2014)
School Gyrls (FOREVER) — 
A Very School Gyrls Holla-Day
 (2010)
A1 (feat. Chris Brown & Ty Dolla $ign) — ""Always"" (2017)
Kendrick Lamar — 
DAMN.
 (2017)
Chance The Rapper — 
Coloring Book
 (2016)
Booby Gibson (feat. Brooke Valentine) — ""Nobody Knows"" (2017)
Migos & Hoodrich Pablo Juan — ""I Can"" (2017)
Migos — 
Culture
 (2017)
Zoey Dollaz — 
M'ap Boule
 (2017)
Ski Mask The Slump God — 
YouWillRegret (Reloaded)
 (2018)
Brontë — ""Salt"" (2017)
Hailee Steinfeld & BloodPop® — ""Capital Letters"" (2018)
Brontë — ""You've Got a Ticket"" (2017)February 4Playboi Carti & Lil Uzi Vert — ""Break the Bank"" (2017)
Bishop Briggs — ""Never Tear Us Apart"" (2018)
Quinn XCII — ""Iron & Steel"" (2018)
Brandi Carlile — ""Whatever You Do"" (2018)
Sarah Reeves — ""Feel the Waters"" (2018)
Busta Rhymes (feat. Missy Elliott & Kelly Rowland) — ""Get It"" (2018)
Rick Ross (feat. T-Pain & Kodak Black) — ""Florida Boy"" (2018)
RaeLynn — ""Festival"" (2018)
The Weeknd & Kendrick Lamar — ""Pray for Me"" (2018)
Molly Parden — ""Who Did You Leave for Me"" (2018)
Caitlyn Canty — ""Motel"" (2018)
Caroline Rose — ""Getting to Me"" (2018)
Fitness — ""Matter of Time"" (2018)
Thunderpussy — ""Torpedo Love"" (2018)
Trinidad Cardona — ""Dinero"" (2018)
Doja Cat — ""Roll With Us"" (2018)
TK Kravitz (feat. Jacquees) — ""Ocean"" (2018)
CLOVES — ""Bringing the House Down"" (2018)
3LAU & Nevve — ""On My Own"" (2018)
Sasha Sloan — ""Normal"" (2018)
Bone Thugs-N-Harmony — 
Strength & Loyalty
 (2007)February 3Tay-K — ""After You"" (2018)
SWV — 
It's About Time
 (1992)
Sammie — 
Coming of Age
 (2017)
Mariah Carey — 
The Emancipation of Mimi
 (2005)February 2Members Only — 
Members Only, Vol. 3
 (2017)
Jeremih & Chance The Rapper — 
Merry Christmas Lil' Mama (Re-Wrapped)
 (2017)
Private Club Records — 
ILUVTPC V1
 (2017)
Sauce Walka — 
Holy Sauce
 (2016)
Chris Brown, OHB & Section Boyz — 
Attack the Block
 (2016)
Goonew — 
Certified Goon
 (2017)
Chris Brown & OHB — 
Before da Trap: Nights in Tarzana
 (2016)February 1Zoedajit — ""Dracula"" (2017)
24hrs — ""RUNNIN 3X"" (2016)
24hrs — ""Last Man"" (2016)
YRN Lingo — 
Strawberry
 (2017)
YRN Lingo — 
Coming for Your Ice
 (2015)
YRN Lingo — 
Blue Ski
 (2016)
Plies — 
The Pussy Monster
 (2008)
YRN Lingo — 
Red Ski
 (2015)JanuaryJanuary 31Mango Foo — 
Ear Hustling
 (2016)
Charlotte Lawrence — ""Seventeen"" (2017)
Moon Taxi — 
Let the Record Play
 (2018)
Emmanuel Hudson & Phillip Hudson — 
Ratchet Du Soleil
 (2014)
SiR — 
November
 (2018)January 30Ray J & Chris Brown — 
Burn My Name
 (2017)
Fall Out Boy — 
M A N  I  A
 (2018)
Noname — 
Telefone
 (2016)January 29YRN Lingo — 
Lingo Mufasa
 (2017)
Famous Dex — 
Read About It
 (2017)
UnoTheActivist — 
Sorry for the Wait (Brooke's Interlude)
 (2017)
Kailee Morgue — 
Medusa
 (2018)
Julia Michaels — ""Heaven"" (2018)
Charlotte Lawrence — ""Sleep Talking"" (2017)
LEYYA — 
Sauna
 (2018)
Caitlyn Smith — 
Starfire
 (2018)
MILCK — 
This Is Not the End
 (2018)
First Aid Kit — 
Ruins
 (2018)
For All Seasons — 
Clarity
 (2018)January 28Ivy Sole — 
Eden
 (2016)
Ivy Sole — 
West
 (2017)January 27UnoTheActivist — 
Gift of Gab
 (2015)
UnoTheActivist & Thouxanbanfauni — 
For Christ Sake
 (2015)
Ravyn Lenae — 
Moon Shoes EP
 (2016)
A$AP Ant — ""Racks on Me"" (2017)
Tory Ruperto — 
Ruined
 (2018)January 26Rayana Jay — 
Morning After
 (2017)
Charlotte Lawrence — ""You're the One That I Want"" (2017)
Kent Jones — ""Merengue"" (2018)
Ace Hood — ""Uber"" (2018)
Charlotte Day Wilson — ""Nothing New"" (2018)
The Aces — ""Fake Nice"" (2018)
I'm With Her — ""Overland"" (2018)
IDK (feat. Leo Gee) — ""Vlone"" (2018)
Charlotte Lawrence — ""Just the Same"" (2018)
Elohim — ""Fuck Your Money"" (2018)
Zaytoven — 
Trapping Made It Happen
 (2017)
Beyoncé — 
LEMONADE
 (2016)
Various Artists — 
Damn Son Where'd You F!nd Th!s: Elevate & Extravagant Edition
 (2018)
Marqo 2 Fresh — 
30 Nights in LA
 (2018)
Bruno Mars — ""The Lazy Song (Single Version)"" (2011)
Bruno Mars — 
Doo—Wops & Hooligans
 (2010)January 25Jamila Woods — 
HEAVN
 (2017)
Tammy Rivera — ""All These Kisses"" (2017)
Pell — 
girasoul
 (2017)
Alina Baraz (feat. Khalid) — ""Electric"" (2017)
Tammy Rivera (feat. Rico Love) — ""Only One"" (2017)January 24Ta-ku & Wafia — 
(m)edian
 (2016)
Queen Naija — ""Medicine"" (2017)
LIVVIA (feat. Quavo) — ""Catch a Body"" (2018)January 23Wafia — 
XXIX
 (2015)
Casey Veggies — 
Customized Greatly Vol. 2
 (2009)
Sandra Lynn — 
Fight
 (2018)
Lil Dude — 
Martin Luther Luciano
 (2018)January 22Casey Veggies — 
Customized Greatly Vol. 1
 (2007)
Tinashe (feat. Iggy Azalea) — ""All Hands on Deck (Remix)"" (2015)January 21Taylor Swift — 
reputation
 (2017)
Jay Z — 
4:44
 (2017)
Sonder — 
Sheath
 (2016)
Sonder — 
Undone
 (2016)
Sonder — 
Victoria
 (2016)January 20Wafia — 
VIII
 (2018)
Fredo Santana — 
Fredo Kruger
 (2013)
AZ — 
Doe or Die
 (1995)
Eazy-E — 
It's On (
Dr. Dre
) 187
um
 Killa
 (1993)
Tyler, The Creator — ""Fuck Love"" (2009)
TTDD (Tyler, The Creator, Taco, Domo Genesis & Jasper Dolphin) — ""Love in da Mall"" (2010)
Mac Bari — ""Fuck Bron Bron"" (2016)
Fredo Santana — 
It's a Scary Site
 (2012)
Toni Braxton — ""Deadwood"" (2017)
Earl St. Clair — ""Christmas Without You"" (2017)
Anderson East — ""Girlfriend"" (2018)
Drake — 
Scary Hours
 (2018)
Remy Ma (feat. Chris Brown) — ""Melanin Magic (Pretty Brown)"" (2018)
Nipsey Hussle (feat. YG) — ""Last Time That I Checc'd"" (2018)
Lucy Dacus — ""Addictions"" (2018)
Kassi Ashton — ""California, Missouri"" (2018)
Lolo Zouaï — ""Blue"" (2018)
Betty Who — ""Ignore Me"" (2018)
Rita Ora — ""PROUD"" (2018)
Bella Thorne — ""Burn So Bright"" (2018)
Ugly God & Jacin Trill — ""lettetznow"" (2018)
Arty (feat. April Bender) — ""Sunrise"" (2018)
Keith Urban — ""Parallel Love"" (2018)
The Chainsmokers — ""Sick Boy"" (2018)
Troye Sivan — ""The Good Side"" (2018)
Justin Timberlake — ""Supplies"" (2018)January 19OG Maco & Key! — 
Give Em Hell
 (2014)
Various Artists — 
Above the Rim Soundtrack
 (1994)
Ludacris — 
Battle of the Sexes
 (2010)
Jack Mushroom — 
One Up
 (2012)January 18MC Lyte — 
Ain't No Other
 (1993)
Heltah Skeltah — 
Nocturnal
 (1996)
Tinashe (feat. Offset) — ""No Drama"" (2018)January 17Tyler, The Creator — ""Sleep Freestyle"" (2009?)
Chris Brown — 
Heartbreak on a Full Moon Deluxe Edition: Cuffing Season - 12 Days of Christmas
 (2017)January 16Yaggfu Front — 
Action Packed Adventure!
 (1993)
Channel Live — 
Station Identification
 (1995)January 15Chris Brown — 
Royalty
 (2015)
Keith Ape & Ski Mask The Slump God — ""Achoo!"" (2017)
No Plug (feat. 21 Savage) — ""A Savage"" (2017)
Flatbush ZOMBiES (feat. Deadcats) — ""Aries"" (2016)
Miranda Cosgrove — ""Dancing Crazy"" (2010)
Miranda Cosgrove — ""Raining Sunshine"" (2009)
Katy Perry (feat. Skip Marley) — ""Chained to the Rhythm"" (2017)
Kap G — ""Rings"" (2017)
Kate Kay Es — ""Working"" (2017)
Nebu Kiniza (feat. Lil Yachty) — ""Wake Up"" (2017)
Jessie J — ""Queen"" (2017)
Teenage Wrist — ""Swallow"" (2017)
Sigrid — ""Strangers"" (2017)
John Legend — ""Woodstock"" (2017)
Pell — ""chirpin'"" (2017)
MILCK — ""Quiet"" (2017)
Nipsey Hussle (feat. Swizz Beatz) — ""Been Down"" (2017)
DJ Premier (feat. A$AP Ferg) — ""Our Streets"" (2017)
Smooky MarGielaa — ""Hood"" (2017)
PLAZA — ""Pick Up"" (2017)
Gorillaz (feat. Little Simz) — ""Garage Palace"" (2017)
autumn keys — ""i can't move"" (2016)
CLAY — ""Forgotten How to Fly"" (2017)
Clean Bandit (feat. Julia Michaels) — ""I Miss You"" (2017)
Happy Sometimes — ""Love for the Weekend"" (2017)
Alina Baraz — ""Lavender and Velvet"" (2017)
Alina Baraz — ""Buzzin"" (2017)
Lamb Saga (feat. Pi'erre Bourne) — ""You Neva Know"" (2014)
DrugRixh Scarfo da Plug (Scarfo da Plug)  — ""Happier"" (2017)
Hayley Kiyoko — ""Sleepover"" (2017)
Kate Kay Es — ""Love Too Hard"" (2017)
Tyga — ""Temperature"" (2017)
The Black Eyed Peas — ""STREET LIVIN'"" (2018)
K CAMP — ""Cranberry Juice"" (2018)
Chris Bloom — ""Learning Curve"" (2017)
Smooky MarGielaa — ""Money Talk"" (2017)
PLAZA — ""All Mine"" (2017)
YG (feat. DJ Mustard) — ""Pop It, Shake It"" (2017)
Haley Georgia — ""Shots"" (2017)
Katelyn Tarver — ""Planez"" (2016)
Rachel Platten — ""Broken Glass"" (2017)
Kiiara (feat. Felix Snow) — ""Whippin"" (2017)
Gianna Adams — ""Dear Santa"" (2017)
Alessia Cara — ""How Far I'll Go"" (2016)
24hrs — ""You Know"" (2016)
24hrs (feat. Gucci Mane) — ""Not Impressed"" (2016)
Spiffy Global (feat. Rizzoo Rizzoo & Sauce Walka) — ""Spill Wit It"" (2017)
Smooky MarGielaa — ""The Judge"" (2017)
Jazmine Sullivan (feat. Bryson Tiller) — ""Insecure"" (2017)
Willow — ""F Q—C # 7"" (2015)
Willow — ""I Am Me"" (2012)
Louisa Johnson — ""Forever Young"" (2015)
Alicia Eris — ""Sweet Kill"" (2018)
Smooky MarGielaa — ""Vlone Flex"" (2018)January 14Chris Brown & Tyga — 
Fan of a Fan: The Album
 (2015)
Camila Cabello — 
Camila
 (2018)January 13The Neighbourhood — 
To Imagine
 (2018)
The Neighbourhood — 
Hard
 (2017)
Jade Bird — 
Something American
 (2017)
Creek Boyz — ""Trap Digits"" (2018)
Justine Skye — ""Heaven"" (2018)
Hayley Kiyoko — ""Curious"" (2018)
Rhye — ""Song for You"" (2018)
GASHI — ""Used to Be"" (2018)
First Aid Kit — ""Ruins"" (2018)
Audrey Assad — ""Drawn to You"" (2018)
Jade Bird — ""Lottery"" (2018)January 12Dua Lipa — ""IDGAF"" (2018)
Codes — 
Club Meditation
 (2018)
Eminem (feat. 2 Chainz & Phresher) — ""Chloraseptic (Remix)"" (2018)
Kali Uchis (feat. Tyler, The Creator & Bootsy Collins) — ""After the Storm"" (2018)
Troye Sivan — ""My My My!"" (2018)
Jay Rock, Kendrick Lamar & Future — ""King's Dead"" (2018)
Various Artists — 
Christmas on Death Row
 (1996)
Mad Flava — 
From tha Ground Unda
 (1994)
Chris Brown — 
Before the Party
 (2015)January 11OCHO AOK — ""Cookin'"" (2017)
Chris Brown — 
X Files
 (2013)January 10Chris Brown — 
X
 (2014)
Chris Brown — 
Fortune
 (2012)January 9Machine Gun Kelly — 
bloom
 (2017)
Gucci Mane — 
El Gato: The Human Glacier
 (2017)
Travis Scott & Quavo — 
Huncho Jack, Jack Huncho
 (2017)
Nohidea & Sleepdealer — 
Nowhere
 (2017)
Smoke Trees — 
Best of Tinder-Dates
 (2017)
Ayo & Teo — ""Like Us"" (2017)
Swoope — ""Never Left"" (2017)
Cassie — ""Don't Play It Safe"" (2017)
Snoop Dogg & Boyz II Men — ""Santa Claus Goes Straight to the Ghetto 2017"" (2017)
Migos — ""Stir Fry"" (2017)
Cardi B (feat. 21 Savage) — ""Bartier Cardi"" (2017)January 824hrs — 
Open EP
 (2016)
Various Artists — 
Murder Was the Case Soundtrack
 (1994)
Various Artists — 
The Show Soundtrack
 (1995)
Chris Brown — 
F.A.M.E.
 (2011)
Lucy Dacus — ""Night Shift"" (2017)
Wafia — ""Only Love"" (2017)
Creek Boyz (feat. Lil Yachty) — ""With My Team (Remix)"" (2017)
Sylvan Esso — ""There Are Many Ways to Say I Love You"" (2017)
Timbaland (feat. 6LACK) — ""Grab the Wheel"" (2017)
Kim Petras (feat. lil aaron) — ""Faded"" (2017)
Charli XCX — 
Pop 2
 (2017)
N.E.R.D — 
NO_ONE EVER REALLY DIES
 (2017)
Eminem — 
Revival
 (2017)January 7Hoodrich Pablo Juan — 
Master Sensei
 (2016)January 6Hoodrich Pablo Juan — 
Rich Hood
 (2018)
Caitlyn Smith — ""Contact High"" (2018)
Joan As Police Woman — ""Tell Me"" (2018)
MILCK — ""This Is Not the End"" (2018)
Darlene McCoy — ""Even Me"" (2018)
Rosie Carney — ""K."" (2018)
Arlissa & Jonas Blue — ""Hearts Ain't Gonna Lie"" (2018)
H.E.R. — ""My Song"" (2018)
cupcakKe — 
Ephorize
 (2018)
Lil Pump — ""Designer"" (2018)
I'm With Her — ""Game to Lose"" (2018)
Bruno Mars (feat. Cardi B) — ""Finesse (Remix)"" (2017)January 5Liam Payne & Rita Ora — ""For You"" (2018)
Kendrick Lamar & SZA — ""All the Stars"" (2018)
Justin Timberlake — ""Filthy"" (2018)January 4Playboi Carti — 
In Abundance
 (2016)
Lil Dude — 
Luciano 2.0
 (2017)
Lil Dude & Goonew — 
Homicide Boyz
 (2017)January 3The Jet Age of Tomorrow — 
God's Poop or Clouds?
 (2017)
POWERS — ""Georgie"" (2017)
Morningsiders — ""Somewhere in Between"" (2017)
Lost Kings — ""Don't Call"" (2017)
Camila Cabello — ""Real Friends"" (2017)
Migos & Marshmello — ""Danger"" (2017)
6ix9ine — ""KOODA"" (2017)
Trippie Redd (feat. Travis Scott) — ""Dark Knight Dummo"" (2017)
London on da Track (feat. Young Thug, Ty Dolla $ign, Jeremih & YG) — ""Whatever You On"" (2017)
Riley Clemmons — ""Broken Prayers"" (2017)
K. Michelle — 
KIMBERLY: The People I Used to Know
 (2017)
T.I. (feat. Young Thug, Lil Wayne & Jeezy) — ""About the Money (Remix)"" (2014)January 2Camila Cabello — ""Never Be the Same"" (2017)
Luke Bryan — 
What Makes You Country
 (2017)
Big Sean & Metro Boomin — 
Double or Nothing
 (2017)
The Jackson 5 — 
ABC
 (1970)January 1Aaliyah — 
Aaliyah
 (2001)
Hoodrich Pablo Juan (feat. Marlo) — ""The 9 + Z6ne"" (2017)
Chris Brown — 
In My Zone 2
 (2010)
Pell  — ""All in a Day's Work"" (2016)
Ace Hashimoto (feat. RAU DEF) — ""Don't Pick Up"" (2017)
Playboi Carti (feat. MadeinTYO, Lil Yachty & UnoTheActivist) — ""WHAT (Remix)"" (2016)
Waka Flocka Flame — 
Salute Me or Shoot Me 2.5
 (2009)
Chris Brown — 
In My Zone: Rhythm & Streets
 (2010)"
53,"The Weeknd, JENNIE, Lily-Rose Depp","One Of The Girls (with JENNIE, Lily Rose Depp)",Global,latin,7CyPwkp0oE8Ro9Dd5CUDjW,13352698,126,3,"2012The Knowing
Rolling Stone
Wicked Games
The Zone (feat. Drake)2013Kiss Land
Twenty Eight
Belong To The World
Live For (feat. Drake)
Pretty2014Often
King Of The Fall2015Earned It
The Hills
Can't Feel My Face
Tell Your Friends
In The Night2016In The Night (Short Version)
Starboy (feat. Daft Punk)
False Alarm
M A N I A2017Party Monster
Reminder
I Feel It Coming (feat. Daft Punk)2018Call Out My Name2019Heartless2020Blinding Lights
After Hours (Short Film)
In Your Eyes
Too Late
Until I Bleed Out2021Can't Feel My Face (Alternate Video)
Die For You
Echoes of Silence
Moth To A Flame (with Swedish House Mafia)
Save Your Tears
Take My Breath Away
Try Me2022Gasoline
How Do I Make You Love Me?
Out of Time
Sacrifice2023Double Fantasy
Is There Someone Else?
One Of The Girls (with JEANNIE & Lily-Rose Depp)2024Dancing In The Flames
Popular
São Paulo
Timeless2025Baptized In Fear
Cry For Me
Drive
Hurry Up Tomorrow
Open Hearts
One Week Until Tomorrow
Red Terror"
54,Coldplay,Yellow,Global,latin,3AJwUDP919kvQ9QcozQPxg,13323933,272,19,"Look at the stars
Look how they shine for you
And everything you do
Yeah, they were all yellow
I came along
I wrote a song for you
And all the things you do
And it was called ""Yellow""
So then I took my turn
Oh, what a thing to have done
And it was all yellow

(
Ah
) Your skin, oh, yeah, your skin and bones
(
Ooh
) Turn into something beautiful
(
Ah
) And you know, you know I love you so
You know I love you so

I swam across
I jumped across for you
Oh, what a thing to do
'Cause you were all yellow
I drew a line
I drew a line for you
Oh, what a thing to do
And it was all yellow

(Ah) And your skin, oh, yeah, your skin and bones
(Ooh) Turn into something beautiful
(
Ah
) And you know, for you, I'd bleed myself dry
For you, I'd bleed myself dry

It's true
Look how they shine for you
Look how they shine for you
Look how they shine for
Look how they shine for you
Look how they shine for you
Look how they shine

Look at the stars
Look how they shine for you
And all the things that you do"
55,Bruno Mars,God Was Showing Off,Global,latin,1sVBT215CDmVJvfy1E2OCU,13189931,1,55,"Uno, dos, tres, y otra vez
Hey, oh, ooh

Is it your eyes that light my sky?
I bet in the pourin' rain, you still shine
Is Heaven your name? (Is Heaven your name?)
Or is it Divine? (Or is it Divine?)
Don't matter, girl, it's gonna look good next to mine

Oh, you little earth angel (Ooh)
The way you're put together, only God can do (Only God can do)
Yeah, I know it, I know it, I know it, I know (Ah)

(God was showin' off)
While makin' you, ooh
(God was showin' off)
(Makin' you, girl)

Ooh, honey, you are a miracle to me
No, you ain't gotta hide your wings
Set them free, set 'em free, yeah
Your hair, your face, your skin, your lips
I ain't never seen beauty likе this
I was blind, but now I see

Ooh, you little earth angel (Ooh)
Thе way you're put together, only God can do (Only God can do)
Yeah, I know it, I know it, I know it, I know (Ah)

(God was showin' off)
While makin' you, oh, yeah
(God was showin' off)
Showin' off (Makin' you, girl)
God was showin' off while makin' you
Makin' you, yeah
(God was showin' off)
Showin' off (Makin' you, girl)
Ooh, ooh

You know, whoever said God don't have favorites
Never seen you before
Now everybody got somethin' special but it's obvious you been blessed
With just a little more
Help me sing

(Hallelujah, hallelujah) Hallelujah
(Hallelujah, hallelujah) Hallelujah
(Hallelujah, hallelujah) Ooh, you make me wanna sing
(Hallelujah)

Oh, you little earth angel (Ooh)
The way you're put together, only God can do (Only God can do)
I know it, babe, know it, babe, know it, girl

(God was showin' off)
While makin' you, woo
(God was showin' off)
Oh, makin' you, girl
I'm talkin' flexin' up in Heaven
Flexin' up in Heaven, ooh-oh
(God was showin' off)
Showin' off (Makin' you, girl)
Come on, rock with me, baby

(Rock, rock) Hey
(Rock, rock) I bet you can walk on water, can't you, girl?
(Rock, rock) And then you can turn that water into wine
(Rock, rock) 'Cause you've been touched by the light
(Rock, rock) The light
(Rock, rock) Yeah
(Rock, rock) Yeah
(Rock, rock)
(Rock, rock)"
56,"Rauw Alejandro, Bad Bunny",Qué Pasaría...,Global,latin,0l0vcZMU7AOeQmUIREoI2U,13152234,60,17,"¿Qué pasaría si volvieran esas noche' dentro de ti?
Qué rico fue cuando te metí
Tú sabe' lo que hicimo'
Y ahora sin buscarno' en la disco nos vimo'

¿Qué pasaría si estuviéramos solos?
En una cama, ey, ey, recordando
Cómo ante' yo te lo metía, tu amiga se fue
¿Por qué te estás quedando? Algo te está faltando, bebé, y

Yo lo tengo, ma, yo lo tengo, ma
Yo lo tengo y te lo doy esta noche (Wuh)
Suena su canción, suena su canción
Tú la ve' y nadie la conoce
No lo piense' má', no lo piense' má'
No lo piensе' y dame otra noche
Que yo tе doy lo que te falte, bebé (Ra-Rauw)

Y si nos comemo' otra vez, ¿a quién le importa? (¡Yah!)
Esto es cosa nuestra, cuando la bellaquera aprieta (Wuh)
Lleno de video' dándole están las carpeta'
La tengo brincando en un split (Yih)
Explícita le gusta la letra (¡Ah!)
Tú siempre' termina' aquí
Mi gata salvaje y yo soy quien te aquieta, eh
Yo sé que tú no vas a parar hasta tener lo que quieres (No, oh-oh, yeah)
Ella está prendía' en fuego, quiere que me queme (Quiere que me queme)
Ya por mi mente pasa hacerte un par de nenes (Ja)
Diablo, qué culo tienes (Yeah-yeah-yeah-yeah; wuh)

Baby, no te haga', tú sabe' lo que va a pasar
Si no te la saco, me va' a tener que envasar
Tú sabe' quién la tiene, yo sé cómo te viene'
Imagínate un baby si juntamo' los gene'
Por ahora no quiere, en la boca la prefiere, y
Se dio un shot de mi ADN
Tan callaíta' la nena (Wuh), pero bellaqueando nunca frena (Yih)
Sudaíta', brincando, brillando como mis cadena'
Ba-Ba-Baila, morena (
¡Yah!
)
Me mira y me lo agarra, ella sabe pa' qué
Es que la noche está buena
La disco está llena, pero

¿Qué pasaría si estuviéramos solos?
En una cama tú y yo chingando
Como antes yo te lo metía, tu amiga se fue
¿Por qué te estás quejando? Algo te está faltando
Eh, eh, eh, eh (¡Yah!)

Yo lo tengo, ma, yo lo tengo, ma
Yo lo tengo y te la doy esta noche (Yih)
Suena su canción, suena su canción
Tú la ve' y nadie la conoce (Yih)
No lo piense' má', no lo piense' má'
No lo piense' y dame otra noche
Eh-eh-eh, eh-eh-eh, eh-eh-eh, mmm

Dime, MAG, ponle más
Dime, MAG, ponle más
Ey, ey, ey, ja"
57,"El Bogueto, Yung Beef",Cuando No Era Cantante,Global,latin,6N2iccqxRInhTLHc2Fu3W0,13125639,20,18,"Jajajajaja
Jaja, QueHicisteBella

Como antes, baby, vamo' a hacerlo como antes
Como cuando no era cantante
(Antes de que yo me hiciera un gánster)

Mami, extraño tu olor, necesito tu calor
Ven, que yo te quiero hacer el amor
Escuchando de fondo La Mafia del Amor
Como lo hacíamos antes dentro de tu habitación
Mami, extraño tu olor, necesito tu calor
Ven, que yo te quiero hacer el amor
Escuchando de fondo La Mafia del Amor
Como lo hacíamos antes dentro de tu habitación

Como antеs, baby, vamo' a hacerlo como antes
Como cuando no era cantantе
Antes de que yo me hiciera un gánster
Antes de ponerte eso' implante'
Como antes, baby, vamo' a hacerlo como antes
Como cuando no era cantante
Antes de que yo me hiciera un gánster
Antes de ponerte eso' implante'

Deja de esconderte, vo'a salir a buscarte
Deja demostrarte que ya no soy el de ante'
Rico vo'a tratarte, lo nuestro, eso e' aparte
Vamo' a hacer deporte, después pa'l restaurante
Baby, vamo' a hacerlo, 'cerlo duro como ante'
Y si tú quiere', mañana puede' olvidarte
Y dale un beso a tu mamá de mi parte
Y si tú quiere', ya sabe' dónde encontrarme

Como antes, baby, vamo' a hacerlo como antes
Como cuando no era cantante
(Antes de que yo fuera un gánster)
(Antes de que yo fuera cantante)

Mami, extraño tu olor, necesito tu calor
Ven, que yo te quiero hacer el amor
Escuchando de fondo La Mafia del Amor
Como lo hacíamos antes dentro de tu habitación
Mami, extraño tu olor, necesito tu calor
Ven, que yo te quiero hacer el amor
Escuchando de fondo La Mafia del Amor (Prr)
Como lo hacíamos antes dentro de tu habitación (Ah, ah)

Ando por la calle, ando en el joseo
Tú sabes, mami, yo me cuido de los feos
Pendiente a ti, a las otras yo ni las leo
Extraño los perreos dándote de'o
Me tienes preso, ven, dame de eso
Eso a mí me dejó el cora ileso
Te juro que ha sido difícil el proceso
Ando con culos, pero, mami, yo te pienso
Y ahora soy un bandido, pero roto
Vamos pa' la Louis V, yo te la exploto
Ma', todavía tengo las fotos
Estoy loquito por romperte ese toto

(Mami, extraño tu olor, necesito tu calor)
(Ven, que yo te quiero hacer el amor)
(Escuchando de fondo La Mafia del Amor)
(Como lo hacíamos antes dentro de tu habitación)

Como antes, baby, vamo' a hacerlo como antes
Como cuando no era cantante
Antes de que yo me hiciera un gánster
Antes de ponerte eso' implante'
Como antes, baby, vamo' a hacerlo como antes
Como cuando no era cantante
Antes de que yo me hiciera un gánster
Antes de ponerte eso' implante'

Jajajajaja
Jaja, QueHicisteBella"
58,Sabrina Carpenter,Espresso,Global,latin,2HRqTpkrJO5ggZyyK6NPWz,13085654,99,1,"Now he's thinkin' 'bout me every night, oh
Is it that sweet? I guess so
Say you can't sleep, baby, I know
That's that me espresso
Move it up, down, left, right, oh
Switch it up like Nintendo
Say you can't sleep, baby, I know
That's that me espresso

I can't relate to desperation
My give-a-fucks are on vacation
And I got this one boy and he won't stop calling
When they act this way, I know I got 'em

(Mm) Too bad your ex don't do it for ya
(Mm) Walked in and dream-came-trued it for ya
(Mm) Soft skin and I perfumed it for ya
(Yes) I know I Mountain Dew it for ya
(Yes) That morning coffee, brewed it for ya
(Yes) One touch and I brand-newed it for ya (Ooh)

And now he's thinkin' 'bout me every night, oh
Is it that sweet? I guess so
Say you can't sleep, baby, I know
That's that me espresso
Move it up, down, left, right, oh
Switch it up like Nintendo
Say you can't sleep, baby, I know
That's that me espresso

Holy shit
Is it that sweet? I guess so (Mm)

I'm working late 'cause I'm a singer
Oh, he looks so cute wrapped 'round my finger
My twisted humor make him laugh so often
My honeybee, come and get this pollen

(Mm) Too bad your ex don't do it for ya
(Mm) Walked in and dream-came-trued it for ya
(Mm) Soft skin and I perfumed it for ya (Ayy, ayy, oh)
(Yes) I know I Mountain Dew it for ya
(Yes) That morning coffee, brewed it for ya
(Yes) One touch and I brand-newed it for ya (Stupid)

Now he's thinkin' 'bout me every night, oh
Is it that sweet? I guess so
Say you can't sleep, baby, I know
That's that me espresso
Move it up, down, left, right, oh
Switch it up like Nintendo
Say you can't sleep, baby, I know
That's that me espresso (Yes)
Thinkin' 'bout me every night, oh
Is it that sweet? I guess so (Yes)
Say you can't sleep, baby, I know
That's that me espresso (Yes)
Move it up, down, left, right, oh (Move it up, down, left, right, oh)
Switch it up like Nintendo (Yes)
Say you can't sleep, baby, I know
That's that me espresso

Is it that sweet? I guess so
Mm, that's that me espresso"
59,KATSEYE,Gabriela,Global,latin,1xOqGUkyxGQRdCvGpvWKmL,13084946,37,10,"Hot like a bullet
Flying too fast, I couldn't catch it
Heart in the casket
You always knew it
The starring role, the main attraction
Got cameras flashing

Like, ooh
You got everybody's eyes undressing you
And I see it too
Yeah, ooh
You could have anyone else you wanted to
I'm beggin' you

Hands off, Gabriela, Gabriela
Hands off, Gabriela-la-la
Back off of my fella, Gabriela
Back off, Gabriela-la-la
'Cause, ooh
You could have anyone else you wanted to
I'm beggin' you (Hey)
Hands off, Gabriela, Gabriela
Hands off, Gabriela-la-la, la-la-la-la

Skin amaretto
I bet you taste just like the summer
Under the covers (Hey)
Me in the middle
Overprotective of my lover
You make me wonder

Like, ooh
If you made all of these fantasies come true
What would you do?
Yeah, ooh
You could have anyone else you wanted to
But I'm beggin' you

Hands off, Gabriela, Gabriela
Hands off, Gabriela-la-la
Back off of my fella, Gabriela
Back off, Gabriela-la-la
'Cause, ooh
You could have anyone else you wanted to
I'm beggin' you (Hey)
Hands off, Gabriela, Gabriela
Hands off, Gabriela-la-la, la-la-la-la

La-la-la-la
La-la-la-la
La-la-la-la (Oh, no)

Él llegó conmigo y conmigo se va
Sus ojos son mío', eso no va a cambiar
Me quiere a mí y no importan las demás
No, no, no, no, no, no, no, no
Él llegó conmigo y conmigo se va
Sus ojos son mío', eso no va a cambiar
Me quiere a mí y no importan las demás
No, no, no, no, no, no, no, no

Hands off, Gabriela, Gabriela
Hands off, Gabriel-la-la-la (Gabriela)
Back off of my fella, Gabriela
Back off, Gabriel-la-la-la (Oh, Gabriel-la-la-la)
'Cause, ooh
You could have anyone else you wanted to
I'm beggin' you (I'm beggin' you; Hey)
Hands off, Gabriela (Gabriela, hands off), Gabriela
Hands off (Hands off), Gabriel-la-la-la, la-la-la-la (La-la-la-la)

La-la-la-la (La-la-la-la)
La-la-la-la (La-la-la-la)
La-la-la-la
(Back off, back off, back off)"
60,Fleetwood Mac,Dreams - 2004 Remaster,Global,latin,0ofHAoxe9vBkTCp2UQIavz,12938199,144,20,"Stevie Nicks - Edge of Seventeen (2016 Remaster)
Joan Jett & The Blackhearts - I Love Rock 'N Roll
Blondie - One Way Or Another
The Cranberries - Zombie
4 Non Blondes - What's Up?
Big Brother & The Holding Company - Piece of My Heart (feat. Janis Joplin)
Heart - Barracuda
Pat Benatar - Hit Me With Your Best Shot (1999 Digital Remaster)
Alabama Shakes - Don't Wanna Fight
Amy Winehouse - Back To Black
K.Flay - Blood In The Cut
HAIM - The Wire
Hole - Celebrity Skin
Tash Sultana - Jungle (Radio Edit)
Florence + The Machine - Dog Days Are Over
Saint Agnes - Welcome to Silvertown
Alanis Morissette - You Oughta Know (2015 Remaster)
LP - Lost on You
Patti Smith - Because the Night
Joan Jett & The Blackhearts - I Hate Myself for Loving You
Paramore - Misery Business
Carly Simon - You're so Vain
Fleetwood Mac - Dreams (2004 Remaster)
Elle King - Ex's & Oh's
The Cardigans - Lovefool
Dorothy - Raise Hell
No Doubt - Just A Girl
Hannah Wicklund & The Steppin Stones - Bomb Through the Breeze
The Interrupters - She's Kerosene
The Ting Tings - Shut Up and Let Me Go
The Breeders - Cannonball
Meg Myers - Running Up That Hill
Annie Lennox - I Put A Spell On You
Grace Potter & The Nocturnals - Paris (Ooh La La)
Jade Bird - I Get No Joy
The Runaways - Cherry Bomb
Yeah Yeah Yeahs - Heads Will Roll (A-Trak Remix Radio Edit)
PJ Harvey - Down By The Water
Bishop Briggs - River
Fleetwood Mac - Everywhere (2017 Remaster)
YONAKA - Teach Me To Fight
Juliet Simms - It’s A Man’s, Man’s, Man’s World (The Voice Performance)
Mazzy Star - Fade Into You
Letters To Cleo - I Want You To Want Me (Soundtrack)
Halestorm - I Miss The Misery
The New Respects - Trouble
Grace Mitchell - Kids (Ain't All Right)
The Pretty Reckless - Take Me Down
PVRIS - You and I
Garbage - #1 Crush
Joan Jett & The Blackhearts - Crimson and Clover
Dead Sara - Weatherman
Bleached - Wednesday Night Melody
Evanescence - Bring Me To Life
The Kills - Future Starts Slow
Björk - Army Of Me
Jefferson Airplane - Somebody to Love
Emily Wolfe - Atta Blues
The Beaches - Give It Up
'Til Tuesday - Voices Carry (Single Mix)
Edie Brickell & New Bohemians - What I Am
Best Coast - Feeling Ok
The Go-Go's - We Got The Beat (Single Mix)
Metric - Help I'm Alive
The Aces - Stuck
Rilo Kiley - Portions for Foxes
MS MR - Hurricane
Luscious Jackson - Naked Eye
Flyleaf - All Around Me
Gin Wigmore - Black Sheep
Marmozets - Captivate You
Lana Del Rey - Young And Beautiful
Kendra Morris - Banshee
Tigress - Power Lines
First Aid Kit - My Silver Lining
L7 - Pretend We're Dead
In This Moment - Oh Lord
New Years Day - Skeletons
Eliot Sumner - Halfway To Hell
Veruca Salt - Seether
Of Monsters and Men - Crystals
Joan Jett & The Blackhearts - Cherry Bomb
Lita Ford - Kiss Me Deadly
Indigo Girls - Closer to Fine
Melissa Etheridge - Like The Way I Do
Lissie - Daughters
Brandi Carlile - The Story
Cilver - I'm America
Kate Bush - This Woman's Work
BLOXX - Curtains
The Regrettes - California Friends
Liz Phair - Never Said (Remastered)"
61,Jimin,Who,Global,latin,7tI8dRuH2Yc6RuoTjxo4dU,12716099,85,1,"We never met, but she's all I see at night
Never met, but she's always on my mind
Wanna give her the world and so much more
Who is my heart waiting for?

If every day I think about her
Yeah, every day of my life
Then tell me why I haven't found her
(Why, why, why, why, why?)

There's so many people to see (There's so many people to see)
And places to go (There's so many places to go)
I still haven't found your love

We nevеr met, but she's all I see at night
Nevеr met, but she's always on my mind
Wanna give her the world and so much more
Who is my heart waiting for?

I'll take her places they ain't found yet
I'll put it all on the line
I'll be that someone she can count on
One, two, three, four, five

There's so many people to see (There's so many people to see)
And places to go (There's so many places to go)
I still haven't found your love

We never met, but she's all I see at night
Never met, but she's always on my mind
Wanna give her the world and so much more
Who is my heart waiting for?
Is she someone that I see every day?
Is she somewhere a thousand miles away?
Wanna give her the world and so much more
Who is my heart waiting for?

(Who is my heart) Heart waiting for?
(Who is my heart) Heart waiting for?
(Who is my heart) Heart waiting for?
(Who is my—) Who is my heart waiting for?

We never met, but she's all I see at night
Never met, but she's always on my mind
Wanna give her the world and so much more
Who is my heart waiting for?
Is she someone that I see every day?
Is she somewhere a thousand miles away?
Wanna give her the world and so much more
Who is my heart waiting for?"
62,"Peso Pluma, Tito Double P",dopamina,Global,latin,3e32UUqXzrI4g2y5kNZrwC,12605852,10,13,"Mmm-mmm-mmm
Mmm-mmm-mmm
Mmm-mmm-mmm
Oh-oh
Ah, ah, ah, ah
¿Cómo?, ¿cómo?, ¿cómo?

Vaso rojo, loquerón, polvo pa' la adrenalina
Mi sistema ya se activó, hasta creo que ya me domina
Con la mota encima entra la puta tentación
El modo Dandy entra en acción, vestidos de marca fina
La neta, las niñas, mi adicción, me elevan la dopamina
Rusas, chinas o latinas que dominan mi atención

Y con pura actriz me ven en el Jeep bien polarizado, y claro
Pues no me ven a mí como un arabí bien encapuchado y caro
Que cuánto costó, ya no pregunto, lo que pidan yo lo pago
Mucho dinero el que muevo yo, todo es encriptado
De Roma a Dublín con unas ladies estilo italiano
Tréboles de Van Cleef con un Richard Mille todo adiamantado
Las plebes en París me dicen ""oui oui"" a este cholo vago
Y cargo con un equipón, traigo un charolón, todos bien fajados

Jaja
Pura Double P
Compadre
¡Wuh!
¡Chau!

Farandulitas de esas de Instagram, de las que se creen un cuero
Dos bluntes, plumita de wax, bolsas Ziploc pa'l cagadero
Con un buen veneno en el refuego en Nueva York

Y con pura actriz me ven en el Jeep bien polarizado, y claro
Y no me ven a mí como un arabí bien encapuchado y caro
Que cuánto costó, ya ni pregunto, lo que sea yo lo pago
Mucho dinero el que muevo yo, todo encriptado
De Roma a Dublín con unas ladies estilo italiano
Tréboles de Van Cleef con mi Richard Mille todo adiamantado
Las morras de París le dicen ""oui oui"" a este cholo vago
Y cargo con un equipón, traigo un charolón, todos bien fajados

In my blood
In my veins
Dopamine
Dopamine
Ah"
63,BLACKPINK,JUMP,Global,latin,5H1sKFMzDeMtXwND3V6hRY,12463397,27,1,"I'm not that easy to tame
You should see me under these lights, all my tears turn to ice
That's the sweetest escape
Every time the feeling kicks in, I might stay through the night

Bet you get it now
Rocked that, didn't I?
착각 하지 마
누가 누군지, woah
Think you're running that?
Guess we gunnin' back
You know I walk, yeah, I talk it
눈 감고, 하나, 둘, 셋 (뛰어)

뛰어
뛰어
뛰어
뛰어
So come up with me, I'll take you high
That Prima donna, spice up your life
You know I got that shit that you like
So come up with me, run up, uh, jump (뛰어)

Watch me runnin' up the place
I'm already stuntin' and my girls are on the way (뛰어)
Watch me open up the place
Wanna see you bumpin', baby, bouncin' to the bass

Arе you not entertained? (No)
I ain't gotta еxplain (No)
I'm with all of my sisters (Ah)
Got 'em going insane, yeah (Yeah)
You know we on a mission (Yeah)
All gas, no brakes, yeah (Woo, woo, woo)
Breaking out of the system
Breaking out of this cage, yeah

Bet you get it now
Ate that, didn't I?
순간 잊지 마
누가 누군지, oh
Think you runnin' that?
Guess we gunnin' back
You know I walk, yeah, I talk it
눈 감고, 하나, 둘, 셋 (뛰어)

뛰-뛰-뛰어
뛰어
뛰어
뛰어
So come up with me, I'll take you high
That Prima donna, spice up your life
You know I got that shit that you like
So come up with me, run up, uh, jump (뛰어)

Watch me runnin' up the place
I'm already stuntin' and my girls are on the way (뛰어)
Watch me open up the place
Wanna see you bumpin', baby, bouncin' to the bass

BLACKPINK in your area
뛰어
뛰어"
64,"The Weeknd, Daft Punk",Starboy,Global,latin,7MXVkk9YMctZqd1Srtv4MB,12423058,283,1,"Seni en kötü ruh haline sokmaya çalışıyorum, ah
P1 arabam senin kilise ayakkabılarından daha temiz, ah
Ona verdiğim bir nokta iki milyon dolar sadece canını yakmak içindi, ah
Tüm sahip olduğum Lamborghini'ler sadece seni kızdırmak için, ah
Bu arabaların hiçbiri kiralık değil, ah
Senin yıllık kazancını bir haftada kazanırım, ah
Birinci sürtüğüm senin liginde değil, ah
İkinci sürtüğüm de senin liginde değil, ah

Ev çok boş, ortaya bir şey lazım
Bu yüzden abanoz ağacından kesilmiş, yirmi bin dolarlık bir masa koydum
Bebeğim o masanın üzerinde kokainleri sıralara ayırıyor
Sonra burnu ile temizliyor, adamım, bebeğimi seviyorum
Hep paran hakkında konuşuyorsun, işitme cihazına ihtiyacın var
Benim hakkımda konuşuyorsun, üzerimde gölge göremiyorum
Tarzımı değiştirip, her şekle girerim
İçkimi yenileyip, her acıyı dindiririm

Şu yaptığınıza bir bakın
Ben lanet olası bir Starboy'um
Şu yaptığınıza bir bakın
Ben lanet olası bir Starboy'um

Her gün zencinin teki beni sınamaya çalışıyor, ah
Her gün zencinin teki sonumu getirmeye çalışıyor, ah
Roadster SV arabamın içindeyim kenara çekmişim, ah
Ceplerim aşırı dolu ağırlaşıyor, ah
Kralın peşinden geliyorsun, bu senin için çok uzun bir mesafe, ah
Ben hayata sonbaharda gelirim, ah
Kimseyle rekabet etmem, hiç kulak asmam
Mavi Mulsanne, arabamın içinde New Edition çalıyorum

Ev çok boş, ortaya bir şey lazım
Bu yüzden abanoz ağacından kesilmiş, yirmi bin dolarlık bir masa koydum
Bebeğim o masanın üzerinde kokainleri sıralara ayırıyor
Sonra burnu ile temizliyor, adamım, bebeğimi seviyorum
Hep paran hakkında konuşuyorsun, işitme cihazına ihtiyacın var
Benim hakkımda konuşuyorsun, üzerimde gölge göremiyorum
Tarzımı değiştirip, her şekle girerim
İçkimi yenileyip, her acıyı dindiririm

Şu yaptığınıza bir bakın
Ben lanet olası bir Starboy'um
Şu yaptığınıza bir bakın
Ben lanet olası bir Starboy'um

Brad Pitt'i rahat bırak zenci
Legend of the fall yılı tıpkı bir eşkıya gibi ele geçirdi
Anneme yeni bir ev ve yepyeni bir Mercedes aldım
O markete gidince savurgan duruyor
Arabamın Star Trek II'deki gibi bir tavanı var
Kızlar bu şarkıyı duyduklarında kendinden geçiyorlar
Hız göstergesindeki 100 beni Tanrı'ya daha da yakınlaştırıyor
Biz aşk için dua etmeyiz, sadece arabalar için dua ederiz

Ev çok boş, ortaya bir şey lazım
Bu yüzden abanoz ağacından kesilmiş, yirmi bin dolarlık bir masa koydum
Bebeğim o masanın üzerinde kokainleri sıralara ayırıyor
Sonra burnu ile temizliyor, adamım, bebeğimi seviyorum
Hep paran hakkında konuşuyorsun, işitme cihazına ihtiyacın var
Benim hakkımda konuşuyorsun, üzerimde gölge göremiyorum
Tarzımı değiştirip, her şekle girerim
İçkimi yenileyip, her acıyı dindiririm

Şu yaptığınıza bir bakın
Ben lanet olası bir Starboy'um
Şu yaptığınıza bir bakın
Ben lanet olası bir Starboy'um
Şu yaptığınıza bir bakın
Ben lanet olası bir Starboy'um
Şu yaptığınıza bir bakın
Ben lanet olası bir Starboy'um"
65,Coldplay,Sparks,Global,latin,7D0RhFcb3CrfPuTJ0obrod,12292423,80,30,"Did I drive you away?
I know what you'll say
You say, ""Oh, sing one we know""
But I promise you this
I'll always look out for you
Yeah, that's what I'll do

I say, oh
I say, oh

My heart is yours
It's you that I hold onto
Yeah, that's what I do
And I know I was wrong
But I won't let you down
Oh, yeah, I will, yeah, I will, yes, I will

I said, oh
I cry, oh

Yeah, I saw sparks
Yeah, I saw sparks
And I saw sparks
Yeah, I saw sparks

Sing it out
La-la-la-la, oh-oh
La-la-la-la, oh-oh
La-la-la-la, oh-oh
La-la-la-la, oh-oh"
66,"Ryan Castro, Kapo, Gangsta",LA VILLA,Global,latin,2ZyrAym0sRLwt4PhGotHuI,12264278,8,47,"Kapo, Ryan Castro, Gangsta
Qué chimba, SOG
The real combination one more time
Again and again and again

Yeah, ay, si quiere me busca', me busca' en un party
Si quiere me busca', me busca que aquí 'toy
Me gusta tu boca y la curva de tu body
Ven, bailemo', que ya casi me voy
Que suene duro ese vals y si entra el awoo
Mami, que prendan los flash
Yo no me voy de aquí si no tengo una peli black
Que escuche dancehall y tenga grande eso atrás
Un recuerdo, un flashback
Hasta sin joya' tú brilla'
Eso nuevecito, mamacita, cero milla'
Vamos todo el finde a parcharno' en la villa
Esto es secretico donde nadie nos pilla
Nadie nos pilla

Ay, una que baile dancehall el doctor me recetó
Su mini, mini, mini, mini a mí me hipnotizó
Sexy gyal, tú anda' suelta, mami, lo sé to'
Su mini, mini, mini, mini a mí me hipnotizó
Una que baile dancehall el doctor me recetó
Su mini, mini a mí me hipnotizó
Sexy gyal, tú anda' suelta, mami, lo sé to'
Su mini, mini a mí me hipnotizó

Llego to'a la mafia que convoquen las muñeca'
Hoy yo voy salido pa' la lleca
Vamo' pa' la finca después de la discoteca
No te haga' la santa, mamacita, que tú peca'
Oh, no, baby, don't go, vamo' a cogerlo slow
Siente la vibra escuchando este dancehall
Pero tenemo' algo pendiente tú y yo después de este show, awoo
Bye-bye, todos nos miran, pero chao
Bye-bye, conmigo estás chimba, no woman, no cry
Aunque yo ya sé que e' la que menos runfly
Bam-bam-biram, bam-bam

Ay, una que baile dancehall el doctor me recetó
Su mini, mini, mini, mini a mí me hipnotizó
Sexy gyal, tú anda' suelta, mami, lo sé to'
Su mini, mini, mini, mini a mí me hipnotizó
Una que baile dancehall el doctor me recetó
Su mini, mini a mí me hipnotizó
Sexy gyal, tú anda' suelta, mami, lo sé to'
Su mini, mini a mí me hipnotizó

Ay, me fascina tu style, me fascina tu style, arrebata
Hopi bo sanka, mami, me sonsaca
Y pon la mano en la pared
Así tal cual el doctor me la médico
Nada genérico, original, sin químico
Yo soy su Kapo, también soy su lollipop
Brilla mi lollipop, como estrella de pop, mami
Be-bebé, bye

Ayy, ay, ay
Bam-bam-biram, bam-bam
Tu booty smile
Ayy, ay, ay
Bam-bam-biram, bam-bam

Una que baile dancehall el doctor me recetó
Su mini, mini, mini, mini a mí me hipnotizó
Sexy gyal, tú anda' suelta, mami, lo sé to'
Su mini, mini, mini a mí me hipnotizó
Una que baile dancehall el doctor me recetó
Su mini, mini, mini, mini a mí me hipnotizó
Sexy gyal, tú anda' suelta, mami, lo sé to'
Su mini, mini a mí me hipnotizó

Yo, Gangsta"
67,Harry Styles,As It Was,Global,latin,4Dvkj6JhhA12EX05fT7y2e,12147204,198,1,"Come on, Harry, we wanna say goodnight to you

Holdin' me back
Gravity's holdin' me back
I want you to hold out the palm of your hand
Why don't we leave it at that?
Nothin' to say
When everything gets in the way
Seems you cannot be replaced
And I'm the one who will stay, oh-oh-oh

In this world, it's just us
You know it's not the same as it was
In this world, it's just us
You know it's not the same as it was
As it was, as it was
You know it's not the same

Answer the phone
""Harry, you're no good alone
Why are you sitting at home on the floor?
What kind of pills are you on?""
Ringin' the bell
And nobody's coming to help
Your daddy lives by himself
He just wants to know that you're well, oh-oh-oh

In this world, it's just us
You know it's not the same as it was
In this world, it's just us
You know it's not the same as it was
As it was, as it was
You know it's not the same

Go home, get ahead, light-speed internet
I don't wanna talk about the way that it was
Leave America, two kids follow her
I don't wanna talk about who's doin' it first

(Hey)
As it was
You know it's not the same as it was
As it was, as it was"
68,"ROSÉ, Bruno Mars",APT.,Global,latin,4wJ5Qq0jBN4ajy7ouZIV1c,12123491,72,1,"Chaeyoung-iga joahaneun
Random game
Random game
Game start

Apateu, apateu
Apateu, apateu
Apateu, apateu
Uh, uh-huh, uh-huh
Apateu, apateu
Apateu, apateu
Apateu, apateu
Uh, uh-huh, uh-huh

Kissy face, kissy face
Sent to your phone, but
I'm tryna kiss your lips for real (Uh-huh, uh-huh)
Red hearts, red hearts
That's what I'm on, yeah
Come give me somethin' I can feel, oh-oh, oh

Don't you want me like I want you, baby?
Don't you need me like I need you now?
Sleep tomorrow, but tonight, go crazy
All you gotta do is just meet me at the

Apateu, apateu
Apateu, apateu
Apateu, apatеu
Uh, uh-huh, uh-huh
Apateu, apateu
Apateu, apatеu
Apateu, apateu
Uh, uh-huh, uh-huh

It's whatever (Whatever), it's whatever (Whatever)
It's whatever (Whatever) you like (Woo)
Turn this apateu into a club (Uh-huh, uh-huh)
I'm talkin' drink, dance, smoke, freak, party all night (Come on)
Geonbae, geonbae, girl, what's up? Oh-oh, oh

Don't you want me like I want you, baby?
Don't you need me like I need you now?
Sleep tomorrow, but tonight, go crazy
All you gotta do is just meet me at the

Apateu, apateu
Apateu, apateu
Apateu, apateu
Uh, uh-huh, uh-huh
Apateu, apateu
Apateu, apateu
Apateu, apateu
Uh, uh-huh, uh-huh

Hey, so now you know the game
Are you ready?
'Cause I'm comin' to get ya, get ya, get ya
Hold on, hold on
I'm on my way
Yeah, yeah, yeah-yeah, yeah
I'm on my way
Hold on, hold on
I'm on my way
Yeah, yeah, yeah-yeah, yeah
I'm on my way

Don't you want me like I want you, baby?
Don't you need me like I need you now?
Sleep tomorrow, but tonight, go crazy
All you gotta do is just meet me at the
[Chorus: ROSÉ, 
Bruno Mars
, 
 ROSÉ & Bruno Mars
]
Apateu, apateu
Apateu, apateu
Apateu, apateu
Just meet me at the (Uh, uh-huh, uh-huh)
Apateu, apateu
Apateu, apateu
Apateu, apateu
Just meet me at the (Uh, uh-huh, uh-huh)
Apateu, apateu
Apateu, apateu
Apateu, apateu
Just meet me at the (Uh, uh-huh, uh-huh)
Apateu, apateu
Apateu, apateu
Apateu, apateu
Uh, uh-huh, uh-huh"
69,Dominic Fike,White Keys,Global,latin,5ViLKrbyL3HD6wsq3AB9eI,12031641,2,69,"Ayy, pitch black Chevy antique, I was seventeen
I ain't have nothing but some tees and a pair of jeans
Pine trees, but it smell like weed in the front seat
You was en route to being famous and everything
White keys 'cause she's way too major for everything
I wanna be a part of it, what you got going on?
Isn't as sad as you make it out to be
I wanna be mad, but you take it out of me
1995, teens in the Florida breeze
Ice cream, she was so sweet before everything
Tight squeeze, tryna fit me in your everyday
But you never came

The world is movin', we were never meant to stay
But I was working on the world
I guess I thought that if I gave you what I had
I guess I thought that it would work

I never knew (Oh)
It was because of you (Oh, oh, oh, oh, ooh)
I never knew (Oh, oh, oh, ooh)
Oh, I guess I never— (Woah)

Ayy, rich ass, tryna fit my Gs in these Prada jeans
Mismatchin' with my Celines, king of everything
Fifth stack comin' in this week, I bought everything
Dispatchin' with all the G's, pulled up, wrecked the scene
White keys 'cause she's way too major for everything
The kids want distance, somewhat, then I feel my heart inside my back
I made a point to be intact and you don't even keep it wholesome with me
You were singin' no songs with me

The world is movin', we were never meant to stay
But I was working on the world
I guess I thought that if I gave you what I had
I guess I thought that it would work

I never knew (Oh)
It was because of you (Oh, oh, oh, oh, ooh)
I never knew (Oh, oh, oh, ooh)
Oh, I guess I never— (Woah)"
70,"Bad Bunny, Omar Courtz, Dei V",VeLDÁ,Global,latin,7d6yK8v8J484SWH5prIQiE,12023336,54,9,"Freaky girl
Freaky girl
Eh
Ayo, it's Ousi
Yeah-yeah
Dei V, Underwater
Freaky girl

You followed me and I followed you back
You gave me a like and I gave two back
Take that, the other day you put me in your close friends
That’s what you want, babe
I'm heading to the DMs, from the back, side, or front
You look amazing in all your pics
Baby, I'll give it to you now and later too
You posted a story nearby, I’m ready to walk over if I have to, eh
Ooh, babe, I want you to be my wolf
You've got me walking a fine line
Woah-oh, if we go underwatеr, you'll get wet
I'm gonna eat you up likе running a red light

And come on, get ready
Who's paying tonight? Babe, don't worry about it
You're coming, I'm going, just follow me
With that anime-style ass, babe, anime-style
Come on, get ready (Yeah)
Who’s paying tonight? Baby, don’t worry about it
Are you coming or should I come? Just follow me
This is what you've been waiting for
My flirty message

We’ll see if it's true (Ooh-ooh), eh
We'll see if it's true, we’ll see if it's true, we'll see if it's true
Baby
We'll see if it's true (We'll see if it's true), eh

Baby, you do it like you knew how (Like you knew how)
Even you would get turned on if you saw yourself through my eyes
Saw yourself through my eyes

Hey (Hey), you and I are gonna meet, we're gonna get to know each other
We're gonna dance (We're gonna dance), we're gonna drink (We're gonna drink)
We're gonna hook up (We're gonna hook up), then get it on
You're gonna get addicted, and this is gonna get wild
We're gonna end badly, yeah
Because I'm trouble
And because you're hot
But I've got my girls
The ones I don't let go of, but you're loose, yeah
But you're fr—, but-but you're loose, hey (Hey)
You're a pitcher, baby, but I grew up on the mound
You'll be dreaming of me after I eat you up
I'll roll up to your block, lowkey in the Tacoma
Or maybe in the Lambo, living a crazy movie life
Hey (Hey), check the AP, it's always on time
That's why no girl rushes me or tricks me
I'm ready to knock you up right now (Horny)

She showed up all wild, like a white girl in La Perla
Baby, this is Ousi, it's a pleasure to meet you
I'm with Bad Bo, with Dei V, and you're with your girls
And I don't know if it's the weed, but you've got
Those tiny little eyes like Don
I ran my tongue over you like sealing a blunt
Baby, you let loose with tequila and lime
That thing in the back, baby, it's huge, like a Yukon
Close your eyes and think of me
I'm drinking and blazing too
She wants a message that says, ""Come over""
I spend my time staring at that booty online

Baby (Baby), that ass belongs to a boss
And I've always wanted to be a boss
Let's go somewhere no one will notice
So when I hit it, hey (Hit it)

We'll see if it's true
We'll see if it's true, we'll see if it's true, we'll see if it's true
Eh-eh
We'll see if it's true, we'll see if it's true

Baby, you do it like you knew how
Even you would get turned on if you saw yourself through my eyes, saw yourself through my eyes (Eyes)

What? Baby, I heard you get things done
Who leads the new generation?
The multi-platinum league
Bad Bunny, Dei V, Omar Courtz
You know, your idols
You're probably wondering how they do it
You've gotta step it up, boom!

Hey, yeah-yeah
Hey
Close your eyes and think of me, hey
I'm drinking and blazing too
She wants a message that says, ""Come over""
I spend my time staring at that booty online"
71,Teddy Swims,Lose Control,Global,latin,17phhZDn6oGtzMe56NuWvj,11961040,121,5,"Something's got a hold of me lately
No, I don’t know myself anymore
Feels like the walls are all closin' in
And the devil's knockin’ at my door, woah
Out of my mind, how many times did I tell you
I'm no good at bein' alone?
Yeah, it's taken a toll on me, tryin' my best to keep
From tearin' the skin off my bones, don't you know

I lose control
When you're not next to me (When you’re not here with me)
I’m fallin' apart right in front of you, can’t you see?
I lose control
When you're not next to me, mhm
Yeah, you're breakin' my heart, baby
You make a mess of me

Problematic
Problem is I want your body like a fiend, like a bad habit
Bad habits hard to break when I’m with you
Yeah, I know I can do it on my own
But I want that real full-moon black magic and it takes two
Problematic
Problem is when I'm with you, I'm an addict
And I need some relief, my skin in your teeth
Can't see the forest through the trees
Got me down on my knees, darlin', please, oh

I lose control
When you're not next to me (When you're not here with me)
I'm fallin' apart right in front of you, can't you see?
I lose control
When you're not next to me, mhm
Yeah, you're breakin' my heart, baby
You make a mess of me, yeah


I lose control
When you're not here with me, mm
I'm fallin' apart right in front of you, can't you see?
I lose control
When you're not here with me, mhm
Yeah, you're breakin' my heart, baby
You make a mess of me"
72,"Gorillaz, De La Soul",Feel Good Inc.,Global,latin,0d28khcov6AiegSCpG5TuT,11811702,63,46,"Ha-ha-ha-ha-ha-ha-ha-ha-ha-ha-ha-haa
Feel good
Sha-ba, sha-ba, sha-ba-da-ba, feel good
Sha-ba, sha-ba, sha-ba-da-ba, feel good
Sha-ba, sha-ba, sha-ba-da-ba, feel good
Sha-ba, sha-ba, sha-ba-da-ba, feel good
Sha-ba, sha-ba, sha-ba-da-ba, feel good
Sha-ba, sha-ba, sha-ba-da-ba, feel good
Sha-ba, sha-ba, sha-ba-da-ba, feel good
Sha-ba, sha-ba, sha-ba-da-ba, feel good

City's breaking down on a camel's back
They just have to go, 'cause they don't know wack
So while you fill the streets, it's appealing to see
You won't get out the county 'cause you're damned and free
You got a new horizon, it's ephemeral style
A melancholy town where we never smile
And all I wanna hear is the message beep
My dreams, they gotta kiss because I don't get sleep, no
*Beep
*

Windmill, windmill for the land
Turn forever, hand in hand
Take it all in on your stride
It is ticking, falling down
Love forever, love is free
Let's turn forever, you and me
Windmill, windmill for the land
Is everybody in?

Laughin' gas, these hazmats, fast cats
Linin' 'em up like ass cracks
Play these ponies at the track
It's my chocolate attack
Shit, I'm steppin' in the heart of this here (Yeah)
Care Bear repping in harder this year (Yeah)
Watch me as I gravitate, ha-ha-ha-ha-ha!
Yo, we gon' ghost town this Motown
With yo' sound, you in the blink
Gon' bite the dust, can't fight with us
With yo' sound, you kill the Inc
So don't stop, get it, get it (Get it)
Until you're cheddar headed
And watch the way I navigate, ha-ha-ha-ha-ha
(Ha! Ha-ha! Ha-ha! Ha-ha! Ha!)
(Ha-ha-ha! Haa!)
(Ha-ha-ha-ha-ha! Haa!)
(Ha-ha-ha-ha-ha-ha-ha-ha! Haa!)
(Ha-ha-ha-ha-ha-ha-ha-ha!)

Sha-ba, sha-ba, sha-ba-da-ba, feel good
Sha-ba, sha-ba, sha-ba-da-ba, feel good
Sha-ba, sha-ba, sha-ba-da-ba, feel good
Sha-ba, sha-ba, sha-ba-da-ba, feel good


Windmill, windmill for the land
Turn forever, hand in hand
Take it all in on your stride
It is ticking, falling down
Love forever, love is free
Let's turn forever, you and me
Windmill, windmill for the land
Is everybody in?

Don't stop, get it, get it, peep how your captain's in it
(Sha-ba, sha-ba, sha-ba-da-ba, feel good)
Steady, watch me navigate, ha-ha-ha-ha-ha!
(Sha-ba, sha-ba, sha-ba-da-ba, feel good)
Don't stop, get it, get it, peep how your captain's in it
(Sha-ba, sha-ba, sha-ba-da-ba, feel good)
Steady, watch me navigate, ha-ha-ha-ha-ha!
(Sha-ba, sha-ba, sha-ba-da-ba, feel good)
Sha-ba, sha-ba, sha-ba-da-ba, feel good (Haa-ha-ha!)
Sha-ba, sha-ba, sha-ba-da-ba, feel good (Haa-ha-ha!)
Sha-ba, sha-ba, sha-ba-da-ba, feel good (Haa-ha-ha-ha-ha!)
Sha-ba, sha-ba, sha-ba-da-ba, feel good (Haa-ha-ha-ha-ha-ha!)"
73,"Kendrick Lamar, SZA","All The Stars (with SZA) - From ""Black Panther: The Album""",Global,latin,3GCdLUSnKSMJhs4Tj6CV3s,11794881,142,2,"Meanings of Categories:10: A+ (GOAT - Can be multiple GOAT albums)
9-9.9: A (Classic)
8-9: B+ (Amazing / Essentials)
7-8: B (Great)
6-7: B- (Good)
5.5-6: C+ (Above Average)
5-5.5: C (Average)
4.5-5: C- (The Best of the Worst)
4-4.5: D (Bad)
4.0-below: F (Absolute Trash)
*Albums rated 10 will be bolded to indicate a perfect album*
*Albums rated 9.0 and above will be bolded to indicate classic and elite status*All Ratings and Reviews:10 (Perfect)Kendrick Lamar: To Pimp A Butterfly — 10
Michael Jackson: Thriller — 10
Kendrick Lamar: good kid, m.A.A.d city — 10
Kanye West: My Beautiful Dark Twisted Fantasy — 10
Radiohead: OK Computer — 109-9.9 (Classics)Radiohead: In Rainbows — 9.9
Kanye West: The College Dropout - 9.8
JID: The Forever Story (Extended Version) — 9.8
Kanye West: Late Registration - 9.7
J. Cole: 4 Your Eyez Only - 9.7
Tyler, The Creator: IGOR - 9.6
Kendrick Lamar: good kid, m.A.A.d city  - 9.6
Travis Scott: Rodeo (Expanded Edition) - 9.5
Pink Floyd: The Dark Side Of The Moon - 9.5
Travis Scott: Rodeo - 9.4
Frank Ocean: channel ORANGE - 9.3
Kendrick Lamar: DAMN. - 9.3
The Weeknd: House Of Balloons - 9.2
Travis Scott: ASTROWORLD - 9.2
JAY-Z: 444 - 9.2
Kanye West: Yeezus - 9.2
Nas: Illmatic - 9.1
Frank Ocean: Blonde - 9.1
Kanye West: The Life of Pablo - 9.08-9 (Essentials)Kanye West: Graduation - 8.9
Travis Scott: UTOPIA - 8.8
Freddie Gibbs & The Alchemist: Alfredo 2 - 8.8
Kendrick Lamar: untitled unmastered. - 8.7
The Weeknd: Hurry Up Tomorrow - 8.7
JPEGMAFIA & Danny Brown: SCARING THE HOES - 8.7
Tyler, The Creator: CALL ME IF YOU GET LOST - 8.6
The Notorious B.I.G.: Ready to Die - 8.6
Kanye West, Kid Cudi: KIDS SEE GHOSTS - 8.6
Tyler, The Creator: Flower Boy - 8.6
A$AP Rocky: AT.LONG.LAST.A$AP - 8.6
Kendrick Lamar: Mr. Morale & The Big Steppers - 8.6
Tame Impala: Currents - 8.5
Future & Metro Boomin: WE DON'T TRUST YOU - 8.5
Radiohead: The Bends - 8.5
Tyler, The Creator: CHROMAKOPIA - 8.5
Westside Gunn: Pray for Paris - 8.5
Pusha T: DAYTONA - 8.4
Lil Yachty: Let's Start Here. - 8.4
J. Cole: The Fall-Off - 8.4
Drake: Take Care - 8.3
Future: DS2 (Deluxe) - 8.3
Kendrick Lamar: Section.80 - 8.3
Playboi Carti: MUSIC - 8.3
Kanye West: Donda (Deluxe) - 8.3
Killer Mike: Michael - 8.3
Logic: Under Pressure (Deluxe) - 8.3
Kendrick Lamar: GNX - 8.2
Denzel Curry: Melt My Eyez See Your Future - 8.2
Drake: Nothing Was The Same - 8.2
The Weeknd: Dawn FM - 8.2
J. Cole: The Off-Season - 8.1
Mac DeMarco: This Old Dog - 8.1
Don Toliver: OCTANE - 8.1
Travis Scott: Birds In The Trap Sing McKnight - 8.0
Lil Wayne: Tha Carter III - 8.0
Kanye West: Donda - 8.0
Drake: Scary Hours 2 - 8.0
Travis Scott: DAYS BEFORE RODEO - DIGITAL DELUXE ALBUM VAULT 4 - 8.0
Pusha T: It's Almost Dry - 8.0
Drake: Nothing Was The Same (Deluxe) - 8.07-8Travis Scott: Days Before Rodeo - 7.9
Tyler, The Creator: CALL ME IF YOU GET LOST: The Estate Sale - 7.9
J. Cole: 2014 Forest Hills Drive - 7.9
Earl Sweatshirt: Some Rap Songs - 7.9
Baby Keem: Ca$ino - 7.9
21 Savage & Metro Boomin: SAVAGE MODE II - 7.8
21 Savage: i am > i was (Deluxe) - 7.8
Westside Gunn: And Then You Pray For Me - 7.8
Kanye West: ye - 7.8
Knucks: ALPHA PLACE- 7.8
Tierra Whack: Whack World - 7.8
Metro Boomin: HEROES & VILLAINS - 7.7
Jack Harlow: Jackman. - 7.7
The Weeknd: Thursday - 7.7
Travis Scott: DAYS BEFORE RODEO  - 7.6
A$AP Rocky: TESTING - 7.6
Teezo Touchdown: How Do You Sleep At Night? - 7.6
Brent Faiyaz: WASTELAND - 7.5
A$AP Rocky: DON'T BE DUMB - 7.4
Playboi Carti: Die Lit - 7.4
Future: Future Hndrxx Presents: The WIZRD - 7.3
Kanye West: 808s & Heartbreak - 7.3
Drake: If You're Reading This It's Too Late - 7.2
Travis Scott: Days Before Rodeo (Digital Deluxe) - 7.2
Drake: More Life - 7.2
JACKBOYS & Travis Scott: JACKBOYS - 7.2
Faye Webster: Atlanta Millionaire's Club - 7.1
Baby Keem: The Melodic Blue (Deluxe) - 7.1
Young Thug: BUSINESS IS BUSINESS (Metro's Version) - 7.1
2Pac: 2Pacalypse Now - 7.1
Drake: Views -  7.1
Drake: Certified Lover Boy - 7.1
Various Artists: Black Panther: The Album - 7.1
Travis Scott: DAYS BEFORE RODEO - DIGITAL DELUXE ALBUM VAULT 2 - 7.1
Roddy Ricch: Please Excuse Me for Being Antisocial - 7.1
Jay-Z & Kanye West: Watch The Throne - 7.0
Bruno Mars: Doo-Wops & Hooligans - 7.0
Polo G: Die A Legend - 7.0
J. Cole: Might Delete Later - 7.06-7Don Toliver: Life of a DON - 6.9
Drake: The Best in the World Pack - 6.9
Juice WRLD: Death Race For Love - 6.9
Drake: For All The Dogs Scary Hours Edition - 6.9
Gunna: WUNNA - 6.8
Playboi Carti: Whole Lotta Red - 6.8
Baby Keem: DIE FOR MY BITCH - 6.8
Metro Boomin: METRO BOOMIN PRESENTS SPIDER-MAN: ACROSS THE SPIDER-VERSE (SOUNDTRACK FROM AND INSPIRED BY THE MOTION PICTURE) - 6.8
Drake: For All The Dogs - 6.7
JACKBOYS & Travis Scott: JACKBOYS 2 - 6.7
Polo G: THE GOAT - 6.7
Metro Boomin: NOT ALL HEROES WEAR CAPES - 6.6
Don Toliver: Love Sick (Deluxe) - 6.6
Lil Uzi Vert: Eternal Atake - 6.6
Playboi Carti: Playboi Carti - 6.5
21 Savage: american dream - 6.5
Quavo: Rocket Power - 6.5
Kanye West: JESUS IS KING - 6.5
Drake & 21 Savage: Her Loss - 6.4
¥$: VULTURES 1 - 6.4
Juice WLRD: Legends Never Die - 6.4
J. Cole: KOD - 6.3
Drake: Scary Hours - 6.3
Travis Scott: DAYS BEFORE RODEO - DIGITAL DELUXE ALBUM VAULT 3 - 6.3
Drake: Scorpion - 6.2
Drake & PARTYNEXTDOOR: $ome $exy $ongs 4 U - 6.1
Pop Smoke: Shoot for the Stars, Aim for the Moon - 6.1
Future & Metro Boomin: WE STILL DON'T TRUST YOU - 6.1
Drake: Dark Lane Demo Tapes - 6.0
Juice WRLD: Goodbye & Good Riddance - 6.0
André 3000: New Blue Sun - 6.05-6Drake: Honestly, Nevermind - 5.9
Gunna: DS4EVER - 5.9
Huncho Jack: Huncho Jack, Jack Huncho - 5.8
Don Toliver: Love Sick - 5.7
KayCyy: TW2052 - 5.6
XXXTENTACION: 17 - 5.4
Polo G: Hall of Fame - 5.4
Future & Juice WRLD: Future & Juice WRLD Present... WRLD ON DRUGS - 5.3
Lil Uzi Vert: Pink Tape - 5.3
Post Malone: Stoney - 5.3
NLE Choppa: Top Shotta - 5.2
Lil Baby & Lil Durk: The Voice of the Heroes - 5.1
Lyrical Lemonade: All Is Yellow - 5.1
XXXTENTACION: ? - 5.0
Gunna: One of Wun - 5.04-5Juice WRLD: Fightings Demons - 4.9
Drake: 100 GIGS - 4.6
Pop Smoke: Faith - 4.2
Gunna & Lil Baby: Drip Harder - 4.1
Gunna: The Last Wun - 4.03-4Kanye West: Donda 2 - 3.9
Rae Sremmurd: Sremm 4 Life - 3.6
Lil Uzi Vert: Eternal Atake 2 - 3.4"
74,Vance Joy,Riptide,Global,latin,2uXlHCUbq9OMUwx3hrk06o,11727269,264,30,"I was scared of dentists and the dark
I was scared of pretty girls and starting conversations
Oh, all my friends are turnin' green
You're the magician's assistant in their dream

Oh-ooh, ooh, ooh
Oh, and they come unstuck

Lady, runnin' down to the riptide
Taken away to the dark side
I wanna be your left-hand man
I love you when you're singin' that song and
I got a lump in my throat 'cause
You're gonna sing the words wrong

There's this movie that I think you'll like
This guy decides to quit his job and heads to New York City
This cowboy's runnin' from himself
And she's been livin' on the highest shelf

Oh-ooh, ooh, ooh
Oh, and they come unstuck

Lady, runnin' down to the riptide
Taken away to the dark side
I wanna be your left-hand man
I love you when you're singin' that song, and
I got a lump in my throat 'cause
You're gonna sing the words wrong

I just wanna, I just wanna know
If you're gonna, if you're gonna stay
I just gotta, I just gotta know
I can't have it, I can't have it any other way
I swear she's destined for the screen
Closest thing to Michelle Pfeiffer that you've ever seen, oh

Lady, runnin' down to the riptide
Taken away to the dark side
I wanna be your left-hand man
I love you when you're singin' that song and
I got a lump in my throat 'cause
You're gonna sing the words wrong

Oh, lady, runnin' down to the riptide
Taken away to the dark side
I wanna be your left-hand man
I love you when you're singin' that song and
I got a lump in my throat 'cause
You're gonna sing the words wrong
Oh, lady, runnin' down to the riptide
Taken away to the dark side
I wanna be your left-hand man
I love you when you're singin' that song and
I got a lump in my throat 'cause
You're gonna sing the words wrong, yeah
I got a lump in my throat 'cause
You're gonna sing the words wrong"
75,Arctic Monkeys,505,Global,latin,58ge6dfP91o9oXMzq3XkIS,11632654,217,43,"I'm going back to 505
If it's a seven hour flight or a forty-five minute drive
In my imagination, you're waitin' lyin' on your side
With your hands between your thighs

Stop and wait a sec
And when you look at me like that, my darlin'
What did you expect?
I'd probably still adore you
With your hands around my neck
Or I did last time I checked
Not shy of a spark
The knife twists at the thought
That I should fall short of the mark
Frightened by the bite, though
It's no harsher than the bark
The middle of adventure
Such a perfect place to start

I'm going back to 505
If it's a seven hour flight or a forty-five minute drive
In my imagination, you're waitin' lyin' on your side
With your hands between your thighs

But I crumble completely when you cry
It seems like once again you've had to greet me with goodbye
I'm always just about to go and spoil the surprise
Take my hands off of your eyes too soon

I'm going back to 505
If it's a seven hour flight or a forty-five minute drive
In my imagination, you're waitin' lyin' on your side
With your hands between your thighs and a smile"
76,Daniel Caesar,Who Knows,Global,latin,6DH13QYXK7lKkYHSU88N48,11563110,15,58,"I'll probably be a waste of your time, but who knows?
Chances are I'll step out of line, but who knows?
Lately, you've set up in my mind
Yeah, girl, you, and I like that

Lately, I've been thinking that perhaps I am a coward
Hiding in a disguise of an ever-giving flower
Incompetent steward of all of that sweet, sweet power

Yesterday was feeling so good, now it's gone
I'd feel like that always if I could, is that wrong?
Tell me 'bout the city you're from
Is it hot? Does it snow there?

Lately, I've been thinking 'bout my precarious future
Will you be there with me by my side, my girl, my shooter?
Who's to say who calculates? Not me, I'm no computer

Is it a crime to be unsure? (Let me know, let me know, let me know, let me)
In time we'll find (Let me know, let me know, let me know, let me)
If it's sustainable (Let me know, let me know, let me know, let me)
You're pure, you're kind (Let me know, let me know, let me know, let me)
Mature, divine (Let me know, let me know, let me know, let me)
You might be too good for me, unattainable (Let me know, let me know, let me know, let me)

Maybe we get married one day, but who knows?
Think I'll take that thought to the grave, but who knows?
I know that I'll love you always
Yeah, girl you, and I'd like that"
77,sombr,undressed,Global,latin,0TFTAtCYhp2tQ9KcJIZb55,11497773,49,6,"You had a dream, you wanted better
You were sick of all the holes in your sweater
You looked to me and wondered whether
I was the lamppost to which you were tethered

I'm lookin' at you, and you're lookin' at me
But the glimmer in your eyes is sayin' you wanna leave
You're sayin' to me what you're sayin' to me
But the glimmer in your eyes is telling me other things

I don't wanna get undrеssed
For a new person all ovеr again
I don't wanna kiss someone else's neck
And have to pretend it's yours instead


I took the train to see my mother
I look across the tracks to see you with another
There's nothin' worse than seein' your lover
Moving on while you still suffer

I'm lookin' at you, and you're lookin' at me
But the glimmer in your eyes is sayin' you wanna leave
You're sayin' to me what you're sayin' to me
But the glimmer in your eyes is telling me other things

I don't wanna get undressed
For a new person all over again
I don't wanna kiss someone else's neck
And have to pretend it's yours instead

And I don't wanna learn another scent
I don't want the children of another man
To have the eyes of the girl I won't forget
I won't forget

I don't wanna get undressed
For a new person all over again
I don't wanna kiss someone else's neck
And have to pretend it's yours instead

I don't wanna get undressed
For a new person all over again"
78,Bruno Mars,Why You Wanna Fight?,Global,latin,3Ac4AjYkqsvop2ydbSAhTX,11492627,1,78,"Ooh-woo (Ooh)
Woo
Woo (Ooh)
Ah

Why you wanna fight with me, baby?
Wouldn't you rather make love tonight?
Tell me why you wanna fight with me, baby?
Let me show you I can make it right, oh

You want me knockin' on the door, cryin' in the rain
Babygirl, for you, I'll do all them things
(I'm beggin') I'm beggin', baby (Beggin', don't go)
I'm beggin', don't go, baby, no, no, no
I've apologized, but you keep goin' on
Ain't too proud to say it, I admit, I was wrong
Stop playin' with me, come back home

Why you wanna fight with me, baby? (Why you wanna fight?)
Wouldn't you rather make love tonight? (Sweet love)
Tell me why you wanna fight with me, baby? (Why you wanna fight?)
Let me show you I can make it right, oh-oh-oh

Just run into my arms, let's just start again
Girl, I'll call your momma, plead with all your friends
(I'll do it) Yes, I will (Do it for us)
Oh, I'll do it for us 'cause enough is enough
We can work this out, don't say that it's through
You may hatе me now, but I never stoppеd lovin' you
That's what we not gon' do

Why you wanna fight with me, baby? (Why you wanna fight?)
Wouldn't you rather make love tonight? (Sweet love)
Tell me why you wanna fight with me, baby? Uhh (Why you wanna fight?)
Let me show you I can make it right
I can make it right, oh, oh, baby

Come home (Oh)
Home (Ooh)
I can't stop thinkin' about you, girl
My world just ain't the same without you, girl, oh
Come home (Oh-woah)
Home (Ooh)
If your heart hurt just like mine
I'ma ask you one more time

Why you wanna fight with me, me, babe? (Why you wanna fight?)
Wouldn't you rather make love? Sweet love (Sweet love)
Sweet, tender love
Why, why, why, why, why, why, why? (Why you wanna fight?)
Let me show you I can make it right
Oh, I can make it right tonight"
79,Addison Rae,Fame is a Gun,Global,latin,7B3BwNecBhKvNwSMOOl7Gk,11438050,15,56,"Tell me who I am, do I provoke you with my tone of innocence?
Don't ask too many questions, that is my one suggestion
You know I keep it real, I live for the appeal
Knew it from the start, it was the only way to mend my broken heart
Don't ask too many questions, this is my one confession
It never was enough, I always wanted more
I always wanted more

Fame is a gun and I point it blind
Crash and burn, girl, baby, swallow it dry
You got a front row seat and I
I got a taste of the glamorous life

There's no mystery, I'm gonna make it, gonna go down in history
Don't ask too many questions, God gave me the permission
And when you shame me, it makes me want it more
It makes me want it more, more

Fame is a gun and I point it blind (Blind)
Crash and burn, girl, baby, swallow it dry (Dry)
You got a front row seat and I
I got a taste of the glamorous life (Life)
Love is a drug that I can't deny (Deny)
I'm your dream girl, but you're not my type
You got a front row seat and I
I got a taste of the glamorous life (Uh-huh)

Glamorous life
Glamorous life
Glamorous life
I got a taste of the glamorous life

Nothing makes me feel as good
As being loved by you
Nothing makes me feel as good
As being loved by you (Ooh)

Fame is a gun and I point it blind (Blind)
Crash and burn, girl, baby, swallow it dry (Dry)
You got a front row seat and I
I got a taste of the glamorous life (Life)
Love is a drug that I can't deny
I'm your dream girl, but you're not my type
You got a front row seat and I
I got a taste of the glamorous life (Uh-huh)

I got a taste of the glamorous life (Uh-huh)
I got a taste of the glamorous life"
80,Herencia De Grandes,Ya Borracho,Global,latin,4NyUIohBa3CEMGcXURYSOh,11367657,15,66,"Me enamoré y creo que me fui de paso
Hoy me declaro un loco obsesionado
Y no te espantes pues no es nada malo
Pero es que tú eres mi amor anhelado
Cuando te vi sentí algo que ya no había aquí
Quise elegir por mí y me decidí por ti

Y ya borracho me parqueo por tu ventana
Para llevarte las canciones que te encantan
Pa' enamorarte las flores no son tan caras
Pero llevan todo el cariño de mi alma
Que pa' en febrero vendré frente a ti
Con mis preguntas y digas que sí
Hacernos novios y verte feliz y muy contenta como yo por ti

Herencia De Grandes

Pregúntame qué es lo que me enamora
Pa' describirte unas cuántas horas
También pregunta qué quiero contigo
Que seas dichosa al estar conmigo
Y ya borracho contéstame la llamada
Pa' dedicarte unas bonitas palabras
Así borracho me animo a decirte todo
Y puedo describir lo mucho que me encantas
Decirte que me siento muy feliz y emocionado por tenerte a ti
Espero que quieras estar aquí enamorada mirándome a mí
Mirándome a mí"
81,Linkin Park,In the End,Global,latin,60a0Rd6pjrkxjPbaKzXjfq,11366387,133,22,"It starts with one

One thing, I don't know why
It doesn't even matter how hard you try
Keep that in mind, I designed this rhyme
To explain in due time, all I know
Time is a valuable thing
Watch it fly by as the pendulum swings
Watch it count down to the end of the day
The clock ticks life away, 
it's so unreal
Didn't look out below
Watch the time go right out the window
Tryin' to hold on, d-didn't even know
I wasted it all just to watch you go

I kept everything inside
And even though I tried, it all fell apart
What it meant to me will eventually be
A memory of a time when I tried so hard

I tried so hard and got so far
But in the end, it doesn't even matter
I had to fall to lose it all
But in the end, it doesn't even matter

One thing, I don't know why
It doesn't even matter how hard you try
Keep that in mind, I designed this rhyme
To remind myself how I tried so hard
In spite of the way you were mockin' me
Actin' like I was part of your property
Remembering all the times you fought with me
I'm surprised it got so far
Things aren't the way they were before
You wouldn't even recognize me anymore
Not that you knew me back then
But it all comes back to me in the end

You kept everything inside
And even though I tried, it all fell apart
What it meant to me will eventually be
A memory of a time when I tried so hard

I tried so hard and got so far
But in the end, it doesn't even matter
I had to fall to lose it all
But in the end, it doesn't even matter

I've put my trust in you
Pushed as far as I can go
For all this, there's only one thing you should know
I've put my trust in you
Pushed as far as I can go
For all this, there's only one thing you should know

I tried so hard and got so far
But in the end, it doesn't even matter
I had to fall to lose it all
But in the end, it doesn't even matter"
82,"Jung Kook, Latto",Seven (feat. Latto) (Explicit Ver.),Global,latin,2HRgqmZQC0MC7GeNuDIXHN,11360421,138,1,"Вес мира на твоих плечах
Я целую твою талию и успокаиваю твой разум
Мне должно быть повезло узнать тебя
Я беру свои руки и прослеживаю твои линии

Это путь, по которому мы можем прокатиться
Это путь, по которому мы можем прокатиться (О-о-о-о)
Думаю, я встречал тебя в другой жизни
Так что порви со мной в другой раз (О-о-о-о)
Ты обнимаешь меня и даёшь мне жизнь
И поэтому ночь за ночью
Я буду трахать тебя правильно

Понедельник, вторник, среда, четверг, пятница, суббота, воскресенье (Неделя)
Понедельник, вторник, среда, четверг, пятница
Семь дней в неделю
Каждый час, каждую минуту, каждую секунду
Ты знаешь, ночь за ночью
Я буду трахать тебя правильно
Семь дней в неделю

Тебе нравится, когда я сразу вступаю в игру
Всего себя предлагаю
Показываю тебе, что такое преданность
Это глубже, чем океан
Отмотай назад, я не буду торопиться
Оставлю после себя сияние
Покажу тебе, что такое преданность
Это глубже, чем океан

Это путь, по которому мы можем прокатиться
Это путь, по которому мы можем прокатиться (О-о-о-о)
Думаю, я встречал тебя в другой жизни
Так что порви со мной в другой раз (О-о-о-о)
Ты обнимаешь меня и даёшь мне жизнь
И поэтому ночь за ночью
Я буду трахать тебя правильно

Понедельник, вторник, среда, четверг, пятница, суббота, воскресенье (Неделя)
Понедельник, вторник, среда, четверг, пятница
Семь дней в неделю
Каждый час, каждую минуту, каждую секунду
Ты знаешь ночь за ночью
Я буду трахать тебя правильно, семь дней в неделю
Понедельник, вторник, среда, четверг, пятница, суббота, воскресенье (Неделя)
Понедельник, вторник, среда, четверг, пятница
Семь дней в неделю
Каждый час, каждую минуту, каждую секунду
Ты знаешь, ночь за ночью
Я буду трахать тебя правильно
Семь дней в неделю
(Big Latto)

Крепче возьму под контроль, крепко схвачу его душу
Возьму твой телефон, сделаю снимок, сохраню в галерее (У)
Оставь свою одежду у двери
Чего ты ждёшь? Приходи и достигай своих целей
А, он отдаст всего себя
Идя к восходу солнца, мы не будем спать
Семь дней в неделю, семь разных простыней
Семь разных ракурсов, я могу быть твоей фантазией
Откроюсь, скажу: «А»
Иди сюда, детка, позволь мне проглотить твою гордость
На чём ты? Я могу сравниться с твоей энергией (Энергией)
Ударь меня, и я буду танцевать Ча Ча Слайд
Ты заставляешь понедельники быть похожими на выходные
Я заставляю его никогда не думать об измене
Ты пропускаешь работу и встречи из-за меня
Пофиг, давай выспимся, е
(Семь дней в неделю, о)

Понедельник, вторник, среда, четверг, пятница, суббота, воскресенье (Неделя)
Понедельник, вторник, среда, четверг, пятница
Семь дней в неделю
Каждый час, каждую минуту, каждую секунду (О-о-о)
Ты знаешь, ночь за ночью
Я буду трахать тебя правильно
Семь дней в неделю (О)
Понедельник, вторник, среда, четверг, пятница, суббота, воскресенье (неделя)
Понедельник, вторник, среда, четверг, пятница (О, о, о, о, о)
Семь дней в неделю
Каждый час, каждую минуту, каждую секунду (Час, минуту, секунду)
Ты знаешь, ночь за ночью
Я буду трахать тебя правильно
Семь дней в неделю"
83,Bruno Mars,Dance With Me,Global,latin,1myZ6GQewhAzMH2dKtKSWK,11345856,1,83,"Ooh-ooh-ooh, ooh, ooh, ooh, ooh (Mm)
Ooh-ooh-ooh, ooh, ooh, ooh

Dance with me, darling
Just one more time
Take my hand and let's just slow dance all night
Girl, you know I'm hoping
Hoping when the music ends
You and I will fall in love all over again

Dance with me, darling
Just one more time
Put your pride aside, right here next to mine
Girl, you know I'm hoping
Hoping when the music ends
You and I will fall in love all over again, yeah

(All the stars) All the stars are out tonight
Ooh, maybe they'll shine a little light
Help us find what we're trying to find
It's been so long since I held you tight
I won't lеt you go 'til we get it right

Will you dance with mе, darling?
One more time

It's the only thing that we ain't try
Girl, you know I'm hoping
Hoping when the music ends
You and I (You and I) will fall in love (Fall in love)

All over again
(Ooh-ooh-ooh, ooh, ooh, ooh, ooh)
All over again
(Ooh-ooh-ooh, ooh, ooh, ooh, ooh)

Will you dance with me, darling? (Dance with me, darling, dance with me just one more time)
Please, please, please
(Dance with me, darling, dance with me just one more time) Oh, just one more time
(Dance with me, darling, dance with me just one more time)
Oh, I gotta let you know, baby, I still love you (Dance with me, darling, dance with me just one more time)
And I don't wanna dance with nobody, nobody, nobody but you (Dance with me, darling, dance with me just one more time)
Nobody but you (Dance with me, darling, dance with me just one more time)
Ooh (Dance with me, darling, dance with me just one more time)
Ooh-ooh, ooh"
84,Michael Jackson,Billie Jean,Global,latin,7J1uxwnxfQLu4APicE5Rnj,11275762,41,48,"She was more like a beauty queen from a movie scene, uh
I said, ""Don't mind, but what do you mean, I am the one?
Who will dance on the floor in the round?""
She said I am the one
Who will dance on the floor in the round?
She told me her name was Billie Jean as she caused a scene
Then every head turned with eyes that dreamed of bein' the one, uh
Who will dance on the floor in the round?

People always told me, ""Be careful of what you do,"" uh
""And don't go around breakin' young girls' hearts"" (Hee-hee)
And mother always told me, ""Be careful of who you love
And be careful of what you do (Oh, oh)
'Cause the lie becomes the truth"" (Oh, oh), hey

Billie Jean is not my lover, uh
She's just a girl who claims that I am the one (Oh, baby)
But the kid is not my son (Woo)
Uh, she says I am the one (Oh, baby)
But the kid is not my son (Hee-hee-hee; no, no)
(Hee-hee-hee, woo)

For forty days and for forty nights, the law was on her side
But who can stand when she's in demand? Her schemes and plans
'Cause we danced on the floor in the round (Hee, uh, uh)
So take my strong advice
Just remember to always think twice (Don't think twice)
Do think twice (A-hoo)
She told my baby we danced 'til three, then she looked at me
Then showed a photo of a baby cryin', his eyes were like mine (Oh, no)
'Cause we danced on the floor in the round, baby (Ooh, hee-hee-hee)

People always told me, ""Be careful of what you do,"" uh
""And don't go around breakin' young girls' hearts"" (Don't break no hearts; hee-hee)
But she came and stood right by me
Just the smell of sweet perfume (Ha-oh)
This happened much too soon (Ha-oh, ha-ooh)
She called me to her room (Ha-oh, hoo), hey

Billie Jean is not my lover (Woo)
She's just a girl who claims that I am the one, uh
But the kid is not my son, uh
No-no-no, uh, no-no-no, no-no-no (Woo)
Billie Jean is not my lover, uh
She's just a girl who claims that I am the one
But the kid is not my son (No, no)
She says I am the one (Oh, baby)
But the kid is not my son (No, hee-hee-hee)
(Ah-hee-hee-hee)

Hee, hoo
(Chicka-boom, chicka-boom, chicka-boom, chicka-boom)

She says I am the one, uh
But the kid is not my son (No-no-no, woo, uh)
Billie Jean is not my lover, uh
She's just a girl who claims that I am the one (You know what you did to me, baby)
But the kid is not my son
No-no-no (No-no-no, ah), no-no-no-no (No-no-no)
She says I am the one (No, baby)
But the kid is not my son (No-no-no-no; woo, uh)

She says I am the one (You know what you did)
She says he is my son (Breakin' my heart, babe)
She says I am the one
Yeah, yeah, Billie Jean is not my lover, uh
Yeah, Billie Jean is not my lover, uh
Yeah, Billie Jean is not my lover, uh (She is just a girl)
Yeah, Billie Jean is not my lover, uh (She is just a girl; don't call me Billie Jean, hoo)
Billie Jean is not my lover, uh (She is just a girl; she's not at the scene)
Billie Jean is not (Hee), aaow, ooh
Yeah, Billie Jean is"
85,Nadhif Basalamah,kota ini tak sama tanpamu,Global,latin,13CwOTXUgBugeBByE9oIWb,11254940,9,48,"Perjalanan melintasi kota ini
Dua langit, dua hari kau temani aku di sini
Jatuh cinta memang manis
Tak mau waktu ini habis

Penuhilah hati ini tak lagi sendiri
Oh, dengannya, dengan dia
Langkahku sempurna
Jatuh cinta memang manis
Apalagi ada kamu di sini

Genggam tanganku sayang
Kota ini tak sama tanpamu
Masih rasa ingin lagi habiskan waktu di sini
Mungkin tiga atau empat hari lagi

Penuhilah rencanamu bersamaku lagi
Oh, denganmu terasa cepat berlalu
Belum puas ingin lebih tahu jalanan kotamu
Jatuh cinta memang lain
Apalagi ada kamu di sini

Genggam tanganku sayang
Kota ini tak sama tanpamu
Masih rasa ingin lagi habiskan waktu di sini
Mungkin tiga atau empat hari lagi


Genggam tanganku sayang
Kota ini tak sama tanpamu
Masih rasa ingin lagi habiskan waktu di sini
Mungkin tiga atau empat hari lagi
Genggam tanganku sayang
Kota ini tak sama tanpamu
Masih rasa ingin lagi habiskan waktu di sini
Mungkin tiga atau empat hari lagi, oh

Atau mungkin selamanya?
Rumahku hanyalah kita
Kau dan aku sempurna di mana-mana"
86,Lord Huron,The Night We Met,Global,latin,5yJaXWIErrrsjQ3J0eR5aK,11131031,176,15,"(Ooh, ooh, ooh)
(Ooh, ooh, ooh)
(Ooh, ooh, ooh)
(Ooh, ooh, ooh)

I am not the only traveler
Who has not repaid his debt
I've been searching for a trail to follow again
Take me back to the night we met
And then I can tell myself
What the hell I'm supposed to do
And then I can tell myself
Not to ride along with you

I had all and then most of you
Some and now none of you
Take me back to the night we met
I don't know what I'm supposed to do
Haunted by the ghost of you
Oh, take me back to the night we met

When the night was full of terrors
And your eyes were filled with tears
When you had not touched me yet
Oh, take me back to the night we met

I had all and then most of you
Some and now none of you
Take me back to the night we met
I don't know what I'm supposed to do
Haunted by the ghost of you
Take me back to the night we met"
87,"Peso Pluma, Tito Double P",daño,Global,latin,136BeIIoBGrrU9fI1jbcDR,11125907,10,32,"Daño, daño, daño, daño
Daño, daño, daño, daño
Daño, daño
Daño, daño
Daño

Solo una noche bastó pa' que me dejara
De mí ya no quiere nada, que está cansada
Muy agotada, y que a la chingada
No habrá reproches
Bueno, no prometo nada
Tal vez hoy tomo, y ya bien loco
Te fundo el cel, la llamada

Hey
¿Qué quieres?

¿Por qué se siente tan extraño
Llegar y no sentir tus labios?
Quiero tenerte al lado mío
Te juro que a veces ya no sonrío
Ven, mami, ven, dame la mano
Vámonos de este mundo extraño
Llené de lágrimas el paño
Te amo aunque me hagas tanto fucking daño

Daño, daño, daño, daño
Daño, daño, daño, daño
Daño, daño
Daño, daño
Daño

¿Por qué se siente tan extraño
Llegar y no sentir tus labios?
Quiero tenerte al lado mío
Te juro que a veces ya ni sonrío
Ven, mami, ven, dame tu mano
Vámonos de este mundo extraño
Llené de lágrimas el paño
Te amo aunque me hagas tanto fucking daño

Oh-oh, oh-oh, oh-oh
Oh-oh-oh, oh-oh
Daño, daño, daño, daño
Daño, daño, daño, daño
Daño, daño
Daño, daño
Daño"
88,Bruno Mars,Just the Way You Are,Global,latin,7BqBn9nzAq8spo5e7cZ0dJ,11104954,162,34,"Oh
Oh
Oh
Oh

Oh, her eyes, her eyes make the stars look like they're not shinin'
Her hair, her hair falls perfectly without her tryin'
She's so beautiful, uh
And I tell her every day
Yeah, I know, I know, when I compliment her, she won't believe me
And it's so, it's so sad to think that she don't see what I see
But every time she asks me, ""Do I look okay?""
I say

When I see your face
There's not a thing that I would change
'Cause you're amazing
Just the way you are
And when you smile
The whole world stops and stares for a while
'Cause, girl, you're amazing
Just the way you are
Yeah

Her lips, her lips, I could kiss them all day if she'd let me
Her laugh, her laugh, she hates, but I think it's so sexy
She's so beautiful, uh
And I tell her every day
Oh, you know, you know, you know I'd never ask you to change
If perfect's what you're searching for, then just stay the same
So don't even bother askin' if you look okay
You know I'll say

When I see your face
There's not a thing that I would change
'Cause you're amazing
Just the way you are
And when you smile
The whole world stops and stares for a while
'Cause, girl, you're amazing
Just the way you are

The way you are
The way you are
Girl, you're amazing
Just the way you are

When I see your face
There's not a thing that I would change
'Cause you're amazing
Just the way you are
And when you smile
The whole world stops and stares for a while
'Cause, girl, you're amazing
Just the way you are
Yeah"
89,Neton Vega,Pvta Luna,Global,latin,33MeEaRCeIQMSRyFTr5ZJU,11087297,16,61,"Yo no soy romántico, pero contigo, neta, la cagué
Por andar de loco, y tú querías hasta puta luna de miel
Nunca hubo flores, rosas, serenatas, yo poco cambié
Siempre en mi desmadre, más ya no aguantaste
Que llegara oliendo a otra piel

Así como tú quieres, yo no sé querer
Tú bajaste del cielo y pa' allá nunca iré
Las fotitos privadas, ¿quién te las tomará?
Ese culito fue mío y ya no volverá


Otra borrachera, otras llamadas que no quiere responder
Otra amanecida, ya esta cruda maldita me va a enloquecer
Se miran bonitos, pero quisieras que fuera yo ese güey
Puedes reemplazarme, pero no olvidarme ni volviendo a nacer

Así como tú quieres, yo no sé querer
Tú bajaste del cielo y pa' allá nunca iré
Las fotitos privadas, ¿quién te las tomará?
Ese culito fue mío y ya no volverá"
90,Gracie Abrams,That’s So True,Global,latin,7ne4VBA60CxGM75vw0EYad,11028253,72,3,"I could go and read your mind
Think about your dumb face all the time
Living in your glass house, I'm outside, uh
Looking in her big blue eyes
Did it just to hurt me, make me cry
Smiling through it all, yeah, that's my life

You're an idiot, now I'm sure
Now I'm positive, I should go and warn her

Ooh, bet you're thinking, ""She's so cool""
Kicking back on your couch, making eyes from across the room
Wait, I think I've been there too, ooh

What'd she do to get you off? (Uh-huh)
Taking down her hair like, oh, my God
Taking off your shirt, I did that once
Or twice, uh
No, I know, I know I'll fuck off (Uh-huh)
But I think I like her, she's so fun
Wait, I think I hate her, I'm not that evolved, I'm sorry

She's missing it, sad, sad boy
Not my business, but I had to warn ya

Ooh, bet you're thinking, ""She's so cool""
Kicking back on your couch, making eyes from across the room
Wait, I think I've been there too, ooh
Ooh, you've got me thinking, ""She's so cool""
But I know what I know and you're just another dude
Ooh, that's so true, ooh

Made it out alive, but I think I lost it
Said that I was fine, said it from my coffin
Remember how I died when you started walking?
That's my life, that's my life
I'll put up a fight, taking out my earrings
Don't you know the vibe? Don't you know the feeling?
And she'll spend the night, catch me on your ceiling
That's your price, that's your price
Well

Mm, bet you're thinking, ""She's so cool""
Kicking back on your couch, making eyes from across the room
Wait, I think I've been there too, ooh
Ooh, you've got me thinking, ""She's so cool""
But I know what I know, and you're just another dude
Ooh, that's so true, ooh-ooh, oh"
91,"W Sound, Beéle, Ovy On The Drums",La Plena - W Sound 05,Global,latin,6iOndD4OFo7GkaDypWQIou,10974470,53,5,"O-O-Ovy On The Drums
You're the apple of my eye, you
Are everything I want
A beer to quench the thirst? Nah
Better to be kissed by your little mouth, my love
Temptations like you
Deserve sinners like me
Oh, if you want it, just give the signal (Aye)
You know I won't say no

Ay, you've got that magic
You really have that little something I love, it drives me crazy (Ay-ay)
Sleeping with you was love at first sight, when you danced like that
On the neck, kisses and tongue, I know you love it, it drives you crazy
I know you love it, it drives you crazy
And sometimes

Ooh, ooh, ooh (I know you love it, it drives you crazy)
Ooh, ooh, ooh (For real)
Ooh, ooh, ooh
Ooh (Listen), ooh, ooh

Hey, the thing is that ever since I saw your face
I fell in love with all of you, you've just got that something and I don't know what it is
I feel like the same thing happens to you when I look at you
What do you say, we chill and watch the sunrise together? (Prra)
I wanna do everything, I want you to be my everthing
I tell you, ""Rub it, go ahread,"" and then she comes and rubs it (Ooh-ah)
Let's meet up later
If you don't like hell, why you flirting with the devil?
And she, a cutie from Medellín, and I'm from the coast, a coleto
I press her close on a single tile
To keep it real with you, no fake stuff
It's clear you're pure poison

Ay, you've got that magic
You really have that little something I love, it drives me crazy (Ay-ay)
Sleeping with you was love at first sight, when you danced like that
On the neck, kisses and tongue, I know you love it, it drives you crazy (Ooh)
I know you love it, it drives you crazy
And sometimes

Ooh, ooh, ooh (I know you love it, it drives you crazy)
Ooh, ooh, ooh (Listen, for real)
Ooh, ooh, ooh (I know you love it, it drives you crazy)
Ooh, ooh, ooh

Beéle
Ovy On The Rasta Drums
W Sound
Aye
Alright"
92,The Marías,No One Noticed,Global,latin,3siwsiaEoU4Kuuc9WKMUy5,10941851,68,37,"Maybe I
Lost my mind
No one noticed
No one noticed

It's getting old (I'd kinda like it if you'd call me)
All alone ('Cause I'm so over bein' lonely)
May have lost it (I need a virtual connection)
I have lost it (Be my video obsession)

No one tried
To read my eyes
No one but you
Wish it weren't true

Maybe I (I'd kinda like it if you'd call me)
It's not right ('Cause I'm so over bein' lonely)
Make you mine (I need a virtual connection)
Take our time (Be my video obsеssion)

Come on, don't leave mе, it can't be that easy, babe
If you believe me, I guess I'll get on a plane
Fly to your city, excited to see your face
Hold me, console me, and then I'll leave without a trace
Come on, don't leave me, it can't be that easy, babe
If you believe me, I guess I'll get on a plane
Fly to your city, excited to see your face
Hold me, console me, then I'll leave without a trace
Come on, don't leave me, it can't be that easy, babe
If you believe me, I guess I'll get on a plane
Fly to your city, excited to see your face
Hold me, console me, and then I'll leave without a trace
(Maybe I) Come on, don't leave me, it can't be that easy, babe
(It's not right) If you believe me, I guess I'll get on a plane
(Make you mine) Fly to your city, excited to see your face
(Take our time) Hold me, console me, and then I'll leave without a trace

I'd kinda like it if you'd call me
(It's not right) 'Cause I'm so over bein' lonely
(Make you mine) I need a virtual connection
(Take our time) Be my video obsession"
93,BLACKPINK,Champion,Global,latin,43BJVWcBzHRIDaQCg7abnX,10936765,1,93,"Ain't quitting, I trust my intuition (Okay)
Time ticking, but they don't see the vision (Okay)
I ain't giving up, no, I ain't willing (Okay)
I be winning like it's an addiction

Head high, run into the sky
I live in the clouds
No lie, look into my eyes
You can't take me out

If I ever, ever fall down one time
I'ma keep going on, 'cause I know I'm a champion
And if I take a, take a L, I'll still fight
'Til the bitter end, I'm strong, 'cause I know I'm a champion

Pull up, four in a sprinter (Okay)
We eat losers for dinner (Okay)
Hit hard, hard like a heart attack (Okay)
Same team, girl, yeah, I got your back

Head high, run into the sky
I live in the clouds (And I'm looking over you)
No liе, look into my eyes
You can't take mе out (Even if you wanted to)

If I ever, ever fall down one time
I'ma keep going on, 'cause I know I'm a champion
And if I take a, take a L, I'll still fight
'Til the bitter end, I'm strong, 'cause I know I'm a champion

(Champion)
(I'm a champion)
(Champion)
(I'm a champion)
BLACKPINK, BLACKPINK, BLACKPINK, BLACKPINK
BLACKPINK, BLACKPINK, BLACKPINK, BLACKPINK
BLACKPINK, BLACKPINK, BLACKPINK, BLACKPINK

If I ever, ever fall down one time
I'ma keep going on, 'cause I know I'm a champion
And if I take a, take a L, I'll still fight
'Til the bitter end, I'm strong, 'cause I know I'm a champion"
94,"Peso Pluma, Tito Double P",7-3,Global,latin,4lzo6zPM2paqyP8oBp3DOs,10893482,10,42,"Me llama y me dice que no tiene nada que hacer
Supe que volviste con el pendejo de tu ex
¿Que ya te aburriste? O ¿por qué me llamas otra vez?
Quieres que te pise, ese loco no te da placer
Ya me convenciste, ¿en dónde paso a recoger?
Pa' que no estés triste te pongo en siete menos tres

La neta que ya traigo una morrita más buena, pero jalo hacerte el paro
Ya traigo una güera que trato como princesa
Pa' ella pesos, pa' ti palos
Ay, mija, soy más cabrón que bonito
No considero delito el poder echarte la manoTu jefa dice que soy drogadicto
Yo le digo que poquito, porque el polvo no es tan malo
No es tan malo como tú, que me dejaste el cora' bien dañado (Jaja)
No es tan malo como tú, que teniendo novio buscas a otro vato

Jaja
¡Ah!
Hija de tu puta madre
Dale
Double P
Jajay
¡Ah!
¡Wuh!

Un pacón en la maleta, me está esperando el jet privado
Como Don Neto, me respetan aquí en China y en todos lados
Pa' gastar lana no me pesa, el deportivo está blindadoSoy adicto a la niña fresa, por eso me trae bien ondeado

La neta que ya traigo una morrita más buena, pero jalo hacerte el paro
Ya traigo una güera que trato yo como princesa
Pa' ella pesos, pa' ti palos
Ay, mija, soy más cabrón que bonito
No considero delito el poder echarte la manoTu jefa dice que soy drogadicto
Yo le digo que poquito, porque el polvo no es tan malo
No es tan malo como tú, que me dejaste el cora' bien dañado
No es tan malo como tú, que teniendo novio buscas a otro vato"
95,Don Toliver,Body,Global,latin,0FlcmZ13DGRmscCroro9GO,10848483,5,34,"Wanna rock your body
Body (
Oh my God, Jaasu, can I try on your glasses?
)
Body
Body
Wanna rock your body

I'm out of control when I'm crushin' on you (
Body
)
She don't tell me no when I'm touchin' on her (
Wanna rock your body
)
H-Town nigga, love a— with a body
Baby, come here, I'ma grip on your body
Y'all niggas ain't got nothin' to say, oh, what you gon' say about her body?
Y'all know I'll pull up and spray, oh, I don't play about her body
Y'all know I'm finna go late, yeah, I'ma go stay around her body
Call me Cassius Clay, oh, I'll go crazy about her 
body

Give me like ten of them, oh (
Body
)
I wanna get in it, uh, yeah, I wanna get in it (
Body
)
Keys to the mansion, house, you know this shit is coated
Droppin' lean in Sprite with the motherfuckin' codeine
I been goin' crazy, spending cash with my crodie (Yeah, with my brodie, wanna rock your body)
I need me a geeker
Hеar this shit ble-bleedin' through your speaker
Know my baby girl, that shе a keeper
Know my baby girl, oh, she a tweaker ('Er— 'er— body)

I'm out of control when I'm crushin' on you (
Body
)
She don't tell me no when I'm touchin' on her (
Wanna rock your body
)
H-Town nigga, love a— with a body
Baby, come here, I'ma grip on your body
Y'all niggas ain't got nothin' to say, oh, what you gon' say about her body?
Y'all know I'll pull up and spray, oh, I don't play about her body
Y'all know I'm finna go late, yeah, I'ma go stay around her body
Call me Cassius Clay, oh, I'll go crazy about her

Okay, just take a chance on me, bae (
Body
)
Okay, I got the feels, can we wait? (
Body
)
Body

I'm out of control when I'm crushin' on you (
Body
)
She don't tell me no when I'm touchin' on her (
Body
)
H-Town nigga, love a— with a body
Baby, come here, I'ma grip on your body
Y'all niggas ain't got nothin' to say, oh, what you gon' say about her body?
Y'all know I'll pull up and spray, oh, I don't play about her body
Y'all know I'm finna go late, yeah, I'ma go stay around her body
Call me Cassius Clay, oh, I'll go crazy about her 
body

Body
Oh, I'll go crazy about her body
Body
Wanna rock your body"
96,Lenin Ramírez,Todo Lo Fue,Global,latin,0Sa8aRfGckW0qUGLrBwoBG,10798503,6,85,"Yo sé que en el amor no tienes interés
Fui un cero a la izquierda y tiraste a la mierda lo que pudo ser
Una historia tan bonita de rosas de cartas y mil serenatas
Te invertí mi dinero y te fuiste mujer
Hoy me tienes tomando con desconocidos
En una triste barra pierdo mi cordura buscando el olvido
Mi cien porciento fue poco yo te lo di todo y tu andabas con todos
 Ahora tu bien alegre y yo acá bien jodido
Me pongo a ver tus historias para ver dónde andas
Tres vеladoras a un santo para ver si me llamas
Con esa carita yo nunca pеnsé que con otro tú te revolcabas
En la parte de atrás del Mercedes que yo te compré
Llevo las cuatros estaciones del año en lo mismo
Si me ven con otra morra es puro fanatismo
Quiero sacarte de mi mente y que ya no me afecte lo que un dia vivimos
Y mandarte a la mierda a ti y a tu madre también
Ja-Ja!
Me pongo a ver tus historias para ver dónde andas
Tres veladoras a un santo para ver si me llamas
Con esa carita yo nunca pensé que con otro tú te revolcabas
En la parte de atrás del Mercedes que yo te compré
Llevo las cuatros estaciones del año en lo mismo
Si me ven con otra mora es puro fanatismo
Quiero sacarte de mi mente y que ya no me afecte lo que un dia vivimos
Y mandarte a la mierda a ti y a tu madre también"
97,"The Weeknd, Playboi Carti",Timeless (feat Playboi Carti),Global,latin,0FIDCNYYjNvPVimz5icugS,10778352,75,3,"Güneş parlıyor, sona erdi
Yarın oldu
Kendini ışıkta, aşkında yıka
XO
Ooh, evet, ooh, evet, hayır
[Verse 1: Playboi Carti & 
The Weeknd
]
Küçüklüğümden beri, olayın ben olduğunu biliyordum (
Ooh, evet
)
Hatun sürekli gelmek istiyor, çakılmak istiyor (
Çok sert çakılmak istiyor
)
Yanımda tuttuğum için ilkim olduğunu zannediyor
Çift O, saati kapla, benim zamansız olduğumu biliyor (
Zamansız
)
Oğluma bir kaç parça Rick geçiriyorum
Silahı kalçadan çekiyorum
Cepler yirmi ikilik klipleri tutuyor (
Ah
)
Kalbini kırıyorum, Comme Garçons
Üstüne bir şey giy, zeplin üstüne basıl
Leke gibi bir sürtük, yalamaya hazır ol
Küçüklüğümden beri, olayın ben olduğunu bildiğimi anlatmak zorundaydım (Oh)
Şarkılarımı söylüyor, kendinden geçmek istiyor, bir fırt çekmeye çalışıyor
Banka gibi ev, bu orospuyu yatır, şu çeki yatır
Yüzümde gülümseme, rol yapmıyorum, gel ve kontrol edil (Ah)
Boynumda buz, çift O bilekler
Kız Scat'de, ne tekerler ama
Siperlerden yeni çıktı, dört yüz paket
Ah, evet, Paris’te dönüp dolaşıyorum (Ah)
Orospular için giyin, üstüne akın edecekler
Gazoza dört damla koydum, baloncukları çıkıyor
Uyuşturucular iyi vuracak, hasta gibiyim
Bütün şeytanların ile güreşiyorum, The Rock gibi hissediyorum

(Siktir, ah, evet)
Çocukluğumdan beri, hakiki oldum (Çocuk, ooh, yok)
Eğer sen olsaydım, bileklerimi keserdim (
Salak oros
)
Tüm vücudunu XO dövmesi sarmış, evet (
Evet
)
Kız sadece takılmak istiyor ve benim için sorun değil, evet
Küçüklüğümden beri, hakiki oldum (Ooh, yok, ah)
Kızı salmalısın, özgür olmak istiyor (Oh, evet)
Vücudunda Çift O dövmesi, evet
Ne söyledikleri önemli değil, ben zamansızım, evet (Shevet)

Oh, eve döndüğümde şehir ateşler içinde
Gökyüzünü doldur (Evet), Dome'u dolduruyorum
Bir gün bunu oynatacaklar (Evet), ne performanstı ama
Ama can yakacak çünkü ilk biz başardık
Skateboard P gibi hissediyorum, BBC tayfa emekliyor
Yıl '03’müş gibi hissediyorum, bağlantılı Neptune davulları (Evet)
Karı mastürbasyoncu hippinin teki, ekiple yatmak istiyor
Kremaya aşık oldu (Evet), sahneye aşık oldu
Ooh, evet, erkeği sessiz, çıt çıkmıyor (Oh, yok)
Kalbini kırdı, TSSB (Oh, yok)
Göğsünü tut, nefes almasına izin ver
Nefes almasına izin ver, zenciler planlar kuruyorlar
Ve bir rahibim var, haçı tutuyor
Yoldan çık, Allah'ına gönder
Bir damla gözyaşı döktüm, kayıp için dua ettim, ooh, evet (Evet)

Çocukluğumdan beri, hakiki oldum (
Homixide, Homixide, Homixide
, oh, oh)
Eğer sen olsaydım, bileklerimi keserdim (Ah)
Tüm vücudunu XO dövmesi sarmış, evet (Vücudunu, evet)
Kız sadece takılmak istiyor ve benim için sorun değil, evet
Küçüklüğümden beri, hakiki oldum (Evet, ooh, yok)
Kızı salmalısın, özgür olmak istiyor (Oh, yok)
Vücudunda Çift O dövmesi, evet (Vücudunda, evet)
Ne söyledikleri önemli değil, ben zamansızım

Zamansız (Oh), zamansız, zamansız
Zamansız, zamansız, zamansız, zamansızız, oh
Zamansız, zamansız, zamansız (Evet), zamansız
Zamansız (Evet), zamansız, zamansız, zamansızız, oh
Oh (Blatt)
Oh (Yuh, yakıyor)"
98,Coldplay,Viva La Vida,Global,latin,1mea3bSkSGXuIRvnydlB5b,10775710,184,31,"I used to rule the world
Seas would rise when I gave the word
Now in the mornin', I sleep alone
Sweep the streets I used to own

I used to roll the dice
Feel the fear in my enemy's eyes
Listen as the crowd would sing
""Now the old king is dead, long live the king""
One minute, I held the key
Next, the walls were closed on me
And I discovered that my castles stand
Upon pillars of salt and pillars of sand

I hear Jerusalem bells a-ringin'
Roman cavalry choirs are singin'
Be my mirror, my sword and shield
My missionaries in a foreign field
For some reason, I can't explain
Once you'd gone, there was never
Never an honest word
And that was when I ruled the world

It was a wicked and wild wind
Blew down the doors to let me in
Shattered windows and the sound of drums
People couldn't believe what I'd become
And revolutionaries wait
For my head on a silver plate
Just a puppet on a lonely string (
Mmm, mmm
)
Aw, who would ever wanna be king?

I hear Jerusalem bells a-ringin'
Roman cavalry choirs are singin'
Be my mirror, my sword and shield
My missionaries in a foreign field
For some reason, I can't explain
I know Saint Peter won't call my name
Never an honest word
But that was when I ruled the world

Oh-oh-oh, oh-oh, oh
Oh-oh-oh, oh-oh, oh
Oh-oh-oh, oh-oh, oh
Oh-oh-oh, oh-oh, oh
[Chorus: Chris Martin, 
Brian Eno
, Guy Berryman, Jonny Buckland & Will Champion
]
(
Oh-oh-oh, oh-oh, oh
)
Hear Jerusalem bells a-ringin'
(Oh-oh-oh, oh-oh, oh)
Roman cavalry choirs are singin'
(Oh-oh-oh, oh-oh, oh)
Be my mirror, my sword and shield
(Oh-oh-oh, oh-oh, oh)
My missionaries in a foreign field
(Oh-oh-oh, oh-oh, oh)
For some reason, I can't explain
(Oh-oh-oh, oh-oh, oh)
I know Saint Peter won't call my name
Never an honest word
But that was when I ruled the world

Mmm, mmm, mmm, mmm
Mmm, mmm, mmm, mmm
Mmm, mmm"
99,Lil Uzi Vert,What You Saying,Global,latin,7cjoZVmWe2xsGR4wcXiV2v,10766325,9,38,"(
MC, make another hit
)

I don't even know what she said 'cause she foreign (Let's go)
Yeah, she foreign
And she got endurance
Like the way she 'forms
And she gon' perform it
Look the same in morning (Woah)
She don't stop, keep going (Keep going)
I don't even know what she said, but this what I hear in my head
[Refrain: Lil Uzi Vert & 
Indila
]
Il, il n'est pas fou (Huh?), il l'aime c'est tout (What?)
Il la voit partout (Wait), il l'attend debout (What she say?)
Debout une rose à la main (Yes), non, non plus rien ne le retient (Oh, and she start breathin' like)
Dans sa love story (Woah)
Dans sa love story (Let's go)
Dans sa love story
Sa love story (Then she switch the pace up)

Okay, I really do get you
What I make in a day, what they make in a life
Is it 'cause that I'm paid, you tryna stay the night?
You keep rubbing all on my face, make me feel I'm your type
I guess that we on the same page 'cause I'm just tryna strike (Okay, I really do get you, woah)
What I make in a day, what they make in a life
Is it 'cause that I'm paid, you tryna stay the night?
You keep rubbing all on my face, make me feel I'm your type
I guess that we on the same page 'cause I'm just tryna strike (Woah)
[Refrain: Lil Uzi Vert & 
Indila
]
Il, il n'est pas fou (Huh?), il l'aime c'est tout (Keep goin')
Il la voit partout (Woah), il l'attend debout (What she say?)
Debout une rose à la main (Go), non, non plus rien ne le retient (Ah, ah, ah)
Dans sa love story
Dans sa love story
Dans sa love story
Sa love story

I don't even know what she said 'cause she foreign (Let's go)
Yeah, she foreign
And she got endurance
Like the way she 'forms
And she gon' perform it
Look the same in morning (Woah)
She don't stop, keep going (Keep going)
I don't even know what she said but this what I hear in my head"
100,Bruno Mars,On My Soul,Global,latin,4i4BVY2JiH4mDSLIBdNGKD,10766096,1,100,"Ooh
Oh-oh, oh-oh, oh
Mmm

Baby, we should be together
Love's so hard to find
Break your heart? I would never
Girl, I'd rather die

(Say, baby) I really want ya
(Say, baby) I wanna give you my name
(Say, baby) I'll forever be yours
Every hour, every night, every day

On my soul
I'ma love you like you've never been loved before
On my soul
I'ma love you like you've never been loved before
Put it on anything, put it on everything
On my soul, on my soul

I've traveled all around the world
And now here you are
Turns out you don't need a rocket ship, no
To find your own shooting star

(Say, baby) I really want ya
(Say, baby) I wanna give you my name
(Say, baby) I'll forever be yours
Every hour, every night, every day

On my soul, yeah
I'ma love you like you've never been loved before
On my soul, yeah
I'ma love you like you've never been loved before
Put it on anything, put it on everything
On my soul, on my soul

Oh-oh-oh
I'm tryna live the dream
But I need you on my team
So if you want me like I want you
Let me hear you scream
(Woo-hoo) Oh, woah, woah
(Woo-hoo) Oh, woah-oh
(Woo-hoo) Oh, woah, oh-woah
(Woo-hoo) Yeah, yeah

On my soul, oh
I'ma love you like you've never been loved before
Put it on my soul, ooh
I'ma love you like you've never been loved before
Oh, put it on anything, put it on everything
On my soul, on my soul"
1,"V, Park Hyo Shin",Winter Ahead (with PARK HYO SHIN),Taiwan,latin,7G7mSV4BebkoHWwKTDvXu9,1453217,66,1,"For V's works with BTS, refer to 
BTS DiscographyALBUMSLayover
September 8, 2023 | debut album
Romanization
 | 
English TranslationSINGLES이태원 클라쓰 (Itaewon Class) - Original Television Soundtrack, Pt. 12
March 13, 2020 | single album (digital only)
그 해 우리는 (Our Beloved Summer) - Original Television Soundtrack, Pt. 5
December 24, 2021 | single album (digital only)
Love Me Again
August 11, 2023 | digital single
Romanization
 | 
English Translation
Rainy Days
August 11, 2023 | digital single
Romanization
 | 
English Translation
풍경 (Scenery)
August 28, 2023 | digital single
(Unofficial Release: January 30, 2019)
Romanization
 | 
English Translation
Winter Bear
August 28, 2023 | digital single
(Unofficial Release: August 10, 2019)
Slow Dancing
September 8, 2023 | CD single
Romanization
 | 
English Translation
FRI(END)S
March 15, 2024 | single album (digital only)COLLABORATIONS화랑 (HWARANG) - Original Television Soundtrack, Pt. 2 (with Jin)
December 20, 2016 | single album (digital only)
Romanization
 | 
English Translation
Snow Flower (with Peakboy)
August 28, 2023 | digital single
(Unofficial Release: December 25, 2020)
Romanization
 | 
English Translation
​‎wherever u r (with UMI)
December 30, 2023 | digital single
Winter Ahead (with PARK HYO SHIN)
November 29, 2024 | CD single
White Christmas (with Bing Crosby)
December 6, 2024 | CD singleREMIXESSlow Dancing (Remixes)
October 23, 2023 | remix album
wherever u r (with UMI)
February 14, 2024 | remix album
wherever u r (with UMI & NATURE)
April 18, 2024 | remix
Winter Ahead (Silent Carol Ver.) (with PARK HYO SHIN)
December 3, 2024 | remix
Winter Ahead (YUNSEOKCHEOL TRIO Ver.) (with PARK HYO SHIN)
December 20, 2024 | remixAS BTSStigma
October 10, 2016 | from 
WINGS
Romanization
 | 
English Translation
Intro : Singularity
May 18, 2018 | from 
Love Yourself 轉 'Tear'
Romanization
 | 
English Translation
Inner Child
February 21, 2020 | from 
MAP OF THE SOUL : 7
Romanization
 | 
English Translation"
2,BLACKPINK,GO,Taiwan,latin,3FZPp9lBUvhsxFxKJi3VkB,514680,1,2,"(You ready? Ready? Ready?)

I'm on a mission, I'm in control
I want your body, I want your soul
Here to the rescue, I'm number one
Your guardian angel, your kingdom come

March to the beat of, beat of my drum
'Cause when I call you, you're gonna come
Hold in position, it's gonna blow
You only move when, when I say so

Go
BLACKPINK'll make ya
Go
BLACKPINK'll make ya

Go get it, I'ma go get it
Never gonna settle for second, I need a gold medal
Get up on the floor, tell me when to go, no slow jams
Bumpin' through the speakers when I do my go-go dance
Oh, no, I go when I wanna go, I'm so gone
Go reckless, go off, like, ""What could go wrong?""
I'm goin' all in, you should know that's my go-toMy whole crew with me, if I go, then they go too

March to the beat of, beat of my drum
'Cause when I call you, you're gonna come
Hold in position, it's gonna blow
You only move when, when I say so

Go
BLACKPINK'll make ya
Go
BLACKPINK'll make ya
[Bridge: Jennie, 
Rosé
, 
All
, 
Lisa
]
When your heart is broken, baby
Darkness on the edge of town (BLACKPINK'll make ya)
Try to keep it open, baby
Try to let your walls come down (BLACKPINK'll make ya)
I know you're frozen, baby
Love can make you turn to stone
You could stop and be alone
Or you could (Ah, ah, ah)

Go
BLACKPINK'll make ya
Go
무야호
 (
I'm on a mission
)

BLACKPINK, BLACKPINK
BLACKPINK, BLACKPINK
BLACKPINK, BLACKPINK
BLACKPINK, BLACKPINK (Mission)
BLACKPINK, BLACKPINK
BLACKPINK, BLACKPINK
BLACKPINK, BLACKPINK
BLACKPINK, BLACKPINK"
3,Jin,Don’t Say You Love Me,Taiwan,latin,27xkOIER6uDLKALIelHylZ,508081,42,2,"I really thought I made up my mind
Hopped in the car and put it in drive
I tried to leave like a hundred times
But something's stopping me every time, oh-ho

Faking a smile while we're breaking apart
Oh, I never, never, never meant to take it this far
Too late to save me, so don't even start
Oh, you never meant to hurt me, but you're making it hard

Don't tell me that you're gonna miss me
Just tell me that you wanna kill me
Don't say that you love me 'cause it hurts the most
You just gotta let me go

I really thought this was for the best
It never worked last time that I checked
I got this pain stuck inside my chest
And it gets worse the further I get, oh-ho

Faking a smile while we're breaking apart
Oh, I never, never, never meant to take it this far
Too late to save me, so don't even start
Oh, you never meant to hurt me, but you're making it hard

Don't tell me that you're gonna miss me (Tell me that you miss me)
Just tell me that you wanna kill me (Kill me)
Don't say that you love me 'cause it hurts the most (The most)
You just gotta let me go
Lie to me, tell me that you hate me (Tell me that you hate me)
Look me in the eyes and call me crazy (Crazy)
Don't say that you love me 'cause it hurts the most (The most)
You just gotta let me go

Let me go
Gotta let me go
Gotta let me
Don't say that you love me 'cause it hurts the most
You just gotta let me go"
4,A-Lin,幸福在歌唱 - 電影《陽光女子合唱團》幸福版主題曲,Taiwan,zh,3VHi5bCUek6XdiDmqqrirs,497996,9,2,
5,Jimin,Who,Taiwan,latin,7tI8dRuH2Yc6RuoTjxo4dU,431173,85,1,"We never met, but she's all I see at night
Never met, but she's always on my mind
Wanna give her the world and so much more
Who is my heart waiting for?

If every day I think about her
Yeah, every day of my life
Then tell me why I haven't found her
(Why, why, why, why, why?)

There's so many people to see (There's so many people to see)
And places to go (There's so many places to go)
I still haven't found your love

We nevеr met, but she's all I see at night
Nevеr met, but she's always on my mind
Wanna give her the world and so much more
Who is my heart waiting for?

I'll take her places they ain't found yet
I'll put it all on the line
I'll be that someone she can count on
One, two, three, four, five

There's so many people to see (There's so many people to see)
And places to go (There's so many places to go)
I still haven't found your love

We never met, but she's all I see at night
Never met, but she's always on my mind
Wanna give her the world and so much more
Who is my heart waiting for?
Is she someone that I see every day?
Is she somewhere a thousand miles away?
Wanna give her the world and so much more
Who is my heart waiting for?

(Who is my heart) Heart waiting for?
(Who is my heart) Heart waiting for?
(Who is my heart) Heart waiting for?
(Who is my—) Who is my heart waiting for?

We never met, but she's all I see at night
Never met, but she's always on my mind
Wanna give her the world and so much more
Who is my heart waiting for?
Is she someone that I see every day?
Is she somewhere a thousand miles away?
Wanna give her the world and so much more
Who is my heart waiting for?"
6,Crowd Lu,太陽與地球,Taiwan,zh,0bQSWXtpau3VkNI1ZcXTQA,412787,24,2,"想守護你所有
回應你包容的溫柔
想用盡一生 陪在你左右是我
曙光和暮暉的夢

短暫如煙火 在懷裡墜落
奔向了星空 到不了心中
有什麼理由 必須要我放手

誰要我們的心 遙遠得像太陽與地球
怎會走到最後 你愛著我卻不屬於我
誰要時間奔走 只能照耀再不能觸碰
最靠近的我們 怎麼繞著繞著就錯過

在偌大銀河中
沒想過像流星交錯
該怎麼原諒讓你哭的人是我
抱歉沒有機會說

最渴望的夢 是你在等我
轟烈在星空 消散在心中
最難忘的人 是永恆地錯過

誰要我們的心 遙遠得像太陽與地球
怎會走到最後 你愛著我卻不屬於我
誰要時間奔走 只能照耀再不能觸碰
最靠近的我們  怎麼繞著繞著各自走

人總要狠狠痛過
才懂我要什麼
捨不得你不再快樂
如果悲傷請你留給我

原來我們的心  頑固地像太陽與地球
以為徹底分開 徹底放手 不曾離開過
我們只是錯過  誰都沒錯都努力愛過
最遙遠的我們  別回頭往幸福一直走"
7,Pei-Yu Hung,再見的時候 - 電影〈陽光女子合唱團〉主題曲-再見版,Taiwan,zh,3IBYp3fKyydZ5dDtirLY6P,398234,7,3,
8,Hearts2Hearts,RUDE!,Taiwan,latin,0WA27lZzPKFJKAbiDRmQDc,369145,2,8,"Rude
이랬다저랬다, no rule
꽤나 뻔뻔한 attitude, I'm not bad
You can't make me act right (Yeah, let's go)
Rude
I don't care, 이게 나라구
아무렇게나 추는 춤, 따라 해 (Yeah, yeah)
You can't make me act right

Yeah, I walked right in, 스치는 순간 모두가 my friend
여기저기서 인사를 건네, yeah, yeah
다 자연스럽게 알아, give me space, 언제나 그래 눈에 띌 my face
흘겨보지 마, 이건 no race, nuh, uh, uh, uh

누가 뭐래도 평범한 건 지루해
뭐든 맘대로 (내 맘대로)
철이 없대도 재밌으면, that's okay
Not enough, want more

날 향한 시선에 ""Hate me?""
누가 뭐래도 can't change me
지금 이대로 좋아, 나다울 때 누구보다
눈부셔 난 (I've been actin' too)

Rude
이랬다저랬다, no rule
꽤나 뻔뻔한 attitude (I'm not bad)
You can't make me act right
Rude
I don't care, 이게 나라구
아무렇게나 추는 춤 (따라 해)
You can't make me act right

쉿, 아니 더 loud, yeah, 소리 질러 볼까, yeah
늘 시간은 so tight, 어른이 없는 세상
오늘은 찾아, that's my type, 자, 눈 맞춰 볼까
미리 걱정하는 건 버려 잠깐, wе living that good life, good life

꾸밈 없을수록 bettеr, 더 자연스럽게
망설임은 never, 이끌린 대로 해
나다울 때 누구보다
눈부셔 난 (I've been actin' too)

Rude
이랬다저랬다, no rule
꽤나 뻔뻔한 attitude (I'm not bad)
You can't make me act right
Rude
I don't care, 이게 나라구
아무렇게나 추는 춤 (따라 해)
You can't make me act right

(Ah, ah, ah, ah, ah)
내 멋대로 move
(Ah, ah, ah, ah, ah)
Make me act right
(Ah, ah, ah, ah, ah)
내 멋대로 move
(Ah, ah, ah, ah, ah)
Acting too rude, uh

톡 쏘는 말투도
숨김없는 표정도
솔직한 그대로
Feel so cool
여기저기
다 부러운 눈빛
Don't call me darling
I'm too rude

You know what he said to me? (What?)
He was like, ""You are so rude""
And I was like, ""Boy, does it look like I could care?
I couldn't even care less"" (Ha-ha)

Rude
이랬다저랬다, no rule
꽤나 뻔뻔한 attitude (I'm not bad)
You can't make me act right (Right)
Rude
I don't care, 이게 나라구 (나라구)
아무렇게나 추는 춤 (Yeah) (따라 해)
You can't make me act right

(Ah, ah, ah, ah, ah)
내 멋대로 move (멋대로, oh)
(Ah, ah, ah, ah, ah)
Make me act right (Yeah, yeah)
(Ah, ah, ah, ah, ah)
내 멋대로 move (Yeah, you know that I've been crazy)
(Ah, ah, ah, ah, ah)
Make me act right"
9,IVE,BANG BANG,Taiwan,latin,7pBE8YpFoZ9ankC2Ci5z9X,351618,4,7,"It's a new scene, it's aggressive
이미 알아차렸겠지, 그치, 언니?
모든 소문 속의 problem, yeah, I'm 걔지
벽에 붙은 나의 picture, 아래 wanted (Yeah, 아래 wanted)

Wake up
주저 하지 말고 (말고, 말고)
다른 시선들은 뭐 그리
I don't give a 쉿 what you say
Yeah, I be going out with a bang, bang, bang, bang
Bang, bang, bang, bang
Bang, bang, bang, bang, bang, bang, bang, bang
Bang, bang, bang, bang, bang, bang, bang, bang

I be going out with a bang
Shaking my head, this is my way, ah, yeah, yeah
I be going out with a bang
This is my day, 밤이 올 때, ah, yeah, yeah
I be going out with a bang, bang
Bang, bang
Bang, bang
Bang, bang

더 다가와 더, 빨리 go 더, taking my 쉿, gotta pop my gum
Give me that grr, give me that kiss, hey, I told you
It's explosive, it's aggressive
It's a little bit offensive, yeah, I said it (Yeah)

Wake up
주저 하지 말고 (말고, 말고)
그냥 맘 가는 대로
I don't give a 쉿 what you say
Yeah, I be going out with a bang, bang, bang, bang
Bang, bang, bang, bang
Bang, bang, bang, bang, bang, bang, bang, bang
Bang, bang, bang, bang, bang, bang, bang, bang

I be going out with a bang
Shaking my hеad, this is my way, ah, yeah, yeah
I be going out with a bang
This is my day, 밤이 올 때, ah, yеah, yeah
I be going out with a bang, bang
Bang, bang
Bang, bang
Bang, bang

Hot issue, ""대체 누굴까?""
다들 찾기 위해서 안달 나
연기처럼 disappear, catch me if you can, baby
조금만 더 놀아줄게 (Four, three, two, one)

Bang
Shaking my head, this is my way, ah, yeah, yeah
I be going out with a bang
This is my day, 밤이 올 때, ah, yeah, yeah
I be going out with a bang, bang
(I be going out with a bang) Bang, bang
(Yeah, yeah, yeah) Bang, bang
(I be going out with a bang) Bang, bang"
10,BLACKPINK,Champion,Taiwan,latin,43BJVWcBzHRIDaQCg7abnX,348554,1,10,"Ain't quitting, I trust my intuition (Okay)
Time ticking, but they don't see the vision (Okay)
I ain't giving up, no, I ain't willing (Okay)
I be winning like it's an addiction

Head high, run into the sky
I live in the clouds
No lie, look into my eyes
You can't take me out

If I ever, ever fall down one time
I'ma keep going on, 'cause I know I'm a champion
And if I take a, take a L, I'll still fight
'Til the bitter end, I'm strong, 'cause I know I'm a champion

Pull up, four in a sprinter (Okay)
We eat losers for dinner (Okay)
Hit hard, hard like a heart attack (Okay)
Same team, girl, yeah, I got your back

Head high, run into the sky
I live in the clouds (And I'm looking over you)
No liе, look into my eyes
You can't take mе out (Even if you wanted to)

If I ever, ever fall down one time
I'ma keep going on, 'cause I know I'm a champion
And if I take a, take a L, I'll still fight
'Til the bitter end, I'm strong, 'cause I know I'm a champion

(Champion)
(I'm a champion)
(Champion)
(I'm a champion)
BLACKPINK, BLACKPINK, BLACKPINK, BLACKPINK
BLACKPINK, BLACKPINK, BLACKPINK, BLACKPINK
BLACKPINK, BLACKPINK, BLACKPINK, BLACKPINK

If I ever, ever fall down one time
I'ma keep going on, 'cause I know I'm a champion
And if I take a, take a L, I'll still fight
'Til the bitter end, I'm strong, 'cause I know I'm a champion"
11,Khalil Fong,特別的人,Taiwan,zh,0VTzUEuHYD8s7CgQ15cDPo,341263,53,4,"愛一個人或許要慷慨
若只想要被愛
最後沒有了對白
必須有你我的情真
不求計分的平等
總有幸福有心疼
生命的起伏要認可

懂一個人也許要忍耐
要經過了意外
才瞭解所謂的愛
今後的歲月
讓我們一起瞭解
多少天長地久
有幾回細水長流

我們是對方特別的人
奮不顧身 難捨難分
不是一般人的認真
若只有一天 愛一個人
讓那時間每一刻在倒退
生命中有萬事的可能
你就是我要遇見的
特別的人

懂一個人也許要忍耐
要經過了意外
才瞭解所謂的愛
今後的歲月
讓我們一起瞭解
多少天長地久
有幾回細水長流

我們是對方特別的人
奮不顧身 難捨難分
不是一般人的認真
若只有一天 愛一個人
讓那時間每一刻在倒退
生命中有萬事的可能
你就是我要遇見的
特別的人

有時候我們都會寂寞
有時也會失敗 怕被淘汰
想去找一個明白
而我曾經多次的等待未來
你何時會來
人山人海總有你的存在
有你我的愛

我們是對方特別的人
奮不顧身 難捨難分
不是一般人的認真
若只有一天 愛一個人
讓那時間每一刻在倒退
生命中有萬事的可能
你就是我要遇見的
特別的人"
12,BLACKPINK,JUMP,Taiwan,latin,5H1sKFMzDeMtXwND3V6hRY,330617,34,2,"I'm not that easy to tame
You should see me under these lights, all my tears turn to ice
That's the sweetest escape
Every time the feeling kicks in, I might stay through the night

Bet you get it now
Rocked that, didn't I?
착각 하지 마
누가 누군지, woah
Think you're running that?
Guess we gunnin' back
You know I walk, yeah, I talk it
눈 감고, 하나, 둘, 셋 (뛰어)

뛰어
뛰어
뛰어
뛰어
So come up with me, I'll take you high
That Prima donna, spice up your life
You know I got that shit that you like
So come up with me, run up, uh, jump (뛰어)

Watch me runnin' up the place
I'm already stuntin' and my girls are on the way (뛰어)
Watch me open up the place
Wanna see you bumpin', baby, bouncin' to the bass

Arе you not entertained? (No)
I ain't gotta еxplain (No)
I'm with all of my sisters (Ah)
Got 'em going insane, yeah (Yeah)
You know we on a mission (Yeah)
All gas, no brakes, yeah (Woo, woo, woo)
Breaking out of the system
Breaking out of this cage, yeah

Bet you get it now
Ate that, didn't I?
순간 잊지 마
누가 누군지, oh
Think you runnin' that?
Guess we gunnin' back
You know I walk, yeah, I talk it
눈 감고, 하나, 둘, 셋 (뛰어)

뛰-뛰-뛰어
뛰어
뛰어
뛰어
So come up with me, I'll take you high
That Prima donna, spice up your life
You know I got that shit that you like
So come up with me, run up, uh, jump (뛰어)

Watch me runnin' up the place
I'm already stuntin' and my girls are on the way (뛰어)
Watch me open up the place
Wanna see you bumpin', baby, bouncin' to the bass

BLACKPINK in your area
뛰어
뛰어"
13,V,Slow Dancing,Taiwan,latin,5h1BN75CEh8wdSwE1xrbSe,320972,118,5,"It's about time we get it straight
Gimme a minute if it ain't too late
대충 무리였나봐, babe
애먼 기분만 해친 채
버티기가 이만큼 힘든데
Stay with me 'til the end of the day

Maybe we
Could be
Slow dancing
Until the morning
We could be romancing
The night away

Turnin' me up and back off like this
What do you want? Do you not like it?
Stop teasin' me, girl
Now, you made me leave my heart out here
날 딛고 올라가
다시 새로 누군가 (Got it on, did you?)
닮았던 우리가
먼 이웃 같은 날

Maybe we
Could be
Slow dancing
Until the morning
We could be romancing
The night away"
14,Patrick Brasca,單程票,Taiwan,zh,3woBOD3Ldh81fAwpsnD8yC,302182,3,11,
15,"Top Barry, INDEcompany",一半一半,Taiwan,zh,21x0N6lu6D9kO8rVtTU3mH,294312,7,15,"无力感在把眼泪一点一点吞噬
空旷的街道早没了一点声
那天回到我们俩熟悉的城市
马路上关闭的灯有一半熟悉一半生
酒精让我一半温热一半冷
可你扮演着成熟
我一半没感觉一半疼
就最后变成一半猜忌一半问
我可能是自己一半爱你一半恨

这离别是我灵感的秤砣
我内心的痛是不对等的沉默
思念是困住我俩的绳索
就算血肉模糊我也没办法挣脱
完美的你终于接受放过剩下的我走
我接受这结果
你画的杰作我找不到线索
像被牵着走

但是我不想要一半一半一半一半
可我们俩这一段一段已断已断
街上的路灯一盏一盏一闪一闪
眼泪滴在路上一瓣一瓣一瓣一瓣
可是我不想要一半一半一半一半
我深陷在一边喜欢一边离开
他们问我丢掉了太多遗不遗憾
一半一半


在浪漫还有现实之间作斗争
我是脆弱的可面对你我不敢疼
我思来想去谁的对错有可能
在不完整的马拉松里也只有时间获胜
一半包扎一半被留下伤疤
一半在冷言相对另一半在不断讲话
我知道这些矛盾都是爱在拱火
我想要找到平衡于是对着麦克风说

Marry
我知道你在
我已经习惯了平淡
我感受不到你的脉络
可能这是我最大遗憾
我知道除了痛以外
以前经历过的幸福那也算
这个世界没纯粹的恨与爱
更多的是一半一半
没机会重来一遍
没机会让我能多看一眼
没机会能和你能讨论
如果我们再勇敢一点
我想要克服懦弱是我的超能力
下决心不能回头我是我最大的矛盾体

后来我继续rap and rap
我告诉我心不疼
越来越多的back to back
你身边也换了位新的人
思念断又不断
我感受到变两半的身体
一半在恨在念旧
另一半走向了新的路程
夜里的眼泪太苦了
对我来说有点不下酒
我把上个我放原地
继续自己往下走
我问自己
你给的爱是不是我不想要的那种
So please don’t calling my phone
我想要完整的我because i know

但是我不想要一半一半一半一半
可我们俩这一段一段已断已断
街上的路灯一盏一盏一闪一闪
眼泪滴在路上一瓣一瓣一瓣一瓣
可是我不想要一半一半一半一半
我深陷在一边喜欢一边离开
他们问我丢掉了太多遗不遗憾
一半一半"
16,V,Love Me Again,Taiwan,latin,2N0SPREDYqILVEFSsWF5N5,290752,134,1,"추억도 의미 없이
내게 넌 사라지고
이쯤에도 I can't let you go, let you go
그 말이 다인 거니?
한마디만 남기고?
후회하면
Won't you let me know?
Let me know?

그래 나 솔직하게
다 말할래
너는 매일 어떤 사람 어떤 곳에
몇 번씩이나 뭘 하는지 널 생각해
Lost without you, baby

I wish you would love me again
No, I don't want nobody else
I wish you could love me again, again
I wish you would love me again
No, I don't want nobody else
I wish you could love me again, again

나만 자꾸 이런 건지?
내 옆에 딴 사람 괜찮니?
예전으로 천천히
Make it feel better, yeah, make it forever
괜찮다 말하지 마
Said I'm alright, said I'll be ﬁne
I'm sorry, 거짓말이야 떠나지마
저리 가지마 멀리

그래 나 솔직하게
다 말할래
너는 매일 어떤 사람 어떤 곳에
몇 번씩이나 뭘 하는지 널 생각해
Lost without you, baby

Lost without you, baby
Lost without you, baby

I wish you would love me again
No, I don't want nobody else
I wish you could love me again, again
I wish you would love me again
No, I don't want nobody else
I wish you could love me again, again

I wish you would love me again
No, I don't want nobody else
I wish you could love me again, again"
17,HWASA,Good Goodbye,Taiwan,latin,3cLXrotzCjYCkN73PewALM,287401,16,2,"나를 그냥 짓밟고 가
괜찮아 돌아보지 마
내가 아파봤자 너만 하겠니
이젠 너를 헤아려봐
날 위해 쉬던 그 숨은 잊고
저 위에 널 위해 just kill my ego

등 돌려 걸어가
You got it, you got it, yeah

안녕은 우릴 아프게 하지만 우아할 거야 (Oh-oh-oh)
나 땅을 치고 후회하도록 넌 크게 웃어줘
Goodby-y-ye

By-ye-ye, ya-ya-ye
By-ye-ye, ya-ya-ye (By-y-ye)
By-ye-ye, ya-ya-ye
By-ye-ye-ye-ye
후회하도록 goodby-y-ye

널 생각한 운율이야
비로소 느껴지잖아
눈물은 고이고 찬란하게 빛나
우린 좋은 안녕 중이야

고맙단 말 대신 전할게
Goodbye, good goodbye, yeah

안녕은 우릴 아프게 하지만 우아할 거야 (Oh-oh-oh)
나 땅을 치고 후회하도록 넌 크게 웃어줘
Goodby-y-ye

By-ye-ye, ya-ya-ye
By-ye-ye, ya-ya-ye (By-y-ye)
By-ye-ye, ya-ya-ye
By-ye-ye-ye-ye

세상이 나를 빤히 내려다봐도
내 편이 돼 줄 사람 하나 없어도
Don't worry, it's okay
난 내 곁에 있을게
I'll be on my side instead of you

안녕은 나를 아프게 하지만 울어볼 거야 (Oh-oh-oh)
땅을 치고 후회해도 좋아 우리 이렇게
Goodby-y-ye

By-ye-ye, ya-ya-ye (By-y-ye)
By-ye-ye, ya-ya-ye (By-y-ye)
By-ye-ye, ya-ya-ye
By-ye-ye-ye-ye
후회조차도 goodby-y-ye"
18,"HUNTR/X, EJAE, AUDREY NUNA, REI AMI, KPop Demon Hunters Cast",Golden,Taiwan,latin,1CPZ5BxNNd0n0nF4Orb9JS,273979,37,2,"[Verse: Rumi, 
Zoey
, 
Mira
, 
All
]
I was a ghost, I was alone
어
두워진 
앞
길속에 (
Ah
)
Given the throne, I didn't know 
how
 to believe (
Hah
)
I was the queen that I'm meant to be (
Ah
)
I lived two lives, tried to play both sides (
Oh
)
But I couldn't find my own place
 (
Oh
)
Called a problem child 'cause I got too wild
But now that's how I'm getting paid, 끝없이 on stage

I'm done hidin', now I'm shinin'
Like I'm born to be
We dreamin' hard, we came so far
Now I believe
[Chorus: All, 
Rumi
]
We're goin' up, up, up, it's our moment
You know together we're glowin', gonna be, gonna be golden
Oh, up, up, up with our voices
영원히 깨질 수 없는 gonna be, gonna be golden
Oh, I'm done hidin', now I'm shinin'
Like I'm born to be
Oh, our time, no fears, no lies
That's who we're born to be

Waited so long to break these walls down
To wake up and feel like me
Put these patterns all in the past now
And finally live like the girl they all see

No more hiding, I'll be shining
Like I'm born to be
'Cause we are hunters, voices strong
And I know I believe
[Chorus: All, 
Rumi
]
We're goin' up, up, up, it's our moment
You know together we're glowing, gonna be, gonna be golden
Oh, up, up, up with our voices
영원히 깨질 수 없는 gonna be, gonna be golden
Oh, I'm done hidin', now I'm shining
Like I'm born to be
Oh, our time, no fears, no lies
That's who we're born to be
[Outro: Rumi, 
All
]
You know we're gonna be, gonna be golden, we're gonna be, gonna be (
Oh
)
Born to be, born to be glowin', 밝게 빛나는 우리
You know that it's our time, no fears, no lies (Oh)
That's who we're born to be"
19,Evangeline Wong,離開我的依賴,Taiwan,zh,23WLgtD54AeluEPRr5muHo,270868,32,10,
20,BLACKPINK,Fxxxboy,Taiwan,latin,7m0duH1vdTNxM2g8BLfR0F,263113,1,20,"Everybody needs love
Do you, do you really wanna go down that road tonight?
Do you, do you? We already tried it once or twice (Twice, twice, twice)
Just to end up hitting the wall, mm (Oh-oh-oh-oh)

If my signals mixed and messy
Bet you think it's destiny
Call my ex, send late night texts
'Cause I get off on jealousy
Keep your expectations
Underneath the pavement
Guess karma's a bitch
How's it feel? Now I'm the fuckboy

It's the way that it goes
Call me icy, icy, yeah, you made me ice cold, uh
I saw it all, front row
Should've won a prize for thе stories you told
Oh, oh, oh, oh
Played the gamе, but I kept the score
How's it feel? Now I'm the fuckboy

Uh, phone is unavail', unavail'
If you wanna hit me, try my other cell 'cause I ain't pickin' up
Had enough, beep, beep, da-da-da
If you play with my emotions, you already know what's up
I'm so tired of the fake love
Can't no tears ruin my makeup (Say)
Say, how do you sleep knowing
That my love was like heaven 'til you gave me hell? (Oh)

If my signals mixed and messy
Bet you think it's destiny
Call my ex, send late night texts
'Cause I get off on jealousy
Keep your expectations ('Tae, 'tae)
Underneath the pavement
Guess karma's a bitch (
Bitch
)
How's it feel? Now I'm the fuckboy

It's the way that it goes
Call me icy, icy, yeah, you made me ice cold, uh
I saw it all, front row
Should've won a prize for the stories you told
Oh, oh, oh, oh
Played your game, but I kept the score
How's it feel? Now I'm the fuckboy

Ooh, oh
If I told you it's not that serious
Heartbreak builds experience
It's evident that
You burned the bridge, I'm on fire
You set the tone, now I'm louder
I don't like you, I'm just bored
How's it feel? Now I'm the fuckboy

It's the way that it goes
Call me icy, icy, yeah, you made me ice cold, uh (Call me icy)
I saw it all, front row
Should've won a prize for the stories you told
Oh, oh, oh, oh
Played your game, but I kept the score (I did, I did, I did, I did)
How's it feel? Now I'm the fuckboy"
21,IVE,BLACKHOLE,Taiwan,latin,2ytQFMxdreEFPPZTtyDdqM,257958,2,21,"Shall it all be sung, be done like this, this, this, this
This, this, this

너의 심장 위에
뿌리내린 순간 (Uh)
뻗어나가 깊게
이 노래가 들리니? Uh-huh
어두운 세상 위에
쏟아지는 glitter (Uh)
목격하고 있어
기적이 틀림없는 것

Keep on running, 위험을 겁내지 마
간직해왔던 불꽃을 일으켜
원한 모든 걸 나와 읊조려봐
빗속에서도 타오를 수 있게

Now, look at me now, look at me now
원하면 뭐든 이뤄지리라
Look at me now, shine like my crown
과감히 all the way

La, la, la-la, love flame, wi-wi-win it my way
두려울 게 없어 내겐 (Ooh) 새로운 걸 보여줄게 (Ah)
La, la, la-la, love flame, wi-wi-win it my way
꿈을 더 꿈꿔봐도 돼 (Ooh) 끝내 현실이 돼 (Ooh)

Ha, ah

발목 잡은 손을 밀쳐내 (Yeah)
움츠렸던 꿈을 펼쳐내 (Yeah)
진흙 속에서도 피는 꽃
찢긴 날개로도 나는 bird like
One, two, three
나를 따라 come with me
흔들리고 부서져도 then finally
So go ahead, baby

Keep on running, 위험을 겁내지 마
간직해왔던 불꽃을 일으켜
원한 모든 걸 나와 읊조려봐
빗속에서도 타오를 수 있게

Now, look at me now, look at me now
원하면 뭐든 이뤄지리라
Look at me now, shine like my crown
과감히 all the way

Oh, oh
Look at me (Now), look at me (Now)
Oh, oh
Look at me (Now), look at me

눈을 감고 손을 잡아
다 보여줄 테니 더 가까이 와
(Hey) I got fire in my eyes, (Hey) 더 똑바로 봐
La-la-la, love flame, la-la-la, love flame (Ooh)
(Hеy) 불을 지핀 건 (Hey) 운명을 쥔 건
La-la-la, love flame, la-la-la, lovе flame (네 손에)

La, la, la-la, love flame, wi-wi-win it my way
흩날리는 빛, 방울에 (Ooh) 밤새도록 춤을 출래 (Ah)
La, la, la-la, love flame, wi-wi-win it my way
오랜 기다림을 끝내 (Ooh) 마침내 우리답게 (Ooh)
Oh, oh
Look at me (Now), look at me (Now)
Oh, oh
Look at you (Now), look at you"
22,黃奇斌,若無你我欲去佗位,Taiwan,zh,76EfpqmO6JUL2TTR1SIGwz,256579,34,5,"若無你我欲去佗位
我愛你毋但彼當時
我盡力習慣沒有你
卻無法放過我自己

咱做伙生活的彼跤皮箱
閣寫有你的名字
親像咱猶原鬥陣
是你將咱的愛情攏變做不得已
是我毋情願你離開

最後 傷的是我 吼的是我 閣放我一個人
你好膽 著應我一聲
夠了 誰又能做選擇 (沒有選擇) 痛過 才懂
最後 咱的一切 無應無回 閣拍無一個家
你講過 咱攏袂改變
哪知 你無欲閣轉來 (無法轉來) 是我 應該

若無你我欲去佗位
我也曾想過去找你

咱談情說愛的彼張相片
閣囥佇我的身邊
親像咱猶原鬥陣
是你將咱的愛情攏變做不得已
是我毋情願你離開

最後 傷的是我 吼的是我 閣放我一個人
你好膽 著應我一聲
夠了 誰又能做選擇 痛過 才懂
最後 咱的一切 無應無回 閣拍無一個家
你講過 咱攏袂改變
哪知 你無欲閣轉來 是我 應該

若無你我欲去佗位
我愛你毋但彼當時
我盡力習慣沒有你"
23,"Patrick Brasca, mac ova seas",左轉燈 (1000 Times+1),Taiwan,zh,4UwZyC0wEV6XDEAr9kaQhi,254362,20,10,"回憶 降落沒訊號的地方
心入境 在空無一人的機場
留下的謊話 就寫成小說 好嗎
筆下的我是什麼模樣
不想拉扯
身體卻誠實 手還拉著
成為了自己曾經最討厭的那種人

說都說了一千遍 別再見面
卻止不住想念 一再重演
你偷走我習慣的世界怎麼還
算了 我送你我回憶裡的一半
錯都錯了一千遍 就再加一遍
按理說平行線 不應該有交點
在路口打著向左邊轉彎的燈
向右轉

Yeah-yeah, yeah
酒是個壞東西
它操控我拿起了我的手機
左手點開對話框 右手扶到樓梯
今天碰到那個女娃兒很像你
他也穿的球衣
要不要給你發消息
這個想法在我腦殼翻來覆去
太久沒聯繫 現在我不曉得你的坐標
刪除了電話號碼 我不曉得現在是多少
我忘記好多天 像掉進一個圈
I miss you a thousand times
A thousand times plus one
我打的左轉彎的燈 但我在往右轉
愛情是丘比特 他的反面哪個在管
我忘記好多天 像掉進一個圈
I miss you a thousand times
A thousand times plus one

都說了一千遍 別再見面
卻止不住想念 一再重演
你偷走我習慣的世界怎麼還
算了 我送你我回憶裡的一半
錯都錯了一千遍 就再加一遍
按理說平行線 不應該有交點
在路口打著向左邊轉彎的燈
向右轉

Woah-oh-oh
都說了一千遍 都說了一千遍
錯都錯了一千遍 就再加一遍
按理說平行線 不應該有交點
在路口打著向左邊轉彎的燈
向右轉

在路口打著向左邊轉彎的燈
向右轉"
24,Jay Chou,擱淺,Taiwan,zh,0cOMncRq4cmDLO4tPQnkBF,248595,237,11,"久未放晴的天空
依舊留著你的笑容
哭過 卻無法掩埋歉疚
風箏在陰天擱淺
想念還在等待救援
我拉著線 複習你給的溫柔

曝曬在一旁的寂寞
笑我給不起承諾
怎麼會 怎麼會
你竟原諒了我

我只能永遠讀著對白
讀著我給你的傷害
我原諒不了我
就請你當作我已不在
我睜開雙眼看著空白
忘記你對我的期待
讀完了依賴 我很快就離開

久未放晴的天空
依舊留著你的笑容
哭過 卻無法埋歉
風箏在陰天擱淺
想念還在等待救援
我拉著線 複習你給的溫柔

曝曬在一旁的寂寞
笑我給不起承諾
怎麼會 怎麼會
你竟原諒了我

我只能永遠讀著對白
讀著我給你的傷害
我原諒不了我
就請你當作我已不在
我睜開雙眼看著空白
忘記你對我的期待
讀完了依賴 我很快就
我只能永遠讀著對白
讀著我給你的傷害
我原諒不了我
就請你當作我已不在
我睜開雙眼看著空白
忘記你對我的期待
讀完了依賴 我很快就離開"
25,BLACKPINK,Me and my,Taiwan,latin,5MXcM263QvCTWriH3nVusc,238234,1,25,"We outside every night, just me and my girls, ayy
Way too fine every time, just me and my girls, ayy
Hide your man, we ain't playin', just me and my girls, ayy
Droppin' it, poppin' it, just me and my girls, ayy, ayy
Just me and my girls, ayy, ayy
Just me and my girls, ayy, ayy
Just me and my girls, ayy, ayy
Just me and my girls

Just me and my girls, that's a little sitch
Pretty privilege, pop off, she could fizz if she want to
You know that's my girl when I call her bitch
That's a compliment, take over this shit like she was born to
La-la-la-la-la, buyin' out the bar, we some superstars
Everywhere we are, we keep it rеal cute
Mirror on the wall, this ain't from the mall
Courtsidе on the call, we can touch the ball, that's how we move

If we ain't in the spot, ain't a party (Pop)
We gon' make it pop like a lolly
Pull up with a lot, servin' body (Brrt)
Put your hands up if you with me

We outside every night, just me and my girls, ayy
Way too fine every time, just me and my girls, ayy
Hide your man, we ain't playin', just me and my girls, ayy
Droppin' it, poppin' it, just me and my girls, ayy, ayy
Just me and my girls, ayy, ayy
Just me and my girls, ayy, ayy
Just me and my girls, ayy, ayy
Just me and my girls

Just me and my day ones, pretty girls walkin' (Walkin')
Golden like we Draymond, they pay us for a walk-in (Walk-in)
Step (Step), step (Step), step into some commas
Yeah (Yeah), yeah (Yeah), boys all wanna holla
I'm one-of-one, not two, in my hottie season (Season)
Givin' 'tude to ya, I don't need no reason (Reason)
Daisy dukes make me speak my mind, I'm beamin' (Beamin')
Kinda cute, glistenin', it's in her being (Hahaha)

If we ain't in the spot, ain't a party (Pop)
We gon' make it pop like a lolly
Pull up with a lot, servin' body (Brrt)
Put your hands up if you with me

We outside every night, just me and my girls, ayy
Way too fine every time, just me and my girls, ayy
Hide your man, we ain't playin', just me and my girls, ayy
Droppin' it, poppin' it, just me and my girls, ayy, ayy
Just me and my girls, ayy, ayy
Just me and my girls, ayy, ayy
Just me and my girls, ayy, ayy
Just me and my girls"
26,KiiiKiii,404 (New Era),Taiwan,latin,24rDDbSlFY9OHrlJb48CRh,236384,5,24,"It's your boys, LDN Noise

404, not found in the system
404, the new era, era
404, 좌표 밖의 지점
404, the new era, era
404, 우리 신호는 question
404, 안 떠 radar, radar
404, 백지를 내도 백 점
404, the new era, era

나 잡아봐라, off the Wi-Fi
말을 안 해도, I'm already on this vibe
Always riding low, 안 터져 안테나
경계를 넘어서, 이미 outta town
Yeah, criss-cross, lip gloss
Missed some, 괜찮아, uh, uh
Everyday, 내 방식대로 해
Take my time, bring it on

(Bye) And it feels good, (Bye) all left behind
(Bye) 모든 짐은 다 놔둘게
You know this feeling, 좀 더 크게
Yeah, yeah, keep on surfing

404, not found in the system
404, the new era, era
404, 좌표 밖의 지점
404, the new era, era
404, 백지를 내도 백 점
404, 안 떠 radar, radar
404, not found in thе system
404, the new еra, era

404, all the girlies to the floor
들어 손, 흔들어 몸, wink, wink, 메롱, uh
찾지 못해도 어디든 있잖아Put down your phone, look me in my eyes

(Bye) And it feels good, (Bye) all left behind
(Bye) 모든 짐은 다 놔둘게
You know this feeling, 좀 더 크게
Yeah, yeah, keep on surfing

404, not found in the system
404, the new era, era
404, 좌표 밖의 지점
404, the new era, era
404, 우리 신호는 question
404, 안 떠 radar, radar
404, 백지를 내도 백 점
404, the new era, era

Yeah, that's the 404
Yeah, that's the 404 (Oh-oh)

We can have it all, 골라줘, thirty-one (
Oh, oh
)
Tell me what you want (Tell me what you want)
I know something's up, 너가 원하는 걸 (*너가 원하는 걸*)
Let's run into unknown (Ah, ah)

404, not found in the system
404, the new era, era
404, 좌표 밖의 지점
404, the new era, era
404, 백지를 내도 백 점
404, 안 떠 radar, radar
404, not found in the system
404, the new era, era

Ooh, ah
Ooh, ooh
404, not found in the system
404, the new era, era
Ooh, ah
Ooh, ooh
404, not found in the system
404, the new era, era"
27,Bestards,離開的一路上,Taiwan,zh,1NoDTQhJsrd5rnpb6PQthK,234602,122,1,"背影逐漸拉開距離
告別所有與你有關的風景
我很努力
回憶的雨裡忍住淚向前進
愛不再是選擇題 當你已經選擇你
再多深刻的曾經都破碎支離
我只剩下我自己

離開的一路上 我沒忘記
你微笑的臉龐
好像是在告訴著我不應該為誰哭
可能你一個人比較幸福
離開的一路上 反覆想起
燦爛的星空下
對彼此許下過什麼 天真的美麗
今後誰也別提起

清醒在無人的島嶼
明白我和你不過就是一場夢境
別輸不起
揹起了傷心 終究要向前進
愛不再是選擇題 當你已經選擇你
那些愛過的證據都失去蹤影
還有什麼能失去

離開的一路上 我沒忘記
你微笑的臉龐
好像是在告訴著我不應該為誰哭
可能你一個人比較幸福
離開的一路上 反覆想起
燦爛的星空下
對彼此許下過什麼天真的美麗
今後誰也別提起


離開的一路上 我沒忘記
你微笑的臉龐
好像是在告訴著我不應該為誰哭
可能你一個人比較幸福
離開的一路上 反覆想起
燦爛的星空下
對彼此許下過什麼天真的美麗
今後誰也別提起
誰也別提起"
28,Crowd Lu,一夜一夜一夜,Taiwan,zh,3wofqqt5YJWdhLI9IFaX39,230631,28,6,"不關燈就不怕天黑
不看訊息就不怕失眠
再夜長夢多都是思念作祟
不聽歌就不會流淚
那些平常不聽的歌曲
為何每一句都像是我和你

你是我的誰
你不是我的誰
我只能這樣地以為

我一夜一夜一夜
一夜一夜沒闔眼
嘴邊說好想要忘掉的一切
在夜深人靜只會變得更明顯
我也也也
也也會心碎
陽光慢慢透進漆黑的房間
在還沒天亮之前 請你不要對我說再見

你是我的誰
你不是我的誰
又怎麼能 在我的心口不停地徘徊
你是我的誰
你不是我的誰
我只能這樣地以為

我一夜一夜一夜
一夜一夜沒闔眼
嘴邊說好想要忘掉的一切
在夜深人靜只會變得更明顯
我也也也
也也會心碎
陽光慢慢透進漆黑的房間
在還沒天亮之前 請你不要對我說再見

在無邊星球漫漫長夜盡頭
我們曾一起面對

一夜一夜一夜
一夜一夜沒闔眼 (一夜一夜沒闔眼)
我也也也
也也會心碎
我一夜一夜一夜
一夜一夜沒闔眼 (一夜一夜沒闔眼)
陽光慢慢透進漆黑的房間
在還沒天亮之前 請你不要對我說再見

不關燈就不怕天黑
不聽歌就不會流淚"
29,JENNIE,like JENNIE,Taiwan,latin,0fK7ie6XwGxQTIkpFoWkd1,229663,52,3,"Ha, c'mon, it's gon' be fucking hard

Special edition and your AI couldn't copy
I'm leaving clues in the fittin' room and it's hot tea
No, I'm not thinking 'bout no exes, know they miss me
I got the whole room spinning like it's tipsy
Don't bore us, take you to the chorus

Who wanna rock with JENNIE?
Keep your hair done, nails done like JENNIE
Who else got 'em obsessed like JENNIE?
Like, like, like (JENNIE, JENNIE, JENNIE, JENNIE)
I think I really like (JENNIE, JENNIE, JENNIE)
Haters, they don't really like (JENNIE, JENNIE, JENNIE, JENNIE)
'Cause they could never ever be (JENNIE, JENNIE, JENNIE)
But have you ever met JENNIE, JENNIE, JENNIE, JENNIE?
JENNIE, JENNIE, JENNIE
It's JENNIE, JENNIE, JENNIE, JENNIE, JENNIE

But have you ever met?
But have you ever met?
But have you ever met?

얼말 줘도 못해 서커스짓
포징한번에 만들어 mosh pit
They can't deal with me 'cause I'm priceless
여러 셀럽들 속에 내 DNA
Get, get outta my way
바비가 처키가 되기 전에
Name, shame, blame tryna burst my bubble
터트려봐 그럼 더 큰 홀에서
만나는 거야 제니를 keep shading
예술작품엔 필요해 frame이
I've slayed it, and I graved it
Yes, I'm guilty 잘난 게 죄니 (Mmh)

Who wanna rock with JENNIE?
Keep your hair done, nails done like JENNIE
Who else got 'em obsessed like JENNIE?
Like, like, like
I think I really like JENNIE
Haters, they don't really like JENNIE
'Cause they could never ever be JENNIE
But have you ever met JENNIE, JENNIE, JENNIE, JENNIE?
JENNIE, JENNIE, JENNIE
It's JENNIE, JENNIE, JENNIE, JENNIE
JENNIE, JENNIE, JENNIE
Like JENNIE, JENNIE, JENNIE, JENNIE, JENNIE
Rock with JENNIE
Keep your hair done, nails done like JENNIE
Who else got 'em obsessed, like

But have you ever met JENNIE?
But have you ever met?
JENNIE, JENNIE, JENNIE
It's JENNIE, JENNIE, JENNIE, JENNIE"
30,Crowd Lu,幾分之幾 - 電影<花甲大人轉男孩>主題曲,Taiwan,zh,4F7ZAsndEIJXyFzJUHNlRu,226829,322,4,
31,"i-dle, skaiwater",Mono (feat. skaiwater),Taiwan,latin,3VxmXJ4FdtbWI27p3Gx4Wh,226683,6,3,"У, у
Мм, а, о

Совсем не важно во что они играют
Ты — тот ритм, что пробивается сквозь всё
И именно смысл звучит громче
Не беспокойся ни о чём, я настроюсь на тебя
Не позволяй шуму мешать тебе
Ты — ритм, который им не заменить
Приглуши свои мысли
Пусть поёт твоё сердцебиение

Справа ты
Или слева
С востока или запада
Гетеро или гей
Каждый день и ночь
Танцуй под свой настоящий вайб
Убавь эффекты
Пусть всё затихнет и весь мир заиграет в «моно»

Ла-ла-ла-ла-ла-да
Ла-ла-ла-ла-ла-ла-ла-ла
Ла-ла-ла-ла-ла-да
Потому что любовь громче в «моно»
Ла-ла-ла-ла-ла-да
Ла-ла-ла-ла-ла
Ла-ла-ла-ла-ла-да-ла

Прибавь музыку (Прибавь)
Пусть все услышат мой ритм
Любовь и танцы в моём доме (Доме)
Детка, мы можем вывести вечеринку на наружу, для всех
Дай мне шанс
Танцуй, как все остальные (О)
Я знаю, что ты чувствуешь то же, что и я, о-о

Справа ты (О-о)
Или слева
С востока или запада (О-о)
Гетеро или гей
Каждый день и ночь (О-о)
Танцуй под свой настоящий вайб
Убавь эффекты (О-о)
Пусть всё затихнет и весь мир заиграет в «моно» (Моно)

Ла-ла-ла-ла-ла-да
Ла-ла-ла-ла-ла-ла-ла-ла (Ла-ла-ла)
Ла-ла-ла-ла-ла-да
Потому что любовь громче в «моно» (Любовь громче в «моно»)
Ла-ла-ла-ла-ла-да
Ла-ла-ла-ла-ла (Ла-ла-ла)
Ла-ла-ла-ла-ла-да-ла
Потому что любовь громче в «моно» (Любовь громче в «моно»)

Мы виним, забываем, жалеем, но кого ты слышишь на самом деле?
Слова не смогли достучаться до тебя
Мы виним, забываем, жалеем, давай же выключим всё
Ты ведь знаешь, что рождён, чтобы любить

(Ла-ла-ла-ла-ла-ла-да) Итак, как ты определяешь свою гендерную идентичность?
(Ла-ла-ла-ла-ла-ла-ла-ла-ла) Я определяюсь как она/её
(Ла-ла-ла-ла-ла-ла-да) Я определяюсь как он/его
(Ла-ла-ла-ла-ла-ла-ла-ла-ла-ла) Классно
(Ла-ла-ла-ла-ла-ла-да) Лично я не знаю никого, кто определяет себя как они/их, но мне кажется...
(Ла-ла-ла-ла-ла-ла) Я считаю, что важно просто оставаться собой
(Ла-ла-ла-ла-ла-ла-ла) Точно
Когда ты любишь себя, можешь полюбить и окружающих

Справа ты (Справа)
Или слева (Или слева)
С востока или запада (А, да)
Гетеро или гей
Каждый день и ночь (Ночь)
Танцуй под свой настоящий вайб
Убавь эффекты (Убавь)
Пусть всё затихнет и весь мир заиграет в «моно»"
32,EggPlantEgg,閣愛妳一擺,Taiwan,zh,4Zwn8WxD61diTwqv9hyTQA,223328,221,2,"過了盈暗 欲和別人結婚
聽講妳已經有 別人的子孫
結果嘛是行到最後一步
著是妳有翁 我猶袂有某
想起彼時 妳是歹甲有賰
拄著我是 妳好命的天份
結果嘛是行到最後一步
著是越頭走 莫閣再耽誤

毋知妳是佇佗位
我想欲 聽妳溫柔的聲音 (Oh)
以後我會當做毋捌妳
無咱的過去

若是彼工 是我來牽起妳的手
著毋是這馬 是伊來完成妳的要求
若是彼工 是我對愛情無相讓
妳敢會轉來 做伙的所在
我愛妳無問題 問題是妳毋是我的
我有影毋知好歹 閣想欲愛妳一擺

過了盈暗 欲和別人結婚
聽講妳已經有 別人的子孫
結果嘛是行到最後一步
著是妳有翁 我猶袂有某

毋知妳是佇佗位
我想欲聽妳溫柔的聲音
以後我會當做毋捌妳
無咱的過去

若是彼工 是我來牽起妳的手
著毋是這馬 是伊來完成妳的要求
若是彼工 是我對愛情無相讓
妳敢會轉來 做伙的所在
我愛妳無問題 問題是妳毋是我的
我有影毋知好歹 閣想欲愛妳一擺
若是彼工 是我來牽起妳的手
(著毋是這馬 是伊來完成妳的要求)
若是彼工 是我對愛情無相讓
(妳敢會轉來 做伙的所在)
我愛妳無問題 問題是妳毋是我的
我有影毋知好歹 閣想欲愛妳一擺

閣愛妳一擺 閣愛妳一擺 閣愛妳一擺
閣愛妳一擺 閣愛妳一擺 閣愛妳一擺
閣愛妳一擺 閣愛妳一擺 閣愛妳一擺"
33,Stefanie Sun,遇見,Taiwan,zh,3xJK8ywApYVEYIDhymYMC6,217175,254,26,"聽見 冬天 的離開
我在某年某月醒過來
我想 我等 我期待
未來卻不能因此安排
陰天 傍晚 車窗外
未來有一個人在等待
向左 向右 向前看
愛要拐幾個彎才來

我遇見誰 會有怎樣的對白
我等的人 他在多遠的未來
我聽見風 來自地鐵和人海
我排著隊 拿著愛的號碼牌

陰天 傍晚 車窗外
未來有一個人在等待
向左 向右 向前看
愛要拐幾個彎才來

我遇見誰 會有怎樣的對白
我等的人 他在多遠的未來
我聽見風 來自地鐵和人海
我排著隊 拿著愛的號碼牌


我往前飛 飛過一片時間海
我們也曾 在愛情裡受傷害
我看著路 夢的入口有點窄
我遇見你 是最美麗的意外

總有一天 我的謎底會揭開"
34,CORTIS,GO!,Taiwan,latin,6OWWZtNQORY1McaZmOrwhc,215315,26,4,"우린 필요 없어 다른 sign
Paint the town, 초록색의 lights
페달에 발을 올려, 마치 bike

I just gotta get it
Watch me go, go, go, go, go, go
I just gotta get it
Watch me go, go, go, go, go, go
I just gotta get it

가져와 new beat
가져와 new hit
가져와 new sheet
만들어 new shit
가져와 new beat
가져와 new hit
가져와 new sheet
I'm on the new shit

(Ya, shh) 바지 내려 입고 우린 studio로 가지 (Uh, uh)
Drippy, 고장 난 듯 배수관이, yeah, yeah
불러와 new wave, Poseidon같이 (Uh, uh)
Martin
 (
That's so fire
), 
play that beat
 (
That's so fire
)
Yeah, 작업실에서 불을 피워, 밤도 대낮같이 (Yeah)
우린 오늘 만들었지, and this track is so sick (So sick)
Level 좀 더 키워, 이 노래는 달려 도시를 (Yeah)

우린 필요 없어 다른 sign (Yeah, okay)
Paint the town, 초록색의 lights (Yeah, lights)
페달에 발을 올려, 마치 bike (Yeah, yeah)

I just gotta get it
Watch me go, go, go, go, go, go
I just gotta get it
Watch me go, go, go, go, go, go
I just gotta get it (Yеah)

어렸을 때부터 난 동네서 좀 특이했어 (Fah-fah-fah-fah-fah; ew)
Yeah, 맘은 이미 popstar back at 중이 때 (Yeah, yеah, yeah, yeah)
우린 모자 눌러쓰고 new era 추진해 (Eh)
우릴 보고 엄질 들어, 모든 구시대, yeah
Watch me, I'm gon' spit it, pop and pop, 난 지금 hit mode
Hitman처럼 hit 만들고 싶어서 난 reload
 (Yeah, yeah)
치키치키, reload (Right), uh-uh, reload
신호 주면 바로 던져넣어, 마치 free throw

우린 필요 없어 다른 sign
Paint the town, 초록색의 lights
페달에 발을 올려, 마치 bike

I just gotta get it
Watch me go, go, go, go, go, go
I just gotta get it
Watch me go, go, go, go, go, go
I just gotta get it

가져와 new beat
가져와 new hit
가져와 new sheet
만들어 new shit
가져와 new beat
가져와 new hit
가져와 new sheet
I'm on the new shit"
35,Stefanie Sun,我懷念的,Taiwan,zh,7z2M7DsEjZjwXBkWG3zd21,211975,196,11,"我問為什麼 那女孩傳簡訊給我
而你為什麼 不解釋低著頭沉默
我該相信你很愛我 不願意敷衍我
還是明白你已不想挽回什麼
想問為什麼 我不再是你的快樂
可是為什麼 卻苦笑說我都懂了
自尊常常將人拖著 把愛都走曲折
假裝了解是怕 真相太赤裸裸
狼狽比失去難受

我懷念的 是無話不說
我懷念的 是一起作夢
我懷念的 是爭吵以後
還是想要愛你的衝動
我記得那年生日
也記得那一首歌
記得那片星空
最緊的右手 最暖的胸口 (Ooh, ooh)

誰記得 誰忘了

想問為什麼 我不再是你的快樂
可是為什麼 卻苦笑說我都懂了
自尊常常將人拖著 把愛都走曲折 (Ah-ah, hah-ah-ah)
假裝了解是怕 真相太赤裸裸 (Hah-ah-ah)
狼狽比失去難受

我懷念的 是無話不說
我懷念的 是一起作夢
我懷念的 是爭吵以後 (Uh, 爭吵以後)
還是想要愛你的衝動
我記得那年生日 也記得那一首歌
記得那片星空 最緊的右手 最暖的胸口
誰忘了
我懷念的 是無言感動
我懷念的 是絕對熾熱
我懷念的 是你很激動
求我原諒抱得我都痛
我記得你在背後 也記得我顫抖著
記得感覺洶湧 最美的煙火 最長的相擁

誰愛得太自由 (誰愛得太自由)
誰過頭太遠了 (誰過頭太遠了)
誰要走我的心 (誰要走我的心)
誰忘了那就是承諾
誰自顧自地走 (誰自顧自地走)
誰忘了看著我 (誰忘了看著我)
誰讓愛變沉重 (誰讓愛變沉重)
誰忘了要給你溫柔

Woah, ooh, woah
我懷念的
我還有想要愛你的衝動
我記得那年生日 也記得那一首歌
記得那片星空 最緊的右手 最暖的胸口

我放手
我讓座
假灑脫
誰懂我多麼不捨得
太愛了
所以我
沒有哭
沒有說"
36,ROSÉ,toxic till the end,Taiwan,latin,1z5ebC9238uGoBgzYyvGpQ,211695,65,3,"Call us what we are, toxic from the start
Can't pretend that I was in the dark
When you met my friends, didn't even try with them
I should've known right then

That you were jealous and possessive
So manipulatin'
Honestly, impressive
You had me participatin'

Back then, when I was runnin' out of your place
I said, ""I never wanna see your face""
I meant I couldn't wait to see it again
We were toxic till the end
Uh-huh, 'cause even when I said it was over
You heard, ""Baby, can you pull me in closеr?""
You were plotting how to stay in my head
Wе were toxic till the end

Ladies and gentlemen
I present to you
The ex

His favourite game is chess, who would ever guess?
Playing with the pieces in my chest
Now he's on the screen and saying, ""Don't leave""
You stole that line from me

'Cause you're just jealous and possessive
So manipulatin'
Honestly, impressive
You had me participatin'

Back then, when I was runnin' out of your place
I said, ""I never wanna see your face""
I meant I couldn't wait to see it again
We were toxic till the end
Uh-huh, 'cause even when I said it was over
You heard, ""Baby, can you pull me in closer?""
You were plotting how to stay in my head
We were toxic till the end, end, end

I can forgive you for a lot of things
For not giving me back my Tiffany rings
I'll never forgive you for one thing, my dear
You wasted my prettiest years

Back then, when I was runnin' out of your place
I said, ""I never wanna see your face""
I meant I couldn't wait to see it again
We were toxic
Uh-huh, 'cause even when I said it was over
You heard, ""Baby, can you pull me in closer?""
You were plotting how to stay in my head
We were toxic till the end, end, end
We were toxic till the end, end, end"
37,BABYMONSTER,PSYCHO,Taiwan,latin,491ca80N1C63tpoLvAsLKb,207229,18,22,"BABYMON (Hashtag)

Move, you don't want no problems in that
Mood, 너는 너무 말이 많아
Ooh, 빈 수레가 요란할 뿐
Boo (Hashtag), hoo (Hashtag)
Yeah, yeah, yeah, 난 치타처럼 달려 나가
Yeah, yeah, yeah, 독수리처럼 날아올라
알 수 없는 끝 향해 달려가자 꿈
Everybody give me room, 누가 뭐래도 I'ma do

Na-na-na-na-na-na-na-na-na
You don't know about me, you don't know about me
Na-na-na-na-na-na-na-na-na
Every rose has a thorn (우린 모두 psycho)

누구나 똑같아
너나, na-na, 서로 다른 psycho
모두 다 비정상
너나, na-na, 조금 다른 psycho
Psy-psy-psycho, psy-psy-psy-psy-psycho
웃는 얼굴 뒤엔 just a little psycho
Psy-psy-psycho, psy-psy-psy-psy-psycho
세상처럼 돌고 도는 우린 psycho

Why so serious?

Tick-tack-toe
Playing games, I'ma kick that door
Say my name like Ruk, Ruk, Ruk
Everybody wanna be it, should've, would've, could've did it, won't admit like
Oh, I wish you would, who misunderstood
You ain't got a clue (Mm, mm)
Feeling like a villain chilling, everything I'm thrilling, killingGet in where you fit in, 
you a psycho too

Na-na-na-na-na-na-na-na-na
You don't know about me, you don't know about me
Na-na-na-na-na-na-na-na-na
Every rose has a thorn (우린 모두 psycho)

누구나 똑같아
너나, na-na, 서로 다른 psycho
모두 다 비정상
너나, na-na, 조금 다른 psycho
Psy-psy-psycho, psy-psy-psy-psy-psycho
웃는 얼굴 뒤엔 just a little psycho
Psy-psy-psycho, psy-psy-psy-psy-psycho
세상처럼 돌고 도는 우린 psycho

Can you see it? 강가에 비친
두 개의 달은 너와 나
오늘이 우리 마지막 밤인 것처럼
미쳐가 보자

This is for everybody, you're not just anybody
Shout out and tell somebody, we are the psychos
This is for everybody, you're not just anybody
Shout out and tell somebody, we are the psychos
Na-na-na-na-na-na-na-na (Psy-psy-psy-psycho)
Na-na-na-na-na-na-na-na (Psy-psy-psy-psycho)
Na-na-na-na-na-na-na-na (Psy-psy-psy-psycho)
Na-na-na-na-na-na-na, we are the psychos"
38,Khalil Fong,愛愛愛,Taiwan,zh,59lBAMCis4C6NsPdUV35Vz,205591,54,3,"在 哪裡記載 第一個桃花賊
誰在 哪裡典賣 第一支紫玉釵
我在 這裡見怪更怪
見過電影裡面人家的海 更想去看海
唱過人家的愛 更想找愛

你哭起來 我笑起來
都為了 愛愛愛
有一天翻開辭海找不到愛
花不開 樹不擺 還是更暢快
愛 還是會期待
還是覺得孤單太失敗 Woah
我愛故我在

Ooh-hoo, ooh-hoo, yeah, yeah, yeah
Oh, oh, oh, oh, oh, oh

找到愛 幸福的人 肯不肯躲起來
正在 寂寞的人 能不能站起來
我在 (Ooh, ooh) 這裡陪你無奈 Yeah
看過小說裡面人家等待 更習慣等待
唱過人家的愛 更想找愛

你喊出來 我靜下來
都為了 愛愛愛
有一天翻開辭海找不到愛
花不開 樹不擺 還是更暢快
愛 還是會期待
還是覺得孤單太失敗 Woah
我愛故我在

揮不出滿天滿地的塵埃
買不起滿街口袋的品牌
你悶起來 我傻起來 可以愛
會不會整個時代只有一個告白
誰不愛過不存在

不明不白 不分好歹
都為了 愛愛愛
有一天翻開辭海找不到愛
花不開 樹不擺 還是更暢快
愛 還是會期待
還是覺得孤單太失敗 Woah
我愛故我在 (Hey yeah, hoo) Ooh, hoo"
39,"LE SSERAFIM, j-hope",SPAGHETTI,Taiwan,latin,2N9miXnewVmUrgl6JSK1FI,205460,19,7,"This is a hot spot
It's your go-to meal
Now you're a regular and fall in love
Can't get enough of that taste
We're in the kitchen
Cookin' it up, what you're craving
How I like it’s how I'm saucin'
And now the world's gone mad

You don't need to think too much
Just enjoy, savor, relish every last bite and go (Yeah, yeah, yeah)
Completely melts in your mouth (Ooh)
Guilty pleasure never killed nobody, try it out

(Woo) Stuck between your teeth, that's spaghetti
Wanna get it out? Bon appétit
Just give up, you know you will
Eat it up, eat it, eat it up (Woo)
Stuck in your mind, that's SSERAFIM
Bad bitch in between your teeth
Just give up, you know you will
Eat it up, eat it, eat it up

Eat it up, eat it, еat it (Woah)
Eat it up, eat it (Up)
Eat it up, eat it, eat it
Eat it up, еat it, eat it up

This is the sweet spot
Heat up the scene, it's that big shot
Chef's choice, a kick specially for you
You're lost in the sauce, no turnin' back
Gonna get tipsy all night, knock it back
I'll take that empty glass, send back the useless sass
I like what I like, do I need a reason, huh?
Get into it, every last drop, down the hatch
Snap it up like a Getty
My kimchi pose is endlessly priceless
Whatever I'm cookin', I'm like a star
I'll cook any course you want
I'm the main character in your kind of drama
Your guilty pleasure, your high-calorie Hershey chocolate
A tarot that shakes you, the flavor you savor
Okay now, from hater to believer, brr

Yeah, this is a hot spot
Don't give a fuck what you say
Try a bite, the taste is stellar
Don't need no three-star
Yeah, you just say you hate it
What happened to your diet?
Sneaking a bite when no one's looking
You better stop lying

Don't care what you talk about
You're the one comin' runnin' back here every time (Yeah, yeah, yeah)
Completely melts in your mouth (Ooh)
Chew it over, is it real love or not?

(Woo) Stuck between your teeth, that's spaghetti
Wanna get it out? Bon appétit
Just give up, you know you will
Eat it up, eat it, eat it up
Stuck in your mind, that's SSERAFIM
Bad bitch in between your teeth
Just give up, you know you will
Eat it up, eat it, eat it up

Eat it up, eat it, eat it (Woah)
Eat it up, eat it up
Eat it up, eat it, eat it (Woah)
Eat it up, eat it, eat it up
Eat it up, eat it, eat it (Woah)
Eat it up, eat it up
Eat it up, eat it, eat it
Eat it up, eat it, eat it up"
40,"Patrick Brasca, 陳華",你沒等我去的舊金山,Taiwan,zh,1aNVW0fujBVx7JTorTO1jn,195800,10,9,
41,Bestards,不是因為天氣晴朗才愛你,Taiwan,zh,2VEt42QSQxILgEf9B50xxm,195563,332,5,"不是因為天氣晴朗才愛你
不是因為看見星星才想你
不是因為剛好沒有別的事
才一直 一直 一直
在腦海裡複習
擁抱你 什麼角度最合適

其實我 常會想像我們老了的樣子
左邊牽著手 右手拉小狗
可能還有很多小孩子
其實我 不是因為好天氣才這麼說
牽著你走過 大雨盛開水花的路口
也是我一樣喜歡的夢

不是因為天氣晴朗才愛你
不是因為看見星星才想你
不是因為剛好沒有別的事
才一直 一直 一直
在腦海裡複習
擁抱你 什麼角度最合適

其實我 常會想像我們老了的樣子
左邊牽著手 右手拉小狗
可能還有很多小孩子
其實我 不是因為好天氣才這麼說
牽著你走過 大雨盛開水花的路口
也是我一樣喜歡的夢

牽著你走過 大雨盛開水花的路口
也是我一樣喜歡的夢
Mm"
42,aespa,Whiplash,Taiwan,latin,7Cnpb1vBbC46RgVyyKLH7p,193989,72,4,"Yeah

One look, give 'em whiplash
Beat drop with a big flash
집중해, 좀 더 think fast
이유 넌 이해 못 해, uh
왜 이제야, know I did that, uh
Day one, know I been bad, uh
Don't stop, 흔들린 채
무리해도 can't touch that (Can't touch that)

Under pressure, body sweating, can you focus? (Yeah)
어디서나 거침없어, I'm the coldest
오직 나만이 이 판을 바꿀 changer
Just close your eyes, breathe in and visualize

One look, give 'em whiplash
Beat drop with a big flash
집중해, 좀 더 think fast
이유 넌 이해 못 해, uh
왜 이제야, know I did that (Yeah)
Day one, know I been bad
Don't stop, 흔들린 채 (Yeah)
무리해도 can't touch that (Can't touch that)

Whip-whiplash
Whip-whiplash
Whip-whiplash
Whip-whiplash
Whip-whiplash
Whip-whiplash
Whip-whiplash
One look, give 'em whiplash

Fancy
이건 참 화려해
It's glowing and it's flashy (Yeah)
알아 적당함이 뭔지 keep it classy
따라 하지 넌 또 하나부터 열까지 (Yeah)
아닌척하지, yeah

Under pressure, body sweating, can you focus? (Hoo)
I deliver, I can promise, I'm the coldest (Cold)
외면해도 소용없지, don't you blow it
Just close your eyes, breathe in and visualize

시작되는 순간 끝나버린 판단
기횐 오직 one time, unforgettable
찾아낸 the right light, 사라지지 않아
눈에 새긴 one time, unforgettable

One look, give 'em whiplash (Shee)
Beat drop with a big flash
집중해, 좀 더 think fast
이유 넌 이해 못 해, mm
왜 이제야, know I did that (Yeah)
Day one, know I been bad, uh
Don't stop, 흔들린 채 (
Yeah
)
무리해도 can't touch that (Can't touch that)

I'm the highlight, 비춰 red light
Yeah, tonight, it's all 'bout me (All about me)
You know it's my site, 거친 next sigh
만들어갈 history

One look, give 'em whiplash (Uh, wee; whip-whip)
Beat drop with a big flash (Yeah)
따라와 어서 move fast (Move, move, move)
이유 넌 이해 못 해, uh (Yeah)
왜 이제야, know I did that (Yeah; did that)
Day one, know I been bad, uh (Been bad)
Don't stop, 흔들린 채 (Yeah; woo)
다가와도 can't touch that (Can't touch that)

Whip-whiplash
Whip-whiplash
Whip-whiplash
Whip-whiplash
Whip-whiplash
Whip-whiplash
Whip-whiplash

One look, give 'em whiplash"
43,Amazing Show,愛情的大壞蛋,Taiwan,zh,5HVq8nS0pbM6G7YK8M7DY4,192347,74,14,"我在情歌的尾奏 落在琴聲的最後
活該今生的罪疚 默哀硬撐著淚流
想要夢見你 重建你 容顏已走遠
在不真實的空間裡好好再愛一遍
Oh, 或許這就是所謂心痛
或許我不曾真的心痛
或許這次我認真了 這次是真的愛了

就當作我是愛情的大壞蛋 不需要你原諒我
背後為你流的淚 就當我自作自受
就因為我是愛情的大壞蛋 愛情的小偷
請忘記我 讓我寂寞

今晚沒夢見你 是因為睡不著
情節像爛電影 而我不是主角
看著剪影出竅 你走遠聽不到
我只能抽著菸 兜著圈 收著淚 又一遍畫夜
我會把你的故事折成紙鶴
讓他飛到銀河
不再唱為你寫的歌 反正你不會聽了
我是真的不愛了


就當作我是愛情的大壞蛋 不需要你原諒我
背後為你流的淚 就當我自作自受
就因為我是愛情的大壞蛋 愛情的小偷
請忘記我 讓我寂寞

我在情歌的尾奏 落在琴聲的最後
活該今生的罪疚 默哀硬撐著淚流
想要夢見你 重建你 容顏已走遠
在不真實的空間裡好好再愛一遍

今晚我摧毀了最美的未曾愛過
儘管我卑微的淚水徹夜碎成敗破
就當我沒愛過 就當我沒愛過
我不配你愛我 我不配你愛我

我會把你的故事折成紙鶴
讓他飛到銀河
就當我沒愛過 就當我沒愛過
我不配你愛我 我不配你愛我"
44,Jay Chou,晴天,Taiwan,zh,5pIcwtJYNJx93l420oR2Vm,191021,326,12,"故事的小黄花
从出生那年就飘着
童年的荡秋千
随记忆一直晃到现在

吹着前奏望着天空
我想起花瓣试着掉落
为你翘课的那一天
花落的那一天
教室的那一间
我怎么看不见
消失的下雨天
我好想再淋一遍
没想到失去的勇气我还留着
好想再问一遍
你会等待还是离开
刮风这天我试过握着你手
但偏偏雨渐渐大到我看你不见
还要多久我才能在你身边
等到放晴的那天也许我会比较好一点
从前从前有个人爱你很久
但偏偏风渐渐把距离吹得好远
好不容易又能再多爱一天
但故事的最后你好像还是说了拜拜
为你翘课的那一天
花落的那一天
教室的那一间
我怎么看不见
消失的下雨天
我好想再淋一遍
没想到失去的勇气我还留着
好想再问一遍
你会等待还是离开
刮风这天我试过握着你手
但偏偏雨渐渐大到我看你不见
还要多久我才能在你身边
等到放晴的那天也许我会比较好一点
从前从前有个人爱你很久

偏偏风渐渐把距离吹得好远
好不容易又能再多爱一天"
45,A-Mei Chang,連名帶姓,Taiwan,zh,3LlQoKvVnkVvq3KC8anUn8,187416,275,2,
46,陳粒,小半,Taiwan,zh,3QxWTqyIT4O9bokIZlNDpo,184729,9,46,
47,BABYMONSTER,WE GO UP,Taiwan,latin,1tonXoW6dcb7GGNpec3PTl,184216,21,8,"Yeah
Uh-huh
Yeah, this ain't a game and you know we don't play
Yeah

Uh, you ain't never seen the typa, show we 'bout to show ya
You ain't never heard this typa flow, we crashing on ya
Tidal wave, tidal wave, it's about to go
You will never dominate, domino when I see you fall
Know I pop better get back, hand in my pocket, watch the rocket blow우리 걱정은 딱히 넣어둬 빨리, look at me on a roll
Let bygones be bygones, I ain't never had no problems
That high road, we gon' walk over 'cause icons be icons

What you gon', what you gon', what you gon' do? (Yeah)
Lookin' good, lookin' fly, lookin' brand new
Unbelievable, 어림없거든어이없거든 (You lovе it, love it)
When we pull up, know it's all on sitе
B-A-B-Y-M-O-N, we up, up, up

(We go up) Like, woah, 우린 killas, killas
(We go up) Like, woah, 우린 villains, villains
Up high for me, baby, high for me, baby, woah
Up like, woah, can you feel us? Feel us?
(We go up) Like, woah, 우린 killas, killas
(We go up) Like, woah, 우린 villains, villains
Up high for me, baby, high for me, baby, woah
This is how we do it, we go, woah, oh, oh, oh

Copy, copy, copy, copy 'til the error pop up
Copy, copy, wanna be me but you're never gonna
They all eatin' my leftovers, I left over what's left over
Like ring, ring, come and get closer, we take over, that's game over
Nobody do it like this, nobody, nobody do it like this, uh
You're never catching me slip, I switch it on with a flick of the wrist
Let bygones be bygones, I ain't never had no problemsThat high road, we gon' walk over 'cause icons be icons

What you gon', what you gon', what you gon' do? (Yeah)
Lookin' good, lookin' fly, lookin' brand new
Unbelievable, 어림없거든
어이없거든 (You love it, love it)
When we pull up, know it's all on site
B-A-B-Y-M-O-N, we up, up, up

(We go up) Like, woah, 우린 killas, killas
(We go up) Like, woah, 우린 villains, villains
Up high for me, baby, high for me, baby, woah
Up like, woah, can you feel us? Feel us?
(We go up) Like, woah, 우린 killas, killas
(We go up) Like, woah, 우린 villains, villains
Up high for me, baby, high for me, baby, yeah
This is how we do it, we go, woah, oh, oh, oh

우린 보란듯이, yeah, we run it up, run it up
불을 지필 거야 burn it up, burn it up
세상 꼭대기에, say my name, say my name
우린 판을 바꿀 game changer, uh, uh
Definition dangerous, dangerous
Clock is ticking, ticking, buckle up, buckle up
Bet you never met a monster like me
I'll never stop, don't forget we gon' make history

(We go up) Like, woah, 우린 killas, killas (Ah-ah)
(We go up) Like, woah, 우린 villains, villains (Ah-ah, high)
Up high for me, baby, high for me, baby, woah
(B-A, B-A, B-Y, B-Y, M-O, M-O, N, N)
(We go up) Like, woah, 우린 killas, killas (Ah-ah)
(We go up) Like, woah, 우린 villains, villains (Ah-ah, oh)
Up high for me, baby, high for me, baby, woah
This is how we do it, we go, woah, oh, oh, oh

We go up"
48,"Jay Chou, Lara Liang",珊瑚海,Taiwan,zh,3Qj9Fy8BPbWmICTiNkuqB7,181385,227,28,"Hǎi píngmiàn yuǎnfāng kāishǐ yīnmái
Bēishāng yào zěnme píngjìng chúnbái
Wǒ de liǎn shàng shǐzhōng xié dài
Yīmǒ qiǎn qiǎn de wúnài
Nǐ yòng chún yǔ shuō nǐ yào líkāi (xīn bùzài)
Nà nánguò wúshēng mànle xiàlái
Xiōngyǒng cháoshuǐ nǐ tīng míngbái
Bùshì làng ér shì lèi hǎi

Zhuǎnshēn líkāi nǐ yǒu huàshuō bu chūlái  (fēnshǒu shuō bu chūlái)
Hǎiniǎo gēn yú xiāng'ài
Zhǐshì yīchǎng yìwài
Wǒmen de ài (gěi de ài )
Chāyì yīzhí cúnzài (huí bù lái)
Fēng zhōng chén'āi děngdài jìng lěijī chéng shānghài  (jìng lěijī chéng shānghài)
Zhuǎnshēn líkāi
Fēnshǒu shuō bu chūlái
Wèilán de shānhú hǎi
Cuòguò shùnjiān cāngbái
Dāngchū bǐcǐ (nǐ wǒ dōu)
Bùgòu chéngshú tǎnbái  (bù yìng gāi)
Rèqíng bù zài (nǐ de)xiàoróng miǎnqiáng bù lái
Ài shēn mái shānhú hǎi

Huǐhuài de shādiāo rúhé chóng lái
Yǒu lièhén de ài zěnme zhòng gài
Zhǐshì yīqiè jiéshù tài kuài
Nǐ shuō nǐ wúfǎ shìhuái
Bèiké lǐ yǐncáng shénme qídài (děng huā er kāi)
Wǒmen yě yǐjīng wúxīn zài cāi
Liǎn shànghǎifēng (miànxiàng hǎi fēng)
Xián xián de ài  (xián xián de ài)
Chàng bù chū hái yǒu wèilái

Zhuǎnshēn líkāi nǐ yǒu huàshuō bu chūlái  (fēnshǒu shuō bu chūlái)
Hǎiniǎo gēn yú xiāng'ài
Zhǐshì yīchǎng yìwài
Wǒmen de ài (gěi de ài )
Chāyì yīzhí cúnzài (huí bù lái)
Fēng zhōng chén'āi děngdài jìng lěijī chéng shānghài  (jìng lěijī chéng shānghài)
Zhuǎnshēn líkāi
Fēnshǒu shuō bu chūlái
Wèilán de shānhú hǎi
Cuòguò shùnjiān cāngbái
Dāngchū bǐcǐ (nǐ wǒ dōu)
Bùgòu chéngshú tǎnbái  (bù yìng gāi)
Rèqíng bù zài (nǐ de)xiàoróng miǎnqiáng bù lái
Ài shēn mái shānhú hǎi"
49,Pets Tseng,一個人想著一個人,Taiwan,zh,3n3zzFH7zzO0gJNaw4RKSm,180479,75,26,
50,ILLIT,NOT CUTE ANYMORE,Taiwan,latin,1k0JAiH11gHL9dc5dfQjQr,180057,15,9,"용감한 내 가방
No keyring, no hand mirror
Oh, rock will never die
Linda Linda, 자장가
한정판 콩국수
Matcha보다 고소해
I'm too shy for all these
데이트 내내 jelly shoes

I got Suede on my vinyl
나의 동화책

I'm not cute anymore (Uh-uh)
I'm not cute anymore (Uh-uh)
안돼 no more
강아지보단
난 느슨한 해파리가 좋아 (Uh-uh)
'Cause I'm not cute anymore

오분 컷 완벽한
My makeup tutorial
When I get super stressed
공포영화 좀 볼까?
근데 넌 멀었어
Oh, I don't like Cherry Coke
난 외계인이 아냐
그냥 털털한 편인 거야

I got Suede on my vinyl
나의 동화책

I'm not cute anymore (Uh-uh)
I'm not cute anymore (Uh-uh)
안돼 no more
강아지보단
난 느슨한 해파리가 좋아 (Uh-uh)
'Cause I'm not cute anymore"
51,张远,看着我的眼睛说,Taiwan,zh,7d6eShN6yVeR4Y2Md9uCA4,177365,40,5,"今天你生日我準備了好多
也把驚喜偷偷藏口袋左側
只等你回家 我就陪你過
再把準備很久的話對你說

天空好像隱隱要下起雨了
我們坐在沙發上彼此沉默
我問你為什麽說分手 是我哪有錯
你說我很好 只是他回來了

來 你看著我的眼睛說
你從沒愛過我
再看著我的眼睛說
你一點都不難過
我雖然沒那麽懂事
但絕不攔你這一次
如果你說 想要回到有他在的城市

來 你看著我的眼睛說
你從沒愛過我
再看著我的眼睛說
你一點都不難過
我攥緊手裡的戒指
它本該有一個名字（有一個名字）
如果你生日願望是回到他身旁
我幫你這最後一次

明明說好去看好多風景的
吹著海風聽你最愛聽的歌
可那些承諾 換個人也能做
他憑什麽這麽簡單 就能贏了我

來 你看著我的眼睛說
你從沒愛過我
再看著我的眼睛說
你一點都不難過
我雖然沒那麽懂事
但絕不攔你這一次
如果你說 想要回到有他在的城市

來 你看著我的眼睛說
你從沒愛過我
再看著我的眼睛說
你一點都不難過
我攥緊手裡的戒指（手裡的戒指）
它本該有一個名字（它該有個名字）
如果你生日願望是回到他身旁
我幫你這最後一次

來 你看著我的眼睛說
再看著我的眼睛說
你看著我的眼睛說
你從沒愛過我

那是段美好的回憶
只是差了一個結局
請記得我曾認認真真的愛過
該遺憾的不是我"
52,Stefanie Sun,開始懂了,Taiwan,zh,68tZwwRuo9ip5gRQFG1XWF,173168,78,29,"我竟然沒有調頭 最殘忍那一刻
靜靜看你走 一點都不像我
原來人會變得溫柔 是透徹的懂了
愛情是流動的 不由人的 何必激動著要理由
相信你只是怕傷害我
不是騙我 很愛過誰會捨得
把我的夢搖醒了 宣佈幸福不會來了
用心酸微笑去原諒了
也翻越了 有昨天還是好的
但明天是自己的 開始懂了 快樂是選擇
♪
我竟然沒有調頭 最殘忍那一刻
靜靜看你走 一點都不像我
原來人會變得溫柔 是透徹的懂了
愛情是流動的 不由人的 何必激動著要理由
相信你只是怕傷害我
不是騙我 很愛過誰會捨得
把我的夢搖醒了 宣佈幸福不會來了
用心酸微笑去原諒了
也翻越了 有昨天還是好的
但明天是自己的 開始懂了 快樂是選擇
♪
相信你只是怕傷害我
不是騙我 很愛過誰會捨得
把我的夢搖醒了 宣佈幸福不會來了
用心酸微笑去原諒了
也翻越了 有昨天還是好的
但明天是自己的 開始懂了 快樂是選擇"
53,David Tao,愛我還是他,Taiwan,zh,13bw75oRjvxMv9VGIeM32i,170449,96,13,
54,LBI利比,Jumping Machine (跳楼机),Taiwan,zh,1XZE0InCx3SdCnLpVsPpZl,168736,58,2,"风走了 只留下一条街的叶落
你走了 只留下我双眼的红
逼着自己早点睡
能不能再做一个有你的美梦
我好像一束极光
守在遥远的世界尽头
看过了你的眼眸
才知道孤独很难忍受

可笑吗
我删访问记录的时候有多慌张
他会看见吗 曾经只有我能看的模样
从夜深人静 一直难过到天亮
你反正不会再担心 我隐隐作疼的心脏
好像遇到我 你才对自由向往
怎么为他 失去一切也无妨
可能是我贱吧
不爱我的非要上
那么硬的南墙非要撞
是不是内心希望
头破血流就会让你想起
最爱我的时光

Baby 我们的感情好像跳楼机
让我突然地升空又急速落地
你带给我一场疯狂
劫后余生好难呼吸
那天的天气难得放晴
你说的话却把我困在雨季
其实你不是不爱了吧
只是有些摩擦没处理
怎么你闭口不语
是不是我正好
说中你的心
就承认还是在意吧
就骗骗我也可以

可笑吗
你的出现是我不能规避的伤
怎么能接受这荒唐
可能是我贱吧
不爱我的非要上
那么硬的南墙非要撞
是不是内心希望
头破血流就会让你想起
最爱我的时光

Baby 我们的感情好像跳楼机
让我突然地升空又急速落地
你带给我一场疯狂
劫后余生好难呼吸
那天的天气难得放晴
你说的话却把我困在雨季
其实你不是不爱了吧
只是有些摩擦没处理
怎么你闭口不语
是不是我正好
说中你的心
就承认还是在意吧
哪怕骗骗我也可以"
55,Bruno Mars,Risk It All,Taiwan,latin,5y2ijHECwFYWqcAHKTZgzD,167349,1,55,"For just the chance to win your heart
You could set the bar beyond the stars
I'll do anything, anything you ask me to

Say you want the moon
Watch me learn to fly
Ain't no mountain you could point to
I wouldn't climb

It's crazy, but it's true
There's nothing I won't do
I'd risk it all for you

To hold your hand and call you mine
I'm tryna be your man 'til the end of time
Oh, I'll do anything, anything you ask me to

I would run through a fire
Just to be by your side
If your heart's on the line
You could take mine

It's crazy, but it's true
There's nothing I won't do
I'd risk it all for you

I would swim across the sea just to show you
Sacrifice my life just to hold you
I could go on and on
To prove that you belong here in my arms

Say you want the moon
Watch me learn to fly
Ain't no mountain you could point to
I wouldn't climb

It's crazy, but it's true
There's nothing I won't do
I'd risk it all for you
It's crazy, but it's true
There's nothing I won't do
I'd risk it all for you"
56,JOLIN,布拉格廣場 - JOLIN Version/ 星宇航空布拉格開航主題曲,Taiwan,zh,0HnESxAFR5lTHioAlI7wo3,164039,1,56,
57,EggPlantEgg,浪流連,Taiwan,zh,1IS0WFyiVpwsATeSzjEvpI,157780,377,1,"這個風風雨雨的社會
欲怎樣開花
少年家怎樣落地
咱攏是為著愛情來浪流連
( 敢有人愛我 )
我已經決定欲做一个善良的歹囝
薰莫閣食酒袂閣焦
想妳的彼暗 佇恁兜的亭仔跤
想妳的彼暗 佇恁兜的窗仔外
其實我生活甲無好我家己攏知影
恁攏了解我會掩崁我的軟汫
平凡的 歹命的 咱拼死做
哦 當做講笑詼
哦 攏是白賊話
猶原會記得我少年時所偷偷烏白寫的願望
彼當陣我已經當做這世界我早著已經看破
後世人 袂閣為著你來 浪流連"
58,Sam Lee,痴心絕對,Taiwan,zh,0D0n4q2o54VTOmDJdL6ikY,151921,33,58,
59,Djo,End of Beginning,Taiwan,latin,3qhlB30KknSejmIvZZLjOD,151551,13,11,"Just one more tear to cry, one teardrop from my eye
You better save it for
The middle of the night when things aren't black and white
Enter, Troubadour
""Remember twenty-four?""

And when I'm back in Chicago, I feel it
Another version of me, I was in it
I wave goodbye to the end of beginning

This song has started now, and you're just finding out
Now isn't that a laugh?
A major sacrifice, but clueless at the time
Enter, Caroline
""Just trust me, you'll be fine""

And when I'm back in Chicago, I feel it
Another version of me, I was in it
I wave goodbye to the end of beginning
(Goodbye, goodbye, goodbye, goodbye)

You take the man out of the city, not the city out the man
You take the man out of the city, not the city out the man
You take the man out of the city, not the city out the man
You take the man out of the—

And when I'm back in Chicago, I feel it
Another version of me, I was in it
Oh, I wave goodbye to the end of beginning
(Goodbye, goodbye)"
60,"PinkPantheress, Zara Larsson",Stateside + Zara Larsson,Taiwan,latin,1DwscornXpj8fmOmYVlqZt,149663,1,60,"(Ah-ah-ah)
I'm freezing outside, I feel my skin tight
My coat is inside, but I look up at you
I tracked your plane ride for when you're in tonight
Tell me, when is the next time I'll run into you?

It sounds insane, right?
I'll take the same flight
Wait at your bedside
I'll land right next to you
I'm going stateside
Where I'll see you tonight
Tell me, how did a girl like me get into you? (Into you)

Ah-ah-ah-ah-ah-ah-ah-ah
Ah-ah-ah-ah-ah-ah

You can be my American, ha, ha (Ha, ha)
Ha, ha, ha, ha (Mwah)

Is it right? I don't know
Yet you're taking my control
Never been abroad before
Now I'm knocking through your door
But you're nice, so I'll stay
Never met a British girl, you say?
No onе treats me this way
Are all boys out hеre the same?

What can I say? (Uh-huh) What can I do? (Uh-huh)
I'm tryna be the girl that you're talking to (You're talking to, baby)
And maybe you can be my American ha, ha boy (
Ah-ah-ah
)
You can be my American ha, ha boy (
Boy
)
Why can't you say that you want it too? (Too)
I'm flying intercontinental with you
And maybe you can be my American ha, ha boy (Boy)
You can be my American ha, ha

All those years I put in for the American Dream
Is it worth all the work if you can't be here with me? (Me)
'Cause I fly Stockholm to LA
Leave my feelings on the plane
Worries fade away (Fade away)
When I hit the stage
I've been touring stateside
Kissing my Swedish boy over FaceTime
Who knew opening up would make me a headline?
Boots, that's my ego boost
Schedule ain't been loose for a minute
Yeah, I'm that girl, I've been it, ah-ah, ah-ah, ah-ah, ah-ah, ah-ah, ah-ah, ah

Oh, oh-oh, ooh, woah-oh
Oh-oh-oh, ooh
Ooh-ooh-ooh, oh-ah
[Chorus: PinkPantheress, 
Zara Larsson
, 
Both
]
What can I say? (Uh-huh) What can I do? (Uh-huh)
I'm tryna be the girl that you're talking to (You're talking to, baby)
And maybe you can be my American ha, ha boy (Ah-ah-ah)
You can be my American ha, ha boy (Boy)
Why can't you say that you want it too? (Uh-huh)
I'm flying intercontinental with you
And maybe you can be my American ha, ha boy (Hey, boy)
You can be my American, ha, ha

Is it right? I don't know
But you're taking my control
Never been abroad before
Now I'm knocking through your door
But you're nice, so I'll stay
Never met a Swedish girl, you say?
No one treats me this way
Are all boys out here the same?"
61,EggPlantEgg,愛情你比我想的閣較偉大 (《當男人戀愛時》電影主題曲),Taiwan,zh,6m2I6ZyWRkxjBrrLVQILfl,149108,255,1,
62,"Firdhaus, DIOR 大穎",在加納共和國離婚,Taiwan,zh,6GyUt7yJ0sOktc5HjvVnFh,147897,112,1,"沒想到 只能 走到這
看你濕了眼 我到底該說什麼
總以為 還有一輩子的時間
慢慢跟你說 再見
你不用對我說什麼
我哭不是因為我覺得捨不得
只是覺得努力了那麼久
最後卻還是敗給不適合
也許這一切都是最好安排
但我無法看著你離開
你還愛我嗎 你還愛我嗎
我沒辦法看著你雙眼說那句話
你懂我的吧 你懂我的啊
你懂我會不爭氣想回到你身旁
你不用對我說什麼
我哭就是因為我覺得捨不得
我們一起努力了那麼久
最後卻還是敗給不適合
也許這一切都是最好的安排
但我無法看著你離開
你還愛我嗎 你還愛我嗎
我沒辦法看著你雙眼說那句話
你懂我的吧 你懂我的啊
你懂我會不爭氣想回到你身旁
你還愛我嗎（我還愛你啊）
你還愛我嗎 （我還愛你啊）
我沒辦法看著你雙眼說那句話
你懂我的吧 你懂我的啊
你懂我會不爭氣想回到你身旁
原來一輩子 它真的很遙遠
抵達一輩子的時候 你已不在身邊"
63,icyball 冰球樂團,不在乎,Taiwan,zh,1t2mpO9GpLjRHDDX6SFWRn,147054,12,25,
64,Jay Chou,楓,Taiwan,zh,1pALOIA4ytESmhl7Fxjdic,146255,129,15,"Wūyún zài wǒmen xīnlǐ gē xià yīkuài yīnyǐng
Wǒ  língtīng chénjì yǐ jiǔ de xīnqíng
Qīngxī  tòumíng jiù xiàng měilì de fēngjǐng
Zǒng zài huíyì lǐ cái kàn de qīng
Bèi shāng tòu de xīn néng bù nénggòu jìxù ài wǒ
Wǒ  yònglì qiān qǐ méi wēndù de shuāng shǒu
Guòwǎng  wēnróu yǐjīng bèi shíjiān shàng suǒ
Zhǐ shèng huīsàn bù qù de nánguò

Huǎn  huǎn piāoluò de fēngyè xiàng sīniàn
Wǒ diǎnrán zhú huǒ wēnnuǎn suì mò de qiūtiān
Jíguāng lüèduó tiānbiān
Běifēng lüèguò xiǎng nǐ de róngyán
Wǒ  bǎ ài shāo chéngle luòyè
Què huàn bù huí shóuxī dì nà zhāng liǎn
Huǎn huǎn piāoluò de fēngyè xiàng sīniàn
Wèihé wǎnhuí yào gǎn zài dōngtiān lái zhīqián
Ài nǐ chuānyuè shíjiān
Liǎng háng láizì qiūmò de yǎnlèi
Ràng ài shèntòule dìmiàn
Wǒ yào de zhǐshì nǐ zài wǒ shēnbiān

Bèi shāng tòu de xīn néng bù nénggòu jìxù ài wǒ
Wǒ yònglì qiān qǐ méi wēndù de shuāng shǒu
Guòwǎng wēnróu yǐjīng bèi shíjiān shàng suǒ
Zhǐ shèng huīsàn bù qù de nánguò
Zài shānyāo jiān piāoyì de hóng yǔ
Suí zhe běifēng diāolíng wǒ qīng qīng yáoyè fēnglíng
Xiǎng huànxǐng bèi yíqì de àiqíng
Xuěhuā yǐ pù mǎnle di
Shēn pà chuāngwài fēngyè yǐ jiéchéng bīng

Huǎn huǎn piāoluò de fēngyè xiàng sīniàn
Wǒ diǎnrán zhú huǒ wēnnuǎn suì mò de qiūtiān
Jíguāng lüèduó tiānbiān
Běifēng lüèguò xiǎng nǐ de róngyán
Wǒ bǎ ài shāo chéngle luòyè
Què huàn bù huí shóuxī dì nà zhāng liǎn
Huǎn huǎn piāoluò de fēngyè xiàng sīniàn
Wèihé wǎnhuí yào gǎn zài dōngtiān lái zhīqián
Ài nǐ chuānyuè shíjiān
Liǎng háng láizì qiūmò de yǎnlèi
Ràng ài shèntòule dìmiàn
Wǒ yào de zhǐshì nǐ zài wǒ shēnbiān"
65,"马也_Crabbit, Cole先生",海屿你,Taiwan,zh,6UO9nrihAk6sFGvVHDVTz8,146179,3,65,
66,艾薇 Ivy,天使借的溫柔,Taiwan,zh,3ITUmRLMjxf3ZqCPSDD2gk,145942,22,47,
67,Taylor Swift,The Fate of Ophelia,Taiwan,latin,53iuhJlwXhSER5J2IYYv1W,144351,22,7,"I heard you calling on the megaphone
You wanna see me all alone
As legend has it, you are quite the pyro
You light the match to watch it blow

And if you'd never come for me
I might've drowned in the melancholy
I swore my loyalty to me (Me), myself (Myself), and I (I)
Right before you lit my sky up

All that time
I sat alone in my tower
You were just honing your powers
Now I can see it all (See it all)
Late one night
You dug me out of my grave and
Saved my heart from the fate of
Ophelia (Ophеlia)

Keep it one hundred on the land (Land), thе sea (Sea), the sky
Pledge allegiance to your hands, your team, your vibes
Don't care where the hell you've been (Been) 'cause now (Now) you're mine
It's 'bout to be the sleepless night you've been dreaming of
The fate of Ophelia

The eldest daughter of a nobleman
Ophelia lived in fantasy
But love was a cold bed full of scorpions
The venom stole her sanity

And if you'd never come for me (Come for me)
I might've lingered in purgatory
You wrap around me like a chain (A chain), a crown (A crown), a vine (A vine)
Pulling me into the fire

All that time
I sat alone in my tower
You were just honing your powers
Now I can see it all (See it all)
Late one night
You dug me out of my grave and
Saved my heart from the fate of
Ophelia (Ophelia)

Keep it one hundred on the land (Land), the sea (The sea), the sky
Pledge allegiance to your hands, your team, your vibes
Don't care where the hell you've been (Been) 'cause now (Now) you're mine
It's 'bout to be the sleepless night you've been dreaming of
The fate of Ophelia

'Tis locked inside my memory
And only you possess the key
No longer drowning and deceived
All because you came for me
Locked inside my memory
And only you possess the key
No longer drowning and deceived
All because you came for me

All that time
I sat alone in my tower
You were just honing your powers
Now I can see it all (I can see it all)
Late one night
You dug me out of my grave and
Saved my heart from the fate of
Ophelia (Ophelia)

Keep it one hundred on the land (Land), the sea (The sea), the sky
Pledge allegiance to your hands (Your hands), your team, your vibes
Don't care where the hell you've been (You've been) 'cause now ('Cause now) you're mine
It's 'bout to be the sleepless night you've been dreaming of
The fate of Ophelia

You saved my heart from the fate of Ophelia"
68,LNGSHOT,Moonwalkin',Taiwan,latin,46V2ciN6F5bxjQWityNhkY,142959,7,11,"Moonwalkin'

시간은 계속 tick-tockin', 우린 아마도 계속 moonwalkin' (Woo)
난 이대로도 괜찮지만 너의 대답은 아직 불확실
I need you too much (You, ah)
I need you too much
시간은 계속 tick-tockin', 우린 아마도 계속 moonwalkin' (난, 난)
난 이대로도 괜찮지만 무슨 말이든 해줘 빨리
I need you too much (You, ah)
I need you too much

Moonwalkin'

내 기분은 moonwalkin' (Woah), 가끔은 멍청하게 해도
머리엔 항상 꿈꿨지 (Woah), 멈춘 적 없이 여전히
아직도 가벼운 주머니 (Woah; 주머니), 상관없다는 듯한 눈으로 춤췄지
Michael Jackson처럼 moonwalkin' (Woah, woah)

Hallelujah
Simon said, ""I'm gonna make it"" (
Oh-oh, oh-oh, oh
)
내 옆자릴 지켜 줘, baby (
Oh, oh-oh, oh
)
지금 보이는 것처럼, I'm ready (
Oh, oh-oh, oh
)
Baby, I'm all in, 지금에다 all in
I feel alive when you callin' 내 이름
Say my name, say my name
 (
Say my name
)
이젠 신경 쓰지 말아 저기 lames, oh, yeah

시간은 계속 tick-tockin' (Tick-tockin'), 우린 아마도 계속 moonwalkin' (Moonwalkin', yeah)
난 이대로도 괜찮지만 너의 대답은 아직 불확실
I need you too much (You, ah)
I need you too much (Woah)
시간은 계속 tick-tockin', 우린 아마도 계속 moonwalkin' (Mm, uh-uh)
난 이대로도 괜찮지만 무슨 말이든 해줘 빨리
(I need you) I need you too much (You, ah)
(I need you) I need you too much

Moonwalkin'

I feel like I'm walking on the moon (Moon)
Inhale and levitate balloon (Balloon)
난 너무 샀어 부러움의 눈 (눈)
더 이상 살 건 이젠 없어, I got what I
Need, lil' baby, know my name, I'm the real thang
That's not a big deal, baby, 올라타고 가자 wheel
Time is tickin', baby, 가 본 적 없는 데로
그냥 직진, baby, 난 Michael Jackson처럼 moonwalkin'

Hallelujah
Simon said, ""I'm gonna make it"" (Oh-oh, oh-oh, oh)
내 옆자릴 지켜 줘, baby (Oh, oh-oh, oh)
지금 보이는 것처럼, I'm ready (Oh, oh-oh, oh)
Moonwalk, moonwalk
Oh, oh
Yeah, yeah
Uh, uh, uh-uh

시간은 계속 tick-tockin', 우린 아마도 계속 moonwalkin' (아마도 계속)
난 이대로도 괜찮지만 너의 대답은 아직 불확실
I need you too much
I need you too much (You too much)
시간은 계속 tick-tockin', 우린 아마도 계속 moonwalkin' (Moonwalkin')
난 이대로도 괜찮지만 무슨 말이든 해줘 빨리 (Uh, uh)
I need you too much (I need you too much)
(I need you) I need you too much (You)

Moonwalkin'

Moonwalkin', oh, oh (Oh, oh-oh, oh)
Ooh, woah, oh, woah
Yeah, yeah (Ooh, woah)
Yeah (Oh, oh-oh, oh)
Moonwalkin' (Oh, oh-oh, oh)
Moonwalkin' (Oh, oh-oh, oh)
Moonwalkin' (Oh, oh, oh)"
69,"ROSÉ, Bruno Mars",APT.,Taiwan,latin,4wJ5Qq0jBN4ajy7ouZIV1c,142839,72,1,"Chaeyoung-iga joahaneun
Random game
Random game
Game start

Apateu, apateu
Apateu, apateu
Apateu, apateu
Uh, uh-huh, uh-huh
Apateu, apateu
Apateu, apateu
Apateu, apateu
Uh, uh-huh, uh-huh

Kissy face, kissy face
Sent to your phone, but
I'm tryna kiss your lips for real (Uh-huh, uh-huh)
Red hearts, red hearts
That's what I'm on, yeah
Come give me somethin' I can feel, oh-oh, oh

Don't you want me like I want you, baby?
Don't you need me like I need you now?
Sleep tomorrow, but tonight, go crazy
All you gotta do is just meet me at the

Apateu, apateu
Apateu, apateu
Apateu, apatеu
Uh, uh-huh, uh-huh
Apateu, apateu
Apateu, apatеu
Apateu, apateu
Uh, uh-huh, uh-huh

It's whatever (Whatever), it's whatever (Whatever)
It's whatever (Whatever) you like (Woo)
Turn this apateu into a club (Uh-huh, uh-huh)
I'm talkin' drink, dance, smoke, freak, party all night (Come on)
Geonbae, geonbae, girl, what's up? Oh-oh, oh

Don't you want me like I want you, baby?
Don't you need me like I need you now?
Sleep tomorrow, but tonight, go crazy
All you gotta do is just meet me at the

Apateu, apateu
Apateu, apateu
Apateu, apateu
Uh, uh-huh, uh-huh
Apateu, apateu
Apateu, apateu
Apateu, apateu
Uh, uh-huh, uh-huh

Hey, so now you know the game
Are you ready?
'Cause I'm comin' to get ya, get ya, get ya
Hold on, hold on
I'm on my way
Yeah, yeah, yeah-yeah, yeah
I'm on my way
Hold on, hold on
I'm on my way
Yeah, yeah, yeah-yeah, yeah
I'm on my way

Don't you want me like I want you, baby?
Don't you need me like I need you now?
Sleep tomorrow, but tonight, go crazy
All you gotta do is just meet me at the
[Chorus: ROSÉ, 
Bruno Mars
, 
 ROSÉ & Bruno Mars
]
Apateu, apateu
Apateu, apateu
Apateu, apateu
Just meet me at the (Uh, uh-huh, uh-huh)
Apateu, apateu
Apateu, apateu
Apateu, apateu
Just meet me at the (Uh, uh-huh, uh-huh)
Apateu, apateu
Apateu, apateu
Apateu, apateu
Just meet me at the (Uh, uh-huh, uh-huh)
Apateu, apateu
Apateu, apateu
Apateu, apateu
Uh, uh-huh, uh-huh"
70,G.E.M.,多遠都要在一起,Taiwan,zh,55d0jw269HE9pbOt5ntCo8,140678,173,56,"想聽你聽過的音樂 想看你看過的小說
我想收集每一刻  我想看到你眼裡的世界
想到你到過的地方  和你曾渡過的時光
不想錯過每一刻 多希望我一直在你身旁
未來何從何去 你快樂我也就沒關係
對你我最熟悉  你愛自由我卻更愛你
我能習慣遠距離  愛總是身不由己
寧願換個方式至少還能遙遠愛著你
愛能克服遠距離  多遠都要在一起
你已經不再存在我世界裡 請不要離開我的回憶
想你說愛我的語氣 想你望著我的眼睛
不想忘記每一刻 用思念讓我們一直前進
想像你失落的唇印  想像你失約的旅行
想像你離開的一刻 如果我有留下你的勇氣
我能習慣遠距離 愛總是身不由己
寧願換個方式至少還能遙遠愛著你
愛能克服遠距離 多遠都要在一起
我已經不再存在你的心裡 就讓我獨自守著回憶
如果陽光永遠都熾熱 如果彩虹不會掉顏色
你能不能不離開呢
我能習慣遠距離 愛總是身不由己
寧願換個方式至少還能遙遠愛著你
愛能克服遠距離 多遠都要在一起
你已經不再存在我世界裡 請不要離開我的回憶
請不要離開 不要離開 我的回憶"
71,Joker Xue,演员,Taiwan,zh,5Sib99jpYybZAicUMETb3h,139187,314,8,"简单点
说话的方式简单点
递进的情绪请省略 你又不是个演员
别设计那些情节
没意见
我只想看看你怎么圆
你难过的太表面 像没天赋的演员
观众一眼能看见

该配合你演出的我 演视而不见
在逼一个最爱你的人即兴表演
什么时候我们开始收起了底线
顺应时代的改变 看那些拙劣的表演
可你曾经那么爱我 干嘛演出细节
我该变成什么样子才能延缓厌倦
原来当爱放下防备后的这些那些
才是考验

没意见
你想怎样我都随便
你演技也有限 又不用说感言
分开就平淡些

该配合你演出的我 演视而不见
别逼一个最爱你的人即兴表演
什么时候我们开始没有了底线
顺着别人的谎言 被动就不显得可怜
可你曾经那么爱我 干嘛演出细节
我该变成什么样子才能配合出演
原来当爱放下防备后的这些那些
都有个期限

其实台下的观众就我一个
其实我也看出你有点不舍
场景也习惯我们来回拉扯
还计较着什么
其实说分不开的也不见得
其实感情最怕的就是拖着
越演到重场戏越哭不出了
是否还值得

该配合你演出的我尽力在表演
像情感节目里的嘉宾任人挑选
如果还能看出我有爱你的那面
请剪掉那些情节 让我看上去体面
可你曾经那么爱我 干嘛演出细节
不在意的样子是我最后的表演
是因为爱你我才选择表演 这种成全"
72,张远,嘉賓,Taiwan,zh,5jAmIkIpskwu2hRz2YaEHi,137993,188,6,"分手后第几个冬季
今天是星期几
偶尔会想起你
你突如其来的简讯
让我措手不及
愣住站在原地

当所有人都替你开心
我却才傻傻清醒
原来早已有人为你订做了嫁衣

感谢你特别邀请
来见证你的爱情
我时刻提醒自己 别逃避
拿着喜帖一步一步走近
他精心布置的场地
可惜这是属于你的风景
而我只是嘉宾
我放下所有回忆
来成全你的爱情
却始终不愿相信 这是命
好久不见的你有点疏离
握手寒暄如此客气
何必要在他的面前刻意
隐瞒我的世界 有过你

不知不觉钟声响起
你守候在原地
等待着他靠近
温柔的他单膝跪地
钻戒缓缓戴进
你的无名指里

当所有人都替你开心
我却才傻傻清醒
原来我们之间已没有任何关系

感谢你特别邀请
来见证你的爱情
我时刻提醒自己 别逃避
今天你妆扮得格外美丽
这美也曾拥在怀里
可惜这是你和他的婚礼
而我只是嘉宾
我放下所有回忆
来成全你的爱情
却始终不愿相信 这是命
说好的永远变成了曾经
我试着衷心祝福你
请原谅我不体面没出息
选择失陪一下 先离席

又不是偶像剧
怎么我演得那么入戏
这不堪入目的剧情

感谢你特别邀请
观赏你要的爱情
嘉宾也许是另一种宿命
离开你的自己事到如今
还有什么资格关心
毕竟终成眷属的人是你
而我只是嘉宾
我流尽所有回忆
来庆祝你的婚礼
却始终没有勇气 祝福你
谢谢你送给我最后清醒
把自己还给我自己
至少我还能够成为那个
见证你们爱情的嘉宾
遇见你的他真的好幸运
但愿他会比我更爱你"
73,CORTIS,FaSHioN,Taiwan,latin,4ecdsGz3Hg6TKPwQ0ZOdJz,137446,26,11,"내 티, five bucks, 바지는 만원
My vision 몇 억s, 몇 조s, Bezos
동묘, wassup? 홍대
 (What?), wassup? (Woah-woah)
I make them famous, I call that ""Fashion"" (Woah-woah)
Fashion, fashion, fashion, fashion (Woah, let's go)
Fashion, fashion (What?), fashion (What?), fashion (What?)
내 티, five bucks, 바지는 만원
Let's get it (Yeah), let's go, fashion, fashion (Huh)

안건호, 내가 산 옷 보고 뭐라고 말해도 지켜 내 고집 (Hey)
후르츠 찜해놓은 상품에 있었던 벨트는 now on my 허리, huh
Sorry, my granny, huh, 요즘 왜 안 오니? 섭하신 동묘 할머니
여긴 비행기, huh, LA에서 앨범을 끝내고 멋있게 돌아와, back on my swag
Ha, ha, 외화 talk, ha, 환율 올라 매일
구제 판, got me looking fresh (Hah, woo)
Pull up boys, 샥샥 긁어내 (Skrrt, skrrt)
Vintage 지져스

동묘에서 모여 마치 세미나
홍대에서 모여 우린 set it off
처-처-청담동 한가운데까지 spreading out (Let's get it; Brr)
Squad is on the way, but we can't wrap it up (Yeah)

내 티, five bucks, 바지는 만원
My vision 몇 억s, 몇 조s, Bezos
동묘, wassup? 홍대
 (What?), 
wassup?
 (Woah-woah)
I make them famous, I call that ""Fashion"" (Woah-woah)
Fashion, fashion (Huh), fashion (What?), fashion (Let's go)
Fashion, fashion (What?), fashion (What?), fashion (What?)
내 티, five bucks, 바지는 (Yeah) 만원 (Yee)
(Yeah) Let's get it, let's go (Let's go), fashion (Huh), fashion

Yeah, 심장이 pop out, 첫눈에 바로 cop-cop, okay
구제 짬밥 삼만원짜리 잠바, ayy-ayy-ayy
Feel like rockstar, 확 Met Gala로 갈라, let's go
Top designers, 홍대 맛보고 환장 fashion
Come and try, 동묘 생활에서 난 (Wah)
체력을 많이 닦아놔, mosh pit 하는 법 배워놔 (Yeah)
배워봐, 배워봐, 너도 빨리 배워봐
옷 무덤 속 다시 태어나, vintage 지져스 came alive

동묘에서 모여 마치 세미나
홍대에서 모여 우린 set it off
처-처-청담동 한가운데까지 spreading out (Let's get it)
Squad is on the way, but we can't wrap it up (Yeah, skrrt)

내 티 (Hoo), five bucks, 바지는 만원
My vision 몇 억s, 몇 조s, Bezos
동묘, wassup? 홍대
 (What?), 
wassup?
 (Woah-woah)
I make them famous, I call that ""Fashion""
Fashion (Hoo), fashion, fashion (What?), fashion
Fashion, fashion, fashion, fashion
Fashion, fashion, fashion (Woah), fashion (Let's go)
Fashion, fashion (What?), fashion (What?), fashion

Fashion, fashion, fashion, fashion (What?; Let's go)
Fashion, fashion, fashion, fashion
Fashion, fashion, fashion, fashion
Fashion, fashion, fashion, fashion"
74,Taylor Swift,Opalite,Taiwan,latin,3yWuTOYDztXjZxdE2cIRUa,134471,22,11,"I had a bad habit
Of missing lovers past
My brother used to call it
""Eating out of the trash""
It's never gonna last
I thought my house was haunted
I used to live with ghosts
And all the perfect couples
Said, ""When you know, you know""
And, ""When you don't, you don't""

And all of the foes, and all of the friends (Ha, ha)
Have seen it before, they'll see it again (Ha, ha)
Life is a song, it ends when it ends
I was wrong

But my mama told me, ""It's alright
You were dancing through the lightning strikes
Sleepless in the onyx night
But now, the sky is opalite, oh-oh, oh, oh, oh
Oh, my Lord
Never made no one like you bеfore
You had to make your own sunshine
But now, thе sky is opalite, oh-oh, oh, oh, oh, oh""

You couldn't understand it
Why you felt alone
You were in it for real
She was in her phone
And you were just a pose
And don't we try to love love? (Love, love)
We give it all we got (Give it all we got)
You finally left the table (Uh, uh)
And what a simple thought
You're starving 'til you're not

And all of the foes, and all of the friends (Ha, ha)
Have messed up before, they'll mess up again (Ha, ha)
Life is a song, it ends when it ends
You move on

And that's when I told you, ""It's alright
You were dancing through the lightning strikes
Sleepless in the onyx night
But now, the sky is opalite, oh-oh, oh, oh, oh
Oh, my Lord
Never met no one like you before
You had to make your own sunshine
But now, the sky is opalite, oh-oh, oh, oh, oh, oh""

This is just
A storm inside a teacup
But shelter here with me, my love
Thunder like a drum
This life will beat you up, up, up, up
This is just
A temporary speed bump
But failure brings you freedom
And I can bring you love, love, love, love (Love)

Don't you sweat it, baby, it's alright
You were dancing through the lightning strikes
Oh, so sleepless in the onyx night
But now, the sky is opalite, oh-oh, oh, oh, oh
Oh, my Lord
Never met no one like you before (No)
You had to make your own sunshine
But now, the sky is opalite, oh-oh, oh, oh, oh, oh"
75,A-Mei Chang,人質,Taiwan,zh,6OAUhxFZzaRHHC8XiuIkvb,133424,177,47,
76,sombr,back to friends,Taiwan,latin,7qjZnBKE73H4Oxkopwulqe,133225,37,71,"Touch my body tender
'Cause the feeling makes me weak
Kicking off the covers
I see the ceiling while you're looking down at me

How can we go back to being friends
When we just shared a bed?
How can you look at me and pretend
I'm someone you've never met?

It was last December
You were layin' on my chest
I still remember
I was scared to take a breath
Didn't want you to movе your head

How can we go back to being friеnds
When we just shared a bed? (Yeah)
How can you look at me and pretend
I'm someone you've never met?

The devil in your eyes
Won't deny the lies you've sold
I'm holding on too tight
While you let go
This is casual

How can we go back to being friends
When we just shared a bed? (Yeah)
How can you look at me and pretend
I'm someone you've never met?
How can we go back to being friends
When we just shared a bed? (Yeah)
How can you look at me and pretend
I'm someone you've never met?

I'm someone you've never met (Yeah)"
77,BABYMONSTER,DRIP,Taiwan,latin,1MUZitHRpmng5NevrvNx4T,132399,70,5,"Yeah

When I dress, I don't think so much
I could be the GOAT, I don't need too much
I'ma set a goal, I'ma eat that lunch
Baby, so cold, get that ice cream truck
Uh, 찌릿찌릿, 끼리끼리 놀아볼까?Kitty, kitty, yeah, we gonna run this town
Hittin' me up 'cause I got what they like
Baby, got no chance, better hit that dance

Mm, na-na-na, I'll be there, 고민하지 마
Uh, na-na-na, I'll be there, 망설이지 마
But you don't know 'bout me, yeah, yeah, you gon' know 'bout me, boy
아름다운 별들이 빛나는 밤이야

Mm, what you say?
끝없는 가치, you know it's all me
Got that, ooh, what you say?
Are you ready? Set, turn on the lights

Baby, got passion, ambition, 난 보란 듯이
Look at that, 온몸으로 느끼는 내 몸짓
Baby, got drip
 (
Drip
), 
drip
 (
Drip
), 
drip
 (
Drip
), 
drip
Baby, got drip
 (
Drip
), 
drip
 (
Drip
), 
drip
 (
Drip
), 
drip

Brrah, ASA, ayy

Let 'em out, monster, monster, monster came to conquer (Yеah)
Baby, holla, what's up? (What's up?)
We the best, thе rest confess, we blessed, 판을
백팔십도 바꿔 (바꿔)
Y to the G, no copy, no knock off
Bet on my life, this pitch I'm gon' walk-off
MONSTIEZ, 꽉 잡아, hold tight
끝까지 밟아, you know we gon' ride

Mmm, na-na-na, I'll be there, 고민하지 마
Uh, na-na-na, I'll be there, 망설이지 마
But you don't know 'bout me, yeah, yeah, you gon' know 'bout me, boy
아름다운 별들이 빛나는 밤이야

Mm, what you say?
끝없는 가치, you know it's all me
Got that, ooh, what you say?
Are you ready? Set, turn on the lights

Baby, got passion, ambition, 난 보란 듯이
Look at that, 온몸으로 느끼는 내 몸짓
Baby, got drip
 (
Drip
), 
drip
 (
Drip
), 
drip
 (
Drip
), 
drip
Baby, got drip
 (
Drip
), 
drip
 (
Drip
), 
drip
 (
Drip
), 
drip

Uh, 가끔 쓰러진대도
I'ma shine as bright as diamonds, say my name
다시 일어나
Now watch me do it all again (Baby, got drip)

Drip, drip, drip (Drip, drip, drip, drip)
Baby, got, baby, got, baby, got (Drip, drip, drip, drip)
Drip, drip, drip (Drip, drip)
You know we got, got that drip
 (
Baby, got drip
)
Drip, drip, drip (Drip, drip, drip, drip)
Baby, got, baby, got, baby, got (Drip, drip, drip, drip)
Drip, drip, drip (Drip, drip)
Got that drip, yeah"
78,Richael Liu,两三句,Taiwan,zh,0BkBM5rY934yzHViRhd8Em,132329,14,59,
79,Olivia Dean,So Easy (To Fall In Love),Taiwan,latin,6sGIMrtIzQjdzNndVxe397,132236,20,72,"I could be the twist, the one to make you stop
The icing on your cake, the cherry on the top
There's Heaven in my heart, and we could find you some space, mm
I could be the world to you, the missing piece
The extra sentimental kind of chemistry
Some people make it hard, with me, that isn't the case

'Cause I make it so easy to fall in love
So, come give me a call, and we'll fall into us
I'm the perfect mix of Saturday night and the rest of your life
Anyone with a heart would agree
It's so easy
To fall in love with

The way I do my hair, the way I make you laugh
The way we like to share a walk in Central Park
I could be fresh air, might be the girl of your dreams (Dreams, dreams, dreams)
There's no need to hide if you're into me
'Cause I'm into you quite intimately
And maybe one night could turn into three
Well, I'm down to see

'Cause I make it so easy to fall in love
So, come give me a call, and we'll fall into us
I'm the perfect mix of Saturday night and the rest of your life
Anyone with a heart would agree
It's so easy
To fall in love with me

(Me, me)
Me (Me, me)
Me (Me, me)
Me (Me, me)
It's so easy (Me, me)
It's so easy (Me, me)
It's so easy (Me, me)
Yeah (Me, me)

So easy to fall in love
So, come give me a call, and we'll fall into us
I'm the perfect mix of Saturday night and the rest of your life
Anyone with a heart would agree
It's so easy
To fall in love with me"
80,"Jay Chou, A-Mei Chang",不該,Taiwan,zh,5miH0BWhRVTvHAwmnoeyXH,131533,93,80,
81,Sam Lee,手放開,Taiwan,zh,2Dd9EXYXI2NNrLG61OtWQv,130682,8,81,"Yo, yo, follow me
跟我一起
Come with me to the dark side of the force
堕入原力的黑暗面
No man would boldly go to this place
没人会勇敢踏入这里
The devil only knows of this world
只有魔鬼才熟悉这个地方
So dark and, oh, so cold, it's, oh, so cold
那么黑暗，那么寒冷，那么寒冷
Oh, so cold, oh
那么寒冷

Soon as my flow starts I compose art like the ghost of Mozart
我一旦开始创作，就像莫扎特再世
Even though they all say that they're real, I know that most aren't
他们都说自己来真的，但大多都不是
Boy, you think you're clever, don't ya? Girl, you think you're so smart
小子你以为自己很聪明？小妞你以为自己很机灵？
Come with me to another side in a world so cold and so dark
那就跟我一起踏入另一个又冷又黑的世界吧

(Stay wide awake)
（保持清醒）
A world so dark, a world so cold
那么黑的世界，那么冷的世界
A world where on-ly some will go
一个只有部分人会去的世界
(Stay wide awake)
（保持清醒）
But none return, when will they learn?
但无人生还，他们什么时候才能长记性？
Where do they go? God only knows
他们去了哪儿？只有上帝才知道
(Stay wide awake)
（保持清醒）

Fe-fi-fo-fum, I think I smell the scent of a placenta
Fe-fi-fo-fum, 我闻到了胎盘的味道
I enter Central Park, it's dark, it's winter in December
走进中央公园，一片漆黑，正是12月的冬天
I see my target, put my car in park, and approach a tender
我看到了目标，于是把车停下，慢慢靠近
Young girl by the name of Brenda, and I pretend to befriend her
一个叫Brenda的年轻女孩，我试着跟她做朋友
Sit down beside her like a spider, hi there girl, you mighta
像蜘蛛一样坐在她身边，你好美女
Heard of me before, see whore, you're the kind of girl that I'd a–
你以前大概听说过我，婊子
-ssault and rape, then figure why not try to make your pussy wider
你就是那种我会强奸的女孩，给我个理由为什么不干你
Fuck you with an umbrella then open it up while the shit's inside ya
用雨伞干进去然后把伞撑开
I'm the kind of guy that's mild but I might flip and get a little bit wilder
我一向温柔，但也有可能突然爆发把它撑得更大
Impregnate a lesbian, yeah, now let's see her have triplets, and I'll di–
让蕾丝怀孕，怀个三胞胎
-sintegrate them babies as soon as they're out her with formalde–
孩子一生出来就放在甲醛和氰化物里分解掉
-hyde and cyanide, girl, you can try and hide, you can try to scream louder
你尽管试着逃跑，你尽管试着尖叫
No need for no gunpowder, that only takes all the fun out of
我不需要用枪，那会破坏杀人的乐趣
Murderin', I'd rather go vinn-vinn, and now you see just how the
我更喜欢用电锯，你现在知道了
Fuck I do just what I do when I cut right through your scalp, uhh
我的做法是直接切开你的头皮
Shit, wait a minute, I mean skull, my knife seems dull, pull another one out, uh
操说错了，是头骨，这把刀看起来有点钝，让我来换一把

Soon as my flow starts I compose art like the ghost of Mozart
我一旦开始创作，就像莫扎特再世
Even though they all say that they're real, I know that most aren't
他们都说自己来真的，但大多都不是
Boy, you think you're clever, don't ya? Girl, you think you're so smart
小子你以为自己很聪明？小妞你以为自己很机灵？
Come with me to another side in a world so cold and so dark
那就跟我一起踏入另一个又冷又黑的世界吧

(Stay wide awake)
（保持清醒）
A world so dark, a world so cold
那么黑的世界，那么冷的世界
A world where on-ly some will go
一个只有部分人会去的世界
(Stay wide awake)
（保持清醒）
But none return, when will they learn?
但无人生还，他们什么时候才能长记性？
Where do they go? God only knows
他们去了哪儿？只有上帝才知道
(Stay wide awake)
（保持清醒）

So dark and so cold, my friends don't know this other side of me
那么黑暗那么冷酷，朋友们可不知道我的这一面
There's a monster inside of me, it's quite ugly and it frightens me
我身体里有个怪物，丑陋到会吓坏我
But they can't see what I can see, there's a vacancy in my tummy
但他们看不到我看到的东西，我肚子里总是空落落的
It's makin' me play hide-and-seek like Jason, I'm so hungry
这让我总是像Jason一样玩捉迷藏，我好饿
She's naked, see, no privacy, but I can see she wants me
她赤裸着，看见吗，没有隐私，但我知道她想要我
So patient, see, I try to be, but gee, why does she taunt me?
我试着更耐心些，但是老天，她为什么总是撩拨我？
Pulls the drapes and she goes right to sleep and I creep right through the front, see
她拉上窗帘去睡觉，我偷偷进了前门
So blatantly, but silently 'cause I know that she's sound 'sleep
看起来有些莽撞，但很安静，我听声音就知道她睡着了
""Who's wakin' me so violently, and why's he on top of me?""
“谁这么粗暴地吵醒我？他为什么在我身上？”
""He's rapin' me,"" she tries to scream, ""Somebody please get him off me
“他在强奸我，”她试着尖叫，“谁来把他拉走
He's tapin' me, he's bitin' me, he's laughing like it's funny""
他在打我，他在咬我，他还在笑好像这很有趣“
She's scrapin' me, she's fightin' me, she's scratchin' like some dumb freak
她挠我，她打我，她像个傻子似的挣扎
Escapin' me, no dice, you see, I might just be Ted Bundy
想逃走，根本没门，我大概和Ted Bundy一样吧
Or Satan, gee, what a sight to see, I'm dancing in my red panties
或者是撒旦，老天，这场景真不赖，我穿着红裤衩开始跳舞
I'm crazy, but it's alright with me, man, life can be so empty
我是疯了，但我不在意，生活真的很空虚
Stay away from me 'cause I'm dancing to quite a different drum beat
离我远点，因为我的节奏与众不同

Soon as my flow starts I compose art like the ghost of Mozart
我一旦开始创作，就像莫扎特再世
Even though they all say that they're real, I know that most aren't
他们都说自己来真的，但大多都不是
Boy, you think you're clever, don't ya? Girl, you think you're so smart
小子你以为自己很聪明？小妞你以为自己很机灵？
Come with me to another side in a world so cold and so dark
那就跟我一起踏入另一个又冷又黑的世界吧

(Stay wide awake)
（保持清醒）
A world so dark, a world so cold
那么黑的世界，那么冷的世界
A world where on-ly some will go
一个只有部分人会去的世界
(Stay wide awake)
（保持清醒）
But none return, when will they learn?
但无人生还，他们什么时候才能长记性？
Where do they go? God only knows
他们去了哪儿？只有上帝才知道
(Stay wide awake)
（保持清醒）

Better try to stay wide awake or you might end up found dead by the lake
你最好保持清醒，不然多半要发现自己沉尸湖底
Soon as you lay me down to sleep, bitch, your soul I'mma try to take
一旦你跟我睡觉，贱人，我就要拿走你的灵魂
Pray for light of day right away, why do they try to fight today?
他们马上开始祈祷天明，为什么要尝试反抗？
I must make them pay twice as much, might as well put the knife away
我定要他们付出双倍代价，也许先把刀子放一边
Now I use power tools, how 'bout now, are you in the shower?
改用电锯，怎么样，你在洗澡吗？
Scour you for six hours 'til outage of power outlets
搜寻了整整6个小时直到电锯没电
How did you figure out I was down in your basement? Now ya
你是怎么知道我在地下室的？
Must've just heard the sound of my stomach growlin' from down there
现在你肯定听到我肚子叫了
Prowler, there's no one fouler, bound ya, that's how they found ya
小偷，这里可没人作弊，绑起来，他们就是这样找到你的
Face down in the tub, I drown ya with piles of downers around ya
面朝浴缸低下头，我会用成堆的镇定剂把你放倒的
Such nostalgia and power, such prowess, look how you cower
这怀旧的感觉，这力量，这非凡的技巧，看看你这畏缩的样子
Jump out on you now like I was a Jawa from fuckin' Star Wars
我要像星战里的Jawa人一样扑向你
Jabba the Hutt, biddy-bye-bye, biddy-bye-bye, it's time to die-die
你这肉虫子赫特人Jabba，你的死期到啦
Ought to not even bother to scream, it don't even matter
别费力气尖叫了，根本没有用
Amazing when grazing skin with these razor blades he waves at ya
用他平时刮胡子的剃刀来割皮肤真是太棒了
Not ya everyday Damien, bathe me in holy water
你每天都刮的是不是，Damien？用圣水为我洗浴吧
Nothing like Son of Sam, so please understand there's no gun in hand
我可不像山姆之子，所以很抱歉我手头没有枪
Where's the thrill in the hunt? There's no fun in that, here I come with axe
用枪杀人有什么刺激？那样一点也不好玩，我都是用斧子
Fun to act like lumberjack when I'm hackin' 'em up with that
像伐木工一样把伐木工砍成碎片多带劲
What was that? Dial 9-1-1, someone's comin' in from the back
那是什么？报警吧，有人从后头进来了

Soon as my flow starts I compose art like the ghost of Mozart
我一旦开始创作，就像莫扎特再世
Even though they all say that they're real, I know that most aren't
他们都说自己来真的，但大多都不是
Boy, you think you're clever, don't ya? Girl, you think you're so smart
小子你以为自己很聪明？小妞你以为自己很机灵？
Come with me to another side in a world so cold and so dark
那就跟我一起踏入另一个又冷又黑的世界吧

(Stay wide awake)
（保持清醒）
A world so dark, a world so cold
那么黑的世界，那么冷的世界
A world where on-ly some will go
一个只有部分人会去的世界
(Stay wide awake)
（保持清醒）
But none return, when will they learn?
但无人生还，他们什么时候才能长记性？
Where do they go? God only knows
他们去了哪儿？只有上帝才知道
(Stay wide awake)
（保持清醒）"
82,Kenshi Yonezu,IRIS OUT,Taiwan,latin,59hVbgr8rfYkDbHfr8RcGI,129664,25,5,"(Ah, ah, ah, ah, ah, ah)
(Ah, ah, ah, ah, ah, ah)
Ha-ha-ha
(Ah, ah, ah, ah, ah, ah)
(Ah, ah, ah, ah, ah, ah)

駄目駄目駄目 脳みその中から
「やめろ馬鹿」と喚くモラリティ
ダーリンベイビーダーリン
半端なくラブ！ときらめき浮き足立つフィロソフィ

死ぬほど可愛い上目遣い
なにがし法に触れるくらい
ばら撒く乱心 気づけば蕩尽
この世に生まれた君が悪い
やたらとしんどい恋煩い
バラバラんなる頭とこの身体
頸動脈からアイラブユーが噴き出て
(アイリスアウト)

一体どうしようこの想いを どうしようあばらの奥を
ザラメが溶けてゲロになりそう (Boom)
瞳孔バチ開いて溺れ死にそう
今この世で君だけ大正解

ダーリン (ベイビー) ダーリン (Uh-ha)
ダーリン (ベイビー) ダーリン
ダーリン (ベイビー) ダーリン (Uh-ha)
ダーリン (ベイビー) ダーリン (Ha-ha-ha)

ひっくり返っても勝ちようない
君だけルールは適用外
四つともオセロは黒しかない
カツアゲ放題 (Ha)
君が笑顔で放ったアバダケダブラ
デコにスティグマ 申し訳ねえな
(Foo) 矢を刺して (Foo) 貫いて
(Foo) ここ弱点

死ぬほど可愛い上目遣い
なにがし法に触れるくらい
ばら撒く乱心 気づけば蕩尽
この世に生まれた君が悪い
パチモンでもいい何でもいい
今君と名付いてる全て欲しい
頸動脈からアイラブユーが噴き出て

ア-ア-ア-ア-アイリスアウト
ア-ア-ア-ア-アイリスアウト
(ア-ア-ア-ア-アイリスアウト)

一体どうしようこの想いを どうしようあばらの奥を
ザラメが溶けてゲロになりそう (バーン)
瞳孔バチ開いて溺れ死にそう
今この世で君だけ大正解

ダーリン (ベイビー) ダーリン (Uh-ha)
ダーリン (ベイビー) ダーリン
ダーリン (ベイビー) ダーリン (Uh-ha)
ダーリン (ベイビー) ダーリン (Ha-ha-ha)

Rra"
83,CORTIS,"Mention Me - From The Movie ""GOAT""",Taiwan,latin,3f0OEJd7mlPNhmH3fUOrqy,128443,3,26,"I'm drinkin’, I'm leanin', I’m on like a 3 today
Alright, alright, bet, say less
Where my drink?
Hello, look
(Say Brando, what's it hittin' for?)
Okay, okay, okay, okay, yeah, okay (Let's go)
Oh, Bway, oh

I'm drinkin', I'm leanin', I’m on like a 3 today
She can’t stop from fiendin', I think she feelin’ Bway
Baby, take yo' clothes off, like Simon says, do what I say
She feelin' me, uh, uh, uh
That just ain't this time or place (Oh, no)

I try to stay away from love
You mention me, you be displaced
Get them feelings out of here, take that shit like far away
Don’t trust love 'cause that shit be fake
Far away where I keep my feelings caged
Lose intrest, evеrybody feel exchanged
Do remеmber when they killed Lil Tay?
Keep on better days, so, the drugs, they help me meditate
Oh, no, ain't shit to say, evil thoughts been inside my brain
If it's my fault, don't be shamed
No, I ain't got time to play the games
Move on if I fall over, if I win, you can do the same
My phone ring (Brr), she like, ""That's a shame,"" I pressed, ""Ignore""
Know she for the fame, she want diamond chains, Christian Dior
She like my diamond ring, she tryna figure what I paid for
I'm likin' how she came, and she pulled up Honda Accord

I'm drinkin', I'm leanin', I'm on like a 3 today
She can't stop from fiendin', I think she feelin' Bway
Baby, take yo' clothes off, like Simon says, do what I say
She feelin' me, uh, uh, uh
That just ain't this time or place

That just ain't this time or place, 'bout the fuck shit, I won't go for it
That lame shit, I won't go or that
Niggas trippin', actin' like bitches, they got hoes for that (Oh, I)
And my bitch actin' like she don't post the Act'
I hate that I got strings attached
Told Chris that I ain't goin' back
Sippin' purple, not sippin' red
Wock' hard, this hard, this not activist
He say, ""This one for big Six, made me probably zip my shit""
They know that we runnin' shit, five-star rank inside the bricks
I can't lie, I'm too legit, Bway, I'm the serious kid

I'm drinkin', I'm leanin', I'm on like a 3 today
She can't stop from fiendin', I think she feelin' Bway
Baby, take yo' clothes off, like Simon says, do what I say
She feelin' me, uh, uh, uh
That just ain't this time or place
I'm drinkin', I'm leanin', I'm on like a 3 today (Oh, oh)
She can't stop from fiendin', I think she feelin' Bway (Oh)
Baby, take yo' clothes off, like Simon says, do what I say
She feelin' me, uh, uh, uh
That just ain't this time or place

Feelin' me, uh, uh, uh
That just ain't this time or place
Oh-oh-oh
Ooh, oh-oh-oh
Ooh, oh-oh-oh
Oh, oh
Ooh, oh-oh
I think she feelin' Bway"
84,F.I.R.,月牙灣,Taiwan,zh,1b5IRT3iraxjHOsKZx93sW,128179,80,68,"敦煌天空的沙礫
帶著我們的記憶
我從半路看回去
這情關漫漫好彎曲
夢想穿過了西域
包含了多少的禪意
愛情像一本遊記
我會找尋他的謎語

看 月牙灣下的淚光
在絲路之上被遺忘

是誰的心啊 孤單地留下？
他還好嗎？我多想愛他
拿永恆的淚凝固的一句話
也許可能蒸發
是誰的愛啊 比淚水堅強？
輕聲呼喚就讓我融化
每一滴雨水演化成我翅膀
向著我愛的人追吧


夢想穿過了西域
包含了多少的禪意
愛情像一本遊記
我會找尋他的謎語

看 月牙灣下的淚光
在絲路之上被遺忘

是誰的心啊 孤單地留下？
他還好嗎？我多想愛他
拿永恆的淚凝固的一句話
也許可能蒸發
是誰的愛啊 比淚水堅強？
輕聲呼喚就讓我融化
每一滴雨水演化成我翅膀
向著我愛的人追吧


是誰的心啊 孤單地留下？
他還好嗎？我多想愛他
拿永恆的淚凝固的一句話
也許可能蒸發
是誰的愛啊 比淚水堅強？
輕聲呼喚就讓我融化
每一滴雨水演化成我翅膀
向著我愛的人追吧"
85,"Lady Gaga, Bruno Mars",Die With A Smile,Taiwan,latin,7so0lgd0zP2Sbgs2d7a1SZ,127954,81,3,"(Ooh, ooh)

I, I just woke up from a dream
Where you and I had to say goodbye
And I don't know what it all means
But since I survived, I realized

Wherever you go, that's where I'll follow
Nobody's promised tomorrow
So I'ma love you every night like it's the last night
Like it's the last night

If the world was ending
I'd wanna be next to you
If the party was over
And our time on Earth was through
I'd wanna hold you just for a while
And die with a smile
If the world was ending
I'd wanna be next to you

(Ooh, ooh)

Ooh, lost, lost in the words that we scream
I don't even wanna do this anymore
'Cause you already know what you mean to me
And our love's the only war worth fighting for

Wherever you go, that's where I'll follow
Nobody's promised tomorrow
So I'ma love you every night like it's the last night
Like it's the last night

If the world was ending
I'd wanna be next to you
If the party was over
And our time on Earth was through
I'd wanna hold you just for a while
And die with a smile
If the world was ending
I'd wanna be next to you

Right next to you
Next to you
Right next to you
Oh-oh

If the world was ending
I'd wanna be next to you
If the party was over
And our time on Earth was through
I'd wanna hold you just for a while
And die with a smile
If the world was ending
I'd wanna be next to youIf the world was ending
I'd wanna be next to you

(Ooh, ooh)
I'd wanna be next to you"
86,ILLIT,Magnetic,Taiwan,latin,1aKvZDoLGkNMxoRYgkckZG,127720,102,1,"Baby
I'm just trying to play it cool
But I just can't hide that
I want you

Wait a minute, 이게 뭐지? (뭐지?)
내 심장이 lub-dub, 자꾸만 뛰어
저 멀리서도 oh (Oh), my (My) gosh (Gosh)
끌어당겨 you're my crush, 초능력처럼

거대한 자석이 된 것만 같아 my heart
네 모든 게 내 맘에 달라붙어버려, boy
We're magnetized, 인정할게
This time, I want

You, you, you, you, like it's magnetic
You, you, you, you, you, you, you, you, super 이끌림
You, you, you, you, like it's magnetic
You, you, you, you, you, you, you, you, super 이끌림

Bae, bae, bae, bae, bae, bae, bae, bae, bae
Dash-da-da, dash-da-da, dash-da, like it's magnetic
Bae, bae, bae, bae, bae, bae, bae, bae, bae
Dash-da-da, dash-da-da, 
baby, don't say no

정반대 같아 our type, 넌 J 난 완전 P
S와 N 극이지만 그래서 끌리지
내가 만들래 green light, 여잔 배짱이지
So let's go, let's go, let's go, let's go

숨기고 싶지 않아 자석 같은 my heart
내 맘의 끌림대로 너를 향해 갈게, boy
We're magnetized, 인정할게
This time, I want

You, you, you, you, like it's magnetic
You, you, you, you, you, you, you, you, super 이끌림
You, you, you, you, like it's magnetic
You, you, you, you, you, you, you, you, super 이끌림

No push and pull, 전속력으로 너에게 갈게 (In a rush, in a rush)
Our chemistry, 난 과몰입해 지금 순간에 (Baby, you're my crush, you're my crush)
No push and pull, 네게 집중 후회는 안 할래 (Gonna dash, gonna dash)
Never holding back, 직진해, yeah (직진해, yeah)
*This time, I want*

You, you, you, you, like it's magnetic
You, you, you, you, you, you, you, you, super 이끌림
You, you, you, you, like it's magnetic
You, you, you, you, you, you, you, you, super 이끌림

Bae, bae, bae, bae, bae, bae, bae, bae, bae
Dash-da-da, dash-da-da, dash-da, like it's magnetic
Bae, bae, bae, bae, bae, bae, bae, bae, bae
Dash-da-da, dash-da-da, baby, don't say no"
87,PIZZALI,做我的初戀,Taiwan,zh,4flk8ZgDFry6o2t0SdKsnB,127235,33,22,
88,ROSÉ,number one girl,Taiwan,latin,1lcBt7LoEikqYmhUoa2cez,126923,67,4,"Tell me that I'm special, tell me I look pretty
Tell me I'm a little angel, sweetheart of your city
Say what I'm dying to hear
'Cause I'm dying to hear you

Tell me I'm that new thing, tell me that I'm relevant
Tell me that I got a big heart, then back it up with evidence
I need it and I don't know why
This late at night

Isn't it lonely?
I'd do anything to make you want me
I'd give it all up if you told me that I'd be
The number one girl in your eyes
Your one and only
So what's it gon' take for you to want me?
I'd give it all up if you told me that I'd be
The number one girl in your eyes

Tell me I'm going real big places, down to earth, so friendly
And even through all the phases, tell me you accept me
Well, that's all I'm dying to hear
Yeah, I'm dying to hear you

Tell me that you need me, tell me that I'm loved
Tell me that I'm worth it, and that I'm enough
I need it and I don't know why
This late at night

Isn't it lonely?
I'd do anything to make you want me
I'd give it all up if you told me that I'd be
The number one girl in your eyes
Your one and only
So what's it gon' take for you to want me?
I'd give it all up if you told me that I'd be
The number one girl in your eyes

The girl in your eyes, the girl in your eyes
Tell me I'm the number one girl
I'm the number one girl in your eyes
The girl in your eyes, the girl in your eyes
Tell me I'm the number one girl
I'm the number one girl in your eyes

Well, isn't it lonely?
I'd do anything to make you want me
I'd give it all up if you told me that I'd be
The number one girl in your eyes
Your one and only
So what's it gon' take for you to want me?
I'd give it all up if you told me that I'd be
The number one girl in your eyes
The number one girl in your eyes"
89,A-Lin,給我一個理由忘記,Taiwan,zh,2DcmVSLAg0ZzfOQxDshZHY,125664,70,46,
90,David Tao,就是愛妳,Taiwan,zh,73eCSQ1DxQbaOnzy8PhKx3,125278,31,70,"Yeah~ Woah~ Yeah~ Da da da
我 一直都想对你说
Wǒ yīzhí dōu xiǎng duì nǐ shuō
I’ve always wanted to tell you
你给我想不到的快乐
Nǐ gěi wǒ xiǎngbùdào de kuàilè
You’ve given me happiness beyond belief
像绿洲给了沙漠
Xiàng lǜzhōu gěile shāmò
Like an oasis in a desert

说你会永远陪着我
Shuō nǐ huì yǒngyuǎn péizhe wǒ
Say that you will forever be by my side
做我的根我翅膀
Zuò wǒ de gēn wǒ chìbǎng
Be my root, my wings
让我飞也有回去的窝
Ràng wǒ fēi yěyǒu huíqù de wō
Let me fly and have a nest to return to
我愿意 我也可以
Wǒ yuànyì wǒ yě kěyǐ
I am willing and I am able
付出一切也不会可惜
Fùchū yīqiè yě bù huì kěxí
To give up everything without any regrets
就在一起看时间流逝
Jiù zài yīqǐ kàn shíjiān liúshì
Let’s just be together and watch time pass by
要记得我们相爱的方式
Yào jìde wǒmen xiāng’ài de fāngshì
Must remember the way of our love
就是爱你 爱着你
Jiùshì ài nǐ àizhe nǐ
I just love you, loving you
有悲有喜有你平淡也有了意义
Yǒu bēi yǒuxǐ yǒu nǐ píngdàn yěyǒule yìyì
With sorrow, with joy, with you even ordinary is meaningful
就是爱你 爱着你
Jiùshì ài nǐ àizhe nǐ
I just love you, just loving you
甜蜜又安心 那种感觉就是你
Tiánmì yòu ānxīn nà zhǒng gǎnjué jiùshì nǐ
Sweet and comfortable, that kind of feeling is just you
我 一直都想对你说
Wǒ yīzhí dōu xiǎng duì nǐ shuō
I’ve always wanted to tell you
你给我想不到的快乐
Nǐ gěi wǒ xiǎngbùdào de kuàilè
You’ve given me happiness beyond belief
像绿洲给了沙漠
Xiàng lǜzhōu gěile shāmò
Like an oasis in a desert
说你会永远陪着我
Shuō nǐ huì yǒngyuǎn péizhe wǒ
Say that you will forever be by my side
做我的根我翅膀
Zuò wǒ de gēn wǒ chìbǎng
Be my root, my wings
让我飞也有回去的窝
Ràng wǒ fēi yěyǒu huíqù de wō
Let me fly and have a nest to return to
我愿意 真的愿意
Wǒ yuànyì zhēn de yuànyì
I am willing, truly willing
付出所有也要保护你
Fùchū suǒyǒu yě yào bǎohù nǐ
To give up everything to protect you
Oh 在一起 时间继续流逝
Oh zài yīqǐ shíjiān jìxù liúshì
Oh together as time continues to pass
请记得我有多么的爱你
Qǐng jìde wǒ yǒu duōme de ài nǐ
Please remember how much I love you
*
Oh 就是爱你爱着你
Oh jiùshì ài nǐ àizhe nǐ
Oh I just love you, loving you
不弃不离开不在意 一路有多少风雨
Bù qì bù líkāi bù zàiyì yīlù yǒu duōshǎo fēngyǔ
Won’t abandon, won’t leave, won’t mind how much wind and rain there’ll be
就是爱你 爱着你
Jiùshì ài nǐ àizhe nǐ
I just love you, loving you
放在你手心灿烂的幸福全给你
Fàng zài nǐ shǒuxīn cànlàn de xìngfú quán gěi nǐ
I place all of the radiant happiness into the palm of your hands
Repeat *
**
Oh 就是爱你爱着你
Oh jiùshì ài nǐ àizhe nǐ
Oh I just love you, loving you
我都愿意
Wǒ dū yuànyì
I’m fully willing
就是爱你 爱着你
Jiùshì ài nǐ àizhe nǐ
I just love you, loving you
要我们在一起
Yào wǒmen zài yīqǐ
I want us to be together
Repeat **"
91,Joker Xue,其实,Taiwan,zh,6Mmdzst5fLkrKjhdkGhLpe,124859,21,65,"不需要借口
爱淡了就放手
我不想听
你也没说平静的交错
随便找个理由
决定了就别回头
不爱你的人
说什么都没用
分开时难过不能说
谁没谁不能好好过
那天我们走了很久没有争吵过
分开时难过不要说
如果被你一笑而过
还不如让你选择想要的生活
分开后我会笑着说
当朋友问你关于我
我都会轻描淡写仿佛没爱过
其实我根本没人说
其实我没你不能活
其实我给你的爱比你想的多
分开时难过不能说
谁没谁不能好好过
那天我们走了很久没有争吵过
分开时难过不要说
如果被你一笑而过
还不如让你选择想要的生活
分开后我会笑着说
当朋友问你关于我
我都会轻描淡写仿佛没爱过
其实我根本没人说
其实我没你不能活
其实我给你的爱比你想的多
其实我爱你比你想的多得多"
92,DIOR 大穎,人的這一生,Taiwan,zh,2Jox8DFhnUpJZJWLsVAsAR,124571,1,92,
93,Hearts2Hearts,FOCUS,Taiwan,latin,6jYiHr12NVKLzn0X7K8aSK,124554,17,53,"I cannot focus, you're all I'm needing
I cannot focus, you're all I'm seeing

I cannot focus on anything but you, baby
I cannot focus on anything but you
초점 뒤의 흐릿한 반투명한 my view, baby
I cannot focus on anything, on anyone but you

Frame 속에 널 넣으면
You so amazing, amazing, amazing, amazing
선명한 my subject
그 톤을 만져, 더 얕은, 엿보듯, 널 담은

The look
내 눈은 auto focus, 그 감각대로 produce
세상 빼기 너, 그건 재미없어
넌 내 안에 있어, yeah

I cannot focus on anything but you, baby
I cannot focus on anything but you
초점 뒤의 흐릿한 반투명한 my view, baby
I cannot focus on anything, on anyone but you

You, you, you, you (Ah-ooh)
살아나는 view, view, view, view, view (Anything but)
Anything but you, you, you, you, you (You, ah)
너 말곤 adieu-dieu-dieu-dieu-dieu (Oh, woah)

B-side 숨겨놓은
한쪽의 phrasing, the phrasing, the phrasing, the phrasing
둘 사이 거리를
좁혔다 넓혀, so random, 네 반응, my pleasure

It's you (It's you)
내 시선의 중심 세상을 뒤로 미는 중
어디로 가니? 널 잃지 않을래I got tunnel vision, yeah

I cannot focus on anything but you, baby
I cannot focus on anything but you
초점 뒤의 흐릿한 반투명한 my view, baby
I cannot focus on anything, on anyone but you

You, you, you, you
View, view, view, view, view
Adieu-dieu-dieu-dieu-dieu
(Oh, woah)

I cannot focus, you're all I'm needing
I cannot focus, you're all I'm seeing
I cannot focus, you're all I'm needing
I cannot focus, you're all I'm seeing
I cannot focus, you're all I'm needing
I cannot focus, you're all I'm seeing
I cannot focus, you're all I'm needing
I cannot focus, you're all I'm seeing"
94,Silence Wang,像晴天像雨天（电视剧《难哄》心动曲）,Taiwan,zh,1zFuSla4RQ5qAJwDIQYixW,124451,54,4,
95,Amazing Show,偷偷愛,Taiwan,zh,0L7R4dmkwk46DEZgqx1fF7,124306,63,34,"天空有時會 想起那一年的倦
隨風兒消遣 彷彿不曾掉眼淚
捲起的歲月 潮濕卻很香甜
將你無聲吹遠

你的航班沒有延後 而我如期地錯過
飛航模式把訊息清空 遁入白晝
我入秋 你在春天的南半球
倘若弄丢了鄉愁
你說家的輪廓 依舊混濁 一如我害怕漂泊
我開口卻只能吐出沉默

看著你 我武裝情感你無法猜透
偷偷愛 用友情包覆著我的怯懦
幻想著 你有天會對我心動
你的一顰一笑 一舉一動 能否給我

或許再念舊 也只能遷就
隨時間淹沒 記憶剝落了臉孔
退後的脆弱 罪咎與墜落
執著的最後 回頭沒有誰對誰錯
你一無反顧奔向陌生的世界
選擇今天的你拋下我顧後而瞻前
你的微笑還是遙遠

看著你 我武裝情感你無法猜透
偷偷愛 用友情包覆著我的怯懦
幻想著 你有天會對我心動
而你牽著的手 是對是錯 或是遷就
看著你 無話不說卻也不能再多
偷偷愛 再苦笑著把自己給騙過
幻想著 你有天會對我心動
你的一顰一笑 一舉一動 能否給我

看著你 我武裝情感你無法猜透
偷偷愛 用友情包覆著我的怯懦
幻想著 你有天會對我心動
而你牽著的手 是對是錯 或是遷就
看著你 無話不說卻也不能再多
偷偷愛 再苦笑著把自己給騙過
幻想著 你有天會對我心動
你的一顰一笑 一舉一動 能否給我

La-la-la, la-la-la-la, la-la-la
La-la-la, la-la-la-la, la-la-la
La-la-la, la-la-la-la, la-la-la
La-la-la, la-la-la-la, la-la-la

看著你 我武裝情感你無法猜透
偷偷愛 用友情包覆著我的怯懦
幻想著 你有天會對我心動
而你牽著的手 是對是錯 或是遷就
看著你 無話不說卻也不能再多
偷偷愛 再苦笑著把自己給騙過
幻想著 你有天會對我心動
你的一顰一笑 一舉一動 能否給我"
96,"Disney, Shakira",Zoo,Taiwan,latin,3vJIaiTIHxHhYafTSPNiH4,123909,14,11,"Come on, get on up
We're wild and we can't be tamed
And we're turnin' the floor into
A zoo, ooh, ooh
Hop-ah, hop-ah, hop-ah, hop-ah, ah
Hop-ah, hop-ah, oh
Hop-ah, hop-ah, hop-ah, hop-ah, ah
Hop-ah, hop-ah, oh

We live in a crazy world, caught up in a rat race
Concrete jungle life is sometimes a mad place
It's you and me together at the end of a wild day
Don't keep it all bottled up, and release your energy

Hey, oh-ayy, only reason we are here is to celebrate
In a place where anyone can be anything
Hold on to this moment, don't let it fade away
Baby, keep the music playin'

Come on, get on up
We're wild and we can't be tamed
And we're turnin' the floor into
A zoo, ooh, ooh
Come on, keep it up
It's fun if you're down to play
And we're turnin' the floor into
A zoo, ooh, ooh

Hop-ah, hop-ah, hop-ah, hop-ah, ah
Hop-ah, hop-ah, oh
Hop-ah, hop-ah, hop-ah, hop-ah, ah (A zoo, ooh, ooh)
Hop-ah, hop-ah, oh

We live in a heated time, no chance to cool down
Continuously confined, and what do we do now?
It's all about finding love, sometimes hard to come by
But when it comes to us, it's always a good time

Hey, oh-ayy, only reason we are here is to celebrate
In a place where anyone can be anything
Hold on to this moment, don't let it fade away
Baby, keep the music playin'

Come on, get on up
We're wild and we can't be tamed
And we're turnin' the floor into
A zoo, ooh, ooh
Come on, keep it up
It's fun if you're down to play
And we're turnin' the floor into
A zoo, ooh, ooh

Hop-ah, hop-ah, hop-ah, hop-ah, ah (A zoo, ooh, ooh)
Hop-ah, hop-ah, oh
Hop-ah, hop-ah, hop-ah, hop-ah, ah (A zoo, ooh, ooh)
Hop-ah, hop-ah, oh
Hop-ah, hop-ah, hop-ah, hop-ah, ah (A zoo, ooh, ooh)
Hop-ah, hop-ah, oh
Hop-ah, hop-ah, hop-ah, hop-ah, ah (A zoo, ooh, ooh)
Hop-ah, hop-ah, oh

I'll take you higher, I'll take you higher
We can't be tamed, baby, I'll take you higher
I'll take you higher, I'll take you higher
And we can't be tamed, baby, I'll take you higher
Es una fiesta que sube como la espuma
Yo por ti iré hasta la luna de ida y vuelta
Es una fiesta que sube como la espuma
Yo por ti iré hasta la luna de ida y vuelta

Come on, get on up
We're wild and we can't be tamed
And we're turnin' the floor into
A zoo, ooh, ooh
Come on, keep it up
It's fun if you're down to play
And we're turnin' the floor into
A zoo, ooh, ooh
Come on, get on up
We're wild and we can't be tamed
And we're turnin' the floor into
A zoo, ooh, ooh
Come on, keep it up
It's fun if you're down to play
And we're turnin' the floor into
A zoo, ooh, ooh"
97,Fish Leong,慢冷,Taiwan,zh,3NNDJfWMGHuNpvHWTImmlW,121360,353,12,"說完了 好像話都說完了
總是沉默對坐著
眼裡是濃濃夜色
感情是偏執的 越愛越是偏執的
不相信我看到的
硬要說裂縫不過 是皺褶

怎麼先熾熱的卻先變冷了
慢熱的卻停不了還在沸騰著
看時光任性快跑隨意就轉折
慢冷的人啊 會自我折磨
衝動的人向來聽不見挽留
這世界大得讓你很難不旅遊
浪漫讓你溫柔 也讓你最惹人 淚流

牽你手 若無其事牽你手
你像被動的木偶
多狠多讓人厭惡 的劇透

怎麼先熾熱的卻先變冷了
慢熱的卻停不了還在沸騰著
看時光任性快跑隨意就轉折
慢冷的人啊 會自我折磨
衝動的人向來聽不見挽留
這世界大得讓你很難不旅遊
浪漫讓你溫柔 也讓你最惹人 淚流

愛從不敵 性格 不死心最痛
奈何 我總是記得開始 被猛烈 愛的悸動

怎麼先熾熱的卻先變冷了
慢熱的卻停不了還在沸騰著
看時光任性快跑隨意就轉折
慢冷的人啊 會自我折磨
衝動的人向來聽不見挽留
這世界大得讓你很難不旅遊
浪漫讓你溫柔 也讓你最惹人 淚流"
98,WeiBird,"如果可以 - 電影""月老""主題曲",Taiwan,zh,72OVnXDzugvrCU25lMi9au,120883,226,1,
99,Ronghao Li,"不將就 (電影""何以笙簫默""片尾曲)",Taiwan,zh,5DH8nF7aWoXXg5Sm3gjCWD,120655,205,62,
100,aespa,Rich Man,Taiwan,latin,1sUjTLLCJzcxC15GUBrOlg,120062,26,5,"My mom said to me
""Find someone who can give you everything""
And I said, ""Mom, I already have everything""
I am a rich man, I am a rich man (
I am a rich man
)

(I'ma carry myself) I am a rich man
(I'ma carry myself) I am a rich man
I'm my own biggest fan, and I'm high in demand
I am a rich man

Don't care about what they say
날 밀어 넣고 멋대로 굴 때
내 것을 탐내 see? My name is
Where my name is? (I am a rich man)
That's me, 나는 reckless (Yeah)
굳은 mental 그것쯤 웃네 (What?)
내가 날 이끌어 가, 보여 다음 sign
별거 아냐, exit is my next step

딴 생각 말고 self-belief
'Cause 그게 훨씬 재미있지
Ooh-woah, oh
I am a rich man
So I am standin' where you're lookin'
맞춘 듯한 my perfect fit
Baby (Hey, hey)
I am a rich man

(I'ma carry myself) I am a rich man
(I'ma carry myself) I am a rich man
I'm that one, 난 나로 가득해 by mysеlf
I am a rich man
(I'ma carry myself) I am a rich man (Hey, hey, hеy, hey)
(I'ma carry myself) I am a rich man (Hey, hey, hey, hey)
I'm my own biggest fan and I'm high in demand (Hey, hey, hey, hey)
(Hey, hey) I am a rich man (Rich man)

(La-la, la-la, la, ah-ah)
I am what I am
(La-la, la-la, la, ah-ah)
I am a rich man
(La-la, la-la, la, ah-ah)
I am what I am
(La-la, la-la, la, ah-ah)
I am a rich man

Don't care about what they say
날 밀어내고 함부로 굴 때
오히려, okay, see? My name is
What my name is (I am a rich man)
Don't need the money, yeah, I see it
In my closet, my ideas
내 말버릇, 내 걸음, 내 이름
You know when I'm serving them looks, I'ma feed 'em

딴 생각 말고 self-belief
'Cause 그게 좀 더 재밌잖아
Ooh-woah, oh
I am a rich man
So I am standin' where you're lookin'
맞춘 듯한 my perfect fit
Baby
I am a rich man

(I'ma carry myself) I am a rich man
(I'ma carry myself) I am a rich man
I'm that one, 난 나로 가득해 by myself
I am a rich man
(I'ma carry myself) I am a rich man
(I'ma carry myself) I am a rich man
I'm my own biggest fan and I'm high in demand
(Say, ooh) I am a rich man

Twenty four, 모두가 same shade
You already know what the tag say
Make it better on my own, my tag
I won't double back, 흉내 안 내
If you blame it, cameo
I carry the load, run the show
I'm like a diamond ring, already got my thing
Cannot put a price on it, this is the real deal, yeah

I am a rich man

(I'ma carry myself) I am a rich man
(I'ma carry myself) I am a rich man
I'm that one, 난 나로 가득해 by myself
(Say, what?) I am a rich man (Hoo)
(I'ma carry myself) I am a rich man (Hey, hey, hey, hey)
(I'ma carry myself) I am a rich man (Hey, hey, hey, hey)
I'm my own biggest fan and I'm high in demand (Hey, hey, hey, hey)
(Woo) I am a rich man (Rich man)

(La-la, la-la, la, ah-ah; Hey, hey)
I am what I am
(La-la, la-la, la, ah-ah) So good, so good, so good
I am a rich man
(La-la, la-la, la, ah-ah; Hey, hey)
I am what I am
(La-la, la-la, la, ah-ah)
I am a rich man"
1,Bruno Mars,Risk It All,USA,latin,5y2ijHECwFYWqcAHKTZgzD,12884594,1,1,"For just the chance to win your heart
You could set the bar beyond the stars
I'll do anything, anything you ask me to

Say you want the moon
Watch me learn to fly
Ain't no mountain you could point to
I wouldn't climb

It's crazy, but it's true
There's nothing I won't do
I'd risk it all for you

To hold your hand and call you mine
I'm tryna be your man 'til the end of time
Oh, I'll do anything, anything you ask me to

I would run through a fire
Just to be by your side
If your heart's on the line
You could take mine

It's crazy, but it's true
There's nothing I won't do
I'd risk it all for you

I would swim across the sea just to show you
Sacrifice my life just to hold you
I could go on and on
To prove that you belong here in my arms

Say you want the moon
Watch me learn to fly
Ain't no mountain you could point to
I wouldn't climb

It's crazy, but it's true
There's nothing I won't do
I'd risk it all for you
It's crazy, but it's true
There's nothing I won't do
I'd risk it all for you"
2,"PinkPantheress, Zara Larsson",Stateside + Zara Larsson,USA,latin,1DwscornXpj8fmOmYVlqZt,11706010,9,2,"(Ah-ah-ah)
I'm freezing outside, I feel my skin tight
My coat is inside, but I look up at you
I tracked your plane ride for when you're in tonight
Tell me, when is the next time I'll run into you?

It sounds insane, right?
I'll take the same flight
Wait at your bedside
I'll land right next to you
I'm going stateside
Where I'll see you tonight
Tell me, how did a girl like me get into you? (Into you)

Ah-ah-ah-ah-ah-ah-ah-ah
Ah-ah-ah-ah-ah-ah

You can be my American, ha, ha (Ha, ha)
Ha, ha, ha, ha (Mwah)

Is it right? I don't know
Yet you're taking my control
Never been abroad before
Now I'm knocking through your door
But you're nice, so I'll stay
Never met a British girl, you say?
No onе treats me this way
Are all boys out hеre the same?

What can I say? (Uh-huh) What can I do? (Uh-huh)
I'm tryna be the girl that you're talking to (You're talking to, baby)
And maybe you can be my American ha, ha boy (
Ah-ah-ah
)
You can be my American ha, ha boy (
Boy
)
Why can't you say that you want it too? (Too)
I'm flying intercontinental with you
And maybe you can be my American ha, ha boy (Boy)
You can be my American ha, ha

All those years I put in for the American Dream
Is it worth all the work if you can't be here with me? (Me)
'Cause I fly Stockholm to LA
Leave my feelings on the plane
Worries fade away (Fade away)
When I hit the stage
I've been touring stateside
Kissing my Swedish boy over FaceTime
Who knew opening up would make me a headline?
Boots, that's my ego boost
Schedule ain't been loose for a minute
Yeah, I'm that girl, I've been it, ah-ah, ah-ah, ah-ah, ah-ah, ah-ah, ah-ah, ah

Oh, oh-oh, ooh, woah-oh
Oh-oh-oh, ooh
Ooh-ooh-ooh, oh-ah
[Chorus: PinkPantheress, 
Zara Larsson
, 
Both
]
What can I say? (Uh-huh) What can I do? (Uh-huh)
I'm tryna be the girl that you're talking to (You're talking to, baby)
And maybe you can be my American ha, ha boy (Ah-ah-ah)
You can be my American ha, ha boy (Boy)
Why can't you say that you want it too? (Uh-huh)
I'm flying intercontinental with you
And maybe you can be my American ha, ha boy (Hey, boy)
You can be my American, ha, ha

Is it right? I don't know
But you're taking my control
Never been abroad before
Now I'm knocking through your door
But you're nice, so I'll stay
Never met a Swedish girl, you say?
No one treats me this way
Are all boys out here the same?"
3,Ella Langley,Choosin' Texas,USA,latin,65DbTqJKhbwqYbZ1Okr0rc,9528820,20,2,"Just when I thought I got him to fall in love with Tennessee
I should've known better than to take him back to Abilene
I put him right back into her arms
I wasn't a match for that kind of spark

She's from Texas, I can tell by the way
He's two-stepping 'round the room
And judging by the smile that's written on his face
There's nothing I can do
It doesn't take a crystal ball to see
A cowboy always finds a way to leave
Drinking Jack all by myself
He's choosin' Texas, I can tell

Well, I guess he forgot about the Smoky Mountain rain
Them old Hank tunes, the Memphis blues we used to sing
He always loved ""Amarillo by Morning""
I should've taken that as a warning

She's from Texas, I can tell by the way
He's two-stepping 'round the room
And judging by the smile that's written on his face
There's nothing I can do
It doesn't take a crystal ball to see
A cowboy always finds a way to leave
Drinking Jack all by myself
He's choosin' Texas, I can tell

When I'm eastbound and down and I can't help but cry
'Cause I-40 gets lonelier with every mile
I'll know that his mind wasn't ever gonna change
'Cause his heart still belongs to the Lone Star State

She's from Texas, I can tell by the way
He's two-stepping 'round the room
And judging by the smile that's written on his face
There's nothing I can do, naw, yeah
It doesn't take a crystal ball to see
A cowboy always finds a way to leave
Drinking Jack all by myself
He's choosin' Texas, I can tell, no
Drinking Jack all by myself
He's choosin' Texas, I can tell

Come on, baby
Oh yeah
Just when I thought I got him to fall in love with Tennessee"
4,Bruno Mars,I Just Might,USA,latin,6f68Ac5tt5BQOpwr0BV9oN,9391514,8,1,"One, two, three, four
Doo-doo, doo-doo, doo-doo, doo-doo-doo
Doo-doo, doo-doo, doo-doo, doo-doo-doo

You stepped inside with a vibe I ain't never seen
Yes, you did, ooh
So girl, if you talk like you walk, come and talk to me
But look here

It would break my heart, break my heart, break my heart
If I find out you can't move
You better show me now, show me now, show me now
'Cause when I take you to the floor, ooh, you gotta get down
You know what to do

Hey, Mr. DJ (Oh, oh, oh)
Play a song for this pretty little lady (Oh, oh, oh)
'Cause if she dance as good as she look right now (Oh, oh, oh)
I just might, I just might make her my baby
I just might make her my baby, hey

Doo-doo, doo-doo, doo-doo, doo-doo-doo
I just might
Doo-doo, doo-doo, doo-doo, doo-doo-doo
Oh, I just might

But first, may I just say that your facе got me so intrigued?
I'm so intrigued
But what good is bеauty if your booty can't find the beat?
I don't wanna know, girl
So please don't do that to me

'Cause it would break my heart, break my heart, break my heart
If I find out you can't move
You better show me now, show me now, show me now
'Cause when I take you to the floor, ooh, you gotta get down
You know what to do

Hey, Mr. DJ (Oh, oh, oh)
Play a song for this pretty little lady (Oh, oh, oh)
'Cause if she dance as good as she look right now (Oh, oh, oh)
I just might, I just might make her my baby
I just might make her my baby, hey

Woah, woah, woah, woah, woah
Woah, woah, woah, woah, woah
This the part where you break it all the way down, down, down, down
This the part where I turn you all the way around, 'round, 'round, 'round
Put some spirit in it, put your heart into it
That's all I need
And if I like what I see, you're comin' home with me

Hey, Mr. DJ (Oh, oh, oh)
Play a song for this pretty little lady (Oh, oh, oh)
'Cause if she dance as good as she look right now (Oh, oh, oh)
I just might, I just might make her my baby
I just might make her my baby
Hey, Mr. DJ (Oh, oh, oh)
Play a song for this pretty little lady (Oh, oh, oh)
'Cause if she dance as good as she look right now (Oh, oh, oh)
I just might, I just might make her my baby
I just might make her my baby, hey

Doo-doo, doo-doo, doo-doo, doo-doo-doo
I just might
Doo-doo, doo-doo, doo-doo, doo-doo-doo
Oh, I just might"
5,Bad Bunny,DtMF,USA,latin,3sK8wGT43QFpWrvNQsrQya,9107715,61,1,"Eh, eh, eh, eh

Otro sunset bonito que veo en San Juan
Disfrutando de todas esas cosas que extrañan los que se van
Disfrutando de noche' de esas que ya no se dan
Que ya no se dan
Pero queriendo volver a la última vez
Que a los ojos te miré
Y contarte las cosas que no te conté (Te parece' a mi crush, jaja)
Y tirarte la' foto' que no te tiré (Acho, jura'o te ves bien linda, déjame tirarte una foto)
Ey, tengo el pecho pela'o, me dio una matá'
El corazón dándome patá'
Dime, baby, ¿dónde tú está'?
Pa' llegarle con RoRo, Julito, Krystal
Roig, Edgar, Seba, Óscar, Darnell y Big Jay, tocando batá
Hoy la calle la dejamo' 'esbaratá
Y sería cabrón que tú me toque' el güiro
Yo veo tu nombre y me salen suspiro'
No sé si son petardo' o si son tiro'
Mi blanquita, perico, mi kilo
Yo estoy en PR, tranquilo, pero

Debí tirar más fotos de cuando te tuve
Debí darte más beso' y abrazo' las vece' que pude
Ey, ojalá que los mío' nunca se muden
Y si hoy me emborracho, pues que me ayuden
Debí tirar más foto' de cuando te tuve
Debí darte más beso' y abrazo' las veces que pude
Ojalá que los mío' nunca se muden
Y si hoy me emborracho, pues que me ayuden

Ey, hoy voy a estar con abuelo to'l día, jugando dominó
Si me pregunta si aún pienso en ti, yo le digo que no
Que mi estadía cerquita de ti ya se terminó
Ya se terminó, ey
Que prendan la' máquina', voy pa' Santurce
Aquí todavía se da caña
Chequéate las babie', diablo, mami, qué dulce
Hoy yo quiero beber, beber, beber
Y hablar mierda hasta que me expulsen
'Toy bien loco ('Toy bien loco), 'toy bien loco ('Toy bien loco)
Cabrón, guía tú, que hasta caminando yo estoy que choco
'Toy bien loco ('Toy bien loco), 'toy bien loco ('Toy bien loco)
Vamo' a disfrutar, que nunca se sabe si nos queda poco
Debí tirar más f—

Gente, lo' quiero con cojone', los amo
Gracias por estar aquí, de verdad
Para mí e' bien importante que estén aquí
Cada uno de ustede' significa mucho para mí
Así que, vamo' pa' la foto, vengan pa'cá
Métase to'l mundo, to'l corillo, vamo'
Zumba

Ya Bernie tiene el nene y Jan la nena
Ya no estamo' pa' la movie' y las cadena'
'Tamos pa' las cosa' que valgan la pena
Ey, pa'l perreo, la salsa, la bomba y la plena
Chequéate la mía cómo es que suena

Debí tirar más fotos de cuando te tuve
Debí darte más besos y abrazo' las veces que pude
Ojalá que los mío' nunca se muden
Y que tú me envíe' más nude'
Y si hoy me emborracho, que Beno me ayude"
6,Olivia Dean,Man I Need,USA,latin,1qbmS6ep2hbBRaEZFpn7BX,8110625,28,2,"Talk to me, talk to me
Talk to me, talk to me
Hm

Looks like we're making up for lost time
Need you to spell it out for me
Bossa nova on all night
It's like a type of alchemy
Introduce me to your best friend
I can come and slot right in
A satellite ain't even that far
I, I kinda wonder where you are

Already know I can't leave it alone
You're on my mind, mm
Already gave you the time and the place
So, don't be shy
Just come be the man I need

Tell me you got something to give, I want it
I kinda like it when you call me ""Wonderful""
Whatever the type of talk it is, come on then
I gotta know you're meant to be the man I need
Talk to me, talk to me

Mm, talk to me, talk to me
Be the man that I need, baby
Talk to me, talk to me
Be the man that I need, need, need
Mm, talk to me, talk to me
Be the man that I need, baby
Talk to me, talk to me
Be the man, man, man, man, man

I'd like to think you feel the same way
But I can't tell with you sometimes
So, baby, let's get on the same page
Stop making me read between the lines

Already know I can't leave it alone
You're on my mind, mm
Already gave you the time and the place
So, don't be shy
Just come be the man I need

Tell me you got something to give, I want it
I kinda like it when you call me ""Wonderful""
Whatever the type of talk it is, come on then
I gotta know you're meant to be the man I need
Talk to me, talk to me
Talk to me, talk to me

Mm, talk to me, talk to me
Be the man that I need, baby (Be the man)
Talk to me, talk to me
Be the man that I need, need, need
Mm, talk to me, talk to me
Be the man that I need, baby (Be the man)
Talk to me, talk to me
Be the man, man, man, man, man

Mm
Mm-mm, mm-mm, mm
Mm-mm, mm
Mm-mm, mm-mm, mm-mm, mm-mm, mm"
7,Dominic Fike,Babydoll,USA,latin,7yNf9YjeO5JXUE3JEBgnYc,7586014,37,7,"And I can't move on, babydoll
Waitin' on calls, flippin' through stations
I'm outclassed and it's outrageous (Ooh)
And I'll take it all, babydoll
Whatever's been weighin' you down (Eeh)

Find me on Miami concrete
Lookin' for somebody different 'cause my daddy was a pimp (Ooh, ooh, ooh)
My mama had her issues but I miss her anyway
Oh, babydoll (Ooh, ooh-ooh)
Please don't call me for the wrong reasons
We both know exactly what I'm thinkin'
Weeks pass and I never grow tired
'Cause I never said never and I barely ever lie
I'm on the road to an original place in outer space
I didn't make it up, but you can't find it on a phone or a globe
And I can take you with me if you really wanna go
Oh, babydoll, I can't move on

And I can't move on, babydoll
Waitin' on calls, flippin' through stations
I'm outclassed and it's outrageous (Ooh)
And I'll take it all, babydoll
Whatever's been weighin' you down"
8,Don Toliver,E85,USA,latin,3B4cjvGlPvyBLNG3AzEgkZ,7469414,5,7,"(
I love
)
(I've been tryin', tryin', tryin', tryin')
(I've been cryin', cryin', cry—)
On the highway and I'm thinkin' that I love her
On the highway and I'm thinkin' there ain't no rubber
On the highway with my significant lover (
I love
)
(I've been tryin', tryin', tryin', tryin')
High octane, more fuel for your consumption, nigga
More 'tane for the vein, nigga (I've been cryin', cryin', cry—)
It's lit, yeah

On the highway and I'm thinkin' that I love her
On the highway and I'm thinkin' there ain't no rubber
On the highway with my significant lover (It go)
(It go, it go)
You been runnin' the summer, you got a brand-new Hummer
We laugh all day like Dumber and Dumber
I'm 'bout to shoot my shot, she lovin' my jumper
My favoritе outfit is her see-through romper

Don't worry, I got you, I promise I won't hurt hеr
She talk like a snappin' turtle, she squirt like that shit fertile
Got drink in my cup, on Kirko, she move that ass in circles
Not sippin' on green, it's purple, we said that shit never hurt, though
I just hope you down for me (I've been tryin', tryin')
'Cause this shit what it supposed to be (
I love
)

On the highway and I'm thinkin' that I love her
On the highway and I'm thinkin' there ain't no rubber
On the highway with my significant lover (It go)
(It go, it go)
You been runnin' the summer, you got a brand-new Hummer
We laugh all day like Dumber and Dumber
I'm 'bout to shoot my shot, she lovin' my jumper
My favorite outfit is her see-through romper (
I love
)

I've been tryin', tryin', tryin', tryin'
I've been cryin', cryin', cry—"
9,Olivia Dean,So Easy (To Fall In Love),USA,latin,6sGIMrtIzQjdzNndVxe397,7185247,23,4,"I could be the twist, the one to make you stop
The icing on your cake, the cherry on the top
There's Heaven in my heart, and we could find you some space, mm
I could be the world to you, the missing piece
The extra sentimental kind of chemistry
Some people make it hard, with me, that isn't the case

'Cause I make it so easy to fall in love
So, come give me a call, and we'll fall into us
I'm the perfect mix of Saturday night and the rest of your life
Anyone with a heart would agree
It's so easy
To fall in love with

The way I do my hair, the way I make you laugh
The way we like to share a walk in Central Park
I could be fresh air, might be the girl of your dreams (Dreams, dreams, dreams)
There's no need to hide if you're into me
'Cause I'm into you quite intimately
And maybe one night could turn into three
Well, I'm down to see

'Cause I make it so easy to fall in love
So, come give me a call, and we'll fall into us
I'm the perfect mix of Saturday night and the rest of your life
Anyone with a heart would agree
It's so easy
To fall in love with me

(Me, me)
Me (Me, me)
Me (Me, me)
Me (Me, me)
It's so easy (Me, me)
It's so easy (Me, me)
It's so easy (Me, me)
Yeah (Me, me)

So easy to fall in love
So, come give me a call, and we'll fall into us
I'm the perfect mix of Saturday night and the rest of your life
Anyone with a heart would agree
It's so easy
To fall in love with me"
10,Bad Bunny,BAILE INoLVIDABLE,USA,latin,2lTm559tuIvatlT1u0JYG2,6446001,61,2,"Pensaba que contigo iba a envejecer
En otra vida, en otro mundo podrá ser
En esta solo queda irme un día
Y solamente verte en el atardecer
Si me ven solo y triste, no me hablen
Si me ven solo y triste, soy culpable
La vida es una fiesta que un día termina
Y fuiste tú mi baile inolvidable
Y fuiste tú mi baile inolvidable
Eh-eh, eh-eh
Eh-eh, eh-eh

Mientras uno está vivo
Uno debe amar lo más que pueda

Pensaba que contigo iba a envejecer
En otra vida, en otro mundo podrá ser
En esta solo queda irme un día
Y ver pa'l cielo a ver si te veo caer
Si me ven solo y triste, no me hablen
Si me ven solo y triste, soy culpable
La vida es una fiesta que un día termina
Y fuiste tú mi baile inolvidable

No, no te puedo olvidar
No, no te puedo borrar
Tú me enseñaste a querer
Me enseñaste a bailar
No, no te puedo olvidar
No, no te puedo borrar
Tú me enseñaste a querer
Me enseñaste a bailar

Yeah-yeah-yeah-yeah, ey
Dime cómo le hago pa' olvidarte
Hay un paso nuevo que quiero enseñarte
En las noche' ya ni puedo dormir
Lo que hago es soñarte

No, no te puedo olvidar
No, no te puedo borrar
Tú me enseñaste a querer
Me enseñaste a bailar

Cómo tú me besabas, cómo yo te lo hacía
Cómo tú me mirabas, bellaquito me ponía
Se siente feo no tenerte cerquita
La nueva mama bien, pero no es tu boquita
Mi diabla, mi ángel, mi loquita
Mi diabla, mi ángel, mi loquita, ey

Esto suena cabrón
Vamo' a hacerlo otra ve'
Como anoche, como anoche
Tan, tan, ta-na-na, ta-na-na
Aprieta, chamaquito, aprieta
¡Ahí, ahí, ahí, vamo' allá!

No, no te puedo olvidar
No, no te puedo borrar
Tú me enseñaste a querer
Me enseñaste a bailar

Ay, yo con cualquiera me puedo acostar
Pero no con cualquiera quiero despertar
Solo con usted, con usted
Yo bailo con usted, na' más con usted
Un beso donde estés, donde estés, bebé

No, no te puedo olvidar
No, no te puedo borrar
Tú me enseñaste a querer
Me enseñaste a bailar

Y yo he tenido muchas novia'
Pero como tú, ninguna
Ya no tengo mi sol, me paso en la luna
Si te pienso, me tiro de una
Eh-eh, mi diabla, mi ángel, mi loquita
Mi diabla, mi ángel, mi loquita, eh-eh"
11,Bad Bunny,Tití Me Preguntó,USA,latin,1IHWl5LamUGEuP4ozKQSXZ,6414499,68,2,"Ey

Tití me preguntó si tengo mucha' novia', mucha' novia'
Hoy tengo a una, mañana otra, ey, pero no hay boda
Tití me preguntó si tengo mucha' novia', je, mucha' novia'
Hoy tengo a una, mañana otra

Me la' vo'a llevar a to'a pa' un VIP, un VIP, ey
Saluden a Tití
Vamo' a tirarno' un selfie, say ""cheese"", ey
Que sonrían las que ya les metí
En un VIP,  un VIP, ey
Saluden a Tití
Vamo' a tirarno' un selfie, say ""cheese""
Que sonrían las que ya se olvidaron de mí

Me gustan mucho las Gabriela
Las Patricia, las Nicole, las Sofía
Mi primera novia en kinder, María
Y mi primer amor se llamaba Thalía
Tengo una colombiana que mе escribe to' los día'
Y una mexicana quе ni yo sabía
Otra en San Antonio que me quiere todavía
Y las de PR que todita' son mía'
Una dominicana que es uva bombón
Uva, uva bombón
La de Barcelona que vino en avión
Y dice que mi bicho está cabrón
Yo dejo que jueguen con mi corazón
Quisiera mudarme con toda' pa' una mansión
El día que me case te envío la invitación
Muchacho, deja eso, ey

Tití me preguntó si tengo mucha' novia', mucha' novia'
Hoy tengo una, mañana otra, ey, pero no hay boda
Tití me preguntó si tengo mucha' novia', ey, ey, mucha' novia'
Hoy tengo una, mañana otra (Mañana otra; ¡rra!)

Tití me preguntó-tó-tó-tó-tó-tó-tó-tó
Tití me preguntó-tó-tó-tó-tó-tó-tó-tó (Qué pámpara)
Tití me preguntó-tó-tó-tó-tó-tó-tó-tó
Tití me preguntó-tó-tó-tó-tó (Pero ven acá, muchacho, ¿y para qué tú quiere' tanta' novia'?)

Me la' vo'a llevar a to'a pa' un VIP, un VIP, ey
Saluden a Tití
Vamo' a tirarno' un selfie, say ""cheese"", ey
Que sonrían las que ya les metí
En un VIP,  un VIP, ey
Saluden a Tití
Vamo' a tirarno' un selfie, say ""cheese""
Que sonrían las que ya se olvidaron de mí

Oye, muchacho 'el diablo azaroso
Suelta ese mal vivir que tú tiene' en la calle
Búscate una mujer seria pa' ti
Chacho 'el diablo, coño

Yo quisiera enamorarme
Pero no puedo, pero no puedo, eh, eh
Yo quisiera enamorarme
Pero no puedo, pero no puedo

Sorry, yo no confío, yo no confío
Nah, ni en mí mismo confío
Si quiere' quedarte hoy que hace frío
Y mañana te va', nah
Muchas quieren mi baby gravy
Quieren tener mi primogénito, ey
Y llevarse el crédito
Ya me aburrí, hoy quiero un totito inédito, je
Uno nuevo, uno nuevo, uno nuevo, uno nuevo (Ey)
Hazle caso a tu amiga, ella tiene razón
Yo vo'a romperte el corazón, vo'a romperte el corazón
Ey, no te enamore' de mí (No, no)
No te enamore' de mí (No, no), ey
Sorry, yo soy así (Así, así), ey
No sé por qué soy así (Ey)
Hazle caso a tu amiga, ella tiene razón
Yo vo'a romperte el corazón, vo'a romperte el corazón (Ey, ey)
No te enamore' de mí (No)
No te enamore' de mí (No), no
Sorry, yo soy así
Ya no quiero ser así, no"
12,Bad Bunny,NUEVAYoL,USA,latin,5TFD2bmFKGhoCRbX61nXY5,6277332,59,3,"¡
Nueva
 Yol
!

Si te quieres divertir
Con encanto y con primor
Solo tienes que vivir (
¿Pa' dónde?
)
Un verano en Nueva York (
¡Nueva York!
)
Si te quieres divertir
Con encanto y con primor (
¿Pero qué es esto?
)
Solo tienes que vivir (
¿Y este frío?
)
Un verano en Nueva York (
Un ratito na' má'
)

Ey, ey, ey, 4 de julio, 4th de July
Ando con mi primo, borracho, rulay
Los mío' en El Bronx saben la que hay
Con la nota en high por Washington Heights
Willie Colón, me dicen ""еl malo"", ey
Porque pasan los año' y sigo dando palo'
Vendiеndo disco' como cuadro' 'e Frida Kahlo
El perico es blanco, sí, sí, el tusi rosita, eh, eh
No te confunda', no, no, mejor evita, ey (Ey)
Un shot de cañita en casa de Toñita y PR se siente cerquita
Sí, sí, sí, tengo el campeonato, nadie me lo quita

The best in the world
Number one, the best in the world, ¿okey? ¡Puerto Rico!

¿Cómo Bad Bunny va a ser rey del pop, ey
Con reggaetón y dembow? Ey
Con reggaetón y dembow, sí
Con reggaetón y dembow
¿Cómo Bad Bunny va a ser rey del pop, ey
Con reggaetón y dembow?
Me siento como el Lapiz en ""Capea El Dough""
Cuando yo nací, fue que nació el flow
De la'o a la'o, ping-pong
Un flow pesa'o, Big Pun
Con silenciador les robamo' las gata', James Bond, ey
Yo estoy en la mía, no tengo adversario, no
Con Los Yankee' y Los Met', Juan Soto
A correr, que otra ve' la sacamo' 'el estadio (Ey)

Si te quieres divertir
Con encanto y con primor
Solo tienes que vivir (
Ya mismo nos vamo'
)
Un verano en Nueva— (
Un ratito má', un ratito
)

Shh, cuida'o, que nadie nos escuche
Shh, cuida'o, que nadie nos escuche
Shh, cuida'o, que nadie nos escuche
Shh, cuida—

Tú tiene' piquete, mami, yo también
Tú estás buena, yo estoy bueno también
Huelo rico y ando con los de cien
Si tú lo quiere', lo tiene' que mover
Tú tiene' piquete, mami, yo también
Tú estás buena, yo estoy bueno también
Huelo rico y ando con los de cien
Si tú lo quiere', lo tiene' que mover

Lo tiene' que move'-ve'-ve'-ve'-ve'-ve'-ve'-ve'-ve'-ve'-ve'-ve'
Lo tiene' que move'-ve'-ve'-ve'-ve'-ve'-ve'-ve'-ve'-ve'-ve'-ve'
Lo tiene' que move'-ve'-ve'-ve'-ve'-ve'-ve'-ve'-ve'-ve'-ve'-ve'
Lo tiene' que move'-ve'-ve'-ve'-ve'-ve'-ve'-ve'-ve'-ve'-ve'-ve'-ve'-ve'-ve'-ve'
Shh"
13,Bruno Mars,Cha Cha Cha,USA,latin,6QletrrmpkUpeJkipX9pgf,6057711,1,13,"You got me drinkin', spendin' my money
Got my lemon pepper steppers on, ooh, girl, you in trouble tonight
Uh, I feel like dancin' (I feel like dancin')
Little mama, you turn me on (Little mama, you turn me on)
Move your body right here, just a little closer next to mine, uh

Come on and cha-cha-cha with me
And I'ma cha-cha-cha with you tonight
Uh, I like it like that, she workin' that back
I don't know how to act, ooh-ooh-ooh
Come on and cha-cha-cha with me
And I'ma cha-cha-cha with you tonight
Uh, I like it like that, she workin' that back
I don't know how to act, ooh-ooh-ooh-ooh

It's on and poppin', the club bouncin' (Ha-ha-ha-ha)
There's a party at The Pinky Ring, ooh, The Hooligans, we outside
Uh, the spotlight's on you now (The spotlight's on you)
Let mе see what you came to do (Let me see what you camе to do)
Girl, the dance floor is yours and you're lookin' ready to set it on fire, uh

Come on and cha-cha-cha with me
And I'ma cha-cha-cha with you tonight
Uh, I like it like that, she workin' that back
I don't know how to act, ooh-ooh-ooh
Come on and cha-cha-cha with me
And I'ma cha-cha-cha with you tonight
Uh, I like it like that, she workin' that back
I don't know how to act, ooh-ooh-ooh-ooh

If you're ready, I'm ready, baby
We can do this all night
Let's go to the moon a little later
Hope you ain't scared to fly

Uh-uh-uh-uh

Come on and cha-cha-cha with me
And I'ma cha-cha-cha with you tonight
Uh, uh, I like it like that, she workin' that back
I don't know how to act, ooh-ooh-ooh
Come on and cha-cha-cha with me, yeah
And I'ma cha-cha-cha with you tonight, yeah
Uh, uh, I like it like that, she workin' that back
I don't know how to act, ooh-ooh-ooh-ooh

Uh"
14,Djo,End of Beginning,USA,latin,3qhlB30KknSejmIvZZLjOD,5964511,93,1,"Just one more tear to cry, one teardrop from my eye
You better save it for
The middle of the night when things aren't black and white
Enter, Troubadour
""Remember twenty-four?""

And when I'm back in Chicago, I feel it
Another version of me, I was in it
I wave goodbye to the end of beginning

This song has started now, and you're just finding out
Now isn't that a laugh?
A major sacrifice, but clueless at the time
Enter, Caroline
""Just trust me, you'll be fine""

And when I'm back in Chicago, I feel it
Another version of me, I was in it
I wave goodbye to the end of beginning
(Goodbye, goodbye, goodbye, goodbye)

You take the man out of the city, not the city out the man
You take the man out of the city, not the city out the man
You take the man out of the city, not the city out the man
You take the man out of the—

And when I'm back in Chicago, I feel it
Another version of me, I was in it
Oh, I wave goodbye to the end of beginning
(Goodbye, goodbye)"
15,Don Toliver,Body,USA,latin,0FlcmZ13DGRmscCroro9GO,5909573,5,5,"Wanna rock your body
Body (
Oh my God, Jaasu, can I try on your glasses?
)
Body
Body
Wanna rock your body

I'm out of control when I'm crushin' on you (
Body
)
She don't tell me no when I'm touchin' on her (
Wanna rock your body
)
H-Town nigga, love a— with a body
Baby, come here, I'ma grip on your body
Y'all niggas ain't got nothin' to say, oh, what you gon' say about her body?
Y'all know I'll pull up and spray, oh, I don't play about her body
Y'all know I'm finna go late, yeah, I'ma go stay around her body
Call me Cassius Clay, oh, I'll go crazy about her 
body

Give me like ten of them, oh (
Body
)
I wanna get in it, uh, yeah, I wanna get in it (
Body
)
Keys to the mansion, house, you know this shit is coated
Droppin' lean in Sprite with the motherfuckin' codeine
I been goin' crazy, spending cash with my crodie (Yeah, with my brodie, wanna rock your body)
I need me a geeker
Hеar this shit ble-bleedin' through your speaker
Know my baby girl, that shе a keeper
Know my baby girl, oh, she a tweaker ('Er— 'er— body)

I'm out of control when I'm crushin' on you (
Body
)
She don't tell me no when I'm touchin' on her (
Wanna rock your body
)
H-Town nigga, love a— with a body
Baby, come here, I'ma grip on your body
Y'all niggas ain't got nothin' to say, oh, what you gon' say about her body?
Y'all know I'll pull up and spray, oh, I don't play about her body
Y'all know I'm finna go late, yeah, I'ma go stay around her body
Call me Cassius Clay, oh, I'll go crazy about her

Okay, just take a chance on me, bae (
Body
)
Okay, I got the feels, can we wait? (
Body
)
Body

I'm out of control when I'm crushin' on you (
Body
)
She don't tell me no when I'm touchin' on her (
Body
)
H-Town nigga, love a— with a body
Baby, come here, I'ma grip on your body
Y'all niggas ain't got nothin' to say, oh, what you gon' say about her body?
Y'all know I'll pull up and spray, oh, I don't play about her body
Y'all know I'm finna go late, yeah, I'ma go stay around her body
Call me Cassius Clay, oh, I'll go crazy about her 
body

Body
Oh, I'll go crazy about her body
Body
Wanna rock your body"
16,Bruno Mars,God Was Showing Off,USA,latin,1sVBT215CDmVJvfy1E2OCU,5718926,1,16,"Uno, dos, tres, y otra vez
Hey, oh, ooh

Is it your eyes that light my sky?
I bet in the pourin' rain, you still shine
Is Heaven your name? (Is Heaven your name?)
Or is it Divine? (Or is it Divine?)
Don't matter, girl, it's gonna look good next to mine

Oh, you little earth angel (Ooh)
The way you're put together, only God can do (Only God can do)
Yeah, I know it, I know it, I know it, I know (Ah)

(God was showin' off)
While makin' you, ooh
(God was showin' off)
(Makin' you, girl)

Ooh, honey, you are a miracle to me
No, you ain't gotta hide your wings
Set them free, set 'em free, yeah
Your hair, your face, your skin, your lips
I ain't never seen beauty likе this
I was blind, but now I see

Ooh, you little earth angel (Ooh)
Thе way you're put together, only God can do (Only God can do)
Yeah, I know it, I know it, I know it, I know (Ah)

(God was showin' off)
While makin' you, oh, yeah
(God was showin' off)
Showin' off (Makin' you, girl)
God was showin' off while makin' you
Makin' you, yeah
(God was showin' off)
Showin' off (Makin' you, girl)
Ooh, ooh

You know, whoever said God don't have favorites
Never seen you before
Now everybody got somethin' special but it's obvious you been blessed
With just a little more
Help me sing

(Hallelujah, hallelujah) Hallelujah
(Hallelujah, hallelujah) Hallelujah
(Hallelujah, hallelujah) Ooh, you make me wanna sing
(Hallelujah)

Oh, you little earth angel (Ooh)
The way you're put together, only God can do (Only God can do)
I know it, babe, know it, babe, know it, girl

(God was showin' off)
While makin' you, woo
(God was showin' off)
Oh, makin' you, girl
I'm talkin' flexin' up in Heaven
Flexin' up in Heaven, ooh-oh
(God was showin' off)
Showin' off (Makin' you, girl)
Come on, rock with me, baby

(Rock, rock) Hey
(Rock, rock) I bet you can walk on water, can't you, girl?
(Rock, rock) And then you can turn that water into wine
(Rock, rock) 'Cause you've been touched by the light
(Rock, rock) The light
(Rock, rock) Yeah
(Rock, rock) Yeah
(Rock, rock)
(Rock, rock)"
17,Alex Warren,FEVER DREAM,USA,latin,7ogpGbKc4Io6NCU6ydxXwZ,5626564,1,17,"How did you know
I was hoping for a sign?
My heart was so
Close to closing time

Somethin' 'bout you hit me like a freight train to the chest, uh-huh
The day we met, uh-huh
My loneliness

Left the room the second that you walked in, somethin' like a fever dream
Haven't slept in weeks, I think I'm seeing things
Like our shadows dancing us out of our clothes
I'll be damned if you love me, damned if you don't

Maybe it's fate, maybe it's late
Told you I ain't no liar
Watching you leave's haunting my dreams

Baby, it hit me like a frеight train to the chest, uh-huh
The day wе met, uh-huh
My loneliness

Left the room the second that you walked in, somethin' like a fever dream
Haven't slept in weeks, I think I'm seeing things
Like our shadows dancing us out of our clothes
I'll be damned if you love me, damned if you don't

One foot on the edge, uh-huh
That silhouette, uh-huh
I can't forget
Somethin' 'bout you hit me like a freight train to the chest, uh-huh
The day we met, uh-huh
My loneliness

Left the room the second that you walked in, somethin' like a fever dream
Haven't slept in weeks, I think I'm seeing things (Seeing things)
Like our shadows dancing us out of our clothes
I'll be damned if you love me, damned if you don't

Oh, if you don't"
18,Alex Warren,Ordinary,USA,latin,2RkZ5LkEzeHGRsmDqKwmaJ,5504835,56,1,"They say, ""The holy water's watered down
And this town's lost its faith
Our colors will fade eventually""
So, if our time is runnin' out
Day after day
We'll make the mundane our masterpiece

Oh, my, my
Oh, my, my love
I take one look at you

You're takin' me out of the ordinary
I want you layin' me down 'til we're dead and buried
On the edge of your knife, stayin' drunk on your vine
The angels up in the clouds are jealous knowin' we found
Somethin' so out of the ordinary
You got me kissin' thе ground of your sanctuary
Shatter me with your touch, oh, Lord, return mе to dust
The angels up in the clouds are jealous knowin' we found

Hopeless hallelujah
On this side of Heaven's gate
Oh, my life, how do ya
Breathe and take my breath away?
At your altar, I will pray
You're the sculptor, I'm the clay

Oh, my, my

You're takin' me out of the ordinary
I want you layin' me down 'til we're dead and buried
On the edge of your knife, stayin' drunk on your vine
The angels up in the clouds are jealous knowin' we found
Somethin' so out (Out) of the ordinary (Ordinary)
You got me kissing the ground (Ground) of your sanctuary (Sanctuary)
Shatter me with your touch, oh, Lord, return me to dust
The angels up in the clouds are jealous knowin' we found

Somethin' so heavenly, higher than ecstasy
Whenever you're next to me, oh, my, my
World was in black and white until I saw your light
I thought you had to die to find

Somethin' so out of the ordinary
I want you laying me down 'til we're dead and buried
On the edge of your knife, stayin' drunk on your vine
The angels up in the clouds are jealous knowin' we found
Somethin' so out (Out) of the ordinary
You got me kissing the ground (Ground) of your sanctuary (Sanctuary)
Shatter me with your touch, oh, Lord, return me to dust
The angels up in the clouds are jealous knowin' we found"
19,Bad Bunny,EoO,USA,latin,6J5kc12BW5HuP3d7C3vvx8,5343477,52,4,"Ella viene por ahí y nunca llega sola, so-so-so-so—
Ella nunca llega sola
To' los bandi-bandido' le sueltan las pistola', pa-pa-pa-pa—
Esta es noche lo que hay-hay-hay-hay-hay (Dice)

Perreo, baby (
Sobeteo, baby
)
Tra-tra, baby (
Hasta abajo, baby
)
En la disco, baby (
Yo te cojo, baby
)
Tra-tra, baby (
Tra-tra, baby
)
Perreo, baby (
Sobeteo, baby
)
Tra-tra, baby (
Hasta abajo, baby
)
En la disco, baby (
Yo te cojo, baby
)
Ey (
Tra-tra, baby
), ey (
Tra-tra, baby
)

Yo se la mamo y se pone contenta
Está wheeleá' y ya cumplió los 30
Después de las 12 no los cuenta
No la llame' en el jangueo si no quiere' que mienta
'Tás escuchando al número uno en venta'
Por eso con nosotro' nadiе inventa
Me siento como un bichotе en los 90
Lo tengo para'o, ven pa' que lo sienta'
Dale, mami, pégate (¡Ah!), vírate
Si me mira' mucho, sabe' que voy a besarte
Dale, mami, pégate (¡Ah!), vírate
Si te beso y me lo agarra', entonce' vo'a llevarte

Mira, puñeta, no me quiten el pe-pe-pe-pe-pe-pe-pe—

Mami, yo sé que tú te vuelve' loca cuando el perreo te azota
Pero obliga'o tú te acuerda' de mí si me ve' por ahí
Mami, yo sé que tú te vuelve' loca cuando el perreo te azota
Pero obliga'o tú te acuerda' de mí, de cuando te di

Perreo, baby, tra-tra, baby
En la disco, baby, vamo' a darle, baby
Hasta abajo, baby, no te quite', baby
Bellaqueo, baby, tú y yo solos, baby
Perreo, baby, tra-tra, baby
En la disco, baby, te lo meto, baby
Aquí mismo, baby, delante de tu baby
Te compro la BM y también el AP

Ey, te doy de'o bailando, mami, estoy testing (Dale), ey
Tráete a tu bestie (Uh), que a la do' le bajamo' el panty (Tra)
Tiene a 20 en lista 'e waiting (Dale)
Te lo tiro en la espalda, body painting (
¡Oh!
)
Rompiendo la calle desde los twenty
Anda cazando, no está dating
Rompe la calle siempre que sale
Mami, tú 'tá fit, vo'a lamberte lo' abdominale'
Rompe la calle siempre que sale
Me gusta' porque tú y yo somo' iguale'
Siempre queremo' perreo, -eo
Tú y yo 'tamo envuelto' en el bellaqueo
Cuando nos ponen perreo, -eo, ey
No me ronquen, cabrone', que acá no lo' veo

'Tás escuchando música de Puerto Rico, cabrón
Nosotro' nos criamo' escuchando y cantando esto
En los caserío', en los barrio'
Desde los 90 hasta el 2000 por siempre
Y ando con el mejor de to' los tiempo, Tainy
Y yo no tengo que roncar, ustedes saben ya
Yeah-yeah-yeah-yeah, yeah-yeah-yeah-yeah
Bad Bunny, baby, Bad Bunny, baby, eh
Tainy, Tainy, Tainy, Tainy
Chequéate la historia"
20,Bella Kay,iloveitiloveitiloveit,USA,latin,5IMpnpD0tQVcqWlVIgtAtV,5324572,3,20,"I like being used, it means I have a purpose
It's the little things you do, at least you're being earnest
Oh, maybe I'm too fragile
But maybe you're too mean
I've never been real good at deciphering things

Let's let fate decide
Heads, we go to yours, tails, we go to mine
You're a bad idea
But a real good time

Oh, and I'd be lying if I said I didn't love it, 'cause I do
I'm a couple minutes out from rеlapsing into you, oh, fuck it
Baby, I love it
I love it, I love it, I
I lovе it when we fight, and I like it when you're mean
We don't have to get into what that says about me, oh, shut it
Baby, I love it
I love it, I love it, I

I could tell you the truth, but first you gotta earn it
Don't gotta last 'til the moon, just tell me that I'm perfect
Oh, maybe I'm too easy (Oh, maybe I'm too easy)
But maybe you're too hard (But maybe you're too hard)
I've always been real good at taking it too far

Let's let fate decide
Heads, we go to yours, tails, we go to mine
You're a bad idea
But a real good time

Ooh, I'd be lying if I said I didn't love it, 'cause I do
I'm a couple minutes out from relapsing into you, oh, fuck it
Baby, I love it
I love it, I love it, I
I love it when we fight, and I like it when you're mean
We don't have to get into what that says about me, oh, shut it
Baby, I love it
I love it, I love it, I

(Hmm) I'm a couple minutes out from relapsing
Do you remember the last time this happened?
(Hmm) Baby, relax, sometimes it happens
Baby, relax, sometimes it happens
(Hmm) I'm a couple minutes out from relapsing
Is the key still under the mat?
(Hmm) Can you imagine the last time this happened?
Yeah, I, I loved it, I, I loved it, I

I'd be lying if I said I didn't love it, 'cause I do
I'm a couple minutes out from relapsing into you, oh, fuck it
I only love it 'cause it's you"
21,The Killers,Mr. Brightside,USA,latin,003vvx7Niy0yvhvHt4a68B,5322691,284,16,"Comin' out of my cage and I've been doin' just fine
Gotta, gotta be down because I want it all
It started out with a kiss, how did it end up like this?
It was only a kiss, it was only a kiss
Now I'm falling asleep and she's calling a cab
While he's having a smoke and she's taking a drag
Now they're goin' to bed and my stomach is sick
And it's all in my head, but she's touching his

Chest now
He takes off her dress now
Let me go
And I just can't look, it's killing me
And taking control

Jealousy
Turning saints into the sea
Swimming through sick lullabies
Choking on your alibis
But it's just the price I pay
Destiny is calling me
Open up my eager eyes
'Cause I'm Mr. Brightside


I'm comin' out of my cage and I've been doin' just fine
Gotta, gotta be down because I want it all
It started out with a kiss, how did it end up like this?
(It was only a kiss) It was only a kiss
Now I'm falling asleep and she's calling a cab
While he's havin' a smoke and she's taking a drag
Now they're goin' to bed and my stomach is sick
And it's all in my head, but she's touching his

Chest now
He takes off her dress now
Let me go
'Cause I just can't look, it's killing me
And taking control

Jealousy
Turning saints into the sea
Swimming through sick lullabies
Choking on your alibis
But it's just the price I pay
Destiny is calling me
Open up my eager eyes
'Cause I'm Mr. Brightside


I never
I never
I never
I never"
22,sombr,Homewrecker,USA,latin,7tICCrK3CcyRFKza7yrR0z,5283234,4,12,"Ooh-ooh-ooh, ooh-ooh-ooh
Ooh-ooh-ooh, ooh-ooh-ooh
Ooh-ooh-ooh, ooh-ooh-ooh, ooh

You hit like a drunk cigarette
The feelin' amplified
By sayin' things we never meant, oh, yeah
You leave me filled with regret
At the end of the night
I always find myself wonderin' why, oh, yeah

Do you got plans for life?
'Cause I don't wanna just romance tonight
I wanna see you in another light, oh, yeah
With rhythm, there is rhyme
With you, there always can be I
I wanna see you in another light, ooh

I don't wanna talk down on your lover
I don't wanna be a homewrecker
I just know I can be better, bе better, be bеtter
I don't wanna talk down on your lover
I don't wanna be a broken record
I just know I can be better, be better, be better

We sit on the fire escape
We talk and talk 'til dawn
I open up to you about my wrongs, oh, yeah
Then we lay and contemplate
Just one more round of love
Before you go home to another one

Do you got plans for life?
'Cause I don't wanna just romance tonight
I wanna see you in another light, oh, yeah
With rhythm, there is rhyme
With you, there always can be I
I wanna see you in another light, ooh

I don't wanna talk down on your lover
I don't wanna be a homewrecker
I just know I can be better, be better, be better
I don't wanna talk down on your lover
I don't wanna be a broken record
I just know I can be better, be better, be better

I don't wanna be how you formulate opinions on astrology, oh no
Or to say we made peace
And then your friends don't even wanna talk to me, no more, no more
I wanna kiss you on the bed and on the floor
When I'm poor, when I'm bored
I am yours, I am yours, I am yours

I don't wanna talk down on your lover
I don't wanna be a homewrecker
I just know I can be better, be better, be better
I don't wanna talk down on your lover
I don't wanna be a broken record
I just know I can be better, be better, be better

Ooh-ooh-ooh, ooh-ooh-ooh (Oh-oh)
Ooh-ooh-ooh, ooh-ooh-ooh (Oh-oh)
Ooh-ooh-ooh, ooh-ooh-ooh (Oh-oh)
Ooh-ooh-ooh, ooh-ooh-ooh"
23,sombr,back to friends,USA,latin,7qjZnBKE73H4Oxkopwulqe,5188435,50,2,"Touch my body tender
'Cause the feeling makes me weak
Kicking off the covers
I see the ceiling while you're looking down at me

How can we go back to being friends
When we just shared a bed?
How can you look at me and pretend
I'm someone you've never met?

It was last December
You were layin' on my chest
I still remember
I was scared to take a breath
Didn't want you to movе your head

How can we go back to being friеnds
When we just shared a bed? (Yeah)
How can you look at me and pretend
I'm someone you've never met?

The devil in your eyes
Won't deny the lies you've sold
I'm holding on too tight
While you let go
This is casual

How can we go back to being friends
When we just shared a bed? (Yeah)
How can you look at me and pretend
I'm someone you've never met?
How can we go back to being friends
When we just shared a bed? (Yeah)
How can you look at me and pretend
I'm someone you've never met?

I'm someone you've never met (Yeah)"
24,"HUNTR/X, EJAE, AUDREY NUNA, REI AMI, KPop Demon Hunters Cast",Golden,USA,latin,1CPZ5BxNNd0n0nF4Orb9JS,5165888,37,1,"[Verse: Rumi, 
Zoey
, 
Mira
, 
All
]
I was a ghost, I was alone
어
두워진 
앞
길속에 (
Ah
)
Given the throne, I didn't know 
how
 to believe (
Hah
)
I was the queen that I'm meant to be (
Ah
)
I lived two lives, tried to play both sides (
Oh
)
But I couldn't find my own place
 (
Oh
)
Called a problem child 'cause I got too wild
But now that's how I'm getting paid, 끝없이 on stage

I'm done hidin', now I'm shinin'
Like I'm born to be
We dreamin' hard, we came so far
Now I believe
[Chorus: All, 
Rumi
]
We're goin' up, up, up, it's our moment
You know together we're glowin', gonna be, gonna be golden
Oh, up, up, up with our voices
영원히 깨질 수 없는 gonna be, gonna be golden
Oh, I'm done hidin', now I'm shinin'
Like I'm born to be
Oh, our time, no fears, no lies
That's who we're born to be

Waited so long to break these walls down
To wake up and feel like me
Put these patterns all in the past now
And finally live like the girl they all see

No more hiding, I'll be shining
Like I'm born to be
'Cause we are hunters, voices strong
And I know I believe
[Chorus: All, 
Rumi
]
We're goin' up, up, up, it's our moment
You know together we're glowing, gonna be, gonna be golden
Oh, up, up, up with our voices
영원히 깨질 수 없는 gonna be, gonna be golden
Oh, I'm done hidin', now I'm shining
Like I'm born to be
Oh, our time, no fears, no lies
That's who we're born to be
[Outro: Rumi, 
All
]
You know we're gonna be, gonna be golden, we're gonna be, gonna be (
Oh
)
Born to be, born to be glowin', 밝게 빛나는 우리
You know that it's our time, no fears, no lies (Oh)
That's who we're born to be"
25,Taylor Swift,The Fate of Ophelia,USA,latin,53iuhJlwXhSER5J2IYYv1W,5146569,22,1,"I heard you calling on the megaphone
You wanna see me all alone
As legend has it, you are quite the pyro
You light the match to watch it blow

And if you'd never come for me
I might've drowned in the melancholy
I swore my loyalty to me (Me), myself (Myself), and I (I)
Right before you lit my sky up

All that time
I sat alone in my tower
You were just honing your powers
Now I can see it all (See it all)
Late one night
You dug me out of my grave and
Saved my heart from the fate of
Ophelia (Ophеlia)

Keep it one hundred on the land (Land), thе sea (Sea), the sky
Pledge allegiance to your hands, your team, your vibes
Don't care where the hell you've been (Been) 'cause now (Now) you're mine
It's 'bout to be the sleepless night you've been dreaming of
The fate of Ophelia

The eldest daughter of a nobleman
Ophelia lived in fantasy
But love was a cold bed full of scorpions
The venom stole her sanity

And if you'd never come for me (Come for me)
I might've lingered in purgatory
You wrap around me like a chain (A chain), a crown (A crown), a vine (A vine)
Pulling me into the fire

All that time
I sat alone in my tower
You were just honing your powers
Now I can see it all (See it all)
Late one night
You dug me out of my grave and
Saved my heart from the fate of
Ophelia (Ophelia)

Keep it one hundred on the land (Land), the sea (The sea), the sky
Pledge allegiance to your hands, your team, your vibes
Don't care where the hell you've been (Been) 'cause now (Now) you're mine
It's 'bout to be the sleepless night you've been dreaming of
The fate of Ophelia

'Tis locked inside my memory
And only you possess the key
No longer drowning and deceived
All because you came for me
Locked inside my memory
And only you possess the key
No longer drowning and deceived
All because you came for me

All that time
I sat alone in my tower
You were just honing your powers
Now I can see it all (I can see it all)
Late one night
You dug me out of my grave and
Saved my heart from the fate of
Ophelia (Ophelia)

Keep it one hundred on the land (Land), the sea (The sea), the sky
Pledge allegiance to your hands (Your hands), your team, your vibes
Don't care where the hell you've been (You've been) 'cause now ('Cause now) you're mine
It's 'bout to be the sleepless night you've been dreaming of
The fate of Ophelia

You saved my heart from the fate of Ophelia"
26,Fleetwood Mac,Dreams - 2004 Remaster,USA,latin,0ofHAoxe9vBkTCp2UQIavz,5038615,267,6,"Stevie Nicks - Edge of Seventeen (2016 Remaster)
Joan Jett & The Blackhearts - I Love Rock 'N Roll
Blondie - One Way Or Another
The Cranberries - Zombie
4 Non Blondes - What's Up?
Big Brother & The Holding Company - Piece of My Heart (feat. Janis Joplin)
Heart - Barracuda
Pat Benatar - Hit Me With Your Best Shot (1999 Digital Remaster)
Alabama Shakes - Don't Wanna Fight
Amy Winehouse - Back To Black
K.Flay - Blood In The Cut
HAIM - The Wire
Hole - Celebrity Skin
Tash Sultana - Jungle (Radio Edit)
Florence + The Machine - Dog Days Are Over
Saint Agnes - Welcome to Silvertown
Alanis Morissette - You Oughta Know (2015 Remaster)
LP - Lost on You
Patti Smith - Because the Night
Joan Jett & The Blackhearts - I Hate Myself for Loving You
Paramore - Misery Business
Carly Simon - You're so Vain
Fleetwood Mac - Dreams (2004 Remaster)
Elle King - Ex's & Oh's
The Cardigans - Lovefool
Dorothy - Raise Hell
No Doubt - Just A Girl
Hannah Wicklund & The Steppin Stones - Bomb Through the Breeze
The Interrupters - She's Kerosene
The Ting Tings - Shut Up and Let Me Go
The Breeders - Cannonball
Meg Myers - Running Up That Hill
Annie Lennox - I Put A Spell On You
Grace Potter & The Nocturnals - Paris (Ooh La La)
Jade Bird - I Get No Joy
The Runaways - Cherry Bomb
Yeah Yeah Yeahs - Heads Will Roll (A-Trak Remix Radio Edit)
PJ Harvey - Down By The Water
Bishop Briggs - River
Fleetwood Mac - Everywhere (2017 Remaster)
YONAKA - Teach Me To Fight
Juliet Simms - It’s A Man’s, Man’s, Man’s World (The Voice Performance)
Mazzy Star - Fade Into You
Letters To Cleo - I Want You To Want Me (Soundtrack)
Halestorm - I Miss The Misery
The New Respects - Trouble
Grace Mitchell - Kids (Ain't All Right)
The Pretty Reckless - Take Me Down
PVRIS - You and I
Garbage - #1 Crush
Joan Jett & The Blackhearts - Crimson and Clover
Dead Sara - Weatherman
Bleached - Wednesday Night Melody
Evanescence - Bring Me To Life
The Kills - Future Starts Slow
Björk - Army Of Me
Jefferson Airplane - Somebody to Love
Emily Wolfe - Atta Blues
The Beaches - Give It Up
'Til Tuesday - Voices Carry (Single Mix)
Edie Brickell & New Bohemians - What I Am
Best Coast - Feeling Ok
The Go-Go's - We Got The Beat (Single Mix)
Metric - Help I'm Alive
The Aces - Stuck
Rilo Kiley - Portions for Foxes
MS MR - Hurricane
Luscious Jackson - Naked Eye
Flyleaf - All Around Me
Gin Wigmore - Black Sheep
Marmozets - Captivate You
Lana Del Rey - Young And Beautiful
Kendra Morris - Banshee
Tigress - Power Lines
First Aid Kit - My Silver Lining
L7 - Pretend We're Dead
In This Moment - Oh Lord
New Years Day - Skeletons
Eliot Sumner - Halfway To Hell
Veruca Salt - Seether
Of Monsters and Men - Crystals
Joan Jett & The Blackhearts - Cherry Bomb
Lita Ford - Kiss Me Deadly
Indigo Girls - Closer to Fine
Melissa Etheridge - Like The Way I Do
Lissie - Daughters
Brandi Carlile - The Story
Cilver - I'm America
Kate Bush - This Woman's Work
BLOXX - Curtains
The Regrettes - California Friends
Liz Phair - Never Said (Remastered)"
27,Bruno Mars,Why You Wanna Fight?,USA,latin,3Ac4AjYkqsvop2ydbSAhTX,4968802,1,27,"Ooh-woo (Ooh)
Woo
Woo (Ooh)
Ah

Why you wanna fight with me, baby?
Wouldn't you rather make love tonight?
Tell me why you wanna fight with me, baby?
Let me show you I can make it right, oh

You want me knockin' on the door, cryin' in the rain
Babygirl, for you, I'll do all them things
(I'm beggin') I'm beggin', baby (Beggin', don't go)
I'm beggin', don't go, baby, no, no, no
I've apologized, but you keep goin' on
Ain't too proud to say it, I admit, I was wrong
Stop playin' with me, come back home

Why you wanna fight with me, baby? (Why you wanna fight?)
Wouldn't you rather make love tonight? (Sweet love)
Tell me why you wanna fight with me, baby? (Why you wanna fight?)
Let me show you I can make it right, oh-oh-oh

Just run into my arms, let's just start again
Girl, I'll call your momma, plead with all your friends
(I'll do it) Yes, I will (Do it for us)
Oh, I'll do it for us 'cause enough is enough
We can work this out, don't say that it's through
You may hatе me now, but I never stoppеd lovin' you
That's what we not gon' do

Why you wanna fight with me, baby? (Why you wanna fight?)
Wouldn't you rather make love tonight? (Sweet love)
Tell me why you wanna fight with me, baby? Uhh (Why you wanna fight?)
Let me show you I can make it right
I can make it right, oh, oh, baby

Come home (Oh)
Home (Ooh)
I can't stop thinkin' about you, girl
My world just ain't the same without you, girl, oh
Come home (Oh-woah)
Home (Ooh)
If your heart hurt just like mine
I'ma ask you one more time

Why you wanna fight with me, me, babe? (Why you wanna fight?)
Wouldn't you rather make love? Sweet love (Sweet love)
Sweet, tender love
Why, why, why, why, why, why, why? (Why you wanna fight?)
Let me show you I can make it right
Oh, I can make it right tonight"
28,Ella Langley,Be Her,USA,latin,05CjWFAcAlY6O9po6Qwakk,4907065,3,23,"She drinks wine by the glass, not by the bottle
She ain't stuck on the past, ain't worried about tomorrow
She's a lover, a mother, a sister, and wife
She rolls over in the morning to the love of her life
Only smokes one on vacation, says just what she thinks
She don't need validation or much of anything

I just wanna be her so bad, it hurts so bad, it hurts so
I just wanna be her, I just wanna be her
I just wanna be her so bad, it hurts so bad, it hurts so
I just wanna be her, I just wanna be her so bad
It hurts so bad

She knows being rich is just a state of mind
She stays talkin' to Jesus, calls her mama all the time
She don't over-embellish, if she says it, then it's true
I don't mean to sound jealous, but what could I do 'cause

I just wanna be her so bad, it hurts so bad, it hurts so
I just wanna be her, I just wanna be her
I just wanna be her so bad, it hurts so bad, it hurts so
I just wanna be her, I just wanna be her

Don't want all this drama, give me something real
Trade a mile high to walk one in her heels
Take all my money, everything I have
I just wanna be her, I just wanna be her so bad
It hurts so bad

I just wanna be her so bad, it hurts so bad, it hurts so
I just wanna be her, I just wanna be her
I just wanna be her so bad, it hurts so bad, it hurts so
I just wanna be her, I just wanna be her

Don't want all this drama, give me something real
Trade a mile high to walk one in her heels
Take all my money, everything I have
I just wanna be her, I just wanna be her so bad
It hurts so bad

I just wanna be her, I just wanna be her so bad
Yeah, it hurts so bad"
29,Ella Langley,weren't for the wind,USA,latin,2A22iI0x4EYAVXNpKPhNEM,4806197,46,15,"I wouldn't paint me as a heartbreaker
But I've said a few goodbyes
I'd make a promise but I know later
I'm bound to change my mind
Depending on the weather, I'm goin'
Hell, baby, nobody knows when
Yeah, if it was a different time
Might've been different in a different life

Maybe that plane wouldn't ever take off
Maybe that dust wouldn't fly off the drive
Maybe that tumbleweed and me
Wouldn't leave every other sunrise
Maybe I'd settle down, dig in some roots
Find me a farmhouse, find me you
Maybe I wouldn't be already gone again
If it weren't for the wind

I wouldn't stay wonderin' what's out there
I wouldn't saddle up on a breeze
I wouldn't disappear out of thin air
I could put down these wings

Maybe that plane wouldn't ever take off
Maybe that dust wouldn't fly off the drive
Maybe that tumbleweed and me
Wouldn't leave every other sunrise
Maybe I'd settle down, dig in some roots
Find me a farmhouse, find me you
Maybe I wouldn't be already gone again
If it weren't for the wind

Blowin', carryin' me to the wide open
White lines rollin' and the tires smokin'
It wouldn't be the rearview I'm lookin' in
If it weren't for the wind
If it weren't for the wind

Maybe that plane wouldn't ever take off
Maybe that dust wouldn't fly off the drive
Maybe that tumbleweed and me
Wouldn't leave every other sunrise
Maybe I'd settle down, dig in some roots
Find me a farmhouse, find me you
Maybe I wouldn't be already gone again
If it weren't for the wind

Blowin', carryin' me to the wide open
White lines rollin' and the tires smokin'
It wouldn't be the rearview lookin' in
If it weren't for the wind

If it weren't for the wind"
30,Bruno Mars,Dance With Me,USA,latin,1myZ6GQewhAzMH2dKtKSWK,4806053,1,30,"Ooh-ooh-ooh, ooh, ooh, ooh, ooh (Mm)
Ooh-ooh-ooh, ooh, ooh, ooh

Dance with me, darling
Just one more time
Take my hand and let's just slow dance all night
Girl, you know I'm hoping
Hoping when the music ends
You and I will fall in love all over again

Dance with me, darling
Just one more time
Put your pride aside, right here next to mine
Girl, you know I'm hoping
Hoping when the music ends
You and I will fall in love all over again, yeah

(All the stars) All the stars are out tonight
Ooh, maybe they'll shine a little light
Help us find what we're trying to find
It's been so long since I held you tight
I won't lеt you go 'til we get it right

Will you dance with mе, darling?
One more time

It's the only thing that we ain't try
Girl, you know I'm hoping
Hoping when the music ends
You and I (You and I) will fall in love (Fall in love)

All over again
(Ooh-ooh-ooh, ooh, ooh, ooh, ooh)
All over again
(Ooh-ooh-ooh, ooh, ooh, ooh, ooh)

Will you dance with me, darling? (Dance with me, darling, dance with me just one more time)
Please, please, please
(Dance with me, darling, dance with me just one more time) Oh, just one more time
(Dance with me, darling, dance with me just one more time)
Oh, I gotta let you know, baby, I still love you (Dance with me, darling, dance with me just one more time)
And I don't wanna dance with nobody, nobody, nobody but you (Dance with me, darling, dance with me just one more time)
Nobody but you (Dance with me, darling, dance with me just one more time)
Ooh (Dance with me, darling, dance with me just one more time)
Ooh-ooh, ooh"
31,Luke Combs,Be By You,USA,latin,7aLndReanHBzpTGE5Am9H8,4755976,3,13,"Kinda like an old jon boat on some large mouth water
Kinda like that breeze that blows through a sweet home holler
I can't leave your lovin' alone
Where you are is where I belong

I hope I ain't comin' on too strong
Just wanna hold you close, baby
Kinda looks like you do too
I just wanna make love, wake up next to you
No makeup, baby, nothing beats that view
I guess what it comes down to
Is I just wanna be by you

Love it when your bench seat blues slide to the middle
I'm stuck to you like glue, on your hip like a pistol
Wanna find me, you ain't gotta look far
There's nothing that can pull us apart

And I hope I ain't comin' on too strong
Just wanna hold you close, baby
Kinda looks like you do too
I just wanna make love, wake up next to you
No makeup, baby, nothing beats that view
I guess what it comes down to
Is I just wanna be by you

If the days ends in Y
If the sun or the moon hangin' up in the sky

I hope I ain't comin' on too strong
Just wanna hold you close, baby
Kinda looks like you do too
I just wanna make love, wake up next to you
No makeup, baby, nothing beats that view
I guess what it comes down to
Is I just wanna be by you"
32,Morgan Wallen,I Got Better,USA,latin,4gfrYDtaRmp6HPvN80V2ob,4736574,42,3,"Everything's still pretty much the same 'round here
Neighbors still shootin' all of next year's deer
Boys still lose 'less they're playin' at home
But I got better since you got gone
I'm still a few too many on a Friday night
I still try to step in when it ain't my fight
I'm still me, don't get me wrong
But I got better since you got gone

Swear it was like, ""I'll be damned""
I'm finally back to bein' who I am
When we were over, it was overnight
Light came on, it all felt right, when it all went wrong
You turned me loose
Wasn't no tellin' who I'd turn into
But it turns out me and you together's why it took so long
'Cause I got better since you got gone

For a little while there, you had me convinced
That my mama was the devil, now we're talkin' again
My friends you hated ain't said one word
Besides, ""You got better since you lost her""

Swear it was like, ""I'll be damned""
I'm finally back to bein' who I am
When we were over, it was overnight
Light came on, it all felt right, when it all went wrong
You turned me loose
Wasn't no tellin' who I'd turn into
But it turns out me and you together's why it took so long
'Cause I got better since you got gone
Oh, baby, since you got gone

And I ain't sayin' you're the sleep that I lost
But I never slept this good before
I ain't sayin' you're the weight on my back
I'm just sayin' that it ain't there no more

I'll be damned
I'm finally back to bein' who I am
When we were over, it was overnight
Light came on, it all felt right, when it all went wrong
You turned me loose
Wasn't no tellin' who I'd turn into
But it turns out me and you together's why it took so long
'Cause I got better since you got gone
Yeah, baby, since you got gone"
33,RAYE,WHERE IS MY HUSBAND!,USA,latin,55lijDD6OAjLFFUHU9tcDm,4721327,24,10,"Baby (Woo-hoo), where the hell is my husband? (Woo-hoo)
What is takin' him so long to find me? (Woo-hoo)
Oh, baby, where the hell is my lover?
Getting down with another? (Woo-hoo, yeah)
Tell him if you see him, baby (Baby), if you see him, tell him (Tell him)
He should holler

Why is this beautiful man waiting for me to get old?
Why he already testing my patience?
I only fear he taking time with other women that ain't me
While I've been reviewin' applications
Wait till I get my hands on him, I'ma tell him off too
For how long he kept me waitin', anticipatin'
Prayin' to the Lord to givе him to my lovin' arms
And despite my frustrations

And he must need mе (He must need me)
Completely (Completely)
How my heart yearns for him
Is he far away? (Is he far away?)
Is he okay? (Is he okay?)
This man is testing me, uh-huh, uh-huh, uh
Help me, help me, help me, Lord
I need you to tell me

Baby (Woo-hoo), where the hell is my husband? (Woo-hoo)
What is taking him so long to find me? (Woo-hoo)
Oh, baby, where the hell is my lover?
Getting down with another? (Woo-hoo, yeah)
Tell him if you see him, baby (Baby), if you see him, tell him (Tell him)
He should holler

I'm doing lonely acrobatics, unzipping my dress at 2 a.m. ​
And I'm tired of living like this
He must be out there getting ready, tryna fix up his tie
Uh, huh-huh, uh, hello? This where your wife is
Wait till I get your heart goin', I'ma turn it up too
For how much I'm 'bout to love ya, no one above ya
Prayin' to the Lord to hurry, hurry you along
Baby, I intend to rush ya

And he must need me (He must need me)
Completely (Completely)
How my heart yearns for him
Is he far away? (Is he far away?)
Is he okay? (Is he okay?)
This man is testing me, uh-huh, uh-huh, uh (Help me)
Help me, help me, help me, Lord
I need you to tell me

Baby (Woo-hoo), where the hell is my husband? (Woo-hoo)
What is taking him so long to find me? (Woo-hoo)
Oh, baby, where the hell is my lover?
Getting down with another? (Woo-hoo, yeah)
Tell him if you see him, baby (Baby), if you see him, tell him (Tell him)
He should holler

Tuh, tuh, tuh, tuh
Tell him I'm mm, tell him I'm mm with the mm-mm-mm
Tell him I'm kind, tell him I'm 5'5""
Tell him I've got brown eyes and a growing fear
That if he doesn't find me now
I'm gonna die alone, so can he
Uh, uh, uh, uh, uh (Hurry up here, sir)
Uh-uh, uh-uh-uh, uh-huh, uh-huh, uh-huh
I want it, want it, want it, want it, want it
I would like a ring, I would like a ring
I would like a diamond ring on my wedding finger
I would like a big and shiny diamond that I can wave around
And talk, and talk about it
And when the day is here, forgive me God, that I could ever doubt it
Until death, I do, I do, I do, I
Is he about it, 'bout it, 'bout it?

This man is testing me, uh-huh, uh-huh, uh
Help me, help me, help me, Lord
I need you to tell me

Baby (Woo-hoo), where the hell is my husband? (Woo-hoo)
What is taking him so long to find me? (Woo-hoo)
Oh, baby, where the hell is my lover?
Getting down with another? (Woo-hoo, yeah)
Tell him that my grandma said it, tell him grandma said it
""Your husband is 
coming""

I would like a ring, I would like a ring
I would like a diamond ring on my wedding finger
I would like a big and shiny (Woo)
Diamond (Yes), diamond (Yes), diamond (Yes), diamond (Yes), diamond (Yes), oh (Oh)
Where is my husband? (Ah)"
34,Bruno Mars,On My Soul,USA,latin,4i4BVY2JiH4mDSLIBdNGKD,4685414,1,34,"Ooh
Oh-oh, oh-oh, oh
Mmm

Baby, we should be together
Love's so hard to find
Break your heart? I would never
Girl, I'd rather die

(Say, baby) I really want ya
(Say, baby) I wanna give you my name
(Say, baby) I'll forever be yours
Every hour, every night, every day

On my soul
I'ma love you like you've never been loved before
On my soul
I'ma love you like you've never been loved before
Put it on anything, put it on everything
On my soul, on my soul

I've traveled all around the world
And now here you are
Turns out you don't need a rocket ship, no
To find your own shooting star

(Say, baby) I really want ya
(Say, baby) I wanna give you my name
(Say, baby) I'll forever be yours
Every hour, every night, every day

On my soul, yeah
I'ma love you like you've never been loved before
On my soul, yeah
I'ma love you like you've never been loved before
Put it on anything, put it on everything
On my soul, on my soul

Oh-oh-oh
I'm tryna live the dream
But I need you on my team
So if you want me like I want you
Let me hear you scream
(Woo-hoo) Oh, woah, woah
(Woo-hoo) Oh, woah-oh
(Woo-hoo) Oh, woah, oh-woah
(Woo-hoo) Yeah, yeah

On my soul, oh
I'ma love you like you've never been loved before
Put it on my soul, ooh
I'ma love you like you've never been loved before
Oh, put it on anything, put it on everything
On my soul, on my soul"
35,Radiohead,Creep,USA,latin,70LcF31zb1H0PyJoS1Sx1r,4377046,95,12,"When you were here before
Couldn't look you in the eye
You're just like an angel
Your skin makes me cry
You float like a feather
In a beautiful world
I wish I was special
You're so fuckin' special

But I'm a creep
I'm a weirdo
What the hell am I doin' here?
I don't belong here

I don't care if it hurts
I wanna have control
I want a perfect body
I want a perfect soul
I want you to notice
When I'm not around
You're so fuckin' special
I wish I was special

But I'm a creep
I'm a weirdo
What the hell am I doin' here?
I don't belong here
Oh-oh, oh-oh

She's runnin' out the door
She's runnin' out
She run, run, run, run
Run

Whatever makes you happy
Whatever you want
You're so fuckin' special
I wish I was special

But I'm a creep
I'm a weirdo
What the hell am I doin' here?
I don't belong here
I don't belong here"
36,The Goo Goo Dolls,Iris,USA,latin,6Qyc6fS4DsZjB2mRW9DsQs,4334230,106,13,"And I'd give up forever to touch you
'Cause I know that you feel me somehow
You're the closest to heaven that I'll ever be
And I don't wanna go home right now
And all I could taste is this moment
And all I can breathe is your life
And sooner or later, it's over
I just don't wanna miss you tonight

And I don't want the world to see me
'Cause I don't think that they'd understand
When everything's made to be broken
I just want you to know who I am


And you can't fight the tears that ain't comin'
Or the moment of truth in your lies
When everything feels like the movies
Yeah, you bleed just to know you're alive

And I don't want the world to see me
'Cause I don't think that they'd understand
When everything's made to be broken
I just want you to know who I am


And I don't want the world to see me
'Cause I don't think that they'd understand
When everything's made to be broken
I just want you to know who I am
And I don't want the world to see me
'Cause I don't think that they'd understand
When everything's made to be broken
I just want you to know who I am
I just want you to know who I am
I just want you to know who I am
I just want you to know who I am"
37,Lil Uzi Vert,What You Saying,USA,latin,7cjoZVmWe2xsGR4wcXiV2v,4140951,10,6,"(
MC, make another hit
)

I don't even know what she said 'cause she foreign (Let's go)
Yeah, she foreign
And she got endurance
Like the way she 'forms
And she gon' perform it
Look the same in morning (Woah)
She don't stop, keep going (Keep going)
I don't even know what she said, but this what I hear in my head
[Refrain: Lil Uzi Vert & 
Indila
]
Il, il n'est pas fou (Huh?), il l'aime c'est tout (What?)
Il la voit partout (Wait), il l'attend debout (What she say?)
Debout une rose à la main (Yes), non, non plus rien ne le retient (Oh, and she start breathin' like)
Dans sa love story (Woah)
Dans sa love story (Let's go)
Dans sa love story
Sa love story (Then she switch the pace up)

Okay, I really do get you
What I make in a day, what they make in a life
Is it 'cause that I'm paid, you tryna stay the night?
You keep rubbing all on my face, make me feel I'm your type
I guess that we on the same page 'cause I'm just tryna strike (Okay, I really do get you, woah)
What I make in a day, what they make in a life
Is it 'cause that I'm paid, you tryna stay the night?
You keep rubbing all on my face, make me feel I'm your type
I guess that we on the same page 'cause I'm just tryna strike (Woah)
[Refrain: Lil Uzi Vert & 
Indila
]
Il, il n'est pas fou (Huh?), il l'aime c'est tout (Keep goin')
Il la voit partout (Woah), il l'attend debout (What she say?)
Debout une rose à la main (Go), non, non plus rien ne le retient (Ah, ah, ah)
Dans sa love story
Dans sa love story
Dans sa love story
Sa love story

I don't even know what she said 'cause she foreign (Let's go)
Yeah, she foreign
And she got endurance
Like the way she 'forms
And she gon' perform it
Look the same in morning (Woah)
She don't stop, keep going (Keep going)
I don't even know what she said but this what I hear in my head"
38,SIENNA SPIRO,Die On This Hill,USA,latin,2gYTC8DsplN3RNdpdBcCOQ,4125887,10,15,"Got me to stay, said that you need me
Starved 'cause these words don't have a meaning
No, they don't, at least not to me
There'll be a day, I'll be more creative
A poetic way to say, ""I'm not leaving""
To the world, not to your face, mm

I'll take my pride, stand here for you
No, I'm not blind, just seeing it through
You'd take my life just for the thrill
I'll take tonight and die on this hill
I always will

Know that I look stubborn, impatient
But you wrote the book, I just took a page out
To be loved, to be loved and nothing more
And you kept your word, do you want a medal?
The way that someone leaves this world
Is all just levels to me now, oh, to me now

I'll take my pride, stand here for you
Know I'm not blind, just seeing it through
You'd take my life just for the thrill
I'll take tonight and die on this hill
I always will

I'll be here the whole night
I'll be here 'cause I can
Yeah, I know you don't care
I know nothing could matter
God, I wish something mattered to you

I'll take my pride, stand here for you
Know I'm not blind, just seeing it through
You'd take my life just for the thrill
I'll take tonight and die on this hill
I always, always, I always will"
39,Zara Larsson,Lush Life,USA,latin,1rIKgCH4H52lrvDcz50hS8,4063841,10,19,"I live my day as if it was the last
Live my day as if there was no past
Doin' it all night, all summer
Doin' it the way I wanna
Yeah, I'ma dance my heart out 'til the dawn
But I won't be done when morning comes
Doin' it all night, all summer
Gonna spend it like no other

It was a crush
But I couldn't, couldn't get enough
It was a rush
But I gave it up
It was a crush
Now, I might've went and said too much
But that's all it was
So I gave it up

I live my day as if it was the last
Live my day as if there was no past
Doin' it all night, all summer
Doin' it the way I wanna
Yeah, I'ma dance my heart out 'til the dawn
But I won't be done when morning comes
Doin' it all night, all summer
Gonna spend it like no other

It was a crush
I kept sayin', ""I'ma stay in touch""
But that thing went bust
So I gave it up, ooh
No tricks, no bluff
I'm just better off without them cuffs
Yeah, the sun won't set on us
Ooh-ooh-ooh, yeah-yeah

Went low, went high
Still waters run dry
Gotta get back in the groove
I ain't ever worried
Went low, went high
What matters is now
Gettin' right back in the mood

I live my day as if it was the last
Live my day as if there was no past
Doin' it all night, all summer
Doin' it the way I wanna
Yeah, I'ma dance my heart out 'til the dawn
But I won't be done when morning comes
Doin' it all night, all summer
Gonna spend it like no other

Now I've found another crush
The lush life givin' me a rush
Had one chance to make me blush
Second time is one too late
Now I've found another crush
The lush life givin' me a rush
Had one chance to make me blush
Second time is one too late

Ooh, ooh-woah
Ooh, ooh-woah

I live my day as if it was the last
Live my day as if there was no past
Doin' it all night, all summer
Doin' it the way I wanna
Yeah, I'ma dance my heart out 'til the dawn
But I won't be done when morning comes
Doin' it all night, all summer
Gonna spend it like no other

Now I've found another crush
The lush life givin' me a rush
Had one chance to make me blush
Second time is one too late
Now I've found another crush
The lush life's givin' me a rush
Had one chance to make me blush
Second time is one too late"
40,Arctic Monkeys,505,USA,latin,58ge6dfP91o9oXMzq3XkIS,4049567,267,18,"I'm going back to 505
If it's a seven hour flight or a forty-five minute drive
In my imagination, you're waitin' lyin' on your side
With your hands between your thighs

Stop and wait a sec
And when you look at me like that, my darlin'
What did you expect?
I'd probably still adore you
With your hands around my neck
Or I did last time I checked
Not shy of a spark
The knife twists at the thought
That I should fall short of the mark
Frightened by the bite, though
It's no harsher than the bark
The middle of adventure
Such a perfect place to start

I'm going back to 505
If it's a seven hour flight or a forty-five minute drive
In my imagination, you're waitin' lyin' on your side
With your hands between your thighs

But I crumble completely when you cry
It seems like once again you've had to greet me with goodbye
I'm always just about to go and spoil the surprise
Take my hands off of your eyes too soon

I'm going back to 505
If it's a seven hour flight or a forty-five minute drive
In my imagination, you're waitin' lyin' on your side
With your hands between your thighs and a smile"
41,The Neighbourhood,Sweater Weather,USA,latin,0cQVqPuHQP4KEwc7ZUQmj6,4018932,289,8,"And all I am is a man
I want the world in my hands
I hate the beach, but I stand
In California with my toes in the sand
Use the sleeves of my sweater, let's have an adventure
Head in the clouds, but my gravity's centered
Touch my neck and I'll touch yours
You in those little high-waisted shorts, oh

She knows what I think about
And what I think about
One love, two mouths
One love, one house
No shirt, no blouse
Just us, you find out
Nothing that I wouldn't wanna tell you about, no

'Cause it's too cold for you here and now
So let me hold both your hands in the holes of my sweater

And if I may just take your breath away
I don't mind if there's not much to say
Sometimes the silence guides a mind
To move to a place so far away
The goosebumps start to raise
The minute that my left hand meets your waist
And then I watch your face
Put my finger on your tongue 'cause you love the taste, yeah
These hearts adore
Everyone the other beats hardest for
Inside, this place is warm
Outside, it starts to pour

Comin' down
One love, two mouths
One love, one house
No shirt, no blouse
Just us, you find out
Nothin' that I wouldn't wanna tell you about
No, no, no

'Cause it's too cold for you here and now
So let me hold both your hands in the holes of my sweater
'Cause it's too cold for you here and now
So let me hold both your hands in the holes of my sweater
Woah

Woah, woah, woah
Woah, woah, woah, woah
Woah, woah
Woah, woah, woah, woah
Woah, woah

'Cause it's too cold for you here and now
So let me hold both your hands in the holes of my sweater
'Cause it's too cold for you here and now
Let me hold both your hands in the holes of my sweater

And it's too cold, it's too cold
The holes of my sweater"
42,Taylor Swift,Opalite,USA,latin,3yWuTOYDztXjZxdE2cIRUa,4017919,22,2,"I had a bad habit
Of missing lovers past
My brother used to call it
""Eating out of the trash""
It's never gonna last
I thought my house was haunted
I used to live with ghosts
And all the perfect couples
Said, ""When you know, you know""
And, ""When you don't, you don't""

And all of the foes, and all of the friends (Ha, ha)
Have seen it before, they'll see it again (Ha, ha)
Life is a song, it ends when it ends
I was wrong

But my mama told me, ""It's alright
You were dancing through the lightning strikes
Sleepless in the onyx night
But now, the sky is opalite, oh-oh, oh, oh, oh
Oh, my Lord
Never made no one like you bеfore
You had to make your own sunshine
But now, thе sky is opalite, oh-oh, oh, oh, oh, oh""

You couldn't understand it
Why you felt alone
You were in it for real
She was in her phone
And you were just a pose
And don't we try to love love? (Love, love)
We give it all we got (Give it all we got)
You finally left the table (Uh, uh)
And what a simple thought
You're starving 'til you're not

And all of the foes, and all of the friends (Ha, ha)
Have messed up before, they'll mess up again (Ha, ha)
Life is a song, it ends when it ends
You move on

And that's when I told you, ""It's alright
You were dancing through the lightning strikes
Sleepless in the onyx night
But now, the sky is opalite, oh-oh, oh, oh, oh
Oh, my Lord
Never met no one like you before
You had to make your own sunshine
But now, the sky is opalite, oh-oh, oh, oh, oh, oh""

This is just
A storm inside a teacup
But shelter here with me, my love
Thunder like a drum
This life will beat you up, up, up, up
This is just
A temporary speed bump
But failure brings you freedom
And I can bring you love, love, love, love (Love)

Don't you sweat it, baby, it's alright
You were dancing through the lightning strikes
Oh, so sleepless in the onyx night
But now, the sky is opalite, oh-oh, oh, oh, oh
Oh, my Lord
Never met no one like you before (No)
You had to make your own sunshine
But now, the sky is opalite, oh-oh, oh, oh, oh, oh"
43,Noah Kahan,The Great Divide,USA,latin,77zqs8ucHCSk5jh9TYec4b,4015208,5,1,"I can't recall the last time that we talked
About anything but looking out for cops
We got cigarette burns in the same side of our hands, we ain't friends
We're just morons, who broke skin in the same spot
But I've never seen you take a turn that wide
And I'm high enough to still care if I die
So I tried to read the thoughts that you'd worked overtime to stop
You said, ""Fuck off,"" and I said nothin' for a while

You know I think about you all the time
And my deep misunderstanding of your life
And how bad it must have been for you back then
And how hard it was to keep it all inside

I hope you settlе down, I hope you marry rich
I hope you're scarеd of only ordinary shit
Like murderers and ghosts and cancer on your skin
And not your soul and what He might do with it

You inched yourself across the great divide
While we drove aimlessly along the Twin State line
I heard nothing but the bass in every ballad that you'd play
While you swore to God the singer read your mind
But the world is scared of hesitating things
Yeah, they only shoot the birds who cannot sing
And I'm finally aware of how shitty and unfair
It was to stare ahead like everything was fine

You know I think about you all the time
And my deep misunderstanding of your life
And how bad it must have been for you back then
And how hard it was to keep it all inside

I hope you settle down, I hope you marry rich (
Oh-oh
)
I hope you're scared of only ordinary shit (
Oh-oh
)
Like murderers and ghosts and cancer on your skin (
Oh-oh
)
And not your soul and what He might do with it

Ah, Lord

Rage, in small ways
Did you wish that I could know
That you'd fade to some place
I wasn't brave enough to go?

I hope you settle down, I hope you marry rich
I hope you're scared of only ordinary shit
Like murderers and ghosts and cancer on your skin
And not your soul and what He might do with it

Ah (
Ah
), woah
Ah
Ah, Lord
Ah

I hope you threw a brick right into that stained glass
I hope you're with someone who isn't scared to ask
I hope that you're not losing sleep about what's next
Or about your soul and what He might do with it"
44,She & Him,I Thought I Saw Your Face Today,USA,latin,0myRViRgmQ3J8izICXEAVO,3964137,14,8,"I thought I saw your face today
But I just turned my head away
Your face against the trees
But I just see the memories as they come, as they come

And I couldn't help but fall in love again
No, I couldn't help but fall in love again

I saw it glitter as I grew
And loved it, why, I never knew
I thought this place was heaven-sent
But now it's just a monument in my mind, in my mind

And I couldn't help but fall in love again
No, I couldn't help but fall in love again

The cars and freeways implore me to stay away, out of this place
My mother said, ""Just keep your head, and play it as it lays""


The cars and freeways implore me to stay away, out of this place
My mother said, ""Just keep your head, and play it as it lays""

I somehow see what's beautiful
In things that are ephemeral
I'm my only friend of mine
And love is just a piece of time
In the world, in the world

And I couldn't help but fall in love again
No, I couldn't help but fall in love again
No, I couldn't help but fall in love again
No, I couldn't help but fall in love again
No, I couldn't help but fall in love again"
45,Don Toliver,No Pole,USA,latin,0eaVIYo2zeOaGJeqZ5TwYz,3943567,72,25,"Yeah, uh-uh, uh-uh
Uh-uh, yeah-yeah, yeah-yeah
Uh-uh, yeah

She don't wanna strip no more, don't wanna hit that pole (Oh)
Hit my old plug, I get it in and go (Ooh, ooh)
Shawty owe me something, better pay your toll (Pay up, pay up)
I lick the spoon and I scrape the bowl (Skrrt, skrrt)
Scrape the bowl (Skrrt, skrrt), scrape the bowl (Skrrt, skrrt)

Like, did you get the memo?
She eat at out of the relay
I'm poppin' hella Skittles
Then I can solve your riddle
We'll smoke you like it's menthol
This dude is crazy mental
A suave, hood hеro
Got Johnny Dang dental
She's a nympho
She slobbin' on hеr pillow
Got chicken, Rob' De Niro
She's too gone and she can't hear you (Ooh, ooh, I know)

She don't wanna strip no more, don't wanna hit that pole
Hit my old plug, I get it in and go
She don't wanna strip no more, don't wanna hit that pole (Oh)
Hit my old plug, I get it in and go (Ooh, ooh)
Shawty owe me something, better pay your toll (Pay up, pay up)
I lick the spoon and I scrape the bowl (Skrrt, skrrt)
Scrape the bowl (Skrrt, skrrt), scrape the bowl (Skrrt, skrrt)

Seein' way too many ones
I'm 'bout to throw some hundreds (I'm 'bout to throw some hundreds)
In that old life that you run from
Baby girl, keep running (Ooh, keep running)
It's pressure with me, sexually (Sexually)
Check my bank account (Ooh, ooh), it's precious to me
I got my anchor out (Ooh, ooh), I'm locked in your sea
You know you're my baby now, you're special to me
I bought you time, I bought you diamonds, you can keep the receipt
I got you down, I got you loose, I guess you owe it to me
Is you down or nah? Fuck around, find your spot
I get you lit, lit, drunk, trip
Watch me slip inside

She don't wanna strip no more, don't wanna hit that pole (Oh)
Hit my old plug, I get it in and go (Ooh, ooh)
Shawty owe me something, better pay your toll (Pay up, pay up)
I lick the spoon and I scrape the bowl (Skrrt, skrrt)
Scrape the bowl (Skrrt, skrrt), scrape the bowl (Skrrt, skrrt)

And I sent her away
Pull out, sent her on her way
She don't wanna hit the strip club, no, no
She don't wanna go strip, no, no
She don't wanna go strip, no way"
46,Bruno Mars,Something Serious,USA,latin,0PV4VQCmE6Ujssr1bnswdF,3934958,1,46,"Ooh, I got it bad for ya
You've got to understand
You should be my boo thang, my boo thang
I should be your mans
Girl, don’t you want that real love?
I'll always have your back
Don't you want some pretty babies? Pretty babies?
I could give you that

Us together (Oh-oh-oh)
Us together (Sound like)
Something serious
Yeah, yeah (Yeah, yeah)

Ooh, I got it bad for ya (Ooh, yeah, yeah, yeah)
You’ve got to understand (Ooh, yeah, yeah, yeah)
Ooh, you should be my boo thang, boo thang
I should be your mans (Ooh, yeah, yeah, yeah)
Now, don't you—? Don't you want that real love? (Ooh, yeah, yeah, yeah)
Girl, I'll always have your back (Ooh, yeah, yeah, yeah)
Don't you want some pretty, brown Bruno babies?
I could give you that (Ooh, yeah, yeah, yeah)
You know I can

Us together (Uh, uh, yeah)
Us together (Sound like)
Something serious
Yeah, yeah (Yeah, yeah)

Ooh, yeah

Us together (Uh, uh, yeah)
Us together (Sound like)
Something serious
Yeah, yeah (Yeah, yeah)

(Ooh, yeah, yeah, yeah)
I'll be there (Ooh, yeah, yeah, yeah)
Say that you need me, girl (Ooh, yeah, yeah, yeah)
Say that you want me, baby (Ooh, yeah, yeah, yeah)
Come on, come on, come on, baby, yeah (Ooh, yeah, yeah, yeah)
Come on, come on, come on, baby, yeah (Ooh, yeah, yeah, yeah)
Let's talk about me and you (Ooh, yeah, yeah, yeah)
Talk about you and me (Ooh, yeah, yeah, yeah)"
47,sombr,12 to 12,USA,latin,05od2qm2MTSKCHxy1GBp5W,3880260,32,12,"I don't want anyone else
From the hours of 12 to 12
I am not the least compelled
By anyone but yourself
Look at me, it makes me melt
I know you wanna see me in hell, my love
I'm dealing with the cards I've dealt
While you're dancing with somebody else

Was it always in your plan to leave eventually?
Because to me, there's no one else that could make sense to me
The last and final puzzle piece

In a room full of people, I look for you
Would you avoid me or would you look for me too?
Tell me, is our story through? (Through)
Or do our hearts still beat in tune?

I've never felt anything
Like the love from my final days
Why'd you wait
To show me you could do it this way?
Woo, I'll never look at you, look at you the same
We met in The Paris café
I said, ""Can I sit with you? Comment ça se fait?""
My mistake
If I'd known it would have been this way
I'd never looked at you, looked in the first place

Was it always in your plan to leave eventually?
Because to me, there's no one else that could make sense to me
The last and final puzzle piece

In a room full of people, I look for you
Would you avoid me or would you look for me too?
Tell me, is our story through? (Through)
Or do our hearts still beat in tune?

Maybe I'm delusional
And the way you act is usual
Maybe in another world
I won't feel so unlovable (Unlovable)
Oh (Unlovable)

In a room full of people, I look for you
Would you avoid me or would you look for me too?
Tell me, is our story through? (Through)
Or do our hearts still beat in tune?
In a room full of people, I look for you
Would you avoid me or would you see me through?
Tell me, is our story through? (Through)
Or do our hearts still beat in tune?"
48,"Lady Gaga, Bruno Mars",Die With A Smile,USA,latin,7so0lgd0zP2Sbgs2d7a1SZ,3863584,81,1,"(Ooh, ooh)

I, I just woke up from a dream
Where you and I had to say goodbye
And I don't know what it all means
But since I survived, I realized

Wherever you go, that's where I'll follow
Nobody's promised tomorrow
So I'ma love you every night like it's the last night
Like it's the last night

If the world was ending
I'd wanna be next to you
If the party was over
And our time on Earth was through
I'd wanna hold you just for a while
And die with a smile
If the world was ending
I'd wanna be next to you

(Ooh, ooh)

Ooh, lost, lost in the words that we scream
I don't even wanna do this anymore
'Cause you already know what you mean to me
And our love's the only war worth fighting for

Wherever you go, that's where I'll follow
Nobody's promised tomorrow
So I'ma love you every night like it's the last night
Like it's the last night

If the world was ending
I'd wanna be next to you
If the party was over
And our time on Earth was through
I'd wanna hold you just for a while
And die with a smile
If the world was ending
I'd wanna be next to you

Right next to you
Next to you
Right next to you
Oh-oh

If the world was ending
I'd wanna be next to you
If the party was over
And our time on Earth was through
I'd wanna hold you just for a while
And die with a smile
If the world was ending
I'd wanna be next to youIf the world was ending
I'd wanna be next to you

(Ooh, ooh)
I'd wanna be next to you"
49,Bruno Mars,Nothing Left,USA,latin,0Sq6JK9kyC4MQa3KrJj5CB,3828060,1,49,"You used to light up when I called to say, ""I love you""
But these days, maybe those words don't hit the same, uh
All alone in this home that we built just thinking of you
Thought our light would never fade away

But the fire don't burn like it used to, girl, no
Don't wanna let you go, but you know something's got to change

Feels like I'm (I'm), I'm reaching out
With nothing left to hold on to
Feels like I'm (I'm), I'm reaching out
With nothing left to hold on to

I-I-I, I'm looking for the magic, I can't seem to find it in your eyes
The smile on your face that I used to make is long and gone, uh
And it kills me to think somewhere I lost my baby
Oh, wе been together so long

But the firе don't burn like it used to, girl, no
Don't wanna let you go, but you know something's got to change, got to change

Feels like I'm (I'm), I'm reaching out
With nothing left to hold on to
Feels like I'm (I'm), I'm reaching out
With nothing left to hold on to, baby

Yeah, yeah, yeah, oh

It feels like I'm (I'm), I-I'm reaching out
With nothing left to hold on to
Feels like I'm (I'm), I'm reaching out
With nothing left to hold on to

Something's gotta change
We can't let our love slip away
I'm reaching out for you, baby
I need you to reach out and do the same, come on
Ooh-ooh-ooh, oh-oh, ah-ah-ah, ah-ah"
50,Dominic Fike,White Keys,USA,latin,5ViLKrbyL3HD6wsq3AB9eI,3797860,3,50,"Ayy, pitch black Chevy antique, I was seventeen
I ain't have nothing but some tees and a pair of jeans
Pine trees, but it smell like weed in the front seat
You was en route to being famous and everything
White keys 'cause she's way too major for everything
I wanna be a part of it, what you got going on?
Isn't as sad as you make it out to be
I wanna be mad, but you take it out of me
1995, teens in the Florida breeze
Ice cream, she was so sweet before everything
Tight squeeze, tryna fit me in your everyday
But you never came

The world is movin', we were never meant to stay
But I was working on the world
I guess I thought that if I gave you what I had
I guess I thought that it would work

I never knew (Oh)
It was because of you (Oh, oh, oh, oh, ooh)
I never knew (Oh, oh, oh, ooh)
Oh, I guess I never— (Woah)

Ayy, rich ass, tryna fit my Gs in these Prada jeans
Mismatchin' with my Celines, king of everything
Fifth stack comin' in this week, I bought everything
Dispatchin' with all the G's, pulled up, wrecked the scene
White keys 'cause she's way too major for everything
The kids want distance, somewhat, then I feel my heart inside my back
I made a point to be intact and you don't even keep it wholesome with me
You were singin' no songs with me

The world is movin', we were never meant to stay
But I was working on the world
I guess I thought that if I gave you what I had
I guess I thought that it would work

I never knew (Oh)
It was because of you (Oh, oh, oh, oh, ooh)
I never knew (Oh, oh, oh, ooh)
Oh, I guess I never— (Woah)"
51,"Waka Flocka Flame, Roscoe Dash, Wale",No Hands (feat. Roscoe Dash & Wale),USA,latin,03tqyYWC9Um2ZqU0ZN849H,3740245,46,32,"To honor the 25th anniversary of Billboard's Hot Rap Songs chart, we’re counting down the tally's top 100 tracks ever
Rap is a victorious genre. Having built its history on songs of overcoming the harshest of hard-knock lives, in addition to observances of all of life's nuances, rap is more than just dope beats and rhymes. Its lyrics tell stories with insights and uncommon honesty, traits that have ultimately taken the genre from niched inner-city beginnings to a longstanding place at the heart of pop culture
So it was fitting for Billboard to create a chart, in 1989, dedicated to the then-rising genre, birthed out of hip-hop. At the time, MTV's influential ""Yo! MTV Raps"" was only a few months old, and acts like Ice-T and N.W.A were not only ruling rap but beginning to enter the mainstream music conversation
While rap has evolved, there’s no denying its ever-growing power. To celebrate the 25th anniversary of the Billboard’s Hot Rap Songs chart, we’re counting down the top 100 songs in the tally’s quarter-century history. From Salt-N-Pepa to Macklemore, we've got the genre's past quarter-century covered
100. ""All of the Lights"" - Kanye West
99. ""No Lie"" - 2 Chainz feat. Drake
98. ""Aston Martin Music"" - Rick Ross feat. Drake & Chrisette Michelle
97. ""Loungin"" - LL Cool J
96. ""O.P.P."" - Naughty By Nature
95. ""Heartless"" - Kanye West
94. ""Player's Ball"" - OutKast
93. ""Holla Holla"" - Ja Rule
92. ""Left/Right"" - Drama
91. ""Call Me D-Nice"" - D-Nice
90. ""C'Mon N' Ride It (The Train)"" - Quad City DJ's
89. ""Looking At The Front Door"" - Main Source
88. ""Money Maker"" - Ludacris feat. Pharrell
87. ""The Way You Move"" - OutKast feat. Sleepy Brown
86. ""Jigga My N****"" - Jay Z
85. ""Slow Motion"" - Juvenile feat. Soulja Slim
84. ""Headlines"" - Drake
83. ""Got Money"" - Lil Wayne feat. T-Pain
82. ""My Baby"" - Lil' Romeo
81. ""Lovers & Friends"" - Lil Jon & The East Side Boyz feat. Usher & Ludacris
80. ""Damn!"" - YoungBloodZ feat. Lil Jon
79. ""Whistle While You Twurk"" - Ying Yang Twins
78. ""(Hot S**t) Country Grammar"" - Nelly
77. ""Crank That (Soulja Boy)"" - Soulja Boy Tellem
76. ""Jump"" - Kriss Kross
75. ""Po Pimp"" - Do Or Die feat. Twista
74. ""Dunkie Butt (Please Please Please) - 12 Guage
73. ""Lights, Camera, Action!"" - Mr. Cheeks
72. ""I'll Do 4 U"" - Father M.C
71. ""Lookin' At Me"" - Mase feat. Puff Daddy
70. ""Independent"" - Webbie feat. Lil' Phat & Lil' Boosie
69. ""Drank In My Cup"" - Kirko Bangz
68. ""4, 5, 6"" - Sole feat. JT Money & Kandi
67. ""It Ain't My Fault 2/Somebody Like Me"" - Silkk The Shocker feat. Mystikal
66. ""Funkdafied"" - Da Brat
65. ""Rump Shaker"" - Wreckx-N-Effect
64. ""Around The Way Girl"" - LL Cool J
63. ""Callin' Me"" - Lil' Zane feat. 112
62. ""Mind Playing Tricks On Me"" - Geto Boys
61. ""Work It"" - Missy ""Misdemeanor"" Elliot
60. ""Dilemma"" - Nelly feat. Kelly Rowland
59. ""Get Money"" - Junior M.A.F.I.A
58. ""Lean Wit It, Rock Wit It"" - Dem Franchize Boyz feat. Lil Peanut & Charlay
57. ""I Got 5 On It"" - Luniz
56. ""They Want EFX"" - Das EFX
55. ""Ghetto Cowboy"" - Mo Thugs Family feat. Bone Thugs-N-Harmony
54. ""Raise Up"" - Petey Pablo
53. ""It's Goin' Down"" - Young Joc
52. ""Empire State of Mind"" - Jay Z & Alicia Keys
51. ""Da' Dip"" - Freak Nasty
50. ""Good Life"" - Kanye West feat. T-Pain
49. ""Bounce With Me"" - Lil Bow Wow feat. Xscape
48. ""Moment 4 Life"" - Nicki Minaj feat. Drake
47. ""Walk It Out"" - Unk
46. ""Nothin' On You"" - B.o.B feat. Bruno Mars
45. ""Dead and Gone"" - T.I. feat. Justin Timberlake
44. ""No Time"" - Lil' Kim feat. Puff Daddy
43. ""Right Thurr"" - Chingy
42. ""Gangnam Style"" - PSY
41. ""I'll Be Missing You"" - Puff Daddy & Faith Evans feat. 1121
40. ""Déjà Vu (Uptown Baby)"" - Lord Tariq & Peter Gunz
39. ""Bedrock"" - Young Money feat. Lloyd
38. ""Lollipop"" - Lil Wayne feat. Static Major
37. ""In Da Club"" - 50 Cent
36. ""Who Dat"" - JT Money feat. Sole
35. ""One More Chance/Stay With Me"" - The Notorious B.I.G
34. ""Knockin' Boots"" - Candyman
33. ""Up Jumps Da Boogie"" - Magoo and Timbaland
32. ""I Want It All"" - Warren G. feat. Mack 10
31. ""Treat 'Em Right"" - Chubb Rock
30. ""I Like Dem Girlz"" - Lil Jon & The East Side Boyz
29. ""Dansin Wit Wolvez"" - Strik 9ine
28. ""Me So Horny"" - 2 Live Crew
27. ""Live Your Life"" - T.I. feat. Rihanna
26. ""Look At Me Now"" - Chris Brown feat. Lil Wayne & Busta Rhymes
25. ""Holy Grail"" - Jay Z feat. Justin Timberlake
24. ""I'm On One"" - DJ Khaled feat. Drake, Rick Ross & Lil Wayne
23. ""Get Low"" - Lil Jon & The East Side Boyz feat. Ying Yang Twins
22. ""Cross The Border"" - Philly's Most Wanted
21. ""Drop It Like It's Hot"" - Snoop Dogg feat. Pharrell
20. ""Lean Back"" - Terror Squad
19. ""The Phuncky Feel One/How I Could..."" - Cypress Hill
18. ""Ni**as In Paris"" - Jay Z, Kanye West
17. ""Mercy"" - Kanye West, Big Sean, Pusha T, 2 Chainz
16. ""Can't Nobody Hold Me Down"" - Puff Daddy feat. Mase
15. ""How Do U Want It/California Love"" - 2Pac feat. K-Ci and JoJo
14. ""Best I Ever Had"" - Drake
13. ""Whatever You Like"" - T.I
12. ""Low"" - Flo Rida feat. T-Pain
11. ""The Motto"" - Drake feat. Lil Wayne
10. ""The Humpty Dance"" - Digital Underground
9. ""No Hands"" - Waka Flocka Flame feat. Roscoe Dash & Wale
8. ""Big Poppa/Warning"" - The Notorious B.I.G
7. ""Flava In Ya Ear"" - Craig Mack
6. ""Gangsta's Paradise"" - Coolio feat. L.V
5. ""Expression"" - Salt-N-Pepa
4. ""Can't Hold Us"" - Macklemore & Ryan Lewis feat. Ray Dalton
3. ""Hot Boyz"" - Missy ""Misdemeanor"" Elliot feat. Nas, Eve, & Q-Tip
2. ""Tootsee Roll"" - 69 Boyz
1. ""Thrift Shop"" - Macklemore & Ryan Lewis feat. Wanz"
52,"BigXthaPlug, Ella Langley",Hell At Night (feat. Ella Langley),USA,latin,3pAVk6Ydn0dcGpG8gDyxSJ,3717552,29,19,"Heartbreak's a funny thing
How it makes you think, what it makes you want
Why, when it ends, does gettin' revenge
Sound better than movin' on?
Damn, I'd love to live and let live
Let it go, forgive and forget
Holdin' a grudge ain't what I wanna do
But when it comes to you

I hope it's hell at night
Straight to the mornin'
I hope you close your eyes
And just can't ignore it
'Cause it's too damn loud
Tossin' and turnin'
I hope it's hell at night
And my memory's burnin', burnin'

Ayy, I hope you hear me every time you play a song
I hope you meet the right person but y'all never get along
I hope you know that you ain't right and you so good at burnin' bridges
I hope you finally find some love and every day, he hurt your feelings
I hope you, I hope you turn your heater on and it blow cold
I hope you leave your car runnin' at the store and it get stolen
I hope you have a nightmare every single day of your life
I hope you have a bad mornin' and one hell of a night

I hope it's hell at night
Straight to the mornin'
I hope you close your eyes
And just can't ignore it
'Cause it's too damn loud
Tossin' and turnin'
I hope it's hell at night
And my memory's burnin', burnin'

Ayy, I hope you see me every time you close your eyes
And every time you think about me, you hear thunder in the sky
I'm out the way, and by the way, I hope you lived in what you learned
Hope you go deep into the woods and you make the wrong turn

Hope it burns you up like a cigarette
Like a last call shot straight to the head
Hope you stare at the wall or an old home screen
Kind of hopin' I call 'cause you can't call me

I hope it's hell at night
Straight to the mornin'
I hope you close your eyes
And just can't ignore it
'Cause it's too damn loud
Tossin' and turnin'
I hope it's hell at night
And my memory's burnin', burnin'"
53,Whiskey Myers,Broken Window Serenade,USA,latin,1VOSSXuWRcBj2rpfxNdX9v,3709236,31,52,"A couple of pretty flowers
That's what I brought to you
I saw you through a broken window
With a different point of view
You had signs of depression
From a long line of sin
And your face tells a story
'Bout the places you have been
I love you so
I thought you should know
And that muddy water's flowin'
As you take my hand
Past the creek down by the holler
Through your daddy's land
I could buy you a diamond
But I cannot change the world
'Cuz I ain't got no money
You'll never be my girl no no
I thought you should know
You was gonna be a singer
And a big movie star
But you can't catch no breaks baby
And Hollywood is hard
Now you work down at the Timeout
Off 155
And you're dancing for your dollar
Just tryin' to stay alive
It hurts me so
I thought you should kno
W
You feed your addiction
With your crystal meth
And I plead for your life
As it takes you to your death
You make your deal with the devil
As your looks begin to fade
I saw you laughin' through the tears
As you slowly slipped away
I watched you go
I thought you should know
Yeah I watched you go
I thought you should know
That cold rain is pourin'
As they lay you in the grave
And I can barely recognize you
In your fragile state
No more signs of depression
From a long time ago
I throw in a pretty flower
As they slowly laid you low
It was a rose
I thought you should know
Yeah it was a rose
I thought you should know
A couple of pretty flowers
That's what I brought to you
I saw you through a broken window
With a different point of view"
54,Drake,Headlines,USA,latin,6LxSe8YmdPxy095Ux6znaQ,3678273,53,28,"I might be too strung out on compliments
Overdosed on confidence
Started not to give a fuck and stopped fearin' the consequence
Drinkin' every night because we drink to my accomplishments
Faded way too long, I'm floatin' in and out of consciousness
And they sayin' I'm back, I'd agree with that
I just take my time with all this shit, I still believe in that
I had someone tell me I fell off, ooh, I needed that
And they want to see me pick back up, well, where'd I leave it at?
I know I exaggerated things, now I got it like that
Tuck my napkin in my shirt 'cause I'm just mobbin' like that
You know good and well that you don't want a problem like that
You gon' make someone around me catch a body like that
No, don't do it (Ayy), please don't do it (Ayy)
'Cause one of us goes in and we all go through it (Ayy)
And Drizzy got the money, so Drizzy gon' pay it
Those my brothers, I ain't even gotta say it
That's just something they know

They know, they know, they know
They know, they know, they know
They know, they know, they know
Yeah, they know, yeah
That the real is on the rise
Fuck them other guys
I even gave 'em a chance to decide
Now it's something they know
They know, they know, they know (Yeah)

I be yellin' out, ""Money over everything,"" money on my mind
Then she wanna ask when it got so empty
Tell her I apologize, happened over time
She says, ""They miss the old Drake,"" girl, don't tempt me
""If they don't get it, they'll be over you
That new shit that you got is overdue
You better do what you supposed to do""
I'm like, ""Why I gotta be all that?""
But still, I can't deny the fact that it's true
Listening to you expressin' all them feelings
Soap-opera rappers, all these niggas sound like all my children
And that's who you thinkin' is 'bout to come and make a killin'?
I guess it really is just me, myself, and all my millions
You know that they ain't even got it like that
You gon' hype me up and make me catch a body like that
'Cause I live for this, it isn't just a hobby like that
When they get my shit and play it, I ain't even gotta say it, they know

They know, they know, they know
They know, they know, they know
They know, they know, they know
Yeah, they know, yeah
That the real is on the rise
Fuck them other guys
I even gave 'em a chance to decide
Now it's something they know
They know, they know, they know

I be yellin' out, ""Money over everything,"" money on my mind
Mind, mind-mind
Tell 'em I apologize, it happened over time
Time, time-time
They know
They know, they know, they know
They know, they know, they know
They know, they know, they know (Yeah)"
55,Olivia Dean,A Couple Minutes,USA,latin,312z6PZ8wwREck8613PkJk,3604047,17,27,"Turn around
Since when are you smoking now?
It's been a while
Let me know, mm
Like did you end up moving house?
You're the only one who knows that name
You're the only one that does that face
I just wanna know if you're okay
Only have a couple minutes, it already kinda feels like
Back on your sofa
Of course I still care
Love's never wasted when it's shared, mm
And although it's over
I'll always be there
Only have a couple minutes, guess we're going back to real life

I guess we found a silver lining
I'm glad you're doing so well
If only you could see how I've been
If I'm being real, no, it ain't been the same
We could talk (Mm) if we want now (Mm)
Already know it's no good for me
It's alright, think I'm fine with the silence
There's some good in goodbyes

Oh, I'm back on your sofa
Of course I still care
Love's never wasted when it's shared, mm
And although it's over
I'll always be there
Only have a couple minutes and we're going back to real life

In your heart, every part of me, we'll let go
And let it start to be
In your heart, every part of me, we'll let go
And let it start to be
In your heart, every part of me, we'll let go
And let it start to be (Ooh)
In your heart, every part of me, we'll let go
And let it start to be

Oh-oh, hey
Only have a couple minutes, guess we're going back to real life
Oh-oh, hey
Have a couple minutes and we're going back to real life"
56,Sabrina Carpenter,Manchild,USA,latin,2BwO5K8Q7EPAJSGze3AAh9,3601228,39,1,"Oh boy

You said your phone was broken, just forgot to charge it
Whole outfit you're wearing, God, I hope it's ironic
Did you just say you're finished? Didn't know we started
It's all just so familiar, baby, what do you call it?

Stupid
Or is it slow?
Maybe it's useless?
But there's a cuter word for it, I know

Man-child
Why you always come a-running to me?
Fuck my life
Won't you let an innocent woman be?
Never heard of self-care
Half your brain just ain't there
Man-child
Why you always come a-running, taking all my loving from me?

Why so sexy if so dumb?
And how survive the Earth so long?
If I'm not there, it won't get done
I choose to blame your mom

Man-child
Why you always come a-running to me?
Fuck my life
Won't you let an innocent woman be?
Never heard of self-care
Half your brain just ain't there
Man-child
Why you always come a-running, taking all my loving from me?

Oh, I like my boys playing hard to get
And I like my men all incompetent
And I swear they choose me, I'm not choosing them
Amen, hey, men
Oh, I like my boys playing hard to get (Play hard to get)
And I like my men all incompetent (Incompetent)
And I swear they choose me, I'm not choosing them (Not choosing them)
Amen (Amen), hey, men (Hey, men)

Man-child
Why you always come a-running to me? (Always come a-running to me)
Fuck my life
Won't you let an innocent woman be? (Amen)

Oh, I like my boys playing hard to get (Play hard to get)
And I like my men all incompetent (Incompetent)
And I swear they choose me, I'm not choosing them (Not choosing them)
Amen (Amen), hey, men (Hey, men)"
57,Bruno Mars,That's What I Like,USA,latin,0KKkJNfGyhkQ5aFogxQAPU,3454324,108,3,"Ayy, ayy, ayy
I got a condo in Manhattan
Baby girl, what's happenin'?
You and your ass invited
So go on and get to clappin'
So pop it for a player
Pop, pop it for me
Turn around and drop it for a player
Drop, drop it for me
I'll rent a beach house in Miami ('ami)
Wake up with no jammies (Nope)
Lobster tail for dinner
Julio, serve that scampi (Julio!)
You got it if you want it
Got, got it if you want it
Said, you got it if you want it
Take my wallet if you want it now

Jump in the Cadillac, girl, let's put some miles on it
Anything you want, just to put a smile on it
You deserve it, baby, you deserve it all
And I'm gonna give it to you

Gold jewelry shinin' so bright
Strawberry champagne on ice
Lucky for you, that's what I like, that's what I like
Lucky for you, that's what I like, that's what I like
Sex by the fire at night
Silk sheets and diamonds all white
Lucky for you, that's what I like, that's what I like
Lucky for you, that's what I like, that's what I like

I'm talkin' trips to Puerto Rico (Bih)
Say the word and we go (Say it)
You can be my freaka (Brrrt!)
Girl, I'll be your fleeko, Mamacita
I will never make a promise that I can't keep
I promise that your smile ain't gon' ever leave
Shoppin' sprees in Paris
Everything 24 karats
Take a look in that mirror
Now, tell me, who's the fairest?
Is it you? 
(Is it you?)
 Is it me? 
(Is it me?)
Say it's us 
(Say it's us)
 and I'll agree, baby

Jump in the Cadillac, girl, let's put some miles on it
Anything you want, just to put a smile on it
You deserve it, baby, you deserve it all
And I'm gonna give it to you

Gold jewelry shinin' so bright
Strawberry champagne on ice
Lucky for you, that's what I like, that's what I like
Lucky for you, that's what I like, that's what I like
Sex by the fire at night
Silk sheets and diamonds all white
Lucky for you, that's what I like, that's what I like
Lucky for you, that's what I like, that's what I like

You say you want a good time
Well, here I am, baby, here I am, baby
Talk to me, talk to me, talk to me, baby
Tell me, what's on your mind? (What's on your mind?)
If you want it, girl, come and get it
All this is here for you
Tell me, baby, tell me, tell me, baby
What you tryna do?

Gold jewelry shinin' so bright
Strawberry champagne on ice
Lucky for you, that's what I like, that's what I like (That's what I like, babe)
Lucky for you, that's what I like, that's what I like (Oh, oh)
Sex by the fire at night
Silk sheets and diamonds all white (All white)
Lucky for you, that's what I like, that's what I like (That's what I like, babe)
Lucky for you, that's what I like, that's what I like (Ooh, ooh, ooh)"
58,"Mac Miller, Empire Of The Sun",The Spins,USA,latin,2QGVKiAGTa1YcDqPMhAzF7,3450290,204,58,"Dope shit like that, Jerm
Oh, hi
Welcome back to 
K.I.D.S.
, um
Follow your dreams
Yeah

Wanna get a mansion, a jacuzzi
A theater to watch my movies
Couple whips and lots of fancy things
The kids they call the Goonies
I see the future, crystal ball
Mirror mirror hangin' on the wall
Who the flyest white boy of them all?
Got your girlfriend screenin' all the calls
She bubblin', we fuckin', then you cuddlin'
Like, baby, where the fuck you been?
Don't wanna tell you she in love with him
So, so we ain't sayin' nothin'
You could probably tell she bluffin'
'Cause she kiss you with the mouth
She gave me head with my concussion
Yeah, she blushin', all red
Wanna rush and go to bed
You interrogate that bitch like you the feds
So she says she in love with a rockstar, rockstar
Wanna smoke my weed, so she asks me where the tops are, tops are
[Chorus: 
Empire of the Sun
 & Mac Miller]
Oh (Top drawer, haha), oh, oh (Yeah)
Honey, I need you 'round (Haha)
I know, I know (Just some motherfuckin' kids)
Oh, oh, oh
Honey, I need you 'round (Make money, fuck bitches)
I know
 (Yeah), 
I know
 (Pittsburgh, hey, Jerm, hey)

These hoes is drunk, wanna come and smoke this blunt
Then let me take 'em home and do anything I want
I said, baby, I can ride you, just let me get inside you
I can take you higher if you hit this vaporizer
I got that dope dick, I'll be your supplier
You grabbin' on my sheets and hittin' notes like you Mariah
Obsessed with me
Undress a freak on ecstasy
I'm out and then she textin' me
Like, ""What you doin' next week, next week?"" (Yeah)

Hear me now
I'm down on knees and praying
Though my faith is weak
Without you so please, baby, please
Give us a chance
Make amends and I will stand up '
til
 the end
A million times, a trillion more
 (Hey)
[Chorus: 
Empire of the Sun
 & Mac Miller]
Oh, oh, oh (Hey, I just wanted to inform y'all)
Honey, I need you 'round (I'm drunk as fuck)
I know, I know (Most Dope, bitch, hey)
Oh, oh, oh (K.I.D.S., what's up?)
Honey, I need you 'round (I'm high as fuck, yeah, yes, sir)
I know, I know (Oh, I graduated, oh yeah, I just graduated high school, haha)

Hey, homie
Don't be mad that your girl loves me (Don't cut anything yet)
It's not my fault (Yeah)
I'm just doin' me (Haha)
If your girl love me, let her love me, you feel me?
So, baby
Smile (Uh-huh)
Baby, don't cry
I will only fly
With you by my side"
59,Ravyn Lenae,Love Me Not,USA,latin,4WFgvKVfEhb3IUAFGrutTR,3447969,52,5,"See, right now, I need you, I'll meet you somewhere now
You up now, I see you, I get you, take care now
Slow down, be cool, I miss you, come here now
It's yours now, keep it, I'll hold out until now
I need you right now, once I leave you I'm strung out
If I get you, I'm slowly breaking down

And, oh, it's hard to see you, but I wish you were right here
Oh, it's hard to leave you when I get you everywhere
All this time I'm thinking we could never be a pair
Oh, no, I don't need you, but I miss you, come here
And, oh, it's hard to see you, but I wish you were right here
Oh, it's hard to leave you when I get you everywhere
All this time I'm thinking, I'm strong enough to sink it
Oh, no, I don't need you, but I miss you, come here

He love me not, he loves me
He holds me tight, then lets me go
He love me not, he loves me
He holds me tight, then lets me go

Soon as you leave me, we always lose connection
It's gettin' messy, I fiend for your affection
Don't loosen your grip got a hold on me
Now, forever, let's get back together

Lord, take it so far away
I pray that, God, we don't break
I want you to take me up and down
And round and round again

And, oh, it's hard to see you, but I wish you were right here
Oh, it's hard to leave you when I get you everywhere
All this time I'm thinking we could never be a pair
Oh, no, I don't need you, but I miss you, come here
And, oh, it's hard to see you, but I wish you were right here
Oh, it's hard to leave you when I get you everywhere
All this time I'm thinking, I'm strong enough to sink it
Oh, no, I don't need you, but I miss you, come here

He love me not, he loves me
He holds me tight, then lets me go
He love me not, he loves me
He holds me tight, then lets me go
He love me not, he loves me
He holds me tight, then lets me go
He love me not, he loves me
He holds me tight, then lets me go

You're gonna say that you're sorry at the end of the night
Wake up in the morning, everything's alright
At the end of the story, you're holdin' me tight
I don't need to worry, am I out of my mind?

And, oh, it's hard to see you, but I wish you were right here (I'm losing my mind)
Oh, it's hard to leave you when I get you everywhere
All this time I'm thinking, I'm strong enough to sink it
Oh, no, I don't need you, but I miss you, come here"
60,Billie Eilish,BIRDS OF A FEATHER,USA,latin,6dOtVTDdiauQNBQEDOtlAB,3441993,94,2,"(But I wanna stay)

I want you to stay
'Til I'm in the grave
'Til I rot away, dead and buried
'Til I'm in the casket you carry
If you go, I'm goin' too, uh
'Cause it was always you (Alright)
And if I'm turnin' blue, please don't save me
Nothin' left to lose without my baby

Birds of a feather, we should stick together, I know
I said I'd never think I wasn't better alone
Can't change the weather, might not be forever
But if it's forever, it's even better

And I don't know what I'm cryin' for
I don't think I could love you more
It might not be long, but baby, I

I'll love you 'til the day that I die
'Til the day that I die
'Til the light leaves my eyes
'Til the day that I die

I want you to see, hm
How you look to me, hm
You wouldn't believe if I told ya
You would keep the compliments I throw ya
But you're so full of shit, uh
Tell me it's a bit, oh
Say you don't see it, your mind's polluted
Say you wanna quit, don't be stupid

And I don't know what I'm cryin' for
I don't think I could love you more
It might not be long, but baby, I
Don't wanna say goodbye

Birds of a feather, we should stick together, I know ('Til the day that I die)
I said I'd never think I wasn't better alone ('Til the light leaves my eyes)
Can't change the weather, might not be forever ('Til the day that I die)
But if it's forever, it's even better

I knew you in another life
You had that same look in your eyes
I love you, don't act so surprised"
61,Gigi Perez,Sailor Song,USA,latin,21IYMdzTrzSe191Cy5eMap,3417028,84,3,"I saw her in the rightest way
Looking like Anne Hathaway
Laughing while she hit her pen and coughed, and coughed
And then she came up to my knees
Begging, ""Baby, would you please
Do the things you said you'd do to me, to me?""

Oh, won't you kiss me on the mouth and love me like a sailor?
And when you get a taste, can you tell me, what's my flavor?
I don't believe in God, but I believe that you're my savior
My mom says that she's worried, but I'm covered in His favor
And when we're getting dirty, I forget all that is wrong
I sleep so I can see you 'cause I hate to wait so long
I sleep so I can see you, and I hate to wait so long

She took my fingers to her mouth
The kind of thing that makes you proud
That nothing else had ever worked out, worked out
And maybe I tried other things
But nothing can capture the sting
Of the venom she's gonna spit out right now

Oh, won't you kiss me on the mouth and love me like a sailor?
And when you get a taste, can you tell me, what's my flavor?
I don't believe in God, but I believe that you're my savior
I know that you've been worried, but you're dripping in my favor
And when we're getting dirty, I forget all that is wrong
I sleep so I can see you 'cause I hate to wait so long
I sleep so I can see you, and I hate to wait so long

And we can run away to the walls inside your house
I can be the cat, baby, you can be the mouse
And we can laugh off things that we know nothing about
We can go forever or until you wanna sit it out"
62,Malcolm Todd,Earrings,USA,latin,0eAuGrXyGFYwur9ARUe7LJ,3390042,9,62,"Her love is in your head
You lost your earrings in her bed
You couldn't tell her that you lost 'em
'Cause you're scared and you're not talking
So you think of what to say
Then save it for another day
'Cause you just never had the heart
Now they just drift further apart

From you, oh
From you, oh
From you, oh
From you, oh

Her love is in your head
You lost your earrings in her bed
You couldn't tell her that you lost 'em
'Cause you're scared and you're not talking
So you think of what to say
Then save it for another day
'Cause you just never had thе heart
Now they just drift further apart

(From you, oh) Extra, еxtra, read all about it
Malcolm's in his feelings and he can't get out of it
(From you, oh) Extra, extra, read all about it
Malcolm's in his feelings and he can't get out of it
(From you, oh) Extra, extra, read all about it
Malcolm's in his feelings and he can't get out of it
(From you, oh) Extra, extra, read all about it
Malcolm's in his feelings and he can't get out of it

From you, oh
From you, oh

(From you, oh) Extra, extra, read all about it
Malcolm's in his feelings and he can't get out of it
(From you, oh) Extra, extra, read all about it
Malcolm's in his feelings and he can't get out of it
Can't get out of it, can't get out of it

Okay, well, I hope you like my mixtape"
63,"Kendrick Lamar, SZA",luther (with sza),USA,latin,2CGNAOSuO1MEFCbBRgUzjd,3367319,67,1,
64,The Marías,No One Noticed,USA,latin,3siwsiaEoU4Kuuc9WKMUy5,3366991,81,5,"Maybe I
Lost my mind
No one noticed
No one noticed

It's getting old (I'd kinda like it if you'd call me)
All alone ('Cause I'm so over bein' lonely)
May have lost it (I need a virtual connection)
I have lost it (Be my video obsession)

No one tried
To read my eyes
No one but you
Wish it weren't true

Maybe I (I'd kinda like it if you'd call me)
It's not right ('Cause I'm so over bein' lonely)
Make you mine (I need a virtual connection)
Take our time (Be my video obsеssion)

Come on, don't leave mе, it can't be that easy, babe
If you believe me, I guess I'll get on a plane
Fly to your city, excited to see your face
Hold me, console me, and then I'll leave without a trace
Come on, don't leave me, it can't be that easy, babe
If you believe me, I guess I'll get on a plane
Fly to your city, excited to see your face
Hold me, console me, then I'll leave without a trace
Come on, don't leave me, it can't be that easy, babe
If you believe me, I guess I'll get on a plane
Fly to your city, excited to see your face
Hold me, console me, and then I'll leave without a trace
(Maybe I) Come on, don't leave me, it can't be that easy, babe
(It's not right) If you believe me, I guess I'll get on a plane
(Make you mine) Fly to your city, excited to see your face
(Take our time) Hold me, console me, and then I'll leave without a trace

I'd kinda like it if you'd call me
(It's not right) 'Cause I'm so over bein' lonely
(Make you mine) I need a virtual connection
(Take our time) Be my video obsession"
65,EsDeeKid,4 Raws,USA,latin,554qQSs9lpRVq6TlaaiIKT,3306676,15,10,"(
Okay
)
(Phew, phew)
(Phew, phew)
(Phew, phew)
Ayy

I'm four man deep in this German
And I'm whippin' it 'round the suburban
Plod are on chase, gotta make the excursion
So I manage this shit like I'm Jürgen
Went from Henny to sippin' on Bourbon
I've switched to a different person
Cut to the chase, now they call me the surgeon
All over the net, I'm a burden

I'm a warlord, kilos under the floorboards
Rammin' the whip through the store door
EsDeeKid, I'm from Mordor
I'm puttin' me name on the scoreboard
Pull up, I've gotten me sword drawn
I'm rotten, I'm sick when I pour fours
Every time I smoke, I light four Raws (
Okay
)

I pull up in that Lamborghini just so you can see me
All these people wanna get dropped on
All these people, they wanna be me
Me leather jacket's from East Asia
And I'm smokin' up on these beast flavours
Got little kiddas and bigger hitters
That'll bang you up for a wee favour

I'm four man deep in this German
And I'm whippin' it 'round the suburban (
Okay
)
Plod are on chase, gotta make the excursion
So I manage this shit like I'm Jürgen (
Okay
)
Went from Henny to sippin' on Bourbon
I've switched to a different person
Cut to the chase, now they call me the surgeon
All over the net, I'm a burden

I'm a scumbag, I was raised in Liverpool slums, lad (
Okay
)
I was broke, no joke, but I spun back
And now I sip this rum and I fund packs (
Okay
)
I'm a dirty dog, I'm a young rat
Year ten, I was out, had to run cash (
Okay
)
PayPal, flip quids for the dumb tax
Catfish as a bitch for the dumb stack
I kept learning, kept lurkin'
Kept whippin' 'round and workin'
Me pockets filled with twenty buds
And GBP, that's Sterling
I'm rolling 'round in spenny cars
Got heavy gas that I'm burnin'
I'm a rockstar with these rocks, lad
I could never beat these urges (
Okay
)

I'm four man deep in this German
And I'm whippin' it 'round the suburban (
Okay
)
Plod are on chase, gotta make the excursion
So I manage this shit like I'm Jürgen (
Okay
)
Went from Henny to sippin' on Bourbon
I've switched to a different person (
Okay
)
Cut to the chase, now they call me the surgeon
All over the net, I'm a burden (
Okay
)

I'm a warlord, kilos under the floorboards (
Okay
)
Rammin' the whip through the store door
EsDeeKid, I'm from Mordor (
Okay
)
I'm puttin' me name on the scoreboard
Pull up, I've gotten me sword drawn (
Okay
)
I'm rotten, I'm sick when I pour fours
Every time I smoke, I light four Raws"
66,Addison Rae,Fame is a Gun,USA,latin,7B3BwNecBhKvNwSMOOl7Gk,3300541,17,32,"Tell me who I am, do I provoke you with my tone of innocence?
Don't ask too many questions, that is my one suggestion
You know I keep it real, I live for the appeal
Knew it from the start, it was the only way to mend my broken heart
Don't ask too many questions, this is my one confession
It never was enough, I always wanted more
I always wanted more

Fame is a gun and I point it blind
Crash and burn, girl, baby, swallow it dry
You got a front row seat and I
I got a taste of the glamorous life

There's no mystery, I'm gonna make it, gonna go down in history
Don't ask too many questions, God gave me the permission
And when you shame me, it makes me want it more
It makes me want it more, more

Fame is a gun and I point it blind (Blind)
Crash and burn, girl, baby, swallow it dry (Dry)
You got a front row seat and I
I got a taste of the glamorous life (Life)
Love is a drug that I can't deny (Deny)
I'm your dream girl, but you're not my type
You got a front row seat and I
I got a taste of the glamorous life (Uh-huh)

Glamorous life
Glamorous life
Glamorous life
I got a taste of the glamorous life

Nothing makes me feel as good
As being loved by you
Nothing makes me feel as good
As being loved by you (Ooh)

Fame is a gun and I point it blind (Blind)
Crash and burn, girl, baby, swallow it dry (Dry)
You got a front row seat and I
I got a taste of the glamorous life (Life)
Love is a drug that I can't deny
I'm your dream girl, but you're not my type
You got a front row seat and I
I got a taste of the glamorous life (Uh-huh)

I got a taste of the glamorous life (Uh-huh)
I got a taste of the glamorous life"
67,"Zach Bryan, Kacey Musgraves",I Remember Everything (feat. Kacey Musgraves),USA,latin,4KULAymBBJcPRpk1yO4dOG,3293273,132,1,"安物のウイスキーが俺の心を癒してくれる
ビーチタオルが物干し竿で揺れている
俺が君に88年型フォードに乗った君の父さんを思い出させるかい？
助手席ではラブラドールがくつろいでいる
君の髪についた砂が俺の目に入ってきて
ビーチのせいにしてくれ　大の男は泣かない
あの壊れた地下室のソファを覚えてるかい？
俺がラブソングを歌っていると君は
君の母さんがどうして指輪を質に入れて出て行ったかを教えてくれるんだ
すべて、すべて覚えているよ

閉店時間の冷え切った態度
君は俺に日が昇るまで一緒に居てほしいと懇願したのに
おかしな言葉が口から零れる
大人の男の心が壊れたときは
写真と過ぎ去った時間
君は飲んでるときだけそんな風に笑うんだ
したくないけど、そうしてしまうよ
君と過ごした夜の、一瞬一秒を思い出す

あなたは心を癒すためなら何でも飲む
でも私の心はいつになったら癒してくれるの？
あなたといると、まるで夏の暑さに熱せられたコンクリートの上を歩いてるようで
二人の魂が出会うとき、それは地獄のように燃え上がる
あなたはあなたがいつも誓っていたような男にはなれないわ
でも、あの88年型フォードで歌うあなたのことを忘れない

閉店時間の冷え切った態度
君は俺に日が昇るまで一緒に居てほしいと懇願したのに
おかしな言葉が口から零れる
大人の男の心が壊れたときは
写真と過ぎ去った時間
君は飲んでるときだけそんな風に笑うんだ
したくないけど、そうしてしまうよ
君と過ごした夜の、一瞬一秒を思い出す
閉店時間の冷え切った態度
君は俺に日が昇るまで一緒に居てほしいと懇願したのに
おかしな言葉が口から零れる
大人の男の心が壊れたときは
写真と過ぎ去った時間
君は飲んでるときだけそんな風に笑うんだ
したくないけど、そうしてしまうよ
君と過ごした夜の、一瞬一秒を思い出す

安物のウイスキーが俺の心を癒してくれる
ビーチタオルが物干し竿で揺れている
俺が君に88年型フォードに乗った君の父さんを思い出させるかい？
助手席ではラブラドールがくつろいでいる"
68,Fetty Wap,Trap Queen,USA,latin,2d8JP84HNLKhmd6IYOoupQ,3280562,20,17,"RGF Productions
Remy Boyz, yah-ah
1738, ayy

I'm like ""Hey, what's up? Hello"" (Ayy)
Seen yo' pretty ass soon as you came in the door
I just wanna chill, got a sack for us to roll
Married to the money, introduced her to my stove
Showed her how to whip it, now she remixin' for low
She my trap queen, let her hit the bando
We be countin' up, watch how far them bands go
We just set a goal, talkin' matchin' Lambos
At 56 a gram, 5 a hundred grams though
Man, I swear I love her, how she work the damn pole
Hit the strip club, we be lettin' bands go
Everybody hatin', we just call them fans, though
In love with the money, I ain't never lettin' go

And I get high with my baby (My baby)
I just left the mall, I'm gettin' fly with my baby, yeah
And I can ride with my baby (My baby)
I be in the kitchen cookin' pies with my baby, yeah
And I can ride with my baby (My baby)
I just left the mall, I'm gettin' fly with my baby, yeah
And I can ride with my baby
I be in the kitchen cookin' pies

I'm like, ""Hey, what's up? Hello""
I hit the strip with my trap queen, 'cause all we know is bands
I just might snatch up a 'Rari and buy my boo a Lamb'
I just might snatch her a necklace, drop a couple on a ring
She ain't wantin' for nothin' because I got her everything
It's big ZooWap from the bando
Remind me where I can't go
Remy Boyz got the stamp though
Count up hella them bands though
Boy how far can your bands go?
Fetty Wap, I'm livin' fifty thousand K how I stand though
If you checkin' for my pockets I'm like…

And I get high with my baby (My baby)
I just left the mall, I'm gettin' fly with my baby, yeah
And I can ride with my baby (My baby)
I be in the kitchen cookin' pies with my baby, yeah
And I can ride with my baby (My baby)
I just left the mall, I'm gettin' fly with my baby, yeah
And I can ride with my baby (My baby)
I be in the kitchen cookin' pies

I'm like, ""Hey, what's up? Hello""
Seen yo' pretty ass soon as you came in the door
I just wanna chill, got a sack for us to roll
Married to the money, introduced her to my stove
Showed her how to whip it, now she remixin' for low
She my trap queen, let her hit the bando
We be countin' up, watch how far them bands go
We just set a goal, talkin' matchin' Lambos
At 56 a gram, 5 a hundred grams though
Man, I swear I love her how she work the damn pole
Hit the strip club, we be lettin' bands go
Everybody hatin', we just call them fans though
In love with the money, I ain't never lettin' go

I be smokin' dope and you know Backwoods what I roll
Remy Boyz, Fetty eatin' shit up, that's fasho
I'll run in ya house, then I'll fuck yo' ho
'Cause Remy Boyz or nothin'
Re-Re-Remy Boyz or nothin', yeah

Yeah, you hear my boy
Soundin' like a zillion bucks on the track
I got whatever on my boy, whatever
Put your money where your mouth is
Money on the wood make the game go good
Money out of sight cause fights
Put up or shut up, huh?
Nitt Da Gritt, huh, RGF Productions
Squad"
69,Tame Impala,The Less I Know The Better,USA,latin,6K4t31amVTZDgR3sKmwUJJ,3227760,172,59,"Someone said they left together
I ran out the door to get her
She was holding hands with Trevor
Not the greatest feeling ever
Said, ""Pull yourself together
You should try your luck with Heather""
Then I heard they slept together
Oh, the less I know the better
The less I know the better

Oh, my love, can't you see yourself by my side?
No surprise, leanin' on his shoulder like every night
Oh, my love, can't you see that you're on my mind?
Don't suppose you could convince your lover to change his mind
So goodbye

She said, ""It's not now or never
Wait ten years, we'll be together""
I said, ""Better late than never
Just don't make me wait forever""
Don't make me wait forever
Don't make me wait forever

Oh, my love, can't you see yourself by my side?
I don't suppose you could convince your lover to change his mind

I was doing fine without ya
'Til I saw your face, now I can't erase
Givin' in to all his bullshit
Is this what you want? Is this who you are?
I was doing fine without ya
'Til I saw your eyes turn away from mine
Oh, sweet darling, where he wants ya

So, come on, Superman, say your stupid line
So, come on, Superman, say your stupid line
So, come on, Superman, say your stupid line"
70,"Drake, Wizkid, Kyla",One Dance,USA,latin,1zi7xx7UVEFkmKfv06H8x0,3215938,124,13,"Senin tarzını seviyorum bebek

Eller belde
Öne ve arkaya
Biliyorsun rol yapmıyorum
Sokaklar güvenli değil
Fakat asla kaçmadım
Uzakta olsam bile
Hayır, hayır, kentin dışında asla yeteri kadar sevgi yok
Tek parça dönmek için dua ediyorum
Dua ediyorum, dua ediyorum

Bu yüzden bir dansa ihtiyacım var
Elimde bir Hennessy var
Gitmeden önce bir kez daha
Yüksek güçler beni tutuyor
Bir dansa ihtiyacım var
Elimde bir Hennessy var
Gitmeden önce bir kez daha
Yüksek güçler beni tutuyor

Senin tarzını seviyorum bebek

Güç ve idare
Arkadaşlarım için bütün dilediğim bu
Benim mahallemden kimse bunu yapamaz
Sessizliği parçalamalıydım
Biliyorsun yanımda kalmalısın
Yazıyı görür görmez bana yanıt ver
Zamanı kavga ederek harcamak istemiyorum
Hiç zamanımız yok

Bu yüzden bir dansa ihtiyacım var
Elimde bir Hennessy var
Gitmeden önce bir kez daha
Yüksek güçler beni tutuyor
Bir dansa ihtiyacım var
Elimde bir Hennessy var
Gitmeden önce bir kez daha
Yüksek güçler beni tutuyor

Güzel bir kız var ve o, beni uzun zamandır seviyor
Dans et, dans et, uzun zamandır
Oh evet, uzun zamandır
Geri geri git, geri geri git, geri geri git ve dans et
Geri geri git, geri geri git, geri geri git ve dans et bebeğim
Geri geri git, geri geri git, geri geri git ve dans et
Oh evet, uzun zamandır
Geri geri git, geri geri git, geri geri git ve dans et bebeğim

Söyle bana
Bilmeliyim, nereye gitmek istiyorsun?
Çünkü eğer istiyorsan, yavaşlayabilirim
Sana kontrolünü kaybettiriyor

Nereye, nereye, nereye
Nereye, nereye, nereye, nereye (Oh evet, uzun zamandır)
Nereye, nereye, nereye (Geri geri git, geri geri git ve dans et bebeğim)
Nereye, nereye, nereye, nereye
Çünkü eğer istiyorsan (Geri geri git, geri geri git ve)
Çünkü eğer istiyorsan (Geri geri git, geri geri git ve)
Çünkü eğer istiyorsan (Geri geri git, geri geri git ve)

Bu yüzden bir dansa ihtiyacım var (
Nereye, nereye, nereye
)
Elimde bir Hennessy var (
Nereye, nereye, nereye, nereye
)
Gitmeden önce bir kez daha (
Nereye
)
Yüksek güçler beni tutuyor (
Nereye, nereye, nereye, nereye
)
Bir dansa ihtiyacım var
Elimde bir Hennessy var
Gitmeden önce bir kez daha
Yüksek güçler beni tutuyor

""Hennessy""i nasıl heceliyorsun?
İki ""N"" ve iki ""S"" koyuyorum, böyle mi? Hen... Henn... Henn...
Kesinlikle çıkmıyor
""Hennessy""nin iki tane ""S""i olduğundan eminim, o yüzden ""N""lerden birini çıkaracağım"
71,"White Noise Radiance, Rain Sounds","Rain Sounds for Sleeping, Pt. 06 (Continuous No Gaps)",USA,latin,7gF2mPcjipv2hLGHY7bi17,3214702,5,60,
72,Morgan Wallen,I'm The Problem,USA,latin,7AeM1BGYM7emrqmQn1PuWv,3213867,57,4,"You say I'll never change
I'm just a-go around town with some gasoline
Just tryin' to bum a flame
Gonna burn the whole place down
And how do you explain
Ever fallin' in love with a guy like me in the first place
Then turn around, say that I'm the worst thing?

I guess I'm the problem
And you're Ms. ""Never Do No Wrong""
If I'm so awful
Then why'd you stick around this long?
And if it's the whiskey
Then why you keep on pullin' it off the shelf?
You hate that when you look at me, you halfway see yourself
And it got me thinkin'
If I'm the problem, well, you might be the reason

We try to go our sеparate ways
And we're back and forth likе a swingin' door
And tomorrow's like yesterday
Some days better than the night before
And you're back with me again
Then you go and tell your friends

That I'm the problem
And you're Ms. ""Never Do No Wrong""
If I'm so awful
Then why'd you stick around this long?
And if it's the whiskey
Then why you keep on pullin' it off the shelf?
You hate that when you look at me, you halfway see yourself
And it got me thinkin'
If I'm the problem, well, you might be the reason

If I'm such a waste of breath, such a waste of time
Then why you on your way to waste another Friday night?

If I'm the problem
And you're Ms. ""Never Do No Wrong""
If I'm so awful
Then why'd you stick around this long?
And if it's the whiskey
Then why you keep on pullin' it off the shelf?
You hate that when you look at me, you halfway see yourself
And it got me thinkin'
If I'm the problem, well, you might be the reason"
73,Bad Bunny,VOY A LLeVARTE PA PR,USA,latin,59D4DOkspUbWyMmbAPQkxZ,3208901,26,7,"Acho, PR es otra cosa
Yo la conocí en Miami, en Brickell
Ella sabe que aquí hay ticket
Quiere que yo se la aplique
Que pa' casa la trafique

Vo'a llevarte pa' PR, mami, pa' que vea' cómo es que se perrea
Tráete a tu amiga si te gusta la idea
Dile que esta noche vamo' a janguear
Que rico la vamo' a pasar
Aquí nadie se va a casar
Pero tú te va' a querer quedar (Ey, ey)

Aprovecha, quе estoy soltero (Ay), single
Míramе mal si quiere' que te singue
Te vo'a llevar pa' PR to' el finde
Despué' de mí va' a borrar Tinder
Y estoy suelto, mami, estoy suelto
Mírame ahora, perreando un experto
Estoy suelto, mami, estoy suelto, ey, ey, ey
Hoy la calle está prendía', hookah, pastilla molía'
Yo no pierdo tiempo, yo las cambio como ROSALÍA
La que me mira a los ojo' por cinco segundo' ya yo sé que es mía
¿Dónde están las mala'? Que son bienvenía'
'Toy puesto pa'l lío, dime si tú lía'
Tus amiga' y to' el corillo 'tán bien rica'
Pero ese culo tuyo, wow, sobresalía
Salimo' de la disco y estaba de día
Obviamente salí con la que quería, ey
Que viva la putería
Dale pa'trá', pa'trá', tan-tan, chulería, ey
Dime si te va' a montar, pa' la isla tengo el portal
Bien borracho' los tre', baby, a las do' me las vo'a llevar
Oh, oh, me quiere besar, ja, yo que la puse mal
Tírate fotitos ahora porque ahorita te vo'a despeinar
Yeah-eh-eh-eh-eh

Vo'a llevarte pa' PR, mami, pa' que vea' cómo es que se perrea
Tráete a tu amiga si te gusta la idea
Dile que esta noche vamo' a janguear
Que rico la vamo' a pasar
Aquí nadie se va a casar
Pero tú te va' a querer quedar, yeah

Yeah, sí, sí
Esto es PR, mami
Aquí nací yo y el reggaetón, pa' que sepa'
Ey, ey, ey
Voy cazando y muero perreando
Voy cazando y muero perreando
Voy cazando y muero perreando
Que bailen toa' las gata', nos fuimo' algarete
'Tás escuchando al que más le mete
Dale, mami, suéltate el grillete
Ponte en cuatro, que te vo'a dar fuete
Ponte en cuatro, que te vo'a dar fue—"
74,Brent Faiyaz,butterflies.,USA,latin,4jyyma8YdFC4S4llusSFRu,3178817,3,37,"Maybe it's a little bit rushed, but I'm falling in love
Hope that's not too much, but this isn't a crush
I've done that enough, girl, I know that it's real
It's like you fell down from Heaven (Oh, no)
Oh, I've been waiting forever, so long

And I know we can do this together (Talkin', you and me)
How do you feel?
Is it anything like I feel? (Yes or no?)
Is it anything like I feel? (Let me know)
Or should I chill?
How do you feel?
Is it anything like I feel? (Although)
Is it anything like I feel? (Although)

Maybe you might think it's untrue, but I've fallen for you
My mind is a mess, girl, don't know what to do
All of this pressure I'm feeling inside
Ain't this supposed to be painless?
Then why am I so anxious?

I wish we could do this together (Talkin', you and me)
How do you feel?
Is it anything like I feel? (Yes or no?)
Is it anything like I feel? (Let me know)
Or should I chill?
How do you feel?
Is it anything like I feel? (Although)
Is it anything like I feel? (Although, yes or no?)


You were there for everything
That came along with being true
You did a lot of things you wouldn't normally do
While I appreciate how much you give to others
Can't help but wonder, oh
Would they do the same for you?
Girl, you're truly a one-of-one (Superwoman)
But remember to take care of number one (Somehow you're perfect, but don't try to be)
Girl, you're truly a one-of-one (You're the last of your kind)
But remember to take care of number one (For what it's worth, girl, you inspire me)
You are, are Superwoman (Somehow you're perfect, but don't try to be)
And you're the last of your kind (For what's it's worth, girl, you inspire me)
Yeah, you know, know, know that you're Superwoman (Somehow you're perfect, but don't try to be)
You're a dying breed (You're the last of your kind)
For what it's worth, girl, you inspire me"
75,Daniel Caesar,Who Knows,USA,latin,6DH13QYXK7lKkYHSU88N48,3149055,19,34,"I'll probably be a waste of your time, but who knows?
Chances are I'll step out of line, but who knows?
Lately, you've set up in my mind
Yeah, girl, you, and I like that

Lately, I've been thinking that perhaps I am a coward
Hiding in a disguise of an ever-giving flower
Incompetent steward of all of that sweet, sweet power

Yesterday was feeling so good, now it's gone
I'd feel like that always if I could, is that wrong?
Tell me 'bout the city you're from
Is it hot? Does it snow there?

Lately, I've been thinking 'bout my precarious future
Will you be there with me by my side, my girl, my shooter?
Who's to say who calculates? Not me, I'm no computer

Is it a crime to be unsure? (Let me know, let me know, let me know, let me)
In time we'll find (Let me know, let me know, let me know, let me)
If it's sustainable (Let me know, let me know, let me know, let me)
You're pure, you're kind (Let me know, let me know, let me know, let me)
Mature, divine (Let me know, let me know, let me know, let me)
You might be too good for me, unattainable (Let me know, let me know, let me know, let me)

Maybe we get married one day, but who knows?
Think I'll take that thought to the grave, but who knows?
I know that I'll love you always
Yeah, girl you, and I'd like that"
76,"Kendrick Lamar, SZA","All The Stars (with SZA) - From ""Black Panther: The Album""",USA,latin,3GCdLUSnKSMJhs4Tj6CV3s,3143542,182,2,"Meanings of Categories:10: A+ (GOAT - Can be multiple GOAT albums)
9-9.9: A (Classic)
8-9: B+ (Amazing / Essentials)
7-8: B (Great)
6-7: B- (Good)
5.5-6: C+ (Above Average)
5-5.5: C (Average)
4.5-5: C- (The Best of the Worst)
4-4.5: D (Bad)
4.0-below: F (Absolute Trash)
*Albums rated 10 will be bolded to indicate a perfect album*
*Albums rated 9.0 and above will be bolded to indicate classic and elite status*All Ratings and Reviews:10 (Perfect)Kendrick Lamar: To Pimp A Butterfly — 10
Michael Jackson: Thriller — 10
Kendrick Lamar: good kid, m.A.A.d city — 10
Kanye West: My Beautiful Dark Twisted Fantasy — 10
Radiohead: OK Computer — 109-9.9 (Classics)Radiohead: In Rainbows — 9.9
Kanye West: The College Dropout - 9.8
JID: The Forever Story (Extended Version) — 9.8
Kanye West: Late Registration - 9.7
J. Cole: 4 Your Eyez Only - 9.7
Tyler, The Creator: IGOR - 9.6
Kendrick Lamar: good kid, m.A.A.d city  - 9.6
Travis Scott: Rodeo (Expanded Edition) - 9.5
Pink Floyd: The Dark Side Of The Moon - 9.5
Travis Scott: Rodeo - 9.4
Frank Ocean: channel ORANGE - 9.3
Kendrick Lamar: DAMN. - 9.3
The Weeknd: House Of Balloons - 9.2
Travis Scott: ASTROWORLD - 9.2
JAY-Z: 444 - 9.2
Kanye West: Yeezus - 9.2
Nas: Illmatic - 9.1
Frank Ocean: Blonde - 9.1
Kanye West: The Life of Pablo - 9.08-9 (Essentials)Kanye West: Graduation - 8.9
Travis Scott: UTOPIA - 8.8
Freddie Gibbs & The Alchemist: Alfredo 2 - 8.8
Kendrick Lamar: untitled unmastered. - 8.7
The Weeknd: Hurry Up Tomorrow - 8.7
JPEGMAFIA & Danny Brown: SCARING THE HOES - 8.7
Tyler, The Creator: CALL ME IF YOU GET LOST - 8.6
The Notorious B.I.G.: Ready to Die - 8.6
Kanye West, Kid Cudi: KIDS SEE GHOSTS - 8.6
Tyler, The Creator: Flower Boy - 8.6
A$AP Rocky: AT.LONG.LAST.A$AP - 8.6
Kendrick Lamar: Mr. Morale & The Big Steppers - 8.6
Tame Impala: Currents - 8.5
Future & Metro Boomin: WE DON'T TRUST YOU - 8.5
Radiohead: The Bends - 8.5
Tyler, The Creator: CHROMAKOPIA - 8.5
Westside Gunn: Pray for Paris - 8.5
Pusha T: DAYTONA - 8.4
Lil Yachty: Let's Start Here. - 8.4
J. Cole: The Fall-Off - 8.4
Drake: Take Care - 8.3
Future: DS2 (Deluxe) - 8.3
Kendrick Lamar: Section.80 - 8.3
Playboi Carti: MUSIC - 8.3
Kanye West: Donda (Deluxe) - 8.3
Killer Mike: Michael - 8.3
Logic: Under Pressure (Deluxe) - 8.3
Kendrick Lamar: GNX - 8.2
Denzel Curry: Melt My Eyez See Your Future - 8.2
Drake: Nothing Was The Same - 8.2
The Weeknd: Dawn FM - 8.2
J. Cole: The Off-Season - 8.1
Mac DeMarco: This Old Dog - 8.1
Don Toliver: OCTANE - 8.1
Travis Scott: Birds In The Trap Sing McKnight - 8.0
Lil Wayne: Tha Carter III - 8.0
Kanye West: Donda - 8.0
Drake: Scary Hours 2 - 8.0
Travis Scott: DAYS BEFORE RODEO - DIGITAL DELUXE ALBUM VAULT 4 - 8.0
Pusha T: It's Almost Dry - 8.0
Drake: Nothing Was The Same (Deluxe) - 8.07-8Travis Scott: Days Before Rodeo - 7.9
Tyler, The Creator: CALL ME IF YOU GET LOST: The Estate Sale - 7.9
J. Cole: 2014 Forest Hills Drive - 7.9
Earl Sweatshirt: Some Rap Songs - 7.9
Baby Keem: Ca$ino - 7.9
21 Savage & Metro Boomin: SAVAGE MODE II - 7.8
21 Savage: i am > i was (Deluxe) - 7.8
Westside Gunn: And Then You Pray For Me - 7.8
Kanye West: ye - 7.8
Knucks: ALPHA PLACE- 7.8
Tierra Whack: Whack World - 7.8
Metro Boomin: HEROES & VILLAINS - 7.7
Jack Harlow: Jackman. - 7.7
The Weeknd: Thursday - 7.7
Travis Scott: DAYS BEFORE RODEO  - 7.6
A$AP Rocky: TESTING - 7.6
Teezo Touchdown: How Do You Sleep At Night? - 7.6
Brent Faiyaz: WASTELAND - 7.5
A$AP Rocky: DON'T BE DUMB - 7.4
Playboi Carti: Die Lit - 7.4
Future: Future Hndrxx Presents: The WIZRD - 7.3
Kanye West: 808s & Heartbreak - 7.3
Drake: If You're Reading This It's Too Late - 7.2
Travis Scott: Days Before Rodeo (Digital Deluxe) - 7.2
Drake: More Life - 7.2
JACKBOYS & Travis Scott: JACKBOYS - 7.2
Faye Webster: Atlanta Millionaire's Club - 7.1
Baby Keem: The Melodic Blue (Deluxe) - 7.1
Young Thug: BUSINESS IS BUSINESS (Metro's Version) - 7.1
2Pac: 2Pacalypse Now - 7.1
Drake: Views -  7.1
Drake: Certified Lover Boy - 7.1
Various Artists: Black Panther: The Album - 7.1
Travis Scott: DAYS BEFORE RODEO - DIGITAL DELUXE ALBUM VAULT 2 - 7.1
Roddy Ricch: Please Excuse Me for Being Antisocial - 7.1
Jay-Z & Kanye West: Watch The Throne - 7.0
Bruno Mars: Doo-Wops & Hooligans - 7.0
Polo G: Die A Legend - 7.0
J. Cole: Might Delete Later - 7.06-7Don Toliver: Life of a DON - 6.9
Drake: The Best in the World Pack - 6.9
Juice WRLD: Death Race For Love - 6.9
Drake: For All The Dogs Scary Hours Edition - 6.9
Gunna: WUNNA - 6.8
Playboi Carti: Whole Lotta Red - 6.8
Baby Keem: DIE FOR MY BITCH - 6.8
Metro Boomin: METRO BOOMIN PRESENTS SPIDER-MAN: ACROSS THE SPIDER-VERSE (SOUNDTRACK FROM AND INSPIRED BY THE MOTION PICTURE) - 6.8
Drake: For All The Dogs - 6.7
JACKBOYS & Travis Scott: JACKBOYS 2 - 6.7
Polo G: THE GOAT - 6.7
Metro Boomin: NOT ALL HEROES WEAR CAPES - 6.6
Don Toliver: Love Sick (Deluxe) - 6.6
Lil Uzi Vert: Eternal Atake - 6.6
Playboi Carti: Playboi Carti - 6.5
21 Savage: american dream - 6.5
Quavo: Rocket Power - 6.5
Kanye West: JESUS IS KING - 6.5
Drake & 21 Savage: Her Loss - 6.4
¥$: VULTURES 1 - 6.4
Juice WLRD: Legends Never Die - 6.4
J. Cole: KOD - 6.3
Drake: Scary Hours - 6.3
Travis Scott: DAYS BEFORE RODEO - DIGITAL DELUXE ALBUM VAULT 3 - 6.3
Drake: Scorpion - 6.2
Drake & PARTYNEXTDOOR: $ome $exy $ongs 4 U - 6.1
Pop Smoke: Shoot for the Stars, Aim for the Moon - 6.1
Future & Metro Boomin: WE STILL DON'T TRUST YOU - 6.1
Drake: Dark Lane Demo Tapes - 6.0
Juice WRLD: Goodbye & Good Riddance - 6.0
André 3000: New Blue Sun - 6.05-6Drake: Honestly, Nevermind - 5.9
Gunna: DS4EVER - 5.9
Huncho Jack: Huncho Jack, Jack Huncho - 5.8
Don Toliver: Love Sick - 5.7
KayCyy: TW2052 - 5.6
XXXTENTACION: 17 - 5.4
Polo G: Hall of Fame - 5.4
Future & Juice WRLD: Future & Juice WRLD Present... WRLD ON DRUGS - 5.3
Lil Uzi Vert: Pink Tape - 5.3
Post Malone: Stoney - 5.3
NLE Choppa: Top Shotta - 5.2
Lil Baby & Lil Durk: The Voice of the Heroes - 5.1
Lyrical Lemonade: All Is Yellow - 5.1
XXXTENTACION: ? - 5.0
Gunna: One of Wun - 5.04-5Juice WRLD: Fightings Demons - 4.9
Drake: 100 GIGS - 4.6
Pop Smoke: Faith - 4.2
Gunna & Lil Baby: Drip Harder - 4.1
Gunna: The Last Wun - 4.03-4Kanye West: Donda 2 - 3.9
Rae Sremmurd: Sremm 4 Life - 3.6
Lil Uzi Vert: Eternal Atake 2 - 3.4"
77,J. Cole,No Role Modelz,USA,latin,68Dni7IE4VyPkTOH9mRWHr,3120302,411,10,"First things first: rest in peace, Uncle Phil
For real
You the only father that I ever knew
I get my bitch pregnant, I'ma be a better you
Prophecies that I made way back in the Ville
Fulfilled
Listen, even back when we was broke, my team ill
Martin Luther King woulda been on Dreamville, talk to a nigga

One time for my L.A. sisters
One time for my L.A. ho
Lame niggas can't tell the difference
One time for a nigga who know

Don't save her, she don't wanna be saved
Don't save her, she don't wanna be saved
Don't save her, she don't wanna be saved
Don't save her, she don't wanna be saved

No role models, and I'm here right now
No role models to speak of
Searchin' through my memory, my memory, I couldn't find one
Last night, I was gettin' my feet rubbed by the baddest bitch
Not Trina, but I swear to God, this bitch'll make you call your girl up
And tell her, ""Hey, what's good?
Sorry, I'm never comin' home, I'ma stay for good""
Then hang the phone up and proceed to lay the wood
I came fast like 9-1-1 in White neighborhoods
Ain't got no shame 'bout it
She think I'm spoiled and I'm rich 'cause I can have any bitch
I got defensive and said, ""Nah, I was the same without it""
But then I thought back, back to a better me
Before I was a B-list celebrity
'Fore I started callin' bitches ""bitches"" so heavily
Back when you could get a platinum plaque without no melody, you wadn't sweatin' me

One time for my L.A. sisters
One time for my L.A. ho
Lame niggas can't tell the difference
One time for a nigga who know

Don't save her, she don't wanna be saved
Don't save her, she don't wanna be saved
Don't save her, she don't wanna be saved
Don't save her, she don't wanna be saved

I want a real love, dark-skinned Aunt Viv love
That Jada and that Will love
That leave a toothbrush at your crib love
And you ain't gotta wonder whether that's your kid love
Nigga, I don't want no bitch from reality shows
Out-of-touch-with-reality hoes
Out in Hollywood bringin' back five or six hoes
Fuck 'em then we kick 'em to the do', nigga, you know how it go
She deserved that, she a bird, it's a bird trap
You think if I didn't rap she would flirt back?
Takin' off her skirt, let her wear my shirt 'fore she leave
""I'ma need my shirt back"" (Nigga, you know how it go)

One time for my L.A. sisters
One time for my L.A. ho
Lame niggas can't tell the difference
One time for a nigga who know

Don't save her, she don't wanna be saved
Don't save her, she don't wanna be saved
Don't save her, she don't wanna be saved
Don't save her, she don't wanna be saved

There's an old saying in Tennessee—I know it's in Texas, probably in Tennessee—that says, fool me once... shame on... shame on you
Fool me—can't get fooled again

Fool me one time, shame on you (Ayy)
Fool me twice, can't put the blame on you (Ayy)
Fool me three times, fuck the peace sign
Load the chopper, let it rain on you (Bop, bop, bop)
Fool me one time, shame on you (Ayy)
Fool me twice, can't put the blame on you (Ayy)
Fool me three times, fuck the peace sign
Load the chopper, let it rain on you (Bop, bop, bop)

My only regret was too young for Lisa Bonet
My only regret was too young for Nia Long
Now all I'm left with is hoes from reality shows
Hand her a script, the bitch prolly couldn't read along
My only regret was too young for Sade Adu
My only regret, could never take Aaliyah home
Now all I'm left with is hoes up in Greystone
With the stale face 'cause they know it's they song

She shallow but the pussy deep (She shallow, she shallow)
She shallow but the pussy deep (She shallow), yeah, ayy
(She shallow)
She shallow but the pussy deep (She shallow), haha
(She shallow)
She shallow but the pussy deep (She shallow, she shallow)

Don't save her, she don't wanna be saved
Don't save her, she don't wanna be saved
Don't save her, she don't wanna be saved
Don't save her, she don't wanna be saved
Don't save her, she don't wanna be saved
Don't save her, she don't wanna be saved
Don't save her, she don't wanna be saved
Don't save her, she don't wanna be saved"
78,Tame Impala,Dracula,USA,latin,1NXbNEAcPvY5G1xvfN57aA,3117318,23,8,"Oh-oh-oh-oh-oh, oh-oh-oh-oh-oh
Oh-oh-oh-oh-oh, oh-oh-oh-oh-oh
(Check it out now)

The morning light is turning blue, the feeling is bizarre (Bizarre)
The night is almost over, I still don't know where you are
The shadows, yeah, they keep me pretty like a movie star
Daylight makes me feel like Dracula (Dracula)

In the end, I hope it's you and me
In the darkness, I would never leave (Ah)
You won't ever see me in the light of day
It's far too late, the time has come

I'm on the verge of caving in, I run back to thе dark
Now I'm Mr. Charisma, fuckin' Pablo Escobar (Escobar)
My friends are saying, ""Shut up, Kevin, just gеt in the car"" (Kevin)
I just wanna be right where you are (Oh, my love)

In the end, I hope it's you and me
In the darkness, I would never leave (I won't leave her)
We both saw this moment comin' from afar
Now here we are

Run from the sunlight, Dracula (Hey)
Run from the sunlight, Dracula (Dracu-Dracula)
Run from the sunlight, Dracula (Run from the sun)
Isn't the view spectacular? (Sunlight, Dracula)

Oh-oh-oh-oh-oh, oh-oh-oh-oh-oh
Oh-oh-oh-oh-oh, oh-oh-oh-oh-oh (Check it out now)
Oh-oh-oh-oh-oh, oh-oh-oh-oh-oh
Oh-oh-oh-oh-oh, oh-oh-oh-oh-oh

But please, do you think about what it might mean?
'Cause I dream about you in my sleep
Would you ever love someone like me, like me? (Oh)

In the end, I hope it's you and me (Oh)
In the darkness, I would never leave (I won't leave her)
We both saw this moment comin' from afar
Now here we are

So run from the sunlight, Dracula (Hey)
Run from the sunlight, Dracula (Run from the sunlight, Dracula)
(Dracu-Dracula)
Run from the sunlight, Dracula (Oh)
Isn't the view spectacular? (Run from the sunlight, Dracula)
Run from the sunlight, Dracula (Run from the sunlight, Dracula)
(Dracu-Dracula)
Run from the sunlight, Dracula (Run from the sunlight)
Isn't the view spectacular? (Run from the sunlight, Dracula)
Run from the sunlight, Dracula (Run from the sunlight, Dracula)
Run from the sunlight, Dracula (Run from the sunlight, Dracula)
Isn't the view spectacular?"
79,Benson Boone,Beautiful Things,USA,latin,3xkHsmpQCBMytMJNiDf3Ii,3112335,111,1,"For a while there, it was rough
But lately, I've been doin' better
Than the last four cold Decembers I recall
And I see my family every month
I found a girl my parents love
She'll come and stay the night, and I think I might have it all
And I thank God every day
For the girl He sent my way
But I know the things He gives me, He can take away
And I hold you every night
And that's a feeling I wanna get used to
But there's no man as terrified as the man who stands to lose you

Oh, I hope I don't losе you
Mm, please stay
I want you, I need you, oh God
Don't take
Thеse beautiful things that I've got

Please stay
I want you, I need you, oh God
Don't take
These beautiful things that I've got

Oh, ooh
Please don't take

I found my mind, I'm feelin' sane
It's been a while, but I'm finding my faith
If everything's good and it's great, why do I sit and wait 'til it's gone?
Oh, I'll tell ya, I know I've got enough
I've got peace and I've got love
But I'm up at night thinkin' I just might lose it all

Please stay
I want you, I need you, oh God
Don't take
These beautiful things that I've got

Oh, ooh

Please stay
I want you, I need you, oh God
I need
These beautiful things that I've got"
80,Chappell Roan,Pink Pony Club,USA,latin,6393yGahSJ9slVdOwSxOVR,3105145,91,8,"I know you wanted me to stay
But I can't ignore the crazy visions of me in L.A. 
And I heard that there's a special place
Where boys and girls can all be queens every single day

I'm having wicked dreams of leaving Tennessee
Hear Santa Monica, I swear it's calling me
Won't make my mama proud, it's gonna cause a scene
She sees her baby girl, I know she's gonna scream

""God, what have you done?
You're a pink pony girl, and you dance at the club,"" oh mama
I'm just having fun
On the stage in my heels, it's where I belong, down at the

Pink Pony Club, I'm gonna keep on dancing at the
Pink Pony Club, I'm gonna keep on dancing down in
West Hollywood, I'm gonna keep on dancing at the
Pink Pony Club, Pink Pony Club

I'm up and jaws are on the floor
Lovers in the bathroom and a line outside the door
Black lights and a mirrored disco ball
Every night's another reason why I left it all

I thank my wicked dreams, a year from Tennessee
Oh, Santa Monica, you've been too good to me
Won't make my mama proud, it's gonna cause a scene
She sees her baby girl, I know she's gonna scream

""God, what have you done?
You're a pink pony girl, and you dance at the club,"" oh mama
I'm just having fun
On the stage in my heels, it's where I belong, down at the

Pink Pony Club, I'm gonna keep on dancing at the
Pink Pony Club, I'm gonna keep on dancing down in
West Hollywood, I'm gonna keep on dancing at the
Pink Pony Club, Pink Pony Club


Don't think I've left you all behind
Still love you and Tennessee, you're always on my mind
And mama, every Saturday
I can hear your Southern drawl a thousand miles away, saying

""God, what have you done?
You're a pink pony girl, and you dance at the club,"" oh mama
I'm just having fun
On the stage in my heels, it's where I belong, down at the

Pink Pony Club, I'm gonna keep on dancing at the
Pink Pony Club, I'm gonna keep on dancing down in
West Hollywood, I'm gonna keep on dancing at the
Pink Pony Club, Pink Pony Club


I'm gonna keep on dancing
I'm gonna keep on dancing"
81,Frank Ocean,Nights,USA,latin,7eqoqGkKwgOaWNNHx90uEZ,3082354,4,81,"'Round your city, 'round the clock
Everybody needs you
No, you can't make everybody equal
Although you got beaucoup family
You don't even got nobody bein' honest with you
Breathe 'til I evaporated
My whole body see-through
Transportation, handmade (G)
And I know it better than most people
I don't trust 'em anyways
You can't break the law with them
Get some gushy, have a calm night
Shooters killin' left and right
Workin' through your worst night
If I get my money right
You know I won't need you
And I tell you (Bitch)
I hope the sack is full up
I'm fuckin', no, I'm fucked up
Spend it when I get that
I ain't tryna keep you
Can't keep up a conversation
Can't nobody reach you
Why your eyes well up? (Breathe)
Did you call me from a séance?
You are from my past life
Hope you're doin' well, bruh (Breathe)
I been out here head first
Always like the head first
Signal comin' in and out
Hope you're doin' well, bruh
Everybody needs you
Everybody needs you
Ooh, 'nani-'nani
This feel like a Quaalude
No sleep in my body
Ain't no bitch in my body (Ah)

New beginnings, ahh
New beginnings, wake up, akh
The sun's goin' down
Time to start your day, bruh
Can't keep bein' laid off
Know you need the money if you gon' survive
Every night shit, every day shit

Droppin' baby off at home before my night shift
You know I can't hear none of that ""spend the night"" shit
That kumbaya shit
Wanna see nirvana, but don't wanna die yet
Wanna feel that 'na-'na, though, could you come by?
Fuck wit' me after my shift
Know them boys wanna see me broke down and shit
Bummed out and shit, stressed out and shit
That's every day shit
Shut the fuck up, I don't want your conversation
Rollin' marijuana, that's a cheap vacation
My every day shit, every night shit
Every day shit (Every night shit, night shit, night shit, night shit)

All my night, been ready for you all my night
Been waitin' on you all my night
I'll buzz you in, just let me know when you're outside
All my night, you been missin' all my night
Still got some good nights memorized
And the look back's gettin' me right


Every night fucks every day up
Every day patches the night up (Night, come on)
On God, you should match it, it's that KO (That KO, God)
No white lighters 'til I fuck my twenty-eighth up (Fire)
1998, my family had that Acura (Fire)
Oh, the Legend (Fire)
Kept at least six discs in the changer (Yeah-yeah)
Back when Boswell and Percy had it active (Massive)
Couple bishops in the city buildin' mansions (Massive)
All the reverends (Massive, massive, ooh)
Preachin' self-made millionaire status (Yeah, yeah)
When we could only eat at Shoney's on occasion (Yeah, yeah)
After 'Trina hit, I had to transfer campus (Yeah, yeah)
Your apartment out in Houston's where I waited (Yeah, yeah, ooh)
Stayin' with you when I didn't have a address (Ooh)
Fuckin' on you when I didn't own a mattress (Fuckin')
Workin' on a way to make it outta Texas
Every night (Right now, right now, right now)

Droppin' baby off at home before my night shift, yeah
You know I can't hear none of that ""spend the night"" shit
That kumbaya shit
Wanna see nirvana, but don't wanna die yet
Wanna feel that 'na-'na, though, could you come by?
Fuck wit' me after my shift
Know them boys wanna see me broke down
Bummed out, stressed out
That's just every day shit
Shut the fuck up, I don't want your conversation
Rollin' marijuana, that's a cheap vacation (Day shit)
Every day shit, every night shit (Every night shit, every day shit)
Every day shit, every day shit (Every night shit, every night shit)
Every day shit, every day shit (Every night shit, every night shit)
Every night shit"
82,Lit,My Own Worst Enemy,USA,latin,33iv3wnGMrrDugd7GBso1z,3081820,8,82,"Can we forget about the things I said when I was drunk?
I didn't mean to call you that
I can't remember what was said or what you threw at me
Please tell me

Please tell me why
My car is in the front yard, and I'm
Sleepin' with my clothes on
I came in through the window last night
And you're long gone, gone

It's no surprise to me, I am my own worst enemy
'Cause every now and then, I kick the livin' shit out of me
The smoke alarm is goin' off, and there's a cigarette
Still burnin'

Please tell me why
My car is in the front yard, and I'm
Sleepin' with my clothes on
Came in through the window last night
And you're long gone, gone


Please tell me why
My car is in the front yard, and I'm
Sleepin' with my clothes on
I came in through the window last night

(Ah-ooh) It's no surprise to me, I am my own worst enemy
(Ah-ooh) 'Cause every now and then, I kick the livin' shit out of me
(Ah-ooh) Can we forget about the things I said when I was drunk?
(Ah-ooh) I didn't mean to call you that (Ooh)"
83,"The Weeknd, Playboi Carti",Timeless (feat Playboi Carti),USA,latin,0FIDCNYYjNvPVimz5icugS,3034957,75,1,"Güneş parlıyor, sona erdi
Yarın oldu
Kendini ışıkta, aşkında yıka
XO
Ooh, evet, ooh, evet, hayır
[Verse 1: Playboi Carti & 
The Weeknd
]
Küçüklüğümden beri, olayın ben olduğunu biliyordum (
Ooh, evet
)
Hatun sürekli gelmek istiyor, çakılmak istiyor (
Çok sert çakılmak istiyor
)
Yanımda tuttuğum için ilkim olduğunu zannediyor
Çift O, saati kapla, benim zamansız olduğumu biliyor (
Zamansız
)
Oğluma bir kaç parça Rick geçiriyorum
Silahı kalçadan çekiyorum
Cepler yirmi ikilik klipleri tutuyor (
Ah
)
Kalbini kırıyorum, Comme Garçons
Üstüne bir şey giy, zeplin üstüne basıl
Leke gibi bir sürtük, yalamaya hazır ol
Küçüklüğümden beri, olayın ben olduğunu bildiğimi anlatmak zorundaydım (Oh)
Şarkılarımı söylüyor, kendinden geçmek istiyor, bir fırt çekmeye çalışıyor
Banka gibi ev, bu orospuyu yatır, şu çeki yatır
Yüzümde gülümseme, rol yapmıyorum, gel ve kontrol edil (Ah)
Boynumda buz, çift O bilekler
Kız Scat'de, ne tekerler ama
Siperlerden yeni çıktı, dört yüz paket
Ah, evet, Paris’te dönüp dolaşıyorum (Ah)
Orospular için giyin, üstüne akın edecekler
Gazoza dört damla koydum, baloncukları çıkıyor
Uyuşturucular iyi vuracak, hasta gibiyim
Bütün şeytanların ile güreşiyorum, The Rock gibi hissediyorum

(Siktir, ah, evet)
Çocukluğumdan beri, hakiki oldum (Çocuk, ooh, yok)
Eğer sen olsaydım, bileklerimi keserdim (
Salak oros
)
Tüm vücudunu XO dövmesi sarmış, evet (
Evet
)
Kız sadece takılmak istiyor ve benim için sorun değil, evet
Küçüklüğümden beri, hakiki oldum (Ooh, yok, ah)
Kızı salmalısın, özgür olmak istiyor (Oh, evet)
Vücudunda Çift O dövmesi, evet
Ne söyledikleri önemli değil, ben zamansızım, evet (Shevet)

Oh, eve döndüğümde şehir ateşler içinde
Gökyüzünü doldur (Evet), Dome'u dolduruyorum
Bir gün bunu oynatacaklar (Evet), ne performanstı ama
Ama can yakacak çünkü ilk biz başardık
Skateboard P gibi hissediyorum, BBC tayfa emekliyor
Yıl '03’müş gibi hissediyorum, bağlantılı Neptune davulları (Evet)
Karı mastürbasyoncu hippinin teki, ekiple yatmak istiyor
Kremaya aşık oldu (Evet), sahneye aşık oldu
Ooh, evet, erkeği sessiz, çıt çıkmıyor (Oh, yok)
Kalbini kırdı, TSSB (Oh, yok)
Göğsünü tut, nefes almasına izin ver
Nefes almasına izin ver, zenciler planlar kuruyorlar
Ve bir rahibim var, haçı tutuyor
Yoldan çık, Allah'ına gönder
Bir damla gözyaşı döktüm, kayıp için dua ettim, ooh, evet (Evet)

Çocukluğumdan beri, hakiki oldum (
Homixide, Homixide, Homixide
, oh, oh)
Eğer sen olsaydım, bileklerimi keserdim (Ah)
Tüm vücudunu XO dövmesi sarmış, evet (Vücudunu, evet)
Kız sadece takılmak istiyor ve benim için sorun değil, evet
Küçüklüğümden beri, hakiki oldum (Evet, ooh, yok)
Kızı salmalısın, özgür olmak istiyor (Oh, yok)
Vücudunda Çift O dövmesi, evet (Vücudunda, evet)
Ne söyledikleri önemli değil, ben zamansızım

Zamansız (Oh), zamansız, zamansız
Zamansız, zamansız, zamansız, zamansızız, oh
Zamansız, zamansız, zamansız (Evet), zamansız
Zamansız (Evet), zamansız, zamansız, zamansızız, oh
Oh (Blatt)
Oh (Yuh, yakıyor)"
84,"Post Malone, Morgan Wallen",I Had Some Help (Feat. Morgan Wallen),USA,latin,5IZXB5IKAD2qlvTPJYDCFB,3032828,95,1,"Você tem muita coragem, não tem, querida?
Eu só encho a cara porque você me faz fazer isso
Você 'tá dizendo pra todos os seus amigos que eu sou louco
Como se eu fosse o único
Por que você os apedrejaria se você
Tinha um ou dois grandes desejos?
Morando nessa grande casa de vidro com uma bela visão
Eu achei que você sabia que

Eu tive ajuda
Não é como se eu pudesse fazer toda essa bagunça por conta própria
Não aja como se você não tivesse me ajudado a puxar a garrafa pra fora da prateleira
Estive bem envolvido em todo final de semana, se não percebeu
Eles dizem, ""Trabalho em equipe faz o sonho acontecer""
É lógico que eu tive ajuda (Ajuda)

(Ajuda)

Você achou que eu levaria a culpa por termos terminado
Ande por aí como se você não fosse a culpada de algo
Já perdeste o jogo que esteve fugindo
Parece que está te alcançando, né
Você acha que é tão inocente
Depois de toda a merda que fez
Eu não sou um anjo, você não é enviada dos céus
Não consigo nos tirarmos disso

Eu tive ajuda
Não é como se eu pudesse fazer toda essa bagunça por conta própria
Não aja como se você não tivesse me ajudado a puxar a garrafa pra fora da prateleira
Estive bem envolvido em todo final de semana, se não percebeu
Eles dizem, ""Trabalho em equipe faz o sonho acontecer""
É lógico que eu tive ajuda (Ajuda)

(Ajuda)
(Ajuda)
(Ajuda)

É necessário dois pra quebrar um coração no meio, ooh
Querida, você me põe a culpa e, querida, eu ponho a culpa em você
Aw, se não for essa a verdade (Oh)

Eu tive ajuda
Não é como se eu pudesse fazer toda essa bagunça por conta própria
Não aja como se você não tivesse me ajudado a puxar a garrafa pra fora da prateleira
Estive bem envolvido em todo final de semana, se não percebeu
Eles dizem, ""Trabalho em equipe faz o sonho acontecer""
É lógico que eu tive ajuda (Ajuda)

(Ajuda)
(Ajuda)
(Ajuda)"
85,"Disco Lines, Tinashe",No Broke Boys,USA,latin,3cZajhyr8LmtPfHZ9296tj,3022409,38,15,"No, that, no, that, no, that (Disco)

Ex on the line, just as I suspected
No one really gets over me
I'm unaffected, why would you try to ever put me second?
You just another groupie to me now

I'm out here single, and I need somethin' real
Now I got standards, give a fuck how you feel (Fuck how you feel)
I'm out here single, tell me what's the deal
Now I got standards, give a fuck how you feel

No broke boys, no new friends
No broke boys, no new friends
No broke boys, no new friends
(No, that, no, that, no, that, no, that)
No, that, no, that, no, that, no, that

No broke boys, no new friends
I'm that pressure, give me my tens
Ain't no lie, ain't no shade
Fuck on me, then you know he paid
Looks so good, makes no sense
Badass bitch, with my badass friends
No broke boys, ain't no shade
Fuck on me, then you know he paid

No broke boys, no new friends
No broke boys, no new friends
No broke boys, no new friends
No broke boys, no new friends
No, that, no, that, no, that, no, that
No broke boys, no new friends
No broke boys, no new friends
No broke boys, no new friends
No broke boys, no new friends
No, that, no, that, no, that, no, that

No broke boys, no new friends
I'm that pressure, give me my tens
Ain't no lie, ain't no shade
Fuck on me, then you know he paid
Looks so good, makes no sense
Badass bitch, with my badass friends
No broke boys, ain't no shade
Fuck on me, then you know he paid

No broke boys, no new friends (No new friends)
No broke boys, no new friends
No broke boys, no new friends (No new friends)
(No, that, no, that, no, that, no, that)
No, that, no, that, no, that (Disco)

No broke boys, no new friends
I'm that pressure, give me my tens
Ain't no lie, ain't no shade
Fuck on me, then you know he paid
Looks so good, makes no sense
Badass bitch, with my badass friends
No broke boys, ain't no shade
Fuck on me, then you know he paid

No broke boys, no new friends
No broke boys, no new friends
No broke boys, no new friends
No broke boys, no new friends

(No, that, no, that, no, that, no, that)
No, that, no, that, no, that, no, that"
86,Zach Bryan,Something in the Orange,USA,latin,3WMj8moIAXJhHsyLaqIIHI,3007362,202,4,"It'll be fine by dusk light, I'm tellin' you, baby
These things eat at your bones and drive your young mind crazy
But when you place your head between my collar and jaw
I don't know much, but there's no weight at all

And I'm damned if I do and I'm damned if I don't
'Cause if I say I miss you, I know that you won't
But I miss you in the mornings when I see the sun
Somethin' in the orange tells me we're not done

To you, I'm just a man; to me, you're all I am
Where the hell am I supposed to go?
I poisoned myself again, somethin' in the orange
Tells me you're never comin' home

I need to hear you say you've been waitin' all night
There's orange dancin' in your eyes from bulb light
Your voice only trembles when you try to speak
Take me back to us dancin', this wood used to creak

To you, I'm just a man; to me, you're all I am
Where the hell am I supposed to go?
I poisoned myself again, somethin' in the orange
Tells me you're never comin' home

To you, I'm just a man; to me, you're all I am
Where the hell am I supposed to go?
I poisoned myself again, somethin' in the orange
Tells me you're never comin' home
If you leave today, I'll just stare at the way
The orange touches all things around
The grass, trees, and dew, how I just hate you
Please turn those headlights around
Please turn those headlights around"
87,Coldplay,Sparks,USA,latin,7D0RhFcb3CrfPuTJ0obrod,3005095,83,28,"Did I drive you away?
I know what you'll say
You say, ""Oh, sing one we know""
But I promise you this
I'll always look out for you
Yeah, that's what I'll do

I say, oh
I say, oh

My heart is yours
It's you that I hold onto
Yeah, that's what I do
And I know I was wrong
But I won't let you down
Oh, yeah, I will, yeah, I will, yes, I will

I said, oh
I cry, oh

Yeah, I saw sparks
Yeah, I saw sparks
And I saw sparks
Yeah, I saw sparks

Sing it out
La-la-la-la, oh-oh
La-la-la-la, oh-oh
La-la-la-la, oh-oh
La-la-la-la, oh-oh"
88,Foo Fighters,Everlong,USA,latin,5UWwZ5lm5PKu6eKsHAGxOk,3001191,139,60,"Hello, I've waited here for you
Everlong
Tonight, I throw myself into
And out of the red, out of her head, she sang

Do do do do do do dododo
Do do do do do do dododo
Do do do do do do do do
Do do dododo

Come down, and waste away with me
Down with me
Slow, how you wanted it to be
I'm over my head, out of her head, she sang

And I wonder
When I sing along with you
[Chorus: Dave Grohl & Louise Post, 
Dave Grohl
]
If everything could ever feel this real forever
If anything could ever be this good again
The only thing I'll ever ask of you
You gotta promise not to stop when I say when
She sang
Do do do do do do dododo
Do do do do do do dododo
Do do do do do do do do
Do do dododo

Breathe out, so I can breathe you in
Hold you in
And now, I know you've always been
Out of your head, out of my head, I sang

And I wonder
When I sing along with you
[Chorus: Dave Grohl & Louise Post, 
Dave Grohl
]
If everything could ever feel this real forever
If anything could ever be this good again
The only thing I'll ever ask of you
You gotta promise not to stop when I say when
She sang

So, dad would take the Sundays off
And that's the only time he could ever get any rest
And so, because we were loud on Sundays
He'd make us hold his construction boots over our head, 'til we'd sleep
And they were really heavy boots and I used to say, ""Dad, come on, please""
And like start crying, 'cause they're too heavy

And I wonder

If everything could ever feel this real forever
If anything could ever be this good again
The only thing I'll ever ask of you
You gotta promise not to stop when I say when"
89,Teddy Swims,Lose Control,USA,latin,17phhZDn6oGtzMe56NuWvj,2997492,121,10,"Something's got a hold of me lately
No, I don’t know myself anymore
Feels like the walls are all closin' in
And the devil's knockin’ at my door, woah
Out of my mind, how many times did I tell you
I'm no good at bein' alone?
Yeah, it's taken a toll on me, tryin' my best to keep
From tearin' the skin off my bones, don't you know

I lose control
When you're not next to me (When you’re not here with me)
I’m fallin' apart right in front of you, can’t you see?
I lose control
When you're not next to me, mhm
Yeah, you're breakin' my heart, baby
You make a mess of me

Problematic
Problem is I want your body like a fiend, like a bad habit
Bad habits hard to break when I’m with you
Yeah, I know I can do it on my own
But I want that real full-moon black magic and it takes two
Problematic
Problem is when I'm with you, I'm an addict
And I need some relief, my skin in your teeth
Can't see the forest through the trees
Got me down on my knees, darlin', please, oh

I lose control
When you're not next to me (When you're not here with me)
I'm fallin' apart right in front of you, can't you see?
I lose control
When you're not next to me, mhm
Yeah, you're breakin' my heart, baby
You make a mess of me, yeah


I lose control
When you're not here with me, mm
I'm fallin' apart right in front of you, can't you see?
I lose control
When you're not here with me, mhm
Yeah, you're breakin' my heart, baby
You make a mess of me"
90,Chris Stapleton,You Should Probably Leave,USA,latin,2UikqkwBv7aIvlixeVXHWt,2995435,137,56,"I know it ain't all that late
But you should probably leave
And I recognize that look in your eyes
Yeah, you should probably leave

'Cause I know you and you know me
And we both know where this is gonna lead
You want me to say that I want you to stay
So you should probably leave
Yeah, you should probably leave

There's still time for you to finish your wine
Then you should probably leave
And it's hard to resist, alright, just one kiss
Then you should probably leave

'Cause I know you and you know me
And we both know where this is gonna lead
You want me to say that I want you to stay
So you should probably leave
Yeah, you should probably leave

Like a devil on my shoulder, you keep whisperin' in my ear
And it's gettin' kinda hard for me to do the right thing here
I wanna do the right thing, baby

Sun on your skin, 6AM
And I been watchin' you sleep
And honey, I'm so afraid you're gonna wake up and say
That you should probably leave

'Cause I know you and you know me
And we both know where this is gonna lead
I want you to stay but you'll probably say
That you should probably leave
Yeah, you should probably leave
Oh, you should probably leave"
91,Childish Gambino,Les,USA,latin,7ghKr0pCYyPPyp7t1FH8k4,2983206,40,70,"Baby, you're the baddest
Baby, you're the baddest girl, and, uh
Nobody else matters
Nobody else matters girl, and, uh
We're kissing in the bathroom
We're kissing in the bathroom girl, and, uh
I hope nobody catch us
But I kinda hope they catch us, anyway

A New York nine's an everywhere else six
Timewise, the opposite goes for chicks
I'm in a taxi, texting with my best friend
He's sleeping with this girl that he met up on the West End
He's lucky, she's a career woman, no kids
Most girls see the clothes and try and gold dig
Most hoes poke holes in Trojans
Most people don't fuck and hit the lotto but my folks did
I'm a mess
That don't rhyme with shit, it's just true
Don't bring your girlfriend here, it's just you
When I'm depressed, you're someone I run to
But, I guess meet me at Pianos
They cross-fadin' off of Nanos
Ugh, on that hipster shit
And you's a hipster, bitch
Yo, but not in the lame way
Like, you ain't livin' out in BK
Like, you ain't workin' on a screenplay
Like, your baby daddy ain't a DJ
Like, she listenin' to old Freeway
'Cause everybody listens to Biggie, but she different
Right, that’s why your friends need wristbands?
Fuck you
Can I have this dance?

Baby, you're the baddest
Baby, you're the baddest girl, and, uh
Nobody else matters
Nobody else matters girl, and, uh
We're kissing in the bathroom
We're kissing in the bathroom girl, and, uh
I hope nobody catch us
But I kinda hope they catch us
Baby, you're the baddest
Baby, you're the baddest girl, and, uh
Nobody else matters
Nobody else matters girl, and, uh
We're kissing in the bathroom
We're kissing in the bathroom girl, and, uh
I hope nobody catch us
But I kinda hope they catch us, anyway

We can pretend if you want to, like
We in love and started dating at your art school
'Cause either way, we both lying more than half of the time
Except for when I'm home workin' on your graphic design
Every time we see each other, I'm taking you home
Our relationship has gotten Sylvester Stallone
Yellow-911-Persian girl-in-the-back car
But me writin' a verse would be the only way they buyin' a bar
White boys used to trip and send me over a gin
But they busy showin' off each other Indian friend
She got ironic tattoos on her back
That ain't ironic bitch, I love Rugrats
Watching lames handle they fame, they bang any broad with bangs
In a band with an animal name
Hannibal came drinkin' a handle of Jameson
Analling anyone is the plan for the evening
I'm kidding, stop
Girl cryin' on Ludlow, she still look good though
Love is Eastside, who are you to hate?
Movie ass; not a 10, but a super 8
You ain't see me at the show? I was super great
Hotel penthouse, gon' and let it ruminate
City never sleeps, so I guess I'm never slept on
Did everything I could, then I kept going

Baby, you're the baddest
Baby, you're the baddest girl, and, uh
Nobody else matters
Nobody else matters girl, and, uh
We're kissing in the bathroom
We're kissing in the bathroom girl, and, uh
I hope nobody catch us
(I hope nobody catch us)
Baby, you're the baddest
Baby, you're the baddest girl, and, uh
Nobody else matters
Nobody else matters girl, and, uh
We're kissing in the bathroom
We're kissing in the bathroom girl, and, uh
I hope nobody catch us
But I kinda hope they catch us, anyway

Ooh, girl, I wanna know
Are you ready to cry? 'Cause I'm no good, no good
Ooh, girl, I wanna try
I'm an awful guy and I'm always away
And I'm tryin' to say I'm a piece of shit
Believe in this, I'm tellin' you
'Cause we barely knew what we had
I'm not that bad, the fun we had
Ooh

Baby, you're the baddest
Baby, you're the baddest girl, and, uh
Nobody else matters
Nobody else matters girl, and, uh
We're kissing in the bathroom
We're kissing in the bathroom girl, and, uh
I hope nobody catch us
But I kinda hope they catch us, anyway
Baby, you're the baddest
Baby, you're the baddest girl, and, uh
Nobody else matters
Nobody else matters girl, and, uh
We're kissing in the bathroom
We're kissing in the bathroom girl, and, uh
I hope nobody catch us
But I kinda hope they catch us, anyway"
92,Drake,Passionfruit,USA,latin,5mCPDVBb16L4XQwDdbRUpz,2958127,170,1,"Hold on, hold on, fuck that
Fuck that shit
Hold on, I got to start this motherfuckin' record over again, wait a minute
Fuck that shit
Still on this motherfuckin’ record
I'ma play this motherfucker for y'all
Ayy, y’all get some more drinks goin' on
I'll sound a whole lot better

Listen
Seein' you got ritualistic
Cleansin' my soul of addiction for now
'Cause I'm fallin' apart, yeah
Tension
Between us just like picket fences
You got issues that I won’t mention for now
’Cause we're fallin’ apart

Passionate from miles away
Passive with the things you say
Passin' up on my old ways
I can't blame you, no, no
Passionate from miles away
Passive with the things you say
Passin' up on my old ways
I can’t blame you, no, no

Listen
Harder buildin' trust from a distance
I think we should rule out commitment for now
'Cause we're fallin' apart
Leavin'
You're just doing that to get even
Don't pick up the pieces, just leave it for now
They keep fallin' apart

Passionate from miles away
Passive with the things you say
Passin' up on my old ways
I can't blame you, no, no
Passionate from miles away
Passive with the things you say
Passin' up on my old ways
I can't blame you, no, no

Um, trying to think of the right thing to say"
93,"Nelly Furtado, Timbaland",Promiscuous,USA,latin,2gam98EZKrF9XuOkU13ApN,2948033,48,81,"Lenk' ich dich ab?
Nein
Dachte ich mir

Wie geht’s dir, junge Dame?
Das Gefühl, das du gibst, macht mich wirklich verrückt
Du bist dope, lässt einen Player ersticken
Mir fehlten die Worte, als wir das erste Mal gesprochen haben
Suchst du ein Mädchen, das dich gut behandelt?
Suchst du sie tagsüber mit dem Licht?
Du könntest der Typ sein, wenn ich meine Karten richtig ausspiele
Ich werde еs bis zum Ende der Nacht herausfindеn
Du erwartest von mir, dass ich dich einfach heranlasse?
Aber wirst du mich immer noch achten, wenn du es bekommst?
Ich kann es nur versuchen, gib mir eine Chance (Chance)
Was ist das Problem? Ich sehe den Ring nicht an deiner Hand (Hand)
Ich werde der erste sein, der zugibt
Ich du machst mich neugierig, du scheinst so unschuldig zu sein
Willst du in meine Welt eintauchen?
Junge, ich bin es leid zu rennen, lass uns kurz gehen

Promiskuitives Mädchen, wo immer du bist
Ich bin ganz allein und du bist, wen ich will
Promiskuitiver Junge, du weißt schon
Dass ich ganz dir gehöre, worauf wartest du?
Promiskuitives Mädchen, du reizt mich
Du weißt, was ich will und ich habe, was du brauchst
Promiskuitiver Junge, kommen wir zum Punkt
Weil wir sind in Fahrt, bist du bereit?

Rosen sind rot, einige Diamanten sind blau
Ritterlichkeit ist tot, aber du bist trotzdem irgendwie süß
Hey, ich kann nicht aufhören an dich zu denken
Wo bist du? Stört es dich, wenn ich vorbeikomme?
Ich bin nicht von dieser Welt, komm mit mir auf meinen Planeten
Bring dich auf mein Level, glaubst du, dass du damit umgehen kannst?
Sie nennen mich Thomas, Nachname Crown
Achte die Charm, ich lege meine nieder
Ich bin ein großes Mädchen, ich kann mit mir selbst umgehen
Aber wenn ich einsam werde, brauche ich deine Hilfe
Achte auf mich, ich rede nicht für meine Gesundheit
Ich möchte dich auf meinem Team -- So wie alle anderen
Shh, Baby, wir können es niederschwellig halten (Niederschwellig)
Entspann dich, niemand muss davon wissen (Wissen)
Wenn du dabei bist, Mädchen, ich kenne einen Ort, wohin wir gehen können
Für was für ein Mädchen hältst du mich?

Promiskuitives Mädchen, wo immer du bist
Ich bin ganz allein und du bist, wen ich will
Promiskuitiver Junge, du weißt schon
Dass ich ganz dir gehöre, worauf wartest du?
Promiskuitives Mädchen, du reizt mich
Du weißt, was ich will und ich habe, was du brauchst
Promiskuitiver Junge, kommen wir zum Punkt
Weil wir sind in Fahrt, bist du bereit?

Sei nicht böse, werde nicht gemein
Werde nicht böse, sei nicht gemein
Hey, sei nicht böse, werde nicht gemein
Werde nicht böse, sei nicht gemein

Warte, ich mein's nicht böse
Ich kann dich in meinem T-Shirt sehen
Ich kann dich ohne Klamotten
Mich abtasten sehen, bevor du das machst
Das machst? -- Du solltest wissen, was ich meine
Mädchen, ich bin ein Freak, du solltest sowas nicht sagen
Ich versuche nur, in deinen Kopf zu kommen
Um zu sehen, ob du mich so bewegen kannst, wie du sagst
Alles gut, es ist in Ordnung
Ich habe etwas, das du mögen wirst
Hey, ist das die Wahrheit oder redest du Müll?
Ist deine Leistung M.V.P. wie Steve Nash?

Promiskuitives Mädchen, wo immer du bist
Ich bin ganz allein und du bist, wen ich will
Promiskuitiver Junge, ich rufe deinen Namen
Aber du machst mich verrückt, so wie du mich warten lässt
Promiskuitives Mädchen, du reizt mich
Du weißt, was ich will und ich habe, was du brauchst
Promiskuitiver Junge, wir sind ein und dasselbe
Also müssen wir keine Spiele mehr spielen

Eh-eh, eh-eh, ah-ah-ah
Eh-eh, eh-eh, ah-ah-ah
Eh-eh, eh-eh, ah-ah-ah
Eh-eh, eh-eh, ah-ah-ah
Mm, mm, mm, mm
Mm, mm, ah-ah-ah
Eh-eh, eh-eh, ah-ah-ah
Eh-eh, eh-eh, ah-ah-ah"
94,"Kanye West, Dwele",Flashing Lights,USA,latin,5TRPicyLGbAF2LGBFbHGvO,2944909,148,53,"Luces resplandecientes (Luces, luces)
Luces resplandecientes (Luces, luces)
Luces resplandecientes (Luces, luces)
Luces resplandecientes (Luces, luces)

Ella no cree en las estrellas fugaces
Pero ella cree en los zapatos y autos
Pisos de madera en el nuevo apartamento
Alta costura de los departamentos de la tienda
Te gusta más lo ""me encanta empezar a follar""
Soy más de los viajes a Florida
Pedí los entremeses, miré al agua
Directamente de una página de tu autor favorito
Y el clima es tan ventoso
Hombre, ¿por qué la vida no puede ser siempre tan fácil?
Ella sigue en el espejo bailando tan sórdida
Recibí una llamada como, ""¿Dónde estás, Yeezy?""
Y traté de follarte con el ol-wu-wopte
Hasta que me deslumbraron los paparazzi
Maldita sea, estos negros me atraparon
Odio a estos negros más que a un Nazi

Según recuerdo, sé que te encanta presumir
Pero nunca pensé que lo llevarías tan lejos
¿Pero que se yo?
Luces resplandecientes (Luces, luces)
¿Que sé yo? Que sé
Luces resplandecientes (Luces, luces)

Sé que ha pasado un tiempo, cariño
Apenas hablamos, estaba haciendo mis cosas
Sé que fui asqueroso, nena
Ayy, nena, últimamente has estado en mi cerebro
Y si alguien me lo hubiera dicho hace un mes
Sin embargo, al frente, yo no querría saber
Si alguien me hubiera dicho hace un año
Se pondrá así de difícil
Me siento como Katrina sin ni un FEMA
Como Martin sin Gina
Como un vuelo sin Visa
Primera clase con el respaldo del asiento, todavía te veo
En mi pasado, tu estás del otro lado del cristal
Del museo de mis recuerdos
Solo digo, hey, Mona Lisa
Ven a casa, sabes que no puedes vagar sin César

Según recuerdo, sé que te encanta presumir
Pero nunca pensé que lo llevarías tan lejos
¿Pero que se yo?
Luces resplandecientes (Luces, luces)
¿Que sé yo? Que sé
Luces resplandecientes (Luces, luces)

Según recuerdo, sé que te encanta presumir
Pero nunca pensé que lo llevarías tan lejos
¿Pero que se yo?
Luces resplandecientes (Luces, luces)
¿Que sé yo? Que sé
Luces resplandecientes (Luces, luces)
Luces resplandecientes (Luces, luces, luces, luces...)"
95,Fleetwood Mac,The Chain - 2004 Remaster,USA,latin,5e9TFTbltYBg2xThimr0rU,2932250,39,63,"Fuck

Listen to the wind blow
Watch the sun rise
Run in the shadows
Damn your love, damn your lies

And if you don't love me now
You will never love me again
I can still hear you saying
You would never break the chain (Never break the chain)
And if you don't love me now (You don't love me now)
You will never love me again
I can still hear you saying (Still hear you saying)
You would never break the chain (Never break the chain)

Listen to the wind blow
Down comes the night
Run in the shadows
Damn your love, damn your lies
Break the silence
Damn the dark, damn the light

And if you don't love me now
You will never love me again
I can still hear you saying
You would never break the chain (Never break the chain)
And if you don't love me now (You don't love me now)
You will never love me again
I can still hear you saying (Still hear you saying)
You would never break the chain (Never break the chain)
And if you don't love me now (You don't love me now)
You will never love me again
I can still hear you saying (Still hear you saying)
You would never break the chain (Never break the chain)

(Chain, keep us together) Run in the shadow
(Chain, keep us together) Runnin' in the shadow
(Chain, keep us together) Runnin' in the shadow
(Chain, keep us together) Run in the shadow
(Chain, keep us together) Run in the shadow"
96,Fleetwood Mac,Landslide,USA,latin,5ihS6UUlyQAfmp48eSkxuQ,2931845,31,23,"I took my love, took it down
I climbed a mountain and I turned around
And I saw my reflection in the snow-covered hills
'Til the landslide brought me down

Oh, mirror in the sky
What is love?
Can the child within my heart rise above?
Can I sail through the changin' ocean tides?
Can I handle the seasons of my life?
Hmm-hmm, hmm-hmm

Well, I've been afraid of changin'
'Cause I've built my life around you
But time makes you bolder
Even children get older
And I'm getting older too


Well, I've been afraid of changin'
'Cause I've built my life around you
But time makes you bolder
Even children get older
And I'm getting older too
Oh, I'm getting older too

Oh-oh, take my love, take it down
Oh-oh, climb a mountain and turn around
And if you see my reflection in the snow-covered hills
Well, the landslide bring it down

And if you see my reflection in the snow-covered hills
Well, the landslide will bring it down
Oh-ohh, the landslide bring it down"
97,Rihanna,Don't Stop The Music,USA,latin,1Jo0Zg7XlrA6z0mFTZVdkn,2927272,19,81,"Please don't stop the music
Please don't stop the music
Please don't stop the music
Please don't stop the music

It's gettin' late, I'm makin' my way over to my favorite place
I gotta get my body moving, shake the stress away
I wasn't looking for nobody when you looked my way
Possible candidate, yeah
Who knew that you'd be up in here lookin' like you do?
You're making stayin' over here impossible
Baby, I'ma say your aura is incredible
If you don't have to go, don't

Do you know what you started? I just came here to party
But now we're rockin' on the dance floor, actin' naughty
Your hands around my waist, just let the music play
We're hand in hand, chest to chest, and now, we're face to face

I wanna take you away
Let's escape into the music, DJ, let it play
I just can't refuse it, like the way you do this, keep on rockin' to it
Please don't stop the, please don't stop the music
I wanna take you away (Ah, ah, ah, ah-ah)
Let's escape into the music, DJ, let it play
I just can't refuse it (Ah, ah, ah, ah-ah)
Like the way you do this, keep on rockin' to it
Please don't stop the, please don't stop the, please don't stop the music

Baby, are you ready? 'Cause it's gettin' close
Don't you feel the passion ready to explode?
What goes on between us, no one has to know
This is a private show, oh

Do you know what you started? I just came here to party
But now we're rockin' on the dance floor, actin' naughty
Your hands around my waist, just let the music play
We're hand in hand, chest to chest, and now, we're face to face

I wanna take you away (Ah, ah, ah, ah-ah)
Let's escape into the music, DJ, let it play
I just can't refuse it (Ah, ah, ah, ah-ah)
Like the way you do this, keep on rockin' to it
Please don't stop the, please don't stop the music
I wanna take you away
Let's escape into the music, DJ, let it play
I just can't refuse it, like the way you do this, keep on rockin' to it
Please don't stop the, please don't stop the, please don't stop the music

Mama-say, mama-sa, ma-ma-ko-ssa
Mama-say, mama-sa, ma-ma-ko-ssa
Mama-say, mama-sa, ma-ma-ko-ssa
Mama-say, mama-sa, ma-ma-ko-ssa (
Please don't stop the music
)
Mama-say, mama-sa, ma-ma-ko-ssa
Mama-say, mama-sa, ma-ma-ko-ssa
Mama-say, mama-sa, ma-ma-ko-ssa
Mama-say, mama-sa, ma-ma-ko-ssa (
Please don't stop the music
)

Mama-say, mama-sa, ma-ma-ko-ssa
Mama-say, mama-sa, ma-ma-ko-ssa
Mama-say, mama-sa, ma-ma-ko-ssa
Mama-say, mama-sa, ma-ma-ko-ssa
 (Please don't stop the music)
Mama-say, mama-sa, ma-ma-ko-ssa
Mama-say, mama-sa, ma-ma-ko-ssa
Mama-say, mama-sa, ma-ma-ko-ssa
Mama-say, mama-sa, ma-ma-ko-ssa

I wanna take you away (Ah, ah, ah, ah-ah)
Let's escape into the music, DJ, let it play
I just can't refuse it (Ah, ah, ah, ah-ah)
Like the way you do this, keep on rockin' to it
Please don't stop the, please don't stop the music
I wanna take you away (Ah, ah, ah, ah-ah)
Let's escape into the music, DJ, let it play
I just can't refuse it (Ah, ah, ah, ah-ah)
Like the way you do this, keep on rockin' to it
Please don't stop the, please don't stop the, please don't stop the music

Mama-say, mama-sa, ma-ma-ko-ssa
Mama-say, mama-sa, ma-ma-ko-ssa
Mama-say, mama-sa, ma-ma-ko-ssa
Mama-say, mama-sa, ma-ma-ko-ssa (
Please don't stop the music
)
Mama-say, mama-sa, ma-ma-ko-ssa
Mama-say, mama-sa, ma-ma-ko-ssa
Mama-say, mama-sa, ma-ma-ko-ssa
Mama-say, mama-sa, ma-ma-ko-ssa (
Please don't stop the music
)

Mama-say, mama-sa, ma-ma-ko-ssa
Mama-say, mama-sa, ma-ma-ko-ssa
Mama-say, mama-sa, ma-ma-ko-ssa
Mama-say, mama-sa, ma-ma-ko-ssa (
Please don't stop the music
)
(
Music, music, music, music, music, music, music
)"
98,Chappell Roan,"Good Luck, Babe!",USA,latin,0WbMK4wrZ1wFSty9F7FCgu,2920252,99,1,"It's fine, it's cool
You can say that we are nothing, but you know the truth
And guess I'm the fool
With her arms out like an angel through the car sunroof

I don't wanna call it off
But you don't wanna call it love
You only wanna be the one that I call ""baby""

You can kiss a hundred boys in bars
Shoot another shot, try to stop the feeling
You can say it's just the way you are
Make a new excuse, 'nother stupid reason
Good luck, babe (Well, good luck)
Well, good luck, babe (Well, good luck)
You'd have to stop the world just to stop the feeling
Good luck, babe (Well, good luck)
Well, good luck, babe (Well, good luck)
You'd have to stop the world just to stop the feeling

I'm cliché, who cares?
It's a sexually explicit kind of love affair
And I cry, it's not fair
I just need a little lovin', I just need a little air

Think I'm gonna call it off
Even if you call it love
I just wanna love someone who calls me ""baby""

You can kiss a hundred boys in bars
Shoot another shot, try to stop the feeling
You can say it's just the way you are
Make a new excuse, 'nother stupid reason
Good luck, babe (Well, good luck)
Well, good luck, babe (Well, good luck)
You'd have to stop the world just to stop the feeling
Good luck, babe (Well, good luck)
Well, good luck, babe (Well, good luck)
You'd have to stop the world just to stop the feeling

Ah, ah-yeah, oh
When you wake up next to him in the middle of the night
With your head in your hands, you're nothing more than his wife
And when you think about me all of those years ago
You're standing face to face with ""I told you so""
You know I hate to say, I told you so
You know I hate to say, but I told you so

You can kiss a hundred boys in bars
Shoot another shot, try to stop the feeling (Well, I told you so)
You can say it's just the way you are
Make a new excuse, 'nother stupid reason
Good luck, babe (Well, good luck)
Well, good luck, babe (Well, good luck)
You'd have to stop the world just to stop the feeling
Good luck, babe (Well, good luck)
Well, good luck, babe (Well, good luck)
You'd have to stop the world just to stop the feeling

You'd have to stop the world just to stop the feeling
You'd have to stop the world just to stop the feeling
You'd have to stop the world just to stop the feeling"
99,Bruno Mars,Locked out of Heaven,USA,latin,5g7sDjBhZ4I3gcFIpkrLuI,2917448,57,24,"(One, two, one, two, three)
Aw, yeah, yeah
Aw, yeah, yeah, yeah, yeah (Uh)
Aw, yeah, yeah
Aw, yeah, yeah, yeah, yeah (Uh)

Never had much faith in love or miracles (Uh)
Never wanna put my heart on the line (Uh)
But swimmin' in your water's somethin' spiritual (Uh)
I'm born again every time you spend the night, —ight (Uh)

'Cause your sex takes me to paradise
Yeah, your sex takes me to paradise
And it shows
Yeah, yeah, yeah

'Cause you make me feel like
I've been locked outta heaven
For too long
For too long
Yeah, you make me feel like
I've been locked outta heaven
For too long
For too long

Aw, yeah, yeah, yeah, yeah (Uh)
Aw, yeah, yeah
Aw, yeah, yeah, yeah, yeah (Uh)

You bring me to my knees, you make me testify (Uh)
You can make a sinner change his ways (Uh)
Open up your gates 'cause I can't wait to see the light (Uh)
And right there is where I wanna stay, —ay (Uh)

'Cause your sex takes me to paradise
Yeah, your sex takes me to paradise
And it shows
Yeah, yeah, yeah

'Cause you make me feel like
I've been locked outta heaven
For too long
For too long
Yeah, you make me feel like
I've been locked outta heaven
For too long
For too long

Oh, woah, woah, woah
Yeah, yeah, yeah
Can I just stay here?
Spend the rest of my days here?
Oh, woah, woah, woah
Yeah, yeah, yeah
Can I just stay here?
Spend the rest of my days here?

'Cause you make me feel like
I've been locked outta heaven
For too long
For too long
Yeah, you make me feel like
I've been locked outta heaven
For too long
For too long

Aw, yeah, yeah, yeah, yeah (Uh)
Aw, yeah, yeah
Aw, yeah, yeah, yeah, yeah (Uh)"
100,The Police,Every Breath You Take,USA,latin,1JSTJqkT5qHq8MDJnJbRE1,2912866,26,22,"Every breath you take
And every move you make
Every bond you break, every step you take
I'll be watching you

Every single day
And every word you say
Every game you play, every night you stay
I'll be watching you

Oh, can't you see?
You belong to me
How my poor heart aches
With every step you take

Every move you make
And every vow you break
Every smile you fake, every claim you stake
I'll be watching you

Since you've gone, I've been lost without a trace
I dream at night, I can only see your face
I look around, but it's you I can't replace
I feel so cold, and I long for your embrace
I keep crying, baby, baby, please

Mmm, mmm, mmm, mmm
Mmm, mmm, mmm

Oh, can't you see?
You belong to me
How my poor heart aches
With every step you take

Every move you make
And every vow you break
Every smile you fake, every claim you stake
I'll be watching you
Every move you make, every step you take
I'll be watching you (250)

I'll be watching you
(Every breath you take, every move you make)
(Every bond you break, every step you take)
I'll be watching you
(Every single day, every word you say)
(Every game you play, every night you stay)
I'll be watching you
(Every move you make, every vow you break)
(Every smile you fake, every claim you stake)
I'll be watching you
(Every single day, every word you say)
(Every game you play, every night you stay)
I'll be watching you
(Every breath you take, every move you make)
(Every bond you break, every step you take)
I'll be watching you
(Every single day, every word you say)
(Every game you play, every night you stay)
I'll be watching you
(Every move you make, every vow you break)
(Every smile you fake, every claim you stake)
I'll be watching you
(Every single day, every word you say)
(Every game you play, every night you stay)
I'll be watching you
(Every breath you take, every move you make)
(Every bond you break, every step you take)
I'll be watching..."
