region,spotify_uri,artist,title,original_lang,dominant_emotion,emotion_love,emotion_angst,emotion_joy,emotion_heartbreak,emotion_empowerment,emotion_party,emotion_despair,emotion_hope,emotion_nostalgia,emotion_solitude,emotion_passion,emotion_relaxing
Colombia,4nJJCRYru4QQakCiUA155f,"Mr Plata, El Americano 4KT",Las Muñequitas,es,other,0.4198,0.7733,0.1638,0.5387,0.5946,0.3772,0.2368,0.1735,0.235,0,0.648,0.1225
Colombia,3CBEVPwR3kUXDoTx1lqFUQ,"ARIA VEGA, Ryan Castro",CHÉVERE (premium_remix),es,solitude,0.8468,0.9166,0.4254,0.7883,0.8381,0.7727,0.7509,0.7923,0.5597,0.9958,0.8744,0.1441
Colombia,2ZyrAym0sRLwt4PhGotHuI,"Ryan Castro, Kapo, Gangsta",LA VILLA,es,nostalgia,0.2096,0.4193,0.3485,0,0.5159,0.4891,0,0.1933,0.5398,0.2245,0.4545,0.5118
Colombia,4KE9Ne3hgh18B3Th4xcylg,Kris R.,GANAS,es,angst,0.459,0.8693,0.161,0.6316,0.4881,0.2124,0.2304,0.29,0.5111,0.2846,0.6721,0.1126
Colombia,6iOndD4OFo7GkaDypWQIou,"W Sound, Beéle, Ovy On The Drums",La Plena - W Sound 05,en,love,0.9199,0.6857,0.2911,0,0.4265,0.2457,0,0.1598,0.3548,0,0.9179,0.3638
Colombia,1HEwEN64NjgTaHmo7LfkX8,Beéle,no tiene sentido,es,other,0.8587,0.9455,0,0.8316,0.4753,0.5299,0.7556,0.3391,0.7759,0.3816,0.8741,0
Colombia,7mU1fei7P9h4mpjP2Otdw5,"J Balvin, Ryan Castro, DJ Snake",Tonto,es,party,0.1913,0.7963,0.4372,0,0.5836,0.8779,0,0,0.661,0,0.6206,0.1018
Colombia,6VfL3MEuYeJbDlD8m011HR,Beéle,quédate,es,heartbreak,0.9364,0.9512,0.1994,0.9551,0.6241,0.2508,0.6045,0.2497,0.8033,0.519,0.9456,0
Colombia,5yXt80BNZGbmHFd0NHZHNn,Grupo Firme,El Beneficio De La Duda,es,other,0.3181,0.3192,0.2785,0.1734,0.4932,0.1728,0,0.5905,0.1766,0,0.283,0.2715
Colombia,2E4TYekUduml1DWIqQWNcj,"Yeison Jimenez, Luis Alfonso",Destino Final,es,party,0.6064,0,0.5851,0,0.6457,0.9595,0,0.187,0.5366,0,0.4817,0.7361
Colombia,5U3sC7aA5NxoMSeI1kmO2n,"Blessd, Los Money Makers, Prodmonja",NUEVA YORK,es,love,0.9212,0.8146,0.2826,0.4963,0.5405,0.2241,0.4472,0.3539,0.6395,0.4627,0.9086,0
Colombia,6rZno3nqeT7hv2PnSWRuYS,Blessd,YOGURCITO,es,passion,0.8357,0.5306,0.5381,0,0.8063,0.4708,0,0.4584,0.1696,0.476,0.9024,0.6874
Colombia,4zhk2RS2EZODmBW6il55Qj,"Beéle, Ovy On The Drums",mi refe,es,love,0.9869,0.8802,0.3927,0.2606,0.7617,0.2849,0.1337,0.3401,0.2796,0.1475,0.9423,0.103
Colombia,2lTm559tuIvatlT1u0JYG2,Bad Bunny,BAILE INoLVIDABLE,es,party,0.9417,0.8987,0.4153,0.9632,0.6729,0.9892,0.6286,0.2942,0.9,0.7879,0.9381,0.1534
Colombia,1YAWMfsmduIrpqrjP45pFn,"Omar Courtz, Ñengo Flow",FOREVER TU GANTEL,es,nostalgia,0.5617,0.7738,0.1862,0.5061,0.6851,0.2907,0,0.1069,0.8823,0.8385,0.8818,0
Colombia,1kJyDcBrZ7rSKnFtKc82vm,"Blessd, Ovy On The Drums",AMISTA,es,angst,0.8015,0.8225,0.2784,0.7297,0.4817,0.2104,0.1659,0.6657,0.6655,0.231,0.7369,0
Colombia,7nrd0eIftH3NQLfgk20Qp9,"Blessd, Anuel AA, Yan Block, Luar La L, Kris R., ROA","YOGURCITO REMIX (feat. Kris R., ROA)",he,passion,0.6745,0.6761,0.4765,0.3179,0.786,0.4123,0,0.1797,0.4253,0.5513,0.9339,0.1343
Colombia,433eYQkvCgJKXh1o7LtplV,Yeison Jimenez,Por Qué la Envidia,es,angst,0,0.7909,0,0.7028,0.3483,0.1201,0.4155,0,0,0.3673,0.2186,0
Colombia,1PREzVLuDT6PSE9sej4wnV,"Fuerza Regida, Grupo Frontera",COQUETA,es,other,0.8836,0.9258,0.1263,0.8438,0.347,0.1464,0.1326,0.204,0.8275,0.409,0.9148,0
Colombia,5NbIHx26LyFkW2oSNSCYBV,"Blessd, Ovy On The Drums","""EMHDM""",es,love,0.6369,0.4732,0.1066,0.4893,0.4525,0.1058,0.3603,0,0.2832,0,0.567,0
Colombia,46ufabZP6oK3ixmN6Gd753,"Ryan Castro, Dongo",SANKA,es,party,0.2978,0.8297,0.2138,0.1437,0.7552,0.9938,0,0.1629,0.3409,0,0.6967,0
Colombia,3sK8wGT43QFpWrvNQsrQya,Bad Bunny,DtMF,es,passion,0.8705,0.7411,0.7961,0.5457,0.7136,0.3917,0,0.6442,0.5967,0,0.8821,0.1165
Colombia,4zqFA9MOG86u7uugR8QFDU,"Kapo, Ryan Castro",DÓNDE,es,love,0.9665,0.8678,0.4289,0.1872,0.8421,0.646,0.2377,0.3432,0.7915,0.2937,0.8528,0.1341
Colombia,0fea68AdmYNygeTGI4RC18,"J Balvin, Bad Bunny",LA CANCIÓN,es,solitude,0.8145,0.6927,0.2435,0.9284,0.631,0.2544,0.7526,0.66,0.8161,0.9595,0.6982,0.1342
Colombia,595wwjQiad6e6lSTScmXvz,Omar Courtz,POR SI MAÑANA NO ESTOY,es,nostalgia,0.9235,0.9278,0.4134,0.9677,0.8092,0.4387,0.6611,0.6974,0.9729,0.9406,0.8708,0.1347
Colombia,2BrfJdTXohQRtWBKsBTIp0,Arcángel,Por Amar A Ciegas,es,solitude,0.8967,0.6658,0.1004,0.8923,0.4875,0,0.3669,0.1505,0.2534,0.8972,0.8563,0
Colombia,0fMjldiEpgjbWQ4bBQwVzH,Kapo,UWAIE,es,love,0.9759,0.3233,0.6875,0.1239,0.7446,0.2278,0,0.4903,0.1242,0,0.9656,0
Colombia,6cZcn282SIMmuO8FHN8634,Yeison Jimenez,Vete,es,heartbreak,0.9652,0.9682,0,0.9918,0.3716,0.1628,0.9671,0,0.2134,0.6746,0.7768,0
Colombia,0Sa8aRfGckW0qUGLrBwoBG,Lenin Ramírez,Todo Lo Fue,es,heartbreak,0.2874,0.9533,0,0.9762,0.4876,0.3063,0.9161,0,0,0.7661,0.9306,0
Colombia,6J5kc12BW5HuP3d7C3vvx8,Bad Bunny,EoO,es,nostalgia,0.5536,0.5489,0.6187,0.1103,0.7441,0.4569,0.1006,0.3754,0.9593,0.1305,0.8692,0.21
Colombia,5OQCghydcEeA76eGdJ6GEa,ARIA VEGA,CHÉVERE (joesón_type_beat),es,angst,0.5567,0.9083,0.223,0.4532,0.7005,0.43,0.3257,0.4058,0.5104,0.5394,0.7478,0.1982
Colombia,0Qe2g06yzLBuuSvVmFiweP,"Nanpa Básico, Beéle",Hasta Aquí Llegué,es,heartbreak,0.8364,0.9549,0,0.9604,0.3387,0.2127,0.8546,0,0.5631,0.9499,0.6169,0
Colombia,7koAf6aZgjO6TS7bipfPD0,"Ovy On The Drums, Quevedo, Beéle",YO y TÚ,es,empowerment,0.4436,0.3182,0.1626,0.4679,0.5477,0.3449,0,0.2027,0.2554,0,0.4515,0
Colombia,0lMafSfME2iJEE972bsQaK,"Kybba, Sean Paul, Ryan Castro, Busy Signal",Ba Ba Bad Remix,es,passion,0.1257,0.5225,0.1688,0.2029,0.7221,0.7182,0.122,0,0.265,0,0.7406,0.4657
Colombia,614NVFo5csQqRnryl4jXs2,"Héctor ""El Father"", Wisin & Yandel",El Teléfono,es,passion,0.5988,0.689,0.125,0.607,0.7258,0.2804,0.2913,0.2194,0.6581,0.8208,0.836,0
Colombia,4NyUIohBa3CEMGcXURYSOh,Herencia De Grandes,Ya Borracho,es,love,0.9563,0.5442,0.4348,0.3573,0.8542,0.3069,0,0.4324,0.3363,0,0.8665,0
Colombia,1xRRW5ZrL7I9EG8CGZrXHE,"Yeison Jimenez, Chayín Rubio",El Mejor - Remix,unknown,unclassified,0,0,0,0,0,0,0,0,0,0,0,0
Colombia,39L3LdlHS3gqB62HPWaJRg,Bad Bunny,NO ME QUIERO CASAR,es,angst,0.1613,0.8645,0.1187,0.7709,0.5517,0.2026,0.1866,0.2621,0.5799,0.7383,0.6968,0
Colombia,2QP041AcWg8PwPIWP95RKN,Beéle,top diesel,es,love,0.9872,0.9815,0.3747,0.9172,0.4722,0.4755,0.9015,0.3501,0.8146,0.1485,0.9611,0.2273
Colombia,7d6yK8v8J484SWH5prIQiE,"Bad Bunny, Omar Courtz, Dei V",VeLDÁ,en,empowerment,0.639,0.4235,0.2829,0,0.7809,0.4081,0,0.4967,0.5861,0.1531,0.696,0.1578
Colombia,4acvrfbXrDPFQNNDnFZnpC,"Luister La Voz, maikol el insoportable",Ozono,unknown,unclassified,0,0,0,0,0,0,0,0,0,0,0,0
Colombia,3kcr3teEgyTOVIAxMPOPeO,Yeison Jimenez,Un Perro Enamorado,es,love,0.9818,0.1266,0.1,0,0,0,0,0,0,0,0.9552,0
Colombia,1pLCpA1RN8avJxSD3ZCwhj,Arcángel,Pa' Que La Pases Bien,es,joy,0.4529,0.1596,0.7877,0,0.6703,0.6163,0,0.7055,0.2206,0,0.5136,0.3123
Colombia,6N2iccqxRInhTLHc2Fu3W0,"El Bogueto, Yung Beef",Cuando No Era Cantante,es,nostalgia,0.9043,0.9715,0.4282,0.9134,0.9097,0.5934,0.2507,0.8156,0.9897,0.7466,0.9629,0
Colombia,6C1RD7YQVvt3YQj0CmuTeu,"Bad Bunny, Ozuna, Farruko, Arcángel, Ñengo Flow, DJ Luian, Mambo Kingz",Diles,es,passion,0.227,0.5573,0.2718,0,0.7588,0.5435,0,0.1115,0.2482,0.4135,0.8999,0
Colombia,59D4DOkspUbWyMmbAPQkxZ,Bad Bunny,VOY A LLeVARTE PA PR,es,empowerment,0.2833,0.8187,0.4292,0.3169,0.9244,0.6251,0.1404,0.4609,0.6787,0.4697,0.9149,0.1632
Colombia,0a6ogDrZBvYgDjILgsQVaJ,Arcángel,Hace Mucho Tiempo,es,solitude,0.6897,0,0.2156,0,0.5731,0,0,0.323,0.4064,0.9398,0.6196,0
Colombia,7bywjHOc0wSjGGbj04XbVi,"Feid, ATL Jacob",LUNA,en,angst,0.7103,0.9881,0.2024,0.9845,0.7266,0.4678,0.8998,0.1585,0.8312,0.9693,0.8375,0.1348
Colombia,2pbSCYzxrG0wa6qcj8IyiE,"El Bogueto, Anuel AA, Fuerza Regida, Yung Beef",Cuando No Era Cantante - Remix,unknown,unclassified,0,0,0,0,0,0,0,0,0,0,0,0
Colombia,0LvxvoeJmdhkxRIC4orlJ3,Kris R.,MIL D AURA,es,passion,0.8027,0.5503,0.6268,0.3196,0.879,0.2292,0,0.552,0.6811,0.1036,0.89,0.5371
Colombia,7sRXb5IgYWwVv1DaavHSNs,"Blessd, Fuerza Regida, Ovy On The Drums",COMO OREO,es,passion,0.8539,0.5205,0.5804,0.495,0.8775,0.5828,0,0.4302,0.7617,0.2669,0.8932,0
Colombia,3KZCP2StVGdWkOKyRZNWA4,Plan B,Es un Secreto,es,solitude,0.8752,0.1807,0.6731,0,0.5941,0.2274,0,0.7725,0.4251,0.9274,0.9076,0.8902
Colombia,4DAMvNqHt0s8zJr6JwOoye,Yeison Jimenez,MLP,es,love,0.9834,0.6825,0.3767,0.6619,0.8009,0,0,0.3308,0.3421,0,0.9093,0
Colombia,4sTnItbNUAcS5KDG6vTA5B,"Blessd, Los Money Makers, Prodmonja",URUS BLUE,es,party,0.9097,0.7937,0.6541,0,0.901,0.9581,0,0.583,0.5046,0.3482,0.8775,0.7948
Colombia,0JoHqmlqE0W0i9prt6kcHR,"Maluma, Trap Capos, Noriel, Bryant Myers, Juhn","Cuatro Babys (feat. Trap Capos, Noriel, Bryant Myers & Juhn)",es,angst,0.6087,0.9156,0.1275,0.786,0.5674,0.6196,0.809,0,0.2169,0,0.8075,0
Colombia,7ns16ylM6sbxo9ZWIwyE5d,"Danny Ocean, Kapo",Imagínate,es,other,0.5235,0.2643,0.3978,0.2047,0.747,0.6655,0,0.441,0.3165,0.2714,0.7078,0.1586
Colombia,2Mgur7BKnpr7OG3izSNFTA,"Bryant Myers, Anuel AA, Anonimus, Almighty",Esclava - Remix,es,passion,0.1575,0.6874,0,0.3925,0.3252,0.2523,0.2239,0,0.2589,0.405,0.7871,0
Colombia,0QuHK1VvIZ1Kt2GfqRrdVo,"CARABIN3, SVNTI",MUSA,es,passion,0.7097,0.7645,0.5649,0.1641,0.9135,0.6033,0.2637,0.4002,0.63,0.1675,0.9209,0
Colombia,3GhmL9fuM8jwGcHCFbeo3v,Arcángel,Me Prefieres A Mi,es,empowerment,0.4884,0.6733,0,0.503,0.676,0.2272,0.1176,0.1265,0,0,0.535,0
Colombia,6qDTm2QbRSLlSmaUSJE6bF,"Blessd, GeezyDee",DIOMEDEZ,es,angst,0.2936,0.5719,0,0.3224,0.3753,0.2823,0,0,0.1611,0,0.3789,0
Colombia,5TFD2bmFKGhoCRbX61nXY5,Bad Bunny,NUEVAYoL,es,nostalgia,0.6064,0.7417,0.8949,0,0.8672,0.8919,0,0.5258,0.9602,0.5319,0.816,0.5768
Colombia,4pjkZyNZnOJEPpBmzOqTC2,"Kris R., ROA",PASIÓN Y SEXO,es,passion,0.9218,0.681,0.4651,0,0.7267,0.3352,0,0.373,0.5576,0.1629,0.9353,0.2746
Colombia,4YM3IYESNKXWYHbPXvMMVD,Kapo,NO CRY,es,nostalgia,0.9758,0.8182,0.2,0.9185,0.7304,0.2021,0.6946,0.7667,0.9925,0.4133,0.7265,0.3945
Colombia,6uiQ0DqbXTBc8tl0AUKZkR,Rels B,TU VAS SIN (fav),es,empowerment,0.9168,0.6945,0.5622,0.3085,0.9602,0.4879,0,0.6213,0.4054,0.4939,0.9238,0.1806
Colombia,0e3d2UZRjtvviXWWMRYGQo,"Blessd, J Alvarez",FANÁTICO,es,love,0.9236,0.289,0.5918,0,0.7766,0.362,0,0.3459,0.1917,0,0.8717,0
Colombia,2btNsI4OvcVl7SAHQQDHFB,"Blessd, Ovy On The Drums",Mírame,es,heartbreak,0.7398,0.8294,0,0.9696,0.5327,0.1996,0.5133,0.8943,0.2448,0.5409,0.5126,0.9503
Colombia,0a0JiZejbYYem1W31fldde,Ñengo Flow,En Las Noches Frias,es,passion,0.5527,0.6759,0.1223,0.6326,0.6406,0.164,0,0.2273,0.549,0.1356,0.7093,0
Colombia,3CbiuLMBPM6uV4a7HvkOib,"Tony Dize, Plan B",Solos,es,solitude,0.3773,0.7167,0.142,0.6217,0.2661,0.2714,0.4117,0.1523,0.136,0.8467,0.5376,0
Colombia,0nafF9MxcXJBQWv3BTKtdF,"KAROL G, Feid",Verano Rosa,es,party,0.8483,0.8221,0.5164,0.4672,0.795,0.9838,0.2176,0.2441,0.8234,0,0.9267,0
Colombia,6ifUES3keWjwXgae8pXI3o,Danny Ocean,Me Rehúso,es,empowerment,0.5289,0.5393,0.1699,0.4939,0.8628,0.3118,0.2753,0.2021,0.3192,0.3493,0.6733,0.2216
Colombia,1o4xkdBe0RjSf2u6VXi4OI,"Yan Block, Panda Black",444,es,party,0.7907,0.9541,0.1455,0.884,0.7011,0.9789,0.5691,0,0.4398,0.5081,0.9267,0
Colombia,13BDiikG6y5o5cQTK0HpW6,"W Sound, Blessd, Ovy On The Drums",Soltera - W Sound 01,en,passion,0.649,0.9181,0.1915,0.1061,0.7915,0.1682,0,0,0.1236,0,0.9509,0
Colombia,5iwgEFKEktjBBZV3C9TTZj,Willie Colón,Idilio,es,hope,0.9602,0.8981,0.8585,0.8838,0.9257,0.2059,0.109,0.9806,0.5836,0.9718,0.9554,0
Colombia,7sChwC2NZjGc2Kdni3hlDg,"Yan Block, Panda Black",Talento,es,angst,0.7062,0.9733,0.4025,0.8336,0.7898,0.9576,0.5101,0.956,0.4076,0.5959,0.942,0
Colombia,0l0vcZMU7AOeQmUIREoI2U,"Rauw Alejandro, Bad Bunny",Qué Pasaría...,es,angst,0.4293,0.851,0.2031,0.5954,0.6031,0.6207,0.2296,0.1852,0.8001,0.6591,0.8263,0
Colombia,4feh4Ak3ZJfC6ibxkNzlkE,"Boza, ELENA ROSE",orióN,en,passion,0.9328,0.9398,0.3445,0.7863,0.8067,0.2346,0,0.6107,0.3274,0.4879,0.943,0.1921
Colombia,1j4XwpoLvqdkWllikDu7Rm,Luis Alberto Posada,Mal Amor,es,love,0.9958,0.9638,0,0.9794,0.2896,0.1628,0.9148,0,0.2513,0.9522,0.6403,0
Colombia,71w26UK674tLfGtJFfDSjE,Arcángel,Ganas De Ti,es,passion,0.964,0.7935,0.5979,0.592,0.9643,0.3294,0.939,0.635,0.5387,0.9521,0.9744,0.2982
Colombia,6r46lnXFbE9fr2d3KNaGbe,Romeo Santos,Imitadora,es,angst,0.8769,0.9835,0.151,0.9771,0.819,0.3921,0.7671,0.4329,0.9776,0.4809,0.9019,0
Colombia,6DUdDIRgLqCGq1DwkNWQTN,Maluma,Borro Cassette,es,passion,0.8938,0.9069,0.2316,0.8874,0.5651,0.4913,0.4456,0.1519,0.8547,0.3042,0.9221,0
Colombia,5DdLSEyKh8zgCrJq2hFj92,"Yan Block, TORRRES",Yo sé,es,angst,0.1853,0.9283,0,0.8717,0.3561,0.5351,0.6956,0,0.554,0.2327,0.9071,0
Colombia,6uLcqYE347zlvXD6rhiM4J,"El Americano 4KT, Kobby",The Flow's Son Black!,es,other,0,0.8149,0,0.7761,0.464,0.2636,0.7573,0,0.3579,0.3427,0.5337,0
Colombia,3u2jlo9kygiIAq7SPVuw6S,Dalmata,Dile a Tu Amiga,es,love,0.8468,0.7993,0.3248,0.2939,0.6398,0.5896,0,0.2995,0.1242,0,0.6951,0.2989
Colombia,52IeC2QBiJqk9jAR5gbe14,"Kris R., GeezyDee, Prodmonja",BOBADITA,unknown,unclassified,0,0,0,0,0,0,0,0,0,0,0,0
Colombia,0h54mLixODOqU6vTcZMqVM,"Omar Courtz, ROA",WO OH OH,es,nostalgia,0.9318,0.9339,0.617,0.4175,0.8199,0.5309,0,0.8126,0.9738,0.4832,0.9533,0
Colombia,7qbPQqOYYMPdQqRqv7bNin,Yeison Jimenez,Ya No Mi Amor,es,other,0.9482,0.7772,0.1126,0.949,0.6926,0.2916,0.763,0.1838,0.404,0.6708,0.5504,0.1372
Colombia,7nyk5uxevcijIfl1FlJgmA,Omar Courtz,SI ESTÁS CON ALGUIEN,es,other,0.7007,0.7271,0.1033,0.7951,0.4055,0.5094,0.5663,0.2966,0.59,0.4191,0.7137,0
Colombia,3f4AsGGYt94t7g1lHcsa8D,"Alzate, Yeison Jimenez",Mi Venganza,es,angst,0.8294,0.9796,0.1278,0.9754,0.8649,0.4759,0.9122,0.4275,0.1752,0.9223,0.748,0
Colombia,6NSMQFKgjpQb0KkjMDYIK0,"Arcángel, Bad Bunny, Mambo Kingz, DJ Luian",Tu No Vive Asi (feat. Mambo Kingz & DJ Luian),es,passion,0.2314,0.802,0.1757,0,0.5015,0.4387,0,0.1261,0.3085,0.2888,0.8031,0
Colombia,01dFxiEOMTTzim5J3kytjA,"TURY, CARABIN3",CHUCHA,es,angst,0.3439,0.7286,0,0.2843,0.2522,0.4049,0.2628,0,0,0.1432,0.43,0
Colombia,4MUrUT38U98olfnyzMBCzm,Bad Bunny,KLOuFRENS,es,heartbreak,0.9264,0.7282,0.1714,0.962,0.2418,0.1841,0.6864,0,0.7435,0.8349,0.7452,0
Colombia,3mg9jYNC1NihbthlglzrWP,"KAROL G, Feid, DFZM, Ovy On The Drums, J Balvin, Maluma, Ryan Castro, Blessd",57,en,empowerment,0.4079,0.4306,0.4412,0,0.8974,0.7572,0,0.3042,0.2336,0.1144,0.8385,0
Colombia,4Udf3NPZZVggwmVXHcjuqA,Yeison Jimenez,El Mejor Caballo,es,heartbreak,0.8606,0.8696,0.2519,0.9721,0.8821,0.9491,0.4529,0.4434,0.6373,0.2261,0.8638,0
Colombia,72q1JMsCJbKNbWgzipGi6x,"Yeison Maje, Ciro Quiñonez, Luis Alfonso, Yeison Jimenez",El Embustero RMX,unknown,unclassified,0,0,0,0,0,0,0,0,0,0,0,0
Colombia,4aDbrgm1ZaebS1Bb2dOXac,Milo j,Niño,es,heartbreak,0.8104,0.9515,0,0.9789,0.3528,0.1261,0.8578,0.1182,0.9728,0.7215,0.4756,0.4305
Colombia,5AK6QqM8aUXXTk6oY00ZRh,"Yan Block, De La Rose, Hades66, Ñengo Flow",444 - Remix,unknown,unclassified,0,0,0,0,0,0,0,0,0,0,0,0
Colombia,5HCk7iruzhQ1FbxyS3igmM,"La Combinación Vallenata, Jean Carlos Centeno",Ayer Y Hoy,unknown,unclassified,0,0,0,0,0,0,0,0,0,0,0,0
Colombia,1tz7RZirwiuaJw2p0jbdHb,Omar Courtz,KOKO,es,solitude,0.7466,0.7059,0.2061,0,0.7295,0.1499,0,0.2694,0.4465,0.9818,0.9675,0
Colombia,482PEx8hfMHSsuGtHd960A,Kapo,OHNANA,es,solitude,0.8513,0.932,0.4478,0.7764,0.6708,0.3957,0.6811,0.2247,0.9355,0.9975,0.9251,0
Colombia,6OaGIYcVzx5c7aEKkuYS1M,"Tony Dize, Yandel",Permítame,es,empowerment,0.4492,0.2806,0.4444,0,0.7574,0.2527,0,0.3862,0.2854,0.5047,0.4675,0.4037
Global,3sK8wGT43QFpWrvNQsrQya,Bad Bunny,DtMF,es,passion,0.8705,0.7411,0.7961,0.5457,0.7136,0.3917,0,0.6442,0.5967,0,0.8821,0.1165
Global,1DwscornXpj8fmOmYVlqZt,"PinkPantheress, Zara Larsson",Stateside + Zara Larsson,en,angst,0.7197,0.9593,0.1476,0.6735,0.7401,0.3152,0.6431,0.939,0.5062,0.3201,0.8587,0.1022
Global,5y2ijHECwFYWqcAHKTZgzD,Bruno Mars,Risk It All,en,passion,0.9434,0.5866,0.2861,0,0.9001,0.382,0,0.5861,0,0.2084,0.9706,0
Global,3qhlB30KknSejmIvZZLjOD,Djo,End of Beginning,en,nostalgia,0,0.8807,0,0.952,0,0,0.3827,0,0.9656,0.2533,0.2833,0
Global,1qbmS6ep2hbBRaEZFpn7BX,Olivia Dean,Man I Need,en,empowerment,0.8202,0.8056,0.4927,0.2884,0.8903,0.5223,0.1998,0.8102,0.6573,0.3549,0.7909,0.1715
Global,53iuhJlwXhSER5J2IYYv1W,Taylor Swift,The Fate of Ophelia,en,heartbreak,0.8548,0.926,0.4806,0.9754,0.9567,0.6143,0.7167,0.6854,0.8006,0.9483,0.8998,0
Global,6sGIMrtIzQjdzNndVxe397,Olivia Dean,So Easy (To Fall In Love),en,love,0.9767,0.2349,0.6937,0,0.8763,0.5108,0,0.8132,0.8234,0.4068,0.8627,0.6982
Global,2lTm559tuIvatlT1u0JYG2,Bad Bunny,BAILE INoLVIDABLE,es,party,0.9417,0.8987,0.4153,0.9632,0.6729,0.9892,0.6286,0.2942,0.9,0.7879,0.9381,0.1534
Global,6f68Ac5tt5BQOpwr0BV9oN,Bruno Mars,I Just Might,en,heartbreak,0.6779,0.7982,0.1486,0.9105,0.747,0.4936,0.369,0.3083,0.1876,0,0.6694,0
Global,5TFD2bmFKGhoCRbX61nXY5,Bad Bunny,NUEVAYoL,es,nostalgia,0.6064,0.7417,0.8949,0,0.8672,0.8919,0,0.5258,0.9602,0.5319,0.816,0.5768
Global,7qjZnBKE73H4Oxkopwulqe,sombr,back to friends,en,angst,0.4331,0.9119,0,0.863,0.2656,0.143,0.6766,0.1248,0.8931,0,0.8196,0
Global,7yNf9YjeO5JXUE3JEBgnYc,Dominic Fike,Babydoll,en,angst,0.5863,0.9297,0.1665,0.8637,0.5046,0.1004,0.8253,0.296,0.7517,0.8165,0.6221,0.1329
Global,55lijDD6OAjLFFUHU9tcDm,RAYE,WHERE IS MY HUSBAND!,en,passion,0.807,0.9248,0.4645,0.7864,0.8518,0.4548,0.7885,0.5919,0.8256,0.9302,0.9579,0
Global,3oTuTpF1F3A7rEC6RKsMRz,"Dave, Tems",Raindance (feat. Tems),pt,love,0.9218,0.7116,0.5276,0.4639,0.8003,0.6634,0,0.5517,0.8455,0.5116,0.903,0.3282
Global,1IHWl5LamUGEuP4ozKQSXZ,Bad Bunny,Tití Me Preguntó,es,angst,0.8508,0.9544,0.1479,0.9504,0.5628,0.4194,0.8624,0.1173,0.4877,0.3797,0.7436,0
Global,1rIKgCH4H52lrvDcz50hS8,Zara Larsson,Lush Life,en,heartbreak,0.8825,0.4089,0.5462,0.9562,0.6246,0.6817,0,0.1519,0.7328,0.2327,0.9183,0.1973
Global,2RkZ5LkEzeHGRsmDqKwmaJ,Alex Warren,Ordinary,en,love,0.9969,0.8005,0.9183,0.5757,0.8266,0.2422,0.8434,0.8303,0.3657,0,0.9705,0
Global,1CPZ5BxNNd0n0nF4Orb9JS,"HUNTR/X, EJAE, AUDREY NUNA, REI AMI, KPop Demon Hunters Cast",Golden,en,solitude,0.7577,0.8753,0.7564,0.7683,0.9651,0.4731,0.4223,0.9405,0.7286,0.9975,0.894,0.221
Global,6J5kc12BW5HuP3d7C3vvx8,Bad Bunny,EoO,es,nostalgia,0.5536,0.5489,0.6187,0.1103,0.7441,0.4569,0.1006,0.3754,0.9593,0.1305,0.8692,0.21
Global,7so0lgd0zP2Sbgs2d7a1SZ,"Lady Gaga, Bruno Mars",Die With A Smile,en,love,0.9794,0.929,0.1561,0.917,0.5149,0.8332,0.3927,0,0.6315,0,0.9631,0
Global,7ogpGbKc4Io6NCU6ydxXwZ,Alex Warren,FEVER DREAM,en,angst,0.9064,0.9793,0,0.9727,0.513,0.1821,0.9699,0.8022,0.8652,0.8603,0.9338,0
Global,2gYTC8DsplN3RNdpdBcCOQ,SIENNA SPIRO,Die On This Hill,en,love,0.9514,0.8208,0.5098,0.8136,0.7511,0.3027,0.6327,0.5806,0.4697,0.8611,0.7717,0.2609
Global,3FZPp9lBUvhsxFxKJi3VkB,BLACKPINK,GO,en,heartbreak,0.9382,0.778,0.2784,0.9908,0.9688,0.1635,0.5592,0.6528,0,0.8012,0.935,0
Global,6Qyc6fS4DsZjB2mRW9DsQs,The Goo Goo Dolls,Iris,en,heartbreak,0.9086,0.822,0.1849,0.9385,0.3309,0.2006,0.4034,0,0.701,0.5517,0.8995,0
Global,7tICCrK3CcyRFKza7yrR0z,sombr,Homewrecker,en,heartbreak,0.87,0.9136,0,0.9412,0.5159,0.4234,0.5152,0.2845,0.6067,0,0.7979,0
Global,6dOtVTDdiauQNBQEDOtlAB,Billie Eilish,BIRDS OF A FEATHER,en,love,0.9797,0.8511,0.3611,0.8613,0.5001,0.1269,0.439,0.2772,0.7265,0.8431,0.9261,0
Global,1JSTJqkT5qHq8MDJnJbRE1,The Police,Every Breath You Take,en,heartbreak,0.9504,0.9686,0.1769,0.9902,0.6797,0.6257,0.9458,0.2521,0.8456,0.8749,0.9243,0
Global,4WFgvKVfEhb3IUAFGrutTR,Ravyn Lenae,Love Me Not,en,passion,0.879,0.9541,0.1042,0.9329,0.3757,0.295,0.829,0.293,0.52,0,0.9561,0.1002
Global,0myRViRgmQ3J8izICXEAVO,She & Him,I Thought I Saw Your Face Today,en,nostalgia,0.9788,0.4932,0.4776,0.5901,0.6718,0.124,0,0.3116,0.9795,0.1398,0.9309,0.3147
Global,2BwO5K8Q7EPAJSGze3AAh9,Sabrina Carpenter,Manchild,en,angst,0.4798,0.9651,0.2315,0.8875,0.6757,0.4086,0.804,0.4441,0.4949,0.4209,0.5854,0
Global,59D4DOkspUbWyMmbAPQkxZ,Bad Bunny,VOY A LLeVARTE PA PR,es,empowerment,0.2833,0.8187,0.4292,0.3169,0.9244,0.6251,0.1404,0.4609,0.6787,0.4697,0.9149,0.1632
Global,05od2qm2MTSKCHxy1GBp5W,sombr,12 to 12,en,love,0.9843,0.8962,0.3537,0.9359,0.6196,0.6016,0.727,0.4107,0.5559,0.3001,0.8481,0.1406
Global,21IYMdzTrzSe191Cy5eMap,Gigi Perez,Sailor Song,en,hope,0.875,0.6128,0.5353,0.2671,0.8104,0.163,0,0.9293,0.3511,0,0.8979,0.2282
Global,3yWuTOYDztXjZxdE2cIRUa,Taylor Swift,Opalite,en,nostalgia,0.635,0.8074,0.5136,0.8291,0.6212,0.3798,0.4662,0.4489,0.8707,0.6506,0.6564,0.2416
Global,5IMpnpD0tQVcqWlVIgtAtV,Bella Kay,iloveitiloveitiloveit,en,love,0.9585,0.9247,0.5607,0.4247,0.599,0.3723,0.1235,0.121,0.7119,0.1624,0.9298,0.8662
Global,0cQVqPuHQP4KEwc7ZUQmj6,The Neighbourhood,Sweater Weather,en,love,0.9371,0.5033,0.2308,0.1304,0.6877,0.1303,0.1102,0.1641,0.4602,0.7644,0.8851,0.4111
Global,3QaPy1KgI7nu9FJEQUgn6h,Billie Eilish,WILDFLOWER,en,heartbreak,0.8731,0.9314,0,0.9832,0.3148,0.217,0.6845,0,0.7395,0.2702,0.7849,0
Global,70LcF31zb1H0PyJoS1Sx1r,Radiohead,Creep,en,heartbreak,0.1046,0.9218,0,0.9357,0.2036,0,0.6494,0,0.7632,0.1294,0.629,0
Global,0KKkJNfGyhkQ5aFogxQAPU,Bruno Mars,That's What I Like,en,love,0.92,0.2866,0.8207,0,0.872,0.553,0,0.6937,0.5346,0.1271,0.5158,0.7265
Global,0fea68AdmYNygeTGI4RC18,"J Balvin, Bad Bunny",LA CANCIÓN,es,solitude,0.8145,0.6927,0.2435,0.9284,0.631,0.2544,0.7526,0.66,0.8161,0.9595,0.6982,0.1342
Global,3cZajhyr8LmtPfHZ9296tj,"Disco Lines, Tinashe",No Broke Boys,en,angst,0.1363,0.9401,0,0.908,0.7953,0.1104,0.7263,0,0,0.9112,0.6496,0
Global,1zi7xx7UVEFkmKfv06H8x0,"Drake, Wizkid, Kyla",One Dance,tr,empowerment,0.7431,0.7428,0.1554,0.6537,0.8942,0.4139,0.4157,0.4445,0.4685,0.3619,0.7285,0
Global,3xkHsmpQCBMytMJNiDf3Ii,Benson Boone,Beautiful Things,en,love,0.9097,0.8894,0.3246,0.7035,0.6914,0.3096,0.4388,0.7875,0.4249,0.2339,0.69,0.2141
Global,65DbTqJKhbwqYbZ1Okr0rc,Ella Langley,Choosin' Texas,en,heartbreak,0.8633,0.9209,0.419,0.9879,0.7374,0.2171,0.8838,0,0.9423,0.9828,0.9409,0.1562
Global,2pbSCYzxrG0wa6qcj8IyiE,"El Bogueto, Anuel AA, Fuerza Regida, Yung Beef",Cuando No Era Cantante - Remix,unknown,unclassified,0,0,0,0,0,0,0,0,0,0,0,0
Global,6QletrrmpkUpeJkipX9pgf,Bruno Mars,Cha Cha Cha,en,party,0.9085,0.9394,0.5088,0,0.9095,0.9854,0.1917,0.9817,0.8103,0,0.9567,0
Global,3B4cjvGlPvyBLNG3AzEgkZ,Don Toliver,E85,en,love,0.9959,0.8405,0.9218,0.4997,0.5974,0.2176,0,0.9466,0.8189,0,0.9736,0.1148
Global,5g7sDjBhZ4I3gcFIpkrLuI,Bruno Mars,Locked out of Heaven,en,hope,0.8981,0.744,0.6347,0,0.8342,0.2135,0,0.9206,0.425,0,0.9091,0.1396
Global,27xkOIER6uDLKALIelHylZ,Jin,Don’t Say You Love Me,en,heartbreak,0.1976,0.924,0,0.9554,0.4694,0.3696,0.9015,0.1853,0.1782,0.6439,0.5905,0
Global,5XeFesFbtLpXzIVDNQP22n,Arctic Monkeys,I Wanna Be Yours,en,empowerment,0.9472,0.784,0.545,0.2976,0.9652,0.1897,0,0.7948,0.8763,0.3344,0.9643,0.4385
Global,003vvx7Niy0yvhvHt4a68B,The Killers,Mr. Brightside,en,angst,0.6755,0.9566,0,0.9198,0.7035,0.4234,0.7923,0.43,0.2603,0.2595,0.9275,0
Global,5nEdwtSv0qqeE0l4o1lR4q,"Sean Paul, Keyshia Cole",(When You Gonna) Give It Up to Me - Radio Version,en,empowerment,0.8914,0.3217,0.6576,0,0.9884,0.7861,0,0.7891,0.3592,0,0.8438,0.5616
Global,7CyPwkp0oE8Ro9Dd5CUDjW,"The Weeknd, JENNIE, Lily-Rose Depp","One Of The Girls (with JENNIE, Lily Rose Depp)",en,heartbreak,0,0.8921,0,0.9123,0,0.198,0.9096,0,0,0,0.4675,0
Global,3AJwUDP919kvQ9QcozQPxg,Coldplay,Yellow,en,love,0.9874,0.3779,0.5852,0.1153,0.8378,0.2993,0,0.3298,0.7752,0.1055,0.9447,0.3338
Global,1sVBT215CDmVJvfy1E2OCU,Bruno Mars,God Was Showing Off,en,empowerment,0.88,0,0.8005,0,0.9495,0.3384,0,0.7094,0.5983,0,0.7743,0.1806
Global,0l0vcZMU7AOeQmUIREoI2U,"Rauw Alejandro, Bad Bunny",Qué Pasaría...,es,angst,0.4293,0.851,0.2031,0.5954,0.6031,0.6207,0.2296,0.1852,0.8001,0.6591,0.8263,0
Global,6N2iccqxRInhTLHc2Fu3W0,"El Bogueto, Yung Beef",Cuando No Era Cantante,es,nostalgia,0.9043,0.9715,0.4282,0.9134,0.9097,0.5934,0.2507,0.8156,0.9897,0.7466,0.9629,0
Global,2HRqTpkrJO5ggZyyK6NPWz,Sabrina Carpenter,Espresso,en,despair,0.7879,0.9424,0.1889,0.7276,0.4597,0.3716,0.9635,0.1412,0.646,0.1193,0.5679,0
Global,1xOqGUkyxGQRdCvGpvWKmL,KATSEYE,Gabriela,en,heartbreak,0.9548,0.9624,0,0.9804,0.3143,0.4744,0.8217,0,0.8358,0,0.9603,0
Global,0ofHAoxe9vBkTCp2UQIavz,Fleetwood Mac,Dreams,en,nostalgia,0.4123,0.8891,0.1324,0.9637,0.862,0.3342,0.7968,0.2164,0.9655,0.949,0.7772,0.1948
Global,7tI8dRuH2Yc6RuoTjxo4dU,Jimin,Who,en,love,0.9868,0.9223,0.2249,0.9269,0.7507,0.3695,0.8052,0.664,0.5112,0.5065,0.8896,0
Global,3e32UUqXzrI4g2y5kNZrwC,"Peso Pluma, Tito Double P",dopamina,es,passion,0.6179,0.7623,0.6813,0,0.897,0.8377,0,0.5574,0.375,0,0.9225,0.3843
Global,5H1sKFMzDeMtXwND3V6hRY,BLACKPINK,JUMP,en,passion,0.5739,0.9159,0.5857,0.6161,0.8924,0.7333,0.1045,0.4019,0.4173,0,0.936,0
Global,7MXVkk9YMctZqd1Srtv4MB,"The Weeknd, Daft Punk",Starboy,tr,angst,0,0.8935,0,0.2147,0.7272,0.2813,0.1154,0.1313,0.6984,0.7903,0.7732,0
Global,7D0RhFcb3CrfPuTJ0obrod,Coldplay,Sparks,en,heartbreak,0.89,0.872,0.1244,0.9349,0.5147,0.1072,0.5013,0.3707,0.5449,0.2396,0.7554,0
Global,2ZyrAym0sRLwt4PhGotHuI,"Ryan Castro, Kapo, Gangsta",LA VILLA,es,nostalgia,0.2096,0.4193,0.3485,0,0.5159,0.4891,0,0.1933,0.5398,0.2245,0.4545,0.5118
Global,4Dvkj6JhhA12EX05fT7y2e,Harry Styles,As It Was,en,solitude,0.5661,0.8953,0,0.9284,0.4069,0.2125,0.838,0,0.8949,0.9647,0.3597,0.8321
Global,4wJ5Qq0jBN4ajy7ouZIV1c,"ROSÉ, Bruno Mars",APT.,en,party,0.7633,0.6723,0.5805,0.1776,0.7834,0.9404,0,0.55,0.1471,0.1206,0.9135,0.1387
Global,5ViLKrbyL3HD6wsq3AB9eI,Dominic Fike,White Keys,en,heartbreak,0.1285,0.9647,0,0.9701,0,0,0.5476,0,0.7498,0.1361,0.309,0
Global,7d6yK8v8J484SWH5prIQiE,"Bad Bunny, Omar Courtz, Dei V",VeLDÁ,en,empowerment,0.639,0.4235,0.2829,0,0.7809,0.4081,0,0.4967,0.5861,0.1531,0.696,0.1578
Global,17phhZDn6oGtzMe56NuWvj,Teddy Swims,Lose Control,en,heartbreak,0.4637,0.9696,0,0.9816,0.2032,0.3641,0.881,0,0,0.724,0.937,0
Global,0d28khcov6AiegSCpG5TuT,"Gorillaz, De La Soul",Feel Good Inc.,en,love,0.9933,0.9817,0.9739,0.7821,0.9676,0.8756,0.6512,0.989,0.9306,0.1924,0.9839,0.7176
Global,3GCdLUSnKSMJhs4Tj6CV3s,"Kendrick Lamar, SZA","All The Stars (with SZA) - From ""Black Panther: The Album""",en,hope,0.5306,0.4838,0,0.4537,0.1628,0.1853,0.3409,0.7878,0.1969,0,0.4726,0
Global,2uXlHCUbq9OMUwx3hrk06o,Vance Joy,Riptide,en,love,0.9482,0.9152,0,0.9014,0.2077,0,0.5566,0,0.7624,0.3018,0.8462,0
Global,58ge6dfP91o9oXMzq3XkIS,Arctic Monkeys,505,en,nostalgia,0.5678,0.8857,0.1045,0.7745,0.1814,0,0,0,0.9038,0,0.7974,0.2395
Global,6DH13QYXK7lKkYHSU88N48,Daniel Caesar,Who Knows,en,angst,0.8299,0.9279,0.2101,0.8558,0.4827,0.1359,0.2247,0.406,0.8316,0.2412,0.5974,0.3559
Global,0TFTAtCYhp2tQ9KcJIZb55,sombr,undressed,en,other,0.5212,0.8541,0,0.947,0.1825,0.23,0.6569,0,0.2634,0.1516,0.591,0
Global,3Ac4AjYkqsvop2ydbSAhTX,Bruno Mars,Why You Wanna Fight?,en,heartbreak,0.985,0.9836,0.568,0.9886,0.8626,0.6529,0.9219,0.9344,0.9549,0.5917,0.9691,0
Global,7B3BwNecBhKvNwSMOOl7Gk,Addison Rae,Fame is a Gun,en,love,0.9802,0.7185,0.7286,0.9627,0.7711,0.3713,0.1576,0.4846,0.409,0.2167,0.8877,0
Global,4NyUIohBa3CEMGcXURYSOh,Herencia De Grandes,Ya Borracho,es,love,0.9563,0.5442,0.4348,0.3573,0.8542,0.3069,0,0.4324,0.3363,0,0.8665,0
Global,60a0Rd6pjrkxjPbaKzXjfq,Linkin Park,In the End,en,nostalgia,0,0.5168,0,0.8614,0.3472,0.186,0.6288,0,0.9116,0.52,0.333,0
Global,2HRgqmZQC0MC7GeNuDIXHN,"Jung Kook, Latto",Seven (feat. Latto) (Explicit Ver.),ru,empowerment,0.41,0.4239,0.2996,0.2583,0.7363,0.2127,0,0.5144,0.3259,0.1366,0.548,0.1341
Global,1myZ6GQewhAzMH2dKtKSWK,Bruno Mars,Dance With Me,en,hope,0.9819,0.8166,0.7134,0.5139,0.8056,0.7512,0,0.9891,0.9571,0,0.9528,0.5841
Global,7J1uxwnxfQLu4APicE5Rnj,Michael Jackson,Billie Jean,en,heartbreak,0.8801,0.8605,0.2127,0.9219,0.6264,0.5445,0.6856,0.2247,0.5639,0.3342,0.8618,0.1201
Global,13CwOTXUgBugeBByE9oIWb,Nadhif Basalamah,kota ini tak sama tanpamu,id,love,0.9938,0.7203,0.8069,0,0.8145,0.4507,0,0.8205,0.7718,0.7697,0.9443,0
Global,5yJaXWIErrrsjQ3J0eR5aK,Lord Huron,The Night We Met,en,nostalgia,0.1986,0.945,0.137,0.7689,0.3041,0.1559,0.6873,0,0.9531,0,0.6701,0
Global,136BeIIoBGrrU9fI1jbcDR,"Peso Pluma, Tito Double P",daño,es,heartbreak,0.1989,0.9307,0,0.9743,0,0,0.8719,0,0.2705,0.4561,0.3605,0
Global,7BqBn9nzAq8spo5e7cZ0dJ,Bruno Mars,Just the Way You Are,en,heartbreak,0.9113,0.2226,0.4023,0.9119,0.7653,0.5661,0.4029,0.1928,0.1289,0.1179,0.5531,0.2329
Global,33MeEaRCeIQMSRyFTr5ZJU,Neton Vega,Pvta Luna,es,heartbreak,0.2256,0.9122,0,0.9703,0.1849,0,0.7858,0,0,0.2368,0.2789,0
Global,7ne4VBA60CxGM75vw0EYad,Gracie Abrams,That’s So True,en,heartbreak,0.7152,0.9129,0.3309,0.9357,0.5971,0.5438,0.6658,0.1799,0.806,0.4209,0.8516,0.2226
Global,6iOndD4OFo7GkaDypWQIou,"W Sound, Beéle, Ovy On The Drums",La Plena - W Sound 05,en,love,0.9199,0.6857,0.2911,0,0.4265,0.2457,0,0.1598,0.3548,0,0.9179,0.3638
Global,3siwsiaEoU4Kuuc9WKMUy5,The Marías,No One Noticed,en,solitude,0.8159,0.9157,0.2037,0.9153,0.8295,0.4099,0.9298,0.708,0.5574,0.9948,0.7604,0.4632
Global,43BJVWcBzHRIDaQCg7abnX,BLACKPINK,Champion,en,empowerment,0.3415,0.2793,0.4068,0,0.9613,0.1341,0,0.755,0,0,0.931,0
Global,4lzo6zPM2paqyP8oBp3DOs,"Peso Pluma, Tito Double P",7-Mar,es,heartbreak,0.8248,0.8863,0.3523,0.9796,0.8935,0.4193,0.6991,0.7825,0.4716,0.8699,0.806,0.4255
Global,0FlcmZ13DGRmscCroro9GO,Don Toliver,Body,en,love,0.9831,0.9018,0.6961,0,0.8606,0.715,0,0.2406,0.6261,0,0.9787,0.221
Global,0Sa8aRfGckW0qUGLrBwoBG,Lenin Ramírez,Todo Lo Fue,es,heartbreak,0.2874,0.9533,0,0.9762,0.4876,0.3063,0.9161,0,0,0.7661,0.9306,0
Global,0FIDCNYYjNvPVimz5icugS,"The Weeknd, Playboi Carti",Timeless (feat Playboi Carti),tr,angst,0.493,0.9712,0,0.943,0.3939,0.2284,0.6057,0,0.7479,0,0.9017,0
Global,1mea3bSkSGXuIRvnydlB5b,Coldplay,Viva La Vida,en,solitude,0.1415,0.9264,0.4011,0.9712,0.8475,0.3708,0.8952,0.1104,0.9869,0.9962,0.8544,0.1572
Global,7cjoZVmWe2xsGR4wcXiV2v,Lil Uzi Vert,What You Saying,en,other,0.8631,0.8116,0.4836,0.2473,0.796,0.4653,0.2078,0.4928,0.3048,0.3963,0.885,0
Global,4i4BVY2JiH4mDSLIBdNGKD,Bruno Mars,On My Soul,en,love,0.9892,0.853,0.7585,0.7813,0.8886,0.3925,0.158,0.8764,0.6472,0.108,0.9461,0.2217
Taiwan,7G7mSV4BebkoHWwKTDvXu9,"V, Park Hyo Shin",Winter Ahead (with PARK HYO SHIN),en,other,0.1566,0,0,0,0,0,0,0,0,0,0,0.1385
Taiwan,3FZPp9lBUvhsxFxKJi3VkB,BLACKPINK,GO,en,heartbreak,0.9382,0.778,0.2784,0.9908,0.9688,0.1635,0.5592,0.6528,0,0.8012,0.935,0
Taiwan,27xkOIER6uDLKALIelHylZ,Jin,Don’t Say You Love Me,en,heartbreak,0.1976,0.924,0,0.9554,0.4694,0.3696,0.9015,0.1853,0.1782,0.6439,0.5905,0
Taiwan,3VHi5bCUek6XdiDmqqrirs,A-Lin,幸福在歌唱 - 電影《陽光女子合唱團》幸福版主題曲,unknown,unclassified,0,0,0,0,0,0,0,0,0,0,0,0
Taiwan,7tI8dRuH2Yc6RuoTjxo4dU,Jimin,Who,en,love,0.9868,0.9223,0.2249,0.9269,0.7507,0.3695,0.8052,0.664,0.5112,0.5065,0.8896,0
Taiwan,0bQSWXtpau3VkNI1ZcXTQA,Crowd Lu,太陽與地球,zh,other,0.8235,0.7806,0,0.9073,0.1829,0,0.4782,0,0.162,0.2808,0.7149,0
Taiwan,3IBYp3fKyydZ5dDtirLY6P,Pei-Yu Hung,再見的時候 - 電影〈陽光女子合唱團〉主題曲-再見版,unknown,unclassified,0,0,0,0,0,0,0,0,0,0,0,0
Taiwan,0WA27lZzPKFJKAbiDRmQDc,Hearts2Hearts,RUDE!,en,other,0.976,0.9918,0.9867,0.9892,0.9783,0.9923,0.9914,0.9934,0.9911,0.9909,0.9903,0.9852
Taiwan,7pBE8YpFoZ9ankC2Ci5z9X,IVE,BANG BANG,ko,other,0.309,0.8836,0,0,0.8588,0.5681,0,0,0,0,0.9567,0
Taiwan,43BJVWcBzHRIDaQCg7abnX,BLACKPINK,Champion,en,empowerment,0.3415,0.2793,0.4068,0,0.9613,0.1341,0,0.755,0,0,0.931,0
Taiwan,0VTzUEuHYD8s7CgQ15cDPo,Khalil Fong,特別的人,zh,love,0.9375,0.1466,0.1292,0,0.3194,0.1232,0,0.2401,0,0.2449,0.3128,0
Taiwan,5H1sKFMzDeMtXwND3V6hRY,BLACKPINK,JUMP,en,passion,0.5739,0.9159,0.5857,0.6161,0.8924,0.7333,0.1045,0.4019,0.4173,0,0.936,0
Taiwan,5h1BN75CEh8wdSwE1xrbSe,V,Slow Dancing,ko,heartbreak,0.2922,0.9415,0,0.9853,0,0.1414,0.6757,0,0,0,0.5594,0
Taiwan,3woBOD3Ldh81fAwpsnD8yC,Patrick Brasca,單程票,unknown,unclassified,0,0,0,0,0,0,0,0,0,0,0,0
Taiwan,21x0N6lu6D9kO8rVtTU3mH,"Top Barry, INDEcompany",一半一半,zh,heartbreak,0.4961,0.7292,0,0.8883,0.3023,0,0.4342,0,0.4289,0.6184,0.2932,0
Taiwan,2N0SPREDYqILVEFSsWF5N5,V,Love Me Again,ko,heartbreak,0.7213,0.867,0,0.8991,0.1869,0.117,0.8166,0,0.842,0,0.4447,0
Taiwan,3cLXrotzCjYCkN73PewALM,HWASA,Good Goodbye,ko,heartbreak,0.3363,0.8422,0.1235,0.8607,0.8002,0.2034,0.5364,0,0.3046,0.7153,0.7628,0.1756
Taiwan,1CPZ5BxNNd0n0nF4Orb9JS,"HUNTR/X, EJAE, AUDREY NUNA, REI AMI, KPop Demon Hunters Cast",Golden,en,solitude,0.7577,0.8753,0.7564,0.7683,0.9651,0.4731,0.4223,0.9405,0.7286,0.9975,0.894,0.221
Taiwan,23WLgtD54AeluEPRr5muHo,Evangeline Wong,離開我的依賴,unknown,unclassified,0,0,0,0,0,0,0,0,0,0,0,0
Taiwan,7m0duH1vdTNxM2g8BLfR0F,BLACKPINK,Fxxxboy,en,heartbreak,0.972,0.9719,0,0.9851,0.4583,0.2929,0.8934,0,0.2564,0.4537,0.8553,0
Taiwan,2ytQFMxdreEFPPZTtyDdqM,IVE,BLACKHOLE,ko,empowerment,0.8827,0.4361,0.6857,0,0.9789,0.3144,0,0.9448,0.1693,0,0.901,0
Taiwan,76EfpqmO6JUL2TTR1SIGwz,黃奇斌,若無你我欲去佗位,zh,solitude,0.8629,0.8224,0.123,0.9498,0.6599,0.396,0.7344,0.2562,0.4728,0.9668,0.6941,0
Taiwan,4UwZyC0wEV6XDEAr9kaQhi,"Patrick Brasca, mac ova seas",左轉燈 (1000 Times+1),zh,heartbreak,0.5619,0.8951,0,0.9555,0.1336,0,0.667,0,0.897,0.9145,0.4579,0
Taiwan,0cOMncRq4cmDLO4tPQnkBF,Jay Chou,擱淺,zh,heartbreak,0.5219,0.954,0,0.9769,0,0,0.7943,0,0.9476,0.5074,0.8577,0
Taiwan,5MXcM263QvCTWriH3nVusc,BLACKPINK,Me and my,en,empowerment,0.4158,0.3033,0.7616,0,0.9852,0.9544,0,0.3579,0.651,0.5328,0.9449,0.5757
Taiwan,24rDDbSlFY9OHrlJb48CRh,KiiiKiii,404 (New Era),ko,empowerment,0,0.7389,0.3128,0.1067,0.9116,0.4117,0,0.1881,0.7176,0.3077,0.592,0.2508
Taiwan,1NoDTQhJsrd5rnpb6PQthK,Bestards,離開的一路上,zh,heartbreak,0.9408,0.4905,0,0.9842,0.4773,0.1667,0.8953,0,0.5335,0.865,0.3066,0
Taiwan,3wofqqt5YJWdhLI9IFaX39,Crowd Lu,一夜一夜一夜,zh,solitude,0.63,0.9245,0,0.9663,0.8314,0.145,0.8486,0.3692,0.5687,0.9724,0.6973,0.8544
Taiwan,0fK7ie6XwGxQTIkpFoWkd1,JENNIE,like JENNIE,en,angst,0.8293,0.987,0.7411,0.8378,0.9394,0.9852,0.7803,0.6378,0.9678,0.163,0.9771,0
Taiwan,4F7ZAsndEIJXyFzJUHNlRu,Crowd Lu,幾分之幾 - 電影<花甲大人轉男孩>主題曲,unknown,unclassified,0,0,0,0,0,0,0,0,0,0,0,0
Taiwan,3VxmXJ4FdtbWI27p3Gx4Wh,"i-dle, skaiwater",Mono (feat. skaiwater),ru,love,0.4726,0.2041,0.3932,0.1306,0.47,0.4398,0.1535,0.2361,0.1512,0.1064,0.4576,0.4492
Taiwan,4Zwn8WxD61diTwqv9hyTQA,EggPlantEgg,閣愛妳一擺,zh,heartbreak,0.9417,0.9518,0.1358,0.9531,0.7344,0.3816,0.6964,0.4552,0.8003,0.8705,0.8502,0
Taiwan,3xJK8ywApYVEYIDhymYMC6,Stefanie Sun,遇見,zh,love,0.9545,0.5582,0.2987,0.3596,0.4473,0.1009,0,0.6678,0,0,0.6706,0
Taiwan,6OWWZtNQORY1McaZmOrwhc,CORTIS,GO!,ko,empowerment,0.1007,0.5457,0.2782,0,0.9319,0.2369,0,0.4888,0.8318,0.1213,0.9098,0
Taiwan,7z2M7DsEjZjwXBkWG3zd21,Stefanie Sun,我懷念的,zh,love,0.9625,0.8162,0.1863,0.7875,0.3043,0.1898,0.3542,0.4144,0.6959,0.1703,0.9523,0
Taiwan,1z5ebC9238uGoBgzYyvGpQ,ROSÉ,toxic till the end,en,heartbreak,0,0.7369,0,0.9181,0.241,0.1641,0.5767,0,0.2563,0,0.3069,0
Taiwan,491ca80N1C63tpoLvAsLKb,BABYMONSTER,PSYCHO,ko,angst,0.1516,0.961,0.3792,0.4095,0.8138,0.3787,0.5823,0.1562,0.1433,0.6091,0.9043,0
Taiwan,59lBAMCis4C6NsPdUV35Vz,Khalil Fong,愛愛愛,zh,hope,0.9203,0.8187,0.6111,0.801,0.6991,0.2797,0.6468,0.9915,0.4844,0.5265,0.916,0.3439
Taiwan,2N9miXnewVmUrgl6JSK1FI,"LE SSERAFIM, j-hope",SPAGHETTI,en,passion,0.8068,0.6661,0.4939,0.158,0.5651,0.4309,0,0,0.4257,0.5258,0.8226,0.1087
Taiwan,1aNVW0fujBVx7JTorTO1jn,"Patrick Brasca, 陳華",你沒等我去的舊金山,unknown,unclassified,0,0,0,0,0,0,0,0,0,0,0,0
Taiwan,2VEt42QSQxILgEf9B50xxm,Bestards,不是因為天氣晴朗才愛你,zh,love,0.9949,0.5107,0.1502,0.4411,0.7294,0.1932,0,0.4973,0.9547,0,0.9334,0
Taiwan,7Cnpb1vBbC46RgVyyKLH7p,aespa,Whiplash,en,passion,0.4335,0.7834,0.6224,0.8336,0.8162,0.6288,0.3149,0.5218,0.9056,0.2549,0.9608,0
Taiwan,5HVq8nS0pbM6G7YK8M7DY4,Amazing Show,愛情的大壞蛋,zh,heartbreak,0.5502,0.8891,0,0.9849,0.1683,0,0.7455,0,0.3424,0.8921,0.4246,0.2081
Taiwan,5pIcwtJYNJx93l420oR2Vm,Jay Chou,晴天,zh,love,0.9804,0.7879,0,0.9256,0.3587,0.1079,0.3993,0.121,0.979,0.1826,0.7386,0
Taiwan,3LlQoKvVnkVvq3KC8anUn8,A-Mei Chang,連名帶姓,unknown,unclassified,0,0,0,0,0,0,0,0,0,0,0,0
Taiwan,3QxWTqyIT4O9bokIZlNDpo,陳粒,小半,unknown,unclassified,0,0,0,0,0,0,0,0,0,0,0,0
Taiwan,1tonXoW6dcb7GGNpec3PTl,BABYMONSTER,WE GO UP,en,passion,0.2747,0.8055,0,0.1632,0.7473,0.1417,0.2767,0,0.2046,0.2667,0.832,0
Taiwan,3Qj9Fy8BPbWmICTiNkuqB7,"Jay Chou, Lara Liang",珊瑚海,vi,empowerment,0.3155,0.5,0.2557,0.1907,0.7709,0.2202,0.279,0.34,0.3223,0.4305,0.7152,0
Taiwan,3n3zzFH7zzO0gJNaw4RKSm,Pets Tseng,一個人想著一個人,unknown,unclassified,0,0,0,0,0,0,0,0,0,0,0,0
Taiwan,1k0JAiH11gHL9dc5dfQjQr,ILLIT,NOT CUTE ANYMORE,ko,relaxing,0,0.5005,0,0.4764,0.6891,0.1204,0.4874,0,0.5353,0.9075,0,0.9343
Taiwan,7d6eShN6yVeR4Y2Md9uCA4,张远,看着我的眼睛说,zh,heartbreak,0.8857,0.8855,0.1442,0.9586,0.6366,0.3311,0.5165,0.326,0.8219,0.5036,0.6609,0
Taiwan,68tZwwRuo9ip5gRQFG1XWF,Stefanie Sun,開始懂了,zh,heartbreak,0.9266,0.3044,0.1525,0.9552,0.7622,0,0.2299,0.6112,0.644,0.7303,0.4202,0.1478
Taiwan,13bw75oRjvxMv9VGIeM32i,David Tao,愛我還是他,unknown,unclassified,0,0,0,0,0,0,0,0,0,0,0,0
Taiwan,1XZE0InCx3SdCnLpVsPpZl,LBI利比,Jumping Machine (跳楼机),zh,solitude,0.166,0.8639,0,0.8964,0.1611,0,0.623,0.1148,0.2607,0.9083,0.214,0
Taiwan,5y2ijHECwFYWqcAHKTZgzD,Bruno Mars,Risk It All,en,passion,0.9434,0.5866,0.2861,0,0.9001,0.382,0,0.5861,0,0.2084,0.9706,0
Taiwan,0HnESxAFR5lTHioAlI7wo3,JOLIN,布拉格廣場 - JOLIN Version/ 星宇航空布拉格開航主題曲,unknown,unclassified,0,0,0,0,0,0,0,0,0,0,0,0
Taiwan,1IS0WFyiVpwsATeSzjEvpI,EggPlantEgg,浪流連,zh,nostalgia,0.568,0.4128,0,0.1555,0.3024,0,0,0.1285,0.7511,0.4105,0.1983,0.1445
Taiwan,0D0n4q2o54VTOmDJdL6ikY,Sam Lee,痴心絕對,unknown,unclassified,0,0,0,0,0,0,0,0,0,0,0,0
Taiwan,3qhlB30KknSejmIvZZLjOD,Djo,End of Beginning,en,nostalgia,0,0.8807,0,0.952,0,0,0.3827,0,0.9656,0.2533,0.2833,0
Taiwan,1DwscornXpj8fmOmYVlqZt,"PinkPantheress, Zara Larsson",Stateside + Zara Larsson,en,angst,0.7197,0.9593,0.1476,0.6735,0.7401,0.3152,0.6431,0.939,0.5062,0.3201,0.8587,0.1022
Taiwan,6m2I6ZyWRkxjBrrLVQILfl,EggPlantEgg,愛情你比我想的閣較偉大 (《當男人戀愛時》電影主題曲),unknown,unclassified,0,0,0,0,0,0,0,0,0,0,0,0
Taiwan,6GyUt7yJ0sOktc5HjvVnFh,"Firdhaus, DIOR 大穎",在加納共和國離婚,zh,heartbreak,0.9498,0.8567,0,0.9565,0.384,0.1964,0.7222,0.1106,0.2479,0.385,0.5717,0
Taiwan,1t2mpO9GpLjRHDDX6SFWRn,icyball 冰球樂團,不在乎,unknown,unclassified,0,0,0,0,0,0,0,0,0,0,0,0
Taiwan,1pALOIA4ytESmhl7Fxjdic,Jay Chou,楓,gd,heartbreak,0.8483,0.8883,0,0.9708,0.4312,0.127,0.6779,0.2858,0.8934,0.6729,0.622,0
Taiwan,6UO9nrihAk6sFGvVHDVTz8,"马也_Crabbit, Cole先生",海屿你,unknown,unclassified,0,0,0,0,0,0,0,0,0,0,0,0
Taiwan,3ITUmRLMjxf3ZqCPSDD2gk,艾薇 Ivy,天使借的溫柔,unknown,unclassified,0,0,0,0,0,0,0,0,0,0,0,0
Taiwan,53iuhJlwXhSER5J2IYYv1W,Taylor Swift,The Fate of Ophelia,en,heartbreak,0.8548,0.926,0.4806,0.9754,0.9567,0.6143,0.7167,0.6854,0.8006,0.9483,0.8998,0
Taiwan,46V2ciN6F5bxjQWityNhkY,LNGSHOT,Moonwalkin',ko,angst,0.4608,0.9025,0.483,0.2204,0.6353,0.3594,0.4332,0.5068,0.6777,0.3255,0.6948,0.377
Taiwan,4wJ5Qq0jBN4ajy7ouZIV1c,"ROSÉ, Bruno Mars",APT.,en,party,0.7633,0.6723,0.5805,0.1776,0.7834,0.9404,0,0.55,0.1471,0.1206,0.9135,0.1387
Taiwan,55d0jw269HE9pbOt5ntCo8,G.E.M.,多遠都要在一起,zh,love,0.9659,0.7854,0.3241,0.8355,0.654,0.3632,0.1706,0.6923,0.8311,0.4534,0.8111,0
Taiwan,5Sib99jpYybZAicUMETb3h,Joker Xue,演员,zh,love,0.9468,0.2554,0.2156,0.3473,0.5347,0.104,0.1996,0.4137,0.155,0,0.286,0.263
Taiwan,5jAmIkIpskwu2hRz2YaEHi,张远,嘉賓,zh,love,0.8929,0.5586,0.1302,0.4825,0.5987,0.3188,0.3363,0.4838,0.2797,0.6493,0.217,0
Taiwan,4ecdsGz3Hg6TKPwQ0ZOdJz,CORTIS,FaSHioN,ko,empowerment,0.2607,0.3746,0.5486,0,0.931,0.3253,0,0.704,0.4063,0,0.5503,0.1598
Taiwan,3yWuTOYDztXjZxdE2cIRUa,Taylor Swift,Opalite,en,nostalgia,0.635,0.8074,0.5136,0.8291,0.6212,0.3798,0.4662,0.4489,0.8707,0.6506,0.6564,0.2416
Taiwan,6OAUhxFZzaRHHC8XiuIkvb,A-Mei Chang,人質,unknown,unclassified,0,0,0,0,0,0,0,0,0,0,0,0
Taiwan,7qjZnBKE73H4Oxkopwulqe,sombr,back to friends,en,angst,0.4331,0.9119,0,0.863,0.2656,0.143,0.6766,0.1248,0.8931,0,0.8196,0
Taiwan,1MUZitHRpmng5NevrvNx4T,BABYMONSTER,DRIP,en,passion,0.76,0.917,0.8715,0.1762,0.9827,0.7225,0,0.9524,0.6705,0.652,0.9959,0
Taiwan,0BkBM5rY934yzHViRhd8Em,Richael Liu,两三句,unknown,unclassified,0,0,0,0,0,0,0,0,0,0,0,0
Taiwan,6sGIMrtIzQjdzNndVxe397,Olivia Dean,So Easy (To Fall In Love),en,love,0.9767,0.2349,0.6937,0,0.8763,0.5108,0,0.8132,0.8234,0.4068,0.8627,0.6982
Taiwan,5miH0BWhRVTvHAwmnoeyXH,"Jay Chou, A-Mei Chang",不該,unknown,unclassified,0,0,0,0,0,0,0,0,0,0,0,0
Taiwan,2Dd9EXYXI2NNrLG61OtWQv,Sam Lee,手放開,zh,heartbreak,0.8857,0.9083,0,0.9687,0,0,0.6521,0,0.864,0.9346,0.7471,0
Taiwan,59hVbgr8rfYkDbHfr8RcGI,Kenshi Yonezu,IRIS OUT,ja,love,0.9884,0.9422,0.4259,0.9422,0.2703,0,0.2672,0,0.1401,0,0.9605,0
Taiwan,3f0OEJd7mlPNhmH3fUOrqy,CORTIS,"Mention Me - From The Movie ""GOAT""",en,angst,0.2317,0.9569,0,0.6397,0.6588,0.1617,0.648,0,0.4659,0.5423,0.8176,0.379
Taiwan,1b5IRT3iraxjHOsKZx93sW,F.I.R.,月牙灣,zh,love,0.9749,0.341,0,0.7821,0.3451,0,0,0,0.869,0.8717,0.6541,0.2016
Taiwan,7so0lgd0zP2Sbgs2d7a1SZ,"Lady Gaga, Bruno Mars",Die With A Smile,en,love,0.9794,0.929,0.1561,0.917,0.5149,0.8332,0.3927,0,0.6315,0,0.9631,0
Taiwan,1aKvZDoLGkNMxoRYgkckZG,ILLIT,Magnetic,ko,passion,0.9594,0.9234,0.7461,0,0.839,0.5507,0,0.6555,0.252,0,0.966,0
Taiwan,4flk8ZgDFry6o2t0SdKsnB,PIZZALI,做我的初戀,unknown,unclassified,0,0,0,0,0,0,0,0,0,0,0,0
Taiwan,1lcBt7LoEikqYmhUoa2cez,ROSÉ,number one girl,en,solitude,0.8808,0.9228,0.2554,0.5786,0.8248,0.2422,0.5069,0.7723,0.2477,0.9902,0.8664,0.116
Taiwan,2DcmVSLAg0ZzfOQxDshZHY,A-Lin,給我一個理由忘記,unknown,unclassified,0,0,0,0,0,0,0,0,0,0,0,0
Taiwan,73eCSQ1DxQbaOnzy8PhKx3,David Tao,就是愛妳,en,joy,0.9729,0.491,0.9869,0.4854,0.9516,0.666,0.486,0.9321,0.5645,0.4899,0.9058,0.7222
Taiwan,6Mmdzst5fLkrKjhdkGhLpe,Joker Xue,其实,zh,love,0.9703,0.4328,0.3352,0.6917,0.8273,0.2476,0.2251,0.2723,0.1238,0.8659,0.6113,0.7746
Taiwan,2Jox8DFhnUpJZJWLsVAsAR,DIOR 大穎,人的這一生,unknown,unclassified,0,0,0,0,0,0,0,0,0,0,0,0
Taiwan,6jYiHr12NVKLzn0X7K8aSK,Hearts2Hearts,FOCUS,en,passion,0.8541,0.85,0.8714,0,0.7413,0.3895,0.4458,0.4697,0.5048,0.2316,0.8782,0.1257
Taiwan,1zFuSla4RQ5qAJwDIQYixW,Silence Wang,像晴天像雨天（电视剧《难哄》心动曲）,unknown,unclassified,0,0,0,0,0,0,0,0,0,0,0,0
Taiwan,0L7R4dmkwk46DEZgqx1fF7,Amazing Show,偷偷愛,zh,angst,0.7452,0.923,0,0.9099,0.1704,0,0.534,0,0.8558,0.7019,0.5296,0.1012
Taiwan,3vJIaiTIHxHhYafTSPNiH4,"Disney, Shakira",Zoo,en,party,0.9413,0.2584,0.9346,0,0.9389,0.9652,0,0.6081,0.6146,0,0.9432,0
Taiwan,3NNDJfWMGHuNpvHWTImmlW,Fish Leong,慢冷,zh,passion,0.8245,0.8888,0,0.9331,0.1061,0,0,0,0.5609,0.9686,0.9719,0
Taiwan,72OVnXDzugvrCU25lMi9au,WeiBird,"如果可以 - 電影""月老""主題曲",unknown,unclassified,0,0,0,0,0,0,0,0,0,0,0,0
Taiwan,5DH8nF7aWoXXg5Sm3gjCWD,Ronghao Li,"不將就 (電影""何以笙簫默""片尾曲)",unknown,unclassified,0,0,0,0,0,0,0,0,0,0,0,0
Taiwan,1sUjTLLCJzcxC15GUBrOlg,aespa,Rich Man,en,joy,0.3818,0.5085,0.9092,0.2001,0.8885,0.4458,0.1267,0.5695,0.4121,0.4682,0.6849,0.4116
USA,5y2ijHECwFYWqcAHKTZgzD,Bruno Mars,Risk It All,en,passion,0.9434,0.5866,0.2861,0,0.9001,0.382,0,0.5861,0,0.2084,0.9706,0
USA,1DwscornXpj8fmOmYVlqZt,"PinkPantheress, Zara Larsson",Stateside + Zara Larsson,en,angst,0.7197,0.9593,0.1476,0.6735,0.7401,0.3152,0.6431,0.939,0.5062,0.3201,0.8587,0.1022
USA,65DbTqJKhbwqYbZ1Okr0rc,Ella Langley,Choosin' Texas,en,heartbreak,0.8633,0.9209,0.419,0.9879,0.7374,0.2171,0.8838,0,0.9423,0.9828,0.9409,0.1562
USA,6f68Ac5tt5BQOpwr0BV9oN,Bruno Mars,I Just Might,en,heartbreak,0.6779,0.7982,0.1486,0.9105,0.747,0.4936,0.369,0.3083,0.1876,0,0.6694,0
USA,3sK8wGT43QFpWrvNQsrQya,Bad Bunny,DtMF,es,passion,0.8705,0.7411,0.7961,0.5457,0.7136,0.3917,0,0.6442,0.5967,0,0.8821,0.1165
USA,1qbmS6ep2hbBRaEZFpn7BX,Olivia Dean,Man I Need,en,empowerment,0.8202,0.8056,0.4927,0.2884,0.8903,0.5223,0.1998,0.8102,0.6573,0.3549,0.7909,0.1715
USA,7yNf9YjeO5JXUE3JEBgnYc,Dominic Fike,Babydoll,en,angst,0.5863,0.9297,0.1665,0.8637,0.5046,0.1004,0.8253,0.296,0.7517,0.8165,0.6221,0.1329
USA,3B4cjvGlPvyBLNG3AzEgkZ,Don Toliver,E85,en,love,0.9959,0.8405,0.9218,0.4997,0.5974,0.2176,0,0.9466,0.8189,0,0.9736,0.1148
USA,6sGIMrtIzQjdzNndVxe397,Olivia Dean,So Easy (To Fall In Love),en,love,0.9767,0.2349,0.6937,0,0.8763,0.5108,0,0.8132,0.8234,0.4068,0.8627,0.6982
USA,2lTm559tuIvatlT1u0JYG2,Bad Bunny,BAILE INoLVIDABLE,es,party,0.9417,0.8987,0.4153,0.9632,0.6729,0.9892,0.6286,0.2942,0.9,0.7879,0.9381,0.1534
USA,1IHWl5LamUGEuP4ozKQSXZ,Bad Bunny,Tití Me Preguntó,es,angst,0.8508,0.9544,0.1479,0.9504,0.5628,0.4194,0.8624,0.1173,0.4877,0.3797,0.7436,0
USA,5TFD2bmFKGhoCRbX61nXY5,Bad Bunny,NUEVAYoL,es,nostalgia,0.6064,0.7417,0.8949,0,0.8672,0.8919,0,0.5258,0.9602,0.5319,0.816,0.5768
USA,6QletrrmpkUpeJkipX9pgf,Bruno Mars,Cha Cha Cha,en,party,0.9085,0.9394,0.5088,0,0.9095,0.9854,0.1917,0.9817,0.8103,0,0.9567,0
USA,3qhlB30KknSejmIvZZLjOD,Djo,End of Beginning,en,nostalgia,0,0.8807,0,0.952,0,0,0.3827,0,0.9656,0.2533,0.2833,0
USA,0FlcmZ13DGRmscCroro9GO,Don Toliver,Body,en,love,0.9831,0.9018,0.6961,0,0.8606,0.715,0,0.2406,0.6261,0,0.9787,0.221
USA,1sVBT215CDmVJvfy1E2OCU,Bruno Mars,God Was Showing Off,en,empowerment,0.88,0,0.8005,0,0.9495,0.3384,0,0.7094,0.5983,0,0.7743,0.1806
USA,7ogpGbKc4Io6NCU6ydxXwZ,Alex Warren,FEVER DREAM,en,angst,0.9064,0.9793,0,0.9727,0.513,0.1821,0.9699,0.8022,0.8652,0.8603,0.9338,0
USA,2RkZ5LkEzeHGRsmDqKwmaJ,Alex Warren,Ordinary,en,love,0.9969,0.8005,0.9183,0.5757,0.8266,0.2422,0.8434,0.8303,0.3657,0,0.9705,0
USA,6J5kc12BW5HuP3d7C3vvx8,Bad Bunny,EoO,es,nostalgia,0.5536,0.5489,0.6187,0.1103,0.7441,0.4569,0.1006,0.3754,0.9593,0.1305,0.8692,0.21
USA,5IMpnpD0tQVcqWlVIgtAtV,Bella Kay,iloveitiloveitiloveit,en,love,0.9585,0.9247,0.5607,0.4247,0.599,0.3723,0.1235,0.121,0.7119,0.1624,0.9298,0.8662
USA,003vvx7Niy0yvhvHt4a68B,The Killers,Mr. Brightside,en,angst,0.6755,0.9566,0,0.9198,0.7035,0.4234,0.7923,0.43,0.2603,0.2595,0.9275,0
USA,7tICCrK3CcyRFKza7yrR0z,sombr,Homewrecker,en,heartbreak,0.87,0.9136,0,0.9412,0.5159,0.4234,0.5152,0.2845,0.6067,0,0.7979,0
USA,7qjZnBKE73H4Oxkopwulqe,sombr,back to friends,en,angst,0.4331,0.9119,0,0.863,0.2656,0.143,0.6766,0.1248,0.8931,0,0.8196,0
USA,1CPZ5BxNNd0n0nF4Orb9JS,"HUNTR/X, EJAE, AUDREY NUNA, REI AMI, KPop Demon Hunters Cast",Golden,en,solitude,0.7577,0.8753,0.7564,0.7683,0.9651,0.4731,0.4223,0.9405,0.7286,0.9975,0.894,0.221
USA,53iuhJlwXhSER5J2IYYv1W,Taylor Swift,The Fate of Ophelia,en,heartbreak,0.8548,0.926,0.4806,0.9754,0.9567,0.6143,0.7167,0.6854,0.8006,0.9483,0.8998,0
USA,0ofHAoxe9vBkTCp2UQIavz,Fleetwood Mac,Dreams,en,nostalgia,0.4123,0.8891,0.1324,0.9637,0.862,0.3342,0.7968,0.2164,0.9655,0.949,0.7772,0.1948
USA,3Ac4AjYkqsvop2ydbSAhTX,Bruno Mars,Why You Wanna Fight?,en,heartbreak,0.985,0.9836,0.568,0.9886,0.8626,0.6529,0.9219,0.9344,0.9549,0.5917,0.9691,0
USA,05CjWFAcAlY6O9po6Qwakk,Ella Langley,Be Her,en,passion,0.7067,0.7165,0,0.5418,0.4463,0.2603,0.149,0,0.3235,0.4841,0.8753,0
USA,2A22iI0x4EYAVXNpKPhNEM,Ella Langley,weren't for the wind,en,other,0.4387,0.8744,0,0.636,0.1103,0,0.3233,0,0.8464,0.5065,0.5543,0
USA,1myZ6GQewhAzMH2dKtKSWK,Bruno Mars,Dance With Me,en,hope,0.9819,0.8166,0.7134,0.5139,0.8056,0.7512,0,0.9891,0.9571,0,0.9528,0.5841
USA,7aLndReanHBzpTGE5Am9H8,Luke Combs,Be By You,en,nostalgia,0.9504,0.5622,0.6318,0,0.4745,0,0,0.918,0.986,0,0.9437,0.5897
USA,4gfrYDtaRmp6HPvN80V2ob,Morgan Wallen,I Got Better,en,angst,0.8564,0.9037,0.6852,0.8806,0.8466,0.3987,0.7136,0.6949,0.8623,0.2654,0.7067,0.5863
USA,55lijDD6OAjLFFUHU9tcDm,RAYE,WHERE IS MY HUSBAND!,en,passion,0.807,0.9248,0.4645,0.7864,0.8518,0.4548,0.7885,0.5919,0.8256,0.9302,0.9579,0
USA,4i4BVY2JiH4mDSLIBdNGKD,Bruno Mars,On My Soul,en,love,0.9892,0.853,0.7585,0.7813,0.8886,0.3925,0.158,0.8764,0.6472,0.108,0.9461,0.2217
USA,70LcF31zb1H0PyJoS1Sx1r,Radiohead,Creep,en,heartbreak,0.1046,0.9218,0,0.9357,0.2036,0,0.6494,0,0.7632,0.1294,0.629,0
USA,6Qyc6fS4DsZjB2mRW9DsQs,The Goo Goo Dolls,Iris,en,heartbreak,0.9086,0.822,0.1849,0.9385,0.3309,0.2006,0.4034,0,0.701,0.5517,0.8995,0
USA,7cjoZVmWe2xsGR4wcXiV2v,Lil Uzi Vert,What You Saying,en,other,0.8631,0.8116,0.4836,0.2473,0.796,0.4653,0.2078,0.4928,0.3048,0.3963,0.885,0
USA,2gYTC8DsplN3RNdpdBcCOQ,SIENNA SPIRO,Die On This Hill,en,love,0.9514,0.8208,0.5098,0.8136,0.7511,0.3027,0.6327,0.5806,0.4697,0.8611,0.7717,0.2609
USA,1rIKgCH4H52lrvDcz50hS8,Zara Larsson,Lush Life,en,heartbreak,0.8825,0.4089,0.5462,0.9562,0.6246,0.6817,0,0.1519,0.7328,0.2327,0.9183,0.1973
USA,58ge6dfP91o9oXMzq3XkIS,Arctic Monkeys,505,en,nostalgia,0.5678,0.8857,0.1045,0.7745,0.1814,0,0,0,0.9038,0,0.7974,0.2395
USA,0cQVqPuHQP4KEwc7ZUQmj6,The Neighbourhood,Sweater Weather,en,love,0.9371,0.5033,0.2308,0.1304,0.6877,0.1303,0.1102,0.1641,0.4602,0.7644,0.8851,0.4111
USA,3yWuTOYDztXjZxdE2cIRUa,Taylor Swift,Opalite,en,nostalgia,0.635,0.8074,0.5136,0.8291,0.6212,0.3798,0.4662,0.4489,0.8707,0.6506,0.6564,0.2416
USA,77zqs8ucHCSk5jh9TYec4b,Noah Kahan,The Great Divide,en,angst,0.2297,0.6289,0,0.4643,0.3823,0,0.4394,0.4222,0.2914,0.3792,0.4654,0
USA,0myRViRgmQ3J8izICXEAVO,She & Him,I Thought I Saw Your Face Today,en,nostalgia,0.9788,0.4932,0.4776,0.5901,0.6718,0.124,0,0.3116,0.9795,0.1398,0.9309,0.3147
USA,0eaVIYo2zeOaGJeqZ5TwYz,Don Toliver,No Pole,en,angst,0.3381,0.9535,0.1493,0.8797,0.5278,0.3398,0.9131,0.248,0.4554,0.7509,0.5003,0
USA,0PV4VQCmE6Ujssr1bnswdF,Bruno Mars,Something Serious,en,love,0.9668,0.8192,0.176,0.5119,0.9063,0.1647,0.3287,0.6037,0.1595,0,0.8795,0
USA,05od2qm2MTSKCHxy1GBp5W,sombr,12 to 12,en,love,0.9843,0.8962,0.3537,0.9359,0.6196,0.6016,0.727,0.4107,0.5559,0.3001,0.8481,0.1406
USA,7so0lgd0zP2Sbgs2d7a1SZ,"Lady Gaga, Bruno Mars",Die With A Smile,en,love,0.9794,0.929,0.1561,0.917,0.5149,0.8332,0.3927,0,0.6315,0,0.9631,0
USA,0Sq6JK9kyC4MQa3KrJj5CB,Bruno Mars,Nothing Left,en,solitude,0.9632,0.9496,0.1873,0.9768,0.726,0.2094,0.9053,0.6729,0.8563,0.9833,0.8877,0
USA,5ViLKrbyL3HD6wsq3AB9eI,Dominic Fike,White Keys,en,heartbreak,0.1285,0.9647,0,0.9701,0,0,0.5476,0,0.7498,0.1361,0.309,0
USA,03tqyYWC9Um2ZqU0ZN849H,"Waka Flocka Flame, Roscoe Dash, Wale",No Hands (feat. Roscoe Dash & Wale),en,passion,0.1946,0.8842,0.3356,0,0.847,0.5641,0.1598,0.2229,0.4584,0.2605,0.9089,0.2499
USA,3pAVk6Ydn0dcGpG8gDyxSJ,"BigXthaPlug, Ella Langley",Hell At Night (feat. Ella Langley),en,heartbreak,0.4763,0.9461,0,0.9966,0.148,0.1574,0.7978,0.8779,0,0.1596,0.6682,0
USA,1VOSSXuWRcBj2rpfxNdX9v,Whiskey Myers,Broken Window Serenade,en,heartbreak,0.8503,0.5244,0,0.9415,0.3901,0,0.6892,0,0.6217,0.1054,0.3082,0
USA,6LxSe8YmdPxy095Ux6znaQ,Drake,Headlines,en,passion,0.1254,0.7836,0.1664,0,0.6611,0.3572,0.1731,0.3105,0.2172,0.5552,0.9164,0
USA,312z6PZ8wwREck8613PkJk,Olivia Dean,A Couple Minutes,en,love,0.9853,0.8732,0.4034,0.9517,0.7966,0.3412,0.2502,0.9825,0.9615,0,0.8177,0.4581
USA,2BwO5K8Q7EPAJSGze3AAh9,Sabrina Carpenter,Manchild,en,angst,0.4798,0.9651,0.2315,0.8875,0.6757,0.4086,0.804,0.4441,0.4949,0.4209,0.5854,0
USA,0KKkJNfGyhkQ5aFogxQAPU,Bruno Mars,That's What I Like,en,love,0.92,0.2866,0.8207,0,0.872,0.553,0,0.6937,0.5346,0.1271,0.5158,0.7265
USA,2QGVKiAGTa1YcDqPMhAzF7,"Mac Miller, Empire Of The Sun",The Spins,en,empowerment,0.669,0.6956,0.2601,0.3309,0.8545,0.8382,0.1131,0.58,0.2607,0,0.8325,0
USA,4WFgvKVfEhb3IUAFGrutTR,Ravyn Lenae,Love Me Not,en,passion,0.879,0.9541,0.1042,0.9329,0.3757,0.295,0.829,0.293,0.52,0,0.9561,0.1002
USA,6dOtVTDdiauQNBQEDOtlAB,Billie Eilish,BIRDS OF A FEATHER,en,love,0.9797,0.8511,0.3611,0.8613,0.5001,0.1269,0.439,0.2772,0.7265,0.8431,0.9261,0
USA,21IYMdzTrzSe191Cy5eMap,Gigi Perez,Sailor Song,en,hope,0.875,0.6128,0.5353,0.2671,0.8104,0.163,0,0.9293,0.3511,0,0.8979,0.2282
USA,0eAuGrXyGFYwur9ARUe7LJ,Malcolm Todd,Earrings,en,love,0.9691,0.8681,0,0.9514,0.1201,0,0.6794,0.2126,0.1755,0.7113,0.5196,0
USA,2CGNAOSuO1MEFCbBRgUzjd,"Kendrick Lamar, SZA",luther (with sza),unknown,unclassified,0,0,0,0,0,0,0,0,0,0,0,0
USA,3siwsiaEoU4Kuuc9WKMUy5,The Marías,No One Noticed,en,solitude,0.8159,0.9157,0.2037,0.9153,0.8295,0.4099,0.9298,0.708,0.5574,0.9948,0.7604,0.4632
USA,554qQSs9lpRVq6TlaaiIKT,EsDeeKid,4 Raws,en,angst,0,0.9742,0,0.1682,0.3785,0.4204,0.4381,0.1185,0.2646,0,0.6141,0
USA,7B3BwNecBhKvNwSMOOl7Gk,Addison Rae,Fame is a Gun,en,love,0.9802,0.7185,0.7286,0.9627,0.7711,0.3713,0.1576,0.4846,0.409,0.2167,0.8877,0
USA,4KULAymBBJcPRpk1yO4dOG,"Zach Bryan, Kacey Musgraves",I Remember Everything (feat. Kacey Musgraves),ja,heartbreak,0.7062,0.8358,0,0.9821,0.5296,0.2805,0.6258,0,0.9408,0,0.6241,0.2894
USA,2d8JP84HNLKhmd6IYOoupQ,Fetty Wap,Trap Queen,en,passion,0.5035,0.6507,0.4915,0,0.8929,0.5171,0,0.4434,0.644,0.2595,0.9128,0.4987
USA,6K4t31amVTZDgR3sKmwUJJ,Tame Impala,The Less I Know The Better,en,heartbreak,0.9433,0.9332,0,0.9808,0.4228,0.2585,0.9277,0.2149,0.3056,0,0.6411,0
USA,1zi7xx7UVEFkmKfv06H8x0,"Drake, Wizkid, Kyla",One Dance,tr,empowerment,0.7431,0.7428,0.1554,0.6537,0.8942,0.4139,0.4157,0.4445,0.4685,0.3619,0.7285,0
USA,7gF2mPcjipv2hLGHY7bi17,"White Noise Radiance, Rain Sounds","Rain Sounds for Sleeping, Pt. 06 (Continuous No Gaps)",unknown,unclassified,0,0,0,0,0,0,0,0,0,0,0,0
USA,7AeM1BGYM7emrqmQn1PuWv,Morgan Wallen,I'm The Problem,en,love,0.9791,0.8781,0,0.923,0.2944,0.3561,0.6468,0,0.2475,0.1146,0.668,0
USA,59D4DOkspUbWyMmbAPQkxZ,Bad Bunny,VOY A LLeVARTE PA PR,es,empowerment,0.2833,0.8187,0.4292,0.3169,0.9244,0.6251,0.1404,0.4609,0.6787,0.4697,0.9149,0.1632
USA,4jyyma8YdFC4S4llusSFRu,Brent Faiyaz,butterflies.,en,love,0.9916,0.7449,0.5372,0.1657,0.8715,0.4169,0.2248,0.9799,0.1663,0,0.9035,0
USA,6DH13QYXK7lKkYHSU88N48,Daniel Caesar,Who Knows,en,angst,0.8299,0.9279,0.2101,0.8558,0.4827,0.1359,0.2247,0.406,0.8316,0.2412,0.5974,0.3559
USA,3GCdLUSnKSMJhs4Tj6CV3s,"Kendrick Lamar, SZA","All The Stars (with SZA) - From ""Black Panther: The Album""",en,hope,0.5306,0.4838,0,0.4537,0.1628,0.1853,0.3409,0.7878,0.1969,0,0.4726,0
USA,68Dni7IE4VyPkTOH9mRWHr,J. Cole,No Role Modelz,en,other,0.368,0.6167,0,0.6257,0.3103,0.1246,0.4516,0.4527,0.4948,0.3767,0.3484,0
USA,1NXbNEAcPvY5G1xvfN57aA,Tame Impala,Dracula,en,hope,0.917,0.8913,0.1875,0.7162,0.51,0.2218,0.4091,0.9708,0.8624,0.646,0.9054,0
USA,3xkHsmpQCBMytMJNiDf3Ii,Benson Boone,Beautiful Things,en,love,0.9097,0.8894,0.3246,0.7035,0.6914,0.3096,0.4388,0.7875,0.4249,0.2339,0.69,0.2141
USA,6393yGahSJ9slVdOwSxOVR,Chappell Roan,Pink Pony Club,en,angst,0.8029,0.9391,0.3616,0.5149,0.8481,0.7843,0,0.3464,0.7448,0,0.8949,0
USA,7eqoqGkKwgOaWNNHx90uEZ,Frank Ocean,Nights,en,angst,0,0.9408,0,0.6653,0.3955,0.2932,0.823,0.4748,0.767,0.2422,0.6102,0
USA,33iv3wnGMrrDugd7GBso1z,Lit,My Own Worst Enemy,en,angst,0,0.9124,0,0.7735,0.3466,0.5501,0.8353,0,0.3227,0.7585,0.6993,0
USA,0FIDCNYYjNvPVimz5icugS,"The Weeknd, Playboi Carti",Timeless (feat Playboi Carti),tr,angst,0.493,0.9712,0,0.943,0.3939,0.2284,0.6057,0,0.7479,0,0.9017,0
USA,5IZXB5IKAD2qlvTPJYDCFB,"Post Malone, Morgan Wallen",I Had Some Help (Feat. Morgan Wallen),pt,heartbreak,0.3059,0.9031,0,0.933,0.6645,0.4548,0.5818,0.1741,0,0,0.6175,0
USA,3cZajhyr8LmtPfHZ9296tj,"Disco Lines, Tinashe",No Broke Boys,en,angst,0.1363,0.9401,0,0.908,0.7953,0.1104,0.7263,0,0,0.9112,0.6496,0
USA,3WMj8moIAXJhHsyLaqIIHI,Zach Bryan,Something in the Orange,en,angst,0.3379,0.9361,0,0.8924,0.2554,0,0.8458,0,0.8511,0.1289,0.6516,0
USA,7D0RhFcb3CrfPuTJ0obrod,Coldplay,Sparks,en,heartbreak,0.89,0.872,0.1244,0.9349,0.5147,0.1072,0.5013,0.3707,0.5449,0.2396,0.7554,0
USA,5UWwZ5lm5PKu6eKsHAGxOk,Foo Fighters,Everlong,en,heartbreak,0.4825,0.8869,0,0.9032,0.128,0,0.8947,0,0.5972,0.1063,0.6973,0
USA,17phhZDn6oGtzMe56NuWvj,Teddy Swims,Lose Control,en,heartbreak,0.4637,0.9696,0,0.9816,0.2032,0.3641,0.881,0,0,0.724,0.937,0
USA,2UikqkwBv7aIvlixeVXHWt,Chris Stapleton,You Should Probably Leave,en,passion,0.6354,0.9138,0,0.7336,0.1566,0.1524,0.2871,0,0,0,0.9417,0
USA,7ghKr0pCYyPPyp7t1FH8k4,Childish Gambino,Les,en,angst,0.3059,0.8577,0,0.57,0.2138,0.1702,0.629,0.4929,0.1759,0.2888,0.3389,0
USA,5mCPDVBb16L4XQwDdbRUpz,Drake,Passionfruit,en,passion,0.449,0.9889,0,0.8439,0.197,0.8855,0.8959,0,0.3954,0.6391,0.9914,0.1007
USA,2gam98EZKrF9XuOkU13ApN,"Nelly Furtado, Timbaland",Promiscuous,de,relaxing,0.5026,0.7178,0.1491,0,0.6557,0.4438,0,0.4227,0,0.4791,0.5303,0.9097
USA,5TRPicyLGbAF2LGBFbHGvO,"Kanye West, Dwele",Flashing Lights,es,angst,0.603,0.9801,0,0.8745,0.3084,0.5343,0.4917,0,0.929,0.2828,0.7398,0
USA,5e9TFTbltYBg2xThimr0rU,Fleetwood Mac,The Chain - 2004 Remaster,en,angst,0.4593,0.995,0,0.9667,0.2347,0,0.9887,0,0.8875,0.9694,0.9007,0.6473
USA,5ihS6UUlyQAfmp48eSkxuQ,Fleetwood Mac,Landslide,en,heartbreak,0.9035,0.9572,0,0.976,0.3477,0,0.663,0,0.5195,0.1894,0.7957,0
USA,1Jo0Zg7XlrA6z0mFTZVdkn,Rihanna,Don't Stop The Music,en,passion,0.9295,0.9108,0.7159,0,0.9408,0.9308,0,0.5032,0.7858,0.1106,0.9858,0.2655
USA,0WbMK4wrZ1wFSty9F7FCgu,Chappell Roan,"Good Luck, Babe!",en,heartbreak,0.6956,0.912,0.1521,0.9407,0.404,0.2783,0.394,0.1231,0.4043,0,0.8113,0.2802
USA,5g7sDjBhZ4I3gcFIpkrLuI,Bruno Mars,Locked out of Heaven,en,hope,0.8981,0.744,0.6347,0,0.8342,0.2135,0,0.9206,0.425,0,0.9091,0.1396
USA,1JSTJqkT5qHq8MDJnJbRE1,The Police,Every Breath You Take,en,heartbreak,0.9504,0.9686,0.1769,0.9902,0.6797,0.6257,0.9458,0.2521,0.8456,0.8749,0.9243,0
Colombia,569xAmXCkpM3IsEOiG4hWe,"Kenny Die, Blessd, Kris R., Sebas",Ultra Complicado (feat. Sebas) - Remix,es,nostalgia,0.4458,0.4089,0.348,0,0.4784,0.1818,0,0.1474,0.6275,0.3567,0.5867,0
Colombia,4ATzrqMF84B9iSCGUUqfTT,"Topboy TGR, Kzadores",MÁS DE AHÍ,es,angst,0,0.9164,0,0.6682,0.3652,0.1011,0.8197,0,0.1604,0,0.2556,0
Colombia,2T6BBNQW4t81x2ddqWrGzs,Yeison Jimenez,Se Acabó,es,love,0.9942,0.4145,0.9709,0.9605,0.8934,0.9214,0,0.2579,0.6756,0.1707,0.7049,0.9139
Colombia,10B0cONtHL7b8hdMRE2Du6,"Blessd, Anuel AA, Kris R., Young Fatty, CARABIN3, GeezyDee, TURY","BUENOS DIAS (feat. Tury, GeezyDee, CARABIN3)",es,passion,0.7745,0.7691,0.4547,0.2772,0.752,0.349,0,0.2677,0.5994,0.5046,0.854,0.1095
Colombia,5q2JbCNi4FcnglgPfxcV65,"Anuel AA, Daddy Yankee, Zion & Lennox, Farruko, Wisin",Sola (Remix),es,heartbreak,0.6892,0.9291,0.3512,0.9545,0.6658,0.5227,0.7038,0.3658,0.7671,0.8515,0.8819,0.1956
Colombia,3hpm0fTeSqlhJbnqAgaLZs,Fuerza Regida,Marlboro Rojo,es,angst,0.2347,0.8901,0.4251,0.1835,0.6827,0.254,0,0,0.8198,0.1941,0.8723,0
Colombia,6cHHrFD3fmBG9MR3k8kvep,Frankie Ruiz,Tú Con Él,es,love,0.9566,0.7018,0.6305,0.93,0.8358,0.3197,0.3525,0.4026,0.7839,0.658,0.8189,0.6302
Colombia,3ddJ8Vbc5tYPxq5zKRVke6,"KAROL G, Marco Antonio Solís",Coleccionando Heridas,es,solitude,0.8848,0.9308,0,0.8925,0.6628,0.3793,0.8495,0.373,0.2362,0.9387,0.4639,0.4637
Colombia,4MjDJD8cW7iVeWInc2Bdyj,Bad Bunny,MONACO,es,relaxing,0.7394,0.8282,0.5676,0.3518,0.8241,0.8202,0.2669,0.3309,0.8107,0.5403,0.8266,0.8654
Colombia,6829KtrgNt2ZwrsE19nTEd,Yeison Jimenez,Ni Tengo Ni Necesito,es,solitude,0.1294,0.5644,0.3919,0.6968,0.7451,0.2511,0.4586,0.3125,0.128,0.9483,0.7082,0
Colombia,281YJmnThveWjsWVic9Ym6,"Kris R., Blessd",Las Piponas (Remix),es,other,0.3807,0.5473,0,0.1026,0.3536,0.2289,0,0,0.4217,0.1042,0.2759,0
Colombia,1OHj2WRXOR9XdCV6PuptXv,Luister La Voz,Amarte más no pude - En vivo,es,passion,0.1365,0.6696,0.3628,0.4191,0.6886,0.4535,0.3777,0.4907,0.2134,0.3095,0.8229,0.2004
Colombia,2ALQyXMC26Vew7JX7ert9M,"Blessd, Kris R.",POLOS OPUESTOS REMIX - BLESSD VERSION,es,passion,0.8498,0.8556,0.2204,0.4084,0.5411,0.2059,0,0.4721,0.4163,0.3372,0.9193,0
Colombia,1YYfyJ2yCvGFCxwjsIqEK9,"Rauw Alejandro, Romeo Santos",Khé?,es,heartbreak,0.784,0.9302,0,0.9434,0.361,0.1592,0.6658,0,0.5666,0.241,0.7803,0
Colombia,5PB1ITleNasy7UMYEaBWkL,Yeison Jimenez,Qué Día Es Hoy,es,heartbreak,0.6976,0.8994,0,0.9346,0.1398,0.7815,0.7496,0,0.1079,0,0.7641,0
Colombia,0VKkyBKCXyR99navhVRqcP,Zion & Lennox,La player (Bandolera),es,solitude,0.3185,0.552,0.2119,0.5219,0.539,0.3094,0.4816,0.2445,0.3881,0.9488,0.6172,0.3848
Colombia,3ClyThLf2bguwdMcm7hqZ2,"Kris R., Blessd",COSITAS,es,heartbreak,0.7254,0.8543,0,0.9043,0.2831,0,0.5158,0.1637,0.5841,0.5103,0.5173,0
Colombia,2tKVinInf0PJS1iG04zzqi,"Blessd, Sebastian Ledher, Tayson Kryss, Joseph Ren",UNA NOCHE DE LOCURA,es,solitude,0.9664,0.8552,0.54,0.136,0.8924,0.5551,0,0.386,0.8778,0.9765,0.9713,0.2773
Colombia,1C7NXX8UJ6pgNx8EkmyZDd,Beéle,si te pillara,es,nostalgia,0.498,0.6714,0.3883,0.5309,0.6638,0.3779,0.4595,0.6657,0.7904,0.2532,0.6851,0.2509
Colombia,3NgDulHteTVdF026IxY5bW,"Don Omar, Kendo Kapponi",RX,es,passion,0,0.7308,0,0,0.548,0.485,0,0,0.1304,0.1079,0.7832,0.266
Colombia,2n1MTLCis6qPSDKdr5XSDI,Willie Colón,Oh Qué Será?,es,angst,0.512,0.9008,0.1526,0.7215,0.6406,0.2509,0.567,0.2377,0.3573,0.1584,0.7432,0
Colombia,4wu7jIeJCUhQJaXsXVit0e,Blessd,Palabras Sobran,es,love,0.8864,0.3903,0.2647,0.1284,0.4896,0.1417,0,0,0.3345,0.1837,0.6281,0.3702
Colombia,73scB4Q4fcOmnsBVZPmk32,KAROL G,Si Antes Te Hubiera Conocido,es,other,0.7654,0.9628,0.3249,0.6016,0.7317,0.9061,0.387,0.9656,0.8313,0,0.9603,0
Colombia,7yHZ66udwjeUafGohI7T46,ARIA VEGA,AY MAMA (mi tiburón),es,other,0.8077,0.5909,0.3897,0.718,0.9489,0.3669,0,0,0.9606,0.1973,0.92,0.2794
Colombia,0ftcn4ddKESqQMA784Ebc0,Yeison Jimenez,Aventurero,es,party,0.8154,0.7853,0.5355,0.4543,0.3021,0.9923,0,0,0.1266,0.204,0.887,0.1895
Colombia,4VTb5wB46sZDsfL8XgroGt,Willie Colón,Gitana,es,heartbreak,0.8419,0.8505,0,0.9482,0.3323,0,0.4031,0.585,0.4396,0.3761,0.8935,0
Colombia,4ZGk5h0sIfeunWEKzXEoHr,Tito Rojas,Siempre Sere,es,love,0.9888,0.3227,0.6742,0.2438,0.9325,0.3443,0,0.7393,0.5776,0.1048,0.8887,0.3316
Colombia,7LABrQFfRYcZUqUwng0Heb,Yandel,Encantadora,es,other,0.4656,0.4677,0.1369,0.1969,0.2028,0.2481,0.368,0.1516,0.317,0.6703,0.4673,0
Colombia,21nc3O8OncUv1jjSrC1ML2,Yiyo Sarante,Corazon de Acero,es,heartbreak,0.5672,0.7621,0,0.9475,0.5786,0.2419,0.591,0.1171,0.154,0.3222,0.524,0.1375
Colombia,0TBFzXKWtoF7Lwh0LKFt8f,GeezyDee,El Peor Hombre Del Mundo,es,angst,0.1818,0.9429,0,0.8764,0.4173,0.1799,0.7463,0,0.2078,0.465,0.5473,0
Colombia,5ds1Hh3lo4JUF2vflqyayK,Yiyo Sarante,Manos de Tijera,es,other,0,0.2852,0,0.1945,0.5364,0.2156,0.1434,0.1186,0,0.313,0.3362,0.1949
Colombia,0FsXZAMf6NACvNJ2LI6ySp,Frankie Ruiz,Deseándote,es,passion,0.882,0.8757,0.322,0.7657,0.6893,0.2842,0.2652,0.6061,0.8581,0.25,0.9863,0
Colombia,5sMHuOIvtsSuFZafTcF19Q,"Pipe Bueno, Jessi Uribe, Yeison Jimenez, Carín León, Alzate, Darío Gómez, Luis Alberto Posada, El Charrito Negro, Jhonny Rivera, Jhon Alex Castaño, Juan Pablo Navarrete",Guaro (Remix),es,heartbreak,0.3423,0.9816,0,0.9854,0.5551,0.8565,0.8432,0,0.5106,0,0.8638,0
Colombia,3QwBODjSEzelZyVjxPOHdq,"Zion & Lennox, J Balvin",Otra Vez (feat. J Balvin),en,nostalgia,0.7819,0.6793,0.6538,0.1618,0.7413,0.7888,0.1081,0.3598,0.9841,0,0.9191,0
Colombia,34vXRJ2bCSFiZKQzVUYVOb,"Grupo Frontera, Grupo Firme",EL AMOR DE SU VIDA,es,love,0.9427,0.2953,0.3368,0.8175,0.7026,0.1746,0,0.3693,0.2299,0,0.4351,0.6047
Colombia,6jbDhMUR3Hc3yVPT2tEVxY,Yeison Jimenez,Te Voy a Olvidar,es,solitude,0.9505,0.5452,0.8724,0.9629,0.8841,0.9079,0,0.4979,0.1882,0.9876,0.6577,0.9557
Colombia,7hYlC6s0SXSIwtFlW6NgjT,"W Sound, Myke Towers, Ovy On The Drums",5 Estrellas - W Sound 23,es,angst,0.496,0.577,0,0.5209,0.1456,0.2513,0,0,0.3207,0,0.4533,0
Colombia,5SudOD9R1Of6CsJVWZy6CQ,"Romeo Santos, Prince Royce",Dardos,es,angst,0.933,0.9615,0,0.9524,0.2316,0.2414,0.8918,0,0.1957,0,0.7772,0
Colombia,7xDwU3I38ReireLvv79h63,Grupo Niche,Sin Sentimientos,es,other,0.7542,0.886,0,0.9466,0.3449,0.1492,0.6668,0.2175,0.1291,0.1214,0.6453,0
Colombia,1nDvFYTsaQwxt5CTk7LJ5E,"Yeison Jimenez, Pasabordo",Hasta La Madre,es,angst,0.3598,0.9575,0.1701,0.9403,0.5715,0.8977,0.6094,0,0.7105,0.9486,0.8256,0.2726
Colombia,7zwgHkTKv86nMOREN5k1hx,Clarent,BIENVENIDA,es,empowerment,0.1871,0.4091,0,0.2675,0.8787,0.2202,0.1988,0.1034,0.1424,0.3971,0.3365,0.1839
Colombia,1LNLFgc99bgCWPAaJ9zUQi,Yeison Jimenez,Tu Mal Sabor,es,other,0.9725,0.889,0.3408,0.9202,0.8447,0.5898,0.6838,0.6789,0.721,0.7456,0.9101,0.2375
Colombia,2beS6dD5rovBxSA1zYoSHR,"JHAYCO, J Balvin, Bad Bunny",No Me Conoce - Remix,en,other,0.4511,0.7501,0.3138,0.2017,0.7063,0.7156,0.2712,0.3259,0.3335,0.2895,0.7635,0
Colombia,1i1n7hUzCDkXGFqIJSSzom,Beéle,frente al mar,es,love,0.9899,0.8393,0.3257,0.7085,0.6756,0.8853,0.2345,0.9828,0.5898,0.8965,0.9844,0
Colombia,1xTWu5aArww0QtXqX2ScBI,"Maluma, Yeison Jimenez",Con el Corazón,es,love,0.9903,0.9525,0.115,0.9404,0.3435,0.9229,0.8715,0.133,0.6762,0.1652,0.7956,0.2228
Colombia,7hynhxDoDpgMIV12JuVtNa,"J Balvin, Bad Bunny, Marciano Cantero",UN PESO,es,other,0.7991,0.6298,0,0.837,0.3489,0,0.3797,0,0.1059,0.7053,0.3749,0
Colombia,3UJN0IUZIeXnrmo48e6XXx,"El Americano 4KT, THE FAVORITES",MAMAXITA,es,empowerment,0.4962,0.2793,0.5358,0.1111,0.8244,0.3989,0,0.4829,0.254,0.2572,0.5953,0
Colombia,2Bhmj4XK33InfhqKPxcJ1v,Aventura,Dile al Amor,es,heartbreak,0,0.8914,0,0.9904,0.2053,0,0.7469,0,0,0.9848,0.1151,0
Colombia,5GTBdEjZe7zEDp1N0eCZE4,"Peso Pluma, Estevan Plazola",HOLLYWOOD,es,angst,0.2167,0.9715,0.2829,0.3524,0.8319,0.4489,0.2766,0.6385,0.9367,0.2352,0.8055,0
Colombia,5u4XWSNpF4wE6W6i78Uf1B,Rayo & Toby,Movimiento de Caderas,es,empowerment,0.4458,0.236,0.3967,0,0.8845,0.4781,0,0.3324,0,0,0.7616,0.3225
Colombia,1a7onn7lPqqRWul5ogyMyX,Fuerza Regida,ANSIEDAD,es,passion,0.7023,0.9669,0.2595,0.9486,0.2921,0,0.7582,0,0,0,0.9684,0
Colombia,27ze5t5tIDPlVits0KRbxT,Aventura,El Perdedor,es,heartbreak,0.4556,0.816,0,0.9123,0.3623,0.1854,0.5202,0,0,0.2025,0.6796,0
Colombia,5YJ4BVvTFmVCxUyhKejHfR,Tego Calderón,Pa' Que Retozen,es,angst,0,0.754,0.4774,0,0.595,0.4343,0,0,0.1638,0.2091,0.6287,0
Colombia,7BNTVOitDoUC5HVN8HleQy,"Georgy Parra Salvaje, Yeison Jimenez",GPS #5 - Dime Que Sí,es,passion,0.8526,0.9477,0.1395,0.6319,0.5577,0.423,0.5403,0.1551,0.1324,0.2271,0.9726,0
Colombia,5QDLhrAOJJdNAmCTJ8xMyW,BTS,Dynamite,en,party,0.375,0,0.9563,0,0.9674,0.9706,0,0.6884,0.6894,0,0.9538,0
Colombia,25ZAibhr3bdlMCLmubZDVt,"J Balvin, Bad Bunny",QUE PRETENDES,es,passion,0.1208,0.5819,0,0.4786,0.3245,0.2206,0.4356,0,0.4753,0.3383,0.7456,0
Colombia,4skuEIloXWuxxgekKupkEH,Mon Laferte,Tu Falta De Querer,es,heartbreak,0.9385,0.9725,0,0.981,0.5178,0.4487,0.9405,0,0.814,0.7684,0.8865,0.2837
Colombia,5hWpXZOs7vpz0JD3CIylsb,ROA,FANTASÍA,es,passion,0.6287,0.4181,0.2497,0.1309,0.6997,0.2424,0,0.4757,0.111,0.1795,0.7812,0
Colombia,5ReIuecGjsHabpYSNlKnuR,"Blessd, CARABIN3, SVNTI",MUSA REMIX,es,passion,0.9321,0.7909,0.3724,0.2349,0.6618,0.2728,0.136,0.5446,0.7792,0.4812,0.9414,0
Colombia,69Ej1xrGjOcHvIMtMKxK0G,Don Omar,Dile,es,passion,0.892,0.8509,0.2143,0.8754,0.8879,0.624,0.3928,0.7692,0.4306,0.2517,0.9893,0
Colombia,2Kx9AfJPaJib9DwAdDYdB9,"Ryan Castro, Blaiz Fayah, Tribal Kush",BOMBASTIK<3,es,other,0.2324,0.8075,0,0,0.6805,0.5664,0.2741,0,0,0,0.627,0
Colombia,73BrH4q0vUdhT34uK9j98O,Luister La Voz,Las Cartas,es,heartbreak,0.8906,0.9552,0.2283,0.9751,0.6302,0.1506,0.8042,0,0.1873,0.8407,0.6551,0
Colombia,4py8x8qXCOTi0Rrm4NbCTK,"Ryan Castro, Blessd",LEJANIA,es,empowerment,0.6126,0.3997,0.33,0.497,0.7422,0.2113,0.4533,0.5555,0.2731,0.3769,0.6989,0
Colombia,3eIvjtwoYC16ElxYE6ph7J,Ele A El Dominio,Hace Mucho Tiempo,es,angst,0.8803,0.9017,0.1284,0.7588,0.2545,0.3358,0.7278,0.1258,0.7028,0.5046,0.9017,0.1452
Colombia,4DS7HoqrKq1dDjeYOKBlu9,"Trap Capos, Noriel, Bad Bunny, Arcángel",De las 2 (feat. Bad Bunny & Arcángel),es,other,0.5947,0.7513,0.1832,0.2846,0.6004,0.378,0.16,0.158,0.199,0,0.7436,0
Colombia,7iQXYTyuG13aoeHxGG28Nh,"Bad Bunny, Feid",PERRO NEGRO,en,passion,0.5982,0.1482,0.2537,0,0.9228,0.6385,0,0.2317,0.1431,0.2796,0.9643,0
Colombia,1JXcB149QtbcIpDUA6YZOB,Grupo Niche,Algo Que Se Quede,es,love,0.954,0.3639,0.5461,0,0.8202,0.2806,0,0.7054,0.5904,0.3879,0.8481,0.805
Colombia,2dd3G3ZqEcG2cNS1tp3oEk,"Alleh, Yorghaki",capaz (merengueton),es,angst,0.8545,0.9417,0.1232,0.7705,0.5115,0.2271,0.6709,0.1307,0.4401,0.1358,0.8826,0.3097
Colombia,1dAQ93kw8Sy9n4JCz2G9Nf,"Alexis y Fido, Arcángel, De La Ghetto",Camuflaje (Remix),es,passion,0.4838,0.6028,0.1904,0.3595,0.6143,0.3579,0.154,0.2294,0.1973,0,0.754,0
Colombia,2HbmLkHkkI15eES8kpWRuI,Los Hijos De Puerto Rico,Separados,es,love,0.9765,0.8519,0,0.9649,0.2847,0,0.923,0,0.797,0.9354,0.4361,0
Colombia,5HCGrYR7g9u2X9Ju83yQLm,Adolescent's Orquesta,Virgen,es,empowerment,0.8894,0.2216,0.2687,0.3312,0.9183,0.2632,0,0.6873,0,0.2792,0.7062,0.5796
Colombia,2lGGv17kLfOrdVzNFzuQWM,"El Americano 4KT, Tony Monta",WELCOME,es,angst,0.1225,0.8802,0.1421,0.569,0.5586,0.3768,0.2705,0.3783,0.28,0,0.6934,0
Colombia,4ysgNOWbc02RUnCxQMzpeL,Yeison Jimenez,Maldita Traga,unknown,unclassified,0,0,0,0,0,0,0,0,0,0,0,0
Colombia,0ToktqlTchGYvCRHUCWnG5,"Luis Silva, Yeison Jimenez",Como No Voy a Decirlo,es,love,0.9872,0.1456,0.3972,0,0.6536,0,0,0.5019,0,0,0.9276,0.198
Colombia,0sOrHE0vkEhrmWZnhqjP36,"Blessd, Hades66, Blackinny, Young Fatty",MAS QUE AMIGOS,es,passion,0.5188,0.6508,0.2455,0.4411,0.8023,0.4668,0,0.452,0.3579,0.1372,0.8467,0
Colombia,5mp6OBKCAjN4UYRvhOuUze,"Oscar Maydon, Fuerza Regida",Tu Boda,es,heartbreak,0.8416,0.7048,0,0.9762,0.3349,0,0.6918,0,0.2139,0.484,0.3946,0
Colombia,5dDlknAL9imbXXl7uG7oqe,Omar Courtz,⁠LUCES DE COLORES,es,passion,0.6166,0.7263,0.6434,0,0.7545,0.3151,0,0.3572,0.7996,0.7804,0.9356,0.1351
Colombia,6yLqoieklk9gwabLaUDJ4s,"La Factoria, Eddy Lover",Perdóname,es,passion,0.9088,0.9002,0.2844,0.8752,0.6046,0.238,0.356,0.4908,0.3371,0.2674,0.9108,0
Colombia,61C7zXd4t2Zuhz6DRwgsLM,"Piso 21, Marc Anthony, Beéle",Volver,es,heartbreak,0.5111,0.9769,0.1036,0.989,0.3541,0.506,0.7433,0.14,0.9084,0.3767,0.6749,0
Colombia,5BrVJGkFTBPAMRl5hIE9A7,Farruko,Cositas Que Haciamos,es,empowerment,0.4654,0.433,0.2033,0.3044,0.585,0.199,0.3096,0.4518,0.4821,0.2544,0.5104,0
Colombia,1btsXTZnL2wVSW8oDWvjMM,"Blessd, Kris R., Young Fatty, TURY, CARABIN3, GeezyDee","MIU MIU (feat. GeezyDee, CARABIN3)",es,empowerment,0.8573,0.516,0.6648,0.1393,0.9072,0.4704,0,0.4862,0.5826,0.166,0.8333,0.2219
Colombia,3fRIuTih8bzc0vtY9fHhvF,Willie Colón,Talento De Televisión,es,empowerment,0.4129,0.4468,0.6437,0,0.8523,0.6148,0,0.4858,0.3804,0.1614,0.6002,0
Colombia,0BenZn1xELuxhb7Pjwyjxv,"Don Omar, Plan B",Hooka,es,passion,0.4818,0.4633,0.3749,0,0.6921,0.7312,0,0.193,0.265,0.5826,0.9216,0
Colombia,0EFxJw34fK8DWlTxx9qYeW,Blessd,Instagram,es,passion,0.4514,0.448,0.1507,0.1565,0.6918,0.1217,0,0.3372,0.4433,0,0.8145,0
Colombia,3fr52NaaVxb2UxPNxDtaQx,Juliana,El AchanTAdo,es,solitude,0.8327,0.8419,0,0.9596,0.1569,0.1375,0.7564,0,0.1439,0.9732,0.7669,0
Colombia,4eDjNcAyIuJFhQ31Fvvoc1,"J Alvarez, Ñejo & Dalmata","Sexo, Sudor y Calor",es,love,0.8522,0.7047,0.2049,0.5359,0.7017,0.3368,0.2883,0.3914,0.7821,0.1597,0.8267,0
Colombia,1iEwyiSLAunPR6uouANE0O,Maluma,El Perdedor,es,heartbreak,0.8832,0.7379,0,0.9133,0.4339,0.1714,0.537,0,0.412,0.336,0.7621,0
Colombia,6v5qt5KPQHJt5ckWuhDGtM,"Victor Valverde, JR Torres",El Mayor De Los Ranas,es,angst,0,0.9527,0.3109,0.7776,0.391,0.3044,0.6599,0.1861,0.2163,0.439,0.8146,0
Colombia,5jJTqI5yteOyLWoDTjiHCO,Luis Enrique,Yo No Sé Mañana,es,solitude,0.5977,0.948,0.3101,0.5732,0.7034,0.2276,0.7856,0.2059,0.3213,0.9622,0.7478,0.2497
Colombia,47sQ0h1xhlDWJ3nHbwYPrg,Hades66,YO QUIERO,es,passion,0,0.9818,0.3398,0.2952,0.7964,0.5851,0.4684,0.1215,0.325,0.6522,0.9819,0
Colombia,6eLQXa6uk2EW8drsiKbABZ,Fuerza Regida,TU SANCHO,es,passion,0.855,0.726,0.3272,0.271,0.7495,0.2515,0,0.2393,0.3441,0.239,0.8706,0.1413
Colombia,2ROj8GoI45RQouYomaLDTm,"GeezyDee, Kris R.",Parche Tranqui,es,angst,0.4672,0.9254,0.1087,0.6528,0.4913,0.5523,0.4175,0,0.411,0,0.8074,0
Colombia,2QcUxndr7skMMHLElnl4Bo,Jose Luis Carrascal,Como Duele El Frio,es,heartbreak,0.588,0.6831,0,0.9145,0.3997,0.3512,0.3844,0.4399,0,0.2483,0.4938,0
Colombia,4dyzxv5SsdBtunuU3qj7Ti,Fresto Music,Me Hace Daño Verte,es,heartbreak,0.9223,0.9625,0,0.9853,0.1696,0.3819,0.9449,0,0.6417,0.9446,0.8539,0
Colombia,286NP8kXWzx2uHb5tr7TGv,David Pabon,Aquel Viejo Motel,es,passion,0.9779,0.7438,0.4932,0.8808,0.6927,0.463,0.2174,0.1984,0.9682,0,0.9887,0
Colombia,65nL3OLuHHfEYxKkHMQ1fL,Frankie Ruiz,Desnúdate Mujer,es,passion,0.8217,0.8745,0.4112,0.9094,0.7576,0.4716,0.2173,0.2656,0.4758,0.1381,0.9515,0.2527
Colombia,6IV5Y1eWaQZ1jV5apkUMS4,"Grupo Firme, Gerardo Coronel",Qué Onda Perdida,es,heartbreak,0.5936,0.9649,0,0.9709,0.4191,0.1357,0.7606,0.8516,0.7173,0.3078,0.5316,0
Colombia,6I86RF3odBlcuZA9Vfjzeq,Romeo Santos,Eres Mía,es,love,0.9228,0.8009,0.4158,0.7898,0.7888,0.4272,0.1425,0.3699,0.6543,0.4403,0.7262,0.321
Colombia,3k3NWokhRRkEPhCzPmV8TW,"Bad Bunny, Bomba Estéreo",Ojitos Lindos,es,other,0.5863,0.4129,0.2577,0.3631,0.4013,0.2135,0.3007,0,0.2253,0,0.5134,0.3176
Global,0COqiPhxzoWICwFCS4eZcp,Evanescence,Bring Me To Life,en,despair,0.8555,0.898,0.1765,0.9286,0.8567,0.2894,0.9519,0.8458,0.3166,0.9197,0.5725,0
Global,0B7wvvmu9EISAwZnOpjhNI,Bruno Mars,When I Was Your Man,en,heartbreak,0.7198,0.8621,0,0.9824,0.4217,0.805,0.8254,0.8271,0.8578,0.119,0.6423,0
Global,3zEN0ii6s4DHHBpnTp3RP7,Empire Of The Sun,We Are The People,en,joy,0.9806,0.5047,0.9857,0.103,0.959,0.623,0,0.9595,0.9823,0,0.9677,0.1142
Global,2a1o6ZejUi8U3wzzOtCOYw,"Don Omar, Lucenzo",Danza Kuduro,es,other,0.5949,0.8614,0.6191,0.2076,0.9326,0.9367,0.1585,0.6591,0.4653,0.3761,0.9166,0.1423
Global,3hpm0fTeSqlhJbnqAgaLZs,Fuerza Regida,Marlboro Rojo,es,angst,0.2347,0.8901,0.4251,0.1835,0.6827,0.254,0,0,0.8198,0.1941,0.8723,0
Global,7gKxCvTDWwV9wBhdeBbr3l,Olivia Dean,Nice To Each Other,en,hope,0.7348,0.9476,0.4054,0.5256,0.7395,0.3077,0.3312,0.9534,0.4477,0.2523,0.7079,0
Global,5tZaKZPJtiHh6teQfVEHB5,Piche Kota,Bahagia Lagi,id,love,0.9698,0.9592,0.1207,0.9672,0.5907,0.3163,0.7557,0.7488,0.3276,0.6299,0.7355,0
Global,7qiZfU4dY1lWllzX7mPBI3,Ed Sheeran,Shape of You,en,love,0.9222,0.463,0.195,0,0.5582,0.2118,0,0.4273,0,0,0.8784,0
Global,0lYBSQXN6rCTvUZvg9S0lU,"DJ Snake, Justin Bieber",Let Me Love You,en,angst,0.7795,0.8887,0,0.8553,0.3413,0,0.4376,0.4849,0.3572,0.1944,0.725,0
Global,3nqqDo8CcCLke3ZoTgiOKf,The Script,The Man Who Can't Be Moved,en,love,0.9017,0.8844,0,0.858,0.3338,0.246,0.6691,0.507,0.745,0.6094,0.8298,0
Global,45Z3m6yazmAi4jZuW0tzW0,Harry Styles,Aperture,en,love,0.9935,0.4359,0.3304,0,0.9741,0.2397,0,0.4798,0.1177,0,0.938,0
Global,1qRV1dKLOfH1s00b9J2LUQ,Zara Larsson,Midnight Sun,en,nostalgia,0.9333,0.2036,0.884,0.1809,0.9501,0.655,0,0.6452,0.9741,0.9544,0.9168,0.9548
Global,2mdEsXPu8ZmkHRRtAdC09e,Lana Del Rey,Cinnamon Girl,en,passion,0.1591,0.5473,0,0,0.6619,0,0,0.426,0,0,0.8755,0
Global,4VxTzYm00mg82MuoT35Ja7,Tyla,CHANEL,en,angst,0.8234,0.9017,0,0.7845,0.6546,0.1512,0.578,0.1274,0.2004,0.5546,0.7535,0
Global,0VjIjW4GlUZAMYd2vXMi3b,The Weeknd,Blinding Lights,en,solitude,0.8923,0.9562,0.1898,0.904,0.7024,0.1649,0.9439,0.9169,0.7073,0.9888,0.8453,0
Global,0gucTLf7trAf37Ua1uAyAu,Nirvana,Smells Like Teen Spirit,en,relaxing,0,0.9096,0,0,0.1263,0.2663,0.3915,0,0.3798,0,0.2869,0.9307
Global,5yvVYFDUpbnjcnRBgjwTzM,"Tame Impala, JENNIE",Dracula - JENNIE Remix,en,other,0.4231,0.4759,0.1757,0.2745,0.4155,0.2749,0.185,0.4762,0.4354,0.2977,0.4646,0
Global,73scB4Q4fcOmnsBVZPmk32,KAROL G,Si Antes Te Hubiera Conocido,es,other,0.7654,0.9628,0.3249,0.6016,0.7317,0.9061,0.387,0.9656,0.8313,0,0.9603,0
Global,4QNpBfC0zvjKqPJcyqBy9W,"Pitbull, AFROJACK, Ne-Yo, Nayer",Give Me Everything (feat. Nayer),ru,passion,0.6661,0.5638,0.5192,0.2982,0.897,0.4945,0.4425,0.6674,0.2831,0.3844,0.9176,0.1126
Global,7KA4W4McWYRpgf0fWsJZWB,"Tyler, The Creator, Kali Uchis",See You Again (feat. Kali Uchis),es,passion,0.6668,0.4581,0.2961,0.1531,0.3036,0.2386,0,0.2308,0.661,0,0.7901,0.1711
Global,5BZsQlgw21vDOAjoqkNgKb,Justin Bieber,DAISIES,en,love,0.9948,0.9709,0.4304,0.9445,0.5175,0.471,0.5715,0.6676,0.6754,0.1338,0.9818,0
Global,3d0WouFnFmr0K3kjeza3fF,"Shakira, Wyclef Jean",Hips Don't Lie (feat. Wyclef Jean),en,passion,0.4849,0.367,0.4708,0,0.7942,0.6243,0,0.3599,0.4733,0,0.7944,0
Global,0ll8uFnc0nANY35E0Lfxvg,Keane,Somewhere Only We Know,en,solitude,0.4392,0.8867,0.1975,0.7168,0.5547,0,0.6241,0,0.9008,0.9444,0.3221,0.2993
Global,2ENexcMEMsYk0rVJigVD3i,Rihanna,Only Girl (In The World),en,passion,0.9546,0.7196,0.5965,0,0.9278,0.5509,0,0.4733,0.715,0.2752,0.9602,0.2884
Global,0bxPRWprUVpQK0UFcddkrA,Kehlani,Folded,en,angst,0.7756,0.9163,0.2658,0.8268,0.85,0.3562,0.5483,0.639,0.5228,0.6549,0.7795,0.2832
Global,7lQ8MOhq6IN2w8EYcFNSUk,Eminem,Without Me,en,angst,0,0.9637,0.1907,0.4096,0.5309,0.5099,0.4665,0.1466,0.3689,0.2187,0.808,0
Global,2tpWsVSb9UEmDRxAl1zhX1,OneRepublic,Counting Stars,en,hope,0.9822,0.9563,0.3709,0.8546,0.8221,0.1209,0.4954,0.9911,0.6017,0.1562,0.9747,0
Global,2374M0fQpWi3dLnB54qaLX,TOTO,Africa,en,solitude,0.7735,0.8002,0.5897,0.6409,0.884,0.3242,0.3489,0.9384,0.9001,0.9617,0.8742,0.2913
Global,2nLtzopw4rPReszdYBJU6h,Linkin Park,Numb,en,despair,0.1389,0.9173,0,0.8553,0.1597,0.3272,0.9527,0,0,0.8067,0.3334,0
Global,2nMeu6UenVvwUktBCpLMK9,Lana Del Rey,Young And Beautiful,en,nostalgia,0.9501,0.8968,0.6347,0.6949,0.8695,0.937,0.1606,0.8524,0.9605,0.1375,0.91,0
Global,0tgVpDi06FyKpA1z0VMD4v,Ed Sheeran,Perfect,en,love,0.9787,0.6111,0.7248,0,0.9064,0.5907,0,0.9382,0.8732,0.2278,0.9317,0.4777
Global,43iIQbw5hx986dUEZbr3eN,Laufey,From The Start,en,heartbreak,0.862,0.9748,0,0.984,0.4086,0.147,0.909,0.2392,0.3696,0.9832,0.8276,0
Global,64qfw9JZl3RYCrq4Mn0WvT,Idgitaf,Sedia Aku Sebelum Hujan,id,love,0.9901,0.4923,0.2563,0.3733,0.8418,0.4031,0.2117,0.8135,0.2493,0.3714,0.7726,0.3125
Global,22skzmqfdWrjJylampe0kt,"Macklemore, Ryan Lewis, Macklemore & Ryan Lewis, Ray Dalton",Can't Hold Us (feat. Ray Dalton),tr,party,0.2381,0.747,0.358,0.1376,0.9312,0.9744,0,0.6902,0.1832,0.2062,0.8934,0
Global,2fuYa3Lx06QQJAm0MjztKr,Radiohead,Let Down,en,despair,0,0.9145,0,0.9029,0,0,0.9884,0.2433,0.1138,0,0.2395,0
Global,1oAwsWBovWRIp7qLMGPIet,Cigarettes After Sex,Apocalypse,en,angst,0.5871,0.9287,0,0.9155,0.4284,0,0.8,0.1969,0.398,0.2448,0.8673,0
Global,1zv3WFUbZ5vPxFq9I2jAU1,"Rihanna, Calvin Harris",We Found Love,en,love,0.9925,0.8095,0.6815,0.4675,0.7509,0.2466,0.1106,0.9842,0.8506,0,0.9898,0
Global,0MUXBhPUDF8or0kfQ0EHwV,"Sam Fender, Olivia Dean",Rein Me In (with Olivia Dean),en,solitude,0.9546,0.9131,0.3109,0.9715,0.6909,0.288,0.6331,0.2212,0.9533,0.9724,0.7944,0.8155
Global,2LawezPeJhN4AWuSB0GtAU,Creedence Clearwater Revival,Have You Ever Seen The Rain,en,nostalgia,0,0.4904,0,0.1268,0.336,0,0.3289,0.1006,0.719,0.2071,0.2543,0.1436
Global,09CtPGIpYB4BrO8qb1RGsF,Justin Bieber,Sorry,en,angst,0.2747,0.904,0,0.8223,0.5115,0.3847,0.566,0.8845,0.1293,0.2109,0.6081,0
Global,4rMNgxEwGWoPHIUcvB5BrB,Bruno Mars,It Will Rain,en,heartbreak,0.8461,0.8792,0,0.9244,0.5033,0.1484,0.7558,0.2362,0.3391,0.3575,0.7251,0
Global,0UHB9METy4VCXNgkcGqHqS,Rihanna,Kiss It Better,en,angst,0.9376,0.9749,0.5082,0.9477,0.8375,0.5704,0.8641,0.6985,0.7753,0.4939,0.9325,0.4789
Global,7jtQIBanIiJOMS6RyCx6jZ,Tom Odell,Another Love,en,heartbreak,0.8943,0.9515,0.13,0.9563,0.4411,0.1312,0.8638,0.2708,0.627,0.6738,0.8863,0
Global,5Q4HTsEGKanxOwL1nYCnhQ,"Peso Pluma, Tito Double P, LENCHO",chiclona,es,angst,0.7413,0.9788,0.4509,0.4663,0.632,0.7794,0.6559,0.2013,0.7942,0.2502,0.9497,0.9763
Global,7snQQk1zcKl8gZ92AnueZW,Guns N' Roses,Sweet Child O' Mine,en,nostalgia,0.9035,0.4637,0.5085,0,0.519,0,0,0.3082,0.9752,0,0.565,0.4954
Global,7BKLCZ1jbUBVqRi2FVlTVw,"The Chainsmokers, Halsey",Closer,en,passion,0.9061,0.9423,0.2793,0.9505,0.7142,0.748,0.2741,0.4897,0.9198,0.1106,0.9627,0
Global,2YiCMmONQcoMPX2bV1LxE0,Tears For Fears,Everybody Wants To Rule The World,en,angst,0.5453,0.9351,0.1638,0.8395,0.8466,0.1081,0.7894,0.1233,0.2655,0.2039,0.6641,0
Global,6fxVffaTuwjgEk5h9QyRjy,Ed Sheeran,Photograph,en,love,0.9907,0.5265,0.2107,0.9282,0.7434,0.2193,0,0.5496,0.8945,0.5194,0.8344,0.161
Global,2yWlGEgEfPot0lv3OAjuG3,"Tate McRae, F1 The Album",Just Keep Watching (From F1® The Movie),unknown,unclassified,0,0,0,0,0,0,0,0,0,0,0,0
Global,4G7bbgD2DHORU4frrWoCXp,"DJ Japa NK, MC Meno K, MC Ryan SP, Mc Jacaré, DJ DAVI DOGDOG",Posso Até Não Te Dar Flores,pt,heartbreak,0.9516,0.9449,0.5991,0.9821,0.9046,0.6208,0.2682,0.7644,0.7811,0.9776,0.8946,0.6085
Global,1QV6tiMFM6fSOKOGLMHYYg,Lady Gaga,Poker Face,en,love,0.9946,0.2276,0.7476,0,0.857,0.4099,0,0.3823,0.5387,0,0.936,0.1822
Global,4MjDJD8cW7iVeWInc2Bdyj,Bad Bunny,MONACO,es,relaxing,0.7394,0.8282,0.5676,0.3518,0.8241,0.8202,0.2669,0.3309,0.8107,0.5403,0.8266,0.8654
Global,3B54sVLJ402zGa6Xm4YGNe,"French Montana, Swae Lee",Unforgettable,de,empowerment,0.3388,0.6031,0.1146,0.2223,0.7793,0.4076,0.2537,0.2538,0.221,0.4185,0.5514,0
Global,1DIXPcTDzTj8ZMHt3PDt8p,"Coolio, L.V.",Gangsta's Paradise,en,despair,0,0.8116,0,0.7423,0.2831,0.2853,0.9152,0,0.3711,0.6852,0.5133,0.1001
Global,5oO3drDxtziYU2H1X23ZIp,Rihanna,Love On The Brain,en,love,0.9898,0.9323,0.598,0.9226,0.8296,0.2734,0.3572,0.5985,0.2609,0,0.9625,0
Global,51ZQ1vr10ffzbwIjDCwqm4,Ariana Grande,we can't be friends (wait for your love),en,solitude,0.9333,0.9209,0.3099,0.9005,0.7711,0.2495,0.3832,0.772,0.4159,0.993,0.7511,0.6072
Global,1FEiijYPJtyswChfcpv3p0,Lana Del Rey,Summertime Sadness,en,passion,0.7819,0.7558,0,0.857,0.3432,0.3142,0,0,0.8816,0,0.9365,0
Global,0ug5NqcwcFR2xrfTkc7k8e,Taylor Swift,Style,en,other,0.8606,0.8191,0.1035,0.5205,0.6972,0.2146,0.1735,0.1405,0.892,0.4261,0.8723,0
Global,3CRDbSIZ4r5MsZ0YwxuEkn,Twenty One Pilots,Stressed Out,en,nostalgia,0.1634,0.9369,0.1037,0.5417,0.1964,0.1741,0.4486,0.1434,0.9592,0.2702,0.5153,0
Global,3hxIUxnT27p5WcmjGUXNwx,Hotel Ugly,Shut up My Moms Calling,en,nostalgia,0.5511,0.9109,0,0.939,0.3218,0,0.7488,0.6487,0.9529,0.9186,0.5338,0
Global,3fjmSxt0PskST13CSdBUFx,Linkin Park,Somewhere I Belong,en,solitude,0.1744,0.7904,0.1099,0.7215,0.5813,0.2588,0.7664,0.6467,0.119,0.9622,0.558,0.1373
Global,5UJbgR4XF4y1DvbkxEqe8S,Tate McRae,Sports car,unknown,unclassified,0,0,0,0,0,0,0,0,0,0,0,0
Global,1QFh8OH1e78dGd3VyJZCAC,The Cure,Boys Don't Cry,en,heartbreak,0.8953,0.7318,0.2356,0.9548,0.5083,0.4366,0.6763,0.2409,0.2992,0.7519,0.569,0.2355
Global,1XGmzt0PVuFgQYYnV2It7A,"Maroon 5, Wiz Khalifa",Payphone,en,heartbreak,0.3909,0.7496,0,0.9646,0.3533,0,0.876,0,0.3613,0.4054,0.3097,0
Global,75JFxkI2RXiU7L9VXzMkle,Coldplay,The Scientist,en,heartbreak,0.9356,0.931,0.1212,0.9648,0.7598,0.5173,0.8907,0.411,0.8764,0.2255,0.9351,0
Global,3dYD57lRAUcMHufyqn9GcI,Hozier,Take Me To Church,en,solitude,0.8608,0.8938,0.5974,0.5131,0.8847,0.3391,0.2856,0.7436,0.9716,0.9892,0.8856,0.3357
Global,6eLQXa6uk2EW8drsiKbABZ,Fuerza Regida,TU SANCHO,es,passion,0.855,0.726,0.3272,0.271,0.7495,0.2515,0,0.2393,0.3441,0.239,0.8706,0.1413
Global,5AEOqLsRJFAoSS4ay4Jzao,Nirvana,Come As You Are,en,nostalgia,0.1234,0.8842,0.2107,0.2531,0.8893,0.4083,0.5223,0.3984,0.9701,0.8562,0.6818,0.5832
Global,7ySUcLPVX7KudhnmNcgY2D,Rihanna,S&M,en,passion,0.853,0.5387,0.7592,0,0.8636,0.3489,0,0.1168,0.461,0.108,0.8835,0.1147
Global,6RUKPb4LETWmmr3iAEQktW,"The Chainsmokers, Coldplay",Something Just Like This,en,other,0.6082,0.798,0.7275,0.3717,0.6536,0.4224,0.3749,0.4962,0.9052,0.5193,0.8321,0.4082
Global,0RiRZpuVRbi7oqRdSMwhQY,"Post Malone, Swae Lee",Sunflower - Spider-Man: Into the Spider-Verse,en,angst,0,0.3003,0,0,0.1548,0,0,0,0,0,0.1406,0
Global,5EcG8eMMlwkHRVa4aTR1qd,Rihanna,Breakin' Dishes,en,passion,0,0.9925,0.1778,0.6994,0.8229,0.7284,0.4494,0,0.3539,0.8477,0.9969,0
Global,04aigH9HRGebQZu1JAN6X1,a-ha,Take on Me,en,love,0.9979,0.8869,0.1012,0.4135,0.4638,0.1856,0.6069,0.5266,0.3539,0.8379,0.771,0.2552
Global,35ISBknsCeZQtq66xABI9g,Lola Young,Messy,en,angst,0.2711,0.9143,0.107,0.6162,0.5735,0.134,0.6202,0.1041,0.2079,0.3254,0.4829,0.3226
Global,54PbBpquVfhfrwRwvjSXbI,"Charlie Puth, Selena Gomez",We Don't Talk Anymore (feat. Selena Gomez),ar,heartbreak,0.8206,0.9591,0.1083,0.9613,0.3833,0.504,0.894,0,0.7116,0.74,0.8756,0.1381
Global,7MmG8p0F9N3C4AXdK6o6Eb,"Calvin Harris, Ellie Goulding",Outside (feat. Ellie Goulding),it,heartbreak,0.8925,0.8689,0,0.9689,0.8476,0.2753,0.422,0.6822,0.1135,0.8361,0.6744,0
Global,5qqabIl2vWzo9ApSC317sa,Oasis,Wonderwall,en,hope,0.6094,0.8286,0.1222,0.5693,0.6333,0,0.5302,0.9531,0.3605,0.309,0.886,0
Global,7vg9noSnFEyPfwLiaCW4vi,"ZXKAI, slxughter",NO BATIDÃO,pt,passion,0.6517,0.681,0,0.7212,0,0.461,0,0,0,0,0.8402,0
Taiwan,0Q4YuuiCuxIIKUw2fb1cmV,F.I.R.,我們的愛,zh,heartbreak,0.8987,0.8753,0,0.9797,0.4566,0.1088,0.8124,0.1141,0.9766,0.7737,0.7368,0.1177
Taiwan,3bQeHxH1x4pVUfsRpuLAlH,Crowd Lu,愚人節快樂,zh,solitude,0.9489,0.8987,0.1259,0.9968,0.4893,0.2032,0.8771,0.2678,0.6571,0.9973,0.7956,0.3949
Taiwan,0m1cI6aV1jq537JamnL592,JOLIN,妥協,zh,heartbreak,0.7202,0.8232,0,0.9513,0.1444,0.1532,0.8603,0,0,0.473,0.4169,0
Taiwan,08VBl78Lgs7VIEzCL1Btyv,李浩瑋 Howard Lee,無垢,unknown,unclassified,0,0,0,0,0,0,0,0,0,0,0,0
Taiwan,4WFfPxJv1KRekG6mxn837K,"JISOO, ZAYN",EYES CLOSED (with ZAYN),en,love,0.9921,0.8725,0.6113,0.7193,0.8435,0.5758,0.4041,0.6552,0.9142,0.7284,0.9785,0.7954
Taiwan,4D0KlK4Fl8lotvsoys1bYQ,Andrew Tan,天后,zh,solitude,0.9521,0.9512,0.4123,0.9034,0.6502,0.6301,0.5139,0.5859,0.4488,0.9815,0.8692,0.337
Taiwan,5qAfVxNUxjrELshgTpWxLf,TWS,OVERDRIVE,ko,angst,0.3753,0.9613,0,0.8356,0.402,0.2395,0.8024,0,0,0,0.8823,0
Taiwan,0NAcDn6U2GB2Arhspmh38S,Wu Bai,淚橋,zh,heartbreak,0.7817,0.6138,0,0.9729,0,0,0.7714,0,0.3578,0.6816,0.7509,0
Taiwan,5doooVlMVRZztQbySqARMI,"G-DRAGON, TAEYANG, DAESUNG",HOME SWEET HOME (feat. TAEYANG & DAESUNG),en,nostalgia,0.9661,0.9092,0.9907,0.5854,0.9814,0.9385,0,0.9544,0.9973,0.9158,0.9429,0.6204
Taiwan,567e29TDzLwZwfDuEpGTwo,"The Kid LAROI, Justin Bieber",STAY (with Justin Bieber),en,angst,0,0.3878,0,0,0.1187,0,0.228,0,0,0,0,0
Taiwan,18AMT576rBlQFMzUTS7WBa,TWICE,THIS IS FOR,en,empowerment,0.436,0.3701,0.4448,0.1891,0.888,0.4915,0.176,0.3959,0.3765,0.1895,0.5379,0.5887
Taiwan,0KWnRv3wxjltYVB3MqjNd2,高爾宣 OSN,Without You,zh,heartbreak,0.967,0.9682,0.1393,0.9784,0.3619,0.2842,0.9218,0,0.8696,0.9306,0.9169,0
Taiwan,2JH8WubSk2IWYUDBUguSQv,A-Mei Chang,如果你也聽說,unknown,unclassified,0,0,0,0,0,0,0,0,0,0,0,0
Taiwan,4i0HNuFEH6P6K4UnsY5uUh,NMIXX,Blue Valentine,ko,love,0.9939,0.9606,0.1711,0.9744,0.7532,0.3459,0.6684,0.6726,0.7622,0,0.9549,0
Taiwan,2s96YKKpfBUbQP3lJuhkfX,A-Lin,失戀無罪,unknown,unclassified,0,0,0,0,0,0,0,0,0,0,0,0
Taiwan,2IfSPLPDW6RGosdB5huwAA,G.E.M.,泡沫,it,love,0.9691,0.5968,0.5019,0.8222,0.26,0,0.1034,0.1063,0.2081,0.2985,0.4754,0
Taiwan,57w29bSwdIZ6gr6xXOqwc1,Jay Chou,七里香,zh,love,0.9686,0.3753,0.4966,0.1716,0.7711,0.2019,0,0.6596,0.8492,0.3595,0.9656,0.1486
Taiwan,5cU1O9P0EDA0rPkPDykhIm,Eric Chou,怎麼了,zh,heartbreak,0.9558,0.9224,0.4147,0.9743,0.5372,0.2538,0.7581,0.212,0.5965,0.9717,0.767,0
Taiwan,4vdX5mQE0oXkflFqsqQkUP,Leehom Wang,愛錯,zh,heartbreak,0.9663,0.9302,0,0.9672,0.5323,0.2701,0.7646,0.1005,0.9085,0.6043,0.8584,0
Taiwan,5xqM1HOndjxfH7NmyD8SVS,BABYMONSTER,Really Like You,ko,love,0.9647,0.9226,0.6904,0.3603,0.7583,0.3284,0.1217,0.6853,0.6054,0.1013,0.9254,0.1263
Taiwan,3w71TlXbEeZeZcI7BtHy2G,"艾薇 Ivy, 吳霏",我受夠了,unknown,unclassified,0,0,0,0,0,0,0,0,0,0,0,0
Taiwan,301mxTHzMyFOVUXl6U22sf,EggPlantEgg,浪子回頭,zh,angst,0.3974,0.8468,0.4411,0.2017,0.7151,0.1702,0.6771,0.2779,0.1568,0.1527,0.5696,0.1563
Taiwan,580BvW3DyUNoYFgQgoD2GI,"高爾宣 OSN, Patrick Brasca",Hold On,zh,other,0.457,0.5855,0,0.5085,0.1547,0.1609,0.507,0.351,0.4762,0.4277,0.3712,0
Taiwan,6FIhcAp2lj45eFlUkTriAr,Juice Boy,一萬公里外的你,unknown,unclassified,0,0,0,0,0,0,0,0,0,0,0,0
Taiwan,4yLirljV93Y0vIoERjeTv5,A-Mei Chang,掉了,unknown,unclassified,0,0,0,0,0,0,0,0,0,0,0,0
Taiwan,7BKLCZ1jbUBVqRi2FVlTVw,"The Chainsmokers, Halsey",Closer,en,passion,0.9061,0.9423,0.2793,0.9505,0.7142,0.748,0.2741,0.4897,0.9198,0.1106,0.9627,0
Taiwan,4oE7MyJhqSD3BaHRpNs8Nl,"Kenshi Yonezu, Hikaru Utada",JANE DOE,ja,nostalgia,0.8104,0.7616,0.5552,0.5017,0.6223,0.5196,0.174,0.2928,0.9653,0.7117,0.6478,0.9563
Taiwan,6Wobsw9uZ0D0xkfOjxXSq9,"ROSÉ, F1 The Album",Messy (From F1® The Movie),unknown,unclassified,0,0,0,0,0,0,0,0,0,0,0,0
Taiwan,5tZbcQ5PYID0xB0VNblmrK,Stefanie Sun,雨天,zh,other,0.2406,0.3521,0,0.2126,0.445,0,0,0.2091,0.4037,0.3504,0.4425,0.1942
Taiwan,73Ijz3vN9KP1W5qrfNeWMI,玖壹壹,下輩子,zh,hope,0.8955,0.8932,0.2241,0.8185,0.8632,0.1836,0.4979,0.9504,0.8358,0.2901,0.8579,0.119
Taiwan,7ks6KrwN2DKhEm06X85qEK,Amazing Show,捲菸,zh,heartbreak,0.9706,0.941,0,0.9809,0.2343,0.2988,0.8829,0,0.6471,0.6597,0.6802,0.1292
Taiwan,5Ek40FyMPprcvtyZDjqylX,TWICE,What is Love?,ko,love,0.8633,0.7248,0.5935,0,0.6814,0.2435,0,0.6275,0.1728,0.1214,0.6797,0
Taiwan,4XrWar13kLO1jr535AzKrQ,Stefanie Sun,我不難過,unknown,unclassified,0,0,0,0,0,0,0,0,0,0,0,0
Taiwan,4OoExItZJ0jePoCZDbHx4t,Jay Chou,說好的幸福呢,zh,love,0.9937,0.9333,0.112,0.9818,0.3343,0.2568,0.8137,0,0.9108,0.5945,0.8626,0
Taiwan,2c6xH9usslUoHnOzsRhpcP,IVE,XOXZ,ko,solitude,0.7968,0.6104,0.5552,0.2661,0.9177,0.398,0.3304,0.8456,0.3712,0.9324,0.9163,0.7639
Taiwan,3OC84eKMxRJ4x0Hcwl9i4i,Crowd Lu,刻在我心底的名字 (Your Name Engraved Herein) - 電影<刻在你心底的名字>主題曲,unknown,unclassified,0,0,0,0,0,0,0,0,0,0,0,0
Taiwan,1vfUASvUGt3gxQ1x3T3u1C,en王翊恩,嚣张,unknown,unclassified,0,0,0,0,0,0,0,0,0,0,0,0
Taiwan,69zgyr5HVKdInjeKpq1qHa,831,想見你想見你想見你 - 電視劇《想見你》片尾曲,unknown,unclassified,0,0,0,0,0,0,0,0,0,0,0,0
Taiwan,7FyKqLLICVzwBiAUtbVYUW,ALLDAY PROJECT,ONE MORE TIME,ko,passion,0.7623,0.362,0.7935,0,0.9139,0.9156,0,0.8444,0.6129,0,0.921,0
Taiwan,6RUKPb4LETWmmr3iAEQktW,"The Chainsmokers, Coldplay",Something Just Like This,en,other,0.6082,0.798,0.7275,0.3717,0.6536,0.4224,0.3749,0.4962,0.9052,0.5193,0.8321,0.4082
Taiwan,2fc2vUA5H3mTAr9rQoBDKt,Zhang Zhen Yue,愛我別走,zh,solitude,0.862,0.8786,0,0.949,0,0,0.761,0,0.105,0.9821,0.7996,0
Taiwan,7KoqEF76fGnDYdxTSHLxcm,Jay Chou,一路向北,gd,heartbreak,0.3146,0.885,0,0.9641,0.2078,0.1496,0.8359,0,0.4767,0.6501,0.651,0
Taiwan,02sy7FAs8dkDNYsHp4Ul3f,"Saja Boys, Andrew Choi, Neckwav, Danny Chung, KEVIN WOO, samUIL Lee, KPop Demon Hunters Cast",Soda Pop,en,hope,0.9371,0.8204,0.8732,0.3062,0.9087,0.6751,0,0.969,0.9554,0.7184,0.9615,0.6879
Taiwan,1JLtvvPsHwLyd2ufASdkWV,"阿涵, Ayo97",感谢你曾来过,unknown,unclassified,0,0,0,0,0,0,0,0,0,0,0,0
Taiwan,5TkQbhQm9BXONk2agDo4w9,Khalil Fong,紅豆,zh,other,0.8055,0.312,0,0.3093,0.5048,0,0,0.7141,0.4133,0.4279,0.3762,0.3551
Taiwan,2dl3pNKU8pr0fcI4XrKcGF,IVE,Odd (GAEUL Solo),unknown,unclassified,0,0,0,0,0,0,0,0,0,0,0,0
Taiwan,3OXHwY8gI2QUh0QliXBwrI,David Tao,"愛, 很簡單",en,angst,0.6633,0.9147,0.4272,0.7518,0.72,0.4112,0.752,0.4032,0.5622,0.545,0.7352,0.2935
Taiwan,2xYrGeWUjwGvB0KMAfUFSd,菲菲公主,第57次取消发送,zh,nostalgia,0.696,0.8945,0,0.95,0.3163,0.4621,0.232,0,0.9952,0.85,0.499,0
Taiwan,4DCB1S7G6SmH9qlDpEVIzP,Cheer Chen,太聰明,zh,angst,0.9271,0.9475,0,0.7545,0.1271,0.2307,0.6449,0,0.1286,0.3196,0.7374,0
Taiwan,4IazYww9msi3dR81d9itO7,頑童Mj116,SPOTLIGHT,unknown,unclassified,0,0,0,0,0,0,0,0,0,0,0,0
Taiwan,3SJgTyb8a7z66suw0kBZ0T,艾薇 Ivy,失重前幸福,zh,love,0.9378,0.1251,0.3191,0.4059,0.244,0,0,0,0.6941,0,0.6759,0
Taiwan,553GNiNqcudWfsF55RBDqz,Rainie Yang,雨愛,zh,heartbreak,0.8807,0.4736,0,0.9405,0.2642,0.1067,0,0.75,0.6402,0.4303,0.7921,0
Taiwan,6T17ZI0glfM2IGLdUwtnLK,CORTIS,JoyRide,ko,angst,0,0.924,0.7151,0,0.7927,0.2171,0.1869,0.1362,0.4809,0.4088,0.9106,0
Taiwan,1kUyOJb3fzUo8r0OCz5SQk,JENNIE,Mantra,en,other,0.1837,0.2716,0.1453,0,0.4696,0.1149,0,0.1509,0.1767,0.29,0.3153,0.2414
Taiwan,7lCLZlVt6g4ifoHXpXEHZm,Shi Shi,少一點天份,zh,other,0.2152,0.4129,0.1988,0.187,0.5556,0.4938,0.1742,0.2533,0,0.1576,0.4882,0
Taiwan,5PpuqQ7vLG2e66SUpjUVYg,Amazing Show,心悶,unknown,unclassified,0,0,0,0,0,0,0,0,0,0,0,0
Taiwan,0c9gjnRGBRke9VmLaZWmhM,陈村长,爱怎么了,zh,heartbreak,0.7929,0.9039,0,0.9276,0.3425,0.1796,0.637,0,0.7017,0.6292,0.9175,0.1284
Taiwan,3AKYofM0vFekNthGbpjMpN,ZQS,这是你期盼的长大吗,unknown,unclassified,0,0,0,0,0,0,0,0,0,0,0,0
Taiwan,5EoV2HmAlkqN1XvsIjOBZZ,Hearts2Hearts,STYLE,ko,empowerment,0.4414,0.1105,0.481,0,0.7999,0.2818,0,0.3697,0.3196,0.1768,0.4701,0.4703
Taiwan,2wzXhxWPX0aODraKNXoJYY,Rene Liu,後來,zh,heartbreak,0.9238,0.7287,0,0.9379,0.4161,0.2159,0.5734,0.2361,0.8242,0.7837,0.6804,0.1202
Taiwan,4FhJ7YSRxATHnaRg4nGs6t,sodagreen,小情歌,zh,love,0.9979,0,0.7301,0,0,0,0,0.2868,0.2872,0.4161,0.9796,0.6116
Taiwan,4oELKeBS6hWwN3CTuN6acA,Ricky Hsiao,末班車,unknown,unclassified,0,0,0,0,0,0,0,0,0,0,0,0
Taiwan,77Y69dj99sTYGAWule3nz8,"Marz23, Faye 詹雯婷",不簡單的歌 (feat. Faye 詹雯婷),unknown,unclassified,0,0,0,0,0,0,0,0,0,0,0,0
Taiwan,4xeugB5MqWh0jwvXZPxahq,WOODZ,Drowning,ko,love,0.9847,0.9561,0,0.9835,0.571,0.1033,0.939,0.2433,0.1968,0.1646,0.984,0
Taiwan,6FpUCVpLvO0QXwsovSfWEa,芒果醬 Mango Jump,我喜歡你,unknown,unclassified,0,0,0,0,0,0,0,0,0,0,0,0
Taiwan,4XipvtwRgtUrGb2j2l0wNG,JOLIN,倒帶,zh,love,0.9658,0.8409,0.2214,0.9412,0.4661,0.2316,0.7995,0.2744,0.2338,0.9153,0.5848,0.238
Taiwan,5sYtvIl1mx9QuIgwC6FDU1,Eason Chan,淘汰,zh,heartbreak,0.909,0.8208,0,0.9611,0,0,0.7181,0,0.1765,0.6779,0.679,0
Taiwan,4xZIMRwaaBx7CZMmM6KLuh,黃小琥,沒那麽簡單,unknown,unclassified,0,0,0,0,0,0,0,0,0,0,0,0
Taiwan,0mGNDAW085Jkn8IbEalZG3,"Ronghao Li, A-Mei Chang",對等關係 (feat. 張惠妹),unknown,unclassified,0,0,0,0,0,0,0,0,0,0,0,0
Taiwan,5sjnkOfTLCLNfkkchI2re2,aespa,UP - KARINA Solo,unknown,unclassified,0,0,0,0,0,0,0,0,0,0,0,0
Taiwan,6439IQyiZV5I7aOo8UREgm,Amazing Show,擋一根,unknown,unclassified,0,0,0,0,0,0,0,0,0,0,0,0
Taiwan,0ONg8VCxzW3CCNDxDY0DNe,Sam Lee,最近,zh,solitude,0.9288,0.6769,0,0.7466,0.1621,0,0.231,0.3178,0,0.9396,0.2874,0
Taiwan,54PbBpquVfhfrwRwvjSXbI,"Charlie Puth, Selena Gomez",We Don't Talk Anymore (feat. Selena Gomez),ar,heartbreak,0.8206,0.9591,0.1083,0.9613,0.3833,0.504,0.894,0,0.7116,0.74,0.8756,0.1381
Taiwan,37xebnhvUyM8VyyDDeo65d,LNGSHOT,Never Let Go,en,angst,0.7261,0.9612,0.2591,0.7978,0.481,0.3164,0.8811,0.3265,0.4985,0.7407,0.8514,0.2864
Taiwan,4D4KVgVNxed4Hd3rGWlCo2,F.I.R.,Lydia,en,solitude,0.982,0.5976,0.9481,0.1911,0.9265,0.453,0,0.4819,0.9491,0.9886,0.9804,0.7622
Taiwan,7IiSESHLOtsoEXTlXa0bjJ,Nicky Lee,想太多,zh,angst,0,0.5602,0,0.1061,0.1678,0,0.143,0,0,0.2177,0,0
Taiwan,4bDJJr7yG31MApWuvEasAo,颜人中,有些,zh,other,0.2266,0.5739,0,0.3418,0.3627,0.1119,0.195,0.1103,0.205,0,0.513,0
Taiwan,7CTitzr4eVIDCPUJi5Dr4B,David Tao,普通朋友,zh,love,0.9941,0.9499,0,0.9866,0.1359,0.1778,0.9867,0,0.1193,0.1447,0.9734,0
Taiwan,1BxfuPKGuaTgP7aM0Bbdwr,Taylor Swift,Cruel Summer,en,passion,0.7905,0.9357,0.1304,0.9033,0.5747,0.3048,0.6768,0,0.4792,0.3597,0.9633,0
Taiwan,5XWlyfo0kZ8LF7VSyfS4Ew,aespa,Drama,en,passion,0.5001,0.5498,0.9849,0.5075,0.611,0.7342,0.496,0.5295,0.5067,0.4991,0.9958,0.4962
Taiwan,63N9fNPJ5kkbvtntCwgIbm,icyball 冰球樂團,能不能和我留在台北（陪我幾天）,unknown,unclassified,0,0,0,0,0,0,0,0,0,0,0,0
Taiwan,51fGtLs5vdK2NOumVhMXru,Wu Bai,夢醒時分,zh,heartbreak,0.8688,0.6382,0,0.9661,0,0.1295,0.678,0,0,0,0.4979,0
Taiwan,70t7Q6AYG6ZgTYmJWcnkUM,IVE,I AM,ko,empowerment,0.5256,0.42,0.8359,0,0.9365,0.193,0,0.8416,0.4321,0.3785,0.8767,0.3583
Taiwan,7iXPSlDdL0EQwPFtUR8ye1,BY2,我知道,zh,heartbreak,0.7409,0.6421,0,0.9377,0.276,0,0.1866,0,0.223,0.3283,0.4234,0
Taiwan,3fEX9NgOeklq816Fw00uoo,XG,HYPNOTIZE,en,passion,0.4992,0.364,0.3306,0,0.5746,0.2915,0.1565,0.2412,0.2517,0.1681,0.7024,0.4539
Taiwan,2VKGO4DNyUK5UxCQB3b3DF,ATEEZ,Adrenaline,ko,passion,0,0.7461,0.4854,0,0.9138,0.3918,0,0,0,0.1879,0.9395,0
Taiwan,25pWemriUQVrZ3yIiS2IBf,Eason Chan,十年,zh,heartbreak,0.3517,0.4776,0,0.9318,0,0,0.2262,0,0.2252,0,0.1432,0
Taiwan,1sl9O7VLwGwdw4iXqnkbDP,Eric Chou,想念你想我,zh,heartbreak,0.8934,0.9623,0.1369,0.9764,0.2287,0,0.4333,0.4913,0.6303,0.2232,0.6662,0.1699
Taiwan,5evE7bweEhX83fd1ZmwPjP,Eric Chou,摯友,zh,heartbreak,0.2446,0.9635,0,0.9768,0.219,0.2274,0.8687,0,0.1752,0.4529,0.8887,0.2307
Taiwan,7a6vvAM1cjAuyVQpqv9pmu,BABYMONSTER,FOREVER,en,angst,0.9004,0.9816,0.646,0.9721,0.857,0.8051,0.4562,0.9042,0.9483,0.7896,0.9441,0.8774
Taiwan,3r8RuvgbX9s7ammBn07D3W,NewJeans,Ditto,ko,nostalgia,0.901,0.9548,0.3983,0.966,0.6977,0.2095,0.6922,0.8832,0.9824,0.2513,0.9005,0.65
Taiwan,6gYS6CQc7UMnj0Ubq3C0QT,马师傅,善后,unknown,unclassified,0,0,0,0,0,0,0,0,0,0,0,0
USA,6ybZUqlfk938oS6WeBmDab,Treaty Oak Revival,Missed Call,en,heartbreak,0.3955,0.8867,0,0.9435,0.3522,0.6455,0.9275,0,0.212,0.6112,0.4188,0.2623
USA,5UJbgR4XF4y1DvbkxEqe8S,Tate McRae,Sports car,en,angst,0.8156,0.9314,0.3271,0.6172,0.7159,0.4011,0.6745,0.448,0.8999,0,0.8172,0.5576
USA,7gKxCvTDWwV9wBhdeBbr3l,Olivia Dean,Nice To Each Other,en,hope,0.7348,0.9476,0.4054,0.5256,0.7395,0.3077,0.3312,0.9534,0.4477,0.2523,0.7079,0
USA,1qRV1dKLOfH1s00b9J2LUQ,Zara Larsson,Midnight Sun,en,nostalgia,0.9333,0.2036,0.884,0.1809,0.9501,0.655,0,0.6452,0.9741,0.9544,0.9168,0.9548
USA,1osfLqL6L2iQsirRf83ded,Riley Green,Worst Way,en,solitude,0.9594,0.6026,0.3957,0,0.769,0.6491,0,0.2498,0.4257,0.9771,0.9601,0.3216
USA,0InIeZW4P6VO7dUGRM4AKH,The Marías,Sienna,en,nostalgia,0.8037,0.8412,0.8066,0.9158,0.7027,0.2055,0.1682,0.61,0.978,0.5701,0.8014,0.4288
USA,2hnMS47jN0etwvFPzYk11f,Sublime,Santeria,en,love,0.9939,0.8545,0.6332,0.9443,0.8846,0.3464,0.235,0.9201,0.6414,0.5328,0.9331,0.3046
USA,7KA4W4McWYRpgf0fWsJZWB,"Tyler, The Creator, Kali Uchis",See You Again (feat. Kali Uchis),es,passion,0.6668,0.4581,0.2961,0.1531,0.3036,0.2386,0,0.2308,0.661,0,0.7901,0.1711
USA,32sx78QsGg6pKXn42XvF9L,Red Hot Chili Peppers,Scar Tissue,en,solitude,0.7244,0.9574,0,0.9692,0.5486,0,0.781,0.1077,0.6595,0.9857,0.8663,0
USA,0bxPRWprUVpQK0UFcddkrA,Kehlani,Folded,en,angst,0.7756,0.9163,0.2658,0.8268,0.85,0.3562,0.5483,0.639,0.5228,0.6549,0.7795,0.2832
USA,3fqwjXwUGN6vbzIwvyFMhx,Chris Stapleton,Tennessee Whiskey,en,love,0.9854,0.4416,0.7236,0.4326,0.6979,0.5151,0.1167,0.541,0.947,0.1455,0.8393,0.761
USA,2za9t2qpWyUpIhnJcwopPt,Luke Combs,Sleepless in a Hotel Room,en,solitude,0.7256,0.959,0.2185,0.9387,0.4122,0.1661,0.83,0.2934,0.8667,0.9874,0.6757,0
USA,04emojnbYkrRmv5qtJcgVP,"Morgan Wallen, Tate McRae",What I Want (feat. Tate McRae),es,empowerment,0.5582,0.382,0.3257,0.4843,0.7777,0.4181,0.2527,0.4456,0.4316,0.2816,0.759,0.5337
USA,45Z3m6yazmAi4jZuW0tzW0,Harry Styles,Aperture,en,love,0.9935,0.4359,0.3304,0,0.9741,0.2397,0,0.4798,0.1177,0,0.938,0
USA,0mflMxspEfB0VbI1kyLiAv,Noah Kahan,Stick Season,en,heartbreak,0.4942,0.9488,0,0.9749,0.4171,0.3375,0.8462,0.4413,0.9248,0.6408,0.5581,0.1456
USA,03auLpFLdCv4HozP4pQseu,Don Toliver,ATM,en,angst,0.105,0.9804,0.1176,0.5705,0.7988,0.3829,0.6139,0,0.4546,0.5453,0.8618,0
USA,5fZJQrFKWQLb7FpJXZ1g7K,Shaboozey,A Bar Song (Tipsy),en,angst,0.2067,0.9549,0,0.2534,0.3941,0.9485,0.3642,0,0.6977,0.1248,0.6828,0
USA,6AI3ezQ4o3HUoP6Dhudph3,Kendrick Lamar,Not Like Us,en,angst,0,0.9317,0,0.4135,0.6069,0.4144,0.4665,0.2635,0.2636,0.2771,0.6578,0
USA,0COqiPhxzoWICwFCS4eZcp,Evanescence,Bring Me To Life,en,despair,0.8555,0.898,0.1765,0.9286,0.8567,0.2894,0.9519,0.8458,0.3166,0.9197,0.5725,0
USA,7FudQLDIYCX6F7ruexVn2X,Ella Langley,Dandelion,en,other,0.6216,0.6395,0.444,0.1978,0.8472,0.1362,0.1287,0.571,0.7162,0.864,0.5664,0.5466
USA,59c2xv2kMzYM6HR9oY6BIa,Malcolm Todd,Sweet Boy,en,solitude,0.5201,0.871,0,0.6091,0.7314,0.2622,0.4198,0.3702,0.5846,0.9878,0.5683,0.3896
USA,2LawezPeJhN4AWuSB0GtAU,Creedence Clearwater Revival,Have You Ever Seen The Rain,en,nostalgia,0,0.4904,0,0.1268,0.336,0,0.3289,0.1006,0.719,0.2071,0.2543,0.1436
USA,5BZsQlgw21vDOAjoqkNgKb,Justin Bieber,DAISIES,en,love,0.9948,0.9709,0.4304,0.9445,0.5175,0.471,0.5715,0.6676,0.6754,0.1338,0.9818,0
USA,0gucTLf7trAf37Ua1uAyAu,Nirvana,Smells Like Teen Spirit,en,relaxing,0,0.9096,0,0,0.1263,0.2663,0.3915,0,0.3798,0,0.2869,0.9307
USA,4EWCNWgDS8707fNSZ1oaA5,Kanye West,Heartless,en,heartbreak,0,0.9271,0,0.9611,0.1061,0,0.9005,0,0,0.8243,0.1272,0
USA,4Z5KKoBGxpJo8YbDcGQXd5,"Don Toliver, Rema",Secondhand (feat. Rema),tr,love,0.9763,0.8693,0.3592,0.5569,0.7293,0.7188,0.3408,0.3896,0.4975,0,0.9475,0
USA,43iIQbw5hx986dUEZbr3eN,Laufey,From The Start,en,heartbreak,0.862,0.9748,0,0.984,0.4086,0.147,0.909,0.2392,0.3696,0.9832,0.8276,0
USA,0TlcczkVTGpinpkGJpT81L,Twenty One Pilots,Drag Path,en,despair,0,0.9935,0,0.9889,0,0.143,0.9939,0,0.5545,0.2211,0.3424,0
USA,5oO3drDxtziYU2H1X23ZIp,Rihanna,Love On The Brain,en,love,0.9898,0.9323,0.598,0.9226,0.8296,0.2734,0.3572,0.5985,0.2609,0,0.9625,0
USA,6d9Cs2D2RSIl9c0ulgnFe8,Don Toliver,Gemstone,en,solitude,0.1147,0.9837,0.1529,0.8939,0.5598,0.6474,0.9251,0.1166,0.6237,0.9982,0.8762,0
USA,0uxSUdBrJy9Un0EYoBowng,Lil Uzi Vert,20 Min,en,angst,0.3074,0.8282,0.1016,0.3514,0.6292,0.4369,0.2033,0,0.3914,0.2085,0.7355,0
USA,0UHB9METy4VCXNgkcGqHqS,Rihanna,Kiss It Better,en,angst,0.9376,0.9749,0.5082,0.9477,0.8375,0.5704,0.8641,0.6985,0.7753,0.4939,0.9325,0.4789
USA,3xKsf9qdS1CyvXSMEid6g8,Frank Ocean,Pink + White,en,nostalgia,0.9435,0.6113,0.6451,0.2618,0.7839,0.171,0.324,0.2526,0.9687,0.3033,0.6411,0.5067
USA,2YiCMmONQcoMPX2bV1LxE0,Tears For Fears,Everybody Wants To Rule The World,en,angst,0.5453,0.9351,0.1638,0.8395,0.8466,0.1081,0.7894,0.1233,0.2655,0.2039,0.6641,0
USA,4ZJ4vzLQekI0WntDbanNC7,Zach Bryan,Pink Skies,en,heartbreak,0.5162,0.777,0.2179,0.7872,0.7526,0.1325,0.4148,0.1271,0.7829,0,0.4911,0
USA,2uwnP6tZVVmTovzX5ELooy,"J. Cole, Miguel",Power Trip (feat. Miguel),fr,angst,0.4838,0.9349,0,0.6728,0.7911,0.6182,0.279,0.2523,0.6157,0.4545,0.7835,0
USA,5AEOqLsRJFAoSS4ay4Jzao,Nirvana,Come As You Are,en,nostalgia,0.1234,0.8842,0.2107,0.2531,0.8893,0.4083,0.5223,0.3984,0.9701,0.8562,0.6818,0.5832
USA,3dYD57lRAUcMHufyqn9GcI,Hozier,Take Me To Church,en,solitude,0.8608,0.8938,0.5974,0.5131,0.8847,0.3391,0.2856,0.7436,0.9716,0.9892,0.8856,0.3357
USA,2wAJTrFhCnQyNSD3oUgTZO,J. Cole,Work Out,en,passion,0.9096,0.8818,0.3231,0.3586,0.8154,0.5758,0,0.7319,0.5918,0.2859,0.979,0.1354
USA,0JXXNGljqupsJaZsgSbMZV,Miguel,Sure Thing,en,love,0.9948,0.5388,0.779,0.3547,0.958,0.5092,0.1987,0.8917,0.7207,0.354,0.9348,0.3571
USA,2M38X60UJnupGPbFTkVPNQ,Brooks & Dunn,Neon Moon,en,solitude,0.7942,0.9227,0,0.9702,0.4302,0.5048,0.8929,0.2777,0.8878,0.9856,0.4868,0.2834
USA,583dMdiUquLMenarTp7PQm,Morgan Wallen,Last Night,en,heartbreak,0.9734,0.9495,0.4352,0.9744,0.7974,0.7239,0.6725,0.9087,0.9169,0.5589,0.9657,0.1663
USA,3VW6HJYa5l0uzGcCRA222P,Baby Keem,Ca$ino,en,angst,0,0.9423,0.1117,0.8384,0.6294,0.3172,0.6581,0,0.4282,0.6014,0.6295,0
USA,3fjmSxt0PskST13CSdBUFx,Linkin Park,Somewhere I Belong,en,solitude,0.1744,0.7904,0.1099,0.7215,0.5813,0.2588,0.7664,0.6467,0.119,0.9622,0.558,0.1373
USA,5EcG8eMMlwkHRVa4aTR1qd,Rihanna,Breakin' Dishes,en,passion,0,0.9925,0.1778,0.6994,0.8229,0.7284,0.4494,0,0.3539,0.8477,0.9969,0
USA,4osgfFTICMkcGbbigdsa53,Frank Ocean,Novacane,en,despair,0.7871,0.839,0.1878,0.7909,0.5503,0.4483,0.8924,0.2095,0.6704,0.338,0.507,0.7625
USA,7DfFc7a6Rwfi3YQMRbDMau,Frank Ocean,Thinkin Bout You,en,angst,0.1793,0.6996,0,0.5722,0.1775,0,0.448,0,0.5889,0,0.3376,0
USA,3azJifCSqg9fRij2yKIbWz,Tory Lanez,The Color Violet,en,heartbreak,0.6975,0.924,0.2305,0.9913,0.4657,0.6808,0.846,0.8786,0.4814,0.9909,0.8973,0
USA,2XHzzp1j4IfTNp1FTn7YFg,"Lil Wayne, Drake, Future",Love Me,en,empowerment,0.7814,0.8105,0.5437,0.5398,0.9382,0.6047,0.3391,0.5608,0.6491,0.3486,0.8959,0.4564
USA,4iZ4pt7kvcaH6Yo8UoZ4s2,SZA,Snooze,en,empowerment,0.5918,0.8428,0.2843,0.1635,0.8765,0.2877,0.2193,0.8494,0.2515,0,0.8579,0.121
USA,6dBUzqjtbnIa1TwYbyw5CM,TV Girl,Lovers Rock,en,love,0.994,0.6781,0,0.5241,0.2731,0.395,0.2053,0,0.1686,0.1797,0.937,0
USA,1LzNfuep1bnAUR9skqdHCK,Mazzy Star,Fade Into You,en,other,0.2056,0.7607,0,0.8337,0.5468,0.1832,0.4791,0,0,0.7538,0.7077,0
USA,19XpFsce28aByvCC4g89tJ,Hozier,Too Sweet,en,solitude,0.2569,0.8983,0,0.4877,0.3982,0,0.1695,0.1481,0.3989,0.9576,0.6844,0.2395
USA,6Jv7kjGkhY2fT4yuBF3aTz,Jeff Buckley,"Lover, You Should've Come Over",en,solitude,0.9835,0.97,0.184,0.9794,0.4748,0.322,0.9184,0.4831,0.9158,0.9973,0.9214,0.2203
USA,2Ui2JtVjnbHZuExldryCOA,Julia Wolf,In My Room,en,heartbreak,0.6281,0.9796,0,0.9856,0.3718,0,0.8874,0,0.952,0.9262,0.934,0
USA,5vPUv0xziXbV4lnWeVNXNq,Malcolm Todd,Roommates,en,solitude,0.8769,0.9215,0,0.9009,0.3294,0.3803,0.7792,0,0.2352,0.9511,0.7176,0
USA,6ZOBP3NvffbU4SZcrnt1k6,3 Doors Down,Kryptonite,en,angst,0.5257,0.9139,0,0.83,0.7345,0.1133,0.7718,0.3525,0.2625,0.4201,0.4801,0.8488
USA,3Gn1zuHNLtGuGEOXwq0k7e,Chris Stapleton,Think I'm In Love With You,en,love,0.9854,0.8093,0.208,0.4742,0.9581,0.2582,0,0.6024,0.5635,0.1484,0.9152,0
USA,2fuYa3Lx06QQJAm0MjztKr,Radiohead,Let Down,en,despair,0,0.9145,0,0.9029,0,0,0.9884,0.2433,0.1138,0,0.2395,0
USA,1HbzxLqpNVPdiBXvpC7Ovb,The Red Clay Strays,Wondering Why,en,love,0.981,0.9492,0.7752,0.448,0.8473,0.1855,0.2348,0.893,0.8285,0.5412,0.9595,0.5813
USA,29iva9idM6rFCPUlu7Rhxl,Justin Bieber,YUKON,en,love,0.9709,0.7859,0.3229,0.7268,0.8534,0.2086,0.1629,0.3944,0.9146,0,0.8701,0.2891
USA,3hxIUxnT27p5WcmjGUXNwx,Hotel Ugly,Shut up My Moms Calling,en,nostalgia,0.5511,0.9109,0,0.939,0.3218,0,0.7488,0.6487,0.9529,0.9186,0.5338,0
USA,0YsIYFRoxkmEvbKCwTp0Tg,Morgan Wallen,20 Cigarettes,en,heartbreak,0.3272,0.4352,0.3484,0.8587,0.6759,0.3958,0,0.1297,0.8375,0.2136,0.843,0
USA,6rY5FAWxCdAGllYEOZMbjW,Joji,SLOW DANCING IN THE DARK,en,angst,0.3048,0.9515,0,0.7674,0.2713,0.1322,0.7332,0,0.2716,0.4742,0.8773,0
USA,6ojiTSzyv2qPMWqyhUKAqz,Red Hot Chili Peppers,Can't Stop,en,other,0.5024,0.8502,0.3661,0.4877,0.7188,0.604,0.1944,0.6139,0.5322,0.119,0.7311,0
USA,3cPoiK69oQ1SdbB2j2ulGm,Olivia Dean,The Hardest Part,en,heartbreak,0.9447,0.9381,0.1452,0.9692,0.7016,0.5013,0.8836,0.6023,0.6947,0.8513,0.7922,0
USA,7fEoXCZTZFosUFvFQg1BmW,King Von,Took Her To The O,en,angst,0,0.8952,0,0.293,0.8033,0.521,0.3614,0,0,0.1362,0.8429,0
USA,1KGi9sZVMeszgZOWivFpxs,TLC,No Scrubs,en,love,0.8926,0.8669,0.2204,0.774,0.7383,0.502,0.7488,0,0.2451,0.6507,0.7096,0.1045
USA,2ENexcMEMsYk0rVJigVD3i,Rihanna,Only Girl (In The World),en,passion,0.9546,0.7196,0.5965,0,0.9278,0.5509,0,0.4733,0.715,0.2752,0.9602,0.2884
USA,2GHKo6nrSjruvBEQbzD7Fw,Don Toliver,Tiramisu,en,passion,0.7349,0.9194,0.2241,0.8442,0.6708,0.494,0.761,0.2312,0.4785,0.3736,0.9454,0.2058
USA,59dLtGBS26x7kc0rHbaPrq,"B.o.B, Bruno Mars",Nothin' on You (feat. Bruno Mars),pt,love,0.899,0.2914,0.2967,0,0.6866,0.1892,0,0.1569,0.3668,0.4004,0.7639,0.1472
USA,1zM8S2pnIclcdTmrfFnWtX,Hudson Westbrook,House Again,en,solitude,0.8547,0.9779,0.2299,0.9789,0.813,0.7837,0.9649,0.2153,0.9532,0.9976,0.7475,0.1414
USA,736PP5LTtREkDgktNmX3Gu,Daniel Caesar,Superpowers,en,empowerment,0.6075,0.4945,0.4682,0,0.9564,0.323,0,0.3655,0.2423,0,0.5865,0.1617
USA,5sHeIGDbdzw8DeO57XZKIy,"Baby Keem, Kendrick Lamar, Momo Boyd",Good Flirts (feat. Kendrick Lamar & Momo Boyd),pt,angst,0.4917,0.9223,0.2327,0.4424,0.5161,0.2365,0.1372,0.1867,0.799,0.1375,0.6034,0
USA,5yvVYFDUpbnjcnRBgjwTzM,"Tame Impala, JENNIE",Dracula - JENNIE Remix,en,other,0.4231,0.4759,0.1757,0.2745,0.4155,0.2749,0.185,0.4762,0.4354,0.2977,0.4646,0
USA,1QFh8OH1e78dGd3VyJZCAC,The Cure,Boys Don't Cry,en,heartbreak,0.8953,0.7318,0.2356,0.9548,0.5083,0.4366,0.6763,0.2409,0.2992,0.7519,0.569,0.2355
USA,1dByUyyoRKL99fJJ6VCQzb,Tate McRae,TIT FOR TAT,en,heartbreak,0.9176,0.9635,0,0.978,0.4757,0.9539,0.9324,0,0.5454,0.9001,0.8796,0.1357
USA,0aB0v4027ukVziUGwVGYpG,"Kendrick Lamar, Lefty Gunplay",tv off (feat. lefty gunplay),tr,angst,0,0.9616,0.1089,0.7618,0.6391,0.2819,0.6565,0,0.1543,0.1906,0.8797,0
USA,5rb9QrpfcKFHM1EUbSIurX,"USHER, Lil Jon, Ludacris",Yeah! (feat. Lil Jon & Ludacris),de,passion,0.3574,0.71,0.2241,0,0.6238,0.7149,0,0.2156,0.2708,0,0.8218,0
USA,36vmaZyO0iAE6FZ7287fg2,Olivia Dean,Dive,en,angst,0.8528,0.9267,0.2037,0.4768,0.8069,0.6,0.5223,0.5314,0.199,0,0.7698,0.4078
USA,2HbKqm4o0w5wEeEFXm2sD4,"Kendrick Lamar, Jay Rock",Money Trees,fr,angst,0.2993,0.8562,0,0.7008,0.4665,0.2728,0.397,0.2783,0.3944,0.4648,0.7797,0
USA,1uvyZBs4IZYRebHIB1747m,Prince,Purple Rain,en,heartbreak,0.8175,0.7729,0.1216,0.8797,0.6696,0.4701,0.3375,0.2168,0.8411,0.5654,0.7803,0.4464
USA,0gEyKnHvgkrkBM6fbeHdwK,The Cranberries,Linger,en,heartbreak,0.904,0.9654,0.1958,0.9734,0.5055,0.3597,0.8734,0.385,0.383,0.1395,0.8866,0
USA,57TEkZN3f84tFJFHFrD4pO,Morgan Wallen,Whiskey Glasses,en,heartbreak,0.3112,0.9115,0,0.9941,0.3382,0.6351,0.957,0,0.3664,0.4016,0.4853,0.3615
USA,4O2rRsoSPb5aN7N3tG6Y3v,Noah Kahan,Northern Attitude,en,solitude,0,0.9166,0,0.7502,0.2902,0.1058,0.8158,0,0.2175,0.9717,0.1729,0.3105
