rank,artist,title,region,spotify_uri,lyrics,lyrics_en,translated_lang,lyrics_en2
6,Crowd Lu,太陽與地球,Taiwan,0bQSWXtpau3VkNI1ZcXTQA,"想守護你所有
回應你包容的溫柔
想用盡一生 陪在你左右是我
曙光和暮暉的夢

短暫如煙火 在懷裡墜落
奔向了星空 到不了心中
有什麼理由 必須要我放手

誰要我們的心 遙遠得像太陽與地球
怎會走到最後 你愛著我卻不屬於我
誰要時間奔走 只能照耀再不能觸碰
最靠近的我們 怎麼繞著繞著就錯過

在偌大銀河中
沒想過像流星交錯
該怎麼原諒讓你哭的人是我
抱歉沒有機會說

最渴望的夢 是你在等我
轟烈在星空 消散在心中
最難忘的人 是永恆地錯過

誰要我們的心 遙遠得像太陽與地球
怎會走到最後 你愛著我卻不屬於我
誰要時間奔走 只能照耀再不能觸碰
最靠近的我們  怎麼繞著繞著各自走

人總要狠狠痛過
才懂我要什麼
捨不得你不再快樂
如果悲傷請你留給我

原來我們的心  頑固地像太陽與地球
以為徹底分開 徹底放手 不曾離開過
我們只是錯過  誰都沒錯都努力愛過
最遙遠的我們  別回頭往幸福一直走","想守護你所有
回應你包容的溫柔
想用盡一生 陪在你左右是我
曙光和暮暉的夢

短暫如煙火 在懷裡墜落
Running towards the starry sky but unable to reach my heart
有什麼理由 必須要我放手

誰要我們的心 遙遠得像太陽與地球
怎會走到最後 你愛著我卻不屬於我
誰要時間奔走 只能照耀再不能觸碰
最靠近的我們 怎麼繞著繞著就錯過

在偌大銀河中
沒想過像流星交錯
該怎麼原諒讓你哭的人是我
抱歉沒有機會說

最渴望的夢 是你在等我
轟烈在星空 消散在心中
最難忘的人 是永恆地錯過

誰要我們的心 遙遠得像太陽與地球
怎會走到最後 你愛著我卻不屬於我
誰要時間奔走 只能照耀再不能觸碰
最靠近的我們  怎麼繞著繞著各自走

人總要狠狠痛過
才懂我要什麼
捨不得你不再快樂
如果悲傷請你留給我

原來我們的心  頑固地像太陽與地球
以為徹底分開 徹底放手 不曾離開過
我們只是錯過  誰都沒錯都努力愛過
最遙遠的我們  別回頭往幸福一直走",zh,"I want to protect all of you,  
Responding to your gentle tolerance.  
I want to spend my whole life  
By your side—  
A dream of dawn and dusk’s glow.  

Brief as fireworks, falling into my embrace,  
Running towards the starry sky but unable to reach my heart.  
What reason is there  
That forces me to let go?  

Who wants our hearts,  
So distant like the sun and the earth?  
How could it end this way—  
You love me but don’t belong to me?  
Who wants time to rush by,  
Only able to shine but never touch?  
We, so close,  
How did we circle around and miss each other?  

In this vast galaxy,  
Never thought like shooting stars crossing paths,  
How could I forgive that the one who made you cry is me?  
Sorry, I never had the chance to say.  

The most longing dream is you waiting for me,  
Burning fiercely in the starry sky, fading within my heart.  
The most unforgettable person is the eternal miss.  

Who wants our hearts,  
So distant like the sun and the earth?  
How could it end this way—  
You love me but don’t belong to me?  
Who wants time to rush by,  
Only able to shine but never touch?  
We, so close,  
How did we circle around and walk apart?  

People must suffer deeply,  
To understand what they truly want.  
Reluctant to see you no longer happy,  
If there’s sorrow, please leave it to me.  

It turns out our hearts  
Are stubborn like the sun and the earth.  
Thinking that complete separation, complete letting go,  
Never truly meant leaving.  
We just missed each other,  
No one’s wrong, we both loved earnestly.  
Our most distant selves—  
Don’t look back, keep walking toward happiness."
11,Khalil Fong,特別的人,Taiwan,0VTzUEuHYD8s7CgQ15cDPo,"愛一個人或許要慷慨
若只想要被愛
最後沒有了對白
必須有你我的情真
不求計分的平等
總有幸福有心疼
生命的起伏要認可

懂一個人也許要忍耐
要經過了意外
才瞭解所謂的愛
今後的歲月
讓我們一起瞭解
多少天長地久
有幾回細水長流

我們是對方特別的人
奮不顧身 難捨難分
不是一般人的認真
若只有一天 愛一個人
讓那時間每一刻在倒退
生命中有萬事的可能
你就是我要遇見的
特別的人

懂一個人也許要忍耐
要經過了意外
才瞭解所謂的愛
今後的歲月
讓我們一起瞭解
多少天長地久
有幾回細水長流

我們是對方特別的人
奮不顧身 難捨難分
不是一般人的認真
若只有一天 愛一個人
讓那時間每一刻在倒退
生命中有萬事的可能
你就是我要遇見的
特別的人

有時候我們都會寂寞
有時也會失敗 怕被淘汰
想去找一個明白
而我曾經多次的等待未來
你何時會來
人山人海總有你的存在
有你我的愛

我們是對方特別的人
奮不顧身 難捨難分
不是一般人的認真
若只有一天 愛一個人
讓那時間每一刻在倒退
生命中有萬事的可能
你就是我要遇見的
特別的人","愛一個人或許要慷慨
若只想要被愛
最後沒有了對白
必須有你我的情真
不求計分的平等
總有幸福有心疼
生命的起伏要認可

懂一個人也許要忍耐
要經過了意外
才瞭解所謂的愛
今後的歲月
讓我們一起瞭解
多少天長地久
有幾回細水長流

我們是對方特別的人
奮不顧身 難捨難分
不是一般人的認真
若只有一天 愛一個人
讓那時間每一刻在倒退
生命中有萬事的可能
你就是我要遇見的
特別的人

懂一個人也許要忍耐
要經過了意外
才瞭解所謂的愛
今後的歲月
讓我們一起瞭解
多少天長地久
有幾回細水長流

我們是對方特別的人
奮不顧身 難捨難分
不是一般人的認真
若只有一天 愛一個人
讓那時間每一刻在倒退
生命中有萬事的可能
你就是我要遇見的
特別的人

有時候我們都會寂寞
有時也會失敗 怕被淘汰
想去找一個明白
而我曾經多次的等待未來
你何時會來
人山人海總有你的存在
有你我的愛

我們是對方特別的人
奮不顧身 難捨難分
不是一般人的認真
若只有一天 愛一個人
讓那時間每一刻在倒退
生命中有萬事的可能
你就是我要遇見的
特別的人",zh,"To love someone may require generosity,  
If you only wish to be loved,  
In the end, there’s no dialogue left.  
There must be true feelings between you and me,  
Not seeking equal scores,  
Happiness and care will always exist,  
We must accept life’s ups and downs.  

To understand someone may require patience,  
Only after facing accidents,  
Can we grasp what love truly means.  
In the years to come,  
Let us understand together,  
How many times does eternity last,  
How often does a gentle stream flow.  

We are special to each other,  
Throwing ourselves in without hesitation, hard to part,  
Not the seriousness of ordinary people.  
If only for one day, to love someone,  
Let every moment in time rewind,  
Life holds endless possibilities,  
You are the special one I must meet.  

To understand someone may require patience,  
Only after facing accidents,  
Can we grasp what love truly means.  
In the years to come,  
Let us understand together,  
How many times does eternity last,  
How often does a gentle stream flow.  

We are special to each other,  
Throwing ourselves in without hesitation, hard to part,  
Not the seriousness of ordinary people.  
If only for one day, to love someone,  
Let every moment in time rewind,  
Life holds endless possibilities,  
You are the special one I must meet.  

Sometimes we all feel lonely,  
Sometimes we fail, afraid of being left behind,  
Wanting to find someone who understands.  
And I have waited many times for the future,  
When will you come?  
Among the crowds, your presence surely exists,  
With you, my love.  

We are special to each other,  
Throwing ourselves in without hesitation, hard to part,  
Not the seriousness of ordinary people.  
If only for one day, to love someone,  
Let every moment in time rewind,  
Life holds endless possibilities,  
You are the special one I must meet."
22,黃奇斌,若無你我欲去佗位,Taiwan,76EfpqmO6JUL2TTR1SIGwz,"若無你我欲去佗位
我愛你毋但彼當時
我盡力習慣沒有你
卻無法放過我自己

咱做伙生活的彼跤皮箱
閣寫有你的名字
親像咱猶原鬥陣
是你將咱的愛情攏變做不得已
是我毋情願你離開

最後 傷的是我 吼的是我 閣放我一個人
你好膽 著應我一聲
夠了 誰又能做選擇 (沒有選擇) 痛過 才懂
最後 咱的一切 無應無回 閣拍無一個家
你講過 咱攏袂改變
哪知 你無欲閣轉來 (無法轉來) 是我 應該

若無你我欲去佗位
我也曾想過去找你

咱談情說愛的彼張相片
閣囥佇我的身邊
親像咱猶原鬥陣
是你將咱的愛情攏變做不得已
是我毋情願你離開

最後 傷的是我 吼的是我 閣放我一個人
你好膽 著應我一聲
夠了 誰又能做選擇 痛過 才懂
最後 咱的一切 無應無回 閣拍無一個家
你講過 咱攏袂改變
哪知 你無欲閣轉來 是我 應該

若無你我欲去佗位
我愛你毋但彼當時
我盡力習慣沒有你","若無你我欲去佗位
我愛你毋但彼當時
我盡力習慣沒有你
卻無法放過我自己

咱做伙生活的彼跤皮箱
閣寫有你的名字
親像咱猶原鬥陣
是你將咱的愛情攏變做不得已
是我毋情願你離開

最後 傷的是我 吼的是我 閣放我一個人
你好膽 著應我一聲
夠了 誰又能做選擇 (沒有選擇) 痛過 才懂
最後 咱的一切 無應無回 閣拍無一個家
你講過 咱攏袂改變
哪知 你無欲閣轉來 (無法轉來) 是我 應該

若無你我欲去佗位
我也曾想過去找你

咱談情說愛的彼張相片
閣囥佇我的身邊
親像咱猶原鬥陣
是你將咱的愛情攏變做不得已
是我毋情願你離開

最後 傷的是我 吼的是我 閣放我一個人
你好膽 著應我一聲
夠了 誰又能做選擇 痛過 才懂
最後 咱的一切 無應無回 閣拍無一個家
你講過 咱攏袂改變
哪知 你無欲閣轉來 是我 應該

若無你我欲去佗位
我愛你毋但彼當時
我盡力習慣沒有你",zh,"If I had no you, where would I go?  
I love you, not just back then.  
I try my best to get used to being without you,  
Yet I cannot let myself go.

The suitcase where we lived together,  
Still bears your name.  
Just like when we were still together,  
You turned our love into a helpless fate,  
I am unwilling to let you leave.

In the end, the one hurt is me, the one crying is me, left all alone.  
If you have the courage, just say a word to me.  
Enough, who can really choose? (No choice) Only through pain do we understand.  
In the end, all we had is gone with no return, no place to call home.  
You said we would never change,  
Who knew you didn’t want to come back? (Unable to return) It’s me who should.

If I had no you, where would I go?  
I once thought about going to find you.

The photo where we spoke of love,  
Still kept close to me.  
Just like when we were still together,  
You turned our love into a helpless fate,  
I am unwilling to let you leave.

In the end, the one hurt is me, the one crying is me, left all alone.  
If you have the courage, just say a word to me.  
Enough, who can really choose? Only through pain do we understand.  
In the end, all we had is gone with no return, no place to call home.  
You said we would never change,  
Who knew you didn’t want to come back? It’s me who should.

If I had no you, where would I go?  
I love you, not just back then.  
I try my best to get used to being without you."
23,"Patrick Brasca, mac ova seas",左轉燈 (1000 Times+1),Taiwan,4UwZyC0wEV6XDEAr9kaQhi,"回憶 降落沒訊號的地方
心入境 在空無一人的機場
留下的謊話 就寫成小說 好嗎
筆下的我是什麼模樣
不想拉扯
身體卻誠實 手還拉著
成為了自己曾經最討厭的那種人

說都說了一千遍 別再見面
卻止不住想念 一再重演
你偷走我習慣的世界怎麼還
算了 我送你我回憶裡的一半
錯都錯了一千遍 就再加一遍
按理說平行線 不應該有交點
在路口打著向左邊轉彎的燈
向右轉

Yeah-yeah, yeah
酒是個壞東西
它操控我拿起了我的手機
左手點開對話框 右手扶到樓梯
今天碰到那個女娃兒很像你
他也穿的球衣
要不要給你發消息
這個想法在我腦殼翻來覆去
太久沒聯繫 現在我不曉得你的坐標
刪除了電話號碼 我不曉得現在是多少
我忘記好多天 像掉進一個圈
I miss you a thousand times
A thousand times plus one
我打的左轉彎的燈 但我在往右轉
愛情是丘比特 他的反面哪個在管
我忘記好多天 像掉進一個圈
I miss you a thousand times
A thousand times plus one

都說了一千遍 別再見面
卻止不住想念 一再重演
你偷走我習慣的世界怎麼還
算了 我送你我回憶裡的一半
錯都錯了一千遍 就再加一遍
按理說平行線 不應該有交點
在路口打著向左邊轉彎的燈
向右轉

Woah-oh-oh
都說了一千遍 都說了一千遍
錯都錯了一千遍 就再加一遍
按理說平行線 不應該有交點
在路口打著向左邊轉彎的燈
向右轉

在路口打著向左邊轉彎的燈
向右轉","回憶 降落沒訊號的地方
心入境 在空無一人的機場
留下的謊話 就寫成小說 好嗎
筆下的我是什麼模樣
Don't want to pull
身體卻誠實 手還拉著
成為了自己曾經最討厭的那種人

說都說了一千遍 別再見面
卻止不住想念 一再重演
你偷走我習慣的世界怎麼還
算了 我送你我回憶裡的一半
錯都錯了一千遍 就再加一遍
按理說平行線 不應該有交點
在路口打著向左邊轉彎的燈
向右轉

Yeah-yeah, yeah
酒是個壞東西
它操控我拿起了我的手機
左手點開對話框 右手扶到樓梯
今天碰到那個女娃兒很像你
The jersey he also wore
要不要給你發消息
這個想法在我腦殼翻來覆去
太久沒聯繫 現在我不曉得你的坐標
刪除了電話號碼 我不曉得現在是多少
我忘記好多天 像掉進一個圈
I miss you a thousand times
A thousand times plus one
我打的左轉彎的燈 但我在往右轉
愛情是丘比特 他的反面哪個在管
我忘記好多天 像掉進一個圈
I miss you a thousand times
A thousand times plus one

都說了一千遍 別再見面
卻止不住想念 一再重演
你偷走我習慣的世界怎麼還
算了 我送你我回憶裡的一半
錯都錯了一千遍 就再加一遍
按理說平行線 不應該有交點
在路口打著向左邊轉彎的燈
向右轉

Woah-oh-oh
都說了一千遍 都說了一千遍
錯都錯了一千遍 就再加一遍
按理說平行線 不應該有交點
在路口打著向左邊轉彎的燈
向右轉

在路口打著向左邊轉彎的燈
向右轉",zh,"Memories descend to a place with no signal  
Heart enters a deserted airport  
The lies left behind, shall I turn them into a novel?  
What image am I beneath the pen?  
Don't want to pull  
But the body is honest, the hand still holding  
Becoming the kind of person I once hated the most  

Said it a thousand times, don't meet again  
Yet can't stop missing, replaying over and over  
You stole the world I was used to, how can it still be  
Forget it, I give you half of my memories  
Mistakes made a thousand times, add one more time  
Logically, parallel lines shouldn't have an intersection  
At the crossroads, the left-turn signal is on  
But I turn right  

Yeah-yeah, yeah  
Alcohol is a bad thing  
It controls me to pick up my phone  
Left hand opens the chat window, right hand leans on the stairs  
Today I met that girl who looks a lot like you  
The jersey he wore too  
Should I send you a message?  
This thought flips and turns in my head  
Haven't contacted for so long, now I don't know your location  
Deleted the phone number, I don't know what it is now  
I forgot for many days, like falling into a loop  
I miss you a thousand times  
A thousand times plus one  
I turned on the left-turn signal, but I’m turning right  
Love is Cupid, who cares about its opposite?  
I forgot for many days, like falling into a loop  
I miss you a thousand times  
A thousand times plus one  

Said it a thousand times, don't meet again  
Yet can't stop missing, replaying over and over  
You stole the world I was used to, how can it still be  
Forget it, I give you half of my memories  
Mistakes made a thousand times, add one more time  
Logically, parallel lines shouldn't have an intersection  
At the crossroads, the left-turn signal is on  
But I turn right  

Woah-oh-oh  
Said it a thousand times, said it a thousand times  
Mistakes made a thousand times, add one more time  
Logically, parallel lines shouldn't have an intersection  
At the crossroads, the left-turn signal is on  
But I turn right  

At the crossroads, the left-turn signal is on  
But I turn right"
24,Jay Chou,擱淺,Taiwan,0cOMncRq4cmDLO4tPQnkBF,"久未放晴的天空
依舊留著你的笑容
哭過 卻無法掩埋歉疚
風箏在陰天擱淺
想念還在等待救援
我拉著線 複習你給的溫柔

曝曬在一旁的寂寞
笑我給不起承諾
怎麼會 怎麼會
你竟原諒了我

我只能永遠讀著對白
讀著我給你的傷害
我原諒不了我
就請你當作我已不在
我睜開雙眼看著空白
忘記你對我的期待
讀完了依賴 我很快就離開

久未放晴的天空
依舊留著你的笑容
哭過 卻無法埋歉
風箏在陰天擱淺
想念還在等待救援
我拉著線 複習你給的溫柔

曝曬在一旁的寂寞
笑我給不起承諾
怎麼會 怎麼會
你竟原諒了我

我只能永遠讀著對白
讀著我給你的傷害
我原諒不了我
就請你當作我已不在
我睜開雙眼看著空白
忘記你對我的期待
讀完了依賴 我很快就
我只能永遠讀著對白
讀著我給你的傷害
我原諒不了我
就請你當作我已不在
我睜開雙眼看著空白
忘記你對我的期待
讀完了依賴 我很快就離開","The sky that has not cleared up for a long time
依舊留著你的笑容
哭過 卻無法掩埋歉疚
風箏在陰天擱淺
想念還在等待救援
我拉著線 複習你給的溫柔

曝曬在一旁的寂寞
笑我給不起承諾
怎麼會 怎麼會
你竟原諒了我

我只能永遠讀著對白
讀著我給你的傷害
我原諒不了我
就請你當作我已不在
我睜開雙眼看著空白
忘記你對我的期待
讀完了依賴 我很快就離開

The sky that has not cleared up for a long time
依舊留著你的笑容
哭過 卻無法埋歉
風箏在陰天擱淺
想念還在等待救援
我拉著線 複習你給的溫柔

曝曬在一旁的寂寞
笑我給不起承諾
怎麼會 怎麼會
你竟原諒了我

我只能永遠讀著對白
讀著我給你的傷害
我原諒不了我
就請你當作我已不在
我睜開雙眼看著空白
忘記你對我的期待
讀完了依賴 我很快就
我只能永遠讀著對白
讀著我給你的傷害
我原諒不了我
就請你當作我已不在
我睜開雙眼看著空白
忘記你對我的期待
讀完了依賴 我很快就離開",zh,"The sky that has not cleared up for a long time  
Still holds your smiling face  
I've cried, yet cannot bury the guilt  
The kite is stranded on a cloudy day  
Longing still waits for rescue  
I pull the string, revisiting the tenderness you gave  

Loneliness basks aside  
Laughing at my inability to promise  
How could it be, how could it be  
That you actually forgave me  

I can only forever read the lines  
Reading the hurt I caused you  
I cannot forgive myself  
So please pretend I am no longer here  
I open my eyes and stare into emptiness  
Forgetting your expectations of me  
Having finished dependence, I will soon depart  

The sky that has not cleared up for a long time  
Still holds your smiling face  
I've cried, yet cannot bury the guilt  
The kite is stranded on a cloudy day  
Longing still waits for rescue  
I pull the string, revisiting the tenderness you gave  

Loneliness basks aside  
Laughing at my inability to promise  
How could it be, how could it be  
That you actually forgave me  

I can only forever read the lines  
Reading the hurt I caused you  
I cannot forgive myself  
So please pretend I am no longer here  
I open my eyes and stare into emptiness  
Forgetting your expectations of me  
Having finished dependence, I will soon—  
I can only forever read the lines  
Reading the hurt I caused you  
I cannot forgive myself  
So please pretend I am no longer here  
I open my eyes and stare into emptiness  
Forgetting your expectations of me  
Having finished dependence, I will soon depart"
27,Bestards,離開的一路上,Taiwan,1NoDTQhJsrd5rnpb6PQthK,"背影逐漸拉開距離
告別所有與你有關的風景
我很努力
回憶的雨裡忍住淚向前進
愛不再是選擇題 當你已經選擇你
再多深刻的曾經都破碎支離
我只剩下我自己

離開的一路上 我沒忘記
你微笑的臉龐
好像是在告訴著我不應該為誰哭
可能你一個人比較幸福
離開的一路上 反覆想起
燦爛的星空下
對彼此許下過什麼 天真的美麗
今後誰也別提起

清醒在無人的島嶼
明白我和你不過就是一場夢境
別輸不起
揹起了傷心 終究要向前進
愛不再是選擇題 當你已經選擇你
那些愛過的證據都失去蹤影
還有什麼能失去

離開的一路上 我沒忘記
你微笑的臉龐
好像是在告訴著我不應該為誰哭
可能你一個人比較幸福
離開的一路上 反覆想起
燦爛的星空下
對彼此許下過什麼天真的美麗
今後誰也別提起


離開的一路上 我沒忘記
你微笑的臉龐
好像是在告訴著我不應該為誰哭
可能你一個人比較幸福
離開的一路上 反覆想起
燦爛的星空下
對彼此許下過什麼天真的美麗
今後誰也別提起
誰也別提起","背影逐漸拉開距離
告別所有與你有關的風景
I work hard
回憶的雨裡忍住淚向前進
愛不再是選擇題 當你已經選擇你
再多深刻的曾經都破碎支離
I only have myself

離開的一路上 我沒忘記
你微笑的臉龐
好像是在告訴著我不應該為誰哭
可能你一個人比較幸福
離開的一路上 反覆想起
燦爛的星空下
對彼此許下過什麼 天真的美麗
今後誰也別提起

清醒在無人的島嶼
明白我和你不過就是一場夢境
別輸不起
揹起了傷心 終究要向前進
愛不再是選擇題 當你已經選擇你
那些愛過的證據都失去蹤影
還有什麼能失去

離開的一路上 我沒忘記
你微笑的臉龐
好像是在告訴著我不應該為誰哭
可能你一個人比較幸福
離開的一路上 反覆想起
燦爛的星空下
對彼此許下過什麼天真的美麗
今後誰也別提起


離開的一路上 我沒忘記
你微笑的臉龐
好像是在告訴著我不應該為誰哭
可能你一個人比較幸福
離開的一路上 反覆想起
燦爛的星空下
對彼此許下過什麼天真的美麗
今後誰也別提起
誰也別提起",zh,"The silhouette gradually drifts away,  
Bidding farewell to all the scenes tied to you.  
I work hard,  
Holding back tears in the rain of memories as I move forward.  

Love is no longer a choice,  
When you have already chosen yourself.  
No matter how deep the past was, it shatters and falls apart.  
I only have myself.  

Along the road of leaving, I haven't forgotten  
Your smiling face,  
As if telling me I shouldn't cry for anyone.  
Maybe you're happier alone.  

Along the road of leaving, I repeatedly recall  
Under the brilliant starry sky,  
What innocent and beautiful promises we made to each other—  
From now on, no one should mention them.  

Awake on a deserted island,  
I realize you and I were nothing but a dream.  
Don't lose to despair,  
Carrying the heartbreak, I must still move forward.  

Love is no longer a choice,  
When you have already chosen yourself.  
All the proof of love once shared has vanished without a trace.  
What else is there to lose?  

Along the road of leaving, I haven't forgotten  
Your smiling face,  
As if telling me I shouldn't cry for anyone.  
Maybe you're happier alone.  

Along the road of leaving, I repeatedly recall  
Under the brilliant starry sky,  
What innocent and beautiful promises we made to each other—  
From now on, no one should mention them.  

Along the road of leaving, I haven't forgotten  
Your smiling face,  
As if telling me I shouldn't cry for anyone.  
Maybe you're happier alone.  

Along the road of leaving, I repeatedly recall  
Under the brilliant starry sky,  
What innocent and beautiful promises we made to each other—  
From now on, no one should mention them,  
No one should mention them."
28,Crowd Lu,一夜一夜一夜,Taiwan,3wofqqt5YJWdhLI9IFaX39,"不關燈就不怕天黑
不看訊息就不怕失眠
再夜長夢多都是思念作祟
不聽歌就不會流淚
那些平常不聽的歌曲
為何每一句都像是我和你

你是我的誰
你不是我的誰
我只能這樣地以為

我一夜一夜一夜
一夜一夜沒闔眼
嘴邊說好想要忘掉的一切
在夜深人靜只會變得更明顯
我也也也
也也會心碎
陽光慢慢透進漆黑的房間
在還沒天亮之前 請你不要對我說再見

你是我的誰
你不是我的誰
又怎麼能 在我的心口不停地徘徊
你是我的誰
你不是我的誰
我只能這樣地以為

我一夜一夜一夜
一夜一夜沒闔眼
嘴邊說好想要忘掉的一切
在夜深人靜只會變得更明顯
我也也也
也也會心碎
陽光慢慢透進漆黑的房間
在還沒天亮之前 請你不要對我說再見

在無邊星球漫漫長夜盡頭
我們曾一起面對

一夜一夜一夜
一夜一夜沒闔眼 (一夜一夜沒闔眼)
我也也也
也也會心碎
我一夜一夜一夜
一夜一夜沒闔眼 (一夜一夜沒闔眼)
陽光慢慢透進漆黑的房間
在還沒天亮之前 請你不要對我說再見

不關燈就不怕天黑
不聽歌就不會流淚","不關燈就不怕天黑
不看訊息就不怕失眠
再夜長夢多都是思念作祟
不聽歌就不會流淚
那些平常不聽的歌曲
為何每一句都像是我和你

你是我的誰
你不是我的誰
我只能這樣地以為

I'm night after night
一夜一夜沒闔眼
嘴邊說好想要忘掉的一切
在夜深人靜只會變得更明顯
Me too
也也會心碎
陽光慢慢透進漆黑的房間
在還沒天亮之前 請你不要對我說再見

你是我的誰
你不是我的誰
又怎麼能 在我的心口不停地徘徊
你是我的誰
你不是我的誰
我只能這樣地以為

I'm night after night
一夜一夜沒闔眼
嘴邊說好想要忘掉的一切
在夜深人靜只會變得更明顯
Me too
也也會心碎
陽光慢慢透進漆黑的房間
在還沒天亮之前 請你不要對我說再見

在無邊星球漫漫長夜盡頭
我們曾一起面對

night after night
一夜一夜沒闔眼 (一夜一夜沒闔眼)
Me too
也也會心碎
I'm night after night
一夜一夜沒闔眼 (一夜一夜沒闔眼)
陽光慢慢透進漆黑的房間
在還沒天亮之前 請你不要對我說再見

不關燈就不怕天黑
不聽歌就不會流淚",zh,"Not turning off the light, so I'm not afraid of the dark  
Not checking messages, so I'm not afraid of sleepless nights  
No matter how long the night, restless dreams are just longing's mischief  
Not listening to songs, so I won't shed tears  
Those songs I usually don't listen to  
Why does every line feel like it's about you and me?  

Who are you to me?  
You're not anyone to me  
All I can do is keep believing this way  

I'm night after night  
Night after night without closing my eyes  
Words on my lips say I want to forget it all  
But in the deep quiet of night, it only becomes clearer  
Me too  
I too will break my heart  
Sunlight slowly seeps into the pitch-black room  
Before dawn breaks, please don't say goodbye to me  

Who are you to me?  
You're not anyone to me  
How can you keep wandering endlessly in my heart?  
Who are you to me?  
You're not anyone to me  
All I can do is keep believing this way  

I'm night after night  
Night after night without closing my eyes  
Words on my lips say I want to forget it all  
But in the deep quiet of night, it only becomes clearer  
Me too  
I too will break my heart  
Sunlight slowly seeps into the pitch-black room  
Before dawn breaks, please don't say goodbye to me  

At the endless planet's long night’s end  
We once faced it together  

Night after night  
Night after night without closing my eyes (night after night without closing my eyes)  
Me too  
I too will break my heart  
I'm night after night  
Night after night without closing my eyes (night after night without closing my eyes)  
Sunlight slowly seeps into the pitch-black room  
Before dawn breaks, please don't say goodbye to me  

Not turning off the light, so I'm not afraid of the dark  
Not listening to songs, so I won't shed tears"
32,EggPlantEgg,閣愛妳一擺,Taiwan,4Zwn8WxD61diTwqv9hyTQA,"過了盈暗 欲和別人結婚
聽講妳已經有 別人的子孫
結果嘛是行到最後一步
著是妳有翁 我猶袂有某
想起彼時 妳是歹甲有賰
拄著我是 妳好命的天份
結果嘛是行到最後一步
著是越頭走 莫閣再耽誤

毋知妳是佇佗位
我想欲 聽妳溫柔的聲音 (Oh)
以後我會當做毋捌妳
無咱的過去

若是彼工 是我來牽起妳的手
著毋是這馬 是伊來完成妳的要求
若是彼工 是我對愛情無相讓
妳敢會轉來 做伙的所在
我愛妳無問題 問題是妳毋是我的
我有影毋知好歹 閣想欲愛妳一擺

過了盈暗 欲和別人結婚
聽講妳已經有 別人的子孫
結果嘛是行到最後一步
著是妳有翁 我猶袂有某

毋知妳是佇佗位
我想欲聽妳溫柔的聲音
以後我會當做毋捌妳
無咱的過去

若是彼工 是我來牽起妳的手
著毋是這馬 是伊來完成妳的要求
若是彼工 是我對愛情無相讓
妳敢會轉來 做伙的所在
我愛妳無問題 問題是妳毋是我的
我有影毋知好歹 閣想欲愛妳一擺
若是彼工 是我來牽起妳的手
(著毋是這馬 是伊來完成妳的要求)
若是彼工 是我對愛情無相讓
(妳敢會轉來 做伙的所在)
我愛妳無問題 問題是妳毋是我的
我有影毋知好歹 閣想欲愛妳一擺

閣愛妳一擺 閣愛妳一擺 閣愛妳一擺
閣愛妳一擺 閣愛妳一擺 閣愛妳一擺
閣愛妳一擺 閣愛妳一擺 閣愛妳一擺","過了盈暗 欲和別人結婚
聽講妳已經有 別人的子孫
結果嘛是行到最後一步
著是妳有翁 我猶袂有某
想起彼時 妳是歹甲有賰
拄著我是 妳好命的天份
結果嘛是行到最後一步
著是越頭走 莫閣再耽誤

毋知妳是佇佗位
我想欲 聽妳溫柔的聲音 (Oh)
以後我會當做毋捌妳
無咱的過去

若是彼工 是我來牽起妳的手
著毋是這馬 是伊來完成妳的要求
若是彼工 是我對愛情無相讓
妳敢會轉來 做伙的所在
我愛妳無問題 問題是妳毋是我的
我有影毋知好歹 閣想欲愛妳一擺

過了盈暗 欲和別人結婚
聽講妳已經有 別人的子孫
結果嘛是行到最後一步
著是妳有翁 我猶袂有某

毋知妳是佇佗位
我想欲聽妳溫柔的聲音
以後我會當做毋捌妳
無咱的過去

若是彼工 是我來牽起妳的手
著毋是這馬 是伊來完成妳的要求
若是彼工 是我對愛情無相讓
妳敢會轉來 做伙的所在
我愛妳無問題 問題是妳毋是我的
我有影毋知好歹 閣想欲愛妳一擺
若是彼工 是我來牽起妳的手
(著毋是這馬 是伊來完成妳的要求)
若是彼工 是我對愛情無相讓
(妳敢會轉來 做伙的所在)
我愛妳無問題 問題是妳毋是我的
我有影毋知好歹 閣想欲愛妳一擺

閣愛妳一擺 閣愛妳一擺 閣愛妳一擺
閣愛妳一擺 閣愛妳一擺 閣愛妳一擺
閣愛妳一擺 閣愛妳一擺 閣愛妳一擺",zh,"After the twilight fades, you want to marry someone else  
I heard you already have another's children  
In the end, we reached the final step  
You have a husband, but I still have no wife  

Thinking back then, you were harsh but still had kindness  
Relying on me was your fortunate fate  
In the end, we reached the final step  
Better to turn away now, don’t delay anymore  

I don’t know where you are  
I want to hear your gentle voice (Oh)  
From now on, I will pretend I never knew you  
No past between us  

If back then, I had held your hand  
Instead of now, when he fulfills your demands  
If back then, I had never yielded in love  
Would you turn back to where we belong?  
I love you without question, the problem is you’re not mine  
I truly don’t know right or wrong, yet still want to love you once more  

After the twilight fades, you want to marry someone else  
I heard you already have another's children  
In the end, we reached the final step  
You have a husband, but I still have no wife  

I don’t know where you are  
I want to hear your gentle voice  
From now on, I will pretend I never knew you  
No past between us  

If back then, I had held your hand  
Instead of now, when he fulfills your demands  
If back then, I had never yielded in love  
Would you turn back to where we belong?  
I love you without question, the problem is you’re not mine  
I truly don’t know right or wrong, yet still want to love you once more  

If back then, I had held your hand  
(Instead of now, when he fulfills your demands)  
If back then, I had never yielded in love  
(Would you turn back to where we belong?)  
I love you without question, the problem is you’re not mine  
I truly don’t know right or wrong, yet still want to love you once more  

Love you once more, love you once more, love you once more  
Love you once more, love you once more, love you once more  
Love you once more, love you once more, love you once more"
33,Stefanie Sun,遇見,Taiwan,3xJK8ywApYVEYIDhymYMC6,"聽見 冬天 的離開
我在某年某月醒過來
我想 我等 我期待
未來卻不能因此安排
陰天 傍晚 車窗外
未來有一個人在等待
向左 向右 向前看
愛要拐幾個彎才來

我遇見誰 會有怎樣的對白
我等的人 他在多遠的未來
我聽見風 來自地鐵和人海
我排著隊 拿著愛的號碼牌

陰天 傍晚 車窗外
未來有一個人在等待
向左 向右 向前看
愛要拐幾個彎才來

我遇見誰 會有怎樣的對白
我等的人 他在多遠的未來
我聽見風 來自地鐵和人海
我排著隊 拿著愛的號碼牌


我往前飛 飛過一片時間海
我們也曾 在愛情裡受傷害
我看著路 夢的入口有點窄
我遇見你 是最美麗的意外

總有一天 我的謎底會揭開","聽見 冬天 的離開
我在某年某月醒過來
I think, I wait, I look forward to it
未來卻不能因此安排
陰天 傍晚 車窗外
未來有一個人在等待
Look left, right, forward
愛要拐幾個彎才來

我遇見誰 會有怎樣的對白
我等的人 他在多遠的未來
我聽見風 來自地鐵和人海
我排著隊 拿著愛的號碼牌

陰天 傍晚 車窗外
未來有一個人在等待
Look left, right, forward
愛要拐幾個彎才來

我遇見誰 會有怎樣的對白
我等的人 他在多遠的未來
我聽見風 來自地鐵和人海
我排著隊 拿著愛的號碼牌


我往前飛 飛過一片時間海
我們也曾 在愛情裡受傷害
我看著路 夢的入口有點窄
我遇見你 是最美麗的意外

總有一天 我的謎底會揭開",zh,"Hearing the departure of winter,  
I woke up in some year, some month.  
I think, I wait, I look forward to it,  
Yet the future cannot be arranged because of this.  

On a cloudy evening, outside the car window,  
Someone is waiting in the future.  
Look left, right, forward—  
How many turns must love take before it arrives?  

Who will I meet, and what kind of dialogue will we have?  
The one I wait for, how far in the future is he?  
I hear the wind, coming from the subway and the sea of people,  
I stand in line, holding a number ticket of love.  

On a cloudy evening, outside the car window,  
Someone is waiting in the future.  
Look left, right, forward—  
How many turns must love take before it arrives?  

Who will I meet, and what kind of dialogue will we have?  
The one I wait for, how far in the future is he?  
I hear the wind, coming from the subway and the sea of people,  
I stand in line, holding a number ticket of love.  

I fly forward, flying over a sea of time,  
We have also been hurt in love.  
I look at the road; the entrance to dreams is a bit narrow,  
Meeting you was the most beautiful surprise.  

One day, my mystery will be unveiled."
35,Stefanie Sun,我懷念的,Taiwan,7z2M7DsEjZjwXBkWG3zd21,"我問為什麼 那女孩傳簡訊給我
而你為什麼 不解釋低著頭沉默
我該相信你很愛我 不願意敷衍我
還是明白你已不想挽回什麼
想問為什麼 我不再是你的快樂
可是為什麼 卻苦笑說我都懂了
自尊常常將人拖著 把愛都走曲折
假裝了解是怕 真相太赤裸裸
狼狽比失去難受

我懷念的 是無話不說
我懷念的 是一起作夢
我懷念的 是爭吵以後
還是想要愛你的衝動
我記得那年生日
也記得那一首歌
記得那片星空
最緊的右手 最暖的胸口 (Ooh, ooh)

誰記得 誰忘了

想問為什麼 我不再是你的快樂
可是為什麼 卻苦笑說我都懂了
自尊常常將人拖著 把愛都走曲折 (Ah-ah, hah-ah-ah)
假裝了解是怕 真相太赤裸裸 (Hah-ah-ah)
狼狽比失去難受

我懷念的 是無話不說
我懷念的 是一起作夢
我懷念的 是爭吵以後 (Uh, 爭吵以後)
還是想要愛你的衝動
我記得那年生日 也記得那一首歌
記得那片星空 最緊的右手 最暖的胸口
誰忘了
我懷念的 是無言感動
我懷念的 是絕對熾熱
我懷念的 是你很激動
求我原諒抱得我都痛
我記得你在背後 也記得我顫抖著
記得感覺洶湧 最美的煙火 最長的相擁

誰愛得太自由 (誰愛得太自由)
誰過頭太遠了 (誰過頭太遠了)
誰要走我的心 (誰要走我的心)
誰忘了那就是承諾
誰自顧自地走 (誰自顧自地走)
誰忘了看著我 (誰忘了看著我)
誰讓愛變沉重 (誰讓愛變沉重)
誰忘了要給你溫柔

Woah, ooh, woah
我懷念的
我還有想要愛你的衝動
我記得那年生日 也記得那一首歌
記得那片星空 最緊的右手 最暖的胸口

我放手
我讓座
假灑脫
誰懂我多麼不捨得
太愛了
所以我
沒有哭
沒有說","我問為什麼 那女孩傳簡訊給我
而你為什麼 不解釋低著頭沉默
我該相信你很愛我 不願意敷衍我
還是明白你已不想挽回什麼
想問為什麼 我不再是你的快樂
可是為什麼 卻苦笑說我都懂了
自尊常常將人拖著 把愛都走曲折
假裝了解是怕 真相太赤裸裸
狼狽比失去難受

我懷念的 是無話不說
我懷念的 是一起作夢
我懷念的 是爭吵以後
還是想要愛你的衝動
我記得那年生日
也記得那一首歌
記得那片星空
最緊的右手 最暖的胸口 (Ooh, ooh)

誰記得 誰忘了

想問為什麼 我不再是你的快樂
可是為什麼 卻苦笑說我都懂了
自尊常常將人拖著 把愛都走曲折 (Ah-ah, hah-ah-ah)
假裝了解是怕 真相太赤裸裸 (Hah-ah-ah)
狼狽比失去難受

我懷念的 是無話不說
我懷念的 是一起作夢
我懷念的 是爭吵以後 (Uh, 爭吵以後)
還是想要愛你的衝動
我記得那年生日 也記得那一首歌
記得那片星空 最緊的右手 最暖的胸口
誰忘了
我懷念的 是無言感動
我懷念的 是絕對熾熱
我懷念的 是你很激動
求我原諒抱得我都痛
我記得你在背後 也記得我顫抖著
記得感覺洶湧 最美的煙火 最長的相擁

誰愛得太自由 (誰愛得太自由)
誰過頭太遠了 (誰過頭太遠了)
誰要走我的心 (誰要走我的心)
誰忘了那就是承諾
誰自顧自地走 (誰自顧自地走)
誰忘了看著我 (誰忘了看著我)
誰讓愛變沉重 (誰讓愛變沉重)
誰忘了要給你溫柔

Woah, ooh, woah
我懷念的
我還有想要愛你的衝動
我記得那年生日 也記得那一首歌
記得那片星空 最緊的右手 最暖的胸口

I let go
我讓座
假灑脫
誰懂我多麼不捨得
太愛了
so i
沒有哭
沒有說",zh,"I ask why that girl is texting me,  
And why you stay silent, head bowed, no explanation.  
Should I believe you love me deeply, unwilling to be careless,  
Or understand that you no longer want to save anything?  

I want to ask why I’m no longer your happiness,  
But why do you bitterly smile and say you understand it all?  
Pride often drags people along, twisting love’s path,  
Pretending to understand, afraid the truth is too bare.  
Embarrassment hurts more than loss.  

What I miss is the endless talks,  
What I miss is dreaming together,  
What I miss is after the quarrels,  
Still wanting the impulse to love you.  
I remember that birthday year,  
Also remember that song,  
Remember that starry sky,  
The tightest right hand, the warmest chest.  

Who remembers, who forgets?  

I want to ask why I’m no longer your happiness,  
But why do you bitterly smile and say you understand it all?  
Pride often drags people along, twisting love’s path,  
Pretending to understand, afraid the truth is too bare.  
Embarrassment hurts more than loss.  

What I miss is the endless talks,  
What I miss is dreaming together,  
What I miss is after the quarrels,  
Still wanting the impulse to love you.  
I remember that birthday year, also remember that song,  
Remember that starry sky, the tightest right hand, the warmest chest.  
Who forgets?  

What I miss is the silent emotions,  
What I miss is the absolute passion,  
What I miss is your intense feelings,  
Begging for forgiveness, holding me until it hurts.  
I remember you behind me, also remember my trembling,  
Remember the surging feelings, the most beautiful fireworks, the longest embrace.  

Who loves too freely? (Who loves too freely?)  
Who goes too far? (Who goes too far?)  
Who wants to take my heart? (Who wants to take my heart?)  
Who forgets that was a promise?  
Who walks away on their own? (Who walks away on their own?)  
Who forgets to look at me? (Who forgets to look at me?)  
Who makes love heavy? (Who makes love heavy?)  
Who forgets to give you tenderness?  

Woah, ooh, woah,  
What I miss—  
I still want the impulse to love you.  
I remember that birthday year, also remember that song,  
Remember that starry sky, the tightest right hand, the warmest chest.  

I let go,  
I gave up my seat,  
Pretending to be carefree,  
Who understands how reluctant I am?  
Loved too much,  
So I  
Didn’t cry,  
Didn’t speak."
38,Khalil Fong,愛愛愛,Taiwan,59lBAMCis4C6NsPdUV35Vz,"在 哪裡記載 第一個桃花賊
誰在 哪裡典賣 第一支紫玉釵
我在 這裡見怪更怪
見過電影裡面人家的海 更想去看海
唱過人家的愛 更想找愛

你哭起來 我笑起來
都為了 愛愛愛
有一天翻開辭海找不到愛
花不開 樹不擺 還是更暢快
愛 還是會期待
還是覺得孤單太失敗 Woah
我愛故我在

Ooh-hoo, ooh-hoo, yeah, yeah, yeah
Oh, oh, oh, oh, oh, oh

找到愛 幸福的人 肯不肯躲起來
正在 寂寞的人 能不能站起來
我在 (Ooh, ooh) 這裡陪你無奈 Yeah
看過小說裡面人家等待 更習慣等待
唱過人家的愛 更想找愛

你喊出來 我靜下來
都為了 愛愛愛
有一天翻開辭海找不到愛
花不開 樹不擺 還是更暢快
愛 還是會期待
還是覺得孤單太失敗 Woah
我愛故我在

揮不出滿天滿地的塵埃
買不起滿街口袋的品牌
你悶起來 我傻起來 可以愛
會不會整個時代只有一個告白
誰不愛過不存在

不明不白 不分好歹
都為了 愛愛愛
有一天翻開辭海找不到愛
花不開 樹不擺 還是更暢快
愛 還是會期待
還是覺得孤單太失敗 Woah
我愛故我在 (Hey yeah, hoo) Ooh, hoo","在 哪裡記載 第一個桃花賊
誰在 哪裡典賣 第一支紫玉釵
我在 這裡見怪更怪
見過電影裡面人家的海 更想去看海
唱過人家的愛 更想找愛

你哭起來 我笑起來
都為了 愛愛愛
有一天翻開辭海找不到愛
花不開 樹不擺 還是更暢快
愛 還是會期待
還是覺得孤單太失敗 Woah
我愛故我在

Ooh-hoo, ooh-hoo, yeah, yeah, yeah
Oh, oh, oh, oh, oh, oh

找到愛 幸福的人 肯不肯躲起來
正在 寂寞的人 能不能站起來
我在 (Ooh, ooh) 這裡陪你無奈 Yeah
看過小說裡面人家等待 更習慣等待
唱過人家的愛 更想找愛

你喊出來 我靜下來
都為了 愛愛愛
有一天翻開辭海找不到愛
花不開 樹不擺 還是更暢快
愛 還是會期待
還是覺得孤單太失敗 Woah
我愛故我在

揮不出滿天滿地的塵埃
買不起滿街口袋的品牌
你悶起來 我傻起來 可以愛
會不會整個時代只有一個告白
誰不愛過不存在

Don't know what's good or bad, what's good or bad
都為了 愛愛愛
有一天翻開辭海找不到愛
花不開 樹不擺 還是更暢快
愛 還是會期待
還是覺得孤單太失敗 Woah
我愛故我在 (Hey yeah, hoo) Ooh, hoo",zh,"Where is it recorded, the first peach blossom thief?  
Who, where, sold the first purple jade hairpin?  
Here I am, finding it stranger and stranger,  
Having seen the seas in movies at others’ homes, I long even more to see the sea.  
Having sung of others’ love, I yearn even more to find love.  

You cry, I laugh,  
All for love, love, love.  
One day, opening the sea of words, I find no love.  
Flowers don’t bloom, trees don’t sway, yet it feels freer still.  
Love still holds hope,  
Still feels loneliness is too much of a failure. Woah.  
I love, therefore I am.  

Ooh-hoo, ooh-hoo, yeah, yeah, yeah  
Oh, oh, oh, oh, oh, oh  

Those who find love, the happy ones, will they hide away?  
Those who are lonely, can they stand up?  
Here I am (Ooh, ooh), staying with you in helplessness. Yeah.  
Having seen the waiting in novels at others’ homes, I grow more used to waiting.  
Having sung of others’ love, I yearn even more to find love.  

You shout out, I quiet down,  
All for love, love, love.  
One day, opening the sea of words, I find no love.  
Flowers don’t bloom, trees don’t sway, yet it feels freer still.  
Love still holds hope,  
Still feels loneliness is too much of a failure. Woah.  
I love, therefore I am.  

Cannot wave away the dust filling sky and earth,  
Cannot afford the branded bags on every street corner.  
You sulk, I act foolish, yet love is possible.  
Could it be that in this whole era there is only one confession?  
Who hasn’t loved what doesn’t exist?  

Don’t know what’s good or bad, what’s good or bad,  
All for love, love, love.  
One day, opening the sea of words, I find no love.  
Flowers don’t bloom, trees don’t sway, yet it feels freer still.  
Love still holds hope,  
Still feels loneliness is too much of a failure. Woah.  
I love, therefore I am. (Hey yeah, hoo) Ooh, hoo"
41,Bestards,不是因為天氣晴朗才愛你,Taiwan,2VEt42QSQxILgEf9B50xxm,"不是因為天氣晴朗才愛你
不是因為看見星星才想你
不是因為剛好沒有別的事
才一直 一直 一直
在腦海裡複習
擁抱你 什麼角度最合適

其實我 常會想像我們老了的樣子
左邊牽著手 右手拉小狗
可能還有很多小孩子
其實我 不是因為好天氣才這麼說
牽著你走過 大雨盛開水花的路口
也是我一樣喜歡的夢

不是因為天氣晴朗才愛你
不是因為看見星星才想你
不是因為剛好沒有別的事
才一直 一直 一直
在腦海裡複習
擁抱你 什麼角度最合適

其實我 常會想像我們老了的樣子
左邊牽著手 右手拉小狗
可能還有很多小孩子
其實我 不是因為好天氣才這麼說
牽著你走過 大雨盛開水花的路口
也是我一樣喜歡的夢

牽著你走過 大雨盛開水花的路口
也是我一樣喜歡的夢
Mm","不是因為天氣晴朗才愛你
不是因為看見星星才想你
不是因為剛好沒有別的事
Just all the time all the time
在腦海裡複習
擁抱你 什麼角度最合適

其實我 常會想像我們老了的樣子
左邊牽著手 右手拉小狗
可能還有很多小孩子
其實我 不是因為好天氣才這麼說
牽著你走過 大雨盛開水花的路口
也是我一樣喜歡的夢

不是因為天氣晴朗才愛你
不是因為看見星星才想你
不是因為剛好沒有別的事
Just all the time all the time
在腦海裡複習
擁抱你 什麼角度最合適

其實我 常會想像我們老了的樣子
左邊牽著手 右手拉小狗
可能還有很多小孩子
其實我 不是因為好天氣才這麼說
牽著你走過 大雨盛開水花的路口
也是我一樣喜歡的夢

牽著你走過 大雨盛開水花的路口
也是我一樣喜歡的夢
Mm",zh,"It's not because the weather is clear that I love you  
It's not because I see the stars that I miss you  
It's not because there's nothing else to do  
Just all the time, all the time  
Replaying in my mind  
Embracing you, wondering which angle fits best  

Actually, I often imagine us when we're old  
Holding hands on the left, pulling the dog with the right  
Maybe with many children around  
Actually, it's not because the weather is fine that I say this  
Holding your hand as we cross the intersection where rain blooms in splashes  
That's a dream I love just the same  

It's not because the weather is clear that I love you  
It's not because I see the stars that I miss you  
It's not because there's nothing else to do  
Just all the time, all the time  
Replaying in my mind  
Embracing you, wondering which angle fits best  

Actually, I often imagine us when we're old  
Holding hands on the left, pulling the dog with the right  
Maybe with many children around  
Actually, it's not because the weather is fine that I say this  
Holding your hand as we cross the intersection where rain blooms in splashes  
That's a dream I love just the same  

Holding your hand as we cross the intersection where rain blooms in splashes  
That's a dream I love just the same  
Mm"
43,Amazing Show,愛情的大壞蛋,Taiwan,5HVq8nS0pbM6G7YK8M7DY4,"我在情歌的尾奏 落在琴聲的最後
活該今生的罪疚 默哀硬撐著淚流
想要夢見你 重建你 容顏已走遠
在不真實的空間裡好好再愛一遍
Oh, 或許這就是所謂心痛
或許我不曾真的心痛
或許這次我認真了 這次是真的愛了

就當作我是愛情的大壞蛋 不需要你原諒我
背後為你流的淚 就當我自作自受
就因為我是愛情的大壞蛋 愛情的小偷
請忘記我 讓我寂寞

今晚沒夢見你 是因為睡不著
情節像爛電影 而我不是主角
看著剪影出竅 你走遠聽不到
我只能抽著菸 兜著圈 收著淚 又一遍畫夜
我會把你的故事折成紙鶴
讓他飛到銀河
不再唱為你寫的歌 反正你不會聽了
我是真的不愛了


就當作我是愛情的大壞蛋 不需要你原諒我
背後為你流的淚 就當我自作自受
就因為我是愛情的大壞蛋 愛情的小偷
請忘記我 讓我寂寞

我在情歌的尾奏 落在琴聲的最後
活該今生的罪疚 默哀硬撐著淚流
想要夢見你 重建你 容顏已走遠
在不真實的空間裡好好再愛一遍

今晚我摧毀了最美的未曾愛過
儘管我卑微的淚水徹夜碎成敗破
就當我沒愛過 就當我沒愛過
我不配你愛我 我不配你愛我

我會把你的故事折成紙鶴
讓他飛到銀河
就當我沒愛過 就當我沒愛過
我不配你愛我 我不配你愛我","我在情歌的尾奏 落在琴聲的最後
活該今生的罪疚 默哀硬撐著淚流
想要夢見你 重建你 容顏已走遠
在不真實的空間裡好好再愛一遍
Oh, 或許這就是所謂心痛
或許我不曾真的心痛
或許這次我認真了 這次是真的愛了

就當作我是愛情的大壞蛋 不需要你原諒我
背後為你流的淚 就當我自作自受
就因為我是愛情的大壞蛋 愛情的小偷
請忘記我 讓我寂寞

今晚沒夢見你 是因為睡不著
情節像爛電影 而我不是主角
看著剪影出竅 你走遠聽不到
我只能抽著菸 兜著圈 收著淚 又一遍畫夜
我會把你的故事折成紙鶴
讓他飛到銀河
不再唱為你寫的歌 反正你不會聽了
我是真的不愛了


就當作我是愛情的大壞蛋 不需要你原諒我
背後為你流的淚 就當我自作自受
就因為我是愛情的大壞蛋 愛情的小偷
請忘記我 讓我寂寞

我在情歌的尾奏 落在琴聲的最後
活該今生的罪疚 默哀硬撐著淚流
想要夢見你 重建你 容顏已走遠
在不真實的空間裡好好再愛一遍

今晚我摧毀了最美的未曾愛過
儘管我卑微的淚水徹夜碎成敗破
就當我沒愛過 就當我沒愛過
我不配你愛我 我不配你愛我

我會把你的故事折成紙鶴
讓他飛到銀河
就當我沒愛過 就當我沒愛過
我不配你愛我 我不配你愛我",zh,"I linger at the coda of the love song, fading with the last notes of the piano,  
Deserving the guilt of this lifetime, silently mourning, holding back tears that flow.  
I want to dream of you, rebuild you, but your face has drifted far away,  
In this unreal space, I long to love once more, properly this time.  

Oh, perhaps this is what they call heartbreak,  
Perhaps I never truly felt the pain,  
Perhaps this time I was serious, this time I truly loved.  

Just consider me the villain of love, no need for your forgiveness,  
The tears I shed behind your back, just think of them as my own doing,  
Because I am the villain of love, the thief of affection,  
Please forget me, leave me in my loneliness.  

Tonight I didn’t dream of you because I couldn’t fall asleep,  
The plot feels like a bad movie, and I’m not the leading role,  
Watching your silhouette slip away, you walk far beyond my reach,  
I can only smoke, circle around, hold back tears, and paint the night once again.  
I will fold your story into a paper crane,  
Let it fly to the Milky Way,  
No longer singing the songs I wrote for you, since you won’t listen anymore,  
I truly have stopped loving.  

Just consider me the villain of love, no need for your forgiveness,  
The tears I shed behind your back, just think of them as my own doing,  
Because I am the villain of love, the thief of affection,  
Please forget me, leave me in my loneliness.  

I linger at the coda of the love song, fading with the last notes of the piano,  
Deserving the guilt of this lifetime, silently mourning, holding back tears that flow.  
I want to dream of you, rebuild you, but your face has drifted far away,  
In this unreal space, I long to love once more, properly this time.  

Tonight I destroyed the most beautiful love I never had,  
Though my humble tears shattered and broke through the night,  
Just pretend I never loved, just pretend I never loved,  
I don’t deserve your love, I don’t deserve your love.  

I will fold your story into a paper crane,  
Let it fly to the Milky Way,  
Just pretend I never loved, just pretend I never loved,  
I don’t deserve your love, I don’t deserve your love."
51,张远,看着我的眼睛说,Taiwan,7d6eShN6yVeR4Y2Md9uCA4,"今天你生日我準備了好多
也把驚喜偷偷藏口袋左側
只等你回家 我就陪你過
再把準備很久的話對你說

天空好像隱隱要下起雨了
我們坐在沙發上彼此沉默
我問你為什麽說分手 是我哪有錯
你說我很好 只是他回來了

來 你看著我的眼睛說
你從沒愛過我
再看著我的眼睛說
你一點都不難過
我雖然沒那麽懂事
但絕不攔你這一次
如果你說 想要回到有他在的城市

來 你看著我的眼睛說
你從沒愛過我
再看著我的眼睛說
你一點都不難過
我攥緊手裡的戒指
它本該有一個名字（有一個名字）
如果你生日願望是回到他身旁
我幫你這最後一次

明明說好去看好多風景的
吹著海風聽你最愛聽的歌
可那些承諾 換個人也能做
他憑什麽這麽簡單 就能贏了我

來 你看著我的眼睛說
你從沒愛過我
再看著我的眼睛說
你一點都不難過
我雖然沒那麽懂事
但絕不攔你這一次
如果你說 想要回到有他在的城市

來 你看著我的眼睛說
你從沒愛過我
再看著我的眼睛說
你一點都不難過
我攥緊手裡的戒指（手裡的戒指）
它本該有一個名字（它該有個名字）
如果你生日願望是回到他身旁
我幫你這最後一次

來 你看著我的眼睛說
再看著我的眼睛說
你看著我的眼睛說
你從沒愛過我

那是段美好的回憶
只是差了一個結局
請記得我曾認認真真的愛過
該遺憾的不是我","今天你生日我準備了好多
也把驚喜偷偷藏口袋左側
只等你回家 我就陪你過
再把準備很久的話對你說

天空好像隱隱要下起雨了
我們坐在沙發上彼此沉默
我問你為什麽說分手 是我哪有錯
你說我很好 只是他回來了

來 你看著我的眼睛說
你從沒愛過我
再看著我的眼睛說
你一點都不難過
我雖然沒那麽懂事
但絕不攔你這一次
如果你說 想要回到有他在的城市

來 你看著我的眼睛說
你從沒愛過我
再看著我的眼睛說
你一點都不難過
我攥緊手裡的戒指
它本該有一個名字（有一個名字）
如果你生日願望是回到他身旁
我幫你這最後一次

明明說好去看好多風景的
吹著海風聽你最愛聽的歌
可那些承諾 換個人也能做
他憑什麽這麽簡單 就能贏了我

來 你看著我的眼睛說
你從沒愛過我
再看著我的眼睛說
你一點都不難過
我雖然沒那麽懂事
但絕不攔你這一次
如果你說 想要回到有他在的城市

來 你看著我的眼睛說
你從沒愛過我
再看著我的眼睛說
你一點都不難過
我攥緊手裡的戒指（手裡的戒指）
它本該有一個名字（它該有個名字）
如果你生日願望是回到他身旁
我幫你這最後一次

來 你看著我的眼睛說
再看著我的眼睛說
你看著我的眼睛說
你從沒愛過我

那是段美好的回憶
只是差了一個結局
請記得我曾認認真真的愛過
該遺憾的不是我",zh,"Today is your birthday, I've prepared so much  
And secretly tucked the surprise in the left side of my pocket  
Just waiting for you to come home, I'll celebrate with you  
And finally say the words I've been holding onto for so long  

The sky seems faintly about to rain  
We sit on the sofa, silent between us  
I ask why you want to break up, what did I do wrong?  
You say I'm good, but he's come back  

Come, look into my eyes and say  
You never loved me  
Look into my eyes again and say  
You're not sad at all  
Though I'm not that mature  
I won't stop you this time  
If you say you want to return to the city where he is  

Come, look into my eyes and say  
You never loved me  
Look into my eyes again and say  
You're not sad at all  
I clutch the ring in my hand  
It should have a name (it should have a name)  
If your birthday wish is to be by his side again  
I'll help you this last time  

We clearly promised to see so many sights  
Feel the sea breeze and listen to your favorite songs  
But those promises, someone else can make them too  
How can he win me so easily?  

Come, look into my eyes and say  
You never loved me  
Look into my eyes again and say  
You're not sad at all  
Though I'm not that mature  
I won't stop you this time  
If you say you want to return to the city where he is  

Come, look into my eyes and say  
You never loved me  
Look into my eyes again and say  
You're not sad at all  
I clutch the ring in my hand (the ring in my hand)  
It should have a name (it should have a name)  
If your birthday wish is to be by his side again  
I'll help you this last time  

Come, look into my eyes and say  
Look into my eyes again and say  
Look into my eyes and say  
You never loved me  

That was a beautiful memory  
Just missing an ending  
Please remember I once loved you sincerely  
The one to regret is not me"
52,Stefanie Sun,開始懂了,Taiwan,68tZwwRuo9ip5gRQFG1XWF,"我竟然沒有調頭 最殘忍那一刻
靜靜看你走 一點都不像我
原來人會變得溫柔 是透徹的懂了
愛情是流動的 不由人的 何必激動著要理由
相信你只是怕傷害我
不是騙我 很愛過誰會捨得
把我的夢搖醒了 宣佈幸福不會來了
用心酸微笑去原諒了
也翻越了 有昨天還是好的
但明天是自己的 開始懂了 快樂是選擇
♪
我竟然沒有調頭 最殘忍那一刻
靜靜看你走 一點都不像我
原來人會變得溫柔 是透徹的懂了
愛情是流動的 不由人的 何必激動著要理由
相信你只是怕傷害我
不是騙我 很愛過誰會捨得
把我的夢搖醒了 宣佈幸福不會來了
用心酸微笑去原諒了
也翻越了 有昨天還是好的
但明天是自己的 開始懂了 快樂是選擇
♪
相信你只是怕傷害我
不是騙我 很愛過誰會捨得
把我的夢搖醒了 宣佈幸福不會來了
用心酸微笑去原諒了
也翻越了 有昨天還是好的
但明天是自己的 開始懂了 快樂是選擇","我竟然沒有調頭 最殘忍那一刻
靜靜看你走 一點都不像我
原來人會變得溫柔 是透徹的懂了
愛情是流動的 不由人的 何必激動著要理由
相信你只是怕傷害我
不是騙我 很愛過誰會捨得
把我的夢搖醒了 宣佈幸福不會來了
用心酸微笑去原諒了
也翻越了 有昨天還是好的
但明天是自己的 開始懂了 快樂是選擇
♪
我竟然沒有調頭 最殘忍那一刻
靜靜看你走 一點都不像我
原來人會變得溫柔 是透徹的懂了
愛情是流動的 不由人的 何必激動著要理由
相信你只是怕傷害我
不是騙我 很愛過誰會捨得
把我的夢搖醒了 宣佈幸福不會來了
用心酸微笑去原諒了
也翻越了 有昨天還是好的
但明天是自己的 開始懂了 快樂是選擇
♪
相信你只是怕傷害我
不是騙我 很愛過誰會捨得
把我的夢搖醒了 宣佈幸福不會來了
用心酸微笑去原諒了
也翻越了 有昨天還是好的
但明天是自己的 開始懂了 快樂是選擇",zh,"I actually didn’t turn back—the cruelest moment  
Quietly watching you leave, not like myself at all  
So people can grow gentle, it’s from deep understanding  
Love flows freely, beyond control, no need to get upset or demand reasons  
I believe you were just afraid of hurting me  
Not lying to me, who loves deeply would willingly let go?  
You shook awake my dreams, declaring happiness won’t come  
With a bittersweet smile, I forgave  
And overcame it all, having yesterday is still good  
But tomorrow belongs to me, I’ve begun to understand—happiness is a choice  

I actually didn’t turn back—the cruelest moment  
Quietly watching you leave, not like myself at all  
So people can grow gentle, it’s from deep understanding  
Love flows freely, beyond control, no need to get upset or demand reasons  
I believe you were just afraid of hurting me  
Not lying to me, who loves deeply would willingly let go?  
You shook awake my dreams, declaring happiness won’t come  
With a bittersweet smile, I forgave  
And overcame it all, having yesterday is still good  
But tomorrow belongs to me, I’ve begun to understand—happiness is a choice  

I believe you were just afraid of hurting me  
Not lying to me, who loves deeply would willingly let go?  
You shook awake my dreams, declaring happiness won’t come  
With a bittersweet smile, I forgave  
And overcame it all, having yesterday is still good  
But tomorrow belongs to me, I’ve begun to understand—happiness is a choice"
57,EggPlantEgg,浪流連,Taiwan,1IS0WFyiVpwsATeSzjEvpI,"這個風風雨雨的社會
欲怎樣開花
少年家怎樣落地
咱攏是為著愛情來浪流連
( 敢有人愛我 )
我已經決定欲做一个善良的歹囝
薰莫閣食酒袂閣焦
想妳的彼暗 佇恁兜的亭仔跤
想妳的彼暗 佇恁兜的窗仔外
其實我生活甲無好我家己攏知影
恁攏了解我會掩崁我的軟汫
平凡的 歹命的 咱拼死做
哦 當做講笑詼
哦 攏是白賊話
猶原會記得我少年時所偷偷烏白寫的願望
彼當陣我已經當做這世界我早著已經看破
後世人 袂閣為著你來 浪流連","這個風風雨雨的社會
欲怎樣開花
少年家怎樣落地
咱攏是為著愛情來浪流連
( 敢有人愛我 )
我已經決定欲做一个善良的歹囝
薰莫閣食酒袂閣焦
想妳的彼暗 佇恁兜的亭仔跤
想妳的彼暗 佇恁兜的窗仔外
其實我生活甲無好我家己攏知影
恁攏了解我會掩崁我的軟汫
Ordinary and evil, we will do it to the death
哦 當做講笑詼
哦 攏是白賊話
猶原會記得我少年時所偷偷烏白寫的願望
彼當陣我已經當做這世界我早著已經看破
後世人 袂閣為著你來 浪流連",zh,"In this stormy, restless world,  
How can flowers bloom?  
How can youth take root and grow?  
We all wander here for love’s sake,  
(Does anyone love me?)  
I’ve decided to be a kind-hearted rogue,  
Neither sober nor drunk, never in a rush.  
Thinking of you that night, beneath your porch,  
Thinking of you that night, outside your window.  

Actually, my life isn’t good, my family knows it well,  
You all understand I hide my soft heart.  
Ordinary and wicked, we’ll go to the end,  
Oh, just joking around,  
Oh, all just lies.  

Still, I remember the secret wishes I wrote as a boy,  
Back then, I already saw through this world.  
Future generations won’t wander here for you anymore."
62,"Firdhaus, DIOR 大穎",在加納共和國離婚,Taiwan,6GyUt7yJ0sOktc5HjvVnFh,"沒想到 只能 走到這
看你濕了眼 我到底該說什麼
總以為 還有一輩子的時間
慢慢跟你說 再見
你不用對我說什麼
我哭不是因為我覺得捨不得
只是覺得努力了那麼久
最後卻還是敗給不適合
也許這一切都是最好安排
但我無法看著你離開
你還愛我嗎 你還愛我嗎
我沒辦法看著你雙眼說那句話
你懂我的吧 你懂我的啊
你懂我會不爭氣想回到你身旁
你不用對我說什麼
我哭就是因為我覺得捨不得
我們一起努力了那麼久
最後卻還是敗給不適合
也許這一切都是最好的安排
但我無法看著你離開
你還愛我嗎 你還愛我嗎
我沒辦法看著你雙眼說那句話
你懂我的吧 你懂我的啊
你懂我會不爭氣想回到你身旁
你還愛我嗎（我還愛你啊）
你還愛我嗎 （我還愛你啊）
我沒辦法看著你雙眼說那句話
你懂我的吧 你懂我的啊
你懂我會不爭氣想回到你身旁
原來一輩子 它真的很遙遠
抵達一輩子的時候 你已不在身邊","沒想到 只能 走到這
看你濕了眼 我到底該說什麼
總以為 還有一輩子的時間
慢慢跟你說 再見
你不用對我說什麼
我哭不是因為我覺得捨不得
只是覺得努力了那麼久
最後卻還是敗給不適合
也許這一切都是最好安排
但我無法看著你離開
你還愛我嗎 你還愛我嗎
我沒辦法看著你雙眼說那句話
You understand me, right? You understand me, right?
你懂我會不爭氣想回到你身旁
你不用對我說什麼
我哭就是因為我覺得捨不得
我們一起努力了那麼久
最後卻還是敗給不適合
也許這一切都是最好的安排
但我無法看著你離開
你還愛我嗎 你還愛我嗎
我沒辦法看著你雙眼說那句話
You understand me, right? You understand me, right?
你懂我會不爭氣想回到你身旁
你還愛我嗎（我還愛你啊）
你還愛我嗎 （我還愛你啊）
我沒辦法看著你雙眼說那句話
You understand me, right? You understand me, right?
你懂我會不爭氣想回到你身旁
原來一輩子 它真的很遙遠
抵達一輩子的時候 你已不在身邊",zh,"Never thought we’d only make it this far  
Seeing your eyes wet, what am I supposed to say?  
Always thought there was a lifetime ahead  
To slowly say goodbye to you  

You don’t need to say anything to me  
I’m not crying because I can’t let go  
It’s just that after trying so hard for so long  
In the end, we still lost to being incompatible  

Maybe all of this is the best arrangement  
But I can’t watch you walk away  
Do you still love me? Do you still love me?  
I can’t look into your eyes and say those words  

You understand me, right? You understand me, right?  
You know I can’t help but want to be by your side  

You don’t need to say anything to me  
I’m crying because I can’t bear to let go  
We tried so hard together for so long  
In the end, we still lost to being incompatible  

Maybe all of this is the best arrangement  
But I can’t watch you walk away  
Do you still love me? Do you still love me?  
I can’t look into your eyes and say those words  

You understand me, right? You understand me, right?  
You know I can’t help but want to be by your side  

Do you still love me? (I still love you)  
Do you still love me? (I still love you)  
I can’t look into your eyes and say those words  

You understand me, right? You understand me, right?  
You know I can’t help but want to be by your side  

Turns out a lifetime is truly so far away  
By the time we reach a lifetime, you’re no longer by my side"
64,Jay Chou,楓,Taiwan,1pALOIA4ytESmhl7Fxjdic,"Wūyún zài wǒmen xīnlǐ gē xià yīkuài yīnyǐng
Wǒ  língtīng chénjì yǐ jiǔ de xīnqíng
Qīngxī  tòumíng jiù xiàng měilì de fēngjǐng
Zǒng zài huíyì lǐ cái kàn de qīng
Bèi shāng tòu de xīn néng bù nénggòu jìxù ài wǒ
Wǒ  yònglì qiān qǐ méi wēndù de shuāng shǒu
Guòwǎng  wēnróu yǐjīng bèi shíjiān shàng suǒ
Zhǐ shèng huīsàn bù qù de nánguò

Huǎn  huǎn piāoluò de fēngyè xiàng sīniàn
Wǒ diǎnrán zhú huǒ wēnnuǎn suì mò de qiūtiān
Jíguāng lüèduó tiānbiān
Běifēng lüèguò xiǎng nǐ de róngyán
Wǒ  bǎ ài shāo chéngle luòyè
Què huàn bù huí shóuxī dì nà zhāng liǎn
Huǎn huǎn piāoluò de fēngyè xiàng sīniàn
Wèihé wǎnhuí yào gǎn zài dōngtiān lái zhīqián
Ài nǐ chuānyuè shíjiān
Liǎng háng láizì qiūmò de yǎnlèi
Ràng ài shèntòule dìmiàn
Wǒ yào de zhǐshì nǐ zài wǒ shēnbiān

Bèi shāng tòu de xīn néng bù nénggòu jìxù ài wǒ
Wǒ yònglì qiān qǐ méi wēndù de shuāng shǒu
Guòwǎng wēnróu yǐjīng bèi shíjiān shàng suǒ
Zhǐ shèng huīsàn bù qù de nánguò
Zài shānyāo jiān piāoyì de hóng yǔ
Suí zhe běifēng diāolíng wǒ qīng qīng yáoyè fēnglíng
Xiǎng huànxǐng bèi yíqì de àiqíng
Xuěhuā yǐ pù mǎnle di
Shēn pà chuāngwài fēngyè yǐ jiéchéng bīng

Huǎn huǎn piāoluò de fēngyè xiàng sīniàn
Wǒ diǎnrán zhú huǒ wēnnuǎn suì mò de qiūtiān
Jíguāng lüèduó tiānbiān
Běifēng lüèguò xiǎng nǐ de róngyán
Wǒ bǎ ài shāo chéngle luòyè
Què huàn bù huí shóuxī dì nà zhāng liǎn
Huǎn huǎn piāoluò de fēngyè xiàng sīniàn
Wèihé wǎnhuí yào gǎn zài dōngtiān lái zhīqián
Ài nǐ chuānyuè shíjiān
Liǎng háng láizì qiūmò de yǎnlèi
Ràng ài shèntòule dìmiàn
Wǒ yào de zhǐshì nǐ zài wǒ shēnbiān","Wūyún zài wǒmen xīnlǐ gē xià yīkuài yīnyǐng
Wǒ  língtīng chénjì yǐ jiǔ de xīnqíng
Qīngxī  tòumíng jiù xiàng měilì de fēngjǐng
Zǒng zài huíyì lǐ cái kàn de qīng
Bèi shāng tòu de xīn néng bù nénggòu jìxù ài wǒ
Wǒ  yònglì qiān qǐ méi wēndù de shuāng shǒu
Guòwǎng  wēnróu yǐjīng bèi shíjiān shàng suǒ
Zhǐ shèng huīsàn bù qù de nánguò

Huǎn  huǎn piāoluò de fēngyè xiàng sīniàn
Wǒ diǎnrán zhú huǒ wēnnuǎn suì mò de qiūtiān
Jíguāng lüèduó tiānbiān
Běifēng lüèguò xiǎng nǐ de róngyán
Wǒ  bǎ ài shāo chéngle luòyè
Què huàn bù huí shóuxī dì nà zhāng liǎn
Huǎn huǎn piāoluò de fēngyè xiàng sīniàn
Wèihé wǎnhuí yào gǎn zài dōngtiān lái zhīqián
Ài nǐ chuānyuè shíjiān
Liǎng háng láizì qiūmò de yǎnlèi
Ràng ài sèntòule demiàn
Wǒ yào de zhǐshì nǐ zài wǒ shēnbiān

Bèi shāng tòu de xīn néng bù nénggòu jìxù ài wǒ
Wǒ yònglì qiān qǐ méi wēndù de shuāng shǒu
Guòwǎng wēnróu yǐjīng bèi shíjiān shàng suǒ
Zhǐ shèng huīsàn bù qù de nánguò
Zài shānyāo jiān piāoyì de hóng yǔ
Suí zhe běifēng diāolíng wǒ qīng qīng yáoyè fēnglíng
Xiǎng huànxǐng bèi yíqì de àiqíng
Xuěhuā yǐ pù mǎnle di
Shēn pà chuāngwài fēngyè yǐ jiéchéng bīng

Huǎn huǎn piāoluò de fēngyè xiàng sīniàn
Wǒ diǎnrán zhú huǒ wēnnuǎn suì mò de qiūtiān
Jíguāng lüèduó tiānbiān
Běifēng lüèguò xiǎng nǐ de róngyán
Wǒ bǎ ài shāo chéngle luòyè
Què huàn bù huí shóuxī dì nà zhāng liǎn
Huǎn huǎn piāoluò de fēngyè xiàng sīniàn
Wèihé wǎnhuí yào gǎn zài dōngtiān lái zhīqián
Ài nǐ chuānyuè shíjiān
Liǎng háng láizì qiūmò de yǎnlèi
Ràng ài sèntòule demiàn
Wǒ yào de zhǐshì nǐ zài wǒ shēnbiān",gd,"Dark clouds sing a shadow within our hearts,  
I listen to the mood of lingering dusk.  
Clear and transparent, like a beautiful scene,  
Only seen clearly in memories.  
Can a heart wounded so deeply still love me?  
I try hard to lift these cold, unfeeling hands.  
The warmth of the past has long been locked away by time,  
Leaving only the sorrow that won’t disperse.

Slowly falling leaves like longing,  
I light a candle to warm the fading autumn days.  
The sunset steals across the horizon,  
The north wind brushes past, recalling your grace.  
I’ve burned love into falling leaves,  
Yet I cannot regain that familiar face.  
Slowly falling leaves like longing,  
Why must regret rush to come before winter?  
Loving you through the passage of time,  
Two lines of tears from the end of autumn,  
Let love seep through the cracks,  
All I want is for you to be by my side.

Can a heart wounded so deeply still love me?  
I try hard to lift these cold, unfeeling hands.  
The warmth of the past has long been locked away by time,  
Leaving only the sorrow that won’t disperse.  
In the mountain valleys, drifting red rain,  
With the north wind’s chill, I gently shake the night wind chimes,  
Hoping to awaken the forgotten love,  
Snowflakes have already blanketed the earth,  
Afraid the wind outside the window has frozen the leaves.

Slowly falling leaves like longing,  
I light a candle to warm the fading autumn days.  
The sunset steals across the horizon,  
The north wind brushes past, recalling your grace.  
I’ve burned love into falling leaves,  
Yet I cannot regain that familiar face.  
Slowly falling leaves like longing,  
Why must regret rush to come before winter?  
Loving you through the passage of time,  
Two lines of tears from the end of autumn,  
Let love seep through the cracks,  
All I want is for you to be by my side."
70,G.E.M.,多遠都要在一起,Taiwan,55d0jw269HE9pbOt5ntCo8,"想聽你聽過的音樂 想看你看過的小說
我想收集每一刻  我想看到你眼裡的世界
想到你到過的地方  和你曾渡過的時光
不想錯過每一刻 多希望我一直在你身旁
未來何從何去 你快樂我也就沒關係
對你我最熟悉  你愛自由我卻更愛你
我能習慣遠距離  愛總是身不由己
寧願換個方式至少還能遙遠愛著你
愛能克服遠距離  多遠都要在一起
你已經不再存在我世界裡 請不要離開我的回憶
想你說愛我的語氣 想你望著我的眼睛
不想忘記每一刻 用思念讓我們一直前進
想像你失落的唇印  想像你失約的旅行
想像你離開的一刻 如果我有留下你的勇氣
我能習慣遠距離 愛總是身不由己
寧願換個方式至少還能遙遠愛著你
愛能克服遠距離 多遠都要在一起
我已經不再存在你的心裡 就讓我獨自守著回憶
如果陽光永遠都熾熱 如果彩虹不會掉顏色
你能不能不離開呢
我能習慣遠距離 愛總是身不由己
寧願換個方式至少還能遙遠愛著你
愛能克服遠距離 多遠都要在一起
你已經不再存在我世界裡 請不要離開我的回憶
請不要離開 不要離開 我的回憶","想聽你聽過的音樂 想看你看過的小說
我想收集每一刻  我想看到你眼裡的世界
想到你到過的地方  和你曾渡過的時光
不想錯過每一刻 多希望我一直在你身旁
未來何從何去 你快樂我也就沒關係
對你我最熟悉  你愛自由我卻更愛你
我能習慣遠距離  愛總是身不由己
寧願換個方式至少還能遙遠愛著你
愛能克服遠距離  多遠都要在一起
你已經不再存在我世界裡 請不要離開我的回憶
想你說愛我的語氣 想你望著我的眼睛
不想忘記每一刻 用思念讓我們一直前進
想像你失落的唇印  想像你失約的旅行
想像你離開的一刻 如果我有留下你的勇氣
我能習慣遠距離 愛總是身不由己
寧願換個方式至少還能遙遠愛著你
愛能克服遠距離 多遠都要在一起
我已經不再存在你的心裡 就讓我獨自守著回憶
如果陽光永遠都熾熱 如果彩虹不會掉顏色
你能不能不離開呢
我能習慣遠距離 愛總是身不由己
寧願換個方式至少還能遙遠愛著你
愛能克服遠距離 多遠都要在一起
你已經不再存在我世界裡 請不要離開我的回憶
請不要離開 不要離開 我的回憶",zh,"I want to hear the music you've listened to,  
I want to read the novels you've read.  
I want to collect every moment,  
I want to see the world through your eyes.  

Thinking of the places you've been,  
And the times you've spent.  
I don't want to miss a single moment,  
How I wish I could always be by your side.  

Where the future leads,  
If you're happy, then it doesn't matter to me.  
I'm most familiar with you,  
You love freedom, but I love you even more.  

I can get used to the distance,  
Love is always beyond control.  
I'd rather change the way,  
At least I can still love you from afar.  

Love can overcome distance,  
No matter how far, we must be together.  
You no longer exist in my world,  
Please don't leave my memories.  

I miss the way you said you loved me,  
I miss the way you looked into my eyes.  
I don't want to forget every moment,  
Let longing keep us moving forward.  

Imagining your lost kiss,  
Imagining the trip you missed.  
Imagining the moment you left,  
If only I had the courage to keep you.  

I can get used to the distance,  
Love is always beyond control.  
I'd rather change the way,  
At least I can still love you from afar.  

Love can overcome distance,  
No matter how far, we must be together.  
I no longer exist in your heart,  
So let me guard the memories alone.  

If the sunlight were forever warm,  
If the rainbow never lost its color,  
Could you please not leave?  

I can get used to the distance,  
Love is always beyond control.  
I'd rather change the way,  
At least I can still love you from afar.  

Love can overcome distance,  
No matter how far, we must be together.  
You no longer exist in my world,  
Please don't leave my memories.  

Please don't leave,  
Don't leave my memories."
81,Sam Lee,手放開,Taiwan,2Dd9EXYXI2NNrLG61OtWQv,"妳 曾確令我思念
未必是錯 卻欠了解
愛 時間是個考驗
或許是對 沒法說應該

始終要離開
始終有障礙 可不可掩蓋

請將手放開 不要回來
不想更改 遙遠的將來

妳 離去又再出現
亦想熱愛 卻滿載悲哀

始終要離開
始終有障礙 可不可掩蓋

請將手放開 不要回來
不想更改 遙遠的將來
請將手放開 不要回來
不想更改 遙遠的將來 我獨自喝采


請將手放開 不要回來
不想更改 遙遠的將來
請將手放開 不要回來
不想更改 遙遠的將來 我獨自喝采
Woah-oh-oh","妳 曾確令我思念
未必是錯 卻欠了解
愛 時間是個考驗
或許是對 沒法說應該

始終要離開
始終有障礙 可不可掩蓋

請將手放開 不要回來
不想更改 遙遠的將來

妳 離去又再出現
亦想熱愛 卻滿載悲哀

始終要離開
始終有障礙 可不可掩蓋

請將手放開 不要回來
不想更改 遙遠的將來
請將手放開 不要回來
不想更改 遙遠的將來 我獨自喝采


請將手放開 不要回來
不想更改 遙遠的將來
請將手放開 不要回來
不想更改 遙遠的將來 我獨自喝采
Woah-oh-oh",zh,"You once truly made me yearn  
Not necessarily wrong, just lacking understanding  
Love, time is a test  
Perhaps it’s right, yet words fail to say what should be  

In the end, we must part  
There are always barriers, can they be concealed?  

Please let go of my hand, don’t come back  
I don’t want to change the distant future  

You leave, then appear again  
Wanting to love, yet filled with sorrow  

In the end, we must part  
There are always barriers, can they be concealed?  

Please let go of my hand, don’t come back  
I don’t want to change the distant future  
Please let go of my hand, don’t come back  
I don’t want to change the distant future, I cheer alone  

Please let go of my hand, don’t come back  
I don’t want to change the distant future  
Please let go of my hand, don’t come back  
I don’t want to change the distant future, I cheer alone  
Woah-oh-oh"
84,F.I.R.,月牙灣,Taiwan,1b5IRT3iraxjHOsKZx93sW,"敦煌天空的沙礫
帶著我們的記憶
我從半路看回去
這情關漫漫好彎曲
夢想穿過了西域
包含了多少的禪意
愛情像一本遊記
我會找尋他的謎語

看 月牙灣下的淚光
在絲路之上被遺忘

是誰的心啊 孤單地留下？
他還好嗎？我多想愛他
拿永恆的淚凝固的一句話
也許可能蒸發
是誰的愛啊 比淚水堅強？
輕聲呼喚就讓我融化
每一滴雨水演化成我翅膀
向著我愛的人追吧


夢想穿過了西域
包含了多少的禪意
愛情像一本遊記
我會找尋他的謎語

看 月牙灣下的淚光
在絲路之上被遺忘

是誰的心啊 孤單地留下？
他還好嗎？我多想愛他
拿永恆的淚凝固的一句話
也許可能蒸發
是誰的愛啊 比淚水堅強？
輕聲呼喚就讓我融化
每一滴雨水演化成我翅膀
向著我愛的人追吧


是誰的心啊 孤單地留下？
他還好嗎？我多想愛他
拿永恆的淚凝固的一句話
也許可能蒸發
是誰的愛啊 比淚水堅強？
輕聲呼喚就讓我融化
每一滴雨水演化成我翅膀
向著我愛的人追吧","敦煌天空的沙礫
帶著我們的記憶
我從半路看回去
這情關漫漫好彎曲
夢想穿過了西域
包含了多少的禪意
愛情像一本遊記
我會找尋他的謎語

看 月牙灣下的淚光
在絲路之上被遺忘

是誰的心啊 孤單地留下？
他還好嗎？我多想愛他
拿永恆的淚凝固的一句話
也許可能蒸發
是誰的愛啊 比淚水堅強？
輕聲呼喚就讓我融化
Every drop of rain evolves into my wings
向著我愛的人追吧


夢想穿過了西域
包含了多少的禪意
愛情像一本遊記
我會找尋他的謎語

看 月牙灣下的淚光
在絲路之上被遺忘

是誰的心啊 孤單地留下？
他還好嗎？我多想愛他
拿永恆的淚凝固的一句話
也許可能蒸發
是誰的愛啊 比淚水堅強？
輕聲呼喚就讓我融化
Every drop of rain evolves into my wings
向著我愛的人追吧


是誰的心啊 孤單地留下？
他還好嗎？我多想愛他
拿永恆的淚凝固的一句話
也許可能蒸發
是誰的愛啊 比淚水堅強？
輕聲呼喚就讓我融化
Every drop of rain evolves into my wings
向著我愛的人追吧",zh,"The sand grains of Dunhuang’s sky  
Carry our memories  
I look back from halfway along the road  
This love’s path is long and winding  

Dreams pass through the Western Regions  
Embracing so much Zen meaning  
Love is like a travelogue  
I will seek out its riddles  

See the tearlight beneath Crescent Bay  
Forgotten along the Silk Road  

Whose heart is left alone, lonely?  
Is he alright? How I long to love him  
Holding a phrase frozen in eternal tears  
Perhaps it might evaporate  
Whose love is stronger than tears?  
A gentle call makes me melt  
Every drop of rain evolves into my wings  
Chasing after the one I love  

Dreams pass through the Western Regions  
Embracing so much Zen meaning  
Love is like a travelogue  
I will seek out its riddles  

See the tearlight beneath Crescent Bay  
Forgotten along the Silk Road  

Whose heart is left alone, lonely?  
Is he alright? How I long to love him  
Holding a phrase frozen in eternal tears  
Perhaps it might evaporate  
Whose love is stronger than tears?  
A gentle call makes me melt  
Every drop of rain evolves into my wings  
Chasing after the one I love  

Whose heart is left alone, lonely?  
Is he alright? How I long to love him  
Holding a phrase frozen in eternal tears  
Perhaps it might evaporate  
Whose love is stronger than tears?  
A gentle call makes me melt  
Every drop of rain evolves into my wings  
Chasing after the one I love"
95,Amazing Show,偷偷愛,Taiwan,0L7R4dmkwk46DEZgqx1fF7,"天空有時會 想起那一年的倦
隨風兒消遣 彷彿不曾掉眼淚
捲起的歲月 潮濕卻很香甜
將你無聲吹遠

你的航班沒有延後 而我如期地錯過
飛航模式把訊息清空 遁入白晝
我入秋 你在春天的南半球
倘若弄丢了鄉愁
你說家的輪廓 依舊混濁 一如我害怕漂泊
我開口卻只能吐出沉默

看著你 我武裝情感你無法猜透
偷偷愛 用友情包覆著我的怯懦
幻想著 你有天會對我心動
你的一顰一笑 一舉一動 能否給我

或許再念舊 也只能遷就
隨時間淹沒 記憶剝落了臉孔
退後的脆弱 罪咎與墜落
執著的最後 回頭沒有誰對誰錯
你一無反顧奔向陌生的世界
選擇今天的你拋下我顧後而瞻前
你的微笑還是遙遠

看著你 我武裝情感你無法猜透
偷偷愛 用友情包覆著我的怯懦
幻想著 你有天會對我心動
而你牽著的手 是對是錯 或是遷就
看著你 無話不說卻也不能再多
偷偷愛 再苦笑著把自己給騙過
幻想著 你有天會對我心動
你的一顰一笑 一舉一動 能否給我

看著你 我武裝情感你無法猜透
偷偷愛 用友情包覆著我的怯懦
幻想著 你有天會對我心動
而你牽著的手 是對是錯 或是遷就
看著你 無話不說卻也不能再多
偷偷愛 再苦笑著把自己給騙過
幻想著 你有天會對我心動
你的一顰一笑 一舉一動 能否給我

La-la-la, la-la-la-la, la-la-la
La-la-la, la-la-la-la, la-la-la
La-la-la, la-la-la-la, la-la-la
La-la-la, la-la-la-la, la-la-la

看著你 我武裝情感你無法猜透
偷偷愛 用友情包覆著我的怯懦
幻想著 你有天會對我心動
而你牽著的手 是對是錯 或是遷就
看著你 無話不說卻也不能再多
偷偷愛 再苦笑著把自己給騙過
幻想著 你有天會對我心動
你的一顰一笑 一舉一動 能否給我","天空有時會 想起那一年的倦
隨風兒消遣 彷彿不曾掉眼淚
捲起的歲月 潮濕卻很香甜
將你無聲吹遠

你的航班沒有延後 而我如期地錯過
飛航模式把訊息清空 遁入白晝
I am in autumn and you are in the southern hemisphere in spring
If you lose your homesickness
你說家的輪廓 依舊混濁 一如我害怕漂泊
我開口卻只能吐出沉默

看著你 我武裝情感你無法猜透
偷偷愛 用友情包覆著我的怯懦
幻想著 你有天會對我心動
你的一顰一笑 一舉一動 能否給我

或許再念舊 也只能遷就
隨時間淹沒 記憶剝落了臉孔
退後的脆弱 罪咎與墜落
執著的最後 回頭沒有誰對誰錯
你一無反顧奔向陌生的世界
選擇今天的你拋下我顧後而瞻前
你的微笑還是遙遠

看著你 我武裝情感你無法猜透
偷偷愛 用友情包覆著我的怯懦
幻想著 你有天會對我心動
而你牽著的手 是對是錯 或是遷就
看著你 無話不說卻也不能再多
偷偷愛 再苦笑著把自己給騙過
幻想著 你有天會對我心動
你的一顰一笑 一舉一動 能否給我

看著你 我武裝情感你無法猜透
偷偷愛 用友情包覆著我的怯懦
幻想著 你有天會對我心動
而你牽著的手 是對是錯 或是遷就
看著你 無話不說卻也不能再多
偷偷愛 再苦笑著把自己給騙過
幻想著 你有天會對我心動
你的一顰一笑 一舉一動 能否給我

La-la-la, la-la-la-la, la-la-la
La-la-la, la-la-la-la, la-la-la
La-la-la, la-la-la-la, la-la-la
La-la-la, la-la-la-la, la-la-la

看著你 我武裝情感你無法猜透
偷偷愛 用友情包覆著我的怯懦
幻想著 你有天會對我心動
而你牽著的手 是對是錯 或是遷就
看著你 無話不說卻也不能再多
偷偷愛 再苦笑著把自己給騙過
幻想著 你有天會對我心動
你的一顰一笑 一舉一動 能否給我",zh,"Sometimes the sky recalls the weariness of that year  
Passing time with the wind, as if tears were never shed  
The rolled-up years, damp yet sweetly fragrant  
Silently blowing you far away  

Your flight was never delayed, yet I missed it as scheduled  
Clearing messages in flight mode, escaping into daylight  
I am in autumn, and you are in the southern hemisphere in spring  
If you lose your homesickness  
You say the outline of home remains blurred, just like my fear of drifting  
I open my mouth but can only release silence  

Looking at you, I arm my emotions you cannot fathom  
Secretly loving, wrapping my timidity in friendship  
Imagining that one day you will feel moved by me  
Your every frown and smile, every move—could you give them to me?  

Perhaps clinging to the past only means compromise  
Drowned by time, memories peel away the face  
Fragile retreat, guilt, and falling  
In the end of persistence, looking back, there’s no right or wrong between us  
You run headlong into a strange world without hesitation  
Choosing the you of today, leaving me behind, cautious yet forward-looking  
Your smile remains distant  

Looking at you, I arm my emotions you cannot fathom  
Secretly loving, wrapping my timidity in friendship  
Imagining that one day you will feel moved by me  
And the hand you hold—whether right, wrong, or compromise  
Looking at you, speaking freely yet unable to say more  
Secretly loving, bitterly smiling as I deceive myself once again  
Imagining that one day you will feel moved by me  
Your every frown and smile, every move—could you give them to me?  

Looking at you, I arm my emotions you cannot fathom  
Secretly loving, wrapping my timidity in friendship  
Imagining that one day you will feel moved by me  
And the hand you hold—whether right, wrong, or compromise  
Looking at you, speaking freely yet unable to say more  
Secretly loving, bitterly smiling as I deceive myself once again  
Imagining that one day you will feel moved by me  
Your every frown and smile, every move—could you give them to me?  

La-la-la, la-la-la-la, la-la-la  
La-la-la, la-la-la-la, la-la-la  
La-la-la, la-la-la-la, la-la-la  
La-la-la, la-la-la-la, la-la-la  

Looking at you, I arm my emotions you cannot fathom  
Secretly loving, wrapping my timidity in friendship  
Imagining that one day you will feel moved by me  
And the hand you hold—whether right, wrong, or compromise  
Looking at you, speaking freely yet unable to say more  
Secretly loving, bitterly smiling as I deceive myself once again  
Imagining that one day you will feel moved by me  
Your every frown and smile, every move—could you give them to me?"
97,Fish Leong,慢冷,Taiwan,3NNDJfWMGHuNpvHWTImmlW,"說完了 好像話都說完了
總是沉默對坐著
眼裡是濃濃夜色
感情是偏執的 越愛越是偏執的
不相信我看到的
硬要說裂縫不過 是皺褶

怎麼先熾熱的卻先變冷了
慢熱的卻停不了還在沸騰著
看時光任性快跑隨意就轉折
慢冷的人啊 會自我折磨
衝動的人向來聽不見挽留
這世界大得讓你很難不旅遊
浪漫讓你溫柔 也讓你最惹人 淚流

牽你手 若無其事牽你手
你像被動的木偶
多狠多讓人厭惡 的劇透

怎麼先熾熱的卻先變冷了
慢熱的卻停不了還在沸騰著
看時光任性快跑隨意就轉折
慢冷的人啊 會自我折磨
衝動的人向來聽不見挽留
這世界大得讓你很難不旅遊
浪漫讓你溫柔 也讓你最惹人 淚流

愛從不敵 性格 不死心最痛
奈何 我總是記得開始 被猛烈 愛的悸動

怎麼先熾熱的卻先變冷了
慢熱的卻停不了還在沸騰著
看時光任性快跑隨意就轉折
慢冷的人啊 會自我折磨
衝動的人向來聽不見挽留
這世界大得讓你很難不旅遊
浪漫讓你溫柔 也讓你最惹人 淚流","說完了 好像話都說完了
總是沉默對坐著
眼裡是濃濃夜色
感情是偏執的 越愛越是偏執的
Don't believe what I saw
硬要說裂縫不過 是皺褶

怎麼先熾熱的卻先變冷了
慢熱的卻停不了還在沸騰著
看時光任性快跑隨意就轉折
慢冷的人啊 會自我折磨
衝動的人向來聽不見挽留
這世界大得讓你很難不旅遊
浪漫讓你溫柔 也讓你最惹人 淚流

牽你手 若無其事牽你手
你像被動的木偶
多狠多讓人厭惡 的劇透

怎麼先熾熱的卻先變冷了
慢熱的卻停不了還在沸騰著
看時光任性快跑隨意就轉折
慢冷的人啊 會自我折磨
衝動的人向來聽不見挽留
這世界大得讓你很難不旅遊
浪漫讓你溫柔 也讓你最惹人 淚流

愛從不敵 性格 不死心最痛
奈何 我總是記得開始 被猛烈 愛的悸動

怎麼先熾熱的卻先變冷了
慢熱的卻停不了還在沸騰著
看時光任性快跑隨意就轉折
慢冷的人啊 會自我折磨
衝動的人向來聽不見挽留
這世界大得讓你很難不旅遊
浪漫讓你溫柔 也讓你最惹人 淚流",zh,"Finished speaking, it feels like all words have been said  
Always sitting silently face to face  
In the eyes, the night is thick and deep  
Feelings are obsessive, the more you love, the more obsessive it becomes  
Don't believe what I saw  
Insisting that the cracks are nothing but folds  

How come the ones that burned hot first turn cold first  
The slow-burning ones can't stop, still boiling over  
Watching time run willfully fast, turning twists at will  
The slow-to-cool ones, ah, they torment themselves  
The impulsive ones never hear the pleas to stay  
This world is so vast, it's hard not to travel through it  
Romance makes you gentle, yet also makes you the one who sheds the most tears  

Holding your hand, as if nothing’s wrong, holding your hand  
You seem like a passive puppet  
How cruel, how much it makes one despise the spoilers  

How come the ones that burned hot first turn cold first  
The slow-burning ones can't stop, still boiling over  
Watching time run willfully fast, turning twists at will  
The slow-to-cool ones, ah, they torment themselves  
The impulsive ones never hear the pleas to stay  
This world is so vast, it's hard not to travel through it  
Romance makes you gentle, yet also makes you the one who sheds the most tears  

Love never wins against personality, stubbornness hurts the most  
Alas, I always remember the beginning, the fierce heartbeat of love  

How come the ones that burned hot first turn cold first  
The slow-burning ones can't stop, still boiling over  
Watching time run willfully fast, turning twists at will  
The slow-to-cool ones, ah, they torment themselves  
The impulsive ones never hear the pleas to stay  
This world is so vast, it's hard not to travel through it  
Romance makes you gentle, yet also makes you the one who sheds the most tears"
101,F.I.R.,我們的愛,Taiwan,0Q4YuuiCuxIIKUw2fb1cmV,"回憶裡想起模糊的小時候
雲朵漂浮在藍藍的天空
那時的你說要和我手牽手
一起走到時間的盡頭
從此以後我都不敢抬頭看
彷彿我的天空失去了顏色
從那一天起 我忘記了呼吸
眼淚啊 永遠不再 不再哭泣

我們的愛
過了就不再回來
直到現在 我還默默的等待
我們的愛 我明白
已變成你的負擔
只是永遠 我都放不開
最後的溫暖
你給的溫暖

La-la-la-la-la
Da-la-da, da-la-la-la-la-la-la
Da-la-da, da-la-da, da-la-la
Da-la-la-la-la, da-da-la-la-la, da
Da-la-la, da-la-la, da-la-la
Da-la-da-da

從此以後我都不敢抬頭看
彷彿我的天空失去了顏色
從那一天起 我忘記了呼吸
眼淚啊 永遠不再 不再哭泣

我們的愛
過了就不再回來
直到現在 我還默默的等待
我們的愛 我明白
已變成你的負擔
只是永遠 我都放不開
最後的溫暖
你給的溫暖

不要再問你是否愛我
現在我想要自由的天空
遠離開這被綑綁的世界 不再寂寞
Oh

我們的愛
過了就不再回來
直到現在 我還默默的等待
我們的愛 我明白
已變成你的負擔
只是永遠 我都放不開
最後的溫暖
你給的溫暖

Oh, oh, ooh
Oh","回憶裡想起模糊的小時候
雲朵漂浮在藍藍的天空
那時的你說要和我手牽手
一起走到時間的盡頭
從此以後我都不敢抬頭看
彷彿我的天空失去了顏色
從那一天起 我忘記了呼吸
眼淚啊 永遠不再 不再哭泣

我們的愛
過了就不再回來
直到現在 我還默默的等待
我們的愛 我明白
已變成你的負擔
只是永遠 我都放不開
最後的溫暖
你給的溫暖

La-la-la-la-la
Da-la-da, da-la-la-la-la-la-la
Da-la-da, da-la-da, da-la-la
Da-la-la-la-la, da-da-la-la-la, da
Da-la-la, da-la-la, da-la-la
Da-la-da-da

從此以後我都不敢抬頭看
彷彿我的天空失去了顏色
從那一天起 我忘記了呼吸
眼淚啊 永遠不再 不再哭泣

我們的愛
過了就不再回來
直到現在 我還默默的等待
我們的愛 我明白
已變成你的負擔
只是永遠 我都放不開
最後的溫暖
你給的溫暖

不要再問你是否愛我
現在我想要自由的天空
遠離開這被綑綁的世界 不再寂寞
Oh

我們的愛
過了就不再回來
直到現在 我還默默的等待
我們的愛 我明白
已變成你的負擔
只是永遠 我都放不開
最後的溫暖
你給的溫暖

Oh, oh, ooh
Oh",zh,"In memories, I recall the hazy childhood days  
Clouds drifting in the blue, blue sky  
Back then, you said you'd hold my hand  
Together we'd walk to the end of time  

Since then, I dare not lift my gaze  
As if my sky has lost its color  
From that day on, I forgot how to breathe  
Tears, oh, never again, no more crying  

Our love  
Once gone, will never return  
Even now, I silently wait  
Our love, I understand  
Has become your burden  
Yet forever, I cannot let go  
The final warmth  
The warmth you gave  

La-la-la-la-la  
Da-la-da, da-la-la-la-la-la-la  
Da-la-da, da-la-da, da-la-la  
La-la-la-la-la, da-da-la-la-la, da  
La-la-la, la-la-la, la-la-la  
Da-la-da-da  

Since then, I dare not lift my gaze  
As if my sky has lost its color  
From that day on, I forgot how to breathe  
Tears, oh, never again, no more crying  

Our love  
Once gone, will never return  
Even now, I silently wait  
Our love, I understand  
Has become your burden  
Yet forever, I cannot let go  
The final warmth  
The warmth you gave  

Don't ask me again if you love me  
Now I long for a sky of freedom  
Far away from this bound world, no longer lonely  
Oh  

Our love  
Once gone, will never return  
Even now, I silently wait  
Our love, I understand  
Has become your burden  
Yet forever, I cannot let go  
The final warmth  
The warmth you gave  

Oh, oh, ooh  
Oh"
102,Crowd Lu,愚人節快樂,Taiwan,3bQeHxH1x4pVUfsRpuLAlH,"就這樣陪你走著走著
又是幾年過了呢
彷彿時間不怕蹉跎
美好的停格
只有這天說著真話
用著玩笑的身分
霸佔朋友的姿態愛著一個人

想說愛你 想要抱你
想你走進我的生活裡
想未來一切可能多美好
原來只是我而已
我喜歡你 最愛是你
我開玩笑的 請別介意
愚人節快樂 快樂地椎心
誰能告訴我為何 我還停在原地

我已經這樣寫一百首
死心塌地的情歌
感謝是你給我靈感
給得那麼深刻
如果還有什麼遺憾
可能還不夠資格
寫你寫我卻沒能寫成個我們

想說愛你 想要抱你
想你走進我的生活裡
想未來一切可能多美好
原來只是我而已
我喜歡你 最愛是你
我開玩笑的請別介意
愚人節快樂 快樂地椎心
誰能告訴我為何 我還停在原地

無法愛你 無法抱你
無法讓你聽見我的心
無法克制重複想起那些
失去意義的或許
我喜歡你 最愛是你
我最後也沒走到結局
愚人節快樂 就停在這裡
說不出口的祝福就當我欠你
愚人不快樂 但身不由己
捨不得走的我還在等什麼 奇蹟","就這樣陪你走著走著
又是幾年過了呢
彷彿時間不怕蹉跎
Beautiful stop
只有這天說著真話
用著玩笑的身分
霸佔朋友的姿態愛著一個人

想說愛你 想要抱你
想你走進我的生活裡
想未來一切可能多美好
原來只是我而已
我喜歡你 最愛是你
我開玩笑的 請別介意
愚人節快樂 快樂地椎心
誰能告訴我為何 我還停在原地

我已經這樣寫一百首
Heartbroken love song
感謝是你給我靈感
給得那麼深刻
如果還有什麼遺憾
可能還不夠資格
寫你寫我卻沒能寫成個我們

想說愛你 想要抱你
想你走進我的生活裡
想未來一切可能多美好
原來只是我而已
我喜歡你 最愛是你
我開玩笑的請別介意
愚人節快樂 快樂地椎心
誰能告訴我為何 我還停在原地

無法愛你 無法抱你
無法讓你聽見我的心
無法克制重複想起那些
失去意義的或許
我喜歡你 最愛是你
我最後也沒走到結局
愚人節快樂 就停在這裡
說不出口的祝福就當我欠你
愚人不快樂 但身不由己
捨不得走的我還在等什麼 奇蹟",zh,"Just like this, walking with you, walking along,  
How many years have passed again?  
As if time fears not the wasting away,  
Beautiful stop.  
Only on this day do we speak the truth,  
Using the guise of jokes,  
Occupying the stance of friends, loving someone.  

Want to say I love you, want to hold you,  
Want you to walk into my life,  
Want the future, all possibilities, to be so beautiful,  
Turns out it’s just me alone.  
I like you, my greatest love is you,  
I’m joking, please don’t mind,  
Happy April Fool’s Day, happily heartbroken,  
Who can tell me why I’m still standing in the same place?  

I’ve already written a hundred of these,  
Heartbroken love songs,  
Thankful it’s you who gave me inspiration,  
So deeply given.  
If there’s still any regret,  
Maybe I’m not yet worthy,  
Writing you, writing me, but never able to write us.  

Want to say I love you, want to hold you,  
Want you to walk into my life,  
Want the future, all possibilities, to be so beautiful,  
Turns out it’s just me alone.  
I like you, my greatest love is you,  
I’m joking, please don’t mind,  
Happy April Fool’s Day, happily heartbroken,  
Who can tell me why I’m still standing in the same place?  

Unable to love you, unable to hold you,  
Unable to let you hear my heart,  
Unable to restrain from repeatedly recalling those  
Meanings lost, perhaps.  
I like you, my greatest love is you,  
In the end, I never reached the conclusion,  
Happy April Fool’s Day, just stopping here,  
The unspoken blessing, just consider it a debt I owe you.  
April Fool’s, not happy, but powerless,  
Reluctant to leave, what am I still waiting for? A miracle."
103,JOLIN,妥協,Taiwan,0m1cI6aV1jq537JamnL592,"你總愛編織謊言 我負責配合表演
所有改變 只為了進入你的世界
這情節 重複了一百遍
才發現 是你的心太野
你劃定楚河漢界 我不能輕易犯規
所有時間 都是先給了你優先權
不自覺 愛到不敢冒險
成了你的傀儡 一年 兩年 才看見我有多狼狽

愛到妥協 到頭來還是無解
綁著你不讓你飛
歷史不斷重演 我好累
愛到妥協 也無法將故事再重寫
你已下最後通牒 我躲在我的世界

你劃定楚河漢界 我不能輕易犯規
所有時間 都是先給了你優先權
不自覺 愛到不敢冒險
成了你的傀儡 一年 兩年 才看見我有多狼狽

愛到妥協 到頭來還是無解
綁著你不讓你飛
歷史不斷重演 我好累
愛到妥協 也無法將故事再重寫
你已下最後通牒 我躲在我的世界

你只是害怕一個人睡
我不想再為你掉淚
我瞭解
不會變
不再徘徊
開始自己的明天

愛到妥協 到頭來還是無解
綁著你不讓你飛
歷史不斷重演 我好累
愛到妥協 也無法將故事再重寫
你已下最後通牒 我躲在我的世界","你總愛編織謊言 我負責配合表演
所有改變 只為了進入你的世界
這情節 重複了一百遍
才發現 是你的心太野
你劃定楚河漢界 我不能輕易犯規
所有時間 都是先給了你優先權
不自覺 愛到不敢冒險
成了你的傀儡 一年 兩年 才看見我有多狼狽

愛到妥協 到頭來還是無解
綁著你不讓你飛
歷史不斷重演 我好累
愛到妥協 也無法將故事再重寫
你已下最後通牒 我躲在我的世界

你劃定楚河漢界 我不能輕易犯規
所有時間 都是先給了你優先權
不自覺 愛到不敢冒險
成了你的傀儡 一年 兩年 才看見我有多狼狽

愛到妥協 到頭來還是無解
綁著你不讓你飛
歷史不斷重演 我好累
愛到妥協 也無法將故事再重寫
你已下最後通牒 我躲在我的世界

你只是害怕一個人睡
我不想再為你掉淚
我瞭解
不會變
no more wandering
開始自己的明天

愛到妥協 到頭來還是無解
綁著你不讓你飛
歷史不斷重演 我好累
愛到妥協 也無法將故事再重寫
你已下最後通牒 我躲在我的世界",zh,"You always love weaving lies,  
I play along in the act.  
All the changes, just to enter your world,  
This plot repeated a hundred times,  
Only to realize your heart is too wild.  

You draw the boundary lines,  
I can’t easily break the rules.  
All the time, I give you priority first,  
Unconsciously loving, afraid to take risks,  
Becoming your puppet,  
One year, two years, only then do I see how miserable I am.  

Loving to compromise, in the end still no solution,  
Tying you down, not letting you fly,  
History keeps repeating, I’m so tired.  
Loving to compromise, still unable to rewrite the story,  
You’ve issued the final ultimatum, I hide in my own world.  

You draw the boundary lines,  
I can’t easily break the rules.  
All the time, I give you priority first,  
Unconsciously loving, afraid to take risks,  
Becoming your puppet,  
One year, two years, only then do I see how miserable I am.  

Loving to compromise, in the end still no solution,  
Tying you down, not letting you fly,  
History keeps repeating, I’m so tired.  
Loving to compromise, still unable to rewrite the story,  
You’ve issued the final ultimatum, I hide in my own world.  

You’re just afraid to sleep alone,  
I don’t want to shed tears for you anymore,  
I understand,  
It won’t change.  
No more wandering,  
Starting my own tomorrow.  

Loving to compromise, in the end still no solution,  
Tying you down, not letting you fly,  
History keeps repeating, I’m so tired.  
Loving to compromise, still unable to rewrite the story,  
You’ve issued the final ultimatum, I hide in my own world."
107,Andrew Tan,天后,Taiwan,4D0KlK4Fl8lotvsoys1bYQ,"終於找到藉口
趁着醉意上心頭
表達我所有感受
寂寞漸濃
沉默留在舞池角落
你說的太少或太多
都會讓人更惶恐

誰任由誰放縱
誰會先讓出自由
最後一定總是我
雙腳懸空
在你冷酷熱情間遊走
被侵佔所有還要笑着接受（接受）

我嫉妒你的愛 氣勢如虹（氣勢如虹）
像個人氣高居不下的天後（天後）
你要的不是我
而是一種虛榮
有人疼才顯得多麼出眾（才顯得多麼出眾）
我陷入盲目狂戀的寬容（狂戀寬容）
成全了你萬眾寵愛的天後（天後）
若愛只剩誘惑
只剩彼此忍受
別再互相折磨（再互相折磨）
因為我們都有錯

推開蒼白的手
推開蒼白的廝守
管你有多麼失措
別再叫我
心軟是最致命的脆弱
我明明都懂卻仍拚死效忠

我嫉妒你的愛 氣勢如虹（氣勢如虹）
像個人氣高居不下的天後（天後）
你要的不是我 而是一種虛榮
有人疼才顯得多麼出眾（才顯得多麼出眾）
我陷入盲目狂戀的寬容（狂戀寬容）
成全了你萬眾寵愛的天後（天後）
若愛只剩誘惑
只剩彼此忍受
別再互相折磨（別再互相折磨）
因為我們都有錯


如果有一天愛不再迷惑
足夠去看清所有是非對錯
直到那個時候
你在我的心中
將不再被歌頌（將不再）
把你當作天後（當天後）
不會再是我","終於找到藉口
Taking advantage of drunkenness
表達我所有感受
寂寞漸濃
Silence remains in the corner of the dance floor
你說的太少或太多
都會讓人更惶恐

誰任由誰放縱
誰會先讓出自由
最後一定總是我
雙腳懸空
在你冷酷熱情間遊走
被侵佔所有還要笑着接受（接受）

我嫉妒你的愛 氣勢如虹（氣勢如虹）
像個人氣高居不下的天後（天後）
It's not me you want
而是一種虛榮
有人疼才顯得多麼出眾（才顯得多麼出眾）
我陷入盲目狂戀的寬容（狂戀寬容）
成全了你萬眾寵愛的天後（天後）
若愛只剩誘惑
Just endure each other
別再互相折磨（再互相折磨）
因為我們都有錯

推開蒼白的手
推開蒼白的廝守
管你有多麼失措
別再叫我
心軟是最致命的脆弱
我明明都懂卻仍拚死效忠

我嫉妒你的愛 氣勢如虹（氣勢如虹）
像個人氣高居不下的天後（天後）
你要的不是我 而是一種虛榮
有人疼才顯得多麼出眾（才顯得多麼出眾）
我陷入盲目狂戀的寬容（狂戀寬容）
成全了你萬眾寵愛的天後（天後）
若愛只剩誘惑
Just endure each other
別再互相折磨（別再互相折磨）
因為我們都有錯


如果有一天愛不再迷惑
足夠去看清所有是非對錯
直到那個時候
you are in my heart
將不再被歌頌（將不再）
把你當作天後（當天後）
不會再是我",zh,"Finally found an excuse  
Taking advantage of drunkenness  
To express all my feelings  
Loneliness grows deeper  
Silence lingers in the corner of the dance floor  
What you say, too little or too much  
Only makes one more anxious  

Who lets whom indulge  
Who will first give up freedom  
In the end, it’s always me  
Feet suspended in the air  
Wandering between your coldness and passion  
Being possessed completely yet still smiling to accept (accept)  

I envy your love, a momentum like a rainbow (momentum like a rainbow)  
Like a diva whose popularity never fades (diva)  
It’s not me you want  
But a kind of vanity  
Being cared for makes one seem so outstanding (so outstanding)  
I fall into blind, passionate tolerance (passionate tolerance)  
Fulfilling your role as the adored diva (diva)  
If love is left only with temptation  
Just endure each other  
Don’t torment each other anymore (don’t torment each other)  
Because we both have faults  

Push away the pale hands  
Push away the pale companionship  
No matter how lost you are  
Don’t call me anymore  
Softheartedness is the deadliest weakness  
I clearly understand but still fight to stay loyal  

I envy your love, a momentum like a rainbow (momentum like a rainbow)  
Like a diva whose popularity never fades (diva)  
What you want is not me but a kind of vanity  
Being cared for makes one seem so outstanding (so outstanding)  
I fall into blind, passionate tolerance (passionate tolerance)  
Fulfilling your role as the adored diva (diva)  
If love is left only with temptation  
Just endure each other  
Don’t torment each other anymore (don’t torment each other)  
Because we both have faults  

If one day love no longer confuses  
Enough to see clearly all right and wrong  
Until that time  
You are in my heart  
Will no longer be praised (will no longer)  
As the diva (as the diva)  
It will no longer be me"
110,Wu Bai,淚橋,Taiwan,0NAcDn6U2GB2Arhspmh38S,"無心過問妳的心裡我的吻
厭倦 我的虧欠 代替妳所愛的人
這個時候 我心落花一樣飄落下來
頓時 我的視線 失去了色彩

知道妳也一樣不善於表白
想像 妳的相愛 編織的謊言懈怠
甜美鏡頭 竟也落花一樣飄落下來
從此 我的生命 變成了塵埃

寂寞的人 總是習慣寂寞的安穩
至少 我們直線 曾經交叉過

就像站在烈日驕陽大橋上
眼淚狂奔滴落在我的臉龐


知道妳也一樣不善於表白
想像 妳的相愛編織的謊言懈怠
甜美鏡頭竟也落花一樣飄落下來
從此 我的生命變成了塵埃

寂寞的人 總是習慣寂寞的安穩
至少 我們直線 曾經交叉過

就像站在烈日驕陽大橋上
眼淚狂奔滴落在我的臉龐
La-la-la-la-la-la-la-la, la-la-la
La-la-la-la-la-la-la-la, la-la-la","無心過問妳的心裡我的吻
厭倦 我的虧欠 代替妳所愛的人
這個時候 我心落花一樣飄落下來
頓時 我的視線 失去了色彩

知道妳也一樣不善於表白
想像 妳的相愛 編織的謊言懈怠
甜美鏡頭 竟也落花一樣飄落下來
從此 我的生命 變成了塵埃

寂寞的人 總是習慣寂寞的安穩
至少 我們直線 曾經交叉過

就像站在烈日驕陽大橋上
眼淚狂奔滴落在我的臉龐


知道妳也一樣不善於表白
想像 妳的相愛編織的謊言懈怠
甜美鏡頭竟也落花一樣飄落下來
從此 我的生命變成了塵埃

寂寞的人 總是習慣寂寞的安穩
至少 我們直線 曾經交叉過

就像站在烈日驕陽大橋上
眼淚狂奔滴落在我的臉龐
La-la-la-la-la-la-la-la, la-la-la
La-la-la-la-la-la-la-la, la-la-la",zh,"Unintentionally ignoring the kiss in your heart for me,  
Weary of my shortcomings, replacing the one you love.  
At this moment, my heart falls like drifting petals,  
Suddenly, my vision loses all its color.  

I know you too are not good at confessing,  
Imagining your love, weaving careless lies.  
Sweet scenes also fall like petals drifting down,  
From then on, my life turned into dust.  

Lonely souls always grow used to the comfort of solitude,  
At least our straight lines once crossed paths.  

Like standing on a blazing sunlit bridge,  
Tears rush down, dripping on my face.  

I know you too are not good at confessing,  
Imagining your love, weaving careless lies.  
Sweet scenes also fall like petals drifting down,  
From then on, my life turned into dust.  

Lonely souls always grow used to the comfort of solitude,  
At least our straight lines once crossed paths.  

Like standing on a blazing sunlit bridge,  
Tears rush down, dripping on my face.  
La-la-la-la-la-la-la-la, la-la-la  
La-la-la-la-la-la-la-la, la-la-la"
114,高爾宣 OSN,Without You,Taiwan,0KWnRv3wxjltYVB3MqjNd2,"I’m still the same 都好像沒有變
Nothing changed 還是討厭下雨天
還是不愛認錯
脾氣是硬了點
這我都清楚但我沒有辦法改變
我後悔高中花錢裝很吵的排氣管
想努力賺錢養妳 卻養成了壞習慣
我還想帶妳到處晃晃到處帶妳玩
'Cause me without you it feels like
情人節沒有愛人
像台相機沒有快門
像張書桌沒有檯燈
'Cause me without you it feels like

A sentence without no spaces
It be like youtube without no playlist
Or a chapter without no pages
'Cause me without you it feels just wrong

I don’t wanna live without you
I dont wanna be alone and
想念妳的每個角度
如果我們還能夠重來
Oh
You don’t know how I feel inside
So
I don’t wanna live without you
我沒有辦法

'Cause I’ve been through that
重蹈覆徹 I can’t do that
沒得負責 Oh damn too bad
I need you right now, yo, where you at?
先把我的面子放兩邊
榨乾我就像搶劫
Goddamn, I got nothing left
掉進去 No fun down here
救救我 I call my friends
訴苦 說了好幾遍
他們叫我振作點
I know man but I fuckin can’t
幫我刪了 Instagram
Your post I don’t wanna see
想到妳曾promise me
我乾掉一支Hennessy

I just wanna know, baby, why you gonna go?
我們之間太多 的我捨不得放手 yeah
失去妳就像失去我的麥克風
我不要我的fans 不要IG的followers 'cause—

I don’t wanna live without you
I don‘t wanna be alone and
想念妳的每個角度
如果我們還能夠重來
Oh
You don’t know how I feel inside
So
I don’t wanna live without you
我沒有辦法
I don’t wanna live without you
I don‘t wanna be alone and
想念妳的每個角度
如果我們還能夠重來
Oh
You don’t know how I feel inside
So
I don’t wanna live without you
我沒有辦法","I’m still the same 都好像沒有變
Nothing changed 還是討厭下雨天
還是不愛認錯
脾氣是硬了點
這我都清楚但我沒有辦法改變
我後悔高中花錢裝很吵的排氣管
想努力賺錢養妳 卻養成了壞習慣
我還想帶妳到處晃晃到處帶妳玩
'Cause me without you it feels like
情人節沒有愛人
像台相機沒有快門
像張書桌沒有檯燈
'Cause me without you it feels like

A sentence without no spaces
It be like youtube without no playlist
Or a chapter without no pages
'Cause me without you it feels just wrong

I don’t wanna live without you
I dont wanna be alone and
想念妳的每個角度
如果我們還能夠重來
Oh
You don’t know how I feel inside
So
I don’t wanna live without you
我沒有辦法

'Cause I’ve been through that
重蹈覆徹 I can’t do that
沒得負責 Oh damn too bad
I need you right now, yo, where you at?
先把我的面子放兩邊
榨乾我就像搶劫
Goddamn, I got nothing left
掉進去 No fun down here
Save me I call my friends
訴苦 說了好幾遍
他們叫我振作點
I know man but I fuckin can’t
幫我刪了 Instagram
Your post I don’t wanna see
Thinking of you once promised me
我乾掉一支Hennessy

I just wanna know, baby, why you gonna go?
我們之間太多 的我捨不得放手 yeah
失去妳就像失去我的麥克風
I don't want my fans, I don't want IG followers 'cause—

I don’t wanna live without you
I don‘t wanna be alone and
想念妳的每個角度
如果我們還能夠重來
Oh
You don’t know how I feel inside
So
I don’t wanna live without you
我沒有辦法
I don’t wanna live without you
I don‘t wanna be alone and
想念妳的每個角度
如果我們還能夠重來
Oh
You don’t know how I feel inside
So
I don’t wanna live without you
我沒有辦法",zh,"I’m still the same, it seems nothing’s changed  
Nothing changed, I still hate rainy days  
Still don’t like admitting I’m wrong  
My temper’s a bit stubborn  
I know this well but I just can’t change  

I regret spending money in high school on that loud exhaust pipe  
Trying hard to earn money to support you, but I ended up with bad habits  
I still want to take you everywhere, wander and play around  
'Cause me without you, it feels like  

Valentine’s Day without a lover  
Like a camera without a shutter  
Like a desk without a lamp  
'Cause me without you, it feels like  

A sentence without spaces  
Like YouTube without a playlist  
Or a chapter without pages  
'Cause me without you just feels wrong  

I don’t wanna live without you  
I don’t wanna be alone  
Missing every angle of you  
If only we could start over  
Oh  
You don’t know how I feel inside  
So  
I don’t wanna live without you  
I just can’t  

'Cause I’ve been through that  
Repeating mistakes, I can’t do that  
No one to blame, oh damn, too bad  
I need you right now, yo, where you at?  
Put my pride aside for now  
Squeezed dry like a robbery  
Goddamn, I got nothing left  
Falling down, no fun down here  
Save me, I call my friends  
Complaining, said it many times  
They tell me to cheer up  
I know, man, but I just can’t  
Help me delete Instagram  
Your posts I don’t wanna see  
Thinking of you, once you promised me  
I downed a bottle of Hennessy  

I just wanna know, baby, why you gonna go?  
There’s too much between us, I can’t let go, yeah  
Losing you is like losing my microphone  
I don’t want my fans, I don’t want IG followers ‘cause—  

I don’t wanna live without you  
I don’t wanna be alone  
Missing every angle of you  
If only we could start over  
Oh  
You don’t know how I feel inside  
So  
I don’t wanna live without you  
I just can’t  

I don’t wanna live without you  
I don’t wanna be alone  
Missing every angle of you  
If only we could start over  
Oh  
You don’t know how I feel inside  
So  
I don’t wanna live without you  
I just can’t"
118,G.E.M.,泡沫,Taiwan,2IfSPLPDW6RGosdB5huwAA,"Yángguāng xià de pàomò
Shì cǎisè de
Jiù xiàng bèi piàn de wǒ
Shì xìngfú de
Zhuījiù shénme duì cuò
Nǐ de huǎngyán
Jīyú nǐ hái ài wǒ

Měilì de pàomò
Suīrán yī chà huāhuǒ
Nǐ suǒyǒu chéngnuò
Suīrán dōu tài cuìruò
Dàn ài xiàng pàomò
Rúguǒ nénggòu kànpò
Yǒu shé me nánguò

Zǎo gāi zhīdào pàomò
Yī chù jiù pò
Jiù xiàng yǐ shāng de xīn
Bùshèng zhémó
Yě bùshì shuí de cuò
Huǎngyán zài duō
Jīyú nǐ hái ài wǒ

Měilì de pàomò
Suīrán yī chà huāhuǒ
Nǐ suǒyǒu chéngnuò
Suīrán dōu tài cuìruò
Ài běn shì pàomò
Rúguǒ nénggòu kànpò
Yǒu shé me nánguò
Zài měide huāduǒ
Shèngkāiguò jiù diāoluò
Zài liàng yǎn de xīng
Yīshǎnguò jiù duòluò
Ài běn shì pàomò
Rúguǒ nénggòu kànpò
Yǒu shé me nánguò

Wèishéme nánguò
Yǒu shé me nánguò
Wèishéme nánguò

Quándōu shì pàomò
Zhǐ yī chà de huāhuǒ
Nǐ suǒyǒu chéngnuò
Quánbù dōu tài cuìruò
Ér nǐ de lúnkuò
Guàiwǒ méiyǒu kànpò
Cái rúcǐ nánguò, whoa
Xiāng'ài de bǎwò
Yào rúhé zài sōusuǒ
Xiāng yōngzhe jìmò
Nándào jiù bù jìmò
Ài běn shì pàomò
Guàiwǒ méiyǒu kànpò
Cái rúcǐ nánguò

Zài yǔ xià de pàomò
Yī chù jiù pò
Dāngchū chìrè de xīn
Zǎoyǐ chénmò
Shuō shénme nǐ ài wǒ
Rúguǒ piàn wǒ
Wǒ nìngyuàn nǐ chénmò","Yángguāng xià de pàomò
Shì cǎisè de
Jiù xiàng bèi piàn de wǒ
Shì xìngfú de
Zhuījiù shénme duì cuò
Nǐ de huǎngyán
Jīyú nǐ hái ài wǒ

Měilì de pàomò
Suīrán yī chà huāhuǒ
Nǐ suǒyǒu chéngnuò
Suīrán dōu tài cuìruò
Dàn ài xiàng pàomò
Rúguǒ nenggòu kànpò
Yǒu shé me nánguò

Zǎo gāi zhīdào pàomò
Yī chù jiù po
Jiù xiàng yǐ shāng de xīn
Bùshèng zhémó
Yě bùshì shuí de cuò
Huǎngyán zài duō
Jīyú nǐ hái ài wǒ

Měilì de pàomò
Suīrán yī chà huāhuǒ
Nǐ suǒyǒu chéngnuò
Suīrán dōu tài cuìruò
Ài běn shì pàomò
Rúguǒ nenggòu kànpò
Yǒu shé me nánguò
Zài měide huāduǒ
Shèngkāiguò jiù diāoluò
Zài liàng yǎn de xīng
Yīshǎnguò jiù duòluò
Well, I'm sorry
Rúguǒ nenggòu kànpò
Yǒu shé me nánguò

Wèishéme nánguò
Yǒu shé me nánguò
Wèishéme nánguò

Quándōu shì pàomò
Zhǐ yī chà de huāhuǒ
Nǐ suǒyǒu chéngnuò
Quánbù dōu tài cuìruò
There's no lúnkuò
Guàiwǒ méiyǒu kànpò
Cái rúcǐ nánguò, whoa
Xiāng'ài de bǎwò
Yào rúhé zài sōusuǒ
Xiāng yōngzhe jìmò
Nándào jiù bù jìmò
Well, I'm sorry
Guàiwǒ méiyǒu kànpò
Cái rúcǐ nánguò

Zài yǔ xià de pàomò
Yī chù jiù po
Dāngchū chìrè de xīn
Zǎoyǐ chénmò
Shuō shénme nǐ ài wǒ
Rúguǒ piàn wǒ
Wǒ nìngyuàn nǐ chénmò",it,"Bubbles under the sunlight  
Are colorful  
Just like me, who was deceived  
Is happy  
What’s the use of chasing right or wrong  
Your lies  
Are based on you still loving me  

Beautiful bubbles  
Though a fleeting spark  
All your promises  
Though fragile and weak  
But love is like bubbles  
If you can see through it  
What’s so hard to bear?  

Should have known bubbles  
Burst at once  
Just like a wounded heart  
No longer enduring pain  
Nor anyone’s fault  
No matter how many lies  
They’re based on you still loving me  

Beautiful bubbles  
Though a fleeting spark  
All your promises  
Though fragile and weak  
Love is essentially bubbles  
If you can see through it  
What’s so hard to bear?  
Among beautiful flowers  
Once they bloom, they fall  
Among shining stars  
A flash and they fall  
Well, I’m sorry  
If you can see through it  
What’s so hard to bear?  

Why is it hard to bear?  
What’s so hard to bear?  
Why is it hard to bear?  

It’s all bubbles  
Just a fleeting spark  
All your promises  
Are all too fragile  
There’s no entanglement  
Blame me for not seeing through it  
That’s why it’s so hard to bear, whoa  
How to hold on to love  
How to keep searching  
Embracing loneliness  
Isn’t that loneliness?  
Well, I’m sorry  
Blame me for not seeing through it  
That’s why it’s so hard to bear  

Bubbles in the rain  
Burst at once  
The once burning heart  
Has long been silent  
What is there to say you love me?  
If you deceive me  
I’d rather you be silent"
119,Jay Chou,七里香,Taiwan,57w29bSwdIZ6gr6xXOqwc1,"窗外的麻雀 在電線桿上多嘴
你說這一句 很有夏天的感覺
手中的鉛筆 在紙上來來回回
我用幾行字形容你是我的誰

秋刀魚的滋味 貓跟你都想了解
初戀的香味就這樣被我們尋回
那溫暖的陽光 像剛摘的鮮豔草莓
你說你捨不得吃掉這一種感覺

雨下整夜 我的愛溢出就像雨水
院子落葉 跟我的思念厚厚一疊
幾句是非 也無法將我的熱情冷卻
你出現在我詩的每一頁
雨下整夜 我的愛溢出就像雨水
窗台蝴蝶 像詩裡紛飛的美麗章節
我接著寫 把永遠愛你寫進詩的結尾
你是我唯一想要的了解


雨下整夜 我的愛溢出就像雨水
院子落葉 跟我的思念厚厚一疊
幾句是非也無法將我的熱情冷卻
你出現在我詩的每一頁

那飽滿的稻穗 幸福了這個季節
而你的臉頰像田裡熟透的番茄
你突然對我說 七里香的名字很美
我此刻卻只想親吻你倔強的嘴

雨下整夜 我的愛溢出就像雨水
院子落葉 跟我的思念厚厚一疊
幾句是非 也無法將我的熱情冷卻
你出現在我詩的每一頁
整夜 我的愛溢出就像雨水
窗台蝴蝶 像詩裡紛飛的美麗章節
(我接著寫) Oh, 寫 把永遠愛你寫進詩的結尾
你是我唯一想要的了解","窗外的麻雀 在電線桿上多嘴
你說這一句 很有夏天的感覺
手中的鉛筆 在紙上來來回回
我用幾行字形容你是我的誰

秋刀魚的滋味 貓跟你都想了解
初戀的香味就這樣被我們尋回
那溫暖的陽光 像剛摘的鮮豔草莓
你說你捨不得吃掉這一種感覺

雨下整夜 我的愛溢出就像雨水
院子落葉 跟我的思念厚厚一疊
幾句是非 也無法將我的熱情冷卻
你出現在我詩的每一頁
雨下整夜 我的愛溢出就像雨水
窗台蝴蝶 像詩裡紛飛的美麗章節
我接著寫 把永遠愛你寫進詩的結尾
You are the only thing I want to know


雨下整夜 我的愛溢出就像雨水
院子落葉 跟我的思念厚厚一疊
幾句是非也無法將我的熱情冷卻
你出現在我詩的每一頁

那飽滿的稻穗 幸福了這個季節
而你的臉頰像田裡熟透的番茄
你突然對我說 七里香的名字很美
我此刻卻只想親吻你倔強的嘴

雨下整夜 我的愛溢出就像雨水
院子落葉 跟我的思念厚厚一疊
幾句是非 也無法將我的熱情冷卻
你出現在我詩的每一頁
整夜 我的愛溢出就像雨水
窗台蝴蝶 像詩裡紛飛的美麗章節
(我接著寫) Oh, 寫 把永遠愛你寫進詩的結尾
You are the only thing I want to know",zh,"Sparrows outside the window chatter on the power lines,  
You say these words carry the feeling of summer’s shine.  
The pencil in my hand moves back and forth on the page,  
With a few lines, I describe who you are in my stage.  

The taste of autumn mackerel, both cat and you want to know,  
The scent of first love is something we’ve reclaimed and hold.  
That warm sunlight, like freshly picked, vibrant strawberries,  
You say you can’t bear to let this feeling slip away.  

Rain falls all night, my love overflows like the rain,  
Leaves pile thick in the yard, like my thoughts of you remain.  
A few words of dispute cannot cool my burning fire,  
You appear on every page of my poetry’s desire.  
Rain falls all night, my love overflows like the rain,  
Butterflies on the windowsill, like beautiful verses in a refrain.  
I keep writing, inscribing forever loving you at the end,  
You are the only thing I want to comprehend.  

Rain falls all night, my love overflows like the rain,  
Leaves pile thick in the yard, like my thoughts of you remain.  
A few words of dispute cannot cool my burning fire,  
You appear on every page of my poetry’s desire.  

The full, ripe rice ears bless this season’s grace,  
And your cheeks are like tomatoes, ripe in the field’s embrace.  
You suddenly say the name “Seven Mile Fragrance” sounds so sweet,  
But at this moment, I only want to kiss your stubborn lips’ beat.  

Rain falls all night, my love overflows like the rain,  
Leaves pile thick in the yard, like my thoughts of you remain.  
A few words of dispute cannot cool my burning fire,  
You appear on every page of my poetry’s desire.  
All night long, my love overflows like the rain,  
Butterflies on the windowsill, like beautiful verses in a refrain.  
(I keep writing) Oh, writing, inscribing forever loving you at the end,  
You are the only thing I want to comprehend."
121,Eric Chou,怎麼了,Taiwan,5cU1O9P0EDA0rPkPDykhIm,"你說藍色是你最愛的顏色
你說如果沒有愛那又如何
怎麼了 你怎麼了
看過你曾經最燦爛的笑容
看過你緊緊擁抱愛的面孔
怎麼了 你消失了

是不是我錯了 搞錯了
天灰了 雨下著 凝望著 你走了
都回不去了 像從前快樂

怎麼能輕易說要結束 (怎麼能要結束)
怎麼會讓你抱著我哭
太努力的我們最後用力給祝福
怎麼看你笑著 我卻心如刀割
原來我們都一樣頑固
怎麼會誰都絕口不提要幸福
再也不能牽著你走未來每一步 (未來一步)
我們懷念什麼 失去愛那一刻 才曉得

你說藍色是你最愛的顏色
你說如果沒有愛那又如何
怎麼了 你怎麼了
看過你曾經最燦爛的笑容
看過你緊緊擁抱愛的面孔
怎麼了 你消失了

是不是我錯了 搞錯了
越愛著 越痛著 苦笑著 你走了
我們約好了 要比我快樂

怎麼能輕易說要結束 (怎麼能要結束)
怎麼會讓你抱著我哭
太努力的我們最後用力給祝福
祝福我最愛的 (我最愛的) 遇見更愛你的 飛翔著

我不想說 你不會懂 請別可憐我
受傷的我 究竟需要 一個人 多少年 去度過
我不想說 你不會懂 請別可憐我
誰說我 一定要 永遠笑著 我不想

怎麼能輕易說要結束 (怎麼能要結束)
怎麼會讓你抱著我哭
太努力的我們最後用力給祝福
祝福我最愛的 能永遠飛翔著
原來我們都一樣頑固
怎麼會誰都絕口不提要幸福
再也不能牽著你走未來每一步 (未來一步)
我們懷念什麼 失去愛那一刻 才曉得","你說藍色是你最愛的顏色
你說如果沒有愛那又如何
怎麼了 你怎麼了
看過你曾經最燦爛的笑容
看過你緊緊擁抱愛的面孔
怎麼了 你消失了

是不是我錯了 搞錯了
天灰了 雨下著 凝望著 你走了
都回不去了 像從前快樂

怎麼能輕易說要結束 (怎麼能要結束)
怎麼會讓你抱著我哭
太努力的我們最後用力給祝福
怎麼看你笑著 我卻心如刀割
原來我們都一樣頑固
怎麼會誰都絕口不提要幸福
再也不能牽著你走未來每一步 (未來一步)
我們懷念什麼 失去愛那一刻 才曉得

你說藍色是你最愛的顏色
你說如果沒有愛那又如何
怎麼了 你怎麼了
看過你曾經最燦爛的笑容
看過你緊緊擁抱愛的面孔
怎麼了 你消失了

是不是我錯了 搞錯了
越愛著 越痛著 苦笑著 你走了
我們約好了 要比我快樂

怎麼能輕易說要結束 (怎麼能要結束)
怎麼會讓你抱著我哭
太努力的我們最後用力給祝福
祝福我最愛的 (我最愛的) 遇見更愛你的 飛翔著

我不想說 你不會懂 請別可憐我
受傷的我 究竟需要 一個人 多少年 去度過
我不想說 你不會懂 請別可憐我
誰說我 一定要 永遠笑著 我不想

怎麼能輕易說要結束 (怎麼能要結束)
怎麼會讓你抱著我哭
太努力的我們最後用力給祝福
祝福我最愛的 能永遠飛翔著
原來我們都一樣頑固
怎麼會誰都絕口不提要幸福
再也不能牽著你走未來每一步 (未來一步)
我們懷念什麼 失去愛那一刻 才曉得",zh,"You said blue is your favorite color  
You said if there's no love, then so what  
What’s wrong? What’s wrong with you?  
I’ve seen your brightest smile before  
I’ve seen your face tightly embracing love  
What’s wrong? You’ve disappeared  

Was it my fault? Did I misunderstand?  
The sky turned gray, rain falling, staring as you left  
We can never go back, to the happiness we once had  

How can we so easily say it’s over (how can we say it’s over)  
How could I let you hold me and cry  
We tried so hard, in the end we gave our blessings with all our might  
How can I see you smile while my heart is torn apart  
Turns out we’re both equally stubborn  
How could we both refuse to speak of happiness  
Never again can I hold your hand for every step of the future (every step ahead)  
What do we miss? Only when love is lost do we realize  

You said blue is your favorite color  
You said if there's no love, then so what  
What’s wrong? What’s wrong with you?  
I’ve seen your brightest smile before  
I’ve seen your face tightly embracing love  
What’s wrong? You’ve disappeared  

Was it my fault? Did I misunderstand?  
The more I loved, the more it hurt, smiling bitterly as you left  
We promised each other, you’d be happier than me  

How can we so easily say it’s over (how can we say it’s over)  
How could I let you hold me and cry  
We tried so hard, in the end we gave our blessings with all our might  
Blessings to my dearest (my dearest), may you meet someone who loves you more and soar  

I don’t want to say it, you wouldn’t understand, please don’t pity me  
The wounded me, how many years alone do I need to get through  
I don’t want to say it, you wouldn’t understand, please don’t pity me  
Who says I must always smile forever? I don’t want to  

How can we so easily say it’s over (how can we say it’s over)  
How could I let you hold me and cry  
We tried so hard, in the end we gave our blessings with all our might  
Blessings to my dearest, may you forever soar  
Turns out we’re both equally stubborn  
How could we both refuse to speak of happiness  
Never again can I hold your hand for every step of the future (every step ahead)  
What do we miss? Only when love is lost do we realize"
125,EggPlantEgg,浪子回頭,Taiwan,301mxTHzMyFOVUXl6U22sf,"煙一根一根一根的點
酒一杯一杯一杯的幹
請你要體諒我
我酒量不好別給我衝康
時間一天一天一天的走
汗一滴一滴一滴的流
有一天 咱都老
帶某子逗陣 浪子回頭

親愛的 可愛的
英俊的 朋友
垃圾的 沒品的
沒路用的 朋友

佇坎坷的路騎我兩光摩托車
橫豎我的人生甘哪狗屎
我沒錢沒某沒子甘哪一條命
朋友啊 逗陣來搏

煙一根一根一根的點
酒一杯一杯一杯的幹
請你要體諒我
我酒量不好別給我衝康
時間一天一天一天的走
汗一滴一滴一滴的流
有一天 咱都老
帶某子逗陣 浪子回頭

佇坎坷的路騎我兩光摩托車
橫豎我的人生甘哪狗屎
我沒錢沒某沒子甘哪一條命
朋友啊 逗陣來搏

煙一根一根一根的點
酒一杯一杯一杯的幹
請你要體諒我
我酒量不好別給我衝康
時間一天一天一天的走
汗一滴一滴一滴的流
有一天 咱都老
帶某子逗陣

帶某子逗陣
帶某子逗陣 浪子回頭","煙一根一根一根的點
酒一杯一杯一杯的幹
請你要體諒我
我酒量不好別給我衝康
時間一天一天一天的走
Sweat flows drop by drop
One day we will all be old
帶某子逗陣 浪子回頭

親愛的 可愛的
handsome friend
垃圾的 沒品的
沒路用的 朋友

佇坎坷的路騎我兩光摩托車
橫豎我的人生甘哪狗屎
我沒錢沒某沒子甘哪一條命
朋友啊 逗陣來搏

煙一根一根一根的點
酒一杯一杯一杯的幹
請你要體諒我
我酒量不好別給我衝康
時間一天一天一天的走
Sweat flows drop by drop
One day we will all be old
帶某子逗陣 浪子回頭

佇坎坷的路騎我兩光摩托車
橫豎我的人生甘哪狗屎
我沒錢沒某沒子甘哪一條命
朋友啊 逗陣來搏

煙一根一根一根的點
酒一杯一杯一杯的幹
請你要體諒我
我酒量不好別給我衝康
時間一天一天一天的走
Sweat flows drop by drop
One day we will all be old
帶某子逗陣

帶某子逗陣
帶某子逗陣 浪子回頭",zh,"Lighting one cigarette after another,  
Drinking one glass after another,  
Please understand me,  
I’m not good with alcohol, don’t push me too far.  
Time passes day by day,  
Sweat flows drop by drop,  
One day we will all grow old,  
Bringing someone along, the prodigal returns.  

Dear and lovely,  
Handsome friend,  
Trashy and tasteless,  
Useless friends.  

Riding my shabby motorcycle on a rough road,  
Anyway, my life is just a pile of nonsense,  
I have no money, no lover, no child, just this one life,  
Friends, come together and fight.  

Lighting one cigarette after another,  
Drinking one glass after another,  
Please understand me,  
I’m not good with alcohol, don’t push me too far.  
Time passes day by day,  
Sweat flows drop by drop,  
One day we will all grow old,  
Bringing someone along, the prodigal returns.  

Riding my shabby motorcycle on a rough road,  
Anyway, my life is just a pile of nonsense,  
I have no money, no lover, no child, just this one life,  
Friends, come together and fight.  

Lighting one cigarette after another,  
Drinking one glass after another,  
Please understand me,  
I’m not good with alcohol, don’t push me too far.  
Time passes day by day,  
Sweat flows drop by drop,  
One day we will all grow old,  
Bringing someone along.  

Bringing someone along,  
Bringing someone along, the prodigal returns."
126,"高爾宣 OSN, Patrick Brasca",Hold On,Taiwan,580BvW3DyUNoYFgQgoD2GI,"So why you gotta hold on to those memories?
讓我們進退兩難
能不能夠一通電話
想打給你把想講的都講完
就算悲傷沖淡了回憶
偶爾還是會想起
So why you gotta hold on to those memories?
Would you let me know what's on your mind?
你的限時動態露出蛛絲馬跡
Wait... 
想你的天數不只這點那點
Deep inside
留下的線索 論時間也沖不淡
If you miss me girl, would you tell me so?
'Cause it ain't hard to find
I've been waiting and waiting the whole time
牌都攤在桌上怎麼算
你說的算
So why you gotta hold on to those memories?
讓我們進退兩難
能不能夠一通電話
想打給你把想講的都講完
就算悲傷沖淡了回憶
偶爾還是會想起
So why you gotta hold on to those memories?
Ooh woah woah woah
Those memories
Ooh woah woah woah
Those memories
(I'm up in the sky)
(You're flying a kite)
(Won't let me go)
Yeah
(I'm feeling so small)
但誰猜得到
我也希望能 find someone like you
But I'm not Adele
我也希望能裝作不在乎
When you're not around
到底愛你是福還是禍
I would never let you fall
Hold on to that rope tied on my throat
就算握緊彼此是一種失誤
Yeah, you could cut me open, cut me deep
Don't cut me loose
So why you gotta hold on to those memories?
讓我們進退兩難
能不能夠一通電話
想打給你把想講的都講完
就算悲傷沖淡了回憶
偶爾還是會想起
So why you gotta hold on to those memories?
I'm sick at all these time
每次都是我在配合你
(每次都是我在配合你)
Yeah 都說得很簡單
但說了幾次想要放下你
(但說了幾次想要放下你)
(Yeah) I hate myself 那天在包廂外面抱緊你
(那天在包廂外面抱緊你)
Just tell me why you gotta hold on to those memories?
Ooh woah woah woah
So why you gotta hold on to","So why you gotta hold on to those memories?
讓我們進退兩難
能不能夠一通電話
想打給你把想講的都講完
就算悲傷沖淡了回憶
偶爾還是會想起
So why you gotta hold on to those memories?
Would you let me know what's on your mind?
你的限時動態露出蛛絲馬跡
Wait...
想你的天數不只這點那點
Deep inside
留下的線索 論時間也沖不淡
If you miss me girl, would you tell me so?
'Cause it ain't hard to find
I've been waiting and waiting the whole time
牌都攤在桌上怎麼算
你說的算
So why you gotta hold on to those memories?
讓我們進退兩難
能不能夠一通電話
想打給你把想講的都講完
就算悲傷沖淡了回憶
偶爾還是會想起
So why you gotta hold on to those memories?
Ooh woah woah woah
Those memories
Ooh woah woah woah
Those memories
(I'm up in the sky)
(You're flying a kite)
(Won't let me go)
Yeah
(I'm feeling so small)
但誰猜得到
I also hope to find someone like you
But I'm not Adele
我也希望能裝作不在乎
When you're not around
到底愛你是福還是禍
I would never let you fall
Hold on to that rope tied on my throat
就算握緊彼此是一種失誤
Yeah, you could cut me open, cut me deep
Don't cut me loose
So why you gotta hold on to those memories?
讓我們進退兩難
能不能夠一通電話
想打給你把想講的都講完
就算悲傷沖淡了回憶
偶爾還是會想起
So why you gotta hold on to those memories?
I'm sick at all these time
I am cooperating with you every time
(I am always cooperating with you)
Yeah 都說得很簡單
但說了幾次想要放下你
(但說了幾次想要放下你)
(Yeah) I hate myself 那天在包廂外面抱緊你
(那天在包廂外面抱緊你)
Just tell me why you gotta hold on to those memories?
Ooh woah woah woah
So why you gotta hold on to",zh,"So why do you have to hold on to those memories?  
We're caught in a dilemma, unable to move forward or back  
Can we just have one phone call?  
I want to call you and say everything I need to say  
Even if sadness fades the memories  
Sometimes they still come to mind  
So why do you have to hold on to those memories?  

Would you let me know what's on your mind?  
Your stories on social media reveal subtle clues  
Wait...  
The days I miss you are more than just a few  
Deep inside  
The traces left behind can't be washed away by time  
If you miss me, girl, would you tell me so?  
'Cause it ain't hard to find  
I've been waiting and waiting all this time  
The cards are all laid on the table, how do we play?  
You get to decide  

So why do you have to hold on to those memories?  
We're caught in a dilemma, unable to move forward or back  
Can we just have one phone call?  
I want to call you and say everything I need to say  
Even if sadness fades the memories  
Sometimes they still come to mind  
So why do you have to hold on to those memories?  

Ooh woah woah woah  
Those memories  
Ooh woah woah woah  
Those memories  

(I'm up in the sky)  
(You're flying a kite)  
(Won't let me go)  
Yeah  
(I'm feeling so small)  
But who could have guessed?  
I also hope to find someone like you  
But I'm not Adele  
I also wish I could pretend not to care  
When you're not around  
Is loving you a blessing or a curse?  
I would never let you fall  
Hold on to that rope tied around my throat  
Even if holding tight to each other is a mistake  
Yeah, you could cut me open, cut me deep  
Don't cut me loose  

So why do you have to hold on to those memories?  
We're caught in a dilemma, unable to move forward or back  
Can we just have one phone call?  
I want to call you and say everything I need to say  
Even if sadness fades the memories  
Sometimes they still come to mind  
So why do you have to hold on to those memories?  

I'm sick of all this time  
I am cooperating with you every time  
(I am always cooperating with you)  
Yeah, it all sounds so simple  
But how many times have I said I want to let you go?  
(But how many times have I said I want to let you go?)  
(Yeah) I hate myself for holding you tight outside the private room that day  
(That day holding you tight outside the private room)  
Just tell me why you have to hold on to those memories?  

Ooh woah woah woah  
So why do you have to hold on to—"
132,Stefanie Sun,雨天,Taiwan,5tZbcQ5PYID0xB0VNblmrK,"我的小時候吵鬧任性的時侯
我的外婆總會唱歌哄我
夏天的午后老老的歌安慰我
那首歌好像這樣唱的

天黑黑 欲落雨
天黑黑 黑黑

離開小時候有了自己的生活
新鮮的歌新鮮的念頭
任性和衝動無法控制的時候
我忘記還有這樣的歌

天黑黑 欲落雨
天黑黑 黑黑

我愛上讓我奮不顧身的一個人
我以為這就是我所追求的世界
然而橫衝直撞被誤解被騙
是否成人的世界背後總有殘缺
我走在每天必須面對的分岔路
我懷念過去單純美好的小幸福
愛總是讓人哭讓人覺得不滿足
天空很大卻看不清楚好孤獨


我愛上讓我奮不顧身的一個人
我以為這就是我所追求的世界
然而橫衝直撞被誤解被騙
是否成人的世界背後總有殘缺
我走在每天必須面對的分岔路
我懷念過去單純美好的小幸福
愛總是讓人哭讓人覺得不滿足
天空很大卻看不清楚好孤獨

天黑的時候我又想起那首歌
突然期待下起安靜的雨
原來外婆的道理早就唱給我聽
下起雨也要勇敢前進

我相信一切都會平息
我現在好想回家去

天黑黑 欲落雨
天黑黑 黑黑","我的小時候吵鬧任性的時侯
我的外婆總會唱歌哄我
The old song comforts me in the summer afternoon
那首歌好像這樣唱的

It's dark and it's about to rain
It's dark, it's dark

離開小時候有了自己的生活
新鮮的歌新鮮的念頭
任性和衝動無法控制的時候
我忘記還有這樣的歌

It's dark and it's about to rain
It's dark, it's dark

我愛上讓我奮不顧身的一個人
我以為這就是我所追求的世界
然而橫衝直撞被誤解被騙
是否成人的世界背後總有殘缺
我走在每天必須面對的分岔路
我懷念過去單純美好的小幸福
愛總是讓人哭讓人覺得不滿足
天空很大卻看不清楚好孤獨


我愛上讓我奮不顧身的一個人
我以為這就是我所追求的世界
然而橫衝直撞被誤解被騙
是否成人的世界背後總有殘缺
我走在每天必須面對的分岔路
我懷念過去單純美好的小幸福
愛總是讓人哭讓人覺得不滿足
天空很大卻看不清楚好孤獨

天黑的時候我又想起那首歌
突然期待下起安靜的雨
原來外婆的道理早就唱給我聽
下起雨也要勇敢前進

我相信一切都會平息
我現在好想回家去

It's dark and it's about to rain
It's dark, it's dark",zh,"When I was a noisy, willful child,  
My grandmother would always sing to soothe me.  
That old song comforts me on summer afternoons,  
It seems the song goes something like this:

It's dark and it's about to rain,  
It's dark, it's dark.

Leaving childhood behind, I began my own life,  
Fresh songs, fresh thoughts.  
When willfulness and impulse run wild and uncontrolled,  
I forget that such a song still exists.

It's dark and it's about to rain,  
It's dark, it's dark.

I fell in love with someone who made me reckless,  
I thought this was the world I was chasing.  
Yet rushing headlong, misunderstood and deceived,  
Is there always a flaw behind the adult world?  
I walk the crossroads I must face each day,  
I long for the simple, beautiful little happiness of the past.  
Love always makes people cry, makes them feel unsatisfied,  
The sky is vast but I can’t see clearly—so lonely.

I fell in love with someone who made me reckless,  
I thought this was the world I was chasing.  
Yet rushing headlong, misunderstood and deceived,  
Is there always a flaw behind the adult world?  
I walk the crossroads I must face each day,  
I long for the simple, beautiful little happiness of the past.  
Love always makes people cry, makes them feel unsatisfied,  
The sky is vast but I can’t see clearly—so lonely.

When it’s dark, I think of that song again,  
Suddenly hoping for a quiet rain to fall.  
It turns out my grandmother’s wisdom was sung to me long ago—  
Even when it rains, you must bravely move forward.

I believe everything will calm down,  
Right now, I really want to go home.

It's dark and it's about to rain,  
It's dark, it's dark."
133,玖壹壹,下輩子,Taiwan,73Ijz3vN9KP1W5qrfNeWMI,"我知 妳老母都嫌我醜
我知 妳老爸都看我不爽快
我知 妳家的狗 咬我三次
全家伙都賭爛 其實我都會知

我寄呼妳的信 都給妳爸撕掉
我打電話去妳家 擱呼妳媽掛掉
連我走去妳家 都有人來討債
我不敢相信 自己怎會甲衰小
妳老爸老母看我無 我選里長給他看
伊嫌我不夠好野 但我有好的心肝
送芒果去妳家又呼妳爸丟在地下
我發誓 下輩子 我要娶他女兒
我拜天 我拜地 求菩薩讓咱作夥
妳永遠 是家裡 最甲意 那一個
這世人沒辦法給妳山盟海誓
後世人再帶妳去呷妳最愛的燒酒螺

妳說下輩子如果我還記得妳
我們死也要在一起
像是陷入催眠的指令
我又開始昏迷不醒
好吧下輩子如果我還記得妳
妳的誓言可別忘記
不過一張明信片而已
我已隨他走入 下個輪迴裡

這輩子無法的話 那可以下輩子好嗎
妳說當朋友的話 那我也就這樣做吧
我看著妳去愛誰 比做牛做馬還累
妳的另一半在哪裡我I DONT CARE
我什麼時候 會離開 在走上奈何橋
不選擇孟婆湯的話 我吞下那不該吃的藥
為了可以在人群之中讓我更快的找到妳
我決定在離開前 我先來帶個望遠鏡
COME ON BABY 說好下輩子妳要在我身邊
我還會記得那牌子 跟妳最愛抽的菸
我更他媽的希望時間可以再快一點
讓我過完這輩子 完成我的心願
沒有了天長地久 真的我沒差
下輩子還要記得妳 是我的真心話
就算是角色互換 那我真的沒關係
反正 也 對阿 對阿 我心甘情願的被妳插

妳說下輩子如果我還記得妳
我們死也要在一起
像是陷入催眠的指令
我又開始昏迷不醒
好吧下輩子如果我還記得妳
妳的誓言可別忘記
不過一張明信片而已
我已隨他走入 下個輪迴裡

這輩子無法的話我沒差
只想跟妳說我的真心話
一個無理的要求 答應我好嗎
不管是天堂地獄 我都沒在怕","我知 妳老母都嫌我醜
I know your dad is unhappy with me
I know your dog bit me three times
全家伙都賭爛 其實我都會知

我寄呼妳的信 都給妳爸撕掉
我打電話去妳家 擱呼妳媽掛掉
連我走去妳家 都有人來討債
我不敢相信 自己怎會甲衰小
妳老爸老母看我無 我選里長給他看
伊嫌我不夠好野 但我有好的心肝
送芒果去妳家又呼妳爸丟在地下
我發誓 下輩子 我要娶他女兒
我拜天 我拜地 求菩薩讓咱作夥
妳永遠 是家裡 最甲意 那一個
這世人沒辦法給妳山盟海誓
後世人再帶妳去呷妳最愛的燒酒螺

妳說下輩子如果我還記得妳
我們死也要在一起
Like instructions to fall into hypnosis
我又開始昏迷不醒
好吧下輩子如果我還記得妳
妳的誓言可別忘記
不過一張明信片而已
我已隨他走入 下個輪迴裡

這輩子無法的話 那可以下輩子好嗎
妳說當朋友的話 那我也就這樣做吧
我看著妳去愛誰 比做牛做馬還累
妳的另一半在哪裡我I DONT CARE
我什麼時候 會離開 在走上奈何橋
不選擇孟婆湯的話 我吞下那不該吃的藥
為了可以在人群之中讓我更快的找到妳
我決定在離開前 我先來帶個望遠鏡
COME ON BABY 說好下輩子妳要在我身邊
我還會記得那牌子 跟妳最愛抽的菸
我更他媽的希望時間可以再快一點
讓我過完這輩子 完成我的心願
沒有了天長地久 真的我沒差
下輩子還要記得妳 是我的真心話
就算是角色互換 那我真的沒關係
反正 也 對阿 對阿 我心甘情願的被妳插

妳說下輩子如果我還記得妳
我們死也要在一起
Like instructions to fall into hypnosis
我又開始昏迷不醒
好吧下輩子如果我還記得妳
妳的誓言可別忘記
不過一張明信片而已
我已隨他走入 下個輪迴裡

這輩子無法的話我沒差
只想跟妳說我的真心話
一個無理的要求 答應我好嗎
不管是天堂地獄 我都沒在怕",zh,"I know your mother thinks I'm ugly  
I know your dad is unhappy with me  
I know your dog bit me three times  
The whole family’s fed up, but I know it all the same  

I send letters to you, but your dad tears them up  
I call your house, but your mom hangs up  
Even when I walk to your place, someone comes to collect debts  
I can’t believe how unlucky I’ve become  
Your parents look down on me, so I show them the village chief I chose  
They think I’m not good enough, but I have a good heart  
I send mangoes to your home, only for your dad to throw them on the ground  
I swear, in the next life, I’ll marry their daughter  
I pray to heaven, I pray to earth, begging Bodhisattva to let us be together  
You will always be the one most cherished at home  
This world can’t give you vows as deep as mountains and seas  
But in the next life, someone will take you to eat your favorite drunken snails  

You say if I still remember you in the next life  
We must be together even in death  
Like instructions to fall into hypnosis  
I start to lose consciousness again  
Alright, if I still remember you in the next life  
Don’t forget your promise  
It’s just a postcard after all  
I’ve already followed it into the next reincarnation  

If it can’t happen this life, then how about the next?  
You say if we’re just friends, then that’s what I’ll do  
I watch you love someone else, more exhausting than being a beast of burden  
Where is your other half? I don’t care  
When will I leave and cross the Naihe Bridge?  
If I don’t choose Meng Po’s soup, I’ll swallow the forbidden medicine  
So I can find you faster among the crowd  
Before I leave, I decide to bring a telescope  
Come on baby, promise me you’ll be by my side in the next life  
I’ll still remember that brand and the cigarettes you love to smoke  
I damn well hope time speeds up  
So I can finish this life and fulfill my wish  
I don’t care about forever and ever  
Remembering you in the next life is my true heart’s word  
Even if we switch roles, I really don’t mind  
Anyway, yes, yes, I’m willing to be pierced by you  

You say if I still remember you in the next life  
We must be together even in death  
Like instructions to fall into hypnosis  
I start to lose consciousness again  
Alright, if I still remember you in the next life  
Don’t forget your promise  
It’s just a postcard after all  
I’ve already followed it into the next reincarnation  

If it can’t happen this life, I don’t mind  
I just want to tell you my true heart  
An unreasonable request, will you promise me?  
No matter heaven or hell, I’m not afraid"
134,Amazing Show,捲菸,Taiwan,7ks6KrwN2DKhEm06X85qEK,"我們曾經那麼快樂 現在卻不愛了
我說妳這樣太扯 妳說妳不愛台客
該來的那天還是來了 我唱著哀歌
這段感情失敗了 但我會一直在這
我們像是天南和地北 截然不同的地位
我們像是淑真和水扁 苦撐多少的淬煉
承諾還是無法兌現 我只能說人會變
妳也不用覺得虧欠 妳要愛誰我隨便

但是我還會繼續愛你
而在妳面前我會假裝不在意
當個工具人 二十四小時待機
不怕我寵壞妳

對不起我騙了妳
捲菸的菸草不來自後山
戒不掉菸 戒不掉妳 該怎麼辦
妳轉身離開我
我知道是我活該
捲菸捲走我的愛 我的愛

上了大學玩了樂團 交了壞朋友
崇拜金錢 崇拜權利 也崇拜成就
白天練團晚上夜店我都待很久
忘了自己忘了初衷 誰能來拯救
迷途的羔羊 每天我照樣
少了妳好像白天少了朝陽
好想變回那個屁孩只會尻槍
而不是獨自翱翔
Oh, 好想 翱翔
Oh

Ah, 對不起我騙了妳
捲菸的菸草不來自後山
戒不掉菸 戒不掉妳 該怎麼辦
妳轉身離開我
我知道是我活該
捲菸捲走我的愛 我的愛

Yeah, yeah
Oh, yeah, yeah

對不起我騙了妳
捲菸的菸草不來自後山
戒不掉菸 戒不掉妳 該怎麼辦
妳轉身離開我
我知道是我活該
捲菸捲走我的愛 我的愛
捲菸捲走我的愛 我的愛

La-la-la, la-la-la
La-la-la-la-la-la-la-la
La-la-la, la-la-la-la, la-la-la-la
La-la-la, la-la-la
La-la-la-la-la-la-la
La-la-la-la-la-la-la","我們曾經那麼快樂 現在卻不愛了
我說妳這樣太扯 妳說妳不愛台客
該來的那天還是來了 我唱著哀歌
這段感情失敗了 但我會一直在這
我們像是天南和地北 截然不同的地位
我們像是淑真和水扁 苦撐多少的淬煉
承諾還是無法兌現 我只能說人會變
妳也不用覺得虧欠 妳要愛誰我隨便

但是我還會繼續愛你
而在妳面前我會假裝不在意
當個工具人 二十四小時待機
不怕我寵壞妳

對不起我騙了妳
捲菸的菸草不來自後山
戒不掉菸 戒不掉妳 該怎麼辦
妳轉身離開我
我知道是我活該
捲菸捲走我的愛 我的愛

上了大學玩了樂團 交了壞朋友
崇拜金錢 崇拜權利 也崇拜成就
白天練團晚上夜店我都待很久
忘了自己忘了初衷 誰能來拯救
迷途的羔羊 每天我照樣
少了妳好像白天少了朝陽
好想變回那個屁孩只會尻槍
而不是獨自翱翔
Oh, I really want to fly
Oh

Ah, 對不起我騙了妳
捲菸的菸草不來自後山
戒不掉菸 戒不掉妳 該怎麼辦
妳轉身離開我
我知道是我活該
捲菸捲走我的愛 我的愛

Yeah, yeah
Oh, yeah, yeah

對不起我騙了妳
捲菸的菸草不來自後山
戒不掉菸 戒不掉妳 該怎麼辦
妳轉身離開我
我知道是我活該
捲菸捲走我的愛 我的愛
捲菸捲走我的愛 我的愛

La-la-la, la-la-la
La-la-la-la-la-la-la-la
La-la-la, la-la-la-la, la-la-la-la
La-la-la, la-la-la
La-la-la-la-la-la-la
La-la-la-la-la-la-la",zh,"We used to be so happy, now we don’t love anymore  
I said you’re being too much, you said you don’t love the country boy  
The day that had to come still came, I sing a mournful song  
This love has failed, but I will always be here  

We’re like north and south, completely different places  
We’re like Shu Zhen and Shui Bian, enduring so many trials  
Promises still can’t be fulfilled, all I can say is people change  
You don’t need to feel guilty, love whoever you want, I don’t care  

But I will still keep loving you  
And in front of you, I’ll pretend not to care  
Be a tool for you, on standby twenty-four hours  
Not afraid of spoiling you  

Sorry, I lied to you  
The tobacco in my rolled cigarettes doesn’t come from the mountains behind  
Can’t quit smoking, can’t quit you, what should I do?  
You turned your back and left me  
I know I deserve it  
Rolling cigarettes rolled away my love, my love  

Went to college, played in a band, made bad friends  
Worshipped money, worshipped power, also worshipped success  
Practiced band by day, stayed long at clubs by night  
Forgot myself, forgot my original intention, who can save me?  
A lost lamb, every day I’m the same  
Without you, it’s like the day lacks the morning sun  
I wish I could be that kid again, just jerking off  
Not soaring alone  
Oh, I really want to fly  
Oh  

Ah, sorry, I lied to you  
The tobacco in my rolled cigarettes doesn’t come from the mountains behind  
Can’t quit smoking, can’t quit you, what should I do?  
You turned your back and left me  
I know I deserve it  
Rolling cigarettes rolled away my love, my love  

Yeah, yeah  
Oh, yeah, yeah  

Sorry, I lied to you  
The tobacco in my rolled cigarettes doesn’t come from the mountains behind  
Can’t quit smoking, can’t quit you, what should I do?  
You turned your back and left me  
I know I deserve it  
Rolling cigarettes rolled away my love, my love  
Rolling cigarettes rolled away my love, my love  

La-la-la, la-la-la  
La-la-la-la-la-la-la-la  
La-la-la, la-la-la-la, la-la-la-la  
La-la-la, la-la-la  
La-la-la-la-la-la-la  
La-la-la-la-la-la-la"
137,Jay Chou,說好的幸福呢,Taiwan,4OoExItZJ0jePoCZDbHx4t,"你的回話凌亂著 在這個時刻
我想起噴泉旁的白鴿 甜蜜散落了
情緒莫名的拉扯 我還愛你呢
而你斷斷續續唱著歌 假裝沒事了

時間過了 走了 愛情面臨選擇
你冷了 倦了 我哭了
離開時的不快樂 你用卡片手寫著
有些愛只給這 真的痛了

怎麼了 你累了 說好的 幸福呢
我懂了 不說了 愛淡了 夢遠了
開心與不開心一一細數著你在不捨
那些愛過的感覺都太深刻 我都還記得
你不等了 說好的 幸福呢
我錯了 淚乾了 放手了 後悔了
只是回憶的音樂盒還旋轉著 要怎麼停呢

你的回話凌亂著 在這個時刻
我想起噴泉旁的白鴿 甜蜜散落了
情緒莫名的拉扯 我還愛你呢
而你斷斷續續唱著歌 假裝沒事了

時間過了 走了 愛情面臨選擇
你冷了 倦了 我哭了
離開時的不快樂 你用卡片手寫著
有些愛只給到這真的痛了

怎麼了 你累了 說好的 幸福呢
我懂了 不說了 愛淡了 夢遠了
開心與不開心一一細數著你在不捨
那些愛過的感覺都太深刻 我都還記得
你不等了 說好的幸福呢
我錯了 淚乾了 放手了 後悔了
只是回憶的音樂盒還旋轉著 要怎麼停呢

怎麼了 你累了 說好的 幸福呢
我懂了 不說了 愛淡了 夢遠了 我都還記得
你不等了 說好的幸福呢
我錯了 淚乾了 放手了 後悔了
只是回憶的音樂盒還旋轉著 要怎麼停呢","你的回話凌亂著 在這個時刻
我想起噴泉旁的白鴿 甜蜜散落了
情緒莫名的拉扯 我還愛你呢
而你斷斷續續唱著歌 假裝沒事了

時間過了 走了 愛情面臨選擇
You are cold, tired and I cry
離開時的不快樂 你用卡片手寫著
有些愛只給這 真的痛了

怎麼了 你累了 說好的 幸福呢
我懂了 不說了 愛淡了 夢遠了
開心與不開心一一細數著你在不捨
那些愛過的感覺都太深刻 我都還記得
你不等了 說好的 幸福呢
我錯了 淚乾了 放手了 後悔了
只是回憶的音樂盒還旋轉著 要怎麼停呢

你的回話凌亂著 在這個時刻
我想起噴泉旁的白鴿 甜蜜散落了
情緒莫名的拉扯 我還愛你呢
而你斷斷續續唱著歌 假裝沒事了

時間過了 走了 愛情面臨選擇
You are cold, tired and I cry
離開時的不快樂 你用卡片手寫著
有些愛只給到這真的痛了

怎麼了 你累了 說好的 幸福呢
我懂了 不說了 愛淡了 夢遠了
開心與不開心一一細數著你在不捨
那些愛過的感覺都太深刻 我都還記得
你不等了 說好的幸福呢
我錯了 淚乾了 放手了 後悔了
只是回憶的音樂盒還旋轉著 要怎麼停呢

怎麼了 你累了 說好的 幸福呢
我懂了 不說了 愛淡了 夢遠了 我都還記得
你不等了 說好的幸福呢
我錯了 淚乾了 放手了 後悔了
只是回憶的音樂盒還旋轉著 要怎麼停呢",zh,"Your replies are scattered, in this very moment  
I recall the white doves by the fountain, sweetness falling apart  
Emotions tugging strangely, I still love you  
While you sing brokenly, pretending nothing’s wrong  

Time has passed, gone by, love faces a choice  
You are cold, tired, and I cry  
The unhappiness at parting, you wrote by hand on a card  
Some loves only reach this point, and it truly hurts  

What’s wrong? You’re tired, where is the promised happiness?  
I understand now, no more words, love has faded, dreams have drifted away  
Counting joys and sorrows, one by one, you linger in reluctance  
Those feelings once loved are too profound, I still remember them all  
You no longer wait, where is the promised happiness?  
I was wrong, tears have dried, I’ve let go, and I regret it  
But the music box of memories still keeps turning—how can it stop?  

Your replies are scattered, in this very moment  
I recall the white doves by the fountain, sweetness falling apart  
Emotions tugging strangely, I still love you  
While you sing brokenly, pretending nothing’s wrong  

Time has passed, gone by, love faces a choice  
You are cold, tired, and I cry  
The unhappiness at parting, you wrote by hand on a card  
Some loves only reach this point, and it truly hurts  

What’s wrong? You’re tired, where is the promised happiness?  
I understand now, no more words, love has faded, dreams have drifted away  
Counting joys and sorrows, one by one, you linger in reluctance  
Those feelings once loved are too profound, I still remember them all  
You no longer wait, where is the promised happiness?  
I was wrong, tears have dried, I’ve let go, and I regret it  
But the music box of memories still keeps turning—how can it stop?  

What’s wrong? You’re tired, where is the promised happiness?  
I understand now, no more words, love has faded, dreams have drifted away, I still remember  
You no longer wait, where is the promised happiness?  
I was wrong, tears have dried, I’ve let go, and I regret it  
But the music box of memories still keeps turning—how can it stop?"
144,Zhang Zhen Yue,愛我別走,Taiwan,2fc2vUA5H3mTAr9rQoBDKt,"抓不住愛情的我、總是眼睜睜看她溜走
世界上幸福的人到處有、為何不能算我一個
為了愛孤軍奮鬥
早就吃夠了愛情的苦
在愛中失落的人到處有而我只是其中一個
愛要越挫越勇
愛要肯定執著
每一個單身的人得看透 想愛就別怕傷痛

找一個最愛的 深愛的 相愛的 親愛的人
來告別單身
一個多情的 癡情的 絕情的 無情的人
來給我傷痕
孤單的人那麼多
快樂的沒有幾個
不要愛過了 錯過了 留下了單身的我
獨自唱情歌

為了愛孤軍奮鬥
早就吃夠了愛情的苦
在愛中失落的人到處有而我只是其中一個
愛要越挫越勇
愛要肯定執著
每一個單身的人得看透 想愛就別怕傷痛

找一個最愛的 深愛的 相愛的 親愛的人
來告別單身
一個多情的 癡情的 絕情的 無情的人
來給我傷痕
孤單的人那麼多
快樂的沒有幾個
不要愛過了 錯過了 留下了單身的我
獨自唱情歌

找一個最愛的 深愛的 相愛的 親愛的人
來告別單身
一個多情的 癡情的 絕情的 無情的人
來給我傷痕
傷心的人那麼多
我應該勇敢的過
不要愛過了 錯過了 留下了單身的我
獨自唱情歌
這首真心的 痴心的 傷心的單身情歌
誰與我來和

***Pinyin lyrics***
Zhuā bú zhù ài qíng de wǒ 
Zǒng shì yǎn zhēng zhēng kàn tā liū zǒu
Shì jiè shàng xìng fú de rén dào chù yǒu
Wèi hé bù néng suàn wǒ yí gè
Wèi le ài gūjūn fèndòu
Zǎo jiù chī gòule àiqíng de kǔ
Zài ài zhōng shīluò de rén dàochù yǒu
Er wǒ zhǐshì qízhōng yīgè
Ai yào yuè cuò yuè yǒng
Ai yào kěndìng zhízhuó
Měi yīgè dānshēn de rén dé kàntòu
Xiǎng ài jiù bié pà shāng tòng

Zhǎo yí gè zuì ài de, shēn ài de, xiāng ài de, qīn ài de rén 
Lái gào bié dān shēn 
Yīgè duōqíng de chīqíng de juéqíng de wúqíng de rén
Lái gěi wǒ shānghén
Gūdān de rén nàme duō
Kuàilè de méiyǒu jǐ gè
Bùyào àiguò le, cuòguò le, liú xià le dānshēn de wo
Dúzì chàng qínggē

Zhuā bú zhù ài qíng de wǒ 
Zǒng shì yǎn zhēng zhēng kàn tā liū zǒu
Shì jiè shàng xìng fú de rén dào chù yǒu
Wèi hé bù néng suàn wǒ yí gè
Wèi le ài gūjūn fèndòu
Zǎo jiù chī gòule àiqíng de kǔ
Zài ài zhōng shīluò de rén dàochù yǒu
Er wǒ zhǐshì qízhōng yīgè
Ai yào yuè cuò yuè yǒng
Ai yào kěndìng zhízhuó
Měi yīgè dānshēn de rén dé kàntòu
Xiǎng ài jiù bié pà shāng tòng

Zhǎo yí gè zuì ài de, shēn ài de, xiāng ài de, qīn ài de rén 
Lái gào bié dān shēn 
Yīgè duōqíng de chīqíng de juéqíng de wúqíng de rén
Lái gěi wǒ shānghén
Gūdān de rén nàme duō
Kuàilè de méiyǒu jǐ gè
Bùyào àiguò le, cuòguò le, liú xià le dānshēn de wo
Dúzì chàng qínggē

Zhǎo yí gè zuì ài de, shēn ài de, xiāng ài de, qīn ài de rén 
Lái gào bié dān shēn 
Yīgè duōqíng de chīqíng de juéqíng de wúqíng de rén
Lái gěi wǒ shānghén
Shāngxīn de rén nàme duō
Wǒ yīnggāi yǒnggǎn deguò
Bùyào àiguò le, cuòguò le, liú xià le dānshēn de wo
Dúzì chàng qínggē
Zhè shǒu zhēnxīn de chīxīn de shāngxīn de dānshēn qínggē
Shéi yǔ wǒ lái hé","抓不住愛情的我、總是眼睜睜看她溜走
世界上幸福的人到處有、為何不能算我一個
為了愛孤軍奮鬥
早就吃夠了愛情的苦
在愛中失落的人到處有而我只是其中一個
愛要越挫越勇
愛要肯定執著
每一個單身的人得看透 想愛就別怕傷痛

找一個最愛的 深愛的 相愛的 親愛的人
來告別單身
一個多情的 癡情的 絕情的 無情的人
來給我傷痕
孤單的人那麼多
快樂的沒有幾個
不要愛過了 錯過了 留下了單身的我
獨自唱情歌

為了愛孤軍奮鬥
早就吃夠了愛情的苦
在愛中失落的人到處有而我只是其中一個
愛要越挫越勇
愛要肯定執著
每一個單身的人得看透 想愛就別怕傷痛

找一個最愛的 深愛的 相愛的 親愛的人
來告別單身
一個多情的 癡情的 絕情的 無情的人
來給我傷痕
孤單的人那麼多
快樂的沒有幾個
不要愛過了 錯過了 留下了單身的我
獨自唱情歌

找一個最愛的 深愛的 相愛的 親愛的人
來告別單身
一個多情的 癡情的 絕情的 無情的人
來給我傷痕
傷心的人那麼多
我應該勇敢的過
不要愛過了 錯過了 留下了單身的我
獨自唱情歌
這首真心的 痴心的 傷心的單身情歌
誰與我來和

***Pinyin lyrics***
Zhuā ngu zhù ài qíng de wǒ
Zǒng shì yǎn zhēng zhēng kàn tā liū zǒu
Shì jiè squang xing fú de rén à chu yǒu
Wèi he he bo nhang suàn wǒ yí gè
You can't go wrong
Zǎo jiù chī goule àiqíng de kǔ
Zài ài zhōng shīluò de rén chuachù yǒu
Er wǒ zhǐshì qízhōng yīgè
Ai yào yuè cuò yuè yǒng
Ai yào kěndìng zhízhuó
Měi yīgè dānshēn de ren dé kàntòu
Xiǎng ài jiù bié pà shāng tong

Zhǎo yí gè zuì ài de, shēn ài de, xiāng ài de, qīn ài de ren
The driver screams at the shēn
Yīgè duōqíng de chīqíng de juéqíng de wúqíng de ren
Lai gěi wǒ shānghén
Gūdān de ren name duō
Kuàilè de méiyǒu jǐ gè
If you don't care, you can do it, you can do it
Dúzì guy qínggē

Zhuā ngu zhù ài qíng de wǒ
Zǒng shì yǎn zhēng zhēng kàn tā liū zǒu
Shì jiè squang xing fú de rén à chu yǒu
Wèi he he bo nhang suàn wǒ yí gè
You can't go wrong
Zǎo jiù chī goule àiqíng de kǔ
Zài ài zhōng shīluò de rén chuachù yǒu
Er wǒ zhǐshì qízhōng yīgè
Ai yào yuè cuò yuè yǒng
Ai yào kěndìng zhízhuó
Měi yīgè dānshēn de ren dé kàntòu
Xiǎng ài jiù bié pà shāng tong

Zhǎo yí gè zuì ài de, shēn ài de, xiāng ài de, qīn ài de ren
The driver screams at the shēn
Yīgè duōqíng de chīqíng de juéqíng de wúqíng de ren
Lai gěi wǒ shānghén
Gūdān de ren name duō
Kuàilè de méiyǒu jǐ gè
If you don't care, you can do it, you can do it
Dúzì guy qínggē

Zhǎo yí gè zuì ài de, shēn ài de, xiāng ài de, qīn ài de ren
The driver screams at the shēn
Yīgè duōqíng de chīqíng de juéqíng de wúqíng de ren
Lai gěi wǒ shānghén
Shāngxīn de ren name duō
Wǒ yīnggāi yǒnggǎn deguò
If you don't care, you can do it, you can do it
Dúzì guy qínggē
Zhè shǒu zhēnxīn de chīxīn de shāngxīn de dānshēn qínggē
Shéi yǔ wǒ lai he",zh,"I, who can’t hold on to love, always watch helplessly as she slips away  
There are happy people everywhere in the world, so why can’t I be one of them?  
Fighting alone for love,  
I’ve long since tasted the bitterness of love.  
There are many lost souls in love, and I am just one among them.  

Love must grow braver with each setback,  
Love requires firm persistence.  
Every single person who’s single must see clearly:  
If you want to love, don’t be afraid of pain.  

Find someone to love the most, to love deeply, to love mutually, to love dearly,  
To say goodbye to being single.  
Someone passionate, devoted, ruthless, and cold,  
To give me scars.  
So many are lonely,  
But few are truly happy.  
Don’t just love and lose,  
Leaving me single,  
Singing love songs alone.  

I, who can’t hold on to love, always watch helplessly as she slips away  
There are happy people everywhere in the world, so why can’t I be one of them?  
Fighting alone for love,  
I’ve long since tasted the bitterness of love.  
There are many lost souls in love, and I am just one among them.  

Love must grow braver with each setback,  
Love requires firm persistence.  
Every single person who’s single must see clearly:  
If you want to love, don’t be afraid of pain.  

Find someone to love the most, to love deeply, to love mutually, to love dearly,  
To say goodbye to being single.  
Someone passionate, devoted, ruthless, and cold,  
To give me scars.  
So many are lonely,  
But few are truly happy.  
Don’t just love and lose,  
Leaving me single,  
Singing love songs alone.  

Find someone to love the most, to love deeply, to love mutually, to love dearly,  
To say goodbye to being single.  
Someone passionate, devoted, ruthless, and cold,  
To give me scars.  
So many are heartbroken,  
I should live bravely.  
Don’t just love and lose,  
Leaving me single,  
Singing love songs alone.  

This heartfelt, devoted, sorrowful single’s love song—  
Who will sing it with me?"
145,Jay Chou,一路向北,Taiwan,7KoqEF76fGnDYdxTSHLxcm,"Hòu shì jìng lǐ de shìjiè yuè lái yuè yuǎn de dào bié
Nǐ zhuǎnshēn xiàngbèi cè liǎn háishì hěn měi
Wǒ yòng yǎnguāng qù zhuī jìng tīngjiàn nǐ de lèi
Zài chē chuāngwàimiàn páihuái shì wǒ cuòshī de jīhuì
Nǐ zhàn de fāngwèi gēn wǒ zhōng jiàn gézhe lèi
Jiējǐng yīzhí zài hòutuì nǐ de bēngkuì zài chuāngwài língsuì

Wǒ yīlù xiàng běi líkāi yǒu nǐ de jìjié
Nǐ shuō nǐ hǎo lèi yǐ wúfǎ zài ài shàng sheí
Fēng zài shānlù chuī guòwǎng de huàmiàn quándōu shì wǒ bùduì
Xì shù cánkuì wǒ shāng nǐ jǐ huí

Hòu shì jìng lǐ de shìjiè yuè lái yuè yuǎn de dào bié
Nǐ zhuǎnshēn xiàngbèi cè liǎn háishì hěn měi
Wǒ yòng yǎnguāng qù zhuī jìng tīngjiàn nǐ de lèi
Zài chē chuāng wàimiàn páihuái shì wǒ cuòshī de jīhuì
Nǐ zhàn de fāngwèi gēn wǒ zhōng jiàn gézhe lèi
Jiējǐng yīzhí zài hòutuì nǐ de bēngkuì zài chuāng wài língsuì

Wǒ yīlù xiàng běi líkāi yǒu nǐ de jìjié
Nǐ shuō nǐ hǎo lèi yǐ wúfǎ zài ài shàng shuí
Fēng zài shānlù chuī guòwǎng de huàmiàn quándōu shì wǒ bùduì
Xì shù cánkuì wǒ shāng nǐ jǐ huí
Wǒ yīlù xiàng běi líkāi yǒu nǐ de jìjié
Fāngxiàngpán zhōuwéi huízhuǎnzhe wǒ de hòuhuǐ
Wǒ jiāsù chāoyuè què shuǎi bù diào jǐn jǐn gēnsuí de shāng bēi
Xì shù cánkuì wǒ shāng nǐ jǐ huí
Tíngzhǐ lángbèi jiù ràng cuò chúncuì","Hòu shì jìng lǐ de sìjiè yuè lái yuè yuǎn de dào bié
Nǐ zhuǎnshēn xiàngbèi cè liǎn háishì hěn měi
Wǒ yòng yǎnguāng qù zhuī jìng tīngjiàn nǐ de lèi
Zài chē chuāngwàimiàn páihuái shì wǒ cuòshī de jīhuì
Nǐ zhàn de fāngwèi gēn wǒ zhōng jiàn gézhe lèi
Jiējǐng yīzhí zài hòutuì nǐ de bēngkuì zài chuāngwài língsuì

Wǒ yīlù xiàng běi líkāi yǒu nǐ de jìjié
Nǐ shuō nǐ hǎo lèi yǐ wúfǎ zài ài shàng sheí
Fēng zài shānlù chuī guòwǎng de huàmiàn quándōu shì wǒ bùduì
Xì shù cánkuì wǒ shāng nǐ jǐ huí

Hòu shì jìng lǐ de sìjiè yuè lái yuè yuǎn de dào bié
Nǐ zhuǎnshēn xiàngbèi cè liǎn háishì hěn měi
Wǒ yòng yǎnguāng qù zhuī jìng tīngjiàn nǐ de lèi
Zài chē chuāng wàimiàn páihuái shì wǒ cuòshī de jīhuì
Nǐ zhàn de fāngwèi gēn wǒ zhōng jiàn gézhe lèi
Jiējǐng yīzhí zài hòutuì nǐ de bēngkuì zài chuāng wài língsuì

Wǒ yīlù xiàng běi líkāi yǒu nǐ de jìjié
Nǐ shuō nǐ hǎo lèi yǐ wúfǎ zài ài shàng shuí
Fēng zài shānlù chuī guòwǎng de huàmiàn quándōu shì wǒ bùduì
Xì shù cánkuì wǒ shāng nǐ jǐ huí
Wǒ yīlù xiàng běi líkāi yǒu nǐ de jìjié
Fāngxiàngpán zhōuwéi huízhuǎnzhe wǒ de hòuhuǐ
Wǒ jiāsù chāoyuè què shuǎi bù diào jǐn jǐn gēnsuí de shāng bēi
Xì shù cánkuì wǒ shāng nǐ jǐ huí
Tíngzhǐ lángbèi jiù rang cuò chúncuì",gd,"In the rearview mirror, the world grows more distant with each farewell  
You turn away, your profile still so beautiful  
I use my gaze to chase, hoping to hear your tears  
Outside the car window, hesitation is the chance I missed  
The position you stand in separates us with tears  
The streetlight keeps retreating; your collapse shatters beyond the windowpane  

I head north all the way, leaving behind the season with you  
You say you’re so tired, unable to love anyone anymore  
The wind blows across the mountain road, the past scenes—all my fault  
Delicate branches wither; how many times have I hurt you?  

In the rearview mirror, the world grows more distant with each farewell  
You turn away, your profile still so beautiful  
I use my gaze to chase, hoping to hear your tears  
Outside the car window, hesitation is the chance I missed  
The position you stand in separates us with tears  
The streetlight keeps retreating; your collapse shatters beyond the windowpane  

I head north all the way, leaving behind the season with you  
You say you’re so tired, unable to love anyone anymore  
The wind blows across the mountain road, the past scenes—all my fault  
Delicate branches wither; how many times have I hurt you?  
I head north all the way, leaving behind the season with you  
The compass spins around my regrets  
I speed and overtake but can’t shake off the sorrow that closely follows  
Delicate branches wither; how many times have I hurt you?  
Stop the recklessness, let mistakes be pure once more"
150,Khalil Fong,紅豆,Taiwan,5TkQbhQm9BXONk2agDo4w9,"還沒好好的感受 雪花綻放的氣候
我們一起顫抖 會更明白什麼是溫柔
還沒跟你牽著手 走過荒蕪的沙丘
可能從此以後學會珍惜天長和地久

有時候 有時候
我會相信一切有盡頭
相聚離開 都有時候
沒有什麼會永垂不朽
可是我 有時候
寧願選擇留戀不放手
等到風景都看透
也許你會陪我看細水長流

還沒為你把紅豆 熬成纏綿的傷口
然後一起分享 會更明白相思的哀愁
還沒好好地感受 醒著親吻的溫柔
可能在我左右 你才追求孤獨的自由

有時候 有時候
我會相信一切有盡頭
相聚離開都有時候
沒有什麼會永垂不朽
可是我有時候
寧願選擇留戀不放手
等到風景都看透
也許你會陪我看細水長流

La-la-la-la-la-la
Ooh, ooh

有時候 有時候
我會相信一切有盡頭
相聚離開都有時候
沒有什麼會永垂不朽
可是我有時候
寧願選擇留戀不放手
等到風景都看透
也許你會陪我看細水長流","還沒好好的感受 雪花綻放的氣候
我們一起顫抖 會更明白什麼是溫柔
還沒跟你牽著手 走過荒蕪的沙丘
可能從此以後學會珍惜天長和地久

有時候 有時候
我會相信一切有盡頭
相聚離開 都有時候
沒有什麼會永垂不朽
可是我 有時候
寧願選擇留戀不放手
等到風景都看透
也許你會陪我看細水長流

還沒為你把紅豆 熬成纏綿的傷口
然後一起分享 會更明白相思的哀愁
還沒好好地感受 醒著親吻的溫柔
可能在我左右 你才追求孤獨的自由

有時候 有時候
我會相信一切有盡頭
相聚離開都有時候
沒有什麼會永垂不朽
可是我有時候
寧願選擇留戀不放手
等到風景都看透
也許你會陪我看細水長流

La-la-la-la-la-la
Ooh, ooh

有時候 有時候
我會相信一切有盡頭
相聚離開都有時候
沒有什麼會永垂不朽
可是我有時候
寧願選擇留戀不放手
等到風景都看透
也許你會陪我看細水長流",zh,"Haven't yet truly felt the season when snowflakes bloom,  
Together we tremble, understanding more what tenderness means.  
Haven't yet held your hand, walking through barren dunes,  
Perhaps from now on, we'll learn to cherish eternity and endlessness.  

Sometimes, sometimes,  
I believe everything has an end.  
Meetings and partings all have their time,  
Nothing lasts forever.  
But sometimes,  
I'd rather choose to linger and not let go.  
Until I've seen through all the scenery,  
Maybe you'll stay with me to watch the gentle streams flow.  

Haven't yet brewed the red beans for you into a lingering wound,  
Then sharing together, understanding more the sorrow of longing.  
Haven't yet truly felt the tenderness of waking kisses,  
Maybe by my side, you seek the freedom of solitude.  

Sometimes, sometimes,  
I believe everything has an end.  
Meetings and partings all have their time,  
Nothing lasts forever.  
But sometimes,  
I'd rather choose to linger and not let go.  
Until I've seen through all the scenery,  
Maybe you'll stay with me to watch the gentle streams flow.  

La-la-la-la-la-la  
Ooh, ooh  

Sometimes, sometimes,  
I believe everything has an end.  
Meetings and partings all have their time,  
Nothing lasts forever.  
But sometimes,  
I'd rather choose to linger and not let go.  
Until I've seen through all the scenery,  
Maybe you'll stay with me to watch the gentle streams flow."
154,Cheer Chen,太聰明,Taiwan,4DCB1S7G6SmH9qlDpEVIzP,"總以為謎一般難懂的我
在你瞭解了以後 其實也沒什麼
我總是忽冷又忽熱 隱藏我的感受
只是怕愛你的心被你看透
猜的沒錯 想得太多 不會有結果
被你看穿了以後 我更無處可躲
我開始後悔不應該太聰明的賣弄
只是怕親手將我的真心葬送

我猜著你的心
要再一次確定
遙遠的距離 都是因為太過聰明
要猜著你的心
要再一次確定
混亂的思緒 都是因為太想靠近你

猜的沒錯 想得太多 不會有結果
被你看穿了以後 我更無處可躲
我開始後悔不應該太聰明的賣弄
只是怕親手將我的真心葬送

我猜著你的心
要再一次確定
遙遠的距離 都是因為太過聰明
要猜著你的心
要再一次確定
混亂的思緒 都是因為太想靠近你

猜的沒錯 想得太多 不會有結果
被你看穿了以後 我更無處可躲
我開始後悔不應該太聰明的賣弄
只是怕親手將我的真心葬送
只是怕親手將我的真心葬送
我開始後悔不應該太聰明的賣弄
只是怕親手將我的真心葬送","總以為謎一般難懂的我
在你瞭解了以後 其實也沒什麼
我總是忽冷又忽熱 隱藏我的感受
只是怕愛你的心被你看透
猜的沒錯 想得太多 不會有結果
被你看穿了以後 我更無處可躲
我開始後悔不應該太聰明的賣弄
只是怕親手將我的真心葬送

我猜著你的心
要再一次確定
遙遠的距離 都是因為太過聰明
要猜著你的心
要再一次確定
混亂的思緒 都是因為太想靠近你

猜的沒錯 想得太多 不會有結果
被你看穿了以後 我更無處可躲
我開始後悔不應該太聰明的賣弄
只是怕親手將我的真心葬送

我猜著你的心
要再一次確定
遙遠的距離 都是因為太過聰明
要猜著你的心
要再一次確定
混亂的思緒 都是因為太想靠近你

猜的沒錯 想得太多 不會有結果
被你看穿了以後 我更無處可躲
我開始後悔不應該太聰明的賣弄
只是怕親手將我的真心葬送
只是怕親手將我的真心葬送
我開始後悔不應該太聰明的賣弄
只是怕親手將我的真心葬送",zh,"Always thought I was a riddle hard to understand  
But after you got to know me, it’s really nothing at all  
I’m always cold then warm, hiding how I feel  
Just afraid you’d see right through this heart that loves you still  

You guessed it right, overthinking leads nowhere  
Once you see through me, I have nowhere to hide  
I start to regret being too clever to show off  
Just afraid I’ll bury my true heart with my own hands  

I’m guessing your heart  
Wanting to be sure once more  
The distant space between us is just from being too wise  
I want to guess your heart  
Wanting to be sure once more  
These tangled thoughts come from wanting to be close to you  

You guessed it right, overthinking leads nowhere  
Once you see through me, I have nowhere to hide  
I start to regret being too clever to show off  
Just afraid I’ll bury my true heart with my own hands  

I’m guessing your heart  
Wanting to be sure once more  
The distant space between us is just from being too wise  
I want to guess your heart  
Wanting to be sure once more  
These tangled thoughts come from wanting to be close to you  

You guessed it right, overthinking leads nowhere  
Once you see through me, I have nowhere to hide  
I start to regret being too clever to show off  
Just afraid I’ll bury my true heart with my own hands  
Just afraid I’ll bury my true heart with my own hands  
I start to regret being too clever to show off  
Just afraid I’ll bury my true heart with my own hands"
156,艾薇 Ivy,失重前幸福,Taiwan,3SJgTyb8a7z66suw0kBZ0T,"記得被你拋得有多高
信任你的環抱
在我華麗翻轉後炫耀 yeah
不料我們偏差了分毫
你沒把我接牢
跌落在計畫外了 糟糕 ooh
誰的幻想 完美的飛翔
就像練習相愛的時光
我重重墜下 才知道多傻
我們都會故障
時間 差一點 剛好 慢一點 不妙
美麗的失誤
傷了你 傷了我
才學會彼此呵護 ooh~
愛情 缺一步 恰巧 多一步 到老
好比這領悟
讓我們把握失重前幸福
自由落體撞擊的力道
我們沒計算好
眼看著目標上下顛倒 ooh
你宣告 不管疤痕 我永遠是最美的
我們找回了重心與平衡","記得被你拋得有多高
信任你的環抱
在我華麗翻轉後炫耀 yeah
不料我們偏差了分毫
你沒把我接牢
跌落在計畫外了 糟糕 ooh
誰的幻想 完美的飛翔
就像練習相愛的時光
我重重墜下 才知道多傻
我們都會故障
時間 差一點 剛好 慢一點 不妙
美麗的失誤
傷了你 傷了我
才學會彼此呵護 ooh~
愛情 缺一步 恰巧 多一步 到老
好比這領悟
讓我們把握失重前幸福
自由落體撞擊的力道
我們沒計算好
眼看著目標上下顛倒 ooh
你宣告 不管疤痕 我永遠是最美的
我們找回了重心與平衡",zh,"I remember how high you threw me,  
Trusting in your embrace,  
Showing off after my dazzling flips, yeah.  
Unexpectedly, we were off by just a fraction,  
You didn’t catch me tight,  
Falling outside the plan—oh no, ooh.  

Whose illusion is this, perfect flight,  
Like practicing the times we loved?  
I fell hard before I knew how foolish I was,  
We both malfunctioned.  

Time—just a bit off,  
Just right, just slow, not good,  
A beautiful mistake,  
Hurting you, hurting me,  
Only then did we learn to care for each other, ooh~  

Love—one step missing,  
Just right, one step more, till old age,  
Like this realization,  
Let’s cherish the happiness before weightlessness,  
The force of free fall’s collision,  
We didn’t calculate it well,  
Watching the target flip upside down, ooh.  

You declared, scars and all,  
I am forever the most beautiful,  
We found our center and balance again."
157,Rainie Yang,雨愛,Taiwan,553GNiNqcudWfsF55RBDqz,"窗外的天氣
就像是你多變的表情
下雨了 雨陪我哭泣
看不清我也不想看清

離開你我安靜的抽離
不忍揭曉的劇情
我的淚流在心裡
學會放棄

聽雨的聲音 一滴滴清晰
你的呼吸像雨滴滲入我的愛裡
真希望雨能下不停
讓想念繼續 讓愛變透明
我愛上給我勇氣的 Rainie love
窗外的雨滴 一滴滴累積
屋內的濕氣像儲存愛你的記憶
真希望雨能下不停
雨愛的秘密能一直延續
我相信我將 會看到彩虹的美麗

冷冷的空氣
很窒息我無法呼吸
一萬顆雨滴的距離
很徹底 讓愛消失無息

離開你我安靜的抽離
不忍揭曉的劇情
我的淚流在心裡
學會放棄

聽雨的聲音 一滴滴清晰
你的呼吸像雨滴滲入我的愛裡
真希望雨能下不停
讓想念繼續 讓愛變透明
我愛上給我勇氣的 Rainie love
窗外的雨滴 一滴滴累積
屋內的濕氣像儲存愛你的記憶
真希望雨能下不停
雨愛的秘密能一直延續
我相信我將 會看到彩虹的美麗

屋內的濕氣像儲存愛你的記憶
真希望雨能下不停
雨愛的秘密能一直延續
我相信我將會看到彩虹的美麗","窗外的天氣
就像是你多變的表情
It’s raining. The rain makes me cry
I can’t see clearly and I don’t want to see clearly either.

離開你我安靜的抽離
不忍揭曉的劇情
我的淚流在心裡
學會放棄

聽雨的聲音 一滴滴清晰
你的呼吸像雨滴滲入我的愛裡
I really hope it keeps raining
讓想念繼續 讓愛變透明
我愛上給我勇氣的 Rainie love
窗外的雨滴 一滴滴累積
屋內的濕氣像儲存愛你的記憶
I really hope it keeps raining
雨愛的秘密能一直延續
我相信我將 會看到彩虹的美麗

冷冷的空氣
很窒息我無法呼吸
一萬顆雨滴的距離
很徹底 讓愛消失無息

離開你我安靜的抽離
不忍揭曉的劇情
我的淚流在心裡
學會放棄

聽雨的聲音 一滴滴清晰
你的呼吸像雨滴滲入我的愛裡
I really hope it keeps raining
讓想念繼續 讓愛變透明
我愛上給我勇氣的 Rainie love
窗外的雨滴 一滴滴累積
屋內的濕氣像儲存愛你的記憶
I really hope it keeps raining
雨愛的秘密能一直延續
我相信我將 會看到彩虹的美麗

屋內的濕氣像儲存愛你的記憶
I really hope it keeps raining
雨愛的秘密能一直延續
我相信我將會看到彩虹的美麗",zh,"The weather outside  
Is like your ever-changing expression  
It’s raining. The rain makes me cry  
I can’t see clearly, and I don’t want to see clearly either.  

Leaving you, I quietly withdraw  
Unable to reveal the unfolding story  
My tears flow within my heart  
Learning to let go  

Listening to the sound of rain, each drop so clear  
Your breath seeps into my love like raindrops  
I really hope it keeps raining  
Let the longing continue, let love turn transparent  
I’ve fallen for the courage you give me, Rainie love  
Raindrops outside the window, accumulating drop by drop  
The dampness inside the room stores memories of loving you  
I really hope it keeps raining  
May the secret of rain’s love continue forever  
I believe I will see the beauty of the rainbow  

The cold air  
Is suffocating, I can’t breathe  
The distance of ten thousand raindrops  
Completely makes love vanish without a trace  

Leaving you, I quietly withdraw  
Unable to reveal the unfolding story  
My tears flow within my heart  
Learning to let go  

Listening to the sound of rain, each drop so clear  
Your breath seeps into my love like raindrops  
I really hope it keeps raining  
Let the longing continue, let love turn transparent  
I’ve fallen for the courage you give me, Rainie love  
Raindrops outside the window, accumulating drop by drop  
The dampness inside the room stores memories of loving you  
I really hope it keeps raining  
May the secret of rain’s love continue forever  
I believe I will see the beauty of the rainbow  

The dampness inside the room stores memories of loving you  
I really hope it keeps raining  
May the secret of rain’s love continue forever  
I believe I will see the beauty of the rainbow"
166,Rene Liu,後來,Taiwan,2wzXhxWPX0aODraKNXoJYY,"後來我總算學會了如何去愛
可惜你早已遠去消失在人海
後來 終於在眼淚中明白
有些人一旦錯過就不再

梔子花白花瓣
落在我藍色百褶裙上
愛你你輕聲說
我低下頭聞見一陣芬芳
那個永恆的夜晚十七歲仲夏
你吻我的那個夜晚
讓我往後的時光 每當有感嘆
總想起當天的星光

那時候的愛情
為什麼就能那樣簡單
而又是為什麼 人年少時
一定要讓深愛的人受傷
在這相似的深夜裡你是否一樣
也在靜靜追悔感傷
如果當時我們能不那麼倔強
現在也不那麼遺憾

你都如何回憶我
帶著笑或是很沉默
這些年來
有沒有人能讓你不寂寞

後來我總算學會了如何去愛
可惜你早已遠去消失在人海
後來終於在眼淚中明白
有些人一旦錯過就不再


你都如何回憶我
帶著笑或是很沉默
這些年來
有沒有人能讓你不寂寞

後來我總算學會了如何去愛
可惜你早已遠去消失在人海
後來終於在眼淚中明白
有些人一旦錯過就不再
後來我總算學會了如何去愛
可惜你早已遠去消失在人海
後來終於在眼淚中明白
有些人一旦錯過就不再

永遠不會再重來
有一個男孩
愛著那個女孩","後來我總算學會了如何去愛
可惜你早已遠去消失在人海
後來 終於在眼淚中明白
有些人一旦錯過就不再

梔子花白花瓣
落在我藍色百褶裙上
愛你你輕聲說
我低下頭聞見一陣芬芳
那個永恆的夜晚十七歲仲夏
你吻我的那個夜晚
讓我往後的時光 每當有感嘆
總想起當天的星光

那時候的愛情
為什麼就能那樣簡單
而又是為什麼 人年少時
一定要讓深愛的人受傷
在這相似的深夜裡你是否一樣
也在靜靜追悔感傷
如果當時我們能不那麼倔強
現在也不那麼遺憾

你都如何回憶我
帶著笑或是很沉默
這些年來
有沒有人能讓你不寂寞

後來我總算學會了如何去愛
可惜你早已遠去消失在人海
後來終於在眼淚中明白
有些人一旦錯過就不再


你都如何回憶我
帶著笑或是很沉默
這些年來
有沒有人能讓你不寂寞

後來我總算學會了如何去愛
可惜你早已遠去消失在人海
後來終於在眼淚中明白
有些人一旦錯過就不再
後來我總算學會了如何去愛
可惜你早已遠去消失在人海
後來終於在眼淚中明白
有些人一旦錯過就不再

永遠不會再重來
有一個男孩
愛著那個女孩",zh,"Later, I finally learned how to love,  
But sadly, you had long gone, vanished into the crowd.  
Later, I at last understood through tears,  
Some people, once missed, will never return.  

Gardenia’s white petals  
Fell upon my blue pleated skirt.  
“I love you,” you whispered softly,  
I lowered my head and caught a breath of fragrance.  
That eternal night, midsummer at seventeen,  
The night you kissed me,  
Made all my days after, whenever sighs arise,  
Recall the starlight of that day.  

Why was love then  
So simple and pure?  
And why must youth  
Cause those deeply loved to be hurt?  
In this similar quiet night, are you too  
Silently chasing regret and sorrow?  
If only back then we weren’t so stubborn,  
Now there’d be no such regret.  

How do you remember me?  
With a smile or in silence?  
All these years,  
Has anyone made you feel less lonely?  

Later, I finally learned how to love,  
But sadly, you had long gone, vanished into the crowd.  
Later, I at last understood through tears,  
Some people, once missed, will never return.  

How do you remember me?  
With a smile or in silence?  
All these years,  
Has anyone made you feel less lonely?  

Later, I finally learned how to love,  
But sadly, you had long gone, vanished into the crowd.  
Later, I at last understood through tears,  
Some people, once missed, will never return.  
Later, I finally learned how to love,  
But sadly, you had long gone, vanished into the crowd.  
Later, I at last understood through tears,  
Some people, once missed, will never return.  

Never to come again,  
There was a boy  
Who loved that girl."
167,sodagreen,小情歌,Taiwan,4FhJ7YSRxATHnaRg4nGs6t,"這是一首簡單的小情歌
唱著人們心腸的曲折
我想我很快樂 當有你的溫熱
腳邊的空氣轉了
這是一首簡單的小情歌
唱著我們心頭的白鴿
我想我很適合 當一個歌頌者
青春在風中飄著

你知道 就算大雨讓整座城市顛倒
我會給你懷抱
受不了 看見你背影來到
寫下我 度秒如年難捱的離騷
就算整個世界被寂寞綁票
我也不會奔跑
逃不了 最後誰也都蒼老
寫下我 時間和琴聲交錯的城堡

Da-da-da-da-da-da-da
Da-da-da-da-da-da

這是一首簡單的小情歌
唱著我們心頭的白鴿
我想我很適合 當一個歌頌者
青春在風中飄著

你知道 就算大雨讓整座城市顛倒
我會給你懷抱
受不了 看見你背影來到
寫下我 度秒如年難捱的離騷
就算整個世界被寂寞綁票
我也不會奔跑
逃不了 最後誰也都蒼老
寫下我 時間和琴聲交錯的城堡
你知道 就算大雨讓整座城市顛倒
我會給你懷抱
受不了 看見你背影來到
寫下我 度秒如年難捱的離騷
就算整個世界被寂寞綁票
我也不會奔跑
最後誰也都蒼老
寫下我 時間和琴聲交錯 的城堡

Mm-mm
Mm-mm
Mm-mm","這是一首簡單的小情歌
唱著人們心腸的曲折
我想我很快樂 當有你的溫熱
腳邊的空氣轉了
這是一首簡單的小情歌
唱著我們心頭的白鴿
我想我很適合 當一個歌頌者
青春在風中飄著

你知道 就算大雨讓整座城市顛倒
我會給你懷抱
受不了 看見你背影來到
寫下我 度秒如年難捱的離騷
就算整個世界被寂寞綁票
我也不會奔跑
逃不了 最後誰也都蒼老
寫下我 時間和琴聲交錯的城堡

Yes-yes-yes-yes-yes-yes-yes
Yes-yes-yes-yes-yes-yes

這是一首簡單的小情歌
唱著我們心頭的白鴿
我想我很適合 當一個歌頌者
青春在風中飄著

你知道 就算大雨讓整座城市顛倒
我會給你懷抱
受不了 看見你背影來到
寫下我 度秒如年難捱的離騷
就算整個世界被寂寞綁票
我也不會奔跑
逃不了 最後誰也都蒼老
寫下我 時間和琴聲交錯的城堡
你知道 就算大雨讓整座城市顛倒
我會給你懷抱
受不了 看見你背影來到
寫下我 度秒如年難捱的離騷
就算整個世界被寂寞綁票
我也不會奔跑
最後誰也都蒼老
寫下我 時間和琴聲交錯 的城堡

Mm-mm
Mm-mm
Mm-mm",zh,"This is a simple little love song  
Singing of the twists within people's hearts  
I think I am very happy, with your warmth near me  
The air at my feet begins to turn  

This is a simple little love song  
Singing of the white doves in our hearts  
I think I am well-suited to be a singer  
Youth drifting in the wind  

You know, even if heavy rain turns the whole city upside down  
I will give you my embrace  
I can't bear to see your figure approaching  
Writing down my torment, each second dragging like years apart  
Even if the whole world is held hostage by loneliness  
I will not run away  
I cannot escape, in the end, we all grow old  
Writing down my castle where time and melodies intertwine  

Yes-yes-yes-yes-yes-yes-yes  
Yes-yes-yes-yes-yes-yes  

This is a simple little love song  
Singing of the white doves in our hearts  
I think I am well-suited to be a singer  
Youth drifting in the wind  

You know, even if heavy rain turns the whole city upside down  
I will give you my embrace  
I can't bear to see your figure approaching  
Writing down my torment, each second dragging like years apart  
Even if the whole world is held hostage by loneliness  
I will not run away  
I cannot escape, in the end, we all grow old  
Writing down my castle where time and melodies intertwine  

You know, even if heavy rain turns the whole city upside down  
I will give you my embrace  
I can't bear to see your figure approaching  
Writing down my torment, each second dragging like years apart  
Even if the whole world is held hostage by loneliness  
I will not run away  
In the end, we all grow old  
Writing down my castle where time and melodies intertwine  

Mm-mm  
Mm-mm  
Mm-mm"
172,JOLIN,倒帶,Taiwan,4XipvtwRgtUrGb2j2l0wNG,"我受夠了等待 你所謂的安排
說的未來到底多久才來
總是要來不及 才知道我可愛
我想依賴而你卻都不在

應該開心的地帶
你給的全是空白
一個人假日發呆 找不到人陪我看海
我在幸福的門外
卻一直都進不來
你累積給的傷害 我是真的很難釋懷

終於看開愛回不來
而你總是太晚明白
最後才把話說開
哭著求我留下來
終於看開愛回不來
我們面前太多阻礙
你的手卻放不開
寧願沒出息 求我別離開

你總是要我乖 慢慢計畫將來
我的眼淚卻一直掉下來
過去怎麼交代 你該給的信賴
被你親手緩緩推入懸崖

從我臉上的蒼白
看到記憶慢下來
過去甜蜜在倒帶 只是感覺已經不在
而我對你的期待
被你一次次摔壞
已經碎成太多塊 要怎麼拼湊跟重來

終於看開愛回不來
而你總是太晚明白
最後才把話說開
哭著求我留下來
終於看開愛回不來
我們面前太多阻礙
你的手卻放不開
寧願沒出息 求我別離開
終於看開愛回不來
而你總是太晚明白
最後才把話說開
哭著求我留下來
終於看開愛回不來
我們面前太多阻礙
你的手卻放不開
寧願沒出息 求我別離開","我受夠了等待 你所謂的安排
說的未來到底多久才來
總是要來不及 才知道我可愛
我想依賴而你卻都不在

應該開心的地帶
你給的全是空白
一個人假日發呆 找不到人陪我看海
我在幸福的門外
卻一直都進不來
你累積給的傷害 我是真的很難釋懷

終於看開愛回不來
而你總是太晚明白
最後才把話說開
哭著求我留下來
終於看開愛回不來
我們面前太多阻礙
你的手卻放不開
寧願沒出息 求我別離開

你總是要我乖 慢慢計畫將來
我的眼淚卻一直掉下來
過去怎麼交代 你該給的信賴
被你親手緩緩推入懸崖

從我臉上的蒼白
看到記憶慢下來
過去甜蜜在倒帶 只是感覺已經不在
而我對你的期待
被你一次次摔壞
已經碎成太多塊 要怎麼拼湊跟重來

終於看開愛回不來
而你總是太晚明白
最後才把話說開
哭著求我留下來
終於看開愛回不來
我們面前太多阻礙
你的手卻放不開
寧願沒出息 求我別離開
終於看開愛回不來
而你總是太晚明白
最後才把話說開
哭著求我留下來
終於看開愛回不來
我們面前太多阻礙
你的手卻放不開
寧願沒出息 求我別離開",zh,"I've had enough of waiting for the future you promised,  
How long must I wait for it to come?  
Always too late before you realize how dear I am,  
I want to rely on you, but you're never there.  

It should be a place of happiness,  
But all you give me is emptiness.  
Alone on holidays, lost in thought, no one to watch the sea with me.  
I'm outside the door of happiness,  
Yet I can never get inside.  
The wounds you've piled up, I truly find hard to let go.  

Finally, I've come to see that love can't return,  
And you always realize it too late.  
Only at the end do you open up,  
Crying, begging me to stay.  
Finally, I've come to see that love can't return,  
Too many obstacles lie before us,  
Yet your hand won't let go,  
Preferring to be helpless, begging me not to leave.  

You always want me to behave, slowly planning the future,  
But my tears keep falling down.  
How can I explain the past? The trust you should have given,  
You slowly pushed it off a cliff with your own hands.  

From the paleness on my face,  
I see memories slow down,  
Sweet moments rewinding, but the feeling is gone.  
And my expectations of you  
Have been broken time and again,  
Shattered into too many pieces—how can I piece them back together and start anew?  

Finally, I've come to see that love can't return,  
And you always realize it too late.  
Only at the end do you open up,  
Crying, begging me to stay.  
Finally, I've come to see that love can't return,  
Too many obstacles lie before us,  
Yet your hand won't let go,  
Preferring to be helpless, begging me not to leave.  

Finally, I've come to see that love can't return,  
And you always realize it too late.  
Only at the end do you open up,  
Crying, begging me to stay.  
Finally, I've come to see that love can't return,  
Too many obstacles lie before us,  
Yet your hand won't let go,  
Preferring to be helpless, begging me not to leave."
173,Eason Chan,淘汰,Taiwan,5sYtvIl1mx9QuIgwC6FDU1,"我說了所有的謊 你全都相信
簡單的我愛你 你卻老不信
你書裡的劇情 我不想上演
因為我喜歡 喜劇收尾

我試過完美放棄 的確很踏實
醒來了夢散了 你我都走散了
情歌的詞何必押韻 就算我是 K 歌之王
也不見得把 愛情唱得完美

只能說我輸了 也許是你怕了
我們的回憶沒有皺摺 你卻用離開燙下句點
只能說我認了 你的不安贏得你信任
我卻得到你安慰的淘汰

我試過完美放棄 的確很踏實
醒來了夢散了 你我都走散了
情歌的詞何必押韻 就算我是 K 歌之王
也不見得把 愛情唱得完美

只能說我輸了 也許是你怕了
我們的回憶沒有皺摺 你卻用離開燙下句點
只能說我認了 你的不安贏得你信任
我卻得到你安慰的淘汰


只能說我輸了 也許是你怕了
我們的回憶沒有皺摺 你卻用離開燙下句點
只能說我認了 你的不安贏得你信任
我卻得到你安慰的淘汰","我說了所有的謊 你全都相信
簡單的我愛你 你卻老不信
你書裡的劇情 我不想上演
因為我喜歡 喜劇收尾

我試過完美放棄 的確很踏實
醒來了夢散了 你我都走散了
情歌的詞何必押韻 就算我是 K 歌之王
也不見得把 愛情唱得完美

只能說我輸了 也許是你怕了
我們的回憶沒有皺摺 你卻用離開燙下句點
只能說我認了 你的不安贏得你信任
我卻得到你安慰的淘汰

我試過完美放棄 的確很踏實
醒來了夢散了 你我都走散了
情歌的詞何必押韻 就算我是 K 歌之王
也不見得把 愛情唱得完美

只能說我輸了 也許是你怕了
我們的回憶沒有皺摺 你卻用離開燙下句點
只能說我認了 你的不安贏得你信任
我卻得到你安慰的淘汰


只能說我輸了 也許是你怕了
我們的回憶沒有皺摺 你卻用離開燙下句點
只能說我認了 你的不安贏得你信任
我卻得到你安慰的淘汰",zh,"I told all the lies, and you believed them all  
Simple ""I love you,"" yet you never trusted at all  
The plot in your book, I don’t want to play that part  
Because I prefer a comedy with a happy heart  

I’ve tried perfect giving up, it truly feels secure  
Awake, the dream has faded, you and I drift apart for sure  
Why must love song lyrics rhyme? Even if I’m the karaoke king  
It doesn’t mean I can sing love perfectly in everything  

All I can say is I lost, maybe you were scared  
Our memories have no wrinkles, yet you sealed the end with your farewell declared  
All I can say is I accept it, your unease won your trust  
While I received your comfort as a quiet defeat and loss  

I’ve tried perfect giving up, it truly feels secure  
Awake, the dream has faded, you and I drift apart for sure  
Why must love song lyrics rhyme? Even if I’m the karaoke king  
It doesn’t mean I can sing love perfectly in everything  

All I can say is I lost, maybe you were scared  
Our memories have no wrinkles, yet you sealed the end with your farewell declared  
All I can say is I accept it, your unease won your trust  
While I received your comfort as a quiet defeat and loss  

All I can say is I lost, maybe you were scared  
Our memories have no wrinkles, yet you sealed the end with your farewell declared  
All I can say is I accept it, your unease won your trust  
While I received your comfort as a quiet defeat and loss"
183,Nicky Lee,想太多,Taiwan,7IiSESHLOtsoEXTlXa0bjJ,"有些夢 不能戳破 怕誰會難過
有些話 中肯得讓我 好想躲
倒過來看 才看懂世界 不完美
或許負負 也不會得正 無所謂
拆穿美好假象 需要一點負能量 來平衡現實和幻想
打破溫室的牆 需要一點負能量 讓我們學會堅強
我需要一點負能量
我需要一點負能量
我們都長大了 卻沒有從前快樂 是哪裡壞了
我們都畢業了 卻開始在學習著 人生的及格
倒過來看 才看懂世界 不完美
或許負負 也不會得正 無所謂
拆穿美好假象 需要一點負能量 來平衡現實和幻想
打破溫室的牆 需要一點負能量 讓我們學會堅強
我需要一點負能量
我需要一點負能量
醒醒吧拜託 我們自找的煩惱太多
有些 苦不必擺脫 一笑帶過 會更開闊
我需要一點負能量
我需要一點負能量","有些夢 不能戳破 怕誰會難過
有些話 中肯得讓我 好想躲
倒過來看 才看懂世界 不完美
或許負負 也不會得正 無所謂
拆穿美好假象 需要一點負能量 來平衡現實和幻想
打破溫室的牆 需要一點負能量 讓我們學會堅強
我需要一點負能量
我需要一點負能量
我們都長大了 卻沒有從前快樂 是哪裡壞了
我們都畢業了 卻開始在學習著 人生的及格
倒過來看 才看懂世界 不完美
或許負負 也不會得正 無所謂
拆穿美好假象 需要一點負能量 來平衡現實和幻想
打破溫室的牆 需要一點負能量 讓我們學會堅強
我需要一點負能量
我需要一點負能量
醒醒吧拜託 我們自找的煩惱太多
有些 苦不必擺脫 一笑帶過 會更開闊
我需要一點負能量
我需要一點負能量",zh,"Some dreams can't be pierced, afraid someone might be hurt  
Some words are so blunt, I just want to hide away  
Only when turned around do I see the world’s imperfection  
Maybe minus times minus won’t make a plus, it doesn’t matter  

To break the beautiful illusion, we need a bit of negativity  
To balance reality and fantasy  
To break down the greenhouse walls, we need a bit of negativity  
To teach us how to be strong  

I need a bit of negativity  
I need a bit of negativity  

We’ve all grown up, yet no longer as happy as before—what went wrong?  
We’ve all graduated, yet started learning how to pass through life  
Only when turned around do I see the world’s imperfection  
Maybe minus times minus won’t make a plus, it doesn’t matter  

To break the beautiful illusion, we need a bit of negativity  
To balance reality and fantasy  
To break down the greenhouse walls, we need a bit of negativity  
To teach us how to be strong  

I need a bit of negativity  
I need a bit of negativity  

Wake up, please, we bring so many troubles upon ourselves  
Some pains don’t need to be shaken off, a smile will make things clearer  

I need a bit of negativity  
I need a bit of negativity"
185,David Tao,普通朋友,Taiwan,7CTitzr4eVIDCPUJi5Dr4B,"等待 我隨時隨地在等待
做妳感情上的依賴
我沒有任何的疑問 這是愛
我猜妳早就想說明白
我覺得自己好失敗
從天堂掉落到深淵 多無奈

我願意改變 (What can I do?)
重新再來一次 (Just give me a chance)
我無法只是普通朋友
感情已那麼深 叫我怎麼放手

但妳說 I only wanna be your friend 做個朋友
我在妳心中只是 just a friend 不是情人
我感激你對我這樣的坦白 (這樣的坦白)
但我給你的愛暫時收不回來
So I 我不能只是 be your friend
I just can't be your friend

我猜 妳早就想要說明白
我覺得自己好失敗
從天堂掉落到深淵 多無奈

我願意改變 (What can I do?)
重新再來一遍 (Just give me a chance)
我無法只是普通朋友
感情已那麼深 叫我怎麼能放手

但妳說 I only wanna be your friend 做個朋友
我在妳心中只是 just a friend 不是情人
我感激你對我這樣的坦白 (這樣的坦白)
但我給你的愛暫時收不回來
So I 我不能只是 be your friend
I just can’t be your friend

No, no, no
我不能只是做妳的朋友
不能做普通朋友","等待 我隨時隨地在等待
做妳感情上的依賴
我沒有任何的疑問 這是愛
我猜妳早就想說明白
我覺得自己好失敗
從天堂掉落到深淵 多無奈

我願意改變 (What can I do?)
重新再來一次 (Just give me a chance)
我無法只是普通朋友
感情已那麼深 叫我怎麼放手

但妳說 I only wanna be your friend 做個朋友
In your heart, I am just a friend, not a lover
我感激你對我這樣的坦白 (這樣的坦白)
但我給你的愛暫時收不回來
So I can't just be your friend
I just can't be your friend

我猜 妳早就想要說明白
我覺得自己好失敗
從天堂掉落到深淵 多無奈

我願意改變 (What can I do?)
重新再來一遍 (Just give me a chance)
我無法只是普通朋友
感情已那麼深 叫我怎麼能放手

但妳說 I only wanna be your friend 做個朋友
In your heart, I am just a friend, not a lover
我感激你對我這樣的坦白 (這樣的坦白)
但我給你的愛暫時收不回來
So I can't just be your friend
I just can’t be your friend

No, no, no
I can't just be your friend
Can't be just friends",zh,"Waiting, I’m waiting anytime, anywhere  
To be the one you lean on in love  
I have no doubts, this is love  
I guess you’ve long wanted to make it clear  
I feel so defeated  
Falling from heaven into the abyss, so helpless  

I’m willing to change (What can I do?)  
Start over once again (Just give me a chance)  
I can’t just be an ordinary friend  
Our feelings run so deep, how can I let go?  

But you say, I only wanna be your friend, just friends  
In your heart, I’m just a friend, not a lover  
I’m grateful for your honesty (such honesty)  
But the love I gave you can’t be taken back for now  
So I can’t just be your friend  
I just can’t be your friend  

I guess you’ve long wanted to make it clear  
I feel so defeated  
Falling from heaven into the abyss, so helpless  

I’m willing to change (What can I do?)  
Start over once again (Just give me a chance)  
I can’t just be an ordinary friend  
Our feelings run so deep, how can I let go?  

But you say, I only wanna be your friend, just friends  
In your heart, I’m just a friend, not a lover  
I’m grateful for your honesty (such honesty)  
But the love I gave you can’t be taken back for now  
So I can’t just be your friend  
I just can’t be your friend  

No, no, no  
I can’t just be your friend  
Can’t be just friends"
190,Wu Bai,夢醒時分,Taiwan,51fGtLs5vdK2NOumVhMXru,"你說 你愛了不該愛的人 你的心中滿是傷痕
你說 你犯了不該犯的錯 心中滿是悔恨
你說 你嘗盡了生活的苦 找不到可以相信的人
你說 你感到萬分沮喪 甚至開始懷疑人生

早知道傷心總是難免的 你又何苦一往情深
因為愛情總是難捨難分 何必在意那一點點溫存
要知道傷心總是難免的 在每一個夢醒時分
有些事情你現在不必問 有些人你永遠不必等

你說 你愛了不該愛的人 你的心中滿是傷痕
你說 你犯了不該犯的錯 心中滿是悔恨
你說 你嘗盡了生活的苦 找不到可以相信的人
你說 你感到萬分沮喪 甚至開始懷疑人生

早知道傷心總是難免的 你又何苦一往情深
因為愛情總是難捨難分 何必在意那一點點溫存
要知道傷心總是難免的 在每一個夢醒時分
有些事情你現在不必問 有些人你永遠不必等

早知道傷心總是難免的 你又何苦一往情深
因為愛情總是難捨難分 何必在意那一點點溫存
要知道傷心總是難免的 在每一個夢醒時分
有些事情你現在不必問 有些人你永遠不必等","你說 你愛了不該愛的人 你的心中滿是傷痕
你說 你犯了不該犯的錯 心中滿是悔恨
你說 你嘗盡了生活的苦 找不到可以相信的人
你說 你感到萬分沮喪 甚至開始懷疑人生

早知道傷心總是難免的 你又何苦一往情深
因為愛情總是難捨難分 何必在意那一點點溫存
要知道傷心總是難免的 在每一個夢醒時分
有些事情你現在不必問 有些人你永遠不必等

你說 你愛了不該愛的人 你的心中滿是傷痕
你說 你犯了不該犯的錯 心中滿是悔恨
你說 你嘗盡了生活的苦 找不到可以相信的人
你說 你感到萬分沮喪 甚至開始懷疑人生

早知道傷心總是難免的 你又何苦一往情深
因為愛情總是難捨難分 何必在意那一點點溫存
要知道傷心總是難免的 在每一個夢醒時分
有些事情你現在不必問 有些人你永遠不必等

早知道傷心總是難免的 你又何苦一往情深
因為愛情總是難捨難分 何必在意那一點點溫存
要知道傷心總是難免的 在每一個夢醒時分
有些事情你現在不必問 有些人你永遠不必等",zh,"You say you loved someone you shouldn’t have,  
Your heart is full of scars.  
You say you made mistakes you shouldn’t have,  
Your heart is full of regret.  
You say you’ve tasted all the bitterness of life,  
Unable to find someone to trust.  
You say you feel deeply discouraged,  
Even beginning to doubt life itself.

Knowing heartbreak is always inevitable,  
Why do you suffer such deep love?  
Because love is always hard to part with,  
Why care for just a little warmth?  
You must know heartbreak is always inevitable,  
At every moment when dreams awaken.  
Some things you need not ask now,  
Some people you need never wait for.

You say you loved someone you shouldn’t have,  
Your heart is full of scars.  
You say you made mistakes you shouldn’t have,  
Your heart is full of regret.  
You say you’ve tasted all the bitterness of life,  
Unable to find someone to trust.  
You say you feel deeply discouraged,  
Even beginning to doubt life itself.

Knowing heartbreak is always inevitable,  
Why do you suffer such deep love?  
Because love is always hard to part with,  
Why care for just a little warmth?  
You must know heartbreak is always inevitable,  
At every moment when dreams awaken.  
Some things you need not ask now,  
Some people you need never wait for.

Knowing heartbreak is always inevitable,  
Why do you suffer such deep love?  
Because love is always hard to part with,  
Why care for just a little warmth?  
You must know heartbreak is always inevitable,  
At every moment when dreams awaken.  
Some things you need not ask now,  
Some people you need never wait for."
195,Eason Chan,十年,Taiwan,25pWemriUQVrZ3yIiS2IBf,"如果那兩個字沒有顫抖 我不會發現我難受
怎麼說出口 也不過是分手
如果對於明天沒有要求 牽牽手就像旅遊
成千上萬個門口 總有一個人要先走

懷抱既然不能逗留 何不在離開的時候
一邊享受 一邊淚流

十年之前 我不認識你
你不屬於我 我們還是一樣
陪在一個陌生人左右 走過漸漸熟悉的街頭
十年之後 我們是朋友
還可以問候 只是那種溫柔
再也找不到擁抱的理由 情人最後難免淪為朋友

懷抱既然不能逗留 何不在離開的時候
一邊享受 一邊淚流

十年之前 我不認識你
你不屬於我 我們還是一樣
陪在一個陌生人左右 走過漸漸熟悉的街頭
十年之後 我們是朋友
還可以問候 只是那種溫柔
再也找不到擁抱的理由 情人最後難免淪為朋友

直到和你做了多年朋友 才明白我的眼淚
不是為你而流 也為別人而流","如果那兩個字沒有顫抖 我不會發現我難受
怎麼說出口 也不過是分手
如果對於明天沒有要求 牽牽手就像旅遊
成千上萬個門口 總有一個人要先走

懷抱既然不能逗留 何不在離開的時候
一邊享受 一邊淚流

十年之前 我不認識你
你不屬於我 我們還是一樣
陪在一個陌生人左右 走過漸漸熟悉的街頭
十年之後 我們是朋友
還可以問候 只是那種溫柔
再也找不到擁抱的理由 情人最後難免淪為朋友

懷抱既然不能逗留 何不在離開的時候
一邊享受 一邊淚流

十年之前 我不認識你
你不屬於我 我們還是一樣
陪在一個陌生人左右 走過漸漸熟悉的街頭
十年之後 我們是朋友
還可以問候 只是那種溫柔
再也找不到擁抱的理由 情人最後難免淪為朋友

直到和你做了多年朋友 才明白我的眼淚
不是為你而流 也為別人而流",zh,"If those two words hadn’t trembled,  
I wouldn’t have realized my pain.  
No matter how I say it,  
It’s nothing more than a breakup.  

If I have no demands for tomorrow,  
Holding hands feels like a journey.  
At thousands upon thousands of doorways,  
There’s always someone who must leave first.  

Since embraces cannot linger,  
Why not, at the moment of parting,  
Enjoy it while tears flow?  

Ten years ago, I didn’t know you,  
You didn’t belong to me, and we were still the same—  
Walking beside a stranger,  
Through streets growing more familiar.  

Ten years later, we are friends,  
Still able to greet each other,  
But that kind of tenderness  
Can no longer find a reason for an embrace.  
Lovers inevitably end up as friends.  

Since embraces cannot linger,  
Why not, at the moment of parting,  
Enjoy it while tears flow?  

Ten years ago, I didn’t know you,  
You didn’t belong to me, and we were still the same—  
Walking beside a stranger,  
Through streets growing more familiar.  

Ten years later, we are friends,  
Still able to greet each other,  
But that kind of tenderness  
Can no longer find a reason for an embrace.  
Lovers inevitably end up as friends.  

Only after being friends with you for many years  
Did I understand that my tears  
Were not just for you,  
But also for someone else."
196,Eric Chou,想念你想我,Taiwan,1sl9O7VLwGwdw4iXqnkbDP,"城市閃動 如風環抱雨的溫柔
愛笑的你 總是先把快樂給我
時間幽默 不怪誰 破壞承諾
是相遇 太早 才錯過
擱淺日落 曬紅的臉言不由衷
頑固的我 總會想到很遠以後
任性地走 像星體公轉一周
我轉身 你不在身後

失去你 好不真實
傷害了愛 卻還 奢望 重新開始
有一種揮霍 遲來 懂誰愛我
你不在 原來生命 就是漂泊
想念你 如此真實
相信的人 堅持 分開 誰能解釋
不怕你幸福 就怕你 忘了我
心會痛 是最好的 不再擁有
想念你想我
(想念你想我)

走你走過 等不期而遇在街頭
彷彿昨天 永遠的我們沒盡頭
笨的是我 你早刻進我脈搏
不願你 消失 像彩虹

失去你 好不真實
傷害了愛 卻還 奢望 重新開始
有一種揮霍 遲來 懂誰愛我
失去你 原來生命 就是漂泊
我的愛 必須誠實
相信的人 你最值得 美好的事
不怕你幸福 就怕你 忘了我
心會痛 是最好的 不再擁有
想念你想我
(想念你想我)","城市閃動 如風環抱雨的溫柔
愛笑的你 總是先把快樂給我
時間幽默 不怪誰 破壞承諾
是相遇 太早 才錯過
擱淺日落 曬紅的臉言不由衷
頑固的我 總會想到很遠以後
任性地走 像星體公轉一周
我轉身 你不在身後

失去你 好不真實
傷害了愛 卻還 奢望 重新開始
有一種揮霍 遲來 懂誰愛我
你不在 原來生命 就是漂泊
想念你 如此真實
相信的人 堅持 分開 誰能解釋
I'm not afraid of your happiness, I'm afraid that you will forget me
心會痛 是最好的 不再擁有
miss you miss me
(Miss you, miss me)

走你走過 等不期而遇在街頭
彷彿昨天 永遠的我們沒盡頭
笨的是我 你早刻進我脈搏
不願你 消失 像彩虹

失去你 好不真實
傷害了愛 卻還 奢望 重新開始
有一種揮霍 遲來 懂誰愛我
失去你 原來生命 就是漂泊
我的愛 必須誠實
People who believe that you deserve the most beautiful things
I'm not afraid of your happiness, I'm afraid that you will forget me
心會痛 是最好的 不再擁有
miss you miss me
(Miss you, miss me)",zh,"The city flickers, like the wind embracing the gentleness of rain  
You who love to laugh always give me happiness first  
Time is humorous, blameless, breaking promises  
It’s that we met too early, and so missed our chance  

Stranded at sunset, faces sunburned, words insincere  
Stubborn me always thinks far into the future  
Willfully walking, like a star orbiting once around  
I turn around, but you’re no longer behind me  

Losing you feels so unreal  
Hurting love, yet still hoping to start anew  
There’s a kind of extravagance in belatedly knowing who loves me  
You’re gone, and life turns out to be drifting  

Missing you feels so real  
Those who believe, who persist through separation—who can explain?  
I’m not afraid of your happiness, I’m afraid you’ll forget me  
Heartache is the best, no longer possessing  
Miss you, miss me  
(Miss you, miss me)  

Where you walked, I wait, hoping to meet unexpectedly on the street  
As if yesterday, our forever had no end  
Foolish me, you’ve already engraved into my pulse  
Unwilling for you to vanish like a rainbow  

Losing you feels so unreal  
Hurting love, yet still hoping to start anew  
There’s a kind of extravagance in belatedly knowing who loves me  
Losing you, life turns out to be drifting  
My love must be honest  
People who believe you deserve the most beautiful things  

I’m not afraid of your happiness, I’m afraid you’ll forget me  
Heartache is the best, no longer possessing  
Miss you, miss me  
(Miss you, miss me)"
197,Eric Chou,摯友,Taiwan,5evE7bweEhX83fd1ZmwPjP,"想當星辰 卻像路燈
若愛一個人 切忌愛得太深
酒後傳的訊息 你別當真
我總感情用事 忘了不可能
也委屈你 長期容忍
但我們之間 該用什麽相稱
難道非要我愛 其他的人
你才心安理得 卸下了責任

我們不討論的關係 很接近卻不是愛情
擁有無數交集 要丟棄太可惜
我演的恨 真不誠懇
你最清楚 我是怎樣的人
沒人不羨慕的關係 只是沒結局的續集
為什麽太熟悉 反而變成距離
觸不到的戀人 化身摯友也像塘塞
你明知道我不會等到卻放任我等

你正全心 對待的人
輾轉找到我 勸我別再傷神
其實我真不想一一詢問
從此默不出聲 是我的責任

我們不說破的關係 很微妙卻不是愛情
容許這種維繫 是我不夠爭氣
一再追問 何其愚笨
我也清楚你是怎樣的人
蕩氣回腸 又能如何
我最不應該 還害你受困 進退不得, oh, oh

我們不討論的關係 很接近卻不是愛情
擁有無數交集 要丟棄太可惜
我演的恨 真不誠懇
你最清楚 我是怎樣的人
沒人不羨慕的關係 只是沒結局的續集
為什麽太熟悉 反而變成距離
觸不到的戀人 化身摯友也像塘塞
你明知道我不會等到 卻放任我等","想當星辰 卻像路燈
若愛一個人 切忌愛得太深
酒後傳的訊息 你別當真
我總感情用事 忘了不可能
也委屈你 長期容忍
但我們之間 該用什麽相稱
難道非要我愛 其他的人
你才心安理得 卸下了責任

我們不討論的關係 很接近卻不是愛情
擁有無數交集 要丟棄太可惜
我演的恨 真不誠懇
你最清楚 我是怎樣的人
沒人不羨慕的關係 只是沒結局的續集
為什麽太熟悉 反而變成距離
觸不到的戀人 化身摯友也像塘塞
你明知道我不會等到卻放任我等

你正全心 對待的人
輾轉找到我 勸我別再傷神
其實我真不想一一詢問
從此默不出聲 是我的責任

我們不說破的關係 很微妙卻不是愛情
容許這種維繫 是我不夠爭氣
一再追問 何其愚笨
我也清楚你是怎樣的人
蕩氣回腸 又能如何
我最不應該 還害你受困 進退不得, oh, oh

我們不討論的關係 很接近卻不是愛情
擁有無數交集 要丟棄太可惜
我演的恨 真不誠懇
你最清楚 我是怎樣的人
沒人不羨慕的關係 只是沒結局的續集
為什麽太熟悉 反而變成距離
觸不到的戀人 化身摯友也像塘塞
你明知道我不會等到 卻放任我等",zh,"Wanting to be a star, yet like a streetlamp  
If you love someone, beware of loving too deeply  
Don’t take the messages sent after drinking seriously  
I always act on emotion, forgetting what’s impossible  
And I’ve wronged you, enduring for so long  
But what measure should we use between us?  
Must I love someone else  
For you to feel at ease and lay down your responsibility?  

Our unspoken relationship, so close yet not love  
With countless intersections, it’s too precious to discard  
The hatred I feign is truly insincere  
You know best what kind of person I am  
A relationship envied by all, just a sequel without an ending  
Why does familiarity turn instead into distance?  
Lovers out of reach, transformed into close friends yet like a dam blocking flow  
You know I won’t wait, yet you let me wait  

You are wholeheartedly devoted to someone else  
Winding your way back to me, urging me not to be troubled anymore  
Honestly, I don’t want to ask one by one  
From now on, silence is my responsibility  

Our unspoken relationship, so subtle yet not love  
Allowing this kind of maintenance shows my lack of courage  
Repeatedly questioning, how foolish I am  
I also know well what kind of person you are  
Heart-wrenching as it is, what can it do?  
I shouldn’t have caused you to be trapped, unable to move forward or back, oh, oh  

Our unspoken relationship, so close yet not love  
With countless intersections, it’s too precious to discard  
The hatred I feign is truly insincere  
You know best what kind of person I am  
A relationship envied by all, just a sequel without an ending  
Why does familiarity turn instead into distance?  
Lovers out of reach, transformed into close friends yet like a dam blocking flow  
You know I won’t wait, yet you let me wait"
